"","paramMethod","SOURCE","STATION","SAMPLE_DATE","SAMPLE_TIME","paramCode","SAMPLE_ID","EventId","AGENCY","PROGRAM","DateTime","DEPTH","SAMPLE_TYPE","TIER","Matrix","QUALIFIER","VALUE","UNITS","PROBLEM","LAB","labName","detLimit","qaFlag","COMMENTS","count.x","count.y","LAYER","PROJECT","SampleAnalyticalMethodIdentifier","SubstanceIdentificationName"
"436",999,"ALLARM","ALLARM.LT6","07/01/1995","12:00:00","TDS.1","M1",893,"CMC","NTWQM",1995-07-01 12:00:00,0.1,"ISM",1,"Water",NA,340,"MG/L",NA,NA,NA,NA,2,NA,1,1,"S","PARTNTID",NA,NA
"437",999,"ALLARM","ALLARM.LT4","05/01/1995","12:00:00","TDS.1","M1",871,"CMC","NTWQM",1995-05-01 12:00:00,0.1,"ISM",1,"Water",NA,340,"MG/L",NA,NA,NA,NA,2,NA,1,1,"S","PARTNTID",NA,NA
"438",999,"ALLARM","ALLARM.LT2","03/01/1995","12:00:00","TDS.1","M1",849,"CMC","NTWQM",1995-03-01 12:00:00,0.1,"ISM",1,"Water",NA,290,"MG/L",NA,NA,NA,NA,2,NA,1,1,"S","PARTNTID",NA,NA
"439",999,"ALLARM","ALLARM.LT8","02/01/1995","12:00:00","TDS.1","M1",845,"CMC","NTWQM",1995-02-01 12:00:00,0.1,"ISM",1,"Water",NA,365,"MG/L",NA,NA,NA,NA,2,NA,1,1,"S","PARTNTID",NA,NA
"440",999,"ALLARM","ALLARM.LT1","01/01/1995","12:00:00","TDS.1","M1",828,"CMC","NTWQM",1995-01-01 12:00:00,0.1,"ISM",1,"Water",NA,320,"MG/L",NA,NA,NA,NA,2,NA,1,1,"S","PARTNTID",NA,NA
"441",999,"ALLARM","ALLARM.LT6","08/01/1995","12:00:00","TDS.1","M1",903,"CMC","NTWQM",1995-08-01 12:00:00,0.1,"ISM",1,"Water",NA,330,"MG/L",NA,NA,NA,NA,2,NA,1,1,"S","PARTNTID",NA,NA
"442",999,"ALLARM","ALLARM.LT4","06/01/1995","12:00:00","TDS.1","M1",881,"CMC","NTWQM",1995-06-01 12:00:00,0.1,"ISM",1,"Water",NA,350,"MG/L",NA,NA,NA,NA,2,NA,1,1,"S","PARTNTID",NA,NA
"443",999,"ALLARM","ALLARM.LT2","04/01/1995","12:00:00","TDS.1","M1",859,"CMC","NTWQM",1995-04-01 12:00:00,0.1,"ISM",1,"Water",NA,350,"MG/L",NA,NA,NA,NA,2,NA,1,1,"S","PARTNTID",NA,NA
"444",999,"ALLARM","ALLARM.LT8","03/01/1995","12:00:00","TDS.1","M1",855,"CMC","NTWQM",1995-03-01 12:00:00,0.1,"ISM",1,"Water",NA,420,"MG/L",NA,NA,NA,NA,2,NA,1,1,"S","PARTNTID",NA,NA
"445",999,"ALLARM","ALLARM.LT1","02/01/1995","12:00:00","TDS.1","M1",838,"CMC","NTWQM",1995-02-01 12:00:00,0.1,"ISM",1,"Water",NA,320,"MG/L",NA,NA,NA,NA,2,NA,1,1,"S","PARTNTID",NA,NA
"446",999,"ALLARM","ALLARM.LT6","09/01/1995","12:00:00","TDS.1","M1",913,"CMC","NTWQM",1995-09-01 12:00:00,0.1,"ISM",1,"Water",NA,320,"MG/L",NA,NA,NA,NA,2,NA,1,1,"S","PARTNTID",NA,NA
"447",999,"ALLARM","ALLARM.LT4","07/01/1995","12:00:00","TDS.1","M1",891,"CMC","NTWQM",1995-07-01 12:00:00,0.1,"ISM",1,"Water",NA,330,"MG/L",NA,NA,NA,NA,2,NA,1,1,"S","PARTNTID",NA,NA
"448",999,"ALLARM","ALLARM.LT2","05/01/1995","12:00:00","TDS.1","M1",869,"CMC","NTWQM",1995-05-01 12:00:00,0.1,"ISM",1,"Water",NA,310,"MG/L",NA,NA,NA,NA,2,NA,1,1,"S","PARTNTID",NA,NA
"449",999,"ALLARM","ALLARM.LT8","04/01/1995","12:00:00","TDS.1","M1",865,"CMC","NTWQM",1995-04-01 12:00:00,0.1,"ISM",1,"Water",NA,400,"MG/L",NA,NA,NA,NA,2,NA,1,1,"S","PARTNTID",NA,NA
"450",999,"ALLARM","ALLARM.LT1","03/01/1995","12:00:00","TDS.1","M1",848,"CMC","NTWQM",1995-03-01 12:00:00,0.1,"ISM",1,"Water",NA,340,"MG/L",NA,NA,NA,NA,2,NA,1,1,"S","PARTNTID",NA,NA
"451",999,"ALLARM","ALLARM.LT6","10/01/1995","12:00:00","TDS.1","M1",923,"CMC","NTWQM",1995-10-01 12:00:00,0.1,"ISM",1,"Water",NA,310,"MG/L",NA,NA,NA,NA,2,NA,1,1,"S","PARTNTID",NA,NA
"452",999,"ALLARM","ALLARM.LT4","08/01/1995","12:00:00","TDS.1","M1",901,"CMC","NTWQM",1995-08-01 12:00:00,0.1,"ISM",1,"Water",NA,320,"MG/L",NA,NA,NA,NA,2,NA,1,1,"S","PARTNTID",NA,NA
"453",999,"ALLARM","ALLARM.LT2","06/01/1995","12:00:00","TDS.1","M1",879,"CMC","NTWQM",1995-06-01 12:00:00,0.1,"ISM",1,"Water",NA,300,"MG/L",NA,NA,NA,NA,2,NA,1,1,"S","PARTNTID",NA,NA
"454",999,"ALLARM","ALLARM.LT8","05/01/1995","12:00:00","TDS.1","M1",875,"CMC","NTWQM",1995-05-01 12:00:00,0.1,"ISM",1,"Water",NA,350,"MG/L",NA,NA,NA,NA,2,NA,1,1,"S","PARTNTID",NA,NA
"455",999,"ALLARM","ALLARM.LT1","04/01/1995","12:00:00","TDS.1","M1",858,"CMC","NTWQM",1995-04-01 12:00:00,0.1,"ISM",1,"Water",NA,310,"MG/L",NA,NA,NA,NA,2,NA,1,1,"S","PARTNTID",NA,NA
"456",999,"ALLARM","ALLARM.LT9","11/01/1995","12:00:00","TDS.1","M1",936,"CMC","NTWQM",1995-11-01 12:00:00,0.1,"ISM",1,"Water",NA,320,"MG/L",NA,NA,NA,NA,2,NA,1,1,"S","PARTNTID",NA,NA
"457",999,"ALLARM","ALLARM.LT4","09/01/1995","12:00:00","TDS.1","M1",911,"CMC","NTWQM",1995-09-01 12:00:00,0.1,"ISM",1,"Water",NA,310,"MG/L",NA,NA,NA,NA,2,NA,1,1,"S","PARTNTID",NA,NA
"458",999,"ALLARM","ALLARM.LT2","07/01/1995","12:00:00","TDS.1","M1",889,"CMC","NTWQM",1995-07-01 12:00:00,0.1,"ISM",1,"Water",NA,320,"MG/L",NA,NA,NA,NA,2,NA,1,1,"S","PARTNTID",NA,NA
"459",999,"ALLARM","ALLARM.LT8","06/01/1995","12:00:00","TDS.1","M1",885,"CMC","NTWQM",1995-06-01 12:00:00,0.1,"ISM",1,"Water",NA,360,"MG/L",NA,NA,NA,NA,2,NA,1,1,"S","PARTNTID",NA,NA
"460",999,"ALLARM","ALLARM.LT1","05/01/1995","12:00:00","TDS.1","M1",868,"CMC","NTWQM",1995-05-01 12:00:00,0.1,"ISM",1,"Water",NA,300,"MG/L",NA,NA,NA,NA,2,NA,1,1,"S","PARTNTID",NA,NA
"461",999,"ALLARM","ALLARM.LT7","01/01/1995","12:00:00","TDS.1","M1",834,"CMC","NTWQM",1995-01-01 12:00:00,0.1,"ISM",1,"Water",NA,365,"MG/L",NA,NA,NA,NA,2,NA,1,1,"S","PARTNTID",NA,NA
"462",999,"ALLARM","ALLARM.LT4","10/01/1995","12:00:00","TDS.1","M1",921,"CMC","NTWQM",1995-10-01 12:00:00,0.1,"ISM",1,"Water",NA,320,"MG/L",NA,NA,NA,NA,2,NA,1,1,"S","PARTNTID",NA,NA
"463",999,"ALLARM","ALLARM.LT2","08/01/1995","12:00:00","TDS.1","M1",899,"CMC","NTWQM",1995-08-01 12:00:00,0.1,"ISM",1,"Water",NA,310,"MG/L",NA,NA,NA,NA,2,NA,1,1,"S","PARTNTID",NA,NA
"464",999,"ALLARM","ALLARM.LT10","11/01/1995","12:00:00","TDS.1","M1",937,"CMC","NTWQM",1995-11-01 12:00:00,0.1,"ISM",1,"Water",NA,380,"MG/L",NA,NA,NA,NA,2,NA,1,1,"S","PARTNTID",NA,NA
"465",999,"ALLARM","ALLARM.LT1","06/01/1995","12:00:00","TDS.1","M1",878,"CMC","NTWQM",1995-06-01 12:00:00,0.1,"ISM",1,"Water",NA,290,"MG/L",NA,NA,NA,NA,2,NA,1,1,"S","PARTNTID",NA,NA
"466",999,"ALLARM","ALLARM.LT7","02/01/1995","12:00:00","TDS.1","M1",844,"CMC","NTWQM",1995-02-01 12:00:00,0.1,"ISM",1,"Water",NA,370,"MG/L",NA,NA,NA,NA,2,NA,1,1,"S","PARTNTID",NA,NA
"467",999,"ALLARM","ALLARM.LT4","11/01/1995","12:00:00","TDS.1","M1",931,"CMC","NTWQM",1995-11-01 12:00:00,0.1,"ISM",1,"Water",NA,315,"MG/L",NA,NA,NA,NA,2,NA,1,1,"S","PARTNTID",NA,NA
"468",999,"ALLARM","ALLARM.LT2","09/01/1995","12:00:00","TDS.1","M1",909,"CMC","NTWQM",1995-09-01 12:00:00,0.1,"ISM",1,"Water",NA,320,"MG/L",NA,NA,NA,NA,2,NA,1,1,"S","PARTNTID",NA,NA
"469",999,"ALLARM","ALLARM.LT7","11/01/1995","12:00:00","TDS.1","M1",934,"CMC","NTWQM",1995-11-01 12:00:00,0.1,"ISM",1,"Water",NA,325,"MG/L",NA,NA,NA,NA,2,NA,1,1,"S","PARTNTID",NA,NA
"470",999,"ALLARM","ALLARM.LT1","07/01/1995","12:00:00","TDS.1","M1",888,"CMC","NTWQM",1995-07-01 12:00:00,0.1,"ISM",1,"Water",NA,300,"MG/L",NA,NA,NA,NA,2,NA,1,1,"S","PARTNTID",NA,NA
"471",999,"ALLARM","ALLARM.LT7","03/01/1995","12:00:00","TDS.1","M1",854,"CMC","NTWQM",1995-03-01 12:00:00,0.1,"ISM",1,"Water",NA,410,"MG/L",NA,NA,NA,NA,2,NA,1,1,"S","PARTNTID",NA,NA
"472",999,"ALLARM","ALLARM.LT5","01/01/1995","12:00:00","TDS.1","M1",832,"CMC","NTWQM",1995-01-01 12:00:00,0.1,"ISM",1,"Water",NA,365,"MG/L",NA,NA,NA,NA,2,NA,1,1,"S","PARTNTID",NA,NA
"473",999,"ALLARM","ALLARM.LT2","10/01/1995","12:00:00","TDS.1","M1",919,"CMC","NTWQM",1995-10-01 12:00:00,0.1,"ISM",1,"Water",NA,320,"MG/L",NA,NA,NA,NA,2,NA,1,1,"S","PARTNTID",NA,NA
"474",999,"ALLARM","ALLARM.LT8","01/01/1995","12:00:00","TDS.1","M1",835,"CMC","NTWQM",1995-01-01 12:00:00,0.1,"ISM",1,"Water",NA,360,"MG/L",NA,NA,NA,NA,2,NA,1,1,"S","PARTNTID",NA,NA
"475",999,"ALLARM","ALLARM.LT1","08/01/1995","12:00:00","TDS.1","M1",898,"CMC","NTWQM",1995-08-01 12:00:00,0.1,"ISM",1,"Water",NA,300,"MG/L",NA,NA,NA,NA,2,NA,1,1,"S","PARTNTID",NA,NA
"476",999,"ALLARM","ALLARM.LT7","04/01/1995","12:00:00","TDS.1","M1",864,"CMC","NTWQM",1995-04-01 12:00:00,0.1,"ISM",1,"Water",NA,370,"MG/L",NA,NA,NA,NA,2,NA,1,1,"S","PARTNTID",NA,NA
"477",999,"ALLARM","ALLARM.LT5","02/01/1995","12:00:00","TDS.1","M1",842,"CMC","NTWQM",1995-02-01 12:00:00,0.1,"ISM",1,"Water",NA,360,"MG/L",NA,NA,NA,NA,2,NA,1,1,"S","PARTNTID",NA,NA
"478",999,"ALLARM","ALLARM.LT2","11/01/1995","12:00:00","TDS.1","M1",929,"CMC","NTWQM",1995-11-01 12:00:00,0.1,"ISM",1,"Water",NA,310,"MG/L",NA,NA,NA,NA,2,NA,1,1,"S","PARTNTID",NA,NA
"479",999,"ALLARM","ALLARM.LT8","10/01/1995","12:00:00","TDS.1","M1",925,"CMC","NTWQM",1995-10-01 12:00:00,0.1,"ISM",1,"Water",NA,340,"MG/L",NA,NA,NA,NA,2,NA,1,1,"S","PARTNTID",NA,NA
"480",999,"ALLARM","ALLARM.LT1","09/01/1995","12:00:00","TDS.1","M1",908,"CMC","NTWQM",1995-09-01 12:00:00,0.1,"ISM",1,"Water",NA,310,"MG/L",NA,NA,NA,NA,2,NA,1,1,"S","PARTNTID",NA,NA
"481",999,"ALLARM","ALLARM.LT7","05/01/1995","12:00:00","TDS.1","M1",874,"CMC","NTWQM",1995-05-01 12:00:00,0.1,"ISM",1,"Water",NA,360,"MG/L",NA,NA,NA,NA,2,NA,1,1,"S","PARTNTID",NA,NA
"482",999,"ALLARM","ALLARM.LT5","03/01/1995","12:00:00","TDS.1","M1",852,"CMC","NTWQM",1995-03-01 12:00:00,0.1,"ISM",1,"Water",NA,390,"MG/L",NA,NA,NA,NA,2,NA,1,1,"S","PARTNTID",NA,NA
"483",999,"ALLARM","ALLARM.LT3","01/01/1995","12:00:00","TDS.1","M1",830,"CMC","NTWQM",1995-01-01 12:00:00,0.1,"ISM",1,"Water",NA,340,"MG/L",NA,NA,NA,NA,2,NA,1,1,"S","PARTNTID",NA,NA
"484",999,"ALLARM","ALLARM.LT5","06/01/1995","12:00:00","TDS.1","M1",882,"CMC","NTWQM",1995-06-01 12:00:00,0.1,"ISM",1,"Water",NA,350,"MG/L",NA,NA,NA,NA,2,NA,1,1,"S","PARTNTID",NA,NA
"485",999,"ALLARM","ALLARM.LT1","10/01/1995","12:00:00","TDS.1","M1",918,"CMC","NTWQM",1995-10-01 12:00:00,0.1,"ISM",1,"Water",NA,320,"MG/L",NA,NA,NA,NA,2,NA,1,1,"S","PARTNTID",NA,NA
"486",999,"ALLARM","ALLARM.LT7","06/01/1995","12:00:00","TDS.1","M1",884,"CMC","NTWQM",1995-06-01 12:00:00,0.1,"ISM",1,"Water",NA,350,"MG/L",NA,NA,NA,NA,2,NA,1,1,"S","PARTNTID",NA,NA
"487",999,"ALLARM","ALLARM.LT5","04/01/1995","12:00:00","TDS.1","M1",862,"CMC","NTWQM",1995-04-01 12:00:00,0.1,"ISM",1,"Water",NA,380,"MG/L",NA,NA,NA,NA,2,NA,1,1,"S","PARTNTID",NA,NA
"488",999,"ALLARM","ALLARM.LT3","02/01/1995","12:00:00","TDS.1","M1",840,"CMC","NTWQM",1995-02-01 12:00:00,0.1,"ISM",1,"Water",NA,335,"MG/L",NA,NA,NA,NA,2,NA,1,1,"S","PARTNTID",NA,NA
"489",999,"ALLARM","ALLARM.LT5","07/01/1995","12:00:00","TDS.1","M1",892,"CMC","NTWQM",1995-07-01 12:00:00,0.1,"ISM",1,"Water",NA,340,"MG/L",NA,NA,NA,NA,2,NA,1,1,"S","PARTNTID",NA,NA
"490",999,"ALLARM","ALLARM.LT1","11/01/1995","12:00:00","TDS.1","M1",928,"CMC","NTWQM",1995-11-01 12:00:00,0.1,"ISM",1,"Water",NA,310,"MG/L",NA,NA,NA,NA,2,NA,1,1,"S","PARTNTID",NA,NA
"491",999,"ALLARM","ALLARM.LT7","07/01/1995","12:00:00","TDS.1","M1",894,"CMC","NTWQM",1995-07-01 12:00:00,0.1,"ISM",1,"Water",NA,340,"MG/L",NA,NA,NA,NA,2,NA,1,1,"S","PARTNTID",NA,NA
"492",999,"ALLARM","ALLARM.LT5","05/01/1995","12:00:00","TDS.1","M1",872,"CMC","NTWQM",1995-05-01 12:00:00,0.1,"ISM",1,"Water",NA,360,"MG/L",NA,NA,NA,NA,2,NA,1,1,"S","PARTNTID",NA,NA
"493",999,"ALLARM","ALLARM.LT3","03/01/1995","12:00:00","TDS.1","M1",850,"CMC","NTWQM",1995-03-01 12:00:00,0.1,"ISM",1,"Water",NA,370,"MG/L",NA,NA,NA,NA,2,NA,1,1,"S","PARTNTID",NA,NA
"494",999,"ALLARM","ALLARM.LT5","08/01/1995","12:00:00","TDS.1","M1",902,"CMC","NTWQM",1995-08-01 12:00:00,0.1,"ISM",1,"Water",NA,330,"MG/L",NA,NA,NA,NA,2,NA,1,1,"S","PARTNTID",NA,NA
"495",999,"ALLARM","ALLARM.LT10","01/01/1995","12:00:00","TDS.1","M1",837,"CMC","NTWQM",1995-01-01 12:00:00,0.1,"ISM",1,"Water",NA,380,"MG/L",NA,NA,NA,NA,2,NA,1,1,"S","PARTNTID",NA,NA
"496",999,"ALLARM","ALLARM.LT6","11/01/1995","12:00:00","TDS.1","M1",933,"CMC","NTWQM",1995-11-01 12:00:00,0.1,"ISM",1,"Water",NA,320,"MG/L",NA,NA,NA,NA,2,NA,1,1,"S","PARTNTID",NA,NA
"497",999,"ALLARM","ALLARM.LT10","04/01/1995","12:00:00","TDS.1","M1",867,"CMC","NTWQM",1995-04-01 12:00:00,0.1,"ISM",1,"Water",NA,440,"MG/L",NA,NA,NA,NA,2,NA,1,1,"S","PARTNTID",NA,NA
"498",999,"ALLARM","ALLARM.LT3","04/01/1995","12:00:00","TDS.1","M1",860,"CMC","NTWQM",1995-04-01 12:00:00,0.1,"ISM",1,"Water",NA,330,"MG/L",NA,NA,NA,NA,2,NA,1,1,"S","PARTNTID",NA,NA
"499",999,"ALLARM","ALLARM.LT5","09/01/1995","12:00:00","TDS.1","M1",912,"CMC","NTWQM",1995-09-01 12:00:00,0.1,"ISM",1,"Water",NA,320,"MG/L",NA,NA,NA,NA,2,NA,1,1,"S","PARTNTID",NA,NA
"500",999,"ALLARM","ALLARM.LT10","02/01/1995","12:00:00","TDS.1","M1",847,"CMC","NTWQM",1995-02-01 12:00:00,0.1,"ISM",1,"Water",NA,385,"MG/L",NA,NA,NA,NA,2,NA,1,1,"S","PARTNTID",NA,NA
"501",999,"ALLARM","ALLARM.LT7","09/01/1995","12:00:00","TDS.1","M1",914,"CMC","NTWQM",1995-09-01 12:00:00,0.1,"ISM",1,"Water",NA,330,"MG/L",NA,NA,NA,NA,2,NA,1,1,"S","PARTNTID",NA,NA
"502",999,"ALLARM","ALLARM.LT10","05/01/1995","12:00:00","TDS.1","M1",877,"CMC","NTWQM",1995-05-01 12:00:00,0.1,"ISM",1,"Water",NA,350,"MG/L",NA,NA,NA,NA,2,NA,1,1,"S","PARTNTID",NA,NA
"503",999,"ALLARM","ALLARM.LT3","05/01/1995","12:00:00","TDS.1","M1",870,"CMC","NTWQM",1995-05-01 12:00:00,0.1,"ISM",1,"Water",NA,320,"MG/L",NA,NA,NA,NA,2,NA,1,1,"S","PARTNTID",NA,NA
"504",999,"ALLARM","ALLARM.LT5","10/01/1995","12:00:00","TDS.1","M1",922,"CMC","NTWQM",1995-10-01 12:00:00,0.1,"ISM",1,"Water",NA,330,"MG/L",NA,NA,NA,NA,2,NA,1,1,"S","PARTNTID",NA,NA
"505",999,"ALLARM","ALLARM.LT10","03/01/1995","12:00:00","TDS.1","M1",857,"CMC","NTWQM",1995-03-01 12:00:00,0.1,"ISM",1,"Water",NA,450,"MG/L",NA,NA,NA,NA,2,NA,1,1,"S","PARTNTID",NA,NA
"506",999,"ALLARM","ALLARM.LT7","10/01/1995","12:00:00","TDS.1","M1",924,"CMC","NTWQM",1995-10-01 12:00:00,0.1,"ISM",1,"Water",NA,330,"MG/L",NA,NA,NA,NA,2,NA,1,1,"S","PARTNTID",NA,NA
"507",999,"ALLARM","ALLARM.LT10","06/01/1995","12:00:00","TDS.1","M1",887,"CMC","NTWQM",1995-06-01 12:00:00,0.1,"ISM",1,"Water",NA,400,"MG/L",NA,NA,NA,NA,2,NA,1,1,"S","PARTNTID",NA,NA
"508",999,"ALLARM","ALLARM.LT3","06/01/1995","12:00:00","TDS.1","M1",880,"CMC","NTWQM",1995-06-01 12:00:00,0.1,"ISM",1,"Water",NA,305,"MG/L",NA,NA,NA,NA,2,NA,1,1,"S","PARTNTID",NA,NA
"509",999,"ALLARM","ALLARM.LT2","01/01/1995","12:00:00","TDS.1","M1",829,"CMC","NTWQM",1995-01-01 12:00:00,0.1,"ISM",1,"Water",NA,330,"MG/L",NA,NA,NA,NA,2,NA,1,1,"S","PARTNTID",NA,NA
"510",999,"ALLARM","ALLARM.LT3","09/01/1995","12:00:00","TDS.1","M1",910,"CMC","NTWQM",1995-09-01 12:00:00,0.1,"ISM",1,"Water",NA,320,"MG/L",NA,NA,NA,NA,2,NA,1,1,"S","PARTNTID",NA,NA
"511",999,"ALLARM","ALLARM.LT6","03/01/1995","12:00:00","TDS.1","M1",853,"CMC","NTWQM",1995-03-01 12:00:00,0.1,"ISM",1,"Water",NA,390,"MG/L",NA,NA,NA,NA,2,NA,1,1,"S","PARTNTID",NA,NA
"512",999,"ALLARM","ALLARM.LT10","07/01/1995","12:00:00","TDS.1","M1",897,"CMC","NTWQM",1995-07-01 12:00:00,0.1,"ISM",1,"Water",NA,390,"MG/L",NA,NA,NA,NA,2,NA,1,1,"S","PARTNTID",NA,NA
"513",999,"ALLARM","ALLARM.LT3","07/01/1995","12:00:00","TDS.1","M1",890,"CMC","NTWQM",1995-07-01 12:00:00,0.1,"ISM",1,"Water",NA,310,"MG/L",NA,NA,NA,NA,2,NA,1,1,"S","PARTNTID",NA,NA
"514",999,"ALLARM","ALLARM.LT2","02/01/1995","12:00:00","TDS.1","M1",839,"CMC","NTWQM",1995-02-01 12:00:00,0.1,"ISM",1,"Water",NA,340,"MG/L",NA,NA,NA,NA,2,NA,1,1,"S","PARTNTID",NA,NA
"515",999,"ALLARM","ALLARM.LT3","10/01/1995","12:00:00","TDS.1","M1",920,"CMC","NTWQM",1995-10-01 12:00:00,0.1,"ISM",1,"Water",NA,310,"MG/L",NA,NA,NA,NA,2,NA,1,1,"S","PARTNTID",NA,NA
"516",999,"ALLARM","ALLARM.LT6","04/01/1995","12:00:00","TDS.1","M1",863,"CMC","NTWQM",1995-04-01 12:00:00,0.1,"ISM",1,"Water",NA,360,"MG/L",NA,NA,NA,NA,2,NA,1,1,"S","PARTNTID",NA,NA
"517",999,"ALLARM","ALLARM.LT10","08/01/1995","12:00:00","TDS.1","M1",907,"CMC","NTWQM",1995-08-01 12:00:00,0.1,"ISM",1,"Water",NA,400,"MG/L",NA,NA,NA,NA,2,NA,1,1,"S","PARTNTID",NA,NA
"518",999,"ALLARM","ALLARM.LT3","08/01/1995","12:00:00","TDS.1","M1",900,"CMC","NTWQM",1995-08-01 12:00:00,0.1,"ISM",1,"Water",NA,310,"MG/L",NA,NA,NA,NA,2,NA,1,1,"S","PARTNTID",NA,NA
"519",999,"ALLARM","ALLARM.LT6","02/01/1995","12:00:00","TDS.1","M1",843,"CMC","NTWQM",1995-02-01 12:00:00,0.1,"ISM",1,"Water",NA,350,"MG/L",NA,NA,NA,NA,2,NA,1,1,"S","PARTNTID",NA,NA
"520",999,"ALLARM","ALLARM.LT3","11/01/1995","12:00:00","TDS.1","M1",930,"CMC","NTWQM",1995-11-01 12:00:00,0.1,"ISM",1,"Water",NA,320,"MG/L",NA,NA,NA,NA,2,NA,1,1,"S","PARTNTID",NA,NA
"521",999,"ALLARM","ALLARM.LT6","05/01/1995","12:00:00","TDS.1","M1",873,"CMC","NTWQM",1995-05-01 12:00:00,0.1,"ISM",1,"Water",NA,350,"MG/L",NA,NA,NA,NA,2,NA,1,1,"S","PARTNTID",NA,NA
"522",999,"ALLARM","ALLARM.LT5","11/01/1995","12:00:00","TDS.1","M1",932,"CMC","NTWQM",1995-11-01 12:00:00,0.1,"ISM",1,"Water",NA,320,"MG/L",NA,NA,NA,NA,2,NA,1,1,"S","PARTNTID",NA,NA
"523",999,"ALLARM","ALLARM.LT7","08/01/1995","12:00:00","TDS.1","M1",904,"CMC","NTWQM",1995-08-01 12:00:00,0.1,"ISM",1,"Water",NA,350,"MG/L",NA,NA,NA,NA,2,NA,1,1,"S","PARTNTID",NA,NA
"524",999,"ALLARM","ALLARM.LT8","08/01/1995","12:00:00","TDS.1","M1",905,"CMC","NTWQM",1995-08-01 12:00:00,0.1,"ISM",1,"Water",NA,340,"MG/L",NA,NA,NA,NA,2,NA,1,1,"S","PARTNTID",NA,NA
"525",999,"ALLARM","ALLARM.LT4","01/01/1995","12:00:00","TDS.1","M1",831,"CMC","NTWQM",1995-01-01 12:00:00,0.1,"ISM",1,"Water",NA,350,"MG/L",NA,NA,NA,NA,2,NA,1,1,"S","PARTNTID",NA,NA
"526",999,"ALLARM","ALLARM.LT6","06/01/1995","12:00:00","TDS.1","M1",883,"CMC","NTWQM",1995-06-01 12:00:00,0.1,"ISM",1,"Water",NA,340,"MG/L",NA,NA,NA,NA,2,NA,1,1,"S","PARTNTID",NA,NA
"527",999,"ALLARM","ALLARM.LT6","01/01/1995","12:00:00","TDS.1","M1",833,"CMC","NTWQM",1995-01-01 12:00:00,0.1,"ISM",1,"Water",NA,360,"MG/L",NA,NA,NA,NA,2,NA,1,1,"S","PARTNTID",NA,NA
"528",999,"ALLARM","ALLARM.LT9","06/01/1995","12:00:00","TDS.1","M1",886,"CMC","NTWQM",1995-06-01 12:00:00,0.1,"ISM",1,"Water",NA,380,"MG/L",NA,NA,NA,NA,2,NA,1,1,"S","PARTNTID",NA,NA
"529",999,"ALLARM","ALLARM.LT8","09/01/1995","12:00:00","TDS.1","M1",915,"CMC","NTWQM",1995-09-01 12:00:00,0.1,"ISM",1,"Water",NA,320,"MG/L",NA,NA,NA,NA,2,NA,1,1,"S","PARTNTID",NA,NA
"530",999,"ALLARM","ALLARM.LT4","02/01/1995","12:00:00","TDS.1","M1",841,"CMC","NTWQM",1995-02-01 12:00:00,0.1,"ISM",1,"Water",NA,345,"MG/L",NA,NA,NA,NA,2,NA,1,1,"S","PARTNTID",NA,NA
"531",999,"ALLARM","ALLARM.LT9","04/01/1995","12:00:00","TDS.1","M1",866,"CMC","NTWQM",1995-04-01 12:00:00,0.1,"ISM",1,"Water",NA,400,"MG/L",NA,NA,NA,NA,2,NA,1,1,"S","PARTNTID",NA,NA
"532",999,"ALLARM","ALLARM.LT8","07/01/1995","12:00:00","TDS.1","M1",895,"CMC","NTWQM",1995-07-01 12:00:00,0.1,"ISM",1,"Water",NA,350,"MG/L",NA,NA,NA,NA,2,NA,1,1,"S","PARTNTID",NA,NA
"533",999,"ALLARM","ALLARM.LT8","11/01/1995","12:00:00","TDS.1","M1",935,"CMC","NTWQM",1995-11-01 12:00:00,0.1,"ISM",1,"Water",NA,330,"MG/L",NA,NA,NA,NA,2,NA,1,1,"S","PARTNTID",NA,NA
"534",999,"ALLARM","ALLARM.LT9","02/01/1995","12:00:00","TDS.1","M1",846,"CMC","NTWQM",1995-02-01 12:00:00,0.1,"ISM",1,"Water",NA,360,"MG/L",NA,NA,NA,NA,2,NA,1,1,"S","PARTNTID",NA,NA
"535",999,"ALLARM","ALLARM.LT10","09/01/1995","12:00:00","TDS.1","M1",917,"CMC","NTWQM",1995-09-01 12:00:00,0.1,"ISM",1,"Water",NA,390,"MG/L",NA,NA,NA,NA,2,NA,1,1,"S","PARTNTID",NA,NA
"536",999,"ALLARM","ALLARM.LT9","05/01/1995","12:00:00","TDS.1","M1",876,"CMC","NTWQM",1995-05-01 12:00:00,0.1,"ISM",1,"Water",NA,390,"MG/L",NA,NA,NA,NA,2,NA,1,1,"S","PARTNTID",NA,NA
"537",999,"ALLARM","ALLARM.LT9","07/01/1995","12:00:00","TDS.1","M1",896,"CMC","NTWQM",1995-07-01 12:00:00,0.1,"ISM",1,"Water",NA,370,"MG/L",NA,NA,NA,NA,2,NA,1,1,"S","PARTNTID",NA,NA
"538",999,"ALLARM","ALLARM.LT9","08/01/1995","12:00:00","TDS.1","M1",906,"CMC","NTWQM",1995-08-01 12:00:00,0.1,"ISM",1,"Water",NA,350,"MG/L",NA,NA,NA,NA,2,NA,1,1,"S","PARTNTID",NA,NA
"539",999,"ALLARM","ALLARM.LT9","03/01/1995","12:00:00","TDS.1","M1",856,"CMC","NTWQM",1995-03-01 12:00:00,0.1,"ISM",1,"Water",NA,430,"MG/L",NA,NA,NA,NA,2,NA,1,1,"S","PARTNTID",NA,NA
"540",999,"ALLARM","ALLARM.LT10","10/01/1995","12:00:00","TDS.1","M1",927,"CMC","NTWQM",1995-10-01 12:00:00,0.1,"ISM",1,"Water",NA,400,"MG/L",NA,NA,NA,NA,2,NA,1,1,"S","PARTNTID",NA,NA
"541",999,"ALLARM","ALLARM.LT4","04/01/1995","12:00:00","TDS.1","M1",861,"CMC","NTWQM",1995-04-01 12:00:00,0.1,"ISM",1,"Water",NA,360,"MG/L",NA,NA,NA,NA,2,NA,1,1,"S","PARTNTID",NA,NA
"542",999,"ALLARM","ALLARM.LT9","01/01/1995","12:00:00","TDS.1","M1",836,"CMC","NTWQM",1995-01-01 12:00:00,0.1,"ISM",1,"Water",NA,370,"MG/L",NA,NA,NA,NA,2,NA,1,1,"S","PARTNTID",NA,NA
"543",999,"ALLARM","ALLARM.LT9","09/01/1995","12:00:00","TDS.1","M1",916,"CMC","NTWQM",1995-09-01 12:00:00,0.1,"ISM",1,"Water",NA,360,"MG/L",NA,NA,NA,NA,2,NA,1,1,"S","PARTNTID",NA,NA
"544",999,"ALLARM","ALLARM.LT4","03/01/1995","12:00:00","TDS.1","M1",851,"CMC","NTWQM",1995-03-01 12:00:00,0.1,"ISM",1,"Water",NA,370,"MG/L",NA,NA,NA,NA,2,NA,1,1,"S","PARTNTID",NA,NA
"545",999,"ALLARM","ALLARM.LT9","10/01/1995","12:00:00","TDS.1","M1",926,"CMC","NTWQM",1995-10-01 12:00:00,0.1,"ISM",1,"Water",NA,340,"MG/L",NA,NA,NA,NA,2,NA,1,1,"S","PARTNTID",NA,NA
