"","paramMethod","SOURCE","STATION","SAMPLE_DATE","SAMPLE_TIME","paramCode","SAMPLE_ID","EventId","AGENCY","PROGRAM","DateTime","DEPTH","SAMPLE_TYPE","TIER","Matrix","QUALIFIER","VALUE","UNITS","PROBLEM","LAB","labName","detLimit","qaFlag","COMMENTS","count.x","count.y","LAYER","PROJECT","SampleAnalyticalMethodIdentifier","SubstanceIdentificationName"
"101",999,"ALLARM","ALLARM.LT3","11/01/1992","12:00:00","TDS.1","M1",580,"CMC","NTWQM",1992-11-01 12:00:00,0.1,"ISM",1,"Water",NA,285,"MG/L",NA,NA,NA,NA,2,NA,1,1,"S","PARTNTID",NA,NA
"102",999,"ALLARM","ALLARM.LT7","12/01/1992","12:00:00","TDS.1","M1",594,"CMC","NTWQM",1992-12-01 12:00:00,0.1,"ISM",1,"Water",NA,397,"MG/L",NA,NA,NA,NA,2,NA,1,1,"S","PARTNTID",NA,NA
"103",999,"ALLARM","ALLARM.LT6","12/01/1992","12:00:00","TDS.1","M1",593,"CMC","NTWQM",1992-12-01 12:00:00,0.1,"ISM",1,"Water",NA,377,"MG/L",NA,NA,NA,NA,2,NA,1,1,"S","PARTNTID",NA,NA
"104",999,"ALLARM","ALLARM.LT10","11/01/1992","12:00:00","TDS.1","M1",587,"CMC","NTWQM",1992-11-01 12:00:00,0.1,"ISM",1,"Water",NA,360,"MG/L",NA,NA,NA,NA,2,NA,1,1,"S","PARTNTID",NA,NA
"105",999,"ALLARM","ALLARM.LT1","11/01/1992","12:00:00","TDS.1","M1",578,"CMC","NTWQM",1992-11-01 12:00:00,0.1,"ISM",1,"Water",NA,365,"MG/L",NA,NA,NA,NA,2,NA,1,1,"S","PARTNTID",NA,NA
"106",999,"ALLARM","ALLARM.LT4","12/01/1992","12:00:00","TDS.1","M1",591,"CMC","NTWQM",1992-12-01 12:00:00,0.1,"ISM",1,"Water",NA,373,"MG/L",NA,NA,NA,NA,2,NA,1,1,"S","PARTNTID",NA,NA
"107",999,"ALLARM","ALLARM.LT3","12/01/1992","12:00:00","TDS.1","M1",590,"CMC","NTWQM",1992-12-01 12:00:00,0.1,"ISM",1,"Water",NA,273,"MG/L",NA,NA,NA,NA,2,NA,1,1,"S","PARTNTID",NA,NA
"108",999,"ALLARM","ALLARM.LT8","11/01/1992","12:00:00","TDS.1","M1",585,"CMC","NTWQM",1992-11-01 12:00:00,0.1,"ISM",1,"Water",NA,390,"MG/L",NA,NA,NA,NA,2,NA,1,1,"S","PARTNTID",NA,NA
"109",999,"ALLARM","ALLARM.LT7","11/01/1992","12:00:00","TDS.1","M1",584,"CMC","NTWQM",1992-11-01 12:00:00,0.1,"ISM",1,"Water",NA,350,"MG/L",NA,NA,NA,NA,2,NA,1,1,"S","PARTNTID",NA,NA
"110",999,"ALLARM","ALLARM.LT10","12/01/1992","12:00:00","TDS.1","M1",597,"CMC","NTWQM",1992-12-01 12:00:00,0.1,"ISM",1,"Water",NA,442,"MG/L",NA,NA,NA,NA,2,NA,1,1,"S","PARTNTID",NA,NA
"111",999,"ALLARM","ALLARM.LT1","12/01/1992","12:00:00","TDS.1","M1",588,"CMC","NTWQM",1992-12-01 12:00:00,0.1,"ISM",1,"Water",NA,350,"MG/L",NA,NA,NA,NA,2,NA,1,1,"S","PARTNTID",NA,NA
"112",999,"ALLARM","ALLARM.LT5","11/01/1992","12:00:00","TDS.1","M1",582,"CMC","NTWQM",1992-11-01 12:00:00,0.1,"ISM",1,"Water",NA,315,"MG/L",NA,NA,NA,NA,2,NA,1,1,"S","PARTNTID",NA,NA
"113",999,"ALLARM","ALLARM.LT4","11/01/1992","12:00:00","TDS.1","M1",581,"CMC","NTWQM",1992-11-01 12:00:00,0.1,"ISM",1,"Water",NA,330,"MG/L",NA,NA,NA,NA,2,NA,1,1,"S","PARTNTID",NA,NA
"114",999,"ALLARM","ALLARM.LT8","12/01/1992","12:00:00","TDS.1","M1",595,"CMC","NTWQM",1992-12-01 12:00:00,0.1,"ISM",1,"Water",NA,440,"MG/L",NA,NA,NA,NA,2,NA,1,1,"S","PARTNTID",NA,NA
"115",999,"ALLARM","ALLARM.LT2","11/01/1992","12:00:00","TDS.1","M1",579,"CMC","NTWQM",1992-11-01 12:00:00,0.1,"ISM",1,"Water",NA,345,"MG/L",NA,NA,NA,NA,2,NA,1,1,"S","PARTNTID",NA,NA
"116",999,"ALLARM","ALLARM.LT5","12/01/1992","12:00:00","TDS.1","M1",592,"CMC","NTWQM",1992-12-01 12:00:00,0.1,"ISM",1,"Water",NA,377,"MG/L",NA,NA,NA,NA,2,NA,1,1,"S","PARTNTID",NA,NA
"117",999,"ALLARM","ALLARM.LT9","11/01/1992","12:00:00","TDS.1","M1",586,"CMC","NTWQM",1992-11-01 12:00:00,0.1,"ISM",1,"Water",NA,350,"MG/L",NA,NA,NA,NA,2,NA,1,1,"S","PARTNTID",NA,NA
"118",999,"ALLARM","ALLARM.LT2","12/01/1992","12:00:00","TDS.1","M1",589,"CMC","NTWQM",1992-12-01 12:00:00,0.1,"ISM",1,"Water",NA,293,"MG/L",NA,NA,NA,NA,2,NA,1,1,"S","PARTNTID",NA,NA
"119",999,"ALLARM","ALLARM.LT6","11/01/1992","12:00:00","TDS.1","M1",583,"CMC","NTWQM",1992-11-01 12:00:00,0.1,"ISM",1,"Water",NA,312,"MG/L",NA,NA,NA,NA,2,NA,1,1,"S","PARTNTID",NA,NA
"120",999,"ALLARM","ALLARM.LT9","12/01/1992","12:00:00","TDS.1","M1",596,"CMC","NTWQM",1992-12-01 12:00:00,0.1,"ISM",1,"Water",NA,430,"MG/L",NA,NA,NA,NA,2,NA,1,1,"S","PARTNTID",NA,NA
