"paramMethod","SOURCE","STATION","SAMPLE_DATE","SAMPLE_TIME","paramCode","SAMPLE_ID","EventId","AGENCY","PROGRAM","DateTime","DEPTH","SAMPLE_TYPE","TIER","Matrix","QUALIFIER","VALUE","UNITS","PROBLEM","LAB","labName","detLimit","qaFlag","COMMENTS","count.x","count.y","LAYER","PROJECT","SampleAnalyticalMethodIdentifier","SubstanceIdentificationName"
48,"ALLARM","ALLARM.LT1","11/01/1992","12:00:00","DO.2","M1",578,"CMC","NTWQM",1992-11-01 12:00:00,0.1,"ISM",2,"Water",NA,12.6,"MG/L",NA,NA,NA,NA,2,NA,1,1,"S","PARTNTID","F01 ","DO"
48,"ALLARM","ALLARM.LT3","12/01/1992","12:00:00","DO.2","M1",590,"CMC","NTWQM",1992-12-01 12:00:00,0.1,"ISM",2,"Water",NA,11.5,"MG/L",NA,NA,NA,NA,2,NA,1,1,"S","PARTNTID","F01 ","DO"
48,"ALLARM","ALLARM.LT7","11/01/1992","12:00:00","DO.2","M1",584,"CMC","NTWQM",1992-11-01 12:00:00,0.1,"ISM",2,"Water",NA,12.2,"MG/L",NA,NA,NA,NA,2,NA,1,1,"S","PARTNTID","F01 ","DO"
48,"ALLARM","ALLARM.LT1","12/01/1992","12:00:00","DO.2","M1",588,"CMC","NTWQM",1992-12-01 12:00:00,0.1,"ISM",2,"Water",NA,10.9,"MG/L",NA,NA,NA,NA,2,NA,1,1,"S","PARTNTID","F01 ","DO"
48,"ALLARM","ALLARM.LT4","11/01/1992","12:00:00","DO.2","M1",581,"CMC","NTWQM",1992-11-01 12:00:00,0.1,"ISM",2,"Water",NA,13.4,"MG/L",NA,NA,NA,NA,2,NA,1,1,"S","PARTNTID","F01 ","DO"
48,"ALLARM","ALLARM.LT7","12/01/1992","12:00:00","DO.2","M1",594,"CMC","NTWQM",1992-12-01 12:00:00,0.1,"ISM",2,"Water",NA,11.2,"MG/L",NA,NA,NA,NA,2,NA,1,1,"S","PARTNTID","F01 ","DO"
48,"ALLARM","ALLARM.LT10","11/01/1992","12:00:00","DO.2","M1",587,"CMC","NTWQM",1992-11-01 12:00:00,0.1,"ISM",2,"Water",NA,12.6,"MG/L",NA,NA,NA,NA,2,NA,1,1,"S","PARTNTID","F01 ","DO"
48,"ALLARM","ALLARM.LT5","12/01/1992","12:00:00","DO.2","M1",592,"CMC","NTWQM",1992-12-01 12:00:00,0.1,"ISM",2,"Water",NA,11.4,"MG/L",NA,NA,NA,NA,2,NA,1,1,"S","PARTNTID","F01 ","DO"
48,"ALLARM","ALLARM.LT4","12/01/1992","12:00:00","DO.2","M1",591,"CMC","NTWQM",1992-12-01 12:00:00,0.1,"ISM",2,"Water",NA,11.3,"MG/L",NA,NA,NA,NA,2,NA,1,1,"S","PARTNTID","F01 ","DO"
48,"ALLARM","ALLARM.LT9","11/01/1992","12:00:00","DO.2","M1",586,"CMC","NTWQM",1992-11-01 12:00:00,0.1,"ISM",2,"Water",NA,12.8,"MG/L",NA,NA,NA,NA,2,NA,1,1,"S","PARTNTID","F01 ","DO"
48,"ALLARM","ALLARM.LT8","11/01/1992","12:00:00","DO.2","M1",585,"CMC","NTWQM",1992-11-01 12:00:00,0.1,"ISM",2,"Water",NA,12.4,"MG/L",NA,NA,NA,NA,2,NA,1,1,"S","PARTNTID","F01 ","DO"
48,"ALLARM","ALLARM.LT2","12/01/1992","12:00:00","DO.2","M1",589,"CMC","NTWQM",1992-12-01 12:00:00,0.1,"ISM",2,"Water",NA,11.2,"MG/L",NA,NA,NA,NA,2,NA,1,1,"S","PARTNTID","F01 ","DO"
48,"ALLARM","ALLARM.LT10","12/01/1992","12:00:00","DO.2","M1",597,"CMC","NTWQM",1992-12-01 12:00:00,0.1,"ISM",2,"Water",NA,11,"MG/L",NA,NA,NA,NA,2,NA,1,1,"S","PARTNTID","F01 ","DO"
48,"ALLARM","ALLARM.LT6","11/01/1992","12:00:00","DO.2","M1",583,"CMC","NTWQM",1992-11-01 12:00:00,0.1,"ISM",2,"Water",NA,12.4,"MG/L",NA,NA,NA,NA,2,NA,1,1,"S","PARTNTID","F01 ","DO"
48,"ALLARM","ALLARM.LT5","11/01/1992","12:00:00","DO.2","M1",582,"CMC","NTWQM",1992-11-01 12:00:00,0.1,"ISM",2,"Water",NA,13.6,"MG/L",NA,NA,NA,NA,2,NA,1,1,"S","PARTNTID","F01 ","DO"
48,"ALLARM","ALLARM.LT9","12/01/1992","12:00:00","DO.2","M1",596,"CMC","NTWQM",1992-12-01 12:00:00,0.1,"ISM",2,"Water",NA,11.1,"MG/L",NA,NA,NA,NA,2,NA,1,1,"S","PARTNTID","F01 ","DO"
48,"ALLARM","ALLARM.LT8","12/01/1992","12:00:00","DO.2","M1",595,"CMC","NTWQM",1992-12-01 12:00:00,0.1,"ISM",2,"Water",NA,11.1,"MG/L",NA,NA,NA,NA,2,NA,1,1,"S","PARTNTID","F01 ","DO"
48,"ALLARM","ALLARM.LT3","11/01/1992","12:00:00","DO.2","M1",580,"CMC","NTWQM",1992-11-01 12:00:00,0.1,"ISM",2,"Water",NA,11.6,"MG/L",NA,NA,NA,NA,2,NA,1,1,"S","PARTNTID","F01 ","DO"
48,"ALLARM","ALLARM.LT2","11/01/1992","12:00:00","DO.2","M1",579,"CMC","NTWQM",1992-11-01 12:00:00,0.1,"ISM",2,"Water",NA,12.7,"MG/L",NA,NA,NA,NA,2,NA,1,1,"S","PARTNTID","F01 ","DO"
48,"ALLARM","ALLARM.LT6","12/01/1992","12:00:00","DO.2","M1",593,"CMC","NTWQM",1992-12-01 12:00:00,0.1,"ISM",2,"Water",NA,11.3,"MG/L",NA,NA,NA,NA,2,NA,1,1,"S","PARTNTID","F01 ","DO"
144,"ALLARM","ALLARM.LT1","11/01/1992","12:00:00","NO3N.4","S1",578,"CMC","NTWQM",1992-11-01 12:00:00,0.1,"D",2,"Water",NA,2.7,"MG/L",NA,"ACARL","ALLARM Community Aquatic Research Laboratory",0.1,2,NA,1,1,"S","PARTNTID","L02 ","NO23W"
144,"ALLARM","ALLARM.LT4","12/01/1992","12:00:00","NO3N.4","S1",591,"CMC","NTWQM",1992-12-01 12:00:00,0.1,"D",2,"Water",NA,3,"MG/L",NA,"ACARL","ALLARM Community Aquatic Research Laboratory",0.1,2,NA,1,1,"S","PARTNTID","L02 ","NO23W"
144,"ALLARM","ALLARM.LT3","12/01/1992","12:00:00","NO3N.4","S1",590,"CMC","NTWQM",1992-12-01 12:00:00,0.1,"D",2,"Water",NA,3.1,"MG/L",NA,"ACARL","ALLARM Community Aquatic Research Laboratory",0.1,2,NA,1,1,"S","PARTNTID","L02 ","NO23W"
144,"ALLARM","ALLARM.LT8","11/01/1992","12:00:00","NO3N.4","S1",585,"CMC","NTWQM",1992-11-01 12:00:00,0.1,"D",2,"Water",NA,2,"MG/L",NA,"ACARL","ALLARM Community Aquatic Research Laboratory",0.1,2,NA,1,1,"S","PARTNTID","L02 ","NO23W"
144,"ALLARM","ALLARM.LT7","11/01/1992","12:00:00","NO3N.4","S1",584,"CMC","NTWQM",1992-11-01 12:00:00,0.1,"D",2,"Water",NA,2.5,"MG/L",NA,"ACARL","ALLARM Community Aquatic Research Laboratory",0.1,2,NA,1,1,"S","PARTNTID","L02 ","NO23W"
144,"ALLARM","ALLARM.LT10","12/01/1992","12:00:00","NO3N.4","S1",597,"CMC","NTWQM",1992-12-01 12:00:00,0.1,"D",2,"Water",NA,3.4,"MG/L",NA,"ACARL","ALLARM Community Aquatic Research Laboratory",0.1,2,NA,1,1,"S","PARTNTID","L02 ","NO23W"
144,"ALLARM","ALLARM.LT1","12/01/1992","12:00:00","NO3N.4","S1",588,"CMC","NTWQM",1992-12-01 12:00:00,0.1,"D",2,"Water",NA,4,"MG/L",NA,"ACARL","ALLARM Community Aquatic Research Laboratory",0.1,2,NA,1,1,"S","PARTNTID","L02 ","NO23W"
144,"ALLARM","ALLARM.LT5","11/01/1992","12:00:00","NO3N.4","S1",582,"CMC","NTWQM",1992-11-01 12:00:00,0.1,"D",2,"Water",NA,2.1,"MG/L",NA,"ACARL","ALLARM Community Aquatic Research Laboratory",0.1,2,NA,1,1,"S","PARTNTID","L02 ","NO23W"
144,"ALLARM","ALLARM.LT4","11/01/1992","12:00:00","NO3N.4","S1",581,"CMC","NTWQM",1992-11-01 12:00:00,0.1,"D",2,"Water",NA,2.5,"MG/L",NA,"ACARL","ALLARM Community Aquatic Research Laboratory",0.1,2,NA,1,1,"S","PARTNTID","L02 ","NO23W"
144,"ALLARM","ALLARM.LT8","12/01/1992","12:00:00","NO3N.4","S1",595,"CMC","NTWQM",1992-12-01 12:00:00,0.1,"D",2,"Water",NA,2.7,"MG/L",NA,"ACARL","ALLARM Community Aquatic Research Laboratory",0.1,2,NA,1,1,"S","PARTNTID","L02 ","NO23W"
144,"ALLARM","ALLARM.LT7","12/01/1992","12:00:00","NO3N.4","S1",594,"CMC","NTWQM",1992-12-01 12:00:00,0.1,"D",2,"Water",NA,3,"MG/L",NA,"ACARL","ALLARM Community Aquatic Research Laboratory",0.1,2,NA,1,1,"S","PARTNTID","L02 ","NO23W"
144,"ALLARM","ALLARM.LT2","11/01/1992","12:00:00","NO3N.4","S1",579,"CMC","NTWQM",1992-11-01 12:00:00,0.1,"D",2,"Water",NA,2.3,"MG/L",NA,"ACARL","ALLARM Community Aquatic Research Laboratory",0.1,2,NA,1,1,"S","PARTNTID","L02 ","NO23W"
144,"ALLARM","ALLARM.LT10","11/01/1992","12:00:00","NO3N.4","S1",587,"CMC","NTWQM",1992-11-01 12:00:00,0.1,"D",2,"Water",NA,1.7,"MG/L",NA,"ACARL","ALLARM Community Aquatic Research Laboratory",0.1,2,NA,1,1,"S","PARTNTID","L02 ","NO23W"
144,"ALLARM","ALLARM.LT5","12/01/1992","12:00:00","NO3N.4","S1",592,"CMC","NTWQM",1992-12-01 12:00:00,0.1,"D",2,"Water",NA,3,"MG/L",NA,"ACARL","ALLARM Community Aquatic Research Laboratory",0.1,2,NA,1,1,"S","PARTNTID","L02 ","NO23W"
144,"ALLARM","ALLARM.LT9","11/01/1992","12:00:00","NO3N.4","S1",586,"CMC","NTWQM",1992-11-01 12:00:00,0.1,"D",2,"Water",NA,2.2,"MG/L",NA,"ACARL","ALLARM Community Aquatic Research Laboratory",0.1,2,NA,1,1,"S","PARTNTID","L02 ","NO23W"
144,"ALLARM","ALLARM.LT2","12/01/1992","12:00:00","NO3N.4","S1",589,"CMC","NTWQM",1992-12-01 12:00:00,0.1,"D",2,"Water",NA,3.6,"MG/L",NA,"ACARL","ALLARM Community Aquatic Research Laboratory",0.1,2,NA,1,1,"S","PARTNTID","L02 ","NO23W"
144,"ALLARM","ALLARM.LT6","11/01/1992","12:00:00","NO3N.4","S1",583,"CMC","NTWQM",1992-11-01 12:00:00,0.1,"D",2,"Water",NA,2.7,"MG/L",NA,"ACARL","ALLARM Community Aquatic Research Laboratory",0.1,2,NA,1,1,"S","PARTNTID","L02 ","NO23W"
144,"ALLARM","ALLARM.LT9","12/01/1992","12:00:00","NO3N.4","S1",596,"CMC","NTWQM",1992-12-01 12:00:00,0.1,"D",2,"Water",NA,3.7,"MG/L",NA,"ACARL","ALLARM Community Aquatic Research Laboratory",0.1,2,NA,1,1,"S","PARTNTID","L02 ","NO23W"
144,"ALLARM","ALLARM.LT3","11/01/1992","12:00:00","NO3N.4","S1",580,"CMC","NTWQM",1992-11-01 12:00:00,0.1,"D",2,"Water",NA,2.2,"MG/L",NA,"ACARL","ALLARM Community Aquatic Research Laboratory",0.1,2,NA,1,1,"S","PARTNTID","L02 ","NO23W"
144,"ALLARM","ALLARM.LT6","12/01/1992","12:00:00","NO3N.4","S1",593,"CMC","NTWQM",1992-12-01 12:00:00,0.1,"D",2,"Water",NA,2.8,"MG/L",NA,"ACARL","ALLARM Community Aquatic Research Laboratory",0.1,2,NA,1,1,"S","PARTNTID","L02 ","NO23W"
171,"ALLARM","ALLARM.LT6","12/01/1992","12:00:00","PH.1","M1",593,"CMC","NTWQM",1992-12-01 12:00:00,0.1,"ISM",2,"Water",NA,7.3,"SU",NA,NA,NA,NA,2,NA,1,1,"S","PARTNTID","F01 ","PH"
171,"ALLARM","ALLARM.LT10","11/01/1992","12:00:00","PH.1","M1",587,"CMC","NTWQM",1992-11-01 12:00:00,0.1,"ISM",2,"Water",NA,7.7,"SU",NA,NA,NA,NA,2,NA,1,1,"S","PARTNTID","F01 ","PH"
171,"ALLARM","ALLARM.LT1","11/01/1992","12:00:00","PH.1","M1",578,"CMC","NTWQM",1992-11-01 12:00:00,0.1,"ISM",2,"Water",NA,7.2,"SU",NA,NA,NA,NA,2,NA,1,1,"S","PARTNTID","F01 ","PH"
171,"ALLARM","ALLARM.LT4","12/01/1992","12:00:00","PH.1","M1",591,"CMC","NTWQM",1992-12-01 12:00:00,0.1,"ISM",2,"Water",NA,7.2,"SU",NA,NA,NA,NA,2,NA,1,1,"S","PARTNTID","F01 ","PH"
171,"ALLARM","ALLARM.LT3","12/01/1992","12:00:00","PH.1","M1",590,"CMC","NTWQM",1992-12-01 12:00:00,0.1,"ISM",2,"Water",NA,6.7,"SU",NA,NA,NA,NA,2,NA,1,1,"S","PARTNTID","F01 ","PH"
171,"ALLARM","ALLARM.LT8","11/01/1992","12:00:00","PH.1","M1",585,"CMC","NTWQM",1992-11-01 12:00:00,0.1,"ISM",2,"Water",NA,7.5,"SU",NA,NA,NA,NA,2,NA,1,1,"S","PARTNTID","F01 ","PH"
171,"ALLARM","ALLARM.LT7","11/01/1992","12:00:00","PH.1","M1",584,"CMC","NTWQM",1992-11-01 12:00:00,0.1,"ISM",2,"Water",NA,7.5,"SU",NA,NA,NA,NA,2,NA,1,1,"S","PARTNTID","F01 ","PH"
171,"ALLARM","ALLARM.LT10","12/01/1992","12:00:00","PH.1","M1",597,"CMC","NTWQM",1992-12-01 12:00:00,0.1,"ISM",2,"Water",NA,7.5,"SU",NA,NA,NA,NA,2,NA,1,1,"S","PARTNTID","F01 ","PH"
171,"ALLARM","ALLARM.LT1","12/01/1992","12:00:00","PH.1","M1",588,"CMC","NTWQM",1992-12-01 12:00:00,0.1,"ISM",2,"Water",NA,7,"SU",NA,NA,NA,NA,2,NA,1,1,"S","PARTNTID","F01 ","PH"
171,"ALLARM","ALLARM.LT5","11/01/1992","12:00:00","PH.1","M1",582,"CMC","NTWQM",1992-11-01 12:00:00,0.1,"ISM",2,"Water",NA,7.4,"SU",NA,NA,NA,NA,2,NA,1,1,"S","PARTNTID","F01 ","PH"
171,"ALLARM","ALLARM.LT4","11/01/1992","12:00:00","PH.1","M1",581,"CMC","NTWQM",1992-11-01 12:00:00,0.1,"ISM",2,"Water",NA,7.4,"SU",NA,NA,NA,NA,2,NA,1,1,"S","PARTNTID","F01 ","PH"
171,"ALLARM","ALLARM.LT8","12/01/1992","12:00:00","PH.1","M1",595,"CMC","NTWQM",1992-12-01 12:00:00,0.1,"ISM",2,"Water",NA,7.5,"SU",NA,NA,NA,NA,2,NA,1,1,"S","PARTNTID","F01 ","PH"
171,"ALLARM","ALLARM.LT7","12/01/1992","12:00:00","PH.1","M1",594,"CMC","NTWQM",1992-12-01 12:00:00,0.1,"ISM",2,"Water",NA,7.4,"SU",NA,NA,NA,NA,2,NA,1,1,"S","PARTNTID","F01 ","PH"
171,"ALLARM","ALLARM.LT2","11/01/1992","12:00:00","PH.1","M1",579,"CMC","NTWQM",1992-11-01 12:00:00,0.1,"ISM",2,"Water",NA,7.1,"SU",NA,NA,NA,NA,2,NA,1,1,"S","PARTNTID","F01 ","PH"
171,"ALLARM","ALLARM.LT5","12/01/1992","12:00:00","PH.1","M1",592,"CMC","NTWQM",1992-12-01 12:00:00,0.1,"ISM",2,"Water",NA,7.3,"SU",NA,NA,NA,NA,2,NA,1,1,"S","PARTNTID","F01 ","PH"
171,"ALLARM","ALLARM.LT9","11/01/1992","12:00:00","PH.1","M1",586,"CMC","NTWQM",1992-11-01 12:00:00,0.1,"ISM",2,"Water",NA,7.8,"SU",NA,NA,NA,NA,2,NA,1,1,"S","PARTNTID","F01 ","PH"
171,"ALLARM","ALLARM.LT2","12/01/1992","12:00:00","PH.1","M1",589,"CMC","NTWQM",1992-12-01 12:00:00,0.1,"ISM",2,"Water",NA,6.9,"SU",NA,NA,NA,NA,2,NA,1,1,"S","PARTNTID","F01 ","PH"
171,"ALLARM","ALLARM.LT6","11/01/1992","12:00:00","PH.1","M1",583,"CMC","NTWQM",1992-11-01 12:00:00,0.1,"ISM",2,"Water",NA,7.5,"SU",NA,NA,NA,NA,2,NA,1,1,"S","PARTNTID","F01 ","PH"
171,"ALLARM","ALLARM.LT9","12/01/1992","12:00:00","PH.1","M1",596,"CMC","NTWQM",1992-12-01 12:00:00,0.1,"ISM",2,"Water",NA,7.5,"SU",NA,NA,NA,NA,2,NA,1,1,"S","PARTNTID","F01 ","PH"
171,"ALLARM","ALLARM.LT3","11/01/1992","12:00:00","PH.1","M1",580,"CMC","NTWQM",1992-11-01 12:00:00,0.1,"ISM",2,"Water",NA,6.7,"SU",NA,NA,NA,NA,2,NA,1,1,"S","PARTNTID","F01 ","PH"
189,"ALLARM","ALLARM.LT6","12/01/1992","12:00:00","OP.5","S1",593,"CMC","NTWQM",1992-12-01 12:00:00,0.1,"D",2,"Water",NA,0.07,"MG/L",NA,"ACARL","ALLARM Community Aquatic Research Laboratory",0.02,2,NA,1,1,"S","PARTNTID","L02 ","PO4F"
189,"ALLARM","ALLARM.LT1","11/01/1992","12:00:00","OP.5","S1",578,"CMC","NTWQM",1992-11-01 12:00:00,0.1,"D",2,"Water",NA,0.1,"MG/L",NA,"ACARL","ALLARM Community Aquatic Research Laboratory",0.02,2,NA,1,1,"S","PARTNTID","L02 ","PO4F"
189,"ALLARM","ALLARM.LT3","12/01/1992","12:00:00","OP.5","S1",590,"CMC","NTWQM",1992-12-01 12:00:00,0.1,"D",2,"Water",NA,0.13,"MG/L",NA,"ACARL","ALLARM Community Aquatic Research Laboratory",0.02,2,NA,1,1,"S","PARTNTID","L02 ","PO4F"
189,"ALLARM","ALLARM.LT7","11/01/1992","12:00:00","OP.5","S1",584,"CMC","NTWQM",1992-11-01 12:00:00,0.1,"D",2,"Water",NA,0.2,"MG/L",NA,"ACARL","ALLARM Community Aquatic Research Laboratory",0.02,2,NA,1,1,"S","PARTNTID","L02 ","PO4F"
189,"ALLARM","ALLARM.LT1","12/01/1992","12:00:00","OP.5","S1",588,"CMC","NTWQM",1992-12-01 12:00:00,0.1,"D",2,"Water",NA,0.17,"MG/L",NA,"ACARL","ALLARM Community Aquatic Research Laboratory",0.02,2,NA,1,1,"S","PARTNTID","L02 ","PO4F"
189,"ALLARM","ALLARM.LT4","11/01/1992","12:00:00","OP.5","S1",581,"CMC","NTWQM",1992-11-01 12:00:00,0.1,"D",2,"Water",NA,0.1,"MG/L",NA,"ACARL","ALLARM Community Aquatic Research Laboratory",0.02,2,NA,1,1,"S","PARTNTID","L02 ","PO4F"
189,"ALLARM","ALLARM.LT7","12/01/1992","12:00:00","OP.5","S1",594,"CMC","NTWQM",1992-12-01 12:00:00,0.1,"D",2,"Water",NA,0.27,"MG/L",NA,"ACARL","ALLARM Community Aquatic Research Laboratory",0.02,2,NA,1,1,"S","PARTNTID","L02 ","PO4F"
189,"ALLARM","ALLARM.LT2","11/01/1992","12:00:00","OP.5","S1",579,"CMC","NTWQM",1992-11-01 12:00:00,0.1,"D",2,"Water",NA,0.2,"MG/L",NA,"ACARL","ALLARM Community Aquatic Research Laboratory",0.02,2,NA,1,1,"S","PARTNTID","L02 ","PO4F"
189,"ALLARM","ALLARM.LT10","11/01/1992","12:00:00","OP.5","S1",587,"CMC","NTWQM",1992-11-01 12:00:00,0.1,"D",2,"Water",NA,0.3,"MG/L",NA,"ACARL","ALLARM Community Aquatic Research Laboratory",0.02,2,NA,1,1,"S","PARTNTID","L02 ","PO4F"
189,"ALLARM","ALLARM.LT5","12/01/1992","12:00:00","OP.5","S1",592,"CMC","NTWQM",1992-12-01 12:00:00,0.1,"D",2,"Water",NA,0.15,"MG/L",NA,"ACARL","ALLARM Community Aquatic Research Laboratory",0.02,2,NA,1,1,"S","PARTNTID","L02 ","PO4F"
189,"ALLARM","ALLARM.LT4","12/01/1992","12:00:00","OP.5","S1",591,"CMC","NTWQM",1992-12-01 12:00:00,0.1,"D",2,"Water",NA,0.2,"MG/L",NA,"ACARL","ALLARM Community Aquatic Research Laboratory",0.02,2,NA,1,1,"S","PARTNTID","L02 ","PO4F"
189,"ALLARM","ALLARM.LT9","11/01/1992","12:00:00","OP.5","S1",586,"CMC","NTWQM",1992-11-01 12:00:00,0.1,"D",2,"Water",NA,0.2,"MG/L",NA,"ACARL","ALLARM Community Aquatic Research Laboratory",0.02,2,NA,1,1,"S","PARTNTID","L02 ","PO4F"
189,"ALLARM","ALLARM.LT8","11/01/1992","12:00:00","OP.5","S1",585,"CMC","NTWQM",1992-11-01 12:00:00,0.1,"D",2,"Water",NA,0.2,"MG/L",NA,"ACARL","ALLARM Community Aquatic Research Laboratory",0.02,2,NA,1,1,"S","PARTNTID","L02 ","PO4F"
189,"ALLARM","ALLARM.LT2","12/01/1992","12:00:00","OP.5","S1",589,"CMC","NTWQM",1992-12-01 12:00:00,0.1,"D",2,"Water",NA,0.17,"MG/L",NA,"ACARL","ALLARM Community Aquatic Research Laboratory",0.02,2,NA,1,1,"S","PARTNTID","L02 ","PO4F"
189,"ALLARM","ALLARM.LT10","12/01/1992","12:00:00","OP.5","S1",597,"CMC","NTWQM",1992-12-01 12:00:00,0.1,"D",2,"Water",NA,0.17,"MG/L",NA,"ACARL","ALLARM Community Aquatic Research Laboratory",0.02,2,NA,1,1,"S","PARTNTID","L02 ","PO4F"
189,"ALLARM","ALLARM.LT6","11/01/1992","12:00:00","OP.5","S1",583,"CMC","NTWQM",1992-11-01 12:00:00,0.1,"D",2,"Water",NA,0.1,"MG/L",NA,"ACARL","ALLARM Community Aquatic Research Laboratory",0.02,2,NA,1,1,"S","PARTNTID","L02 ","PO4F"
189,"ALLARM","ALLARM.LT5","11/01/1992","12:00:00","OP.5","S1",582,"CMC","NTWQM",1992-11-01 12:00:00,0.1,"D",2,"Water",NA,0.1,"MG/L",NA,"ACARL","ALLARM Community Aquatic Research Laboratory",0.02,2,NA,1,1,"S","PARTNTID","L02 ","PO4F"
189,"ALLARM","ALLARM.LT9","12/01/1992","12:00:00","OP.5","S1",596,"CMC","NTWQM",1992-12-01 12:00:00,0.1,"D",2,"Water",NA,0.17,"MG/L",NA,"ACARL","ALLARM Community Aquatic Research Laboratory",0.02,2,NA,1,1,"S","PARTNTID","L02 ","PO4F"
189,"ALLARM","ALLARM.LT8","12/01/1992","12:00:00","OP.5","S1",595,"CMC","NTWQM",1992-12-01 12:00:00,0.1,"D",2,"Water",NA,0.2,"MG/L",NA,"ACARL","ALLARM Community Aquatic Research Laboratory",0.02,2,NA,1,1,"S","PARTNTID","L02 ","PO4F"
189,"ALLARM","ALLARM.LT3","11/01/1992","12:00:00","OP.5","S1",580,"CMC","NTWQM",1992-11-01 12:00:00,0.1,"D",2,"Water",NA,0.3,"MG/L",NA,"ACARL","ALLARM Community Aquatic Research Laboratory",0.02,2,NA,1,1,"S","PARTNTID","L02 ","PO4F"
413,"ALLARM","ALLARM.LT3","11/01/1992","12:00:00","WT.3","M1",580,"CMC","NTWQM",1992-11-01 12:00:00,0.1,"ISM",2,"Water",NA,9.5,"DEG C",NA,NA,NA,NA,2,NA,1,1,"S","PARTNTID","F01 ","WTEMP"
413,"ALLARM","ALLARM.LT6","12/01/1992","12:00:00","WT.3","M1",593,"CMC","NTWQM",1992-12-01 12:00:00,0.1,"ISM",2,"Water",NA,9.76,"DEG C",NA,NA,NA,NA,2,NA,1,1,"S","PARTNTID","F01 ","WTEMP"
413,"ALLARM","ALLARM.LT1","11/01/1992","12:00:00","WT.3","M1",578,"CMC","NTWQM",1992-11-01 12:00:00,0.1,"ISM",2,"Water",NA,10,"DEG C",NA,NA,NA,NA,2,NA,1,1,"S","PARTNTID","F01 ","WTEMP"
413,"ALLARM","ALLARM.LT3","12/01/1992","12:00:00","WT.3","M1",590,"CMC","NTWQM",1992-12-01 12:00:00,0.1,"ISM",2,"Water",NA,10.35,"DEG C",NA,NA,NA,NA,2,NA,1,1,"S","PARTNTID","F01 ","WTEMP"
413,"ALLARM","ALLARM.LT7","11/01/1992","12:00:00","WT.3","M1",584,"CMC","NTWQM",1992-11-01 12:00:00,0.1,"ISM",2,"Water",NA,8,"DEG C",NA,NA,NA,NA,2,NA,1,1,"S","PARTNTID","F01 ","WTEMP"
413,"ALLARM","ALLARM.LT1","12/01/1992","12:00:00","WT.3","M1",588,"CMC","NTWQM",1992-12-01 12:00:00,0.1,"ISM",2,"Water",NA,10,"DEG C",NA,NA,NA,NA,2,NA,1,1,"S","PARTNTID","F01 ","WTEMP"
413,"ALLARM","ALLARM.LT4","11/01/1992","12:00:00","WT.3","M1",581,"CMC","NTWQM",1992-11-01 12:00:00,0.1,"ISM",2,"Water",NA,8.5,"DEG C",NA,NA,NA,NA,2,NA,1,1,"S","PARTNTID","F01 ","WTEMP"
413,"ALLARM","ALLARM.LT8","12/01/1992","12:00:00","WT.3","M1",595,"CMC","NTWQM",1992-12-01 12:00:00,0.1,"ISM",2,"Water",NA,9.26,"DEG C",NA,NA,NA,NA,2,NA,1,1,"S","PARTNTID","F01 ","WTEMP"
413,"ALLARM","ALLARM.LT7","12/01/1992","12:00:00","WT.3","M1",594,"CMC","NTWQM",1992-12-01 12:00:00,0.1,"ISM",2,"Water",NA,9.16,"DEG C",NA,NA,NA,NA,2,NA,1,1,"S","PARTNTID","F01 ","WTEMP"
413,"ALLARM","ALLARM.LT2","11/01/1992","12:00:00","WT.3","M1",579,"CMC","NTWQM",1992-11-01 12:00:00,0.1,"ISM",2,"Water",NA,8.75,"DEG C",NA,NA,NA,NA,2,NA,1,1,"S","PARTNTID","F01 ","WTEMP"
413,"ALLARM","ALLARM.LT10","11/01/1992","12:00:00","WT.3","M1",587,"CMC","NTWQM",1992-11-01 12:00:00,0.1,"ISM",2,"Water",NA,7.75,"DEG C",NA,NA,NA,NA,2,NA,1,1,"S","PARTNTID","F01 ","WTEMP"
413,"ALLARM","ALLARM.LT5","12/01/1992","12:00:00","WT.3","M1",592,"CMC","NTWQM",1992-12-01 12:00:00,0.1,"ISM",2,"Water",NA,9.26,"DEG C",NA,NA,NA,NA,2,NA,1,1,"S","PARTNTID","F01 ","WTEMP"
413,"ALLARM","ALLARM.LT4","12/01/1992","12:00:00","WT.3","M1",591,"CMC","NTWQM",1992-12-01 12:00:00,0.1,"ISM",2,"Water",NA,9.33,"DEG C",NA,NA,NA,NA,2,NA,1,1,"S","PARTNTID","F01 ","WTEMP"
413,"ALLARM","ALLARM.LT9","11/01/1992","12:00:00","WT.3","M1",586,"CMC","NTWQM",1992-11-01 12:00:00,0.1,"ISM",2,"Water",NA,8.25,"DEG C",NA,NA,NA,NA,2,NA,1,1,"S","PARTNTID","F01 ","WTEMP"
413,"ALLARM","ALLARM.LT8","11/01/1992","12:00:00","WT.3","M1",585,"CMC","NTWQM",1992-11-01 12:00:00,0.1,"ISM",2,"Water",NA,8.1,"DEG C",NA,NA,NA,NA,2,NA,1,1,"S","PARTNTID","F01 ","WTEMP"
413,"ALLARM","ALLARM.LT2","12/01/1992","12:00:00","WT.3","M1",589,"CMC","NTWQM",1992-12-01 12:00:00,0.1,"ISM",2,"Water",NA,9.56,"DEG C",NA,NA,NA,NA,2,NA,1,1,"S","PARTNTID","F01 ","WTEMP"
413,"ALLARM","ALLARM.LT10","12/01/1992","12:00:00","WT.3","M1",597,"CMC","NTWQM",1992-12-01 12:00:00,0.1,"ISM",2,"Water",NA,9.43,"DEG C",NA,NA,NA,NA,2,NA,1,1,"S","PARTNTID","F01 ","WTEMP"
413,"ALLARM","ALLARM.LT6","11/01/1992","12:00:00","WT.3","M1",583,"CMC","NTWQM",1992-11-01 12:00:00,0.1,"ISM",2,"Water",NA,8,"DEG C",NA,NA,NA,NA,2,NA,1,1,"S","PARTNTID","F01 ","WTEMP"
413,"ALLARM","ALLARM.LT5","11/01/1992","12:00:00","WT.3","M1",582,"CMC","NTWQM",1992-11-01 12:00:00,0.1,"ISM",2,"Water",NA,8.75,"DEG C",NA,NA,NA,NA,2,NA,1,1,"S","PARTNTID","F01 ","WTEMP"
413,"ALLARM","ALLARM.LT9","12/01/1992","12:00:00","WT.3","M1",596,"CMC","NTWQM",1992-12-01 12:00:00,0.1,"ISM",2,"Water",NA,9.66,"DEG C",NA,NA,NA,NA,2,NA,1,1,"S","PARTNTID","F01 ","WTEMP"
999,"ALLARM","ALLARM.LT3","11/01/1992","12:00:00","TDS.1","M1",580,"CMC","NTWQM",1992-11-01 12:00:00,0.1,"ISM",1,"Water",NA,285,"MG/L",NA,NA,NA,NA,2,NA,1,1,"S","PARTNTID",NA,NA
999,"ALLARM","ALLARM.LT7","12/01/1992","12:00:00","TDS.1","M1",594,"CMC","NTWQM",1992-12-01 12:00:00,0.1,"ISM",1,"Water",NA,397,"MG/L",NA,NA,NA,NA,2,NA,1,1,"S","PARTNTID",NA,NA
999,"ALLARM","ALLARM.LT6","12/01/1992","12:00:00","TDS.1","M1",593,"CMC","NTWQM",1992-12-01 12:00:00,0.1,"ISM",1,"Water",NA,377,"MG/L",NA,NA,NA,NA,2,NA,1,1,"S","PARTNTID",NA,NA
999,"ALLARM","ALLARM.LT10","11/01/1992","12:00:00","TDS.1","M1",587,"CMC","NTWQM",1992-11-01 12:00:00,0.1,"ISM",1,"Water",NA,360,"MG/L",NA,NA,NA,NA,2,NA,1,1,"S","PARTNTID",NA,NA
999,"ALLARM","ALLARM.LT1","11/01/1992","12:00:00","TDS.1","M1",578,"CMC","NTWQM",1992-11-01 12:00:00,0.1,"ISM",1,"Water",NA,365,"MG/L",NA,NA,NA,NA,2,NA,1,1,"S","PARTNTID",NA,NA
999,"ALLARM","ALLARM.LT4","12/01/1992","12:00:00","TDS.1","M1",591,"CMC","NTWQM",1992-12-01 12:00:00,0.1,"ISM",1,"Water",NA,373,"MG/L",NA,NA,NA,NA,2,NA,1,1,"S","PARTNTID",NA,NA
999,"ALLARM","ALLARM.LT3","12/01/1992","12:00:00","TDS.1","M1",590,"CMC","NTWQM",1992-12-01 12:00:00,0.1,"ISM",1,"Water",NA,273,"MG/L",NA,NA,NA,NA,2,NA,1,1,"S","PARTNTID",NA,NA
999,"ALLARM","ALLARM.LT8","11/01/1992","12:00:00","TDS.1","M1",585,"CMC","NTWQM",1992-11-01 12:00:00,0.1,"ISM",1,"Water",NA,390,"MG/L",NA,NA,NA,NA,2,NA,1,1,"S","PARTNTID",NA,NA
999,"ALLARM","ALLARM.LT7","11/01/1992","12:00:00","TDS.1","M1",584,"CMC","NTWQM",1992-11-01 12:00:00,0.1,"ISM",1,"Water",NA,350,"MG/L",NA,NA,NA,NA,2,NA,1,1,"S","PARTNTID",NA,NA
999,"ALLARM","ALLARM.LT10","12/01/1992","12:00:00","TDS.1","M1",597,"CMC","NTWQM",1992-12-01 12:00:00,0.1,"ISM",1,"Water",NA,442,"MG/L",NA,NA,NA,NA,2,NA,1,1,"S","PARTNTID",NA,NA
999,"ALLARM","ALLARM.LT1","12/01/1992","12:00:00","TDS.1","M1",588,"CMC","NTWQM",1992-12-01 12:00:00,0.1,"ISM",1,"Water",NA,350,"MG/L",NA,NA,NA,NA,2,NA,1,1,"S","PARTNTID",NA,NA
999,"ALLARM","ALLARM.LT5","11/01/1992","12:00:00","TDS.1","M1",582,"CMC","NTWQM",1992-11-01 12:00:00,0.1,"ISM",1,"Water",NA,315,"MG/L",NA,NA,NA,NA,2,NA,1,1,"S","PARTNTID",NA,NA
999,"ALLARM","ALLARM.LT4","11/01/1992","12:00:00","TDS.1","M1",581,"CMC","NTWQM",1992-11-01 12:00:00,0.1,"ISM",1,"Water",NA,330,"MG/L",NA,NA,NA,NA,2,NA,1,1,"S","PARTNTID",NA,NA
999,"ALLARM","ALLARM.LT8","12/01/1992","12:00:00","TDS.1","M1",595,"CMC","NTWQM",1992-12-01 12:00:00,0.1,"ISM",1,"Water",NA,440,"MG/L",NA,NA,NA,NA,2,NA,1,1,"S","PARTNTID",NA,NA
999,"ALLARM","ALLARM.LT2","11/01/1992","12:00:00","TDS.1","M1",579,"CMC","NTWQM",1992-11-01 12:00:00,0.1,"ISM",1,"Water",NA,345,"MG/L",NA,NA,NA,NA,2,NA,1,1,"S","PARTNTID",NA,NA
999,"ALLARM","ALLARM.LT5","12/01/1992","12:00:00","TDS.1","M1",592,"CMC","NTWQM",1992-12-01 12:00:00,0.1,"ISM",1,"Water",NA,377,"MG/L",NA,NA,NA,NA,2,NA,1,1,"S","PARTNTID",NA,NA
999,"ALLARM","ALLARM.LT9","11/01/1992","12:00:00","TDS.1","M1",586,"CMC","NTWQM",1992-11-01 12:00:00,0.1,"ISM",1,"Water",NA,350,"MG/L",NA,NA,NA,NA,2,NA,1,1,"S","PARTNTID",NA,NA
999,"ALLARM","ALLARM.LT2","12/01/1992","12:00:00","TDS.1","M1",589,"CMC","NTWQM",1992-12-01 12:00:00,0.1,"ISM",1,"Water",NA,293,"MG/L",NA,NA,NA,NA,2,NA,1,1,"S","PARTNTID",NA,NA
999,"ALLARM","ALLARM.LT6","11/01/1992","12:00:00","TDS.1","M1",583,"CMC","NTWQM",1992-11-01 12:00:00,0.1,"ISM",1,"Water",NA,312,"MG/L",NA,NA,NA,NA,2,NA,1,1,"S","PARTNTID",NA,NA
999,"ALLARM","ALLARM.LT9","12/01/1992","12:00:00","TDS.1","M1",596,"CMC","NTWQM",1992-12-01 12:00:00,0.1,"ISM",1,"Water",NA,430,"MG/L",NA,NA,NA,NA,2,NA,1,1,"S","PARTNTID",NA,NA
