"","paramMethod","SOURCE","STATION","SAMPLE_DATE","SAMPLE_TIME","paramCode","SAMPLE_ID","EventId","AGENCY","PROGRAM","DateTime","DEPTH","SAMPLE_TYPE","TIER","Matrix","QUALIFIER","VALUE","UNITS","PROBLEM","LAB","labName","modifiedDate","detLimit","qaFlag","COMMENTS","count.x","count.y","LAYER","PROJECT","SampleAnalyticalMethodIdentifier","SubstanceIdentificationName","errorCode","errorName"
"710",999,"LRA","ALLARM.LT3","02/21/2006","12:00:00","TDS.1","M1",2230,"CMC","NTWQM",2006-02-21 12:00:00,0.3,"ISM",1,"Water",NA,320,"MG/L",NA,NA,NA,2017-10-27 16:42:43,NA,2,NA,1,1,"S","PARTNTID",NA,NA,4,"sample does not have an associated bay program method code"
"711",999,"LRA","ALLARM.LT1","01/31/2006","12:00:00","NO3N.3","M1",2215,"CMC","NTWQM",2006-01-31 12:00:00,0.3,"ISM",2,"Water",NA,3.6,"MG/L",NA,NA,NA,2017-10-27 16:42:14,NA,2,NA,1,1,"S","PARTNTID",NA,NA,4,"sample does not have an associated bay program method code"
"712",999,"LRA","ALLARM.LT10","07/06/2006","12:00:00","TDS.1","M1",2302,"CMC","NTWQM",2006-07-06 12:00:00,0.3,"ISM",1,"Water",NA,290,"MG/L",NA,NA,NA,2017-10-27 16:45:13,NA,2,NA,1,1,"S","PARTNTID",NA,NA,4,"sample does not have an associated bay program method code"
"713",999,"LRA","ALLARM.LT6","04/18/2006","12:00:00","TDS.1","M1",2259,"CMC","NTWQM",2006-04-18 12:00:00,0.3,"ISM",1,"Water",NA,250,"MG/L",NA,NA,NA,2017-10-27 16:43:41,NA,2,NA,1,1,"S","PARTNTID",NA,NA,4,"sample does not have an associated bay program method code"
"714",999,"LRA","ALLARM.LT1","01/31/2006","12:00:00","TDS.1","M1",2215,"CMC","NTWQM",2006-01-31 12:00:00,0.3,"ISM",1,"Water",NA,260,"MG/L",NA,NA,NA,2017-10-27 16:42:14,NA,2,NA,1,1,"S","PARTNTID",NA,NA,4,"sample does not have an associated bay program method code"
"715",999,"LRA","ALLARM.LT4","09/06/2006","12:00:00","TDS.1","M1",2321,"CMC","NTWQM",2006-09-06 12:00:00,0.3,"ISM",1,"Water",NA,290,"MG/L",NA,NA,NA,2017-10-27 16:45:55,NA,2,NA,1,1,"S","PARTNTID",NA,NA,4,"sample does not have an associated bay program method code"
"716",999,"LRA","ALLARM.LT10","08/29/2006","12:00:00","NO3N.3","M1",2315,"CMC","NTWQM",2006-08-29 12:00:00,0.3,"ISM",2,"Water",NA,3.2,"MG/L",NA,NA,NA,2017-10-27 16:45:43,NA,2,NA,1,1,"S","PARTNTID",NA,NA,4,"sample does not have an associated bay program method code"
"717",999,"LRA","ALLARM.LT3","03/21/2006","12:00:00","TDS.1","M1",2243,"CMC","NTWQM",2006-03-21 12:00:00,0.3,"ISM",1,"Water",NA,340,"MG/L",NA,NA,NA,2017-10-27 16:43:08,NA,2,NA,1,1,"S","PARTNTID",NA,NA,4,"sample does not have an associated bay program method code"
"718",999,"LRA","ALLARM.LT1","02/21/2006","12:00:00","NO3N.3","M1",2228,"CMC","NTWQM",2006-02-21 12:00:00,0.3,"ISM",2,"Water",NA,4.4,"MG/L",NA,NA,NA,2017-10-27 16:42:39,NA,2,NA,1,1,"S","PARTNTID",NA,NA,4,"sample does not have an associated bay program method code"
"719",999,"LRA","ALLARM.LT10","08/29/2006","12:00:00","TDS.1","M1",2315,"CMC","NTWQM",2006-08-29 12:00:00,0.3,"ISM",1,"Water",NA,450,"MG/L",NA,NA,NA,2017-10-27 16:45:43,NA,2,NA,1,1,"S","PARTNTID",NA,NA,4,"sample does not have an associated bay program method code"
"720",999,"LRA","ALLARM.LT6","05/02/2006","12:00:00","TDS.1","M1",2272,"CMC","NTWQM",2006-05-02 12:00:00,0.3,"ISM",1,"Water",NA,270,"MG/L",NA,NA,NA,2017-10-27 16:44:08,NA,2,NA,1,1,"S","PARTNTID",NA,NA,4,"sample does not have an associated bay program method code"
"721",999,"LRA","ALLARM.LT1","02/21/2006","12:00:00","TDS.1","M1",2228,"CMC","NTWQM",2006-02-21 12:00:00,0.3,"ISM",1,"Water",NA,320,"MG/L",NA,NA,NA,2017-10-27 16:42:39,NA,2,NA,1,1,"S","PARTNTID",NA,NA,4,"sample does not have an associated bay program method code"
"722",999,"LRA","ALLARM.LT4","11/06/2006","12:00:00","TDS.1","M1",2347,"CMC","NTWQM",2006-11-06 12:00:00,0.3,"ISM",1,"Water",NA,310,"MG/L",NA,NA,NA,2017-10-27 16:46:57,NA,2,NA,1,1,"S","PARTNTID",NA,NA,4,"sample does not have an associated bay program method code"
"723",999,"LRA","ALLARM.LT10","09/06/2006","12:00:00","NO3N.3","M1",2327,"CMC","NTWQM",2006-09-06 12:00:00,0.3,"ISM",2,"Water",NA,1.35,"MG/L",NA,NA,NA,2017-10-27 16:46:10,NA,2,NA,1,1,"S","PARTNTID",NA,NA,4,"sample does not have an associated bay program method code"
"724",999,"LRA","ALLARM.LT3","04/18/2006","12:00:00","TDS.1","M1",2256,"CMC","NTWQM",2006-04-18 12:00:00,0.3,"ISM",1,"Water",NA,280,"MG/L",NA,NA,NA,2017-10-27 16:43:35,NA,2,NA,1,1,"S","PARTNTID",NA,NA,4,"sample does not have an associated bay program method code"
"725",999,"LRA","ALLARM.LT1","03/21/2006","12:00:00","NO3N.3","M1",2241,"CMC","NTWQM",2006-03-21 12:00:00,0.3,"ISM",2,"Water",NA,3.7,"MG/L",NA,NA,NA,2017-10-27 16:43:04,NA,2,NA,1,1,"S","PARTNTID",NA,NA,4,"sample does not have an associated bay program method code"
"726",999,"LRA","ALLARM.LT10","09/06/2006","12:00:00","TDS.1","M1",2327,"CMC","NTWQM",2006-09-06 12:00:00,0.3,"ISM",1,"Water",NA,320,"MG/L",NA,NA,NA,2017-10-27 16:46:10,NA,2,NA,1,1,"S","PARTNTID",NA,NA,4,"sample does not have an associated bay program method code"
"727",999,"LRA","ALLARM.LT6","06/26/2006","12:00:00","TDS.1","M1",2285,"CMC","NTWQM",2006-06-26 12:00:00,0.3,"ISM",1,"Water",NA,230,"MG/L",NA,NA,NA,2017-10-27 16:44:36,NA,2,NA,1,1,"S","PARTNTID",NA,NA,4,"sample does not have an associated bay program method code"
"728",999,"LRA","ALLARM.LT1","03/21/2006","12:00:00","TDS.1","M1",2241,"CMC","NTWQM",2006-03-21 12:00:00,0.3,"ISM",1,"Water",NA,300,"MG/L",NA,NA,NA,2017-10-27 16:43:04,NA,2,NA,1,1,"S","PARTNTID",NA,NA,4,"sample does not have an associated bay program method code"
"729",999,"LRA","ALLARM.LT4","12/06/2006","12:00:00","TDS.1","M1",2360,"CMC","NTWQM",2006-12-06 12:00:00,0.3,"ISM",1,"Water",NA,310,"MG/L",NA,NA,NA,2017-10-27 16:47:27,NA,2,NA,1,1,"S","PARTNTID",NA,NA,4,"sample does not have an associated bay program method code"
"730",999,"LRA","ALLARM.LT10","11/06/2006","12:00:00","NO3N.3","M1",2353,"CMC","NTWQM",2006-11-06 12:00:00,0.3,"ISM",2,"Water",NA,2.8,"MG/L",NA,NA,NA,2017-10-27 16:47:11,NA,2,NA,1,1,"S","PARTNTID",NA,NA,4,"sample does not have an associated bay program method code"
"731",999,"LRA","ALLARM.LT3","05/02/2006","12:00:00","TDS.1","M1",2269,"CMC","NTWQM",2006-05-02 12:00:00,0.3,"ISM",1,"Water",NA,260,"MG/L",NA,NA,NA,2017-10-27 16:44:02,NA,2,NA,1,1,"S","PARTNTID",NA,NA,4,"sample does not have an associated bay program method code"
"732",999,"LRA","ALLARM.LT1","04/18/2006","12:00:00","NO3N.3","M1",2254,"CMC","NTWQM",2006-04-18 12:00:00,0.3,"ISM",2,"Water",NA,3.9,"MG/L",NA,NA,NA,2017-10-27 16:43:31,NA,2,NA,1,1,"S","PARTNTID",NA,NA,4,"sample does not have an associated bay program method code"
"733",999,"LRA","ALLARM.LT10","11/06/2006","12:00:00","TDS.1","M1",2353,"CMC","NTWQM",2006-11-06 12:00:00,0.3,"ISM",1,"Water",NA,370,"MG/L",NA,NA,NA,2017-10-27 16:47:11,NA,2,NA,1,1,"S","PARTNTID",NA,NA,4,"sample does not have an associated bay program method code"
"734",999,"LRA","ALLARM.LT6","07/06/2006","12:00:00","TDS.1","M1",2298,"CMC","NTWQM",2006-07-06 12:00:00,0.3,"ISM",1,"Water",NA,260,"MG/L",NA,NA,NA,2017-10-27 16:45:04,NA,2,NA,1,1,"S","PARTNTID",NA,NA,4,"sample does not have an associated bay program method code"
"735",999,"LRA","ALLARM.LT1","04/18/2006","12:00:00","TDS.1","M1",2254,"CMC","NTWQM",2006-04-18 12:00:00,0.3,"ISM",1,"Water",NA,280,"MG/L",NA,NA,NA,2017-10-27 16:43:31,NA,2,NA,1,1,"S","PARTNTID",NA,NA,4,"sample does not have an associated bay program method code"
"736",999,"LRA","ALLARM.LT5","01/31/2006","12:00:00","TDS.1","M1",2219,"CMC","NTWQM",2006-01-31 12:00:00,0.3,"ISM",1,"Water",NA,330,"MG/L",NA,NA,NA,2017-10-27 16:42:21,NA,2,NA,1,1,"S","PARTNTID",NA,NA,4,"sample does not have an associated bay program method code"
"737",999,"LRA","ALLARM.LT10","12/06/2006","12:00:00","NO3N.3","M1",2366,"CMC","NTWQM",2006-12-06 12:00:00,0.3,"ISM",2,"Water",NA,2.1,"MG/L",NA,NA,NA,2017-10-27 16:47:41,NA,2,NA,1,1,"S","PARTNTID",NA,NA,4,"sample does not have an associated bay program method code"
"738",999,"LRA","ALLARM.LT3","06/26/2006","12:00:00","TDS.1","M1",2282,"CMC","NTWQM",2006-06-26 12:00:00,0.3,"ISM",1,"Water",NA,240,"MG/L",NA,NA,NA,2017-10-27 16:44:29,NA,2,NA,1,1,"S","PARTNTID",NA,NA,4,"sample does not have an associated bay program method code"
"739",999,"LRA","ALLARM.LT1","05/02/2006","12:00:00","NO3N.3","M1",2267,"CMC","NTWQM",2006-05-02 12:00:00,0.3,"ISM",2,"Water",NA,3.8,"MG/L",NA,NA,NA,2017-10-27 16:43:57,NA,2,NA,1,1,"S","PARTNTID",NA,NA,4,"sample does not have an associated bay program method code"
"740",999,"LRA","ALLARM.LT10","12/06/2006","12:00:00","TDS.1","M1",2366,"CMC","NTWQM",2006-12-06 12:00:00,0.3,"ISM",1,"Water",NA,360,"MG/L",NA,NA,NA,2017-10-27 16:47:41,NA,2,NA,1,1,"S","PARTNTID",NA,NA,4,"sample does not have an associated bay program method code"
"741",999,"LRA","ALLARM.LT6","08/29/2006","12:00:00","TDS.1","M1",2311,"CMC","NTWQM",2006-08-29 12:00:00,0.3,"ISM",1,"Water",NA,260,"MG/L",NA,NA,NA,2017-10-27 16:45:33,NA,2,NA,1,1,"S","PARTNTID",NA,NA,4,"sample does not have an associated bay program method code"
"742",999,"LRA","ALLARM.LT1","05/02/2006","12:00:00","TDS.1","M1",2267,"CMC","NTWQM",2006-05-02 12:00:00,0.3,"ISM",1,"Water",NA,280,"MG/L",NA,NA,NA,2017-10-27 16:43:57,NA,2,NA,1,1,"S","PARTNTID",NA,NA,4,"sample does not have an associated bay program method code"
"743",999,"LRA","ALLARM.LT5","02/21/2006","12:00:00","TDS.1","M1",2232,"CMC","NTWQM",2006-02-21 12:00:00,0.3,"ISM",1,"Water",NA,310,"MG/L",NA,NA,NA,2017-10-27 16:42:46,NA,2,NA,1,1,"S","PARTNTID",NA,NA,4,"sample does not have an associated bay program method code"
"744",999,"LRA","ALLARM.LT2","01/31/2006","12:00:00","NO3N.3","M1",2216,"CMC","NTWQM",2006-01-31 12:00:00,0.3,"ISM",2,"Water",NA,1.5,"MG/L",NA,NA,NA,2017-10-27 16:42:15,NA,2,NA,1,1,"S","PARTNTID",NA,NA,4,"sample does not have an associated bay program method code"
"745",999,"LRA","ALLARM.LT3","07/06/2006","12:00:00","TDS.1","M1",2295,"CMC","NTWQM",2006-07-06 12:00:00,0.3,"ISM",1,"Water",NA,280,"MG/L",NA,NA,NA,2017-10-27 16:44:57,NA,2,NA,1,1,"S","PARTNTID",NA,NA,4,"sample does not have an associated bay program method code"
"746",999,"LRA","ALLARM.LT1","06/26/2006","12:00:00","NO3N.3","M1",2280,"CMC","NTWQM",2006-06-26 12:00:00,0.3,"ISM",2,"Water",NA,2.5,"MG/L",NA,NA,NA,2017-10-27 16:44:25,NA,2,NA,1,1,"S","PARTNTID",NA,NA,4,"sample does not have an associated bay program method code"
"747",999,"LRA","ALLARM.LT2","01/31/2006","12:00:00","TDS.1","M1",2216,"CMC","NTWQM",2006-01-31 12:00:00,0.3,"ISM",1,"Water",NA,290,"MG/L",NA,NA,NA,2017-10-27 16:42:15,NA,2,NA,1,1,"S","PARTNTID",NA,NA,4,"sample does not have an associated bay program method code"
"748",999,"LRA","ALLARM.LT6","09/06/2006","12:00:00","TDS.1","M1",2323,"CMC","NTWQM",2006-09-06 12:00:00,0.3,"ISM",1,"Water",NA,290,"MG/L",NA,NA,NA,2017-10-27 16:46:01,NA,2,NA,1,1,"S","PARTNTID",NA,NA,4,"sample does not have an associated bay program method code"
"749",999,"LRA","ALLARM.LT1","06/26/2006","12:00:00","TDS.1","M1",2280,"CMC","NTWQM",2006-06-26 12:00:00,0.3,"ISM",1,"Water",NA,250,"MG/L",NA,NA,NA,2017-10-27 16:44:25,NA,2,NA,1,1,"S","PARTNTID",NA,NA,4,"sample does not have an associated bay program method code"
"750",999,"LRA","ALLARM.LT5","03/21/2006","12:00:00","TDS.1","M1",2245,"CMC","NTWQM",2006-03-21 12:00:00,0.3,"ISM",1,"Water",NA,320,"MG/L",NA,NA,NA,2017-10-27 16:43:13,NA,2,NA,1,1,"S","PARTNTID",NA,NA,4,"sample does not have an associated bay program method code"
"751",999,"LRA","ALLARM.LT2","02/21/2006","12:00:00","NO3N.3","M1",2229,"CMC","NTWQM",2006-02-21 12:00:00,0.3,"ISM",2,"Water",NA,4.8,"MG/L",NA,NA,NA,2017-10-27 16:42:41,NA,2,NA,1,1,"S","PARTNTID",NA,NA,4,"sample does not have an associated bay program method code"
"752",999,"LRA","ALLARM.LT3","08/29/2006","12:00:00","TDS.1","M1",2308,"CMC","NTWQM",2006-08-29 12:00:00,0.3,"ISM",1,"Water",NA,270,"MG/L",NA,NA,NA,2017-10-27 16:45:27,NA,2,NA,1,1,"S","PARTNTID",NA,NA,4,"sample does not have an associated bay program method code"
"753",999,"LRA","ALLARM.LT1","07/06/2006","12:00:00","NO3N.3","M1",2293,"CMC","NTWQM",2006-07-06 12:00:00,0.3,"ISM",2,"Water",NA,4.1,"MG/L",NA,NA,NA,2017-10-27 16:44:53,NA,2,NA,1,1,"S","PARTNTID",NA,NA,4,"sample does not have an associated bay program method code"
"754",999,"LRA","ALLARM.LT2","02/21/2006","12:00:00","TDS.1","M1",2229,"CMC","NTWQM",2006-02-21 12:00:00,0.3,"ISM",1,"Water",NA,310,"MG/L",NA,NA,NA,2017-10-27 16:42:41,NA,2,NA,1,1,"S","PARTNTID",NA,NA,4,"sample does not have an associated bay program method code"
"755",999,"LRA","ALLARM.LT6","11/06/2006","12:00:00","TDS.1","M1",2349,"CMC","NTWQM",2006-11-06 12:00:00,0.3,"ISM",1,"Water",NA,310,"MG/L",NA,NA,NA,2017-10-27 16:47:02,NA,2,NA,1,1,"S","PARTNTID",NA,NA,4,"sample does not have an associated bay program method code"
"756",999,"LRA","ALLARM.LT1","07/06/2006","12:00:00","TDS.1","M1",2293,"CMC","NTWQM",2006-07-06 12:00:00,0.3,"ISM",1,"Water",NA,290,"MG/L",NA,NA,NA,2017-10-27 16:44:53,NA,2,NA,1,1,"S","PARTNTID",NA,NA,4,"sample does not have an associated bay program method code"
"757",999,"LRA","ALLARM.LT5","04/18/2006","12:00:00","TDS.1","M1",2258,"CMC","NTWQM",2006-04-18 12:00:00,0.3,"ISM",1,"Water",NA,270,"MG/L",NA,NA,NA,2017-10-27 16:43:39,NA,2,NA,1,1,"S","PARTNTID",NA,NA,4,"sample does not have an associated bay program method code"
"758",999,"LRA","ALLARM.LT2","03/21/2006","12:00:00","NO3N.3","M1",2242,"CMC","NTWQM",2006-03-21 12:00:00,0.3,"ISM",2,"Water",NA,4,"MG/L",NA,NA,NA,2017-10-27 16:43:06,NA,2,NA,1,1,"S","PARTNTID",NA,NA,4,"sample does not have an associated bay program method code"
"759",999,"LRA","ALLARM.LT3","09/06/2006","12:00:00","TDS.1","M1",2320,"CMC","NTWQM",2006-09-06 12:00:00,0.3,"ISM",1,"Water",NA,300,"MG/L",NA,NA,NA,2017-10-27 16:45:53,NA,2,NA,1,1,"S","PARTNTID",NA,NA,4,"sample does not have an associated bay program method code"
"760",999,"LRA","ALLARM.LT1","08/29/2006","12:00:00","NO3N.3","M1",2306,"CMC","NTWQM",2006-08-29 12:00:00,0.3,"ISM",2,"Water",NA,3.9,"MG/L",NA,NA,NA,2017-10-27 16:45:22,NA,2,NA,1,1,"S","PARTNTID",NA,NA,4,"sample does not have an associated bay program method code"
"761",999,"LRA","ALLARM.LT2","03/21/2006","12:00:00","TDS.1","M1",2242,"CMC","NTWQM",2006-03-21 12:00:00,0.3,"ISM",1,"Water",NA,290,"MG/L",NA,NA,NA,2017-10-27 16:43:06,NA,2,NA,1,1,"S","PARTNTID",NA,NA,4,"sample does not have an associated bay program method code"
"762",999,"LRA","ALLARM.LT6","12/06/2006","12:00:00","TDS.1","M1",2362,"CMC","NTWQM",2006-12-06 12:00:00,0.3,"ISM",1,"Water",NA,320,"MG/L",NA,NA,NA,2017-10-27 16:47:31,NA,2,NA,1,1,"S","PARTNTID",NA,NA,4,"sample does not have an associated bay program method code"
"763",999,"LRA","ALLARM.LT1","08/29/2006","12:00:00","TDS.1","M1",2306,"CMC","NTWQM",2006-08-29 12:00:00,0.3,"ISM",1,"Water",NA,270,"MG/L",NA,NA,NA,2017-10-27 16:45:22,NA,2,NA,1,1,"S","PARTNTID",NA,NA,4,"sample does not have an associated bay program method code"
"764",999,"LRA","ALLARM.LT5","05/02/2006","12:00:00","TDS.1","M1",2271,"CMC","NTWQM",2006-05-02 12:00:00,0.3,"ISM",1,"Water",NA,270,"MG/L",NA,NA,NA,2017-10-27 16:44:06,NA,2,NA,1,1,"S","PARTNTID",NA,NA,4,"sample does not have an associated bay program method code"
"765",999,"LRA","ALLARM.LT2","04/18/2006","12:00:00","NO3N.3","M1",2255,"CMC","NTWQM",2006-04-18 12:00:00,0.3,"ISM",2,"Water",NA,4,"MG/L",NA,NA,NA,2017-10-27 16:43:33,NA,2,NA,1,1,"S","PARTNTID",NA,NA,4,"sample does not have an associated bay program method code"
"766",999,"LRA","ALLARM.LT3","11/06/2006","12:00:00","TDS.1","M1",2346,"CMC","NTWQM",2006-11-06 12:00:00,0.3,"ISM",1,"Water",NA,300,"MG/L",NA,NA,NA,2017-10-27 16:46:55,NA,2,NA,1,1,"S","PARTNTID",NA,NA,4,"sample does not have an associated bay program method code"
"767",999,"LRA","ALLARM.LT1","09/06/2006","12:00:00","NO3N.3","M1",2318,"CMC","NTWQM",2006-09-06 12:00:00,0.3,"ISM",2,"Water",NA,2.8,"MG/L",NA,NA,NA,2017-10-27 16:45:48,NA,2,NA,1,1,"S","PARTNTID",NA,NA,4,"sample does not have an associated bay program method code"
"768",999,"LRA","ALLARM.LT2","04/18/2006","12:00:00","TDS.1","M1",2255,"CMC","NTWQM",2006-04-18 12:00:00,0.3,"ISM",1,"Water",NA,260,"MG/L",NA,NA,NA,2017-10-27 16:43:33,NA,2,NA,1,1,"S","PARTNTID",NA,NA,4,"sample does not have an associated bay program method code"
"769",999,"LRA","ALLARM.LT7","01/31/2006","12:00:00","TDS.1","M1",2221,"CMC","NTWQM",2006-01-31 12:00:00,0.3,"ISM",1,"Water",NA,360,"MG/L",NA,NA,NA,2017-10-27 16:42:25,NA,2,NA,1,1,"S","PARTNTID",NA,NA,4,"sample does not have an associated bay program method code"
"770",999,"LRA","ALLARM.LT1","09/06/2006","12:00:00","TDS.1","M1",2318,"CMC","NTWQM",2006-09-06 12:00:00,0.3,"ISM",1,"Water",NA,290,"MG/L",NA,NA,NA,2017-10-27 16:45:48,NA,2,NA,1,1,"S","PARTNTID",NA,NA,4,"sample does not have an associated bay program method code"
"771",999,"LRA","ALLARM.LT5","06/26/2006","12:00:00","TDS.1","M1",2284,"CMC","NTWQM",2006-06-26 12:00:00,0.3,"ISM",1,"Water",NA,250,"MG/L",NA,NA,NA,2017-10-27 16:44:33,NA,2,NA,1,1,"S","PARTNTID",NA,NA,4,"sample does not have an associated bay program method code"
"772",999,"LRA","ALLARM.LT2","05/02/2006","12:00:00","NO3N.3","M1",2268,"CMC","NTWQM",2006-05-02 12:00:00,0.3,"ISM",2,"Water",NA,4.3,"MG/L",NA,NA,NA,2017-10-27 16:44:00,NA,2,NA,1,1,"S","PARTNTID",NA,NA,4,"sample does not have an associated bay program method code"
"773",999,"LRA","ALLARM.LT3","12/06/2006","12:00:00","TDS.1","M1",2359,"CMC","NTWQM",2006-12-06 12:00:00,0.3,"ISM",1,"Water",NA,320,"MG/L",NA,NA,NA,2017-10-27 16:47:25,NA,2,NA,1,1,"S","PARTNTID",NA,NA,4,"sample does not have an associated bay program method code"
"774",999,"LRA","ALLARM.LT1","11/06/2006","12:00:00","NO3N.3","M1",2344,"CMC","NTWQM",2006-11-06 12:00:00,0.3,"ISM",2,"Water",NA,4.1,"MG/L",NA,NA,NA,2017-10-27 16:46:51,NA,2,NA,1,1,"S","PARTNTID",NA,NA,4,"sample does not have an associated bay program method code"
"775",999,"LRA","ALLARM.LT2","05/02/2006","12:00:00","TDS.1","M1",2268,"CMC","NTWQM",2006-05-02 12:00:00,0.3,"ISM",1,"Water",NA,240,"MG/L",NA,NA,NA,2017-10-27 16:44:00,NA,2,NA,1,1,"S","PARTNTID",NA,NA,4,"sample does not have an associated bay program method code"
"776",999,"LRA","ALLARM.LT7","02/21/2006","12:00:00","TDS.1","M1",2234,"CMC","NTWQM",2006-02-21 12:00:00,0.3,"ISM",1,"Water",NA,320,"MG/L",NA,NA,NA,2017-10-27 16:42:50,NA,2,NA,1,1,"S","PARTNTID",NA,NA,4,"sample does not have an associated bay program method code"
"777",999,"LRA","ALLARM.LT1","11/06/2006","12:00:00","TDS.1","M1",2344,"CMC","NTWQM",2006-11-06 12:00:00,0.3,"ISM",1,"Water",NA,300,"MG/L",NA,NA,NA,2017-10-27 16:46:51,NA,2,NA,1,1,"S","PARTNTID",NA,NA,4,"sample does not have an associated bay program method code"
"778",999,"LRA","ALLARM.LT5","07/06/2006","12:00:00","TDS.1","M1",2297,"CMC","NTWQM",2006-07-06 12:00:00,0.3,"ISM",1,"Water",NA,250,"MG/L",NA,NA,NA,2017-10-27 16:45:02,NA,2,NA,1,1,"S","PARTNTID",NA,NA,4,"sample does not have an associated bay program method code"
"779",999,"LRA","ALLARM.LT2","06/26/2006","12:00:00","NO3N.3","M1",2281,"CMC","NTWQM",2006-06-26 12:00:00,0.3,"ISM",2,"Water",NA,3.1,"MG/L",NA,NA,NA,2017-10-27 16:44:27,NA,2,NA,1,1,"S","PARTNTID",NA,NA,4,"sample does not have an associated bay program method code"
"780",999,"LRA","ALLARM.LT4","01/31/2006","12:00:00","TDS.1","M1",2218,"CMC","NTWQM",2006-01-31 12:00:00,0.3,"ISM",1,"Water",NA,330,"MG/L",NA,NA,NA,2017-10-27 16:42:19,NA,2,NA,1,1,"S","PARTNTID",NA,NA,4,"sample does not have an associated bay program method code"
"781",999,"LRA","ALLARM.LT1","12/06/2006","12:00:00","NO3N.3","M1",2357,"CMC","NTWQM",2006-12-06 12:00:00,0.3,"ISM",2,"Water",NA,3.4,"MG/L",NA,NA,NA,2017-10-27 16:47:20,NA,2,NA,1,1,"S","PARTNTID",NA,NA,4,"sample does not have an associated bay program method code"
"782",999,"LRA","ALLARM.LT2","06/26/2006","12:00:00","TDS.1","M1",2281,"CMC","NTWQM",2006-06-26 12:00:00,0.3,"ISM",1,"Water",NA,210,"MG/L",NA,NA,NA,2017-10-27 16:44:27,NA,2,NA,1,1,"S","PARTNTID",NA,NA,4,"sample does not have an associated bay program method code"
"783",999,"LRA","ALLARM.LT7","03/21/2006","12:00:00","TDS.1","M1",2247,"CMC","NTWQM",2006-03-21 12:00:00,0.3,"ISM",1,"Water",NA,320,"MG/L",NA,NA,NA,2017-10-27 16:43:17,NA,2,NA,1,1,"S","PARTNTID",NA,NA,4,"sample does not have an associated bay program method code"
"784",999,"LRA","ALLARM.LT1","12/06/2006","12:00:00","TDS.1","M1",2357,"CMC","NTWQM",2006-12-06 12:00:00,0.3,"ISM",1,"Water",NA,310,"MG/L",NA,NA,NA,2017-10-27 16:47:20,NA,2,NA,1,1,"S","PARTNTID",NA,NA,4,"sample does not have an associated bay program method code"
"785",999,"LRA","ALLARM.LT5","08/29/2006","12:00:00","TDS.1","M1",2310,"CMC","NTWQM",2006-08-29 12:00:00,0.3,"ISM",1,"Water",NA,260,"MG/L",NA,NA,NA,2017-10-27 16:45:31,NA,2,NA,1,1,"S","PARTNTID",NA,NA,4,"sample does not have an associated bay program method code"
"786",999,"LRA","ALLARM.LT2","07/06/2006","12:00:00","NO3N.3","M1",2294,"CMC","NTWQM",2006-07-06 12:00:00,0.3,"ISM",2,"Water",NA,4.2,"MG/L",NA,NA,NA,2017-10-27 16:44:55,NA,2,NA,1,1,"S","PARTNTID",NA,NA,4,"sample does not have an associated bay program method code"
"787",999,"LRA","ALLARM.LT4","02/21/2006","12:00:00","TDS.1","M1",2231,"CMC","NTWQM",2006-02-21 12:00:00,0.3,"ISM",1,"Water",NA,310,"MG/L",NA,NA,NA,2017-10-27 16:42:44,NA,2,NA,1,1,"S","PARTNTID",NA,NA,4,"sample does not have an associated bay program method code"
"788",999,"LRA","ALLARM.LT10","01/31/2006","12:00:00","NO3N.3","M1",2224,"CMC","NTWQM",2006-01-31 12:00:00,0.3,"ISM",2,"Water",NA,3.3,"MG/L",NA,NA,NA,2017-10-27 16:42:30,NA,2,NA,1,1,"S","PARTNTID",NA,NA,4,"sample does not have an associated bay program method code"
"789",999,"LRA","ALLARM.LT2","07/06/2006","12:00:00","TDS.1","M1",2294,"CMC","NTWQM",2006-07-06 12:00:00,0.3,"ISM",1,"Water",NA,270,"MG/L",NA,NA,NA,2017-10-27 16:44:55,NA,2,NA,1,1,"S","PARTNTID",NA,NA,4,"sample does not have an associated bay program method code"
"790",999,"LRA","ALLARM.LT7","04/18/2006","12:00:00","TDS.1","M1",2260,"CMC","NTWQM",2006-04-18 12:00:00,0.3,"ISM",1,"Water",NA,290,"MG/L",NA,NA,NA,2017-10-27 16:43:43,NA,2,NA,1,1,"S","PARTNTID",NA,NA,4,"sample does not have an associated bay program method code"
"791",999,"LRA","ALLARM.LT10","01/31/2006","12:00:00","TDS.1","M1",2224,"CMC","NTWQM",2006-01-31 12:00:00,0.3,"ISM",1,"Water",NA,310,"MG/L",NA,NA,NA,2017-10-27 16:42:30,NA,2,NA,1,1,"S","PARTNTID",NA,NA,4,"sample does not have an associated bay program method code"
"792",999,"LRA","ALLARM.LT5","09/06/2006","12:00:00","TDS.1","M1",2322,"CMC","NTWQM",2006-09-06 12:00:00,0.3,"ISM",1,"Water",NA,280,"MG/L",NA,NA,NA,2017-10-27 16:45:58,NA,2,NA,1,1,"S","PARTNTID",NA,NA,4,"sample does not have an associated bay program method code"
"793",999,"LRA","ALLARM.LT2","08/29/2006","12:00:00","NO3N.3","M1",2307,"CMC","NTWQM",2006-08-29 12:00:00,0.3,"ISM",2,"Water",NA,4.6,"MG/L",NA,NA,NA,2017-10-27 16:45:25,NA,2,NA,1,1,"S","PARTNTID",NA,NA,4,"sample does not have an associated bay program method code"
"794",999,"LRA","ALLARM.LT4","03/21/2006","12:00:00","TDS.1","M1",2244,"CMC","NTWQM",2006-03-21 12:00:00,0.3,"ISM",1,"Water",NA,320,"MG/L",NA,NA,NA,2017-10-27 16:43:11,NA,2,NA,1,1,"S","PARTNTID",NA,NA,4,"sample does not have an associated bay program method code"
"795",999,"LRA","ALLARM.LT10","02/21/2006","12:00:00","NO3N.3","M1",2237,"CMC","NTWQM",2006-02-21 12:00:00,0.3,"ISM",2,"Water",NA,3.1,"MG/L",NA,NA,NA,2017-10-27 16:42:56,NA,2,NA,1,1,"S","PARTNTID",NA,NA,4,"sample does not have an associated bay program method code"
"796",999,"LRA","ALLARM.LT2","08/29/2006","12:00:00","TDS.1","M1",2307,"CMC","NTWQM",2006-08-29 12:00:00,0.3,"ISM",1,"Water",NA,250,"MG/L",NA,NA,NA,2017-10-27 16:45:25,NA,2,NA,1,1,"S","PARTNTID",NA,NA,4,"sample does not have an associated bay program method code"
"797",999,"LRA","ALLARM.LT7","05/02/2006","12:00:00","TDS.1","M1",2273,"CMC","NTWQM",2006-05-02 12:00:00,0.3,"ISM",1,"Water",NA,280,"MG/L",NA,NA,NA,2017-10-27 16:44:10,NA,2,NA,1,1,"S","PARTNTID",NA,NA,4,"sample does not have an associated bay program method code"
"798",999,"LRA","ALLARM.LT10","02/21/2006","12:00:00","TDS.1","M1",2237,"CMC","NTWQM",2006-02-21 12:00:00,0.3,"ISM",1,"Water",NA,350,"MG/L",NA,NA,NA,2017-10-27 16:42:56,NA,2,NA,1,1,"S","PARTNTID",NA,NA,4,"sample does not have an associated bay program method code"
"799",999,"LRA","ALLARM.LT5","11/06/2006","12:00:00","TDS.1","M1",2348,"CMC","NTWQM",2006-11-06 12:00:00,0.3,"ISM",1,"Water",NA,310,"MG/L",NA,NA,NA,2017-10-27 16:47:00,NA,2,NA,1,1,"S","PARTNTID",NA,NA,4,"sample does not have an associated bay program method code"
"800",999,"LRA","ALLARM.LT2","09/06/2006","12:00:00","NO3N.3","M1",2319,"CMC","NTWQM",2006-09-06 12:00:00,0.3,"ISM",2,"Water",NA,4.9,"MG/L",NA,NA,NA,2017-10-27 16:45:50,NA,2,NA,1,1,"S","PARTNTID",NA,NA,4,"sample does not have an associated bay program method code"
"801",999,"LRA","ALLARM.LT4","04/18/2006","12:00:00","TDS.1","M1",2257,"CMC","NTWQM",2006-04-18 12:00:00,0.3,"ISM",1,"Water",NA,260,"MG/L",NA,NA,NA,2017-10-27 16:43:37,NA,2,NA,1,1,"S","PARTNTID",NA,NA,4,"sample does not have an associated bay program method code"
"802",999,"LRA","ALLARM.LT10","03/21/2006","12:00:00","NO3N.3","M1",2250,"CMC","NTWQM",2006-03-21 12:00:00,0.3,"ISM",2,"Water",NA,3.2,"MG/L",NA,NA,NA,2017-10-27 16:43:23,NA,2,NA,1,1,"S","PARTNTID",NA,NA,4,"sample does not have an associated bay program method code"
"803",999,"LRA","ALLARM.LT2","09/06/2006","12:00:00","TDS.1","M1",2319,"CMC","NTWQM",2006-09-06 12:00:00,0.3,"ISM",1,"Water",NA,270,"MG/L",NA,NA,NA,2017-10-27 16:45:50,NA,2,NA,1,1,"S","PARTNTID",NA,NA,4,"sample does not have an associated bay program method code"
"804",999,"LRA","ALLARM.LT7","06/26/2006","12:00:00","TDS.1","M1",2286,"CMC","NTWQM",2006-06-26 12:00:00,0.3,"ISM",1,"Water",NA,270,"MG/L",NA,NA,NA,2017-10-27 16:44:38,NA,2,NA,1,1,"S","PARTNTID",NA,NA,4,"sample does not have an associated bay program method code"
"805",999,"LRA","ALLARM.LT10","03/21/2006","12:00:00","TDS.1","M1",2250,"CMC","NTWQM",2006-03-21 12:00:00,0.3,"ISM",1,"Water",NA,330,"MG/L",NA,NA,NA,2017-10-27 16:43:23,NA,2,NA,1,1,"S","PARTNTID",NA,NA,4,"sample does not have an associated bay program method code"
"806",999,"LRA","ALLARM.LT5","12/06/2006","12:00:00","TDS.1","M1",2361,"CMC","NTWQM",2006-12-06 12:00:00,0.3,"ISM",1,"Water",NA,310,"MG/L",NA,NA,NA,2017-10-27 16:47:29,NA,2,NA,1,1,"S","PARTNTID",NA,NA,4,"sample does not have an associated bay program method code"
"807",999,"LRA","ALLARM.LT2","11/06/2006","12:00:00","NO3N.3","M1",2345,"CMC","NTWQM",2006-11-06 12:00:00,0.3,"ISM",2,"Water",NA,4,"MG/L",NA,NA,NA,2017-10-27 16:46:53,NA,2,NA,1,1,"S","PARTNTID",NA,NA,4,"sample does not have an associated bay program method code"
"808",999,"LRA","ALLARM.LT4","05/02/2006","12:00:00","TDS.1","M1",2270,"CMC","NTWQM",2006-05-02 12:00:00,0.3,"ISM",1,"Water",NA,280,"MG/L",NA,NA,NA,2017-10-27 16:44:04,NA,2,NA,1,1,"S","PARTNTID",NA,NA,4,"sample does not have an associated bay program method code"
"809",999,"LRA","ALLARM.LT10","04/18/2006","12:00:00","NO3N.3","M1",2263,"CMC","NTWQM",2006-04-18 12:00:00,0.3,"ISM",2,"Water",NA,3.1,"MG/L",NA,NA,NA,2017-10-27 16:43:49,NA,2,NA,1,1,"S","PARTNTID",NA,NA,4,"sample does not have an associated bay program method code"
"810",999,"LRA","ALLARM.LT2","11/06/2006","12:00:00","TDS.1","M1",2345,"CMC","NTWQM",2006-11-06 12:00:00,0.3,"ISM",1,"Water",NA,280,"MG/L",NA,NA,NA,2017-10-27 16:46:53,NA,2,NA,1,1,"S","PARTNTID",NA,NA,4,"sample does not have an associated bay program method code"
"811",999,"LRA","ALLARM.LT7","07/06/2006","12:00:00","TDS.1","M1",2299,"CMC","NTWQM",2006-07-06 12:00:00,0.3,"ISM",1,"Water",NA,280,"MG/L",NA,NA,NA,2017-10-27 16:45:06,NA,2,NA,1,1,"S","PARTNTID",NA,NA,4,"sample does not have an associated bay program method code"
"812",999,"LRA","ALLARM.LT10","04/18/2006","12:00:00","TDS.1","M1",2263,"CMC","NTWQM",2006-04-18 12:00:00,0.3,"ISM",1,"Water",NA,320,"MG/L",NA,NA,NA,2017-10-27 16:43:49,NA,2,NA,1,1,"S","PARTNTID",NA,NA,4,"sample does not have an associated bay program method code"
"813",999,"LRA","ALLARM.LT6","01/31/2006","12:00:00","TDS.1","M1",2220,"CMC","NTWQM",2006-01-31 12:00:00,0.3,"ISM",1,"Water",NA,330,"MG/L",NA,NA,NA,2017-10-27 16:42:23,NA,2,NA,1,1,"S","PARTNTID",NA,NA,4,"sample does not have an associated bay program method code"
"814",999,"LRA","ALLARM.LT2","12/06/2006","12:00:00","NO3N.3","M1",2358,"CMC","NTWQM",2006-12-06 12:00:00,0.3,"ISM",2,"Water",NA,3.3,"MG/L",NA,NA,NA,2017-10-27 16:47:22,NA,2,NA,1,1,"S","PARTNTID",NA,NA,4,"sample does not have an associated bay program method code"
"815",999,"LRA","ALLARM.LT4","06/26/2006","12:00:00","TDS.1","M1",2283,"CMC","NTWQM",2006-06-26 12:00:00,0.3,"ISM",1,"Water",NA,250,"MG/L",NA,NA,NA,2017-10-27 16:44:31,NA,2,NA,1,1,"S","PARTNTID",NA,NA,4,"sample does not have an associated bay program method code"
"816",999,"LRA","ALLARM.LT10","05/02/2006","12:00:00","NO3N.3","M1",2276,"CMC","NTWQM",2006-05-02 12:00:00,0.3,"ISM",2,"Water",NA,3.1,"MG/L",NA,NA,NA,2017-10-27 16:44:17,NA,2,NA,1,1,"S","PARTNTID",NA,NA,4,"sample does not have an associated bay program method code"
"817",999,"LRA","ALLARM.LT2","12/06/2006","12:00:00","TDS.1","M1",2358,"CMC","NTWQM",2006-12-06 12:00:00,0.3,"ISM",1,"Water",NA,300,"MG/L",NA,NA,NA,2017-10-27 16:47:22,NA,2,NA,1,1,"S","PARTNTID",NA,NA,4,"sample does not have an associated bay program method code"
"818",999,"LRA","ALLARM.LT7","08/29/2006","12:00:00","TDS.1","M1",2312,"CMC","NTWQM",2006-08-29 12:00:00,0.3,"ISM",1,"Water",NA,270,"MG/L",NA,NA,NA,2017-10-27 16:45:36,NA,2,NA,1,1,"S","PARTNTID",NA,NA,4,"sample does not have an associated bay program method code"
"819",999,"LRA","ALLARM.LT10","05/02/2006","12:00:00","TDS.1","M1",2276,"CMC","NTWQM",2006-05-02 12:00:00,0.3,"ISM",1,"Water",NA,310,"MG/L",NA,NA,NA,2017-10-27 16:44:17,NA,2,NA,1,1,"S","PARTNTID",NA,NA,4,"sample does not have an associated bay program method code"
"820",999,"LRA","ALLARM.LT6","02/21/2006","12:00:00","TDS.1","M1",2233,"CMC","NTWQM",2006-02-21 12:00:00,0.3,"ISM",1,"Water",NA,290,"MG/L",NA,NA,NA,2017-10-27 16:42:48,NA,2,NA,1,1,"S","PARTNTID",NA,NA,4,"sample does not have an associated bay program method code"
"821",999,"LRA","ALLARM.LT3","01/31/2006","12:00:00","NO3N.3","M1",2217,"CMC","NTWQM",2006-01-31 12:00:00,0.3,"ISM",2,"Water",NA,2,"MG/L",NA,NA,NA,2017-10-27 16:42:17,NA,2,NA,1,1,"S","PARTNTID",NA,NA,4,"sample does not have an associated bay program method code"
"822",999,"LRA","ALLARM.LT4","07/06/2006","12:00:00","TDS.1","M1",2296,"CMC","NTWQM",2006-07-06 12:00:00,0.3,"ISM",1,"Water",NA,290,"MG/L",NA,NA,NA,2017-10-27 16:45:00,NA,2,NA,1,1,"S","PARTNTID",NA,NA,4,"sample does not have an associated bay program method code"
"823",999,"LRA","ALLARM.LT10","06/26/2006","12:00:00","NO3N.3","M1",2289,"CMC","NTWQM",2006-06-26 12:00:00,0.3,"ISM",2,"Water",NA,1.1,"MG/L",NA,NA,NA,2017-10-27 16:44:44,NA,2,NA,1,1,"S","PARTNTID",NA,NA,4,"sample does not have an associated bay program method code"
"824",999,"LRA","ALLARM.LT3","01/31/2006","12:00:00","TDS.1","M1",2217,"CMC","NTWQM",2006-01-31 12:00:00,0.3,"ISM",1,"Water",NA,310,"MG/L",NA,NA,NA,2017-10-27 16:42:17,NA,2,NA,1,1,"S","PARTNTID",NA,NA,4,"sample does not have an associated bay program method code"
"825",999,"LRA","ALLARM.LT7","09/06/2006","12:00:00","TDS.1","M1",2324,"CMC","NTWQM",2006-09-06 12:00:00,0.3,"ISM",1,"Water",NA,300,"MG/L",NA,NA,NA,2017-10-27 16:46:03,NA,2,NA,1,1,"S","PARTNTID",NA,NA,4,"sample does not have an associated bay program method code"
"826",999,"LRA","ALLARM.LT10","06/26/2006","12:00:00","TDS.1","M1",2289,"CMC","NTWQM",2006-06-26 12:00:00,0.3,"ISM",1,"Water",NA,190,"MG/L",NA,NA,NA,2017-10-27 16:44:44,NA,2,NA,1,1,"S","PARTNTID",NA,NA,4,"sample does not have an associated bay program method code"
"827",999,"LRA","ALLARM.LT6","03/21/2006","12:00:00","TDS.1","M1",2246,"CMC","NTWQM",2006-03-21 12:00:00,0.3,"ISM",1,"Water",NA,290,"MG/L",NA,NA,NA,2017-10-27 16:43:15,NA,2,NA,1,1,"S","PARTNTID",NA,NA,4,"sample does not have an associated bay program method code"
"828",999,"LRA","ALLARM.LT3","02/21/2006","12:00:00","NO3N.3","M1",2230,"CMC","NTWQM",2006-02-21 12:00:00,0.3,"ISM",2,"Water",NA,4.3,"MG/L",NA,NA,NA,2017-10-27 16:42:43,NA,2,NA,1,1,"S","PARTNTID",NA,NA,4,"sample does not have an associated bay program method code"
"829",999,"LRA","ALLARM.LT4","08/29/2006","12:00:00","TDS.1","M1",2309,"CMC","NTWQM",2006-08-29 12:00:00,0.3,"ISM",1,"Water",NA,260,"MG/L",NA,NA,NA,2017-10-27 16:45:29,NA,2,NA,1,1,"S","PARTNTID",NA,NA,4,"sample does not have an associated bay program method code"
"830",999,"LRA","ALLARM.LT10","07/06/2006","12:00:00","NO3N.3","M1",2302,"CMC","NTWQM",2006-07-06 12:00:00,0.3,"ISM",2,"Water",NA,3.7,"MG/L",NA,NA,NA,2017-10-27 16:45:13,NA,2,NA,1,1,"S","PARTNTID",NA,NA,4,"sample does not have an associated bay program method code"
"831",999,"LRA","ALLARM.LT6","04/18/2006","12:00:00","NO3N.3","M1",2259,"CMC","NTWQM",2006-04-18 12:00:00,0.3,"ISM",2,"Water",NA,4.1,"MG/L",NA,NA,NA,2017-10-27 16:43:41,NA,2,NA,1,1,"S","PARTNTID",NA,NA,4,"sample does not have an associated bay program method code"
"832",999,"LRA","ALLARM.LT7","11/06/2006","12:00:00","TDS.1","M1",2350,"CMC","NTWQM",2006-11-06 12:00:00,0.3,"ISM",1,"Water",NA,330,"MG/L",NA,NA,NA,2017-10-27 16:47:04,NA,2,NA,1,1,"S","PARTNTID",NA,NA,4,"sample does not have an associated bay program method code"
"833",999,"LRA","ALLARM.LT4","09/06/2006","12:00:00","NO3N.3","M1",2321,"CMC","NTWQM",2006-09-06 12:00:00,0.3,"ISM",2,"Water",NA,2.8,"MG/L",NA,NA,NA,2017-10-27 16:45:55,NA,2,NA,1,1,"S","PARTNTID",NA,NA,4,"sample does not have an associated bay program method code"
"834",999,"LRA","ALLARM.LT9","06/26/2006","12:00:00","NO3N.3","M1",2288,"CMC","NTWQM",2006-06-26 12:00:00,0.3,"ISM",2,"Water",NA,1.3,"MG/L",NA,NA,NA,2017-10-27 16:44:42,NA,2,NA,1,1,"S","PARTNTID",NA,NA,4,"sample does not have an associated bay program method code"
"835",999,"LRA","ALLARM.LT3","03/21/2006","12:00:00","NO3N.3","M1",2243,"CMC","NTWQM",2006-03-21 12:00:00,0.3,"ISM",2,"Water",NA,3.8,"MG/L",NA,NA,NA,2017-10-27 16:43:08,NA,2,NA,1,1,"S","PARTNTID",NA,NA,4,"sample does not have an associated bay program method code"
"836",999,"LRA","ALLARM.LT7","12/06/2006","12:00:00","NO3N.3","M1",2363,"CMC","NTWQM",2006-12-06 12:00:00,0.3,"ISM",2,"Water",NA,2.7,"MG/L",NA,NA,NA,2017-10-27 16:47:34,NA,2,NA,1,1,"S","PARTNTID",NA,NA,4,"sample does not have an associated bay program method code"
"837",999,"LRA","ALLARM.LT9","06/26/2006","12:00:00","TDS.1","M1",2288,"CMC","NTWQM",2006-06-26 12:00:00,0.3,"ISM",1,"Water",NA,220,"MG/L",NA,NA,NA,2017-10-27 16:44:42,NA,2,NA,1,1,"S","PARTNTID",NA,NA,4,"sample does not have an associated bay program method code"
"838",999,"LRA","ALLARM.LT6","05/02/2006","12:00:00","NO3N.3","M1",2272,"CMC","NTWQM",2006-05-02 12:00:00,0.3,"ISM",2,"Water",NA,3.2,"MG/L",NA,NA,NA,2017-10-27 16:44:08,NA,2,NA,1,1,"S","PARTNTID",NA,NA,4,"sample does not have an associated bay program method code"
"839",999,"LRA","ALLARM.LT7","12/06/2006","12:00:00","TDS.1","M1",2363,"CMC","NTWQM",2006-12-06 12:00:00,0.3,"ISM",1,"Water",NA,350,"MG/L",NA,NA,NA,2017-10-27 16:47:34,NA,2,NA,1,1,"S","PARTNTID",NA,NA,4,"sample does not have an associated bay program method code"
"840",999,"LRA","ALLARM.LT4","11/06/2006","12:00:00","NO3N.3","M1",2347,"CMC","NTWQM",2006-11-06 12:00:00,0.3,"ISM",2,"Water",NA,3.4,"MG/L",NA,NA,NA,2017-10-27 16:46:57,NA,2,NA,1,1,"S","PARTNTID",NA,NA,4,"sample does not have an associated bay program method code"
"841",999,"LRA","ALLARM.LT9","07/06/2006","12:00:00","NO3N.3","M1",2301,"CMC","NTWQM",2006-07-06 12:00:00,0.3,"ISM",2,"Water",NA,3.5,"MG/L",NA,NA,NA,2017-10-27 16:45:11,NA,2,NA,1,1,"S","PARTNTID",NA,NA,4,"sample does not have an associated bay program method code"
"842",999,"LRA","ALLARM.LT3","04/18/2006","12:00:00","NO3N.3","M1",2256,"CMC","NTWQM",2006-04-18 12:00:00,0.3,"ISM",2,"Water",NA,3.9,"MG/L",NA,NA,NA,2017-10-27 16:43:35,NA,2,NA,1,1,"S","PARTNTID",NA,NA,4,"sample does not have an associated bay program method code"
"843",999,"LRA","ALLARM.LT8","01/31/2006","12:00:00","NO3N.3","M1",2222,"CMC","NTWQM",2006-01-31 12:00:00,0.3,"ISM",2,"Water",NA,3,"MG/L",NA,NA,NA,2017-10-27 16:42:27,NA,2,NA,1,1,"S","PARTNTID",NA,NA,4,"sample does not have an associated bay program method code"
"844",999,"LRA","ALLARM.LT9","07/06/2006","12:00:00","TDS.1","M1",2301,"CMC","NTWQM",2006-07-06 12:00:00,0.3,"ISM",1,"Water",NA,300,"MG/L",NA,NA,NA,2017-10-27 16:45:11,NA,2,NA,1,1,"S","PARTNTID",NA,NA,4,"sample does not have an associated bay program method code"
"845",999,"LRA","ALLARM.LT6","06/26/2006","12:00:00","NO3N.3","M1",2285,"CMC","NTWQM",2006-06-26 12:00:00,0.3,"ISM",2,"Water",NA,1.7,"MG/L",NA,NA,NA,2017-10-27 16:44:36,NA,2,NA,1,1,"S","PARTNTID",NA,NA,4,"sample does not have an associated bay program method code"
"846",999,"LRA","ALLARM.LT8","01/31/2006","12:00:00","TDS.1","M1",2222,"CMC","NTWQM",2006-01-31 12:00:00,0.3,"ISM",1,"Water",NA,360,"MG/L",NA,NA,NA,2017-10-27 16:42:27,NA,2,NA,1,1,"S","PARTNTID",NA,NA,4,"sample does not have an associated bay program method code"
"847",999,"LRA","ALLARM.LT4","12/06/2006","12:00:00","NO3N.3","M1",2360,"CMC","NTWQM",2006-12-06 12:00:00,0.3,"ISM",2,"Water",NA,3.3,"MG/L",NA,NA,NA,2017-10-27 16:47:27,NA,2,NA,1,1,"S","PARTNTID",NA,NA,4,"sample does not have an associated bay program method code"
"848",999,"LRA","ALLARM.LT9","08/29/2006","12:00:00","NO3N.3","M1",2314,"CMC","NTWQM",2006-08-29 12:00:00,0.3,"ISM",2,"Water",NA,3.7,"MG/L",NA,NA,NA,2017-10-27 16:45:41,NA,2,NA,1,1,"S","PARTNTID",NA,NA,4,"sample does not have an associated bay program method code"
"849",999,"LRA","ALLARM.LT3","05/02/2006","12:00:00","NO3N.3","M1",2269,"CMC","NTWQM",2006-05-02 12:00:00,0.3,"ISM",2,"Water",NA,3.4,"MG/L",NA,NA,NA,2017-10-27 16:44:02,NA,2,NA,1,1,"S","PARTNTID",NA,NA,4,"sample does not have an associated bay program method code"
"850",999,"LRA","ALLARM.LT8","02/21/2006","12:00:00","NO3N.3","M1",2235,"CMC","NTWQM",2006-02-21 12:00:00,0.3,"ISM",2,"Water",NA,3.4,"MG/L",NA,NA,NA,2017-10-27 16:42:52,NA,2,NA,1,1,"S","PARTNTID",NA,NA,4,"sample does not have an associated bay program method code"
"851",999,"LRA","ALLARM.LT9","08/29/2006","12:00:00","TDS.1","M1",2314,"CMC","NTWQM",2006-08-29 12:00:00,0.3,"ISM",1,"Water",NA,450,"MG/L",NA,NA,NA,2017-10-27 16:45:41,NA,2,NA,1,1,"S","PARTNTID",NA,NA,4,"sample does not have an associated bay program method code"
"852",999,"LRA","ALLARM.LT6","07/06/2006","12:00:00","NO3N.3","M1",2298,"CMC","NTWQM",2006-07-06 12:00:00,0.3,"ISM",2,"Water",NA,4,"MG/L",NA,NA,NA,2017-10-27 16:45:04,NA,2,NA,1,1,"S","PARTNTID",NA,NA,4,"sample does not have an associated bay program method code"
"853",999,"LRA","ALLARM.LT8","02/21/2006","12:00:00","TDS.1","M1",2235,"CMC","NTWQM",2006-02-21 12:00:00,0.3,"ISM",1,"Water",NA,310,"MG/L",NA,NA,NA,2017-10-27 16:42:52,NA,2,NA,1,1,"S","PARTNTID",NA,NA,4,"sample does not have an associated bay program method code"
"854",999,"LRA","ALLARM.LT5","01/31/2006","12:00:00","NO3N.3","M1",2219,"CMC","NTWQM",2006-01-31 12:00:00,0.3,"ISM",2,"Water",NA,2.9,"MG/L",NA,NA,NA,2017-10-27 16:42:21,NA,2,NA,1,1,"S","PARTNTID",NA,NA,4,"sample does not have an associated bay program method code"
"855",999,"LRA","ALLARM.LT9","09/06/2006","12:00:00","NO3N.3","M1",2326,"CMC","NTWQM",2006-09-06 12:00:00,0.3,"ISM",2,"Water",NA,2.2,"MG/L",NA,NA,NA,2017-10-27 16:46:08,NA,2,NA,1,1,"S","PARTNTID",NA,NA,4,"sample does not have an associated bay program method code"
"856",999,"LRA","ALLARM.LT3","06/26/2006","12:00:00","NO3N.3","M1",2282,"CMC","NTWQM",2006-06-26 12:00:00,0.3,"ISM",2,"Water",NA,2.9,"MG/L",NA,NA,NA,2017-10-27 16:44:29,NA,2,NA,1,1,"S","PARTNTID",NA,NA,4,"sample does not have an associated bay program method code"
"857",999,"LRA","ALLARM.LT8","03/21/2006","12:00:00","NO3N.3","M1",2248,"CMC","NTWQM",2006-03-21 12:00:00,0.3,"ISM",2,"Water",NA,3.6,"MG/L",NA,NA,NA,2017-10-27 16:43:19,NA,2,NA,1,1,"S","PARTNTID",NA,NA,4,"sample does not have an associated bay program method code"
"858",999,"LRA","ALLARM.LT9","09/06/2006","12:00:00","TDS.1","M1",2326,"CMC","NTWQM",2006-09-06 12:00:00,0.3,"ISM",1,"Water",NA,320,"MG/L",NA,NA,NA,2017-10-27 16:46:08,NA,2,NA,1,1,"S","PARTNTID",NA,NA,4,"sample does not have an associated bay program method code"
"859",999,"LRA","ALLARM.LT6","08/29/2006","12:00:00","NO3N.3","M1",2311,"CMC","NTWQM",2006-08-29 12:00:00,0.3,"ISM",2,"Water",NA,4.9,"MG/L",NA,NA,NA,2017-10-27 16:45:33,NA,2,NA,1,1,"S","PARTNTID",NA,NA,4,"sample does not have an associated bay program method code"
"860",999,"LRA","ALLARM.LT8","03/21/2006","12:00:00","TDS.1","M1",2248,"CMC","NTWQM",2006-03-21 12:00:00,0.3,"ISM",1,"Water",NA,310,"MG/L",NA,NA,NA,2017-10-27 16:43:19,NA,2,NA,1,1,"S","PARTNTID",NA,NA,4,"sample does not have an associated bay program method code"
"861",999,"LRA","ALLARM.LT5","02/21/2006","12:00:00","NO3N.3","M1",2232,"CMC","NTWQM",2006-02-21 12:00:00,0.3,"ISM",2,"Water",NA,3.7,"MG/L",NA,NA,NA,2017-10-27 16:42:46,NA,2,NA,1,1,"S","PARTNTID",NA,NA,4,"sample does not have an associated bay program method code"
"862",999,"LRA","ALLARM.LT9","11/06/2006","12:00:00","NO3N.3","M1",2352,"CMC","NTWQM",2006-11-06 12:00:00,0.3,"ISM",2,"Water",NA,3,"MG/L",NA,NA,NA,2017-10-27 16:47:09,NA,2,NA,1,1,"S","PARTNTID",NA,NA,4,"sample does not have an associated bay program method code"
"863",999,"LRA","ALLARM.LT3","07/06/2006","12:00:00","NO3N.3","M1",2295,"CMC","NTWQM",2006-07-06 12:00:00,0.3,"ISM",2,"Water",NA,2.3,"MG/L",NA,NA,NA,2017-10-27 16:44:57,NA,2,NA,1,1,"S","PARTNTID",NA,NA,4,"sample does not have an associated bay program method code"
"864",999,"LRA","ALLARM.LT8","04/18/2006","12:00:00","NO3N.3","M1",2261,"CMC","NTWQM",2006-04-18 12:00:00,0.3,"ISM",2,"Water",NA,3.7,"MG/L",NA,NA,NA,2017-10-27 16:43:45,NA,2,NA,1,1,"S","PARTNTID",NA,NA,4,"sample does not have an associated bay program method code"
"865",999,"LRA","ALLARM.LT9","11/06/2006","12:00:00","TDS.1","M1",2352,"CMC","NTWQM",2006-11-06 12:00:00,0.3,"ISM",1,"Water",NA,350,"MG/L",NA,NA,NA,2017-10-27 16:47:09,NA,2,NA,1,1,"S","PARTNTID",NA,NA,4,"sample does not have an associated bay program method code"
"866",999,"LRA","ALLARM.LT6","09/06/2006","12:00:00","NO3N.3","M1",2323,"CMC","NTWQM",2006-09-06 12:00:00,0.3,"ISM",2,"Water",NA,3.7,"MG/L",NA,NA,NA,2017-10-27 16:46:01,NA,2,NA,1,1,"S","PARTNTID",NA,NA,4,"sample does not have an associated bay program method code"
"867",999,"LRA","ALLARM.LT8","04/18/2006","12:00:00","TDS.1","M1",2261,"CMC","NTWQM",2006-04-18 12:00:00,0.3,"ISM",1,"Water",NA,270,"MG/L",NA,NA,NA,2017-10-27 16:43:45,NA,2,NA,1,1,"S","PARTNTID",NA,NA,4,"sample does not have an associated bay program method code"
"868",999,"LRA","ALLARM.LT5","03/21/2006","12:00:00","NO3N.3","M1",2245,"CMC","NTWQM",2006-03-21 12:00:00,0.3,"ISM",2,"Water",NA,4,"MG/L",NA,NA,NA,2017-10-27 16:43:13,NA,2,NA,1,1,"S","PARTNTID",NA,NA,4,"sample does not have an associated bay program method code"
"869",999,"LRA","ALLARM.LT9","12/06/2006","12:00:00","NO3N.3","M1",2365,"CMC","NTWQM",2006-12-06 12:00:00,0.3,"ISM",2,"Water",NA,2.5,"MG/L",NA,NA,NA,2017-10-27 16:47:38,NA,2,NA,1,1,"S","PARTNTID",NA,NA,4,"sample does not have an associated bay program method code"
"870",999,"LRA","ALLARM.LT3","08/29/2006","12:00:00","NO3N.3","M1",2308,"CMC","NTWQM",2006-08-29 12:00:00,0.3,"ISM",2,"Water",NA,4.4,"MG/L",NA,NA,NA,2017-10-27 16:45:27,NA,2,NA,1,1,"S","PARTNTID",NA,NA,4,"sample does not have an associated bay program method code"
"871",999,"LRA","ALLARM.LT8","05/02/2006","12:00:00","NO3N.3","M1",2274,"CMC","NTWQM",2006-05-02 12:00:00,0.3,"ISM",2,"Water",NA,3.3,"MG/L",NA,NA,NA,2017-10-27 16:44:12,NA,2,NA,1,1,"S","PARTNTID",NA,NA,4,"sample does not have an associated bay program method code"
"872",999,"LRA","ALLARM.LT9","12/06/2006","12:00:00","TDS.1","M1",2365,"CMC","NTWQM",2006-12-06 12:00:00,0.3,"ISM",1,"Water",NA,390,"MG/L",NA,NA,NA,2017-10-27 16:47:38,NA,2,NA,1,1,"S","PARTNTID",NA,NA,4,"sample does not have an associated bay program method code"
"873",999,"LRA","ALLARM.LT6","11/06/2006","12:00:00","NO3N.3","M1",2349,"CMC","NTWQM",2006-11-06 12:00:00,0.3,"ISM",2,"Water",NA,3.6,"MG/L",NA,NA,NA,2017-10-27 16:47:02,NA,2,NA,1,1,"S","PARTNTID",NA,NA,4,"sample does not have an associated bay program method code"
"874",999,"LRA","ALLARM.LT8","05/02/2006","12:00:00","TDS.1","M1",2274,"CMC","NTWQM",2006-05-02 12:00:00,0.3,"ISM",1,"Water",NA,290,"MG/L",NA,NA,NA,2017-10-27 16:44:12,NA,2,NA,1,1,"S","PARTNTID",NA,NA,4,"sample does not have an associated bay program method code"
"875",999,"LRA","ALLARM.LT5","04/18/2006","12:00:00","NO3N.3","M1",2258,"CMC","NTWQM",2006-04-18 12:00:00,0.3,"ISM",2,"Water",NA,3.9,"MG/L",NA,NA,NA,2017-10-27 16:43:39,NA,2,NA,1,1,"S","PARTNTID",NA,NA,4,"sample does not have an associated bay program method code"
"876",999,"LRA","ALLARM.MG1","01/31/2006","12:00:00","NO3N.3","M1",2225,"CMC","NTWQM",2006-01-31 12:00:00,0.3,"ISM",2,"Water",NA,1.8,"MG/L",NA,NA,NA,2017-10-27 16:42:32,NA,2,NA,1,1,"S","PARTNTID",NA,NA,4,"sample does not have an associated bay program method code"
"877",999,"LRA","ALLARM.LT3","09/06/2006","12:00:00","NO3N.3","M1",2320,"CMC","NTWQM",2006-09-06 12:00:00,0.3,"ISM",2,"Water",NA,3.1,"MG/L",NA,NA,NA,2017-10-27 16:45:53,NA,2,NA,1,1,"S","PARTNTID",NA,NA,4,"sample does not have an associated bay program method code"
"878",999,"LRA","ALLARM.LT8","06/26/2006","12:00:00","NO3N.3","M1",2287,"CMC","NTWQM",2006-06-26 12:00:00,0.3,"ISM",2,"Water",NA,1.6,"MG/L",NA,NA,NA,2017-10-27 16:44:40,NA,2,NA,1,1,"S","PARTNTID",NA,NA,4,"sample does not have an associated bay program method code"
"879",999,"LRA","ALLARM.MG1","01/31/2006","12:00:00","TDS.1","M1",2225,"CMC","NTWQM",2006-01-31 12:00:00,0.3,"ISM",1,"Water",NA,470,"MG/L",NA,NA,NA,2017-10-27 16:42:32,NA,2,NA,1,1,"S","PARTNTID",NA,NA,4,"sample does not have an associated bay program method code"
"880",999,"LRA","ALLARM.LT6","12/06/2006","12:00:00","NO3N.3","M1",2362,"CMC","NTWQM",2006-12-06 12:00:00,0.3,"ISM",2,"Water",NA,2.1,"MG/L",NA,NA,NA,2017-10-27 16:47:31,NA,2,NA,1,1,"S","PARTNTID",NA,NA,4,"sample does not have an associated bay program method code"
"881",999,"LRA","ALLARM.LT8","06/26/2006","12:00:00","TDS.1","M1",2287,"CMC","NTWQM",2006-06-26 12:00:00,0.3,"ISM",1,"Water",NA,250,"MG/L",NA,NA,NA,2017-10-27 16:44:40,NA,2,NA,1,1,"S","PARTNTID",NA,NA,4,"sample does not have an associated bay program method code"
"882",999,"LRA","ALLARM.LT5","05/02/2006","12:00:00","NO3N.3","M1",2271,"CMC","NTWQM",2006-05-02 12:00:00,0.3,"ISM",2,"Water",NA,3.7,"MG/L",NA,NA,NA,2017-10-27 16:44:06,NA,2,NA,1,1,"S","PARTNTID",NA,NA,4,"sample does not have an associated bay program method code"
"883",999,"LRA","ALLARM.MG1","02/21/2006","12:00:00","NO3N.3","M1",2238,"CMC","NTWQM",2006-02-21 12:00:00,0.3,"ISM",2,"Water",NA,2.2,"MG/L",NA,NA,NA,2017-10-27 16:42:58,NA,2,NA,1,1,"S","PARTNTID",NA,NA,4,"sample does not have an associated bay program method code"
"884",999,"LRA","ALLARM.LT3","11/06/2006","12:00:00","NO3N.3","M1",2346,"CMC","NTWQM",2006-11-06 12:00:00,0.3,"ISM",2,"Water",NA,2.8,"MG/L",NA,NA,NA,2017-10-27 16:46:55,NA,2,NA,1,1,"S","PARTNTID",NA,NA,4,"sample does not have an associated bay program method code"
"885",999,"LRA","ALLARM.LT8","07/06/2006","12:00:00","NO3N.3","M1",2300,"CMC","NTWQM",2006-07-06 12:00:00,0.3,"ISM",2,"Water",NA,3.4,"MG/L",NA,NA,NA,2017-10-27 16:45:09,NA,2,NA,1,1,"S","PARTNTID",NA,NA,4,"sample does not have an associated bay program method code"
"886",999,"LRA","ALLARM.MG1","02/21/2006","12:00:00","TDS.1","M1",2238,"CMC","NTWQM",2006-02-21 12:00:00,0.3,"ISM",1,"Water",NA,480,"MG/L",NA,NA,NA,2017-10-27 16:42:58,NA,2,NA,1,1,"S","PARTNTID",NA,NA,4,"sample does not have an associated bay program method code"
"887",999,"LRA","ALLARM.LT7","01/31/2006","12:00:00","NO3N.3","M1",2221,"CMC","NTWQM",2006-01-31 12:00:00,0.3,"ISM",2,"Water",NA,3.2,"MG/L",NA,NA,NA,2017-10-27 16:42:25,NA,2,NA,1,1,"S","PARTNTID",NA,NA,4,"sample does not have an associated bay program method code"
"888",999,"LRA","ALLARM.LT8","07/06/2006","12:00:00","TDS.1","M1",2300,"CMC","NTWQM",2006-07-06 12:00:00,0.3,"ISM",1,"Water",NA,290,"MG/L",NA,NA,NA,2017-10-27 16:45:09,NA,2,NA,1,1,"S","PARTNTID",NA,NA,4,"sample does not have an associated bay program method code"
"889",999,"LRA","ALLARM.LT5","06/26/2006","12:00:00","NO3N.3","M1",2284,"CMC","NTWQM",2006-06-26 12:00:00,0.3,"ISM",2,"Water",NA,1.9,"MG/L",NA,NA,NA,2017-10-27 16:44:33,NA,2,NA,1,1,"S","PARTNTID",NA,NA,4,"sample does not have an associated bay program method code"
"890",999,"LRA","ALLARM.MG1","03/21/2006","12:00:00","NO3N.3","M1",2251,"CMC","NTWQM",2006-03-21 12:00:00,0.3,"ISM",2,"Water",NA,1.7,"MG/L",NA,NA,NA,2017-10-27 16:43:25,NA,2,NA,1,1,"S","PARTNTID",NA,NA,4,"sample does not have an associated bay program method code"
"891",999,"LRA","ALLARM.LT3","12/06/2006","12:00:00","NO3N.3","M1",2359,"CMC","NTWQM",2006-12-06 12:00:00,0.3,"ISM",2,"Water",NA,1.8,"MG/L",NA,NA,NA,2017-10-27 16:47:25,NA,2,NA,1,1,"S","PARTNTID",NA,NA,4,"sample does not have an associated bay program method code"
"892",999,"LRA","ALLARM.LT8","08/29/2006","12:00:00","NO3N.3","M1",2313,"CMC","NTWQM",2006-08-29 12:00:00,0.3,"ISM",2,"Water",NA,3.7,"MG/L",NA,NA,NA,2017-10-27 16:45:38,NA,2,NA,1,1,"S","PARTNTID",NA,NA,4,"sample does not have an associated bay program method code"
"893",999,"LRA","ALLARM.MG1","03/21/2006","12:00:00","TDS.1","M1",2251,"CMC","NTWQM",2006-03-21 12:00:00,0.3,"ISM",1,"Water",NA,500,"MG/L",NA,NA,NA,2017-10-27 16:43:25,NA,2,NA,1,1,"S","PARTNTID",NA,NA,4,"sample does not have an associated bay program method code"
"894",999,"LRA","ALLARM.LT7","02/21/2006","12:00:00","NO3N.3","M1",2234,"CMC","NTWQM",2006-02-21 12:00:00,0.3,"ISM",2,"Water",NA,3.5,"MG/L",NA,NA,NA,2017-10-27 16:42:50,NA,2,NA,1,1,"S","PARTNTID",NA,NA,4,"sample does not have an associated bay program method code"
"895",999,"LRA","ALLARM.LT8","08/29/2006","12:00:00","TDS.1","M1",2313,"CMC","NTWQM",2006-08-29 12:00:00,0.3,"ISM",1,"Water",NA,350,"MG/L",NA,NA,NA,2017-10-27 16:45:38,NA,2,NA,1,1,"S","PARTNTID",NA,NA,4,"sample does not have an associated bay program method code"
"896",999,"LRA","ALLARM.LT5","07/06/2006","12:00:00","NO3N.3","M1",2297,"CMC","NTWQM",2006-07-06 12:00:00,0.3,"ISM",2,"Water",NA,2.7,"MG/L",NA,NA,NA,2017-10-27 16:45:02,NA,2,NA,1,1,"S","PARTNTID",NA,NA,4,"sample does not have an associated bay program method code"
"897",999,"LRA","ALLARM.MG1","04/18/2006","12:00:00","NO3N.3","M1",2264,"CMC","NTWQM",2006-04-18 12:00:00,0.3,"ISM",2,"Water",NA,0.7,"MG/L",NA,NA,NA,2017-10-27 16:43:51,NA,2,NA,1,1,"S","PARTNTID",NA,NA,4,"sample does not have an associated bay program method code"
"898",999,"LRA","ALLARM.LT4","01/31/2006","12:00:00","NO3N.3","M1",2218,"CMC","NTWQM",2006-01-31 12:00:00,0.3,"ISM",2,"Water",NA,3.8,"MG/L",NA,NA,NA,2017-10-27 16:42:19,NA,2,NA,1,1,"S","PARTNTID",NA,NA,4,"sample does not have an associated bay program method code"
"899",999,"LRA","ALLARM.LT8","09/06/2006","12:00:00","NO3N.3","M1",2325,"CMC","NTWQM",2006-09-06 12:00:00,0.3,"ISM",2,"Water",NA,1.8,"MG/L",NA,NA,NA,2017-10-27 16:46:05,NA,2,NA,1,1,"S","PARTNTID",NA,NA,4,"sample does not have an associated bay program method code"
"900",999,"LRA","ALLARM.MG1","04/18/2006","12:00:00","TDS.1","M1",2264,"CMC","NTWQM",2006-04-18 12:00:00,0.3,"ISM",1,"Water",NA,450,"MG/L",NA,NA,NA,2017-10-27 16:43:51,NA,2,NA,1,1,"S","PARTNTID",NA,NA,4,"sample does not have an associated bay program method code"
"901",999,"LRA","ALLARM.LT7","03/21/2006","12:00:00","NO3N.3","M1",2247,"CMC","NTWQM",2006-03-21 12:00:00,0.3,"ISM",2,"Water",NA,3,"MG/L",NA,NA,NA,2017-10-27 16:43:17,NA,2,NA,1,1,"S","PARTNTID",NA,NA,4,"sample does not have an associated bay program method code"
"902",999,"LRA","ALLARM.LT8","09/06/2006","12:00:00","TDS.1","M1",2325,"CMC","NTWQM",2006-09-06 12:00:00,0.3,"ISM",1,"Water",NA,310,"MG/L",NA,NA,NA,2017-10-27 16:46:05,NA,2,NA,1,1,"S","PARTNTID",NA,NA,4,"sample does not have an associated bay program method code"
"903",999,"LRA","ALLARM.LT5","08/29/2006","12:00:00","NO3N.3","M1",2310,"CMC","NTWQM",2006-08-29 12:00:00,0.3,"ISM",2,"Water",NA,5.1,"MG/L",NA,NA,NA,2017-10-27 16:45:31,NA,2,NA,1,1,"S","PARTNTID",NA,NA,4,"sample does not have an associated bay program method code"
"904",999,"LRA","ALLARM.MG1","05/02/2006","12:00:00","NO3N.3","M1",2277,"CMC","NTWQM",2006-05-02 12:00:00,0.3,"ISM",2,"Water",NA,1.7,"MG/L",NA,NA,NA,2017-10-27 16:44:19,NA,2,NA,1,1,"S","PARTNTID",NA,NA,4,"sample does not have an associated bay program method code"
"905",999,"LRA","ALLARM.LT4","02/21/2006","12:00:00","NO3N.3","M1",2231,"CMC","NTWQM",2006-02-21 12:00:00,0.3,"ISM",2,"Water",NA,3.5,"MG/L",NA,NA,NA,2017-10-27 16:42:44,NA,2,NA,1,1,"S","PARTNTID",NA,NA,4,"sample does not have an associated bay program method code"
"906",999,"LRA","ALLARM.LT8","11/06/2006","12:00:00","NO3N.3","M1",2351,"CMC","NTWQM",2006-11-06 12:00:00,0.3,"ISM",2,"Water",NA,4.1,"MG/L",NA,NA,NA,2017-10-27 16:47:06,NA,2,NA,1,1,"S","PARTNTID",NA,NA,4,"sample does not have an associated bay program method code"
"907",999,"LRA","ALLARM.MG1","05/02/2006","12:00:00","TDS.1","M1",2277,"CMC","NTWQM",2006-05-02 12:00:00,0.3,"ISM",1,"Water",NA,500,"MG/L",NA,NA,NA,2017-10-27 16:44:19,NA,2,NA,1,1,"S","PARTNTID",NA,NA,4,"sample does not have an associated bay program method code"
"908",999,"LRA","ALLARM.LT7","04/18/2006","12:00:00","NO3N.3","M1",2260,"CMC","NTWQM",2006-04-18 12:00:00,0.3,"ISM",2,"Water",NA,4.1,"MG/L",NA,NA,NA,2017-10-27 16:43:43,NA,2,NA,1,1,"S","PARTNTID",NA,NA,4,"sample does not have an associated bay program method code"
"909",999,"LRA","ALLARM.LT8","11/06/2006","12:00:00","TDS.1","M1",2351,"CMC","NTWQM",2006-11-06 12:00:00,0.3,"ISM",1,"Water",NA,340,"MG/L",NA,NA,NA,2017-10-27 16:47:06,NA,2,NA,1,1,"S","PARTNTID",NA,NA,4,"sample does not have an associated bay program method code"
"910",999,"LRA","ALLARM.LT5","09/06/2006","12:00:00","NO3N.3","M1",2322,"CMC","NTWQM",2006-09-06 12:00:00,0.3,"ISM",2,"Water",NA,4,"MG/L",NA,NA,NA,2017-10-27 16:45:58,NA,2,NA,1,1,"S","PARTNTID",NA,NA,4,"sample does not have an associated bay program method code"
"911",999,"LRA","ALLARM.MG1","06/26/2006","12:00:00","NO3N.3","M1",2290,"CMC","NTWQM",2006-06-26 12:00:00,0.3,"ISM",2,"Water",NA,1.1,"MG/L",NA,NA,NA,2017-10-27 16:44:46,NA,2,NA,1,1,"S","PARTNTID",NA,NA,4,"sample does not have an associated bay program method code"
"912",999,"LRA","ALLARM.LT4","03/21/2006","12:00:00","NO3N.3","M1",2244,"CMC","NTWQM",2006-03-21 12:00:00,0.3,"ISM",2,"Water",NA,3.8,"MG/L",NA,NA,NA,2017-10-27 16:43:11,NA,2,NA,1,1,"S","PARTNTID",NA,NA,4,"sample does not have an associated bay program method code"
"913",999,"LRA","ALLARM.LT8","12/06/2006","12:00:00","NO3N.3","M1",2364,"CMC","NTWQM",2006-12-06 12:00:00,0.3,"ISM",2,"Water",NA,2,"MG/L",NA,NA,NA,2017-10-27 16:47:36,NA,2,NA,1,1,"S","PARTNTID",NA,NA,4,"sample does not have an associated bay program method code"
"914",999,"LRA","ALLARM.MG1","06/26/2006","12:00:00","TDS.1","M1",2290,"CMC","NTWQM",2006-06-26 12:00:00,0.3,"ISM",1,"Water",NA,330,"MG/L",NA,NA,NA,2017-10-27 16:44:46,NA,2,NA,1,1,"S","PARTNTID",NA,NA,4,"sample does not have an associated bay program method code"
"915",999,"LRA","ALLARM.LT7","05/02/2006","12:00:00","NO3N.3","M1",2273,"CMC","NTWQM",2006-05-02 12:00:00,0.3,"ISM",2,"Water",NA,3,"MG/L",NA,NA,NA,2017-10-27 16:44:10,NA,2,NA,1,1,"S","PARTNTID",NA,NA,4,"sample does not have an associated bay program method code"
"916",999,"LRA","ALLARM.LT8","12/06/2006","12:00:00","TDS.1","M1",2364,"CMC","NTWQM",2006-12-06 12:00:00,0.3,"ISM",1,"Water",NA,360,"MG/L",NA,NA,NA,2017-10-27 16:47:36,NA,2,NA,1,1,"S","PARTNTID",NA,NA,4,"sample does not have an associated bay program method code"
"917",999,"LRA","ALLARM.LT5","11/06/2006","12:00:00","NO3N.3","M1",2348,"CMC","NTWQM",2006-11-06 12:00:00,0.3,"ISM",2,"Water",NA,3.6,"MG/L",NA,NA,NA,2017-10-27 16:47:00,NA,2,NA,1,1,"S","PARTNTID",NA,NA,4,"sample does not have an associated bay program method code"
"918",999,"LRA","ALLARM.MG1","07/06/2006","12:00:00","NO3N.3","M1",2303,"CMC","NTWQM",2006-07-06 12:00:00,0.3,"ISM",2,"Water",NA,2.4,"MG/L",NA,NA,NA,2017-10-27 16:45:16,NA,2,NA,1,1,"S","PARTNTID",NA,NA,4,"sample does not have an associated bay program method code"
"919",999,"LRA","ALLARM.LT4","04/18/2006","12:00:00","NO3N.3","M1",2257,"CMC","NTWQM",2006-04-18 12:00:00,0.3,"ISM",2,"Water",NA,3.8,"MG/L",NA,NA,NA,2017-10-27 16:43:37,NA,2,NA,1,1,"S","PARTNTID",NA,NA,4,"sample does not have an associated bay program method code"
"920",999,"LRA","ALLARM.LT9","01/31/2006","12:00:00","NO3N.3","M1",2223,"CMC","NTWQM",2006-01-31 12:00:00,0.3,"ISM",2,"Water",NA,3.2,"MG/L",NA,NA,NA,2017-10-27 16:42:28,NA,2,NA,1,1,"S","PARTNTID",NA,NA,4,"sample does not have an associated bay program method code"
"921",999,"LRA","ALLARM.MG1","07/06/2006","12:00:00","TDS.1","M1",2303,"CMC","NTWQM",2006-07-06 12:00:00,0.3,"ISM",1,"Water",NA,390,"MG/L",NA,NA,NA,2017-10-27 16:45:16,NA,2,NA,1,1,"S","PARTNTID",NA,NA,4,"sample does not have an associated bay program method code"
"922",999,"LRA","ALLARM.LT7","06/26/2006","12:00:00","NO3N.3","M1",2286,"CMC","NTWQM",2006-06-26 12:00:00,0.3,"ISM",2,"Water",NA,1.9,"MG/L",NA,NA,NA,2017-10-27 16:44:38,NA,2,NA,1,1,"S","PARTNTID",NA,NA,4,"sample does not have an associated bay program method code"
"923",999,"LRA","ALLARM.LT9","01/31/2006","12:00:00","TDS.1","M1",2223,"CMC","NTWQM",2006-01-31 12:00:00,0.3,"ISM",1,"Water",NA,360,"MG/L",NA,NA,NA,2017-10-27 16:42:28,NA,2,NA,1,1,"S","PARTNTID",NA,NA,4,"sample does not have an associated bay program method code"
"924",999,"LRA","ALLARM.LT5","12/06/2006","12:00:00","NO3N.3","M1",2361,"CMC","NTWQM",2006-12-06 12:00:00,0.3,"ISM",2,"Water",NA,2.3,"MG/L",NA,NA,NA,2017-10-27 16:47:29,NA,2,NA,1,1,"S","PARTNTID",NA,NA,4,"sample does not have an associated bay program method code"
"925",999,"LRA","ALLARM.MG1","09/06/2006","12:00:00","NO3N.3","M1",2328,"CMC","NTWQM",2006-09-06 12:00:00,0.3,"ISM",2,"Water",NA,1.6,"MG/L",NA,NA,NA,2017-10-27 16:46:12,NA,2,NA,1,1,"S","PARTNTID",NA,NA,4,"sample does not have an associated bay program method code"
"926",999,"LRA","ALLARM.LT4","05/02/2006","12:00:00","NO3N.3","M1",2270,"CMC","NTWQM",2006-05-02 12:00:00,0.3,"ISM",2,"Water",NA,3.7,"MG/L",NA,NA,NA,2017-10-27 16:44:04,NA,2,NA,1,1,"S","PARTNTID",NA,NA,4,"sample does not have an associated bay program method code"
"927",999,"LRA","ALLARM.LT9","02/21/2006","12:00:00","NO3N.3","M1",2236,"CMC","NTWQM",2006-02-21 12:00:00,0.3,"ISM",2,"Water",NA,3,"MG/L",NA,NA,NA,2017-10-27 16:42:54,NA,2,NA,1,1,"S","PARTNTID",NA,NA,4,"sample does not have an associated bay program method code"
"928",999,"LRA","ALLARM.MG1","09/06/2006","12:00:00","TDS.1","M1",2328,"CMC","NTWQM",2006-09-06 12:00:00,0.3,"ISM",1,"Water",NA,480,"MG/L",NA,NA,NA,2017-10-27 16:46:12,NA,2,NA,1,1,"S","PARTNTID",NA,NA,4,"sample does not have an associated bay program method code"
"929",999,"LRA","ALLARM.LT7","07/06/2006","12:00:00","NO3N.3","M1",2299,"CMC","NTWQM",2006-07-06 12:00:00,0.3,"ISM",2,"Water",NA,2.7,"MG/L",NA,NA,NA,2017-10-27 16:45:06,NA,2,NA,1,1,"S","PARTNTID",NA,NA,4,"sample does not have an associated bay program method code"
"930",999,"LRA","ALLARM.LT9","02/21/2006","12:00:00","TDS.1","M1",2236,"CMC","NTWQM",2006-02-21 12:00:00,0.3,"ISM",1,"Water",NA,340,"MG/L",NA,NA,NA,2017-10-27 16:42:54,NA,2,NA,1,1,"S","PARTNTID",NA,NA,4,"sample does not have an associated bay program method code"
"931",999,"LRA","ALLARM.LT6","01/31/2006","12:00:00","NO3N.3","M1",2220,"CMC","NTWQM",2006-01-31 12:00:00,0.3,"ISM",2,"Water",NA,4,"MG/L",NA,NA,NA,2017-10-27 16:42:23,NA,2,NA,1,1,"S","PARTNTID",NA,NA,4,"sample does not have an associated bay program method code"
"932",999,"LRA","ALLARM.MG1","11/06/2006","12:00:00","NO3N.3","M1",2354,"CMC","NTWQM",2006-11-06 12:00:00,0.3,"ISM",2,"Water",NA,2.1,"MG/L",NA,NA,NA,2017-10-27 16:47:13,NA,2,NA,1,1,"S","PARTNTID",NA,NA,4,"sample does not have an associated bay program method code"
"933",999,"LRA","ALLARM.LT4","06/26/2006","12:00:00","NO3N.3","M1",2283,"CMC","NTWQM",2006-06-26 12:00:00,0.3,"ISM",2,"Water",NA,2.4,"MG/L",NA,NA,NA,2017-10-27 16:44:31,NA,2,NA,1,1,"S","PARTNTID",NA,NA,4,"sample does not have an associated bay program method code"
"934",999,"LRA","ALLARM.LT9","03/21/2006","12:00:00","NO3N.3","M1",2249,"CMC","NTWQM",2006-03-21 12:00:00,0.3,"ISM",2,"Water",NA,2.9,"MG/L",NA,NA,NA,2017-10-27 16:43:21,NA,2,NA,1,1,"S","PARTNTID",NA,NA,4,"sample does not have an associated bay program method code"
"935",999,"LRA","ALLARM.MG1","11/06/2006","12:00:00","TDS.1","M1",2354,"CMC","NTWQM",2006-11-06 12:00:00,0.3,"ISM",1,"Water",NA,450,"MG/L",NA,NA,NA,2017-10-27 16:47:13,NA,2,NA,1,1,"S","PARTNTID",NA,NA,4,"sample does not have an associated bay program method code"
"936",999,"LRA","ALLARM.LT7","08/29/2006","12:00:00","NO3N.3","M1",2312,"CMC","NTWQM",2006-08-29 12:00:00,0.3,"ISM",2,"Water",NA,4.2,"MG/L",NA,NA,NA,2017-10-27 16:45:36,NA,2,NA,1,1,"S","PARTNTID",NA,NA,4,"sample does not have an associated bay program method code"
"937",999,"LRA","ALLARM.LT9","03/21/2006","12:00:00","TDS.1","M1",2249,"CMC","NTWQM",2006-03-21 12:00:00,0.3,"ISM",1,"Water",NA,340,"MG/L",NA,NA,NA,2017-10-27 16:43:21,NA,2,NA,1,1,"S","PARTNTID",NA,NA,4,"sample does not have an associated bay program method code"
"938",999,"LRA","ALLARM.LT6","02/21/2006","12:00:00","NO3N.3","M1",2233,"CMC","NTWQM",2006-02-21 12:00:00,0.3,"ISM",2,"Water",NA,3.6,"MG/L",NA,NA,NA,2017-10-27 16:42:48,NA,2,NA,1,1,"S","PARTNTID",NA,NA,4,"sample does not have an associated bay program method code"
"939",999,"LRA","ALLARM.MG1","12/06/2006","12:00:00","NO3N.3","M1",2367,"CMC","NTWQM",2006-12-06 12:00:00,0.3,"ISM",2,"Water",NA,1.7,"MG/L",NA,NA,NA,2017-10-27 16:47:43,NA,2,NA,1,1,"S","PARTNTID",NA,NA,4,"sample does not have an associated bay program method code"
"940",999,"LRA","ALLARM.LT4","07/06/2006","12:00:00","NO3N.3","M1",2296,"CMC","NTWQM",2006-07-06 12:00:00,0.3,"ISM",2,"Water",NA,3.6,"MG/L",NA,NA,NA,2017-10-27 16:45:00,NA,2,NA,1,1,"S","PARTNTID",NA,NA,4,"sample does not have an associated bay program method code"
"941",999,"LRA","ALLARM.LT9","04/18/2006","12:00:00","NO3N.3","M1",2262,"CMC","NTWQM",2006-04-18 12:00:00,0.3,"ISM",2,"Water",NA,3.9,"MG/L",NA,NA,NA,2017-10-27 16:43:47,NA,2,NA,1,1,"S","PARTNTID",NA,NA,4,"sample does not have an associated bay program method code"
"942",999,"LRA","ALLARM.MG1","12/06/2006","12:00:00","TDS.1","M1",2367,"CMC","NTWQM",2006-12-06 12:00:00,0.3,"ISM",1,"Water",NA,480,"MG/L",NA,NA,NA,2017-10-27 16:47:43,NA,2,NA,1,1,"S","PARTNTID",NA,NA,4,"sample does not have an associated bay program method code"
"943",999,"LRA","ALLARM.LT7","09/06/2006","12:00:00","NO3N.3","M1",2324,"CMC","NTWQM",2006-09-06 12:00:00,0.3,"ISM",2,"Water",NA,3.7,"MG/L",NA,NA,NA,2017-10-27 16:46:03,NA,2,NA,1,1,"S","PARTNTID",NA,NA,4,"sample does not have an associated bay program method code"
"944",999,"LRA","ALLARM.LT9","04/18/2006","12:00:00","TDS.1","M1",2262,"CMC","NTWQM",2006-04-18 12:00:00,0.3,"ISM",1,"Water",NA,300,"MG/L",NA,NA,NA,2017-10-27 16:43:47,NA,2,NA,1,1,"S","PARTNTID",NA,NA,4,"sample does not have an associated bay program method code"
"945",999,"LRA","ALLARM.LT6","03/21/2006","12:00:00","NO3N.3","M1",2246,"CMC","NTWQM",2006-03-21 12:00:00,0.3,"ISM",2,"Water",NA,3.9,"MG/L",NA,NA,NA,2017-10-27 16:43:15,NA,2,NA,1,1,"S","PARTNTID",NA,NA,4,"sample does not have an associated bay program method code"
"946",999,"LRA","ALLARM.MG2","01/31/2006","12:00:00","NO3N.3","M1",2226,"CMC","NTWQM",2006-01-31 12:00:00,0.3,"ISM",2,"Water",NA,1.6,"MG/L",NA,NA,NA,2017-10-27 16:42:34,NA,2,NA,1,1,"S","PARTNTID",NA,NA,4,"sample does not have an associated bay program method code"
"947",999,"LRA","ALLARM.LT4","08/29/2006","12:00:00","NO3N.3","M1",2309,"CMC","NTWQM",2006-08-29 12:00:00,0.3,"ISM",2,"Water",NA,5.1,"MG/L",NA,NA,NA,2017-10-27 16:45:29,NA,2,NA,1,1,"S","PARTNTID",NA,NA,4,"sample does not have an associated bay program method code"
"948",999,"LRA","ALLARM.LT9","05/02/2006","12:00:00","NO3N.3","M1",2275,"CMC","NTWQM",2006-05-02 12:00:00,0.3,"ISM",2,"Water",NA,2.9,"MG/L",NA,NA,NA,2017-10-27 16:44:14,NA,2,NA,1,1,"S","PARTNTID",NA,NA,4,"sample does not have an associated bay program method code"
"949",999,"LRA","ALLARM.MG2","01/31/2006","12:00:00","TDS.1","M1",2226,"CMC","NTWQM",2006-01-31 12:00:00,0.3,"ISM",1,"Water",NA,370,"MG/L",NA,NA,NA,2017-10-27 16:42:34,NA,2,NA,1,1,"S","PARTNTID",NA,NA,4,"sample does not have an associated bay program method code"
"950",999,"LRA","ALLARM.LT7","11/06/2006","12:00:00","NO3N.3","M1",2350,"CMC","NTWQM",2006-11-06 12:00:00,0.3,"ISM",2,"Water",NA,2.3,"MG/L",NA,NA,NA,2017-10-27 16:47:04,NA,2,NA,1,1,"S","PARTNTID",NA,NA,4,"sample does not have an associated bay program method code"
"951",999,"LRA","ALLARM.LT9","05/02/2006","12:00:00","TDS.1","M1",2275,"CMC","NTWQM",2006-05-02 12:00:00,0.3,"ISM",1,"Water",NA,280,"MG/L",NA,NA,NA,2017-10-27 16:44:14,NA,2,NA,1,1,"S","PARTNTID",NA,NA,4,"sample does not have an associated bay program method code"
"952",999,"LRA","ALLARM.WL","09/06/2006","12:00:00","NO3N.3","M1",2330,"CMC","NTWQM",2006-09-06 12:00:00,0.3,"ISM",2,"Water",NA,0.5,"MG/L",NA,NA,NA,2017-10-27 16:46:17,NA,2,NA,1,1,"S","PARTNTID",NA,NA,4,"sample does not have an associated bay program method code"
"953",999,"LRA","ALLARM.MG2","02/21/2006","12:00:00","NO3N.3","M1",2239,"CMC","NTWQM",2006-02-21 12:00:00,0.3,"ISM",2,"Water",NA,2.1,"MG/L",NA,NA,NA,2017-10-27 16:43:00,NA,2,NA,1,1,"S","PARTNTID",NA,NA,4,"sample does not have an associated bay program method code"
"954",999,"LRA","ALLARM.WL","09/06/2006","12:00:00","TDS.1","M1",2330,"CMC","NTWQM",2006-09-06 12:00:00,0.3,"ISM",1,"Water",NA,390,"MG/L",NA,NA,NA,2017-10-27 16:46:17,NA,2,NA,1,1,"S","PARTNTID",NA,NA,4,"sample does not have an associated bay program method code"
"955",999,"LRA","ALLARM.MG2","08/29/2006","12:00:00","NO3N.3","M1",2317,"CMC","NTWQM",2006-08-29 12:00:00,0.3,"ISM",2,"Water",NA,4.5,"MG/L",NA,NA,NA,2017-10-27 16:45:46,NA,2,NA,1,1,"S","PARTNTID",NA,NA,4,"sample does not have an associated bay program method code"
"956",999,"LRA","ALLARM.MG2","02/21/2006","12:00:00","TDS.1","M1",2239,"CMC","NTWQM",2006-02-21 12:00:00,0.3,"ISM",1,"Water",NA,480,"MG/L",NA,NA,NA,2017-10-27 16:43:00,NA,2,NA,1,1,"S","PARTNTID",NA,NA,4,"sample does not have an associated bay program method code"
"957",999,"LRA","ALLARM.WL","03/21/2006","12:00:00","NO3N.3","M1",2253,"CMC","NTWQM",2006-03-21 12:00:00,0.3,"ISM",2,"Water",NA,1.3,"MG/L",NA,NA,NA,2017-10-27 16:43:29,NA,2,NA,1,1,"S","PARTNTID",NA,NA,4,"sample does not have an associated bay program method code"
"958",999,"LRA","ALLARM.MG2","08/29/2006","12:00:00","TDS.1","M1",2317,"CMC","NTWQM",2006-08-29 12:00:00,0.3,"ISM",1,"Water",NA,260,"MG/L",NA,NA,NA,2017-10-27 16:45:46,NA,2,NA,1,1,"S","PARTNTID",NA,NA,4,"sample does not have an associated bay program method code"
"959",999,"LRA","ALLARM.WL","10/06/2006","12:00:00","TDS.1","M1",2343,"CMC","NTWQM",2006-10-06 12:00:00,0.3,"ISM",1,"Water",NA,480,"MG/L",NA,NA,NA,2018-01-18 14:50:35,NA,2,NA,1,1,"S","PARTNTID",NA,NA,4,"sample does not have an associated bay program method code"
"960",999,"LRA","ALLARM.MG2","03/21/2006","12:00:00","NO3N.3","M1",2252,"CMC","NTWQM",2006-03-21 12:00:00,0.3,"ISM",2,"Water",NA,1.4,"MG/L",NA,NA,NA,2017-10-27 16:43:27,NA,2,NA,1,1,"S","PARTNTID",NA,NA,4,"sample does not have an associated bay program method code"
"961",999,"LRA","ALLARM.MG2","05/02/2006","12:00:00","NO3N.3","M1",2278,"CMC","NTWQM",2006-05-02 12:00:00,0.3,"ISM",2,"Water",NA,1.3,"MG/L",NA,NA,NA,2017-10-27 16:44:21,NA,2,NA,1,1,"S","PARTNTID",NA,NA,4,"sample does not have an associated bay program method code"
"962",999,"LRA","ALLARM.MG2","09/06/2006","12:00:00","NO3N.3","M1",2329,"CMC","NTWQM",2006-09-06 12:00:00,0.3,"ISM",2,"Water",NA,1.8,"MG/L",NA,NA,NA,2017-10-27 16:46:15,NA,2,NA,1,1,"S","PARTNTID",NA,NA,4,"sample does not have an associated bay program method code"
"963",999,"LRA","ALLARM.MG2","03/21/2006","12:00:00","TDS.1","M1",2252,"CMC","NTWQM",2006-03-21 12:00:00,0.3,"ISM",1,"Water",NA,530,"MG/L",NA,NA,NA,2017-10-27 16:43:27,NA,2,NA,1,1,"S","PARTNTID",NA,NA,4,"sample does not have an associated bay program method code"
"964",999,"LRA","ALLARM.WL","04/18/2006","12:00:00","NO3N.3","M1",2266,"CMC","NTWQM",2006-04-18 12:00:00,0.3,"ISM",2,"Water",NA,0.2,"MG/L",NA,NA,NA,2017-10-27 16:43:55,NA,2,NA,1,1,"S","PARTNTID",NA,NA,4,"sample does not have an associated bay program method code"
"965",999,"LRA","ALLARM.MG2","09/06/2006","12:00:00","TDS.1","M1",2329,"CMC","NTWQM",2006-09-06 12:00:00,0.3,"ISM",1,"Water",NA,450,"MG/L",NA,NA,NA,2017-10-27 16:46:15,NA,2,NA,1,1,"S","PARTNTID",NA,NA,4,"sample does not have an associated bay program method code"
"966",999,"LRA","ALLARM.WL","11/06/2006","12:00:00","TDS.1","M1",2356,"CMC","NTWQM",2006-11-06 12:00:00,0.3,"ISM",1,"Water",NA,270,"MG/L",NA,NA,NA,2017-10-27 16:47:18,NA,2,NA,1,1,"S","PARTNTID",NA,NA,4,"sample does not have an associated bay program method code"
"967",999,"LRA","ALLARM.MG2","04/18/2006","12:00:00","NO3N.3","M1",2265,"CMC","NTWQM",2006-04-18 12:00:00,0.3,"ISM",2,"Water",NA,3.7,"MG/L",NA,NA,NA,2017-10-27 16:43:53,NA,2,NA,1,1,"S","PARTNTID",NA,NA,4,"sample does not have an associated bay program method code"
"968",999,"LRA","ALLARM.MG2","06/26/2006","12:00:00","NO3N.3","M1",2291,"CMC","NTWQM",2006-06-26 12:00:00,0.3,"ISM",2,"Water",NA,0.4,"MG/L",NA,NA,NA,2017-10-27 16:44:48,NA,2,NA,1,1,"S","PARTNTID",NA,NA,4,"sample does not have an associated bay program method code"
"969",999,"LRA","ALLARM.MG2","11/06/2006","12:00:00","NO3N.3","M1",2355,"CMC","NTWQM",2006-11-06 12:00:00,0.3,"ISM",2,"Water",NA,1.9,"MG/L",NA,NA,NA,2017-10-27 16:47:15,NA,2,NA,1,1,"S","PARTNTID",NA,NA,4,"sample does not have an associated bay program method code"
"970",999,"LRA","ALLARM.MG2","04/18/2006","12:00:00","TDS.1","M1",2265,"CMC","NTWQM",2006-04-18 12:00:00,0.3,"ISM",1,"Water",NA,270,"MG/L",NA,NA,NA,2017-10-27 16:43:53,NA,2,NA,1,1,"S","PARTNTID",NA,NA,4,"sample does not have an associated bay program method code"
"971",999,"LRA","ALLARM.WL","05/02/2006","12:00:00","NO3N.3","M1",2279,"CMC","NTWQM",2006-05-02 12:00:00,0.3,"ISM",2,"Water",NA,0.5,"MG/L",NA,NA,NA,2017-10-27 16:44:23,NA,2,NA,1,1,"S","PARTNTID",NA,NA,4,"sample does not have an associated bay program method code"
"972",999,"LRA","ALLARM.MG2","11/06/2006","12:00:00","TDS.1","M1",2355,"CMC","NTWQM",2006-11-06 12:00:00,0.3,"ISM",1,"Water",NA,440,"MG/L",NA,NA,NA,2017-10-27 16:47:15,NA,2,NA,1,1,"S","PARTNTID",NA,NA,4,"sample does not have an associated bay program method code"
"973",999,"LRA","ALLARM.WL","12/06/2006","12:00:00","TDS.1","M1",2369,"CMC","NTWQM",2006-12-06 12:00:00,0.3,"ISM",1,"Water",NA,500,"MG/L",NA,NA,NA,2017-10-27 16:47:48,NA,2,NA,1,1,"S","PARTNTID",NA,NA,4,"sample does not have an associated bay program method code"
"974",999,"LRA","ALLARM.WL","03/21/2006","12:00:00","TDS.1","M1",2253,"CMC","NTWQM",2006-03-21 12:00:00,0.3,"ISM",1,"Water",NA,470,"MG/L",NA,NA,NA,2017-10-27 16:43:29,NA,2,NA,1,1,"S","PARTNTID",NA,NA,4,"sample does not have an associated bay program method code"
"975",999,"LRA","ALLARM.MG2","07/06/2006","12:00:00","NO3N.3","M1",2304,"CMC","NTWQM",2006-07-06 12:00:00,0.3,"ISM",2,"Water",NA,2,"MG/L",NA,NA,NA,2017-10-27 16:45:18,NA,2,NA,1,1,"S","PARTNTID",NA,NA,4,"sample does not have an associated bay program method code"
"976",999,"LRA","ALLARM.MG2","12/06/2006","12:00:00","NO3N.3","M1",2368,"CMC","NTWQM",2006-12-06 12:00:00,0.3,"ISM",2,"Water",NA,1.3,"MG/L",NA,NA,NA,2017-10-27 16:47:46,NA,2,NA,1,1,"S","PARTNTID",NA,NA,4,"sample does not have an associated bay program method code"
"977",999,"LRA","ALLARM.MG2","05/02/2006","12:00:00","TDS.1","M1",2278,"CMC","NTWQM",2006-05-02 12:00:00,0.3,"ISM",1,"Water",NA,490,"MG/L",NA,NA,NA,2017-10-27 16:44:21,NA,2,NA,1,1,"S","PARTNTID",NA,NA,4,"sample does not have an associated bay program method code"
"978",999,"LRA","ALLARM.WL","06/26/2006","12:00:00","NO3N.3","M1",2292,"CMC","NTWQM",2006-06-26 12:00:00,0.3,"ISM",2,"Water",NA,0.2,"MG/L",NA,NA,NA,2017-10-27 16:44:51,NA,2,NA,1,1,"S","PARTNTID",NA,NA,4,"sample does not have an associated bay program method code"
"979",999,"LRA","ALLARM.MG2","12/06/2006","12:00:00","TDS.1","M1",2368,"CMC","NTWQM",2006-12-06 12:00:00,0.3,"ISM",1,"Water",NA,490,"MG/L",NA,NA,NA,2017-10-27 16:47:46,NA,2,NA,1,1,"S","PARTNTID",NA,NA,4,"sample does not have an associated bay program method code"
"980",999,"LRA","ALLARM.WL","02/21/2006","12:00:00","TDS.1","M1",2240,"CMC","NTWQM",2006-02-21 12:00:00,0.3,"ISM",1,"Water",NA,470,"MG/L",NA,NA,NA,2017-10-27 16:43:02,NA,2,NA,1,1,"S","PARTNTID",NA,NA,4,"sample does not have an associated bay program method code"
"981",999,"LRA","ALLARM.WL","04/18/2006","12:00:00","TDS.1","M1",2266,"CMC","NTWQM",2006-04-18 12:00:00,0.3,"ISM",1,"Water",NA,410,"MG/L",NA,NA,NA,2017-10-27 16:43:55,NA,2,NA,1,1,"S","PARTNTID",NA,NA,4,"sample does not have an associated bay program method code"
"982",999,"LRA","ALLARM.WL","06/26/2006","12:00:00","TDS.1","M1",2292,"CMC","NTWQM",2006-06-26 12:00:00,0.3,"ISM",1,"Water",NA,40,"MG/L",NA,NA,NA,2017-10-27 16:44:51,NA,2,NA,1,1,"S","PARTNTID",NA,NA,4,"sample does not have an associated bay program method code"
"983",999,"LRA","ALLARM.WL","01/31/2006","12:00:00","NO3N.3","M1",2227,"CMC","NTWQM",2006-01-31 12:00:00,0.3,"ISM",2,"Water",NA,0.7,"MG/L",NA,NA,NA,2017-10-27 16:42:36,NA,2,NA,1,1,"S","PARTNTID",NA,NA,4,"sample does not have an associated bay program method code"
"984",999,"LRA","ALLARM.MG2","06/26/2006","12:00:00","TDS.1","M1",2291,"CMC","NTWQM",2006-06-26 12:00:00,0.3,"ISM",1,"Water",NA,150,"MG/L",NA,NA,NA,2017-10-27 16:44:48,NA,2,NA,1,1,"S","PARTNTID",NA,NA,4,"sample does not have an associated bay program method code"
"985",999,"LRA","ALLARM.WL","07/06/2006","12:00:00","NO3N.3","M1",2305,"CMC","NTWQM",2006-07-06 12:00:00,0.3,"ISM",2,"Water",NA,1,"MG/L",NA,NA,NA,2017-10-27 16:45:20,NA,2,NA,1,1,"S","PARTNTID",NA,NA,4,"sample does not have an associated bay program method code"
"986",999,"LRA","ALLARM.WL","01/31/2006","12:00:00","TDS.1","M1",2227,"CMC","NTWQM",2006-01-31 12:00:00,0.3,"ISM",1,"Water",NA,340,"MG/L",NA,NA,NA,2017-10-27 16:42:36,NA,2,NA,1,1,"S","PARTNTID",NA,NA,4,"sample does not have an associated bay program method code"
"987",999,"LRA","ALLARM.MG2","07/06/2006","12:00:00","TDS.1","M1",2304,"CMC","NTWQM",2006-07-06 12:00:00,0.3,"ISM",1,"Water",NA,400,"MG/L",NA,NA,NA,2017-10-27 16:45:18,NA,2,NA,1,1,"S","PARTNTID",NA,NA,4,"sample does not have an associated bay program method code"
"988",999,"LRA","ALLARM.WL","05/02/2006","12:00:00","TDS.1","M1",2279,"CMC","NTWQM",2006-05-02 12:00:00,0.3,"ISM",1,"Water",NA,370,"MG/L",NA,NA,NA,2017-10-27 16:44:23,NA,2,NA,1,1,"S","PARTNTID",NA,NA,4,"sample does not have an associated bay program method code"
"989",999,"LRA","ALLARM.WL","07/06/2006","12:00:00","TDS.1","M1",2305,"CMC","NTWQM",2006-07-06 12:00:00,0.3,"ISM",1,"Water",NA,380,"MG/L",NA,NA,NA,2017-10-27 16:45:20,NA,2,NA,1,1,"S","PARTNTID",NA,NA,4,"sample does not have an associated bay program method code"
"990",999,"LRA","ALLARM.WL","02/21/2006","12:00:00","NO3N.3","M1",2240,"CMC","NTWQM",2006-02-21 12:00:00,0.3,"ISM",2,"Water",NA,1,"MG/L",NA,NA,NA,2017-10-27 16:43:02,NA,2,NA,1,1,"S","PARTNTID",NA,NA,4,"sample does not have an associated bay program method code"
"991",999,"LRA","ALLARM.WL","11/06/2006","12:00:00","NO3N.3","M1",2356,"CMC","NTWQM",2006-11-06 12:00:00,0.3,"ISM",2,"Water",NA,0.1,"MG/L",NA,NA,NA,2017-10-27 16:47:18,NA,2,NA,1,1,"S","PARTNTID",NA,NA,4,"sample does not have an associated bay program method code"
"992",999,"LRA","ALLARM.WL","12/06/2006","12:00:00","NO3N.3","M1",2369,"CMC","NTWQM",2006-12-06 12:00:00,0.3,"ISM",2,"Water",NA,0,"MG/L",NA,NA,NA,2017-10-27 16:47:48,NA,2,NA,1,1,"S","PARTNTID",NA,NA,4,"sample does not have an associated bay program method code"
