"","paramMethod","SOURCE","STATION","SAMPLE_DATE","SAMPLE_TIME","paramCode","SAMPLE_ID","EventId","AGENCY","PROGRAM","DateTime","DEPTH","SAMPLE_TYPE","TIER","Matrix","QUALIFIER","VALUE","UNITS","PROBLEM","LAB","labName","detLimit","qaFlag","COMMENTS","count.x","count.y","LAYER","PROJECT","SampleAnalyticalMethodIdentifier","SubstanceIdentificationName"
"361",189,"ALLARM","ALLARM.LT3","04/08/1997","12:00:00","OP.5","S1",1050,"CMC","NTWQM",1997-04-08 12:00:00,0.1,"D",2,"Water",NA,0,"MG/L",NA,"ACARL","ALLARM Community Aquatic Research Laboratory",0.02,2,NA,1,1,"S","PARTNTID","L02 ","PO4F"
"364",189,"ALLARM","ALLARM.LT3","05/08/1997","12:00:00","OP.5","S1",1060,"CMC","NTWQM",1997-05-08 12:00:00,0.1,"D",2,"Water",NA,0,"MG/L",NA,"ACARL","ALLARM Community Aquatic Research Laboratory",0.02,2,NA,1,1,"S","PARTNTID","L02 ","PO4F"
"366",189,"ALLARM","ALLARM.LT1","01/08/1997","12:00:00","OP.5","S1",1018,"CMC","NTWQM",1997-01-08 12:00:00,0.1,"D",2,"Water",NA,0,"MG/L",NA,"ACARL","ALLARM Community Aquatic Research Laboratory",0.02,2,NA,1,1,"S","PARTNTID","L02 ","PO4F"
"367",189,"ALLARM","ALLARM.LT8","06/08/1997","12:00:00","OP.5","S1",1075,"CMC","NTWQM",1997-06-08 12:00:00,0.1,"D",2,"Water",NA,0,"MG/L",NA,"ACARL","ALLARM Community Aquatic Research Laboratory",0.02,2,NA,1,1,"S","PARTNTID","L02 ","PO4F"
"369",189,"ALLARM","ALLARM.LT5","02/08/1997","12:00:00","OP.5","S1",1032,"CMC","NTWQM",1997-02-08 12:00:00,0.1,"D",2,"Water",NA,0,"MG/L",NA,"ACARL","ALLARM Community Aquatic Research Laboratory",0.02,2,NA,1,1,"S","PARTNTID","L02 ","PO4F"
"370",189,"ALLARM","ALLARM.LT3","06/08/1997","12:00:00","OP.5","S1",1070,"CMC","NTWQM",1997-06-08 12:00:00,0.1,"D",2,"Water",NA,0,"MG/L",NA,"ACARL","ALLARM Community Aquatic Research Laboratory",0.02,2,NA,1,1,"S","PARTNTID","L02 ","PO4F"
"373",189,"ALLARM","ALLARM.LT8","07/08/1997","12:00:00","OP.5","S1",1085,"CMC","NTWQM",1997-07-08 12:00:00,0.1,"D",2,"Water",NA,0,"MG/L",NA,"ACARL","ALLARM Community Aquatic Research Laboratory",0.02,2,NA,1,1,"S","PARTNTID","L02 ","PO4F"
"374",189,"ALLARM","ALLARM.LT6","11/08/1997","12:00:00","OP.5","S1",1123,"CMC","NTWQM",1997-11-08 12:00:00,0.1,"D",2,"Water",NA,0,"MG/L",NA,"ACARL","ALLARM Community Aquatic Research Laboratory",0.02,2,NA,1,1,"S","PARTNTID","L02 ","PO4F"
"375",189,"ALLARM","ALLARM.LT5","03/08/1997","12:00:00","OP.5","S1",1042,"CMC","NTWQM",1997-03-08 12:00:00,0.1,"D",2,"Water",NA,0,"MG/L",NA,"ACARL","ALLARM Community Aquatic Research Laboratory",0.02,2,NA,1,1,"S","PARTNTID","L02 ","PO4F"
"376",189,"ALLARM","ALLARM.LT3","07/08/1997","12:00:00","OP.5","S1",1080,"CMC","NTWQM",1997-07-08 12:00:00,0.1,"D",2,"Water",NA,0,"MG/L",NA,"ACARL","ALLARM Community Aquatic Research Laboratory",0.02,2,NA,1,1,"S","PARTNTID","L02 ","PO4F"
"377",189,"ALLARM","ALLARM.LT10","11/08/1997","12:00:00","OP.5","S1",1127,"CMC","NTWQM",1997-11-08 12:00:00,0.1,"D",2,"Water",NA,0,"MG/L",NA,"ACARL","ALLARM Community Aquatic Research Laboratory",0.02,2,NA,1,1,"S","PARTNTID","L02 ","PO4F"
"378",189,"ALLARM","ALLARM.LT1","03/08/1997","12:00:00","OP.5","S1",1038,"CMC","NTWQM",1997-03-08 12:00:00,0.1,"D",2,"Water",NA,0,"MG/L",NA,"ACARL","ALLARM Community Aquatic Research Laboratory",0.02,2,NA,1,1,"S","PARTNTID","L02 ","PO4F"
"380",189,"ALLARM","ALLARM.LT6","12/08/1997","12:00:00","OP.5","S1",1133,"CMC","NTWQM",1997-12-08 12:00:00,0.1,"D",2,"Water",NA,0,"MG/L",NA,"ACARL","ALLARM Community Aquatic Research Laboratory",0.02,2,NA,1,1,"S","PARTNTID","L02 ","PO4F"
"381",189,"ALLARM","ALLARM.LT5","04/08/1997","12:00:00","OP.5","S1",1052,"CMC","NTWQM",1997-04-08 12:00:00,0.1,"D",2,"Water",NA,0,"MG/L",NA,"ACARL","ALLARM Community Aquatic Research Laboratory",0.02,2,NA,1,1,"S","PARTNTID","L02 ","PO4F"
"383",189,"ALLARM","ALLARM.LT10","12/08/1997","12:00:00","OP.5","S1",1137,"CMC","NTWQM",1997-12-08 12:00:00,0.1,"D",2,"Water",NA,0,"MG/L",NA,"ACARL","ALLARM Community Aquatic Research Laboratory",0.02,2,NA,1,1,"S","PARTNTID","L02 ","PO4F"
"384",189,"ALLARM","ALLARM.LT1","04/08/1997","12:00:00","OP.5","S1",1048,"CMC","NTWQM",1997-04-08 12:00:00,0.1,"D",2,"Water",NA,0,"MG/L",NA,"ACARL","ALLARM Community Aquatic Research Laboratory",0.02,2,NA,1,1,"S","PARTNTID","L02 ","PO4F"
"386",189,"ALLARM","ALLARM.LT7","01/08/1997","12:00:00","OP.5","S1",1024,"CMC","NTWQM",1997-01-08 12:00:00,0.1,"D",2,"Water",NA,0,"MG/L",NA,"ACARL","ALLARM Community Aquatic Research Laboratory",0.02,2,NA,1,1,"S","PARTNTID","L02 ","PO4F"
"387",189,"ALLARM","ALLARM.LT5","05/08/1997","12:00:00","OP.5","S1",1062,"CMC","NTWQM",1997-05-08 12:00:00,0.1,"D",2,"Water",NA,0,"MG/L",NA,"ACARL","ALLARM Community Aquatic Research Laboratory",0.02,2,NA,1,1,"S","PARTNTID","L02 ","PO4F"
"389",189,"ALLARM","ALLARM.LT2","01/08/1997","12:00:00","OP.5","S1",1019,"CMC","NTWQM",1997-01-08 12:00:00,0.1,"D",2,"Water",NA,0,"MG/L",NA,"ACARL","ALLARM Community Aquatic Research Laboratory",0.02,2,NA,1,1,"S","PARTNTID","L02 ","PO4F"
"390",189,"ALLARM","ALLARM.LT1","05/08/1997","12:00:00","OP.5","S1",1058,"CMC","NTWQM",1997-05-08 12:00:00,0.1,"D",2,"Water",NA,0,"MG/L",NA,"ACARL","ALLARM Community Aquatic Research Laboratory",0.02,2,NA,1,1,"S","PARTNTID","L02 ","PO4F"
"393",189,"ALLARM","ALLARM.LT5","06/08/1997","12:00:00","OP.5","S1",1072,"CMC","NTWQM",1997-06-08 12:00:00,0.1,"D",2,"Water",NA,0,"MG/L",NA,"ACARL","ALLARM Community Aquatic Research Laboratory",0.02,2,NA,1,1,"S","PARTNTID","L02 ","PO4F"
"396",189,"ALLARM","ALLARM.LT1","06/08/1997","12:00:00","OP.5","S1",1068,"CMC","NTWQM",1997-06-08 12:00:00,0.1,"D",2,"Water",NA,0,"MG/L",NA,"ACARL","ALLARM Community Aquatic Research Laboratory",0.02,2,NA,1,1,"S","PARTNTID","L02 ","PO4F"
"398",189,"ALLARM","ALLARM.LT7","03/08/1997","12:00:00","OP.5","S1",1044,"CMC","NTWQM",1997-03-08 12:00:00,0.1,"D",2,"Water",NA,0,"MG/L",NA,"ACARL","ALLARM Community Aquatic Research Laboratory",0.02,2,NA,1,1,"S","PARTNTID","L02 ","PO4F"
"399",189,"ALLARM","ALLARM.LT5","07/08/1997","12:00:00","OP.5","S1",1082,"CMC","NTWQM",1997-07-08 12:00:00,0.1,"D",2,"Water",NA,0,"MG/L",NA,"ACARL","ALLARM Community Aquatic Research Laboratory",0.02,2,NA,1,1,"S","PARTNTID","L02 ","PO4F"
"400",189,"ALLARM","ALLARM.LT3","11/08/1997","12:00:00","OP.5","S1",1120,"CMC","NTWQM",1997-11-08 12:00:00,0.1,"D",2,"Water",NA,0,"MG/L",NA,"ACARL","ALLARM Community Aquatic Research Laboratory",0.02,2,NA,1,1,"S","PARTNTID","L02 ","PO4F"
"401",189,"ALLARM","ALLARM.LT2","03/08/1997","12:00:00","OP.5","S1",1039,"CMC","NTWQM",1997-03-08 12:00:00,0.1,"D",2,"Water",NA,0,"MG/L",NA,"ACARL","ALLARM Community Aquatic Research Laboratory",0.02,2,NA,1,1,"S","PARTNTID","L02 ","PO4F"
"402",189,"ALLARM","ALLARM.LT1","07/08/1997","12:00:00","OP.5","S1",1078,"CMC","NTWQM",1997-07-08 12:00:00,0.1,"D",2,"Water",NA,0,"MG/L",NA,"ACARL","ALLARM Community Aquatic Research Laboratory",0.02,2,NA,1,1,"S","PARTNTID","L02 ","PO4F"
"403",189,"ALLARM","ALLARM.LT8","12/08/1997","12:00:00","OP.5","S1",1135,"CMC","NTWQM",1997-12-08 12:00:00,0.1,"D",2,"Water",NA,0,"MG/L",NA,"ACARL","ALLARM Community Aquatic Research Laboratory",0.02,2,NA,1,1,"S","PARTNTID","L02 ","PO4F"
"404",189,"ALLARM","ALLARM.LT7","04/08/1997","12:00:00","OP.5","S1",1054,"CMC","NTWQM",1997-04-08 12:00:00,0.1,"D",2,"Water",NA,0,"MG/L",NA,"ACARL","ALLARM Community Aquatic Research Laboratory",0.02,2,NA,1,1,"S","PARTNTID","L02 ","PO4F"
"406",189,"ALLARM","ALLARM.LT3","12/08/1997","12:00:00","OP.5","S1",1130,"CMC","NTWQM",1997-12-08 12:00:00,0.1,"D",2,"Water",NA,0,"MG/L",NA,"ACARL","ALLARM Community Aquatic Research Laboratory",0.02,2,NA,1,1,"S","PARTNTID","L02 ","PO4F"
"407",189,"ALLARM","ALLARM.LT2","04/08/1997","12:00:00","OP.5","S1",1049,"CMC","NTWQM",1997-04-08 12:00:00,0.1,"D",2,"Water",NA,0,"MG/L",NA,"ACARL","ALLARM Community Aquatic Research Laboratory",0.02,2,NA,1,1,"S","PARTNTID","L02 ","PO4F"
"409",189,"ALLARM","ALLARM.LT9","01/08/1997","12:00:00","OP.5","S1",1026,"CMC","NTWQM",1997-01-08 12:00:00,0.1,"D",2,"Water",NA,0,"MG/L",NA,"ACARL","ALLARM Community Aquatic Research Laboratory",0.02,2,NA,1,1,"S","PARTNTID","L02 ","PO4F"
"410",189,"ALLARM","ALLARM.LT7","05/08/1997","12:00:00","OP.5","S1",1064,"CMC","NTWQM",1997-05-08 12:00:00,0.1,"D",2,"Water",NA,0,"MG/L",NA,"ACARL","ALLARM Community Aquatic Research Laboratory",0.02,2,NA,1,1,"S","PARTNTID","L02 ","PO4F"
"412",189,"ALLARM","ALLARM.LT4","01/08/1997","12:00:00","OP.5","S1",1021,"CMC","NTWQM",1997-01-08 12:00:00,0.1,"D",2,"Water",NA,0,"MG/L",NA,"ACARL","ALLARM Community Aquatic Research Laboratory",0.02,2,NA,1,1,"S","PARTNTID","L02 ","PO4F"
"413",189,"ALLARM","ALLARM.LT2","05/08/1997","12:00:00","OP.5","S1",1059,"CMC","NTWQM",1997-05-08 12:00:00,0.1,"D",2,"Water",NA,0,"MG/L",NA,"ACARL","ALLARM Community Aquatic Research Laboratory",0.02,2,NA,1,1,"S","PARTNTID","L02 ","PO4F"
"416",189,"ALLARM","ALLARM.LT7","06/08/1997","12:00:00","OP.5","S1",1074,"CMC","NTWQM",1997-06-08 12:00:00,0.1,"D",2,"Water",NA,0,"MG/L",NA,"ACARL","ALLARM Community Aquatic Research Laboratory",0.02,2,NA,1,1,"S","PARTNTID","L02 ","PO4F"
"418",189,"ALLARM","ALLARM.LT4","02/08/1997","12:00:00","OP.5","S1",1031,"CMC","NTWQM",1997-02-08 12:00:00,0.1,"D",2,"Water",NA,0,"MG/L",NA,"ACARL","ALLARM Community Aquatic Research Laboratory",0.02,2,NA,1,1,"S","PARTNTID","L02 ","PO4F"
"419",189,"ALLARM","ALLARM.LT2","06/08/1997","12:00:00","OP.5","S1",1069,"CMC","NTWQM",1997-06-08 12:00:00,0.1,"D",2,"Water",NA,0,"MG/L",NA,"ACARL","ALLARM Community Aquatic Research Laboratory",0.02,2,NA,1,1,"S","PARTNTID","L02 ","PO4F"
"422",189,"ALLARM","ALLARM.LT7","07/08/1997","12:00:00","OP.5","S1",1084,"CMC","NTWQM",1997-07-08 12:00:00,0.1,"D",2,"Water",NA,0,"MG/L",NA,"ACARL","ALLARM Community Aquatic Research Laboratory",0.02,2,NA,1,1,"S","PARTNTID","L02 ","PO4F"
"423",189,"ALLARM","ALLARM.LT5","11/08/1997","12:00:00","OP.5","S1",1122,"CMC","NTWQM",1997-11-08 12:00:00,0.1,"D",2,"Water",NA,0,"MG/L",NA,"ACARL","ALLARM Community Aquatic Research Laboratory",0.02,2,NA,1,1,"S","PARTNTID","L02 ","PO4F"
"424",189,"ALLARM","ALLARM.LT4","03/08/1997","12:00:00","OP.5","S1",1041,"CMC","NTWQM",1997-03-08 12:00:00,0.1,"D",2,"Water",NA,0,"MG/L",NA,"ACARL","ALLARM Community Aquatic Research Laboratory",0.02,2,NA,1,1,"S","PARTNTID","L02 ","PO4F"
"425",189,"ALLARM","ALLARM.LT2","07/08/1997","12:00:00","OP.5","S1",1079,"CMC","NTWQM",1997-07-08 12:00:00,0.1,"D",2,"Water",NA,0,"MG/L",NA,"ACARL","ALLARM Community Aquatic Research Laboratory",0.02,2,NA,1,1,"S","PARTNTID","L02 ","PO4F"
"426",189,"ALLARM","ALLARM.LT1","11/08/1997","12:00:00","OP.5","S1",1118,"CMC","NTWQM",1997-11-08 12:00:00,0.1,"D",2,"Water",NA,0,"MG/L",NA,"ACARL","ALLARM Community Aquatic Research Laboratory",0.02,2,NA,1,1,"S","PARTNTID","L02 ","PO4F"
"427",189,"ALLARM","ALLARM.LT9","04/08/1997","12:00:00","OP.5","S1",1056,"CMC","NTWQM",1997-04-08 12:00:00,0.1,"D",2,"Water",NA,0,"MG/L",NA,"ACARL","ALLARM Community Aquatic Research Laboratory",0.02,2,NA,1,1,"S","PARTNTID","L02 ","PO4F"
"429",189,"ALLARM","ALLARM.LT5","12/08/1997","12:00:00","OP.5","S1",1132,"CMC","NTWQM",1997-12-08 12:00:00,0.1,"D",2,"Water",NA,0,"MG/L",NA,"ACARL","ALLARM Community Aquatic Research Laboratory",0.02,2,NA,1,1,"S","PARTNTID","L02 ","PO4F"
"430",189,"ALLARM","ALLARM.LT4","04/08/1997","12:00:00","OP.5","S1",1051,"CMC","NTWQM",1997-04-08 12:00:00,0.1,"D",2,"Water",NA,0,"MG/L",NA,"ACARL","ALLARM Community Aquatic Research Laboratory",0.02,2,NA,1,1,"S","PARTNTID","L02 ","PO4F"
"432",189,"ALLARM","ALLARM.LT1","12/08/1997","12:00:00","OP.5","S1",1128,"CMC","NTWQM",1997-12-08 12:00:00,0.1,"D",2,"Water",NA,0,"MG/L",NA,"ACARL","ALLARM Community Aquatic Research Laboratory",0.02,2,NA,1,1,"S","PARTNTID","L02 ","PO4F"
"433",189,"ALLARM","ALLARM.LT9","05/08/1997","12:00:00","OP.5","S1",1066,"CMC","NTWQM",1997-05-08 12:00:00,0.1,"D",2,"Water",NA,0,"MG/L",NA,"ACARL","ALLARM Community Aquatic Research Laboratory",0.02,2,NA,1,1,"S","PARTNTID","L02 ","PO4F"
"435",189,"ALLARM","ALLARM.LT6","01/08/1997","12:00:00","OP.5","S1",1023,"CMC","NTWQM",1997-01-08 12:00:00,0.1,"D",2,"Water",NA,0,"MG/L",NA,"ACARL","ALLARM Community Aquatic Research Laboratory",0.02,2,NA,1,1,"S","PARTNTID","L02 ","PO4F"
"436",189,"ALLARM","ALLARM.LT4","05/08/1997","12:00:00","OP.5","S1",1061,"CMC","NTWQM",1997-05-08 12:00:00,0.1,"D",2,"Water",NA,0,"MG/L",NA,"ACARL","ALLARM Community Aquatic Research Laboratory",0.02,2,NA,1,1,"S","PARTNTID","L02 ","PO4F"
"439",189,"ALLARM","ALLARM.LT9","06/08/1997","12:00:00","OP.5","S1",1076,"CMC","NTWQM",1997-06-08 12:00:00,0.1,"D",2,"Water",NA,0,"MG/L",NA,"ACARL","ALLARM Community Aquatic Research Laboratory",0.02,2,NA,1,1,"S","PARTNTID","L02 ","PO4F"
"442",189,"ALLARM","ALLARM.LT4","06/08/1997","12:00:00","OP.5","S1",1071,"CMC","NTWQM",1997-06-08 12:00:00,0.1,"D",2,"Water",NA,0,"MG/L",NA,"ACARL","ALLARM Community Aquatic Research Laboratory",0.02,2,NA,1,1,"S","PARTNTID","L02 ","PO4F"
"445",189,"ALLARM","ALLARM.LT9","07/08/1997","12:00:00","OP.5","S1",1086,"CMC","NTWQM",1997-07-08 12:00:00,0.1,"D",2,"Water",NA,0,"MG/L",NA,"ACARL","ALLARM Community Aquatic Research Laboratory",0.02,2,NA,1,1,"S","PARTNTID","L02 ","PO4F"
"447",189,"ALLARM","ALLARM.LT6","03/08/1997","12:00:00","OP.5","S1",1043,"CMC","NTWQM",1997-03-08 12:00:00,0.1,"D",2,"Water",NA,0,"MG/L",NA,"ACARL","ALLARM Community Aquatic Research Laboratory",0.02,2,NA,1,1,"S","PARTNTID","L02 ","PO4F"
"448",189,"ALLARM","ALLARM.LT4","07/08/1997","12:00:00","OP.5","S1",1081,"CMC","NTWQM",1997-07-08 12:00:00,0.1,"D",2,"Water",NA,0,"MG/L",NA,"ACARL","ALLARM Community Aquatic Research Laboratory",0.02,2,NA,1,1,"S","PARTNTID","L02 ","PO4F"
"449",189,"ALLARM","ALLARM.LT2","11/08/1997","12:00:00","OP.5","S1",1119,"CMC","NTWQM",1997-11-08 12:00:00,0.1,"D",2,"Water",NA,0,"MG/L",NA,"ACARL","ALLARM Community Aquatic Research Laboratory",0.02,2,NA,1,1,"S","PARTNTID","L02 ","PO4F"
"450",189,"ALLARM","ALLARM.LT10","03/08/1997","12:00:00","OP.5","S1",1047,"CMC","NTWQM",1997-03-08 12:00:00,0.1,"D",2,"Water",NA,0,"MG/L",NA,"ACARL","ALLARM Community Aquatic Research Laboratory",0.02,2,NA,1,1,"S","PARTNTID","L02 ","PO4F"
"452",189,"ALLARM","ALLARM.LT7","12/08/1997","12:00:00","OP.5","S1",1134,"CMC","NTWQM",1997-12-08 12:00:00,0.1,"D",2,"Water",NA,0,"MG/L",NA,"ACARL","ALLARM Community Aquatic Research Laboratory",0.02,2,NA,1,1,"S","PARTNTID","L02 ","PO4F"
"453",189,"ALLARM","ALLARM.LT6","04/08/1997","12:00:00","OP.5","S1",1053,"CMC","NTWQM",1997-04-08 12:00:00,0.1,"D",2,"Water",NA,0,"MG/L",NA,"ACARL","ALLARM Community Aquatic Research Laboratory",0.02,2,NA,1,1,"S","PARTNTID","L02 ","PO4F"
"455",189,"ALLARM","ALLARM.LT2","12/08/1997","12:00:00","OP.5","S1",1129,"CMC","NTWQM",1997-12-08 12:00:00,0.1,"D",2,"Water",NA,0,"MG/L",NA,"ACARL","ALLARM Community Aquatic Research Laboratory",0.02,2,NA,1,1,"S","PARTNTID","L02 ","PO4F"
"456",189,"ALLARM","ALLARM.LT10","04/08/1997","12:00:00","OP.5","S1",1057,"CMC","NTWQM",1997-04-08 12:00:00,0.1,"D",2,"Water",NA,0,"MG/L",NA,"ACARL","ALLARM Community Aquatic Research Laboratory",0.02,2,NA,1,1,"S","PARTNTID","L02 ","PO4F"
"458",189,"ALLARM","ALLARM.LT8","01/08/1997","12:00:00","OP.5","S1",1025,"CMC","NTWQM",1997-01-08 12:00:00,0.1,"D",2,"Water",NA,0,"MG/L",NA,"ACARL","ALLARM Community Aquatic Research Laboratory",0.02,2,NA,1,1,"S","PARTNTID","L02 ","PO4F"
"459",189,"ALLARM","ALLARM.LT6","05/08/1997","12:00:00","OP.5","S1",1063,"CMC","NTWQM",1997-05-08 12:00:00,0.1,"D",2,"Water",NA,0,"MG/L",NA,"ACARL","ALLARM Community Aquatic Research Laboratory",0.02,2,NA,1,1,"S","PARTNTID","L02 ","PO4F"
"461",189,"ALLARM","ALLARM.LT3","01/08/1997","12:00:00","OP.5","S1",1020,"CMC","NTWQM",1997-01-08 12:00:00,0.1,"D",2,"Water",NA,0,"MG/L",NA,"ACARL","ALLARM Community Aquatic Research Laboratory",0.02,2,NA,1,1,"S","PARTNTID","L02 ","PO4F"
"462",189,"ALLARM","ALLARM.LT10","05/08/1997","12:00:00","OP.5","S1",1067,"CMC","NTWQM",1997-05-08 12:00:00,0.1,"D",2,"Water",NA,0,"MG/L",NA,"ACARL","ALLARM Community Aquatic Research Laboratory",0.02,2,NA,1,1,"S","PARTNTID","L02 ","PO4F"
"465",189,"ALLARM","ALLARM.LT6","06/08/1997","12:00:00","OP.5","S1",1073,"CMC","NTWQM",1997-06-08 12:00:00,0.1,"D",2,"Water",NA,0,"MG/L",NA,"ACARL","ALLARM Community Aquatic Research Laboratory",0.02,2,NA,1,1,"S","PARTNTID","L02 ","PO4F"
"467",189,"ALLARM","ALLARM.LT3","02/08/1997","12:00:00","OP.5","S1",1030,"CMC","NTWQM",1997-02-08 12:00:00,0.1,"D",2,"Water",NA,0,"MG/L",NA,"ACARL","ALLARM Community Aquatic Research Laboratory",0.02,2,NA,1,1,"S","PARTNTID","L02 ","PO4F"
"468",189,"ALLARM","ALLARM.LT10","06/08/1997","12:00:00","OP.5","S1",1077,"CMC","NTWQM",1997-06-08 12:00:00,0.1,"D",2,"Water",NA,0,"MG/L",NA,"ACARL","ALLARM Community Aquatic Research Laboratory",0.02,2,NA,1,1,"S","PARTNTID","L02 ","PO4F"
"469",189,"ALLARM","ALLARM.LT9","11/08/1997","12:00:00","OP.5","S1",1126,"CMC","NTWQM",1997-11-08 12:00:00,0.1,"D",2,"Water",NA,0,"MG/L",NA,"ACARL","ALLARM Community Aquatic Research Laboratory",0.02,2,NA,1,1,"S","PARTNTID","L02 ","PO4F"
"470",189,"ALLARM","ALLARM.LT8","03/08/1997","12:00:00","OP.5","S1",1045,"CMC","NTWQM",1997-03-08 12:00:00,0.1,"D",2,"Water",NA,0,"MG/L",NA,"ACARL","ALLARM Community Aquatic Research Laboratory",0.02,2,NA,1,1,"S","PARTNTID","L02 ","PO4F"
"471",189,"ALLARM","ALLARM.LT6","07/08/1997","12:00:00","OP.5","S1",1083,"CMC","NTWQM",1997-07-08 12:00:00,0.1,"D",2,"Water",NA,0,"MG/L",NA,"ACARL","ALLARM Community Aquatic Research Laboratory",0.02,2,NA,1,1,"S","PARTNTID","L02 ","PO4F"
"472",189,"ALLARM","ALLARM.LT4","11/08/1997","12:00:00","OP.5","S1",1121,"CMC","NTWQM",1997-11-08 12:00:00,0.1,"D",2,"Water",NA,0,"MG/L",NA,"ACARL","ALLARM Community Aquatic Research Laboratory",0.02,2,NA,1,1,"S","PARTNTID","L02 ","PO4F"
"473",189,"ALLARM","ALLARM.LT3","03/08/1997","12:00:00","OP.5","S1",1040,"CMC","NTWQM",1997-03-08 12:00:00,0.1,"D",2,"Water",NA,0,"MG/L",NA,"ACARL","ALLARM Community Aquatic Research Laboratory",0.02,2,NA,1,1,"S","PARTNTID","L02 ","PO4F"
"474",189,"ALLARM","ALLARM.LT10","07/08/1997","12:00:00","OP.5","S1",1087,"CMC","NTWQM",1997-07-08 12:00:00,0.1,"D",2,"Water",NA,0,"MG/L",NA,"ACARL","ALLARM Community Aquatic Research Laboratory",0.02,2,NA,1,1,"S","PARTNTID","L02 ","PO4F"
"475",189,"ALLARM","ALLARM.LT9","12/08/1997","12:00:00","OP.5","S1",1136,"CMC","NTWQM",1997-12-08 12:00:00,0.1,"D",2,"Water",NA,0,"MG/L",NA,"ACARL","ALLARM Community Aquatic Research Laboratory",0.02,2,NA,1,1,"S","PARTNTID","L02 ","PO4F"
"476",189,"ALLARM","ALLARM.LT8","04/08/1997","12:00:00","OP.5","S1",1055,"CMC","NTWQM",1997-04-08 12:00:00,0.1,"D",2,"Water",NA,0,"MG/L",NA,"ACARL","ALLARM Community Aquatic Research Laboratory",0.02,2,NA,1,1,"S","PARTNTID","L02 ","PO4F"
"478",189,"ALLARM","ALLARM.LT4","12/08/1997","12:00:00","OP.5","S1",1131,"CMC","NTWQM",1997-12-08 12:00:00,0.1,"D",2,"Water",NA,0,"MG/L",NA,"ACARL","ALLARM Community Aquatic Research Laboratory",0.02,2,NA,1,1,"S","PARTNTID","L02 ","PO4F"
"479",189,"ALLARM","ALLARM.LT5","01/08/1997","12:00:00","OP.5","S1",1022,"CMC","NTWQM",1997-01-08 12:00:00,0.1,"D",2,"Water",NA,0,"MG/L",NA,"ACARL","ALLARM Community Aquatic Research Laboratory",0.02,2,NA,1,1,"S","PARTNTID","L02 ","PO4F"
"480",189,"ALLARM","ALLARM.LT8","05/08/1997","12:00:00","OP.5","S1",1065,"CMC","NTWQM",1997-05-08 12:00:00,0.1,"D",2,"Water",NA,0,"MG/L",NA,"ACARL","ALLARM Community Aquatic Research Laboratory",0.02,2,NA,1,1,"S","PARTNTID","L02 ","PO4F"
