"","paramMethod","SOURCE","STATION","SAMPLE_DATE","SAMPLE_TIME","paramCode","SAMPLE_ID","EventId","AGENCY","PROGRAM","DateTime","DEPTH","SAMPLE_TYPE","TIER","Matrix","QUALIFIER","VALUE","UNITS","PROBLEM","LAB","labName","detLimit","qaFlag","COMMENTS","count.x","count.y","LAYER","PROJECT","SampleAnalyticalMethodIdentifier","SubstanceIdentificationName"
"601",999,"ALLARM","ALLARM.LT6","09/08/1997","12:00:00","TDS.1","M1",1103,"CMC","NTWQM",1997-09-08 12:00:00,0.1,"ISM",1,"Water",NA,340,"MG/L",NA,NA,NA,NA,2,NA,1,1,"S","PARTNTID",NA,NA
"602",999,"ALLARM","ALLARM.LT5","01/08/1997","12:00:00","TDS.1","M1",1022,"CMC","NTWQM",1997-01-08 12:00:00,0.1,"ISM",1,"Water",NA,320,"MG/L",NA,NA,NA,NA,2,NA,1,1,"S","PARTNTID",NA,NA
"603",999,"ALLARM","ALLARM.LT3","05/08/1997","12:00:00","TDS.1","M1",1060,"CMC","NTWQM",1997-05-08 12:00:00,0.1,"ISM",1,"Water",NA,330,"MG/L",NA,NA,NA,NA,2,NA,1,1,"S","PARTNTID",NA,NA
"604",999,"ALLARM","ALLARM.LT10","09/08/1997","12:00:00","TDS.1","M1",1107,"CMC","NTWQM",1997-09-08 12:00:00,0.1,"ISM",1,"Water",NA,350,"MG/L",NA,NA,NA,NA,2,NA,1,1,"S","PARTNTID",NA,NA
"605",999,"ALLARM","ALLARM.LT1","01/08/1997","12:00:00","TDS.1","M1",1018,"CMC","NTWQM",1997-01-08 12:00:00,0.1,"ISM",1,"Water",NA,290,"MG/L",NA,NA,NA,NA,2,NA,1,1,"S","PARTNTID",NA,NA
"606",999,"ALLARM","ALLARM.LT8","06/08/1997","12:00:00","TDS.1","M1",1075,"CMC","NTWQM",1997-06-08 12:00:00,0.1,"ISM",1,"Water",NA,350,"MG/L",NA,NA,NA,NA,2,NA,1,1,"S","PARTNTID",NA,NA
"607",999,"ALLARM","ALLARM.LT6","10/08/1997","12:00:00","TDS.1","M1",1113,"CMC","NTWQM",1997-10-08 12:00:00,0.1,"ISM",1,"Water",NA,380,"MG/L",NA,NA,NA,NA,2,NA,1,1,"S","PARTNTID",NA,NA
"608",999,"ALLARM","ALLARM.LT5","02/08/1997","12:00:00","TDS.1","M1",1032,"CMC","NTWQM",1997-02-08 12:00:00,0.1,"ISM",1,"Water",NA,330,"MG/L",NA,NA,NA,NA,2,NA,1,1,"S","PARTNTID",NA,NA
"609",999,"ALLARM","ALLARM.LT3","06/08/1997","12:00:00","TDS.1","M1",1070,"CMC","NTWQM",1997-06-08 12:00:00,0.1,"ISM",1,"Water",NA,320,"MG/L",NA,NA,NA,NA,2,NA,1,1,"S","PARTNTID",NA,NA
"610",999,"ALLARM","ALLARM.LT10","10/08/1997","12:00:00","TDS.1","M1",1117,"CMC","NTWQM",1997-10-08 12:00:00,0.1,"ISM",1,"Water",NA,500,"MG/L",NA,NA,NA,NA,2,NA,1,1,"S","PARTNTID",NA,NA
"611",999,"ALLARM","ALLARM.LT1","02/08/1997","12:00:00","TDS.1","M1",1028,"CMC","NTWQM",1997-02-08 12:00:00,0.1,"ISM",1,"Water",NA,280,"MG/L",NA,NA,NA,NA,2,NA,1,1,"S","PARTNTID",NA,NA
"612",999,"ALLARM","ALLARM.LT8","07/08/1997","12:00:00","TDS.1","M1",1085,"CMC","NTWQM",1997-07-08 12:00:00,0.1,"ISM",1,"Water",NA,340,"MG/L",NA,NA,NA,NA,2,NA,1,1,"S","PARTNTID",NA,NA
"613",999,"ALLARM","ALLARM.LT6","11/08/1997","12:00:00","TDS.1","M1",1123,"CMC","NTWQM",1997-11-08 12:00:00,0.1,"ISM",1,"Water",NA,340,"MG/L",NA,NA,NA,NA,2,NA,1,1,"S","PARTNTID",NA,NA
"614",999,"ALLARM","ALLARM.LT5","03/08/1997","12:00:00","TDS.1","M1",1042,"CMC","NTWQM",1997-03-08 12:00:00,0.1,"ISM",1,"Water",NA,310,"MG/L",NA,NA,NA,NA,2,NA,1,1,"S","PARTNTID",NA,NA
"615",999,"ALLARM","ALLARM.LT3","07/08/1997","12:00:00","TDS.1","M1",1080,"CMC","NTWQM",1997-07-08 12:00:00,0.1,"ISM",1,"Water",NA,300,"MG/L",NA,NA,NA,NA,2,NA,1,1,"S","PARTNTID",NA,NA
"616",999,"ALLARM","ALLARM.LT10","11/08/1997","12:00:00","TDS.1","M1",1127,"CMC","NTWQM",1997-11-08 12:00:00,0.1,"ISM",1,"Water",NA,360,"MG/L",NA,NA,NA,NA,2,NA,1,1,"S","PARTNTID",NA,NA
"617",999,"ALLARM","ALLARM.LT1","03/08/1997","12:00:00","TDS.1","M1",1038,"CMC","NTWQM",1997-03-08 12:00:00,0.1,"ISM",1,"Water",NA,310,"MG/L",NA,NA,NA,NA,2,NA,1,1,"S","PARTNTID",NA,NA
"618",999,"ALLARM","ALLARM.LT8","08/08/1997","12:00:00","TDS.1","M1",1095,"CMC","NTWQM",1997-08-08 12:00:00,0.1,"ISM",1,"Water",NA,300,"MG/L",NA,NA,NA,NA,2,NA,1,1,"S","PARTNTID",NA,NA
"619",999,"ALLARM","ALLARM.LT6","12/08/1997","12:00:00","TDS.1","M1",1133,"CMC","NTWQM",1997-12-08 12:00:00,0.1,"ISM",1,"Water",NA,350,"MG/L",NA,NA,NA,NA,2,NA,1,1,"S","PARTNTID",NA,NA
"620",999,"ALLARM","ALLARM.LT5","04/08/1997","12:00:00","TDS.1","M1",1052,"CMC","NTWQM",1997-04-08 12:00:00,0.1,"ISM",1,"Water",NA,340,"MG/L",NA,NA,NA,NA,2,NA,1,1,"S","PARTNTID",NA,NA
"621",999,"ALLARM","ALLARM.LT3","08/08/1997","12:00:00","TDS.1","M1",1090,"CMC","NTWQM",1997-08-08 12:00:00,0.1,"ISM",1,"Water",NA,280,"MG/L",NA,NA,NA,NA,2,NA,1,1,"S","PARTNTID",NA,NA
"622",999,"ALLARM","ALLARM.LT10","12/08/1997","12:00:00","TDS.1","M1",1137,"CMC","NTWQM",1997-12-08 12:00:00,0.1,"ISM",1,"Water",NA,420,"MG/L",NA,NA,NA,NA,2,NA,1,1,"S","PARTNTID",NA,NA
"623",999,"ALLARM","ALLARM.LT1","04/08/1997","12:00:00","TDS.1","M1",1048,"CMC","NTWQM",1997-04-08 12:00:00,0.1,"ISM",1,"Water",NA,300,"MG/L",NA,NA,NA,NA,2,NA,1,1,"S","PARTNTID",NA,NA
"624",999,"ALLARM","ALLARM.LT8","09/08/1997","12:00:00","TDS.1","M1",1105,"CMC","NTWQM",1997-09-08 12:00:00,0.1,"ISM",1,"Water",NA,340,"MG/L",NA,NA,NA,NA,2,NA,1,1,"S","PARTNTID",NA,NA
"625",999,"ALLARM","ALLARM.LT7","01/08/1997","12:00:00","TDS.1","M1",1024,"CMC","NTWQM",1997-01-08 12:00:00,0.1,"ISM",1,"Water",NA,360,"MG/L",NA,NA,NA,NA,2,NA,1,1,"S","PARTNTID",NA,NA
"626",999,"ALLARM","ALLARM.LT5","05/08/1997","12:00:00","TDS.1","M1",1062,"CMC","NTWQM",1997-05-08 12:00:00,0.1,"ISM",1,"Water",NA,340,"MG/L",NA,NA,NA,NA,2,NA,1,1,"S","PARTNTID",NA,NA
"627",999,"ALLARM","ALLARM.LT3","09/08/1997","12:00:00","TDS.1","M1",1100,"CMC","NTWQM",1997-09-08 12:00:00,0.1,"ISM",1,"Water",NA,310,"MG/L",NA,NA,NA,NA,2,NA,1,1,"S","PARTNTID",NA,NA
"628",999,"ALLARM","ALLARM.LT2","01/08/1997","12:00:00","TDS.1","M1",1019,"CMC","NTWQM",1997-01-08 12:00:00,0.1,"ISM",1,"Water",NA,290,"MG/L",NA,NA,NA,NA,2,NA,1,1,"S","PARTNTID",NA,NA
"629",999,"ALLARM","ALLARM.LT1","05/08/1997","12:00:00","TDS.1","M1",1058,"CMC","NTWQM",1997-05-08 12:00:00,0.1,"ISM",1,"Water",NA,310,"MG/L",NA,NA,NA,NA,2,NA,1,1,"S","PARTNTID",NA,NA
"630",999,"ALLARM","ALLARM.LT8","10/08/1997","12:00:00","TDS.1","M1",1115,"CMC","NTWQM",1997-10-08 12:00:00,0.1,"ISM",1,"Water",NA,420,"MG/L",NA,NA,NA,NA,2,NA,1,1,"S","PARTNTID",NA,NA
"631",999,"ALLARM","ALLARM.LT7","02/08/1997","12:00:00","TDS.1","M1",1034,"CMC","NTWQM",1997-02-08 12:00:00,0.1,"ISM",1,"Water",NA,340,"MG/L",NA,NA,NA,NA,2,NA,1,1,"S","PARTNTID",NA,NA
"632",999,"ALLARM","ALLARM.LT5","06/08/1997","12:00:00","TDS.1","M1",1072,"CMC","NTWQM",1997-06-08 12:00:00,0.1,"ISM",1,"Water",NA,340,"MG/L",NA,NA,NA,NA,2,NA,1,1,"S","PARTNTID",NA,NA
"633",999,"ALLARM","ALLARM.LT3","10/08/1997","12:00:00","TDS.1","M1",1110,"CMC","NTWQM",1997-10-08 12:00:00,0.1,"ISM",1,"Water",NA,290,"MG/L",NA,NA,NA,NA,2,NA,1,1,"S","PARTNTID",NA,NA
"634",999,"ALLARM","ALLARM.LT2","02/08/1997","12:00:00","TDS.1","M1",1029,"CMC","NTWQM",1997-02-08 12:00:00,0.1,"ISM",1,"Water",NA,290,"MG/L",NA,NA,NA,NA,2,NA,1,1,"S","PARTNTID",NA,NA
"635",999,"ALLARM","ALLARM.LT1","06/08/1997","12:00:00","TDS.1","M1",1068,"CMC","NTWQM",1997-06-08 12:00:00,0.1,"ISM",1,"Water",NA,300,"MG/L",NA,NA,NA,NA,2,NA,1,1,"S","PARTNTID",NA,NA
"636",999,"ALLARM","ALLARM.LT8","11/08/1997","12:00:00","TDS.1","M1",1125,"CMC","NTWQM",1997-11-08 12:00:00,0.1,"ISM",1,"Water",NA,360,"MG/L",NA,NA,NA,NA,2,NA,1,1,"S","PARTNTID",NA,NA
"637",999,"ALLARM","ALLARM.LT7","03/08/1997","12:00:00","TDS.1","M1",1044,"CMC","NTWQM",1997-03-08 12:00:00,0.1,"ISM",1,"Water",NA,330,"MG/L",NA,NA,NA,NA,2,NA,1,1,"S","PARTNTID",NA,NA
"638",999,"ALLARM","ALLARM.LT5","07/08/1997","12:00:00","TDS.1","M1",1082,"CMC","NTWQM",1997-07-08 12:00:00,0.1,"ISM",1,"Water",NA,300,"MG/L",NA,NA,NA,NA,2,NA,1,1,"S","PARTNTID",NA,NA
"639",999,"ALLARM","ALLARM.LT3","11/08/1997","12:00:00","TDS.1","M1",1120,"CMC","NTWQM",1997-11-08 12:00:00,0.1,"ISM",1,"Water",NA,300,"MG/L",NA,NA,NA,NA,2,NA,1,1,"S","PARTNTID",NA,NA
"640",999,"ALLARM","ALLARM.LT2","03/08/1997","12:00:00","TDS.1","M1",1039,"CMC","NTWQM",1997-03-08 12:00:00,0.1,"ISM",1,"Water",NA,300,"MG/L",NA,NA,NA,NA,2,NA,1,1,"S","PARTNTID",NA,NA
"641",999,"ALLARM","ALLARM.LT1","07/08/1997","12:00:00","TDS.1","M1",1078,"CMC","NTWQM",1997-07-08 12:00:00,0.1,"ISM",1,"Water",NA,260,"MG/L",NA,NA,NA,NA,2,NA,1,1,"S","PARTNTID",NA,NA
"642",999,"ALLARM","ALLARM.LT8","12/08/1997","12:00:00","TDS.1","M1",1135,"CMC","NTWQM",1997-12-08 12:00:00,0.1,"ISM",1,"Water",NA,370,"MG/L",NA,NA,NA,NA,2,NA,1,1,"S","PARTNTID",NA,NA
"643",999,"ALLARM","ALLARM.LT7","04/08/1997","12:00:00","TDS.1","M1",1054,"CMC","NTWQM",1997-04-08 12:00:00,0.1,"ISM",1,"Water",NA,340,"MG/L",NA,NA,NA,NA,2,NA,1,1,"S","PARTNTID",NA,NA
"644",999,"ALLARM","ALLARM.LT5","08/08/1997","12:00:00","TDS.1","M1",1092,"CMC","NTWQM",1997-08-08 12:00:00,0.1,"ISM",1,"Water",NA,290,"MG/L",NA,NA,NA,NA,2,NA,1,1,"S","PARTNTID",NA,NA
"645",999,"ALLARM","ALLARM.LT3","12/08/1997","12:00:00","TDS.1","M1",1130,"CMC","NTWQM",1997-12-08 12:00:00,0.1,"ISM",1,"Water",NA,310,"MG/L",NA,NA,NA,NA,2,NA,1,1,"S","PARTNTID",NA,NA
"646",999,"ALLARM","ALLARM.LT2","04/08/1997","12:00:00","TDS.1","M1",1049,"CMC","NTWQM",1997-04-08 12:00:00,0.1,"ISM",1,"Water",NA,290,"MG/L",NA,NA,NA,NA,2,NA,1,1,"S","PARTNTID",NA,NA
"647",999,"ALLARM","ALLARM.LT1","08/08/1997","12:00:00","TDS.1","M1",1088,"CMC","NTWQM",1997-08-08 12:00:00,0.1,"ISM",1,"Water",NA,250,"MG/L",NA,NA,NA,NA,2,NA,1,1,"S","PARTNTID",NA,NA
"648",999,"ALLARM","ALLARM.LT9","01/08/1997","12:00:00","TDS.1","M1",1026,"CMC","NTWQM",1997-01-08 12:00:00,0.1,"ISM",1,"Water",NA,390,"MG/L",NA,NA,NA,NA,2,NA,1,1,"S","PARTNTID",NA,NA
"649",999,"ALLARM","ALLARM.LT7","05/08/1997","12:00:00","TDS.1","M1",1064,"CMC","NTWQM",1997-05-08 12:00:00,0.1,"ISM",1,"Water",NA,370,"MG/L",NA,NA,NA,NA,2,NA,1,1,"S","PARTNTID",NA,NA
"650",999,"ALLARM","ALLARM.LT5","09/08/1997","12:00:00","TDS.1","M1",1102,"CMC","NTWQM",1997-09-08 12:00:00,0.1,"ISM",1,"Water",NA,320,"MG/L",NA,NA,NA,NA,2,NA,1,1,"S","PARTNTID",NA,NA
"651",999,"ALLARM","ALLARM.LT4","01/08/1997","12:00:00","TDS.1","M1",1021,"CMC","NTWQM",1997-01-08 12:00:00,0.1,"ISM",1,"Water",NA,310,"MG/L",NA,NA,NA,NA,2,NA,1,1,"S","PARTNTID",NA,NA
"652",999,"ALLARM","ALLARM.LT2","05/08/1997","12:00:00","TDS.1","M1",1059,"CMC","NTWQM",1997-05-08 12:00:00,0.1,"ISM",1,"Water",NA,310,"MG/L",NA,NA,NA,NA,2,NA,1,1,"S","PARTNTID",NA,NA
"653",999,"ALLARM","ALLARM.LT1","09/08/1997","12:00:00","TDS.1","M1",1098,"CMC","NTWQM",1997-09-08 12:00:00,0.1,"ISM",1,"Water",NA,270,"MG/L",NA,NA,NA,NA,2,NA,1,1,"S","PARTNTID",NA,NA
"654",999,"ALLARM","ALLARM.LT9","02/08/1997","12:00:00","TDS.1","M1",1036,"CMC","NTWQM",1997-02-08 12:00:00,0.1,"ISM",1,"Water",NA,350,"MG/L",NA,NA,NA,NA,2,NA,1,1,"S","PARTNTID",NA,NA
"655",999,"ALLARM","ALLARM.LT7","06/08/1997","12:00:00","TDS.1","M1",1074,"CMC","NTWQM",1997-06-08 12:00:00,0.1,"ISM",1,"Water",NA,340,"MG/L",NA,NA,NA,NA,2,NA,1,1,"S","PARTNTID",NA,NA
"656",999,"ALLARM","ALLARM.LT5","10/08/1997","12:00:00","TDS.1","M1",1112,"CMC","NTWQM",1997-10-08 12:00:00,0.1,"ISM",1,"Water",NA,350,"MG/L",NA,NA,NA,NA,2,NA,1,1,"S","PARTNTID",NA,NA
"657",999,"ALLARM","ALLARM.LT4","02/08/1997","12:00:00","TDS.1","M1",1031,"CMC","NTWQM",1997-02-08 12:00:00,0.1,"ISM",1,"Water",NA,310,"MG/L",NA,NA,NA,NA,2,NA,1,1,"S","PARTNTID",NA,NA
"658",999,"ALLARM","ALLARM.LT2","06/08/1997","12:00:00","TDS.1","M1",1069,"CMC","NTWQM",1997-06-08 12:00:00,0.1,"ISM",1,"Water",NA,290,"MG/L",NA,NA,NA,NA,2,NA,1,1,"S","PARTNTID",NA,NA
"659",999,"ALLARM","ALLARM.LT1","10/08/1997","12:00:00","TDS.1","M1",1108,"CMC","NTWQM",1997-10-08 12:00:00,0.1,"ISM",1,"Water",NA,280,"MG/L",NA,NA,NA,NA,2,NA,1,1,"S","PARTNTID",NA,NA
"660",999,"ALLARM","ALLARM.LT9","03/08/1997","12:00:00","TDS.1","M1",1046,"CMC","NTWQM",1997-03-08 12:00:00,0.1,"ISM",1,"Water",NA,330,"MG/L",NA,NA,NA,NA,2,NA,1,1,"S","PARTNTID",NA,NA
"661",999,"ALLARM","ALLARM.LT7","07/08/1997","12:00:00","TDS.1","M1",1084,"CMC","NTWQM",1997-07-08 12:00:00,0.1,"ISM",1,"Water",NA,350,"MG/L",NA,NA,NA,NA,2,NA,1,1,"S","PARTNTID",NA,NA
"662",999,"ALLARM","ALLARM.LT5","11/08/1997","12:00:00","TDS.1","M1",1122,"CMC","NTWQM",1997-11-08 12:00:00,0.1,"ISM",1,"Water",NA,330,"MG/L",NA,NA,NA,NA,2,NA,1,1,"S","PARTNTID",NA,NA
"663",999,"ALLARM","ALLARM.LT4","03/08/1997","12:00:00","TDS.1","M1",1041,"CMC","NTWQM",1997-03-08 12:00:00,0.1,"ISM",1,"Water",NA,320,"MG/L",NA,NA,NA,NA,2,NA,1,1,"S","PARTNTID",NA,NA
"664",999,"ALLARM","ALLARM.LT2","07/08/1997","12:00:00","TDS.1","M1",1079,"CMC","NTWQM",1997-07-08 12:00:00,0.1,"ISM",1,"Water",NA,260,"MG/L",NA,NA,NA,NA,2,NA,1,1,"S","PARTNTID",NA,NA
"665",999,"ALLARM","ALLARM.LT1","11/08/1997","12:00:00","TDS.1","M1",1118,"CMC","NTWQM",1997-11-08 12:00:00,0.1,"ISM",1,"Water",NA,280,"MG/L",NA,NA,NA,NA,2,NA,1,1,"S","PARTNTID",NA,NA
"666",999,"ALLARM","ALLARM.LT9","04/08/1997","12:00:00","TDS.1","M1",1056,"CMC","NTWQM",1997-04-08 12:00:00,0.1,"ISM",1,"Water",NA,350,"MG/L",NA,NA,NA,NA,2,NA,1,1,"S","PARTNTID",NA,NA
"667",999,"ALLARM","ALLARM.LT7","08/08/1997","12:00:00","TDS.1","M1",1094,"CMC","NTWQM",1997-08-08 12:00:00,0.1,"ISM",1,"Water",NA,290,"MG/L",NA,NA,NA,NA,2,NA,1,1,"S","PARTNTID",NA,NA
"668",999,"ALLARM","ALLARM.LT5","12/08/1997","12:00:00","TDS.1","M1",1132,"CMC","NTWQM",1997-12-08 12:00:00,0.1,"ISM",1,"Water",NA,330,"MG/L",NA,NA,NA,NA,2,NA,1,1,"S","PARTNTID",NA,NA
"669",999,"ALLARM","ALLARM.LT4","04/08/1997","12:00:00","TDS.1","M1",1051,"CMC","NTWQM",1997-04-08 12:00:00,0.1,"ISM",1,"Water",NA,330,"MG/L",NA,NA,NA,NA,2,NA,1,1,"S","PARTNTID",NA,NA
"670",999,"ALLARM","ALLARM.LT2","08/08/1997","12:00:00","TDS.1","M1",1089,"CMC","NTWQM",1997-08-08 12:00:00,0.1,"ISM",1,"Water",NA,250,"MG/L",NA,NA,NA,NA,2,NA,1,1,"S","PARTNTID",NA,NA
"671",999,"ALLARM","ALLARM.LT1","12/08/1997","12:00:00","TDS.1","M1",1128,"CMC","NTWQM",1997-12-08 12:00:00,0.1,"ISM",1,"Water",NA,300,"MG/L",NA,NA,NA,NA,2,NA,1,1,"S","PARTNTID",NA,NA
"672",999,"ALLARM","ALLARM.LT9","05/08/1997","12:00:00","TDS.1","M1",1066,"CMC","NTWQM",1997-05-08 12:00:00,0.1,"ISM",1,"Water",NA,360,"MG/L",NA,NA,NA,NA,2,NA,1,1,"S","PARTNTID",NA,NA
"673",999,"ALLARM","ALLARM.LT7","09/08/1997","12:00:00","TDS.1","M1",1104,"CMC","NTWQM",1997-09-08 12:00:00,0.1,"ISM",1,"Water",NA,310,"MG/L",NA,NA,NA,NA,2,NA,1,1,"S","PARTNTID",NA,NA
"674",999,"ALLARM","ALLARM.LT6","01/08/1997","12:00:00","TDS.1","M1",1023,"CMC","NTWQM",1997-01-08 12:00:00,0.1,"ISM",1,"Water",NA,340,"MG/L",NA,NA,NA,NA,2,NA,1,1,"S","PARTNTID",NA,NA
"675",999,"ALLARM","ALLARM.LT4","05/08/1997","12:00:00","TDS.1","M1",1061,"CMC","NTWQM",1997-05-08 12:00:00,0.1,"ISM",1,"Water",NA,350,"MG/L",NA,NA,NA,NA,2,NA,1,1,"S","PARTNTID",NA,NA
"676",999,"ALLARM","ALLARM.LT2","09/08/1997","12:00:00","TDS.1","M1",1099,"CMC","NTWQM",1997-09-08 12:00:00,0.1,"ISM",1,"Water",NA,290,"MG/L",NA,NA,NA,NA,2,NA,1,1,"S","PARTNTID",NA,NA
"677",999,"ALLARM","ALLARM.LT10","01/08/1997","12:00:00","TDS.1","M1",1027,"CMC","NTWQM",1997-01-08 12:00:00,0.1,"ISM",1,"Water",NA,400,"MG/L",NA,NA,NA,NA,2,NA,1,1,"S","PARTNTID",NA,NA
"678",999,"ALLARM","ALLARM.LT9","06/08/1997","12:00:00","TDS.1","M1",1076,"CMC","NTWQM",1997-06-08 12:00:00,0.1,"ISM",1,"Water",NA,350,"MG/L",NA,NA,NA,NA,2,NA,1,1,"S","PARTNTID",NA,NA
"679",999,"ALLARM","ALLARM.LT7","10/08/1997","12:00:00","TDS.1","M1",1114,"CMC","NTWQM",1997-10-08 12:00:00,0.1,"ISM",1,"Water",NA,400,"MG/L",NA,NA,NA,NA,2,NA,1,1,"S","PARTNTID",NA,NA
"680",999,"ALLARM","ALLARM.LT6","02/08/1997","12:00:00","TDS.1","M1",1033,"CMC","NTWQM",1997-02-08 12:00:00,0.1,"ISM",1,"Water",NA,350,"MG/L",NA,NA,NA,NA,2,NA,1,1,"S","PARTNTID",NA,NA
"681",999,"ALLARM","ALLARM.LT4","06/08/1997","12:00:00","TDS.1","M1",1071,"CMC","NTWQM",1997-06-08 12:00:00,0.1,"ISM",1,"Water",NA,340,"MG/L",NA,NA,NA,NA,2,NA,1,1,"S","PARTNTID",NA,NA
"682",999,"ALLARM","ALLARM.LT2","10/08/1997","12:00:00","TDS.1","M1",1109,"CMC","NTWQM",1997-10-08 12:00:00,0.1,"ISM",1,"Water",NA,280,"MG/L",NA,NA,NA,NA,2,NA,1,1,"S","PARTNTID",NA,NA
"683",999,"ALLARM","ALLARM.LT10","02/08/1997","12:00:00","TDS.1","M1",1037,"CMC","NTWQM",1997-02-08 12:00:00,0.1,"ISM",1,"Water",NA,370,"MG/L",NA,NA,NA,NA,2,NA,1,1,"S","PARTNTID",NA,NA
"684",999,"ALLARM","ALLARM.LT9","07/08/1997","12:00:00","TDS.1","M1",1086,"CMC","NTWQM",1997-07-08 12:00:00,0.1,"ISM",1,"Water",NA,370,"MG/L",NA,NA,NA,NA,2,NA,1,1,"S","PARTNTID",NA,NA
"685",999,"ALLARM","ALLARM.LT7","11/08/1997","12:00:00","TDS.1","M1",1124,"CMC","NTWQM",1997-11-08 12:00:00,0.1,"ISM",1,"Water",NA,340,"MG/L",NA,NA,NA,NA,2,NA,1,1,"S","PARTNTID",NA,NA
"686",999,"ALLARM","ALLARM.LT6","03/08/1997","12:00:00","TDS.1","M1",1043,"CMC","NTWQM",1997-03-08 12:00:00,0.1,"ISM",1,"Water",NA,320,"MG/L",NA,NA,NA,NA,2,NA,1,1,"S","PARTNTID",NA,NA
"687",999,"ALLARM","ALLARM.LT4","07/08/1997","12:00:00","TDS.1","M1",1081,"CMC","NTWQM",1997-07-08 12:00:00,0.1,"ISM",1,"Water",NA,300,"MG/L",NA,NA,NA,NA,2,NA,1,1,"S","PARTNTID",NA,NA
"688",999,"ALLARM","ALLARM.LT2","11/08/1997","12:00:00","TDS.1","M1",1119,"CMC","NTWQM",1997-11-08 12:00:00,0.1,"ISM",1,"Water",NA,280,"MG/L",NA,NA,NA,NA,2,NA,1,1,"S","PARTNTID",NA,NA
"689",999,"ALLARM","ALLARM.LT10","03/08/1997","12:00:00","TDS.1","M1",1047,"CMC","NTWQM",1997-03-08 12:00:00,0.1,"ISM",1,"Water",NA,330,"MG/L",NA,NA,NA,NA,2,NA,1,1,"S","PARTNTID",NA,NA
"690",999,"ALLARM","ALLARM.LT9","08/08/1997","12:00:00","TDS.1","M1",1096,"CMC","NTWQM",1997-08-08 12:00:00,0.1,"ISM",1,"Water",NA,300,"MG/L",NA,NA,NA,NA,2,NA,1,1,"S","PARTNTID",NA,NA
"691",999,"ALLARM","ALLARM.LT7","12/08/1997","12:00:00","TDS.1","M1",1134,"CMC","NTWQM",1997-12-08 12:00:00,0.1,"ISM",1,"Water",NA,350,"MG/L",NA,NA,NA,NA,2,NA,1,1,"S","PARTNTID",NA,NA
"692",999,"ALLARM","ALLARM.LT6","04/08/1997","12:00:00","TDS.1","M1",1053,"CMC","NTWQM",1997-04-08 12:00:00,0.1,"ISM",1,"Water",NA,340,"MG/L",NA,NA,NA,NA,2,NA,1,1,"S","PARTNTID",NA,NA
"693",999,"ALLARM","ALLARM.LT4","08/08/1997","12:00:00","TDS.1","M1",1091,"CMC","NTWQM",1997-08-08 12:00:00,0.1,"ISM",1,"Water",NA,280,"MG/L",NA,NA,NA,NA,2,NA,1,1,"S","PARTNTID",NA,NA
"694",999,"ALLARM","ALLARM.LT2","12/08/1997","12:00:00","TDS.1","M1",1129,"CMC","NTWQM",1997-12-08 12:00:00,0.1,"ISM",1,"Water",NA,310,"MG/L",NA,NA,NA,NA,2,NA,1,1,"S","PARTNTID",NA,NA
"695",999,"ALLARM","ALLARM.LT10","04/08/1997","12:00:00","TDS.1","M1",1057,"CMC","NTWQM",1997-04-08 12:00:00,0.1,"ISM",1,"Water",NA,360,"MG/L",NA,NA,NA,NA,2,NA,1,1,"S","PARTNTID",NA,NA
"696",999,"ALLARM","ALLARM.LT9","09/08/1997","12:00:00","TDS.1","M1",1106,"CMC","NTWQM",1997-09-08 12:00:00,0.1,"ISM",1,"Water",NA,310,"MG/L",NA,NA,NA,NA,2,NA,1,1,"S","PARTNTID",NA,NA
"697",999,"ALLARM","ALLARM.LT8","01/08/1997","12:00:00","TDS.1","M1",1025,"CMC","NTWQM",1997-01-08 12:00:00,0.1,"ISM",1,"Water",NA,370,"MG/L",NA,NA,NA,NA,2,NA,1,1,"S","PARTNTID",NA,NA
"698",999,"ALLARM","ALLARM.LT6","05/08/1997","12:00:00","TDS.1","M1",1063,"CMC","NTWQM",1997-05-08 12:00:00,0.1,"ISM",1,"Water",NA,360,"MG/L",NA,NA,NA,NA,2,NA,1,1,"S","PARTNTID",NA,NA
"699",999,"ALLARM","ALLARM.LT4","09/08/1997","12:00:00","TDS.1","M1",1101,"CMC","NTWQM",1997-09-08 12:00:00,0.1,"ISM",1,"Water",NA,310,"MG/L",NA,NA,NA,NA,2,NA,1,1,"S","PARTNTID",NA,NA
"700",999,"ALLARM","ALLARM.LT3","01/08/1997","12:00:00","TDS.1","M1",1020,"CMC","NTWQM",1997-01-08 12:00:00,0.1,"ISM",1,"Water",NA,300,"MG/L",NA,NA,NA,NA,2,NA,1,1,"S","PARTNTID",NA,NA
"701",999,"ALLARM","ALLARM.LT10","05/08/1997","12:00:00","TDS.1","M1",1067,"CMC","NTWQM",1997-05-08 12:00:00,0.1,"ISM",1,"Water",NA,380,"MG/L",NA,NA,NA,NA,2,NA,1,1,"S","PARTNTID",NA,NA
"702",999,"ALLARM","ALLARM.LT9","10/08/1997","12:00:00","TDS.1","M1",1116,"CMC","NTWQM",1997-10-08 12:00:00,0.1,"ISM",1,"Water",NA,410,"MG/L",NA,NA,NA,NA,2,NA,1,1,"S","PARTNTID",NA,NA
"703",999,"ALLARM","ALLARM.LT8","02/08/1997","12:00:00","TDS.1","M1",1035,"CMC","NTWQM",1997-02-08 12:00:00,0.1,"ISM",1,"Water",NA,360,"MG/L",NA,NA,NA,NA,2,NA,1,1,"S","PARTNTID",NA,NA
"704",999,"ALLARM","ALLARM.LT6","06/08/1997","12:00:00","TDS.1","M1",1073,"CMC","NTWQM",1997-06-08 12:00:00,0.1,"ISM",1,"Water",NA,340,"MG/L",NA,NA,NA,NA,2,NA,1,1,"S","PARTNTID",NA,NA
"705",999,"ALLARM","ALLARM.LT4","10/08/1997","12:00:00","TDS.1","M1",1111,"CMC","NTWQM",1997-10-08 12:00:00,0.1,"ISM",1,"Water",NA,320,"MG/L",NA,NA,NA,NA,2,NA,1,1,"S","PARTNTID",NA,NA
"706",999,"ALLARM","ALLARM.LT3","02/08/1997","12:00:00","TDS.1","M1",1030,"CMC","NTWQM",1997-02-08 12:00:00,0.1,"ISM",1,"Water",NA,290,"MG/L",NA,NA,NA,NA,2,NA,1,1,"S","PARTNTID",NA,NA
"707",999,"ALLARM","ALLARM.LT10","06/08/1997","12:00:00","TDS.1","M1",1077,"CMC","NTWQM",1997-06-08 12:00:00,0.1,"ISM",1,"Water",NA,360,"MG/L",NA,NA,NA,NA,2,NA,1,1,"S","PARTNTID",NA,NA
"708",999,"ALLARM","ALLARM.LT9","11/08/1997","12:00:00","TDS.1","M1",1126,"CMC","NTWQM",1997-11-08 12:00:00,0.1,"ISM",1,"Water",NA,360,"MG/L",NA,NA,NA,NA,2,NA,1,1,"S","PARTNTID",NA,NA
"709",999,"ALLARM","ALLARM.LT8","03/08/1997","12:00:00","TDS.1","M1",1045,"CMC","NTWQM",1997-03-08 12:00:00,0.1,"ISM",1,"Water",NA,340,"MG/L",NA,NA,NA,NA,2,NA,1,1,"S","PARTNTID",NA,NA
"710",999,"ALLARM","ALLARM.LT6","07/08/1997","12:00:00","TDS.1","M1",1083,"CMC","NTWQM",1997-07-08 12:00:00,0.1,"ISM",1,"Water",NA,330,"MG/L",NA,NA,NA,NA,2,NA,1,1,"S","PARTNTID",NA,NA
"711",999,"ALLARM","ALLARM.LT4","11/08/1997","12:00:00","TDS.1","M1",1121,"CMC","NTWQM",1997-11-08 12:00:00,0.1,"ISM",1,"Water",NA,310,"MG/L",NA,NA,NA,NA,2,NA,1,1,"S","PARTNTID",NA,NA
"712",999,"ALLARM","ALLARM.LT3","03/08/1997","12:00:00","TDS.1","M1",1040,"CMC","NTWQM",1997-03-08 12:00:00,0.1,"ISM",1,"Water",NA,310,"MG/L",NA,NA,NA,NA,2,NA,1,1,"S","PARTNTID",NA,NA
"713",999,"ALLARM","ALLARM.LT10","07/08/1997","12:00:00","TDS.1","M1",1087,"CMC","NTWQM",1997-07-08 12:00:00,0.1,"ISM",1,"Water",NA,390,"MG/L",NA,NA,NA,NA,2,NA,1,1,"S","PARTNTID",NA,NA
"714",999,"ALLARM","ALLARM.LT9","12/08/1997","12:00:00","TDS.1","M1",1136,"CMC","NTWQM",1997-12-08 12:00:00,0.1,"ISM",1,"Water",NA,400,"MG/L",NA,NA,NA,NA,2,NA,1,1,"S","PARTNTID",NA,NA
"715",999,"ALLARM","ALLARM.LT8","04/08/1997","12:00:00","TDS.1","M1",1055,"CMC","NTWQM",1997-04-08 12:00:00,0.1,"ISM",1,"Water",NA,350,"MG/L",NA,NA,NA,NA,2,NA,1,1,"S","PARTNTID",NA,NA
"716",999,"ALLARM","ALLARM.LT6","08/08/1997","12:00:00","TDS.1","M1",1093,"CMC","NTWQM",1997-08-08 12:00:00,0.1,"ISM",1,"Water",NA,260,"MG/L",NA,NA,NA,NA,2,NA,1,1,"S","PARTNTID",NA,NA
"717",999,"ALLARM","ALLARM.LT4","12/08/1997","12:00:00","TDS.1","M1",1131,"CMC","NTWQM",1997-12-08 12:00:00,0.1,"ISM",1,"Water",NA,320,"MG/L",NA,NA,NA,NA,2,NA,1,1,"S","PARTNTID",NA,NA
"718",999,"ALLARM","ALLARM.LT3","04/08/1997","12:00:00","TDS.1","M1",1050,"CMC","NTWQM",1997-04-08 12:00:00,0.1,"ISM",1,"Water",NA,320,"MG/L",NA,NA,NA,NA,2,NA,1,1,"S","PARTNTID",NA,NA
"719",999,"ALLARM","ALLARM.LT10","08/08/1997","12:00:00","TDS.1","M1",1097,"CMC","NTWQM",1997-08-08 12:00:00,0.1,"ISM",1,"Water",NA,300,"MG/L",NA,NA,NA,NA,2,NA,1,1,"S","PARTNTID",NA,NA
"720",999,"ALLARM","ALLARM.LT8","05/08/1997","12:00:00","TDS.1","M1",1065,"CMC","NTWQM",1997-05-08 12:00:00,0.1,"ISM",1,"Water",NA,380,"MG/L",NA,NA,NA,NA,2,NA,1,1,"S","PARTNTID",NA,NA
