"","paramMethod","SOURCE","STATION","SAMPLE_DATE","SAMPLE_TIME","paramCode","SAMPLE_ID","EventId","AGENCY","PROGRAM","DateTime","DEPTH","SAMPLE_TYPE","TIER","Matrix","QUALIFIER","VALUE","UNITS","PROBLEM","LAB","labName","detLimit","qaFlag","COMMENTS","count.x","count.y","LAYER","PROJECT","SampleAnalyticalMethodIdentifier","SubstanceIdentificationName"
"807",999,"ALLARM","ALLARM.MG2","10/23/2002","12:00:00","TDS.1","M1",1746,"CMC","NTWQM",2002-10-23 12:00:00,0.1,"ISM","1","Water",NA,410,"MG/L",NA,NA,NA,NA,2,NA,1,1,"S","PARTNTID",NA,NA
"808",999,"ALLARM","ALLARM.LT10","09/24/2002","12:00:00","TDS.1","M1",1733,"CMC","NTWQM",2002-09-24 12:00:00,0.1,"ISM","1","Water",NA,290,"MG/L",NA,NA,NA,NA,2,NA,1,1,"S","PARTNTID",NA,NA
"809",999,"ALLARM","ALLARM.LT8","01/30/2002","12:00:00","TDS.1","M1",1641,"CMC","NTWQM",2002-01-30 12:00:00,0.1,"ISM","1","Water",NA,290,"MG/L",NA,NA,NA,NA,2,NA,1,1,"S","PARTNTID",NA,NA
"810",999,"ALLARM","ALLARM.LT9","09/24/2002","12:00:00","TDS.1","M1",1732,"CMC","NTWQM",2002-09-24 12:00:00,0.1,"ISM","1","Water",NA,270,"MG/L",NA,NA,NA,NA,2,NA,1,1,"S","PARTNTID",NA,NA
"811",999,"ALLARM","ALLARM.LT1","01/30/2002","12:00:00","TDS.1","M1",1634,"CMC","NTWQM",2002-01-30 12:00:00,0.1,"ISM","1","Water",NA,230,"MG/L",NA,NA,NA,NA,2,NA,1,1,"S","PARTNTID",NA,NA
"812",999,"ALLARM","ALLARM.MG1","10/23/2002","12:00:00","TDS.1","M1",1745,"CMC","NTWQM",2002-10-23 12:00:00,0.1,"ISM","1","Water",NA,430,"MG/L",NA,NA,NA,NA,2,NA,1,1,"S","PARTNTID",NA,NA
"813",999,"ALLARM","ALLARM.MG2","11/19/2002","12:00:00","TDS.1","M1",1758,"CMC","NTWQM",2002-11-19 12:00:00,0.1,"ISM","1","Water",NA,460,"MG/L",NA,NA,NA,NA,2,NA,1,1,"S","PARTNTID",NA,NA
"814",999,"ALLARM","ALLARM.LT10","10/23/2002","12:00:00","TDS.1","M1",1744,"CMC","NTWQM",2002-10-23 12:00:00,0.1,"ISM","1","Water",NA,330,"MG/L",NA,NA,NA,NA,2,NA,1,1,"S","PARTNTID",NA,NA
"815",999,"ALLARM","ALLARM.LT4","12/17/2002","12:00:00","TDS.1","M1",1762,"CMC","NTWQM",2002-12-17 12:00:00,0.1,"ISM","1","Water",NA,340,"MG/L",NA,NA,NA,NA,2,NA,1,2,"VP","PARTNTID",NA,NA
"816",999,"ALLARM","ALLARM.LT4","12/17/2002","12:00:00","TDS.1","M1",1762,"CMC","NTWQM",2002-12-17 12:00:00,0.1,"ISM","1","Water",NA,340,"MG/L",NA,NA,NA,NA,2,NA,1,2,"VP","PARTNTID",NA,NA
"817",999,"ALLARM","ALLARM.LT1","02/20/2002","12:00:00","TDS.1","M1",1645,"CMC","NTWQM",2002-02-20 12:00:00,0.1,"ISM","1","Water",NA,230,"MG/L",NA,NA,NA,NA,2,NA,1,1,"S","PARTNTID",NA,NA
"818",999,"ALLARM","ALLARM.LT6","08/19/2002","12:00:00","TDS.1","M1",1718,"CMC","NTWQM",2002-08-19 12:00:00,0.1,"ISM","1","Water",NA,250,"MG/L",NA,NA,NA,NA,2,NA,1,1,"S","PARTNTID",NA,NA
"819",999,"ALLARM","ALLARM.LT5","07/25/2002","12:00:00","TDS.1","M1",1706,"CMC","NTWQM",2002-07-25 12:00:00,0.1,"ISM","1","Water",NA,210,"MG/L",NA,NA,NA,NA,2,NA,1,1,"S","PARTNTID",NA,NA
"820",999,"ALLARM","ALLARM.LT10","11/19/2002","12:00:00","TDS.1","M1",1756,"CMC","NTWQM",2002-11-19 12:00:00,0.1,"ISM","1","Water",NA,360,"MG/L",NA,NA,NA,NA,2,NA,1,1,"S","PARTNTID",NA,NA
"821",999,"ALLARM","ALLARM.LT8","03/26/2002","12:00:00","TDS.1","M1",1663,"CMC","NTWQM",2002-03-26 12:00:00,0.1,"ISM","1","Water",NA,280,"MG/L",NA,NA,NA,NA,2,NA,1,1,"S","PARTNTID",NA,NA
"822",999,"ALLARM","ALLARM.LT9","11/19/2002","12:00:00","TDS.1","M1",1755,"CMC","NTWQM",2002-11-19 12:00:00,0.1,"ISM","1","Water",NA,350,"MG/L",NA,NA,NA,NA,2,NA,1,1,"S","PARTNTID",NA,NA
"823",999,"ALLARM","ALLARM.LT1","03/26/2002","12:00:00","TDS.1","M1",1656,"CMC","NTWQM",2002-03-26 12:00:00,0.1,"ISM","1","Water",NA,250,"MG/L",NA,NA,NA,NA,2,NA,1,1,"S","PARTNTID",NA,NA
"824",999,"ALLARM","ALLARM.LT6","09/24/2002","12:00:00","TDS.1","M1",1729,"CMC","NTWQM",2002-09-24 12:00:00,0.1,"ISM","1","Water",NA,220,"MG/L",NA,NA,NA,NA,2,NA,1,1,"S","PARTNTID",NA,NA
"825",999,"ALLARM","ALLARM.LT6","02/20/2002","12:00:00","TDS.1","M1",1650,"CMC","NTWQM",2002-02-20 12:00:00,0.1,"ISM","1","Water",NA,230,"MG/L",NA,NA,NA,NA,2,NA,1,1,"S","PARTNTID",NA,NA
"826",999,"ALLARM","ALLARM.LT7","03/26/2002","12:00:00","TDS.1","M1",1662,"CMC","NTWQM",2002-03-26 12:00:00,0.1,"ISM","1","Water",NA,270,"MG/L",NA,NA,NA,NA,2,NA,1,1,"S","PARTNTID",NA,NA
"827",999,"ALLARM","ALLARM.LT8","04/24/2002","12:00:00","TDS.1","M1",1674,"CMC","NTWQM",2002-04-24 12:00:00,0.1,"ISM","1","Water",NA,320,"MG/L",NA,NA,NA,NA,2,NA,1,1,"S","PARTNTID",NA,NA
"828",999,"ALLARM","ALLARM.LT2","06/27/2002","12:00:00","TDS.1","M1",1692,"CMC","NTWQM",2002-06-27 12:00:00,0.1,"ISM","1","Water",NA,210,"MG/L",NA,NA,NA,NA,2,NA,1,1,"S","PARTNTID",NA,NA
"829",999,"ALLARM","ALLARM.LT1","04/24/2002","12:00:00","TDS.1","M1",1667,"CMC","NTWQM",2002-04-24 12:00:00,0.1,"ISM","1","Water",NA,260,"MG/L",NA,NA,NA,NA,2,NA,1,1,"S","PARTNTID",NA,NA
"830",999,"ALLARM","ALLARM.LT10","12/17/2002","12:00:00","TDS.1","M1",1768,"CMC","NTWQM",2002-12-17 12:00:00,0.1,"ISM","1","Water",NA,380,"MG/L",NA,NA,NA,NA,2,NA,1,2,"VP","PARTNTID",NA,NA
"831",999,"ALLARM","ALLARM.LT10","12/17/2002","12:00:00","TDS.1","M1",1768,"CMC","NTWQM",2002-12-17 12:00:00,0.1,"ISM","1","Water",NA,380,"MG/L",NA,NA,NA,NA,2,NA,1,2,"VP","PARTNTID",NA,NA
"832",999,"ALLARM","ALLARM.LT9","12/17/2002","12:00:00","TDS.1","M1",1767,"CMC","NTWQM",2002-12-17 12:00:00,0.1,"ISM","1","Water",NA,380,"MG/L",NA,NA,NA,NA,2,NA,1,2,"VP","PARTNTID",NA,NA
"833",999,"ALLARM","ALLARM.LT3","08/19/2002","12:00:00","TDS.1","M1",1715,"CMC","NTWQM",2002-08-19 12:00:00,0.1,"ISM","1","Water",NA,260,"MG/L",NA,NA,NA,NA,2,NA,1,1,"S","PARTNTID",NA,NA
"834",999,"ALLARM","ALLARM.LT2","07/25/2002","12:00:00","TDS.1","M1",1703,"CMC","NTWQM",2002-07-25 12:00:00,0.1,"ISM","1","Water",NA,230,"MG/L",NA,NA,NA,NA,2,NA,1,1,"S","PARTNTID",NA,NA
"835",999,"ALLARM","ALLARM.LT1","05/30/2002","12:00:00","TDS.1","M1",1679,"CMC","NTWQM",2002-05-30 12:00:00,0.1,"ISM","1","Water",NA,260,"MG/L",NA,NA,NA,NA,2,NA,1,1,"S","PARTNTID",NA,NA
"836",999,"ALLARM","ALLARM.LT6","11/19/2002","12:00:00","TDS.1","M1",1752,"CMC","NTWQM",2002-11-19 12:00:00,0.1,"ISM","1","Water",NA,290,"MG/L",NA,NA,NA,NA,2,NA,1,1,"S","PARTNTID",NA,NA
"837",999,"ALLARM","ALLARM.LT1","12/17/2002","12:00:00","TDS.1","M1",1759,"CMC","NTWQM",2002-12-17 12:00:00,0.1,"ISM","1","Water",NA,280,"MG/L",NA,NA,NA,NA,2,NA,1,1,"S","PARTNTID",NA,NA
"838",999,"ALLARM","ALLARM.LT2","01/30/2002","12:00:00","TDS.1","M1",1635,"CMC","NTWQM",2002-01-30 12:00:00,0.1,"ISM","1","Water",NA,200,"MG/L",NA,NA,NA,NA,2,NA,1,1,"S","PARTNTID",NA,NA
"839",999,"ALLARM","ALLARM.LT8","06/27/2002","12:00:00","TDS.1","M1",1698,"CMC","NTWQM",2002-06-27 12:00:00,0.1,"ISM","1","Water",NA,280,"MG/L",NA,NA,NA,NA,2,NA,1,1,"S","PARTNTID",NA,NA
"840",999,"ALLARM","ALLARM.MG1","04/24/2002","12:00:00","TDS.1","M1",1677,"CMC","NTWQM",2002-04-24 12:00:00,0.1,"ISM","1","Water",NA,470,"MG/L",NA,NA,NA,NA,2,NA,1,1,"S","PARTNTID",NA,NA
"841",999,"ALLARM","ALLARM.LT1","06/27/2002","12:00:00","TDS.1","M1",1691,"CMC","NTWQM",2002-06-27 12:00:00,0.1,"ISM","1","Water",NA,220,"MG/L",NA,NA,NA,NA,2,NA,1,1,"S","PARTNTID",NA,NA
"842",999,"ALLARM","ALLARM.MG2","02/20/2002","12:00:00","TDS.1","M1",1655,"CMC","NTWQM",2002-02-20 12:00:00,0.1,"ISM","1","Water",NA,220,"MG/L",NA,NA,NA,NA,2,NA,1,1,"S","PARTNTID",NA,NA
"843",999,"ALLARM","ALLARM.LT10","01/30/2002","12:00:00","TDS.1","M1",1643,"CMC","NTWQM",2002-01-30 12:00:00,0.1,"ISM","1","Water",NA,270,"MG/L",NA,NA,NA,NA,2,NA,1,1,"S","PARTNTID",NA,NA
"844",999,"ALLARM","ALLARM.LT2","02/20/2002","12:00:00","TDS.1","M1",1646,"CMC","NTWQM",2002-02-20 12:00:00,0.1,"ISM","1","Water",NA,210,"MG/L",NA,NA,NA,NA,2,NA,1,1,"S","PARTNTID",NA,NA
"845",999,"ALLARM","ALLARM.LT8","07/25/2002","12:00:00","TDS.1","M1",1709,"CMC","NTWQM",2002-07-25 12:00:00,0.1,"ISM","1","Water",NA,260,"MG/L",NA,NA,NA,NA,2,NA,1,1,"S","PARTNTID",NA,NA
"846",999,"ALLARM","ALLARM.LT6","12/17/2002","12:00:00","TDS.1","M1",1764,"CMC","NTWQM",2002-12-17 12:00:00,0.1,"ISM","1","Water",NA,340,"MG/L",NA,NA,NA,NA,2,NA,1,2,"VP","PARTNTID",NA,NA
"847",999,"ALLARM","ALLARM.LT1","07/25/2002","12:00:00","TDS.1","M1",1702,"CMC","NTWQM",2002-07-25 12:00:00,0.1,"ISM","1","Water",NA,210,"MG/L",NA,NA,NA,NA,2,NA,1,1,"S","PARTNTID",NA,NA
"848",999,"ALLARM","ALLARM.MG2","03/26/2002","12:00:00","TDS.1","M1",1666,"CMC","NTWQM",2002-03-26 12:00:00,0.1,"ISM","1","Water",NA,210,"MG/L",NA,NA,NA,NA,2,NA,1,1,"S","PARTNTID",NA,NA
"849",999,"ALLARM","ALLARM.LT8","08/19/2002","12:00:00","TDS.1","M1",1720,"CMC","NTWQM",2002-08-19 12:00:00,0.1,"ISM","1","Water",NA,280,"MG/L",NA,NA,NA,NA,2,NA,1,1,"S","PARTNTID",NA,NA
"850",999,"ALLARM","ALLARM.LT2","03/26/2002","12:00:00","TDS.1","M1",1657,"CMC","NTWQM",2002-03-26 12:00:00,0.1,"ISM","1","Water",NA,210,"MG/L",NA,NA,NA,NA,2,NA,1,1,"S","PARTNTID",NA,NA
"851",999,"ALLARM","ALLARM.LT1","08/19/2002","12:00:00","TDS.1","M1",1713,"CMC","NTWQM",2002-08-19 12:00:00,0.1,"ISM","1","Water",NA,240,"MG/L",NA,NA,NA,NA,2,NA,1,1,"S","PARTNTID",NA,NA
"852",999,"ALLARM","ALLARM.LT4","05/30/2002","12:00:00","TDS.1","M1",1682,"CMC","NTWQM",2002-05-30 12:00:00,0.1,"ISM","1","Water",NA,270,"MG/L",NA,NA,NA,NA,2,NA,1,1,"S","PARTNTID",NA,NA
"853",999,"ALLARM","ALLARM.LT5","06/27/2002","12:00:00","TDS.1","M1",1695,"CMC","NTWQM",2002-06-27 12:00:00,0.1,"ISM","1","Water",NA,230,"MG/L",NA,NA,NA,NA,2,NA,1,1,"S","PARTNTID",NA,NA
"854",999,"ALLARM","ALLARM.LT7","01/30/2002","12:00:00","TDS.1","M1",1640,"CMC","NTWQM",2002-01-30 12:00:00,0.1,"ISM","1","Water",NA,250,"MG/L",NA,NA,NA,NA,2,NA,1,1,"S","PARTNTID",NA,NA
"855",999,"ALLARM","ALLARM.LT8","09/24/2002","12:00:00","TDS.1","M1",1731,"CMC","NTWQM",2002-09-24 12:00:00,0.1,"ISM","1","Water",NA,250,"MG/L",NA,NA,NA,NA,2,NA,1,1,"S","PARTNTID",NA,NA
"856",999,"ALLARM","ALLARM.LT2","04/24/2002","12:00:00","TDS.1","M1",1668,"CMC","NTWQM",2002-04-24 12:00:00,0.1,"ISM","1","Water",NA,240,"MG/L",NA,NA,NA,NA,2,NA,1,1,"S","PARTNTID",NA,NA
"857",999,"ALLARM","ALLARM.LT1","09/24/2002","12:00:00","TDS.1","M1",1724,"CMC","NTWQM",2002-09-24 12:00:00,0.1,"ISM","1","Water",NA,230,"MG/L",NA,NA,NA,NA,2,NA,1,1,"S","PARTNTID",NA,NA
"858",999,"ALLARM","ALLARM.MG1","11/19/2002","12:00:00","TDS.1","M1",1757,"CMC","NTWQM",2002-11-19 12:00:00,0.1,"ISM","1","Water",NA,500,"MG/L",NA,NA,NA,NA,2,NA,1,1,"S","PARTNTID",NA,NA
"859",999,"ALLARM","ALLARM.LT6","01/30/2002","12:00:00","TDS.1","M1",1639,"CMC","NTWQM",2002-01-30 12:00:00,0.1,"ISM","1","Water",NA,240,"MG/L",NA,NA,NA,NA,2,NA,1,1,"S","PARTNTID",NA,NA
"860",999,"ALLARM","ALLARM.LT3","12/17/2002","12:00:00","TDS.1","M1",1761,"CMC","NTWQM",2002-12-17 12:00:00,0.1,"ISM","1","Water",NA,300,"MG/L",NA,NA,NA,NA,2,NA,1,2,"VP","PARTNTID",NA,NA
"861",999,"ALLARM","ALLARM.LT3","12/17/2002","12:00:00","TDS.1","M1",1761,"CMC","NTWQM",2002-12-17 12:00:00,0.1,"ISM","1","Water",NA,300,"MG/L",NA,NA,NA,NA,2,NA,1,2,"VP","PARTNTID",NA,NA
"862",999,"ALLARM","ALLARM.LT2","05/30/2002","12:00:00","TDS.1","M1",1680,"CMC","NTWQM",2002-05-30 12:00:00,0.1,"ISM","1","Water",NA,240,"MG/L",NA,NA,NA,NA,2,NA,1,1,"S","PARTNTID",NA,NA
"863",999,"ALLARM","ALLARM.LT1","10/23/2002","12:00:00","TDS.1","M1",1735,"CMC","NTWQM",2002-10-23 12:00:00,0.1,"ISM","1","Water",NA,260,"MG/L",NA,NA,NA,NA,2,NA,1,1,"S","PARTNTID",NA,NA
"864",999,"ALLARM","ALLARM.LT4","07/25/2002","12:00:00","TDS.1","M1",1705,"CMC","NTWQM",2002-07-25 12:00:00,0.1,"ISM","1","Water",NA,240,"MG/L",NA,NA,NA,NA,2,NA,1,1,"S","PARTNTID",NA,NA
"865",999,"ALLARM","ALLARM.MG2","12/17/2002","12:00:00","TDS.1","M1",1770,"CMC","NTWQM",2002-12-17 12:00:00,0.1,"ISM","1","Water",NA,540,"MG/L",NA,NA,NA,NA,2,NA,1,2,"VP","PARTNTID",NA,NA
"866",999,"ALLARM","ALLARM.LT2","12/17/2002","12:00:00","TDS.1","M1",1760,"CMC","NTWQM",2002-12-17 12:00:00,0.1,"ISM","1","Water",NA,270,"MG/L",NA,NA,NA,NA,2,NA,1,2,"VP","PARTNTID",NA,NA
"867",999,"ALLARM","ALLARM.LT8","11/19/2002","12:00:00","TDS.1","M1",1754,"CMC","NTWQM",2002-11-19 12:00:00,0.1,"ISM","1","Water",NA,340,"MG/L",NA,NA,NA,NA,2,NA,1,1,"S","PARTNTID",NA,NA
"868",999,"ALLARM","ALLARM.LT4","08/19/2002","12:00:00","TDS.1","M1",1716,"CMC","NTWQM",2002-08-19 12:00:00,0.1,"ISM","1","Water",NA,240,"MG/L",NA,NA,NA,NA,2,NA,1,1,"S","PARTNTID",NA,NA
"869",999,"ALLARM","ALLARM.LT1","11/19/2002","12:00:00","TDS.1","M1",1747,"CMC","NTWQM",2002-11-19 12:00:00,0.1,"ISM","1","Water",NA,270,"MG/L",NA,NA,NA,NA,2,NA,1,1,"S","PARTNTID",NA,NA
"870",999,"ALLARM","ALLARM.LT3","07/25/2002","12:00:00","TDS.1","M1",1704,"CMC","NTWQM",2002-07-25 12:00:00,0.1,"ISM","1","Water",NA,230,"MG/L",NA,NA,NA,NA,2,NA,1,1,"S","PARTNTID",NA,NA
"871",999,"ALLARM","ALLARM.LT6","03/26/2002","12:00:00","TDS.1","M1",1661,"CMC","NTWQM",2002-03-26 12:00:00,0.1,"ISM","1","Water",NA,250,"MG/L",NA,NA,NA,NA,2,NA,1,1,"S","PARTNTID",NA,NA
"872",999,"ALLARM","ALLARM.LT7","04/24/2002","12:00:00","TDS.1","M1",1673,"CMC","NTWQM",2002-04-24 12:00:00,0.1,"ISM","1","Water",NA,290,"MG/L",NA,NA,NA,NA,2,NA,1,1,"S","PARTNTID",NA,NA
"873",999,"ALLARM","ALLARM.LT10","06/27/2002","12:00:00","TDS.1","M1",1700,"CMC","NTWQM",2002-06-27 12:00:00,0.1,"ISM","1","Water",NA,270,"MG/L",NA,NA,NA,NA,2,NA,1,1,"S","PARTNTID",NA,NA
"874",999,"ALLARM","ALLARM.LT3","01/30/2002","12:00:00","TDS.1","M1",1636,"CMC","NTWQM",2002-01-30 12:00:00,0.1,"ISM","1","Water",NA,230,"MG/L",NA,NA,NA,NA,2,NA,1,1,"S","PARTNTID",NA,NA
"875",999,"ALLARM","ALLARM.LT5","10/23/2002","12:00:00","TDS.1","M1",1739,"CMC","NTWQM",2002-10-23 12:00:00,0.1,"ISM","1","Water",NA,270,"MG/L",NA,NA,NA,NA,2,NA,1,1,"S","PARTNTID",NA,NA
"876",999,"ALLARM","ALLARM.MG2","01/30/2002","12:00:00","TDS.1","M1",1644,"CMC","NTWQM",2002-01-30 12:00:00,0.1,"ISM","1","Water",NA,220,"MG/L",NA,NA,NA,NA,2,NA,1,1,"S","PARTNTID",NA,NA
"877",999,"ALLARM","ALLARM.LT6","04/24/2002","12:00:00","TDS.1","M1",1672,"CMC","NTWQM",2002-04-24 12:00:00,0.1,"ISM","1","Water",NA,250,"MG/L",NA,NA,NA,NA,2,NA,1,1,"S","PARTNTID",NA,NA
"878",999,"ALLARM","ALLARM.LT2","08/19/2002","12:00:00","TDS.1","M1",1714,"CMC","NTWQM",2002-08-19 12:00:00,0.1,"ISM","1","Water",NA,230,"MG/L",NA,NA,NA,NA,2,NA,1,1,"S","PARTNTID",NA,NA
"879",999,"ALLARM","ALLARM.LT10","07/25/2002","12:00:00","TDS.1","M1",1711,"CMC","NTWQM",2002-07-25 12:00:00,0.1,"ISM","1","Water",NA,280,"MG/L",NA,NA,NA,NA,2,NA,1,1,"S","PARTNTID",NA,NA
"880",999,"ALLARM","ALLARM.LT4","03/26/2002","12:00:00","TDS.1","M1",1659,"CMC","NTWQM",2002-03-26 12:00:00,0.1,"ISM","1","Water",NA,260,"MG/L",NA,NA,NA,NA,2,NA,1,1,"S","PARTNTID",NA,NA
"881",999,"ALLARM","ALLARM.LT5","11/19/2002","12:00:00","TDS.1","M1",1751,"CMC","NTWQM",2002-11-19 12:00:00,0.1,"ISM","1","Water",NA,300,"MG/L",NA,NA,NA,NA,2,NA,1,1,"S","PARTNTID",NA,NA
"882",999,"ALLARM","ALLARM.LT7","12/17/2002","12:00:00","TDS.1","M1",1765,"CMC","NTWQM",2002-12-17 12:00:00,0.1,"ISM","1","Water",NA,380,"MG/L",NA,NA,NA,NA,2,NA,1,2,"VP","PARTNTID",NA,NA
"883",999,"ALLARM","ALLARM.LT10","08/19/2002","12:00:00","TDS.1","M1",1722,"CMC","NTWQM",2002-08-19 12:00:00,0.1,"ISM","1","Water",NA,280,"MG/L",NA,NA,NA,NA,2,NA,1,1,"S","PARTNTID",NA,NA
"884",999,"ALLARM","ALLARM.LT2","09/24/2002","12:00:00","TDS.1","M1",1725,"CMC","NTWQM",2002-09-24 12:00:00,0.1,"ISM","1","Water",NA,200,"MG/L",NA,NA,NA,NA,2,NA,1,1,"S","PARTNTID",NA,NA
"885",999,"ALLARM","ALLARM.LT9","01/30/2002","12:00:00","TDS.1","M1",1642,"CMC","NTWQM",2002-01-30 12:00:00,0.1,"ISM","1","Water",NA,270,"MG/L",NA,NA,NA,NA,2,NA,1,1,"S","PARTNTID",NA,NA
"886",999,"ALLARM","ALLARM.LT4","04/24/2002","12:00:00","TDS.1","M1",1670,"CMC","NTWQM",2002-04-24 12:00:00,0.1,"ISM","1","Water",NA,250,"MG/L",NA,NA,NA,NA,2,NA,1,1,"S","PARTNTID",NA,NA
"887",999,"ALLARM","ALLARM.MG1","05/30/2002","12:00:00","TDS.1","M1",1689,"CMC","NTWQM",2002-05-30 12:00:00,0.1,"ISM","1","Water",NA,430,"MG/L",NA,NA,NA,NA,2,NA,1,1,"S","PARTNTID",NA,NA
"888",999,"ALLARM","ALLARM.LT5","05/30/2002","12:00:00","TDS.1","M1",1683,"CMC","NTWQM",2002-05-30 12:00:00,0.1,"ISM","1","Water",NA,270,"MG/L",NA,NA,NA,NA,2,NA,1,1,"S","PARTNTID",NA,NA
"889",999,"ALLARM","ALLARM.LT10","02/20/2002","12:00:00","TDS.1","M1",1654,"CMC","NTWQM",2002-02-20 12:00:00,0.1,"ISM","1","Water",NA,270,"MG/L",NA,NA,NA,NA,2,NA,1,1,"S","PARTNTID",NA,NA
"890",999,"ALLARM","ALLARM.LT2","10/23/2002","12:00:00","TDS.1","M1",1736,"CMC","NTWQM",2002-10-23 12:00:00,0.1,"ISM","1","Water",NA,230,"MG/L",NA,NA,NA,NA,2,NA,1,1,"S","PARTNTID",NA,NA
"891",999,"ALLARM","ALLARM.LT5","12/17/2002","12:00:00","TDS.1","M1",1763,"CMC","NTWQM",2002-12-17 12:00:00,0.1,"ISM","1","Water",NA,330,"MG/L",NA,NA,NA,NA,2,NA,1,2,"VP","PARTNTID",NA,NA
"892",999,"ALLARM","ALLARM.LT3","04/24/2002","12:00:00","TDS.1","M1",1669,"CMC","NTWQM",2002-04-24 12:00:00,0.1,"ISM","1","Water",NA,260,"MG/L",NA,NA,NA,NA,2,NA,1,1,"S","PARTNTID",NA,NA
"893",999,"ALLARM","ALLARM.LT5","12/17/2002","12:00:00","TDS.1","M1",1763,"CMC","NTWQM",2002-12-17 12:00:00,0.1,"ISM","1","Water",NA,330,"MG/L",NA,NA,NA,NA,2,NA,1,2,"VP","PARTNTID",NA,NA
"894",999,"ALLARM","ALLARM.LT7","08/19/2002","12:00:00","TDS.1","M1",1719,"CMC","NTWQM",2002-08-19 12:00:00,0.1,"ISM","1","Water",NA,270,"MG/L",NA,NA,NA,NA,2,NA,1,1,"S","PARTNTID",NA,NA
"895",999,"ALLARM","ALLARM.LT10","03/26/2002","12:00:00","TDS.1","M1",1665,"CMC","NTWQM",2002-03-26 12:00:00,0.1,"ISM","1","Water",NA,290,"MG/L",NA,NA,NA,NA,2,NA,1,1,"S","PARTNTID",NA,NA
"896",999,"ALLARM","ALLARM.LT2","11/19/2002","12:00:00","TDS.1","M1",1748,"CMC","NTWQM",2002-11-19 12:00:00,0.1,"ISM","1","Water",NA,240,"MG/L",NA,NA,NA,NA,2,NA,1,1,"S","PARTNTID",NA,NA
"897",999,"ALLARM","ALLARM.LT9","03/26/2002","12:00:00","TDS.1","M1",1664,"CMC","NTWQM",2002-03-26 12:00:00,0.1,"ISM","1","Water",NA,300,"MG/L",NA,NA,NA,NA,2,NA,1,1,"S","PARTNTID",NA,NA
"898",999,"ALLARM","ALLARM.LT4","06/27/2002","12:00:00","TDS.1","M1",1694,"CMC","NTWQM",2002-06-27 12:00:00,0.1,"ISM","1","Water",NA,210,"MG/L",NA,NA,NA,NA,2,NA,1,1,"S","PARTNTID",NA,NA
"899",999,"ALLARM","ALLARM.LT7","11/19/2002","12:00:00","TDS.1","M1",1753,"CMC","NTWQM",2002-11-19 12:00:00,0.1,"ISM","1","Water",NA,320,"MG/L",NA,NA,NA,NA,2,NA,1,1,"S","PARTNTID",NA,NA
"900",999,"ALLARM","ALLARM.LT7","09/24/2002","12:00:00","TDS.1","M1",1730,"CMC","NTWQM",2002-09-24 12:00:00,0.1,"ISM","1","Water",NA,240,"MG/L",NA,NA,NA,NA,2,NA,1,1,"S","PARTNTID",NA,NA
"901",999,"ALLARM","ALLARM.LT10","04/24/2002","12:00:00","TDS.1","M1",1676,"CMC","NTWQM",2002-04-24 12:00:00,0.1,"ISM","1","Water",NA,310,"MG/L",NA,NA,NA,NA,2,NA,1,1,"S","PARTNTID",NA,NA
"902",999,"ALLARM","ALLARM.LT8","10/23/2002","12:00:00","TDS.1","M1",1742,"CMC","NTWQM",2002-10-23 12:00:00,0.1,"ISM","1","Water",NA,300,"MG/L",NA,NA,NA,NA,2,NA,1,1,"S","PARTNTID",NA,NA
"903",999,"ALLARM","ALLARM.LT9","04/24/2002","12:00:00","TDS.1","M1",1675,"CMC","NTWQM",2002-04-24 12:00:00,0.1,"ISM","1","Water",NA,350,"MG/L",NA,NA,NA,NA,2,NA,1,1,"S","PARTNTID",NA,NA
"904",999,"ALLARM","ALLARM.LT3","06/27/2002","12:00:00","TDS.1","M1",1693,"CMC","NTWQM",2002-06-27 12:00:00,0.1,"ISM","1","Water",NA,220,"MG/L",NA,NA,NA,NA,2,NA,1,1,"S","PARTNTID",NA,NA
"905",999,"ALLARM","ALLARM.LT5","01/30/2002","12:00:00","TDS.1","M1",1638,"CMC","NTWQM",2002-01-30 12:00:00,0.1,"ISM","1","Water",NA,240,"MG/L",NA,NA,NA,NA,2,NA,1,1,"S","PARTNTID",NA,NA
"906",999,"ALLARM","ALLARM.MG2","12/17/2002","12:00:00","TDS.1","M1",1770,"CMC","NTWQM",2002-12-17 12:00:00,0.1,"ISM","1","Water",NA,540,"MG/L",NA,NA,NA,NA,2,NA,1,2,"VP","PARTNTID",NA,NA
"907",999,"ALLARM","ALLARM.LT10","05/30/2002","12:00:00","TDS.1","M1",1688,"CMC","NTWQM",2002-05-30 12:00:00,0.1,"ISM","1","Water",NA,310,"MG/L",NA,NA,NA,NA,2,NA,1,1,"S","PARTNTID",NA,NA
"908",999,"ALLARM","ALLARM.LT2","12/17/2002","12:00:00","TDS.1","M1",1760,"CMC","NTWQM",2002-12-17 12:00:00,0.1,"ISM","1","Water",NA,270,"MG/L",NA,NA,NA,NA,2,NA,1,2,"VP","PARTNTID",NA,NA
"909",999,"ALLARM","ALLARM.LT9","05/30/2002","12:00:00","TDS.1","M1",1687,"CMC","NTWQM",2002-05-30 12:00:00,0.1,"ISM","1","Water",NA,320,"MG/L",NA,NA,NA,NA,2,NA,1,1,"S","PARTNTID",NA,NA
"910",999,"ALLARM","ALLARM.LT5","09/24/2002","12:00:00","TDS.1","M1",1728,"CMC","NTWQM",2002-09-24 12:00:00,0.1,"ISM","1","Water",NA,220,"MG/L",NA,NA,NA,NA,2,NA,1,1,"S","PARTNTID",NA,NA
"911",999,"ALLARM","ALLARM.LT6","10/23/2002","12:00:00","TDS.1","M1",1740,"CMC","NTWQM",2002-10-23 12:00:00,0.1,"ISM","1","Water",NA,270,"MG/L",NA,NA,NA,NA,2,NA,1,1,"S","PARTNTID",NA,NA
"912",999,"ALLARM","ALLARM.LT9","08/19/2002","12:00:00","TDS.1","M1",1721,"CMC","NTWQM",2002-08-19 12:00:00,0.1,"ISM","1","Water",NA,280,"MG/L",NA,NA,NA,NA,2,NA,1,1,"S","PARTNTID",NA,NA
"913",999,"ALLARM","ALLARM.MG2","07/25/2002","12:00:00","TDS.1","M1",1712,"CMC","NTWQM",2002-07-25 12:00:00,0.1,"ISM","1","Water",NA,220,"MG/L",NA,NA,NA,NA,2,NA,1,1,"S","PARTNTID",NA,NA
"914",999,"ALLARM","ALLARM.LT8","05/30/2002","12:00:00","TDS.1","M1",1686,"CMC","NTWQM",2002-05-30 12:00:00,0.1,"ISM","1","Water",NA,310,"MG/L",NA,NA,NA,NA,2,NA,1,1,"S","PARTNTID",NA,NA
"915",999,"ALLARM","ALLARM.LT9","06/27/2002","12:00:00","TDS.1","M1",1699,"CMC","NTWQM",2002-06-27 12:00:00,0.1,"ISM","1","Water",NA,280,"MG/L",NA,NA,NA,NA,2,NA,1,1,"S","PARTNTID",NA,NA
"916",999,"ALLARM","ALLARM.MG2","08/19/2002","12:00:00","TDS.1","M1",1723,"CMC","NTWQM",2002-08-19 12:00:00,0.1,"ISM","1","Water",NA,250,"MG/L",NA,NA,NA,NA,2,NA,1,1,"S","PARTNTID",NA,NA
"917",999,"ALLARM","ALLARM.LT5","03/26/2002","12:00:00","TDS.1","M1",1660,"CMC","NTWQM",2002-03-26 12:00:00,0.1,"ISM","1","Water",NA,260,"MG/L",NA,NA,NA,NA,2,NA,1,1,"S","PARTNTID",NA,NA
"918",999,"ALLARM","ALLARM.LT8","12/17/2002","12:00:00","TDS.1","M1",1766,"CMC","NTWQM",2002-12-17 12:00:00,0.1,"ISM","1","Water",NA,340,"MG/L",NA,NA,NA,NA,2,NA,1,2,"VP","PARTNTID",NA,NA
"919",999,"ALLARM","ALLARM.LT3","09/24/2002","12:00:00","TDS.1","M1",1726,"CMC","NTWQM",2002-09-24 12:00:00,0.1,"ISM","1","Water",NA,230,"MG/L",NA,NA,NA,NA,2,NA,1,1,"S","PARTNTID",NA,NA
"920",999,"ALLARM","ALLARM.LT3","02/20/2002","12:00:00","TDS.1","M1",1647,"CMC","NTWQM",2002-02-20 12:00:00,0.1,"ISM","1","Water",NA,240,"MG/L",NA,NA,NA,NA,2,NA,1,1,"S","PARTNTID",NA,NA
"921",999,"ALLARM","ALLARM.LT9","07/25/2002","12:00:00","TDS.1","M1",1710,"CMC","NTWQM",2002-07-25 12:00:00,0.1,"ISM","1","Water",NA,270,"MG/L",NA,NA,NA,NA,2,NA,1,1,"S","PARTNTID",NA,NA
"922",999,"ALLARM","ALLARM.LT5","04/24/2002","12:00:00","TDS.1","M1",1671,"CMC","NTWQM",2002-04-24 12:00:00,0.1,"ISM","1","Water",NA,240,"MG/L",NA,NA,NA,NA,2,NA,1,1,"S","PARTNTID",NA,NA
"923",999,"ALLARM","ALLARM.MG2","09/24/2002","12:00:00","TDS.1","M1",1734,"CMC","NTWQM",2002-09-24 12:00:00,0.1,"ISM","1","Water",NA,220,"MG/L",NA,NA,NA,NA,2,NA,1,1,"S","PARTNTID",NA,NA
"924",999,"ALLARM","ALLARM.LT6","05/30/2002","12:00:00","TDS.1","M1",1684,"CMC","NTWQM",2002-05-30 12:00:00,0.1,"ISM","1","Water",NA,260,"MG/L",NA,NA,NA,NA,2,NA,1,1,"S","PARTNTID",NA,NA
"925",999,"ALLARM","ALLARM.LT3","05/30/2002","12:00:00","TDS.1","M1",1681,"CMC","NTWQM",2002-05-30 12:00:00,0.1,"ISM","1","Water",NA,270,"MG/L",NA,NA,NA,NA,2,NA,1,1,"S","PARTNTID",NA,NA
"926",999,"ALLARM","ALLARM.LT3","03/26/2002","12:00:00","TDS.1","M1",1658,"CMC","NTWQM",2002-03-26 12:00:00,0.1,"ISM","1","Water",NA,270,"MG/L",NA,NA,NA,NA,2,NA,1,1,"S","PARTNTID",NA,NA
"927",999,"ALLARM","ALLARM.LT4","11/19/2002","12:00:00","TDS.1","M1",1750,"CMC","NTWQM",2002-11-19 12:00:00,0.1,"ISM","1","Water",NA,290,"MG/L",NA,NA,NA,NA,2,NA,1,1,"S","PARTNTID",NA,NA
"928",999,"ALLARM","ALLARM.LT7","02/20/2002","12:00:00","TDS.1","M1",1651,"CMC","NTWQM",2002-02-20 12:00:00,0.1,"ISM","1","Water",NA,240,"MG/L",NA,NA,NA,NA,2,NA,1,1,"S","PARTNTID",NA,NA
"929",999,"ALLARM","ALLARM.LT6","06/27/2002","12:00:00","TDS.1","M1",1696,"CMC","NTWQM",2002-06-27 12:00:00,0.1,"ISM","1","Water",NA,230,"MG/L",NA,NA,NA,NA,2,NA,1,1,"S","PARTNTID",NA,NA
"930",999,"ALLARM","ALLARM.LT6","12/17/2002","12:00:00","TDS.1","M1",1764,"CMC","NTWQM",2002-12-17 12:00:00,0.1,"ISM","1","Water",NA,340,"MG/L",NA,NA,NA,NA,2,NA,1,2,"VP","PARTNTID",NA,NA
"931",999,"ALLARM","ALLARM.LT3","11/19/2002","12:00:00","TDS.1","M1",1749,"CMC","NTWQM",2002-11-19 12:00:00,0.1,"ISM","1","Water",NA,280,"MG/L",NA,NA,NA,NA,2,NA,1,1,"S","PARTNTID",NA,NA
"932",999,"ALLARM","ALLARM.LT9","02/20/2002","12:00:00","TDS.1","M1",1653,"CMC","NTWQM",2002-02-20 12:00:00,0.1,"ISM","1","Water",NA,320,"MG/L",NA,NA,NA,NA,2,NA,1,1,"S","PARTNTID",NA,NA
"933",999,"ALLARM","ALLARM.LT7","05/30/2002","12:00:00","TDS.1","M1",1685,"CMC","NTWQM",2002-05-30 12:00:00,0.1,"ISM","1","Water",NA,280,"MG/L",NA,NA,NA,NA,2,NA,1,1,"S","PARTNTID",NA,NA
"934",999,"ALLARM","ALLARM.LT7","10/23/2002","12:00:00","TDS.1","M1",1741,"CMC","NTWQM",2002-10-23 12:00:00,0.1,"ISM","1","Water",NA,300,"MG/L",NA,NA,NA,NA,2,NA,1,1,"S","PARTNTID",NA,NA
"935",999,"ALLARM","ALLARM.LT6","07/25/2002","12:00:00","TDS.1","M1",1707,"CMC","NTWQM",2002-07-25 12:00:00,0.1,"ISM","1","Water",NA,230,"MG/L",NA,NA,NA,NA,2,NA,1,1,"S","PARTNTID",NA,NA
"936",999,"ALLARM","ALLARM.LT8","02/20/2002","12:00:00","TDS.1","M1",1652,"CMC","NTWQM",2002-02-20 12:00:00,0.1,"ISM","1","Water",NA,280,"MG/L",NA,NA,NA,NA,2,NA,1,1,"S","PARTNTID",NA,NA
"937",999,"ALLARM","ALLARM.LT9","10/23/2002","12:00:00","TDS.1","M1",1743,"CMC","NTWQM",2002-10-23 12:00:00,0.1,"ISM","1","Water",NA,320,"MG/L",NA,NA,NA,NA,2,NA,1,1,"S","PARTNTID",NA,NA
"938",999,"ALLARM","ALLARM.LT5","02/20/2002","12:00:00","TDS.1","M1",1649,"CMC","NTWQM",2002-02-20 12:00:00,0.1,"ISM","1","Water",NA,230,"MG/L",NA,NA,NA,NA,2,NA,1,1,"S","PARTNTID",NA,NA
"939",999,"ALLARM","ALLARM.LT3","10/23/2002","12:00:00","TDS.1","M1",1737,"CMC","NTWQM",2002-10-23 12:00:00,0.1,"ISM","1","Water",NA,270,"MG/L",NA,NA,NA,NA,2,NA,1,1,"S","PARTNTID",NA,NA
"940",999,"ALLARM","ALLARM.LT7","06/27/2002","12:00:00","TDS.1","M1",1697,"CMC","NTWQM",2002-06-27 12:00:00,0.1,"ISM","1","Water",NA,260,"MG/L",NA,NA,NA,NA,2,NA,1,1,"S","PARTNTID",NA,NA
"941",999,"ALLARM","ALLARM.LT7","12/17/2002","12:00:00","TDS.1","M1",1765,"CMC","NTWQM",2002-12-17 12:00:00,0.1,"ISM","1","Water",NA,380,"MG/L",NA,NA,NA,NA,2,NA,1,2,"VP","PARTNTID",NA,NA
"942",999,"ALLARM","ALLARM.LT4","02/20/2002","12:00:00","TDS.1","M1",1648,"CMC","NTWQM",2002-02-20 12:00:00,0.1,"ISM","1","Water",NA,230,"MG/L",NA,NA,NA,NA,2,NA,1,1,"S","PARTNTID",NA,NA
"943",999,"ALLARM","ALLARM.LT4","09/24/2002","12:00:00","TDS.1","M1",1727,"CMC","NTWQM",2002-09-24 12:00:00,0.1,"ISM","1","Water",NA,230,"MG/L",NA,NA,NA,NA,2,NA,1,1,"S","PARTNTID",NA,NA
"944",999,"ALLARM","ALLARM.LT5","08/19/2002","12:00:00","TDS.1","M1",1717,"CMC","NTWQM",2002-08-19 12:00:00,0.1,"ISM","1","Water",NA,250,"MG/L",NA,NA,NA,NA,2,NA,1,1,"S","PARTNTID",NA,NA
"945",999,"ALLARM","ALLARM.LT7","07/25/2002","12:00:00","TDS.1","M1",1708,"CMC","NTWQM",2002-07-25 12:00:00,0.1,"ISM","1","Water",NA,250,"MG/L",NA,NA,NA,NA,2,NA,1,1,"S","PARTNTID",NA,NA
"946",999,"ALLARM","ALLARM.MG1","12/17/2002","12:00:00","TDS.1","M1",1769,"CMC","NTWQM",2002-12-17 12:00:00,0.1,"ISM","1","Water",NA,580,"MG/L",NA,NA,NA,NA,2,NA,1,2,"VP","PARTNTID",NA,NA
"947",999,"ALLARM","ALLARM.LT8","12/17/2002","12:00:00","TDS.1","M1",1766,"CMC","NTWQM",2002-12-17 12:00:00,0.1,"ISM","1","Water",NA,340,"MG/L",NA,NA,NA,NA,2,NA,1,2,"VP","PARTNTID",NA,NA
"948",999,"ALLARM","ALLARM.MG2","06/27/2002","12:00:00","TDS.1","M1",1701,"CMC","NTWQM",2002-06-27 12:00:00,0.1,"ISM","1","Water",NA,230,"MG/L",NA,NA,NA,NA,2,NA,1,1,"S","PARTNTID",NA,NA
"949",999,"ALLARM","ALLARM.LT4","01/30/2002","12:00:00","TDS.1","M1",1637,"CMC","NTWQM",2002-01-30 12:00:00,0.1,"ISM","1","Water",NA,230,"MG/L",NA,NA,NA,NA,2,NA,1,1,"S","PARTNTID",NA,NA
"950",999,"ALLARM","ALLARM.MG2","04/24/2002","12:00:00","TDS.1","M1",1678,"CMC","NTWQM",2002-04-24 12:00:00,0.1,"ISM","1","Water",NA,300,"MG/L",NA,NA,NA,NA,2,NA,1,1,"S","PARTNTID",NA,NA
"951",999,"ALLARM","ALLARM.MG2","05/30/2002","12:00:00","TDS.1","M1",1690,"CMC","NTWQM",2002-05-30 12:00:00,0.1,"ISM","1","Water",NA,400,"MG/L",NA,NA,NA,NA,2,NA,1,1,"S","PARTNTID",NA,NA
"952",999,"ALLARM","ALLARM.MG1","12/17/2002","12:00:00","TDS.1","M1",1769,"CMC","NTWQM",2002-12-17 12:00:00,0.1,"ISM","1","Water",NA,580,"MG/L",NA,NA,NA,NA,2,NA,1,2,"VP","PARTNTID",NA,NA
"953",999,"ALLARM","ALLARM.LT9","12/17/2002","12:00:00","TDS.1","M1",1767,"CMC","NTWQM",2002-12-17 12:00:00,0.1,"ISM","1","Water",NA,380,"MG/L",NA,NA,NA,NA,2,NA,1,2,"VP","PARTNTID",NA,NA
"954",999,"ALLARM","ALLARM.LT4","10/23/2002","12:00:00","TDS.1","M1",1738,"CMC","NTWQM",2002-10-23 12:00:00,0.1,"ISM","1","Water",NA,270,"MG/L",NA,NA,NA,NA,2,NA,1,1,"S","PARTNTID",NA,NA
