"","paramMethod","SOURCE","STATION","SAMPLE_DATE","SAMPLE_TIME","paramCode","SAMPLE_ID","EventId","AGENCY","PROGRAM","DateTime","DEPTH","SAMPLE_TYPE","TIER","Matrix","QUALIFIER","VALUE","UNITS","PROBLEM","LAB","labName","detLimit","qaFlag","COMMENTS","count.x","count.y","LAYER","PROJECT","SampleAnalyticalMethodIdentifier","SubstanceIdentificationName"
"463",189,"ALLARM","ALLARM.LT1","02/20/2002","12:00:00","OP.5","S1",1645,"CMC","NTWQM",2002-02-20 12:00:00,0.1,"D","2","Water",NA,0,"MG/L",NA,"ACARL","ALLARM Community Aquatic Research Laboratory",0.02,2,NA,1,1,"S","PARTNTID","L02 ","PO4F"
"465",189,"ALLARM","ALLARM.LT4","11/19/2002","12:00:00","OP.5","S1",1750,"CMC","NTWQM",2002-11-19 12:00:00,0.1,"D","2","Water",NA,0,"MG/L",NA,"ACARL","ALLARM Community Aquatic Research Laboratory",0.02,2,NA,1,1,"S","PARTNTID","L02 ","PO4F"
"466",189,"ALLARM","ALLARM.LT3","12/17/2002","12:00:00","OP.5","S1",1761,"CMC","NTWQM",2002-12-17 12:00:00,0.1,"D","2","Water",NA,0,"MG/L",NA,"ACARL","ALLARM Community Aquatic Research Laboratory",0.02,2,NA,1,2,"VP","PARTNTID","L02 ","PO4F"
"467",189,"ALLARM","ALLARM.LT9","12/17/2002","12:00:00","OP.5","S1",1767,"CMC","NTWQM",2002-12-17 12:00:00,0.1,"D","2","Water",NA,0,"MG/L",NA,"ACARL","ALLARM Community Aquatic Research Laboratory",0.02,2,NA,1,2,"VP","PARTNTID","L02 ","PO4F"
"472",189,"ALLARM","ALLARM.LT1","10/23/2002","12:00:00","OP.5","S1",1735,"CMC","NTWQM",2002-10-23 12:00:00,0.1,"D","2","Water",NA,0,"MG/L",NA,"ACARL","ALLARM Community Aquatic Research Laboratory",0.02,2,NA,1,1,"S","PARTNTID","L02 ","PO4F"
"473",189,"ALLARM","ALLARM.LT7","10/23/2002","12:00:00","OP.5","S1",1741,"CMC","NTWQM",2002-10-23 12:00:00,0.1,"D","2","Water",NA,0,"MG/L",NA,"ACARL","ALLARM Community Aquatic Research Laboratory",0.02,2,NA,1,1,"S","PARTNTID","L02 ","PO4F"
"474",189,"ALLARM","ALLARM.LT3","02/20/2002","12:00:00","OP.5","S1",1647,"CMC","NTWQM",2002-02-20 12:00:00,0.1,"D","2","Water",NA,0,"MG/L",NA,"ACARL","ALLARM Community Aquatic Research Laboratory",0.02,2,NA,1,1,"S","PARTNTID","L02 ","PO4F"
"475",189,"ALLARM","ALLARM.LT5","11/19/2002","12:00:00","OP.5","S1",1751,"CMC","NTWQM",2002-11-19 12:00:00,0.1,"D","2","Water",NA,0,"MG/L",NA,"ACARL","ALLARM Community Aquatic Research Laboratory",0.02,2,NA,1,1,"S","PARTNTID","L02 ","PO4F"
"476",189,"ALLARM","ALLARM.LT1","06/27/2002","12:00:00","OP.5","S1",1691,"CMC","NTWQM",2002-06-27 12:00:00,0.1,"D","2","Water",NA,0,"MG/L",NA,"ACARL","ALLARM Community Aquatic Research Laboratory",0.02,2,NA,1,1,"S","PARTNTID","L02 ","PO4F"
"477",189,"ALLARM","ALLARM.LT6","05/30/2002","12:00:00","OP.5","S1",1684,"CMC","NTWQM",2002-05-30 12:00:00,0.1,"D","2","Water",NA,0,"MG/L",NA,"ACARL","ALLARM Community Aquatic Research Laboratory",0.02,2,NA,1,1,"S","PARTNTID","L02 ","PO4F"
"481",189,"ALLARM","ALLARM.LT7","02/20/2002","12:00:00","OP.5","S1",1651,"CMC","NTWQM",2002-02-20 12:00:00,0.1,"D","2","Water",NA,0,"MG/L",NA,"ACARL","ALLARM Community Aquatic Research Laboratory",0.02,2,NA,1,1,"S","PARTNTID","L02 ","PO4F"
"483",189,"ALLARM","ALLARM.LT8","12/17/2002","12:00:00","OP.5","S1",1766,"CMC","NTWQM",2002-12-17 12:00:00,0.1,"D","2","Water",NA,0,"MG/L",NA,"ACARL","ALLARM Community Aquatic Research Laboratory",0.02,2,NA,1,2,"VP","PARTNTID","L02 ","PO4F"
"493",189,"ALLARM","ALLARM.LT6","12/17/2002","12:00:00","OP.5","S1",1764,"CMC","NTWQM",2002-12-17 12:00:00,0.1,"D","2","Water",NA,0,"MG/L",NA,"ACARL","ALLARM Community Aquatic Research Laboratory",0.02,2,NA,1,2,"VP","PARTNTID","L02 ","PO4F"
"494",189,"ALLARM","ALLARM.LT1","07/25/2002","12:00:00","OP.5","S1",1702,"CMC","NTWQM",2002-07-25 12:00:00,0.1,"D","2","Water",NA,0,"MG/L",NA,"ACARL","ALLARM Community Aquatic Research Laboratory",0.02,2,NA,1,1,"S","PARTNTID","L02 ","PO4F"
"495",189,"ALLARM","ALLARM.LT8","10/23/2002","12:00:00","OP.5","S1",1742,"CMC","NTWQM",2002-10-23 12:00:00,0.1,"D","2","Water",NA,0,"MG/L",NA,"ACARL","ALLARM Community Aquatic Research Laboratory",0.02,2,NA,1,1,"S","PARTNTID","L02 ","PO4F"
"498",189,"ALLARM","ALLARM.LT3","11/19/2002","12:00:00","OP.5","S1",1749,"CMC","NTWQM",2002-11-19 12:00:00,0.1,"D","2","Water",NA,0,"MG/L",NA,"ACARL","ALLARM Community Aquatic Research Laboratory",0.02,2,NA,1,1,"S","PARTNTID","L02 ","PO4F"
"502",189,"ALLARM","ALLARM.LT6","10/23/2002","12:00:00","OP.5","S1",1740,"CMC","NTWQM",2002-10-23 12:00:00,0.1,"D","2","Water",NA,0,"MG/L",NA,"ACARL","ALLARM Community Aquatic Research Laboratory",0.02,2,NA,1,1,"S","PARTNTID","L02 ","PO4F"
"506",189,"ALLARM","ALLARM.LT3","05/30/2002","12:00:00","OP.5","S1",1681,"CMC","NTWQM",2002-05-30 12:00:00,0.1,"D","2","Water",NA,0,"MG/L",NA,"ACARL","ALLARM Community Aquatic Research Laboratory",0.02,2,NA,1,1,"S","PARTNTID","L02 ","PO4F"
"508",189,"ALLARM","ALLARM.LT5","10/23/2002","12:00:00","OP.5","S1",1739,"CMC","NTWQM",2002-10-23 12:00:00,0.1,"D","2","Water",NA,0,"MG/L",NA,"ACARL","ALLARM Community Aquatic Research Laboratory",0.02,2,NA,1,1,"S","PARTNTID","L02 ","PO4F"
"513",189,"ALLARM","ALLARM.LT7","05/30/2002","12:00:00","OP.5","S1",1685,"CMC","NTWQM",2002-05-30 12:00:00,0.1,"D","2","Water",NA,0,"MG/L",NA,"ACARL","ALLARM Community Aquatic Research Laboratory",0.02,2,NA,1,1,"S","PARTNTID","L02 ","PO4F"
"514",189,"ALLARM","ALLARM.LT8","06/27/2002","12:00:00","OP.5","S1",1698,"CMC","NTWQM",2002-06-27 12:00:00,0.1,"D","2","Water",NA,0,"MG/L",NA,"ACARL","ALLARM Community Aquatic Research Laboratory",0.02,2,NA,1,1,"S","PARTNTID","L02 ","PO4F"
"515",189,"ALLARM","ALLARM.LT4","10/23/2002","12:00:00","OP.5","S1",1738,"CMC","NTWQM",2002-10-23 12:00:00,0.1,"D","2","Water",NA,0,"MG/L",NA,"ACARL","ALLARM Community Aquatic Research Laboratory",0.02,2,NA,1,1,"S","PARTNTID","L02 ","PO4F"
"518",189,"ALLARM","ALLARM.MG2","02/20/2002","12:00:00","OP.5","S1",1655,"CMC","NTWQM",2002-02-20 12:00:00,0.1,"D","2","Water",NA,0,"MG/L",NA,"ACARL","ALLARM Community Aquatic Research Laboratory",0.02,2,NA,1,1,"S","PARTNTID","L02 ","PO4F"
"519",189,"ALLARM","ALLARM.LT2","02/20/2002","12:00:00","OP.5","S1",1646,"CMC","NTWQM",2002-02-20 12:00:00,0.1,"D","2","Water",NA,0,"MG/L",NA,"ACARL","ALLARM Community Aquatic Research Laboratory",0.02,2,NA,1,1,"S","PARTNTID","L02 ","PO4F"
"525",189,"ALLARM","ALLARM.LT2","10/23/2002","12:00:00","OP.5","S1",1736,"CMC","NTWQM",2002-10-23 12:00:00,0.1,"D","2","Water",NA,0,"MG/L",NA,"ACARL","ALLARM Community Aquatic Research Laboratory",0.02,2,NA,1,1,"S","PARTNTID","L02 ","PO4F"
"526",189,"ALLARM","ALLARM.LT5","12/17/2002","12:00:00","OP.5","S1",1763,"CMC","NTWQM",2002-12-17 12:00:00,0.1,"D","2","Water",NA,0,"MG/L",NA,"ACARL","ALLARM Community Aquatic Research Laboratory",0.02,2,NA,1,2,"VP","PARTNTID","L02 ","PO4F"
"529",189,"ALLARM","ALLARM.LT5","06/27/2002","12:00:00","OP.5","S1",1695,"CMC","NTWQM",2002-06-27 12:00:00,0.1,"D","2","Water",NA,0,"MG/L",NA,"ACARL","ALLARM Community Aquatic Research Laboratory",0.02,2,NA,1,1,"S","PARTNTID","L02 ","PO4F"
"535",189,"ALLARM","ALLARM.LT3","12/17/2002","12:00:00","OP.5","S1",1761,"CMC","NTWQM",2002-12-17 12:00:00,0.1,"D","2","Water",NA,0,"MG/L",NA,"ACARL","ALLARM Community Aquatic Research Laboratory",0.02,2,NA,1,2,"VP","PARTNTID","L02 ","PO4F"
"541",189,"ALLARM","ALLARM.MG2","06/27/2002","12:00:00","OP.5","S1",1701,"CMC","NTWQM",2002-06-27 12:00:00,0.1,"D","2","Water",NA,0,"MG/L",NA,"ACARL","ALLARM Community Aquatic Research Laboratory",0.02,2,NA,1,1,"S","PARTNTID","L02 ","PO4F"
"542",189,"ALLARM","ALLARM.LT1","11/19/2002","12:00:00","OP.5","S1",1747,"CMC","NTWQM",2002-11-19 12:00:00,0.1,"D","2","Water",NA,0,"MG/L",NA,"ACARL","ALLARM Community Aquatic Research Laboratory",0.02,2,NA,1,1,"S","PARTNTID","L02 ","PO4F"
"547",189,"ALLARM","ALLARM.LT9","12/17/2002","12:00:00","OP.5","S1",1767,"CMC","NTWQM",2002-12-17 12:00:00,0.1,"D","2","Water",NA,0,"MG/L",NA,"ACARL","ALLARM Community Aquatic Research Laboratory",0.02,2,NA,1,2,"VP","PARTNTID","L02 ","PO4F"
"552",189,"ALLARM","ALLARM.LT8","12/17/2002","12:00:00","OP.5","S1",1766,"CMC","NTWQM",2002-12-17 12:00:00,0.1,"D","2","Water",NA,0,"MG/L",NA,"ACARL","ALLARM Community Aquatic Research Laboratory",0.02,2,NA,1,2,"VP","PARTNTID","L02 ","PO4F"
"556",189,"ALLARM","ALLARM.LT7","12/17/2002","12:00:00","OP.5","S1",1765,"CMC","NTWQM",2002-12-17 12:00:00,0.1,"D","2","Water",NA,0,"MG/L",NA,"ACARL","ALLARM Community Aquatic Research Laboratory",0.02,2,NA,1,2,"VP","PARTNTID","L02 ","PO4F"
"560",189,"ALLARM","ALLARM.LT3","10/23/2002","12:00:00","OP.5","S1",1737,"CMC","NTWQM",2002-10-23 12:00:00,0.1,"D","2","Water",NA,0,"MG/L",NA,"ACARL","ALLARM Community Aquatic Research Laboratory",0.02,2,NA,1,1,"S","PARTNTID","L02 ","PO4F"
"561",189,"ALLARM","ALLARM.LT6","12/17/2002","12:00:00","OP.5","S1",1764,"CMC","NTWQM",2002-12-17 12:00:00,0.1,"D","2","Water",NA,0,"MG/L",NA,"ACARL","ALLARM Community Aquatic Research Laboratory",0.02,2,NA,1,2,"VP","PARTNTID","L02 ","PO4F"
"562",189,"ALLARM","ALLARM.LT5","05/30/2002","12:00:00","OP.5","S1",1683,"CMC","NTWQM",2002-05-30 12:00:00,0.1,"D","2","Water",NA,0,"MG/L",NA,"ACARL","ALLARM Community Aquatic Research Laboratory",0.02,2,NA,1,1,"S","PARTNTID","L02 ","PO4F"
"564",189,"ALLARM","ALLARM.LT6","06/27/2002","12:00:00","OP.5","S1",1696,"CMC","NTWQM",2002-06-27 12:00:00,0.1,"D","2","Water",NA,0,"MG/L",NA,"ACARL","ALLARM Community Aquatic Research Laboratory",0.02,2,NA,1,1,"S","PARTNTID","L02 ","PO4F"
"568",189,"ALLARM","ALLARM.LT4","05/30/2002","12:00:00","OP.5","S1",1682,"CMC","NTWQM",2002-05-30 12:00:00,0.1,"D","2","Water",NA,0,"MG/L",NA,"ACARL","ALLARM Community Aquatic Research Laboratory",0.02,2,NA,1,1,"S","PARTNTID","L02 ","PO4F"
"578",189,"ALLARM","ALLARM.LT3","06/27/2002","12:00:00","OP.5","S1",1693,"CMC","NTWQM",2002-06-27 12:00:00,0.1,"D","2","Water",NA,0,"MG/L",NA,"ACARL","ALLARM Community Aquatic Research Laboratory",0.02,2,NA,1,1,"S","PARTNTID","L02 ","PO4F"
"579",189,"ALLARM","ALLARM.LT2","05/30/2002","12:00:00","OP.5","S1",1680,"CMC","NTWQM",2002-05-30 12:00:00,0.1,"D","2","Water",NA,0,"MG/L",NA,"ACARL","ALLARM Community Aquatic Research Laboratory",0.02,2,NA,1,1,"S","PARTNTID","L02 ","PO4F"
"588",189,"ALLARM","ALLARM.MG2","07/25/2002","12:00:00","OP.5","S1",1712,"CMC","NTWQM",2002-07-25 12:00:00,0.1,"D","2","Water",NA,0,"MG/L",NA,"ACARL","ALLARM Community Aquatic Research Laboratory",0.02,2,NA,1,1,"S","PARTNTID","L02 ","PO4F"
"592",189,"ALLARM","ALLARM.LT1","05/30/2002","12:00:00","OP.5","S1",1679,"CMC","NTWQM",2002-05-30 12:00:00,0.1,"D","2","Water",NA,0,"MG/L",NA,"ACARL","ALLARM Community Aquatic Research Laboratory",0.02,2,NA,1,1,"S","PARTNTID","L02 ","PO4F"
"596",189,"ALLARM","ALLARM.LT7","12/17/2002","12:00:00","OP.5","S1",1765,"CMC","NTWQM",2002-12-17 12:00:00,0.1,"D","2","Water",NA,0,"MG/L",NA,"ACARL","ALLARM Community Aquatic Research Laboratory",0.02,2,NA,1,2,"VP","PARTNTID","L02 ","PO4F"
"600",189,"ALLARM","ALLARM.LT7","06/27/2002","12:00:00","OP.5","S1",1697,"CMC","NTWQM",2002-06-27 12:00:00,0.1,"D","2","Water",NA,0,"MG/L",NA,"ACARL","ALLARM Community Aquatic Research Laboratory",0.02,2,NA,1,1,"S","PARTNTID","L02 ","PO4F"
"602",189,"ALLARM","ALLARM.MG1","05/30/2002","12:00:00","OP.5","S1",1689,"CMC","NTWQM",2002-05-30 12:00:00,0.1,"D","2","Water",NA,0,"MG/L",NA,"ACARL","ALLARM Community Aquatic Research Laboratory",0.02,2,NA,1,1,"S","PARTNTID","L02 ","PO4F"
"606",189,"ALLARM","ALLARM.LT5","12/17/2002","12:00:00","OP.5","S1",1763,"CMC","NTWQM",2002-12-17 12:00:00,0.1,"D","2","Water",NA,0,"MG/L",NA,"ACARL","ALLARM Community Aquatic Research Laboratory",0.02,2,NA,1,2,"VP","PARTNTID","L02 ","PO4F"
"612",189,"ALLARM","ALLARM.LT5","02/20/2002","12:00:00","OP.5","S1",1649,"CMC","NTWQM",2002-02-20 12:00:00,0.1,"D","2","Water",NA,0,"MG/L",NA,"ACARL","ALLARM Community Aquatic Research Laboratory",0.02,2,NA,1,1,"S","PARTNTID","L02 ","PO4F"
"615",189,"ALLARM","ALLARM.LT4","06/27/2002","12:00:00","OP.5","S1",1694,"CMC","NTWQM",2002-06-27 12:00:00,0.1,"D","2","Water",NA,0,"MG/L",NA,"ACARL","ALLARM Community Aquatic Research Laboratory",0.02,2,NA,1,1,"S","PARTNTID","L02 ","PO4F"
"616",189,"ALLARM","ALLARM.LT4","02/20/2002","12:00:00","OP.5","S1",1648,"CMC","NTWQM",2002-02-20 12:00:00,0.1,"D","2","Water",NA,0,"MG/L",NA,"ACARL","ALLARM Community Aquatic Research Laboratory",0.02,2,NA,1,1,"S","PARTNTID","L02 ","PO4F"
"621",189,"ALLARM","ALLARM.LT4","07/25/2002","12:00:00","OP.5","S1",1705,"CMC","NTWQM",2002-07-25 12:00:00,0.1,"D","2","Water",NA,0,"MG/L",NA,"ACARL","ALLARM Community Aquatic Research Laboratory",0.02,2,NA,1,1,"S","PARTNTID","L02 ","PO4F"
"624",189,"ALLARM","ALLARM.MG2","10/23/2002","12:00:00","OP.5","S1",1746,"CMC","NTWQM",2002-10-23 12:00:00,0.1,"D","2","Water",NA,0,"MG/L",NA,"ACARL","ALLARM Community Aquatic Research Laboratory",0.02,2,NA,1,1,"S","PARTNTID","L02 ","PO4F"
"627",189,"ALLARM","ALLARM.LT6","02/20/2002","12:00:00","OP.5","S1",1650,"CMC","NTWQM",2002-02-20 12:00:00,0.1,"D","2","Water",NA,0,"MG/L",NA,"ACARL","ALLARM Community Aquatic Research Laboratory",0.02,2,NA,1,1,"S","PARTNTID","L02 ","PO4F"
