"","paramMethod","SOURCE","STATION","SAMPLE_DATE","SAMPLE_TIME","paramCode","SAMPLE_ID","EventId","AGENCY","PROGRAM","DateTime","DEPTH","SAMPLE_TYPE","TIER","Matrix","QUALIFIER","VALUE","UNITS","PROBLEM","LAB","labName","modifiedDate","detLimit","qaFlag","COMMENTS","count.x","count.y","LAYER","PROJECT","SampleAnalyticalMethodIdentifier","SubstanceIdentificationName","errorCode","errorName"
"601",999,"LRA","ALLARM.LT2","11/08/1997","12:00:00","TDS.1","M1",1119,"CMC","NTWQM",1997-11-08 12:00:00,0.3,"ISM",1,"Water",NA,280,"MG/L",NA,NA,NA,2017-10-27 14:58:48,NA,2,NA,1,1,"S","PARTNTID",NA,NA,4,"sample does not have an associated bay program method code"
"602",999,"LRA","ALLARM.LT1","01/08/1997","12:00:00","NO3N.3","M1",1018,"CMC","NTWQM",1997-01-08 12:00:00,0.3,"ISM",2,"Water",NA,6.6,"MG/L",NA,NA,NA,2017-10-27 14:55:30,NA,2,NA,1,1,"S","PARTNTID",NA,NA,4,"sample does not have an associated bay program method code"
"603",999,"LRA","ALLARM.LT10","06/08/1997","12:00:00","TDS.1","M1",1077,"CMC","NTWQM",1997-06-08 12:00:00,0.3,"ISM",1,"Water",NA,360,"MG/L",NA,NA,NA,2017-10-27 14:57:22,NA,2,NA,1,1,"S","PARTNTID",NA,NA,4,"sample does not have an associated bay program method code"
"604",999,"LRA","ALLARM.LT5","10/08/1997","12:00:00","TDS.1","M1",1112,"CMC","NTWQM",1997-10-08 12:00:00,0.3,"ISM",1,"Water",NA,350,"MG/L",NA,NA,NA,2017-10-27 14:58:33,NA,2,NA,1,1,"S","PARTNTID",NA,NA,4,"sample does not have an associated bay program method code"
"605",999,"LRA","ALLARM.LT1","01/08/1997","12:00:00","TDS.1","M1",1018,"CMC","NTWQM",1997-01-08 12:00:00,0.3,"ISM",1,"Water",NA,290,"MG/L",NA,NA,NA,2017-10-27 14:55:30,NA,2,NA,1,1,"S","PARTNTID",NA,NA,4,"sample does not have an associated bay program method code"
"606",999,"LRA","ALLARM.LT4","05/08/1997","12:00:00","TDS.1","M1",1061,"CMC","NTWQM",1997-05-08 12:00:00,0.3,"ISM",1,"Water",NA,350,"MG/L",NA,NA,NA,2017-10-27 14:56:52,NA,2,NA,1,1,"S","PARTNTID",NA,NA,4,"sample does not have an associated bay program method code"
"607",999,"LRA","ALLARM.LT10","07/08/1997","12:00:00","NO3N.3","M1",1087,"CMC","NTWQM",1997-07-08 12:00:00,0.3,"ISM",2,"Water",NA,5,"MG/L",NA,NA,NA,2017-10-27 14:57:41,NA,2,NA,1,1,"S","PARTNTID",NA,NA,4,"sample does not have an associated bay program method code"
"608",999,"LRA","ALLARM.LT2","12/08/1997","12:00:00","TDS.1","M1",1129,"CMC","NTWQM",1997-12-08 12:00:00,0.3,"ISM",1,"Water",NA,310,"MG/L",NA,NA,NA,2017-10-27 14:59:10,NA,2,NA,1,1,"S","PARTNTID",NA,NA,4,"sample does not have an associated bay program method code"
"609",999,"LRA","ALLARM.LT1","02/08/1997","12:00:00","NO3N.3","M1",1028,"CMC","NTWQM",1997-02-08 12:00:00,0.3,"ISM",2,"Water",NA,6,"MG/L",NA,NA,NA,2017-10-27 14:55:48,NA,2,NA,1,1,"S","PARTNTID",NA,NA,4,"sample does not have an associated bay program method code"
"610",999,"LRA","ALLARM.LT10","07/08/1997","12:00:00","TDS.1","M1",1087,"CMC","NTWQM",1997-07-08 12:00:00,0.3,"ISM",1,"Water",NA,390,"MG/L",NA,NA,NA,2017-10-27 14:57:41,NA,2,NA,1,1,"S","PARTNTID",NA,NA,4,"sample does not have an associated bay program method code"
"611",999,"LRA","ALLARM.LT5","11/08/1997","12:00:00","TDS.1","M1",1122,"CMC","NTWQM",1997-11-08 12:00:00,0.3,"ISM",1,"Water",NA,330,"MG/L",NA,NA,NA,2017-10-27 14:58:54,NA,2,NA,1,1,"S","PARTNTID",NA,NA,4,"sample does not have an associated bay program method code"
"612",999,"LRA","ALLARM.LT1","02/08/1997","12:00:00","TDS.1","M1",1028,"CMC","NTWQM",1997-02-08 12:00:00,0.3,"ISM",1,"Water",NA,280,"MG/L",NA,NA,NA,2017-10-27 14:55:48,NA,2,NA,1,1,"S","PARTNTID",NA,NA,4,"sample does not have an associated bay program method code"
"613",999,"LRA","ALLARM.LT4","06/08/1997","12:00:00","TDS.1","M1",1071,"CMC","NTWQM",1997-06-08 12:00:00,0.3,"ISM",1,"Water",NA,340,"MG/L",NA,NA,NA,2017-10-27 14:57:11,NA,2,NA,1,1,"S","PARTNTID",NA,NA,4,"sample does not have an associated bay program method code"
"614",999,"LRA","ALLARM.LT10","08/08/1997","12:00:00","NO3N.3","M1",1097,"CMC","NTWQM",1997-08-08 12:00:00,0.3,"ISM",2,"Water",NA,4.2,"MG/L",NA,NA,NA,2017-10-27 14:58:01,NA,2,NA,1,1,"S","PARTNTID",NA,NA,4,"sample does not have an associated bay program method code"
"615",999,"LRA","ALLARM.LT3","01/08/1997","12:00:00","TDS.1","M1",1020,"CMC","NTWQM",1997-01-08 12:00:00,0.3,"ISM",1,"Water",NA,300,"MG/L",NA,NA,NA,2017-10-27 14:55:34,NA,2,NA,1,1,"S","PARTNTID",NA,NA,4,"sample does not have an associated bay program method code"
"616",999,"LRA","ALLARM.LT1","03/08/1997","12:00:00","NO3N.3","M1",1038,"CMC","NTWQM",1997-03-08 12:00:00,0.3,"ISM",2,"Water",NA,6,"MG/L",NA,NA,NA,2017-10-27 14:56:08,NA,2,NA,1,1,"S","PARTNTID",NA,NA,4,"sample does not have an associated bay program method code"
"617",999,"LRA","ALLARM.LT10","08/08/1997","12:00:00","TDS.1","M1",1097,"CMC","NTWQM",1997-08-08 12:00:00,0.3,"ISM",1,"Water",NA,300,"MG/L",NA,NA,NA,2017-10-27 14:58:01,NA,2,NA,1,1,"S","PARTNTID",NA,NA,4,"sample does not have an associated bay program method code"
"618",999,"LRA","ALLARM.LT5","12/08/1997","12:00:00","TDS.1","M1",1132,"CMC","NTWQM",1997-12-08 12:00:00,0.3,"ISM",1,"Water",NA,330,"MG/L",NA,NA,NA,2017-10-27 14:59:16,NA,2,NA,1,1,"S","PARTNTID",NA,NA,4,"sample does not have an associated bay program method code"
"619",999,"LRA","ALLARM.LT1","03/08/1997","12:00:00","TDS.1","M1",1038,"CMC","NTWQM",1997-03-08 12:00:00,0.3,"ISM",1,"Water",NA,310,"MG/L",NA,NA,NA,2017-10-27 14:56:08,NA,2,NA,1,1,"S","PARTNTID",NA,NA,4,"sample does not have an associated bay program method code"
"620",999,"LRA","ALLARM.LT4","07/08/1997","12:00:00","TDS.1","M1",1081,"CMC","NTWQM",1997-07-08 12:00:00,0.3,"ISM",1,"Water",NA,300,"MG/L",NA,NA,NA,2017-10-27 14:57:29,NA,2,NA,1,1,"S","PARTNTID",NA,NA,4,"sample does not have an associated bay program method code"
"621",999,"LRA","ALLARM.LT10","09/08/1997","12:00:00","NO3N.3","M1",1107,"CMC","NTWQM",1997-09-08 12:00:00,0.3,"ISM",2,"Water",NA,5,"MG/L",NA,NA,NA,2017-10-27 14:58:22,NA,2,NA,1,1,"S","PARTNTID",NA,NA,4,"sample does not have an associated bay program method code"
"622",999,"LRA","ALLARM.LT3","02/08/1997","12:00:00","TDS.1","M1",1030,"CMC","NTWQM",1997-02-08 12:00:00,0.3,"ISM",1,"Water",NA,290,"MG/L",NA,NA,NA,2017-10-27 14:55:52,NA,2,NA,1,1,"S","PARTNTID",NA,NA,4,"sample does not have an associated bay program method code"
"623",999,"LRA","ALLARM.LT1","04/08/1997","12:00:00","NO3N.3","M1",1048,"CMC","NTWQM",1997-04-08 12:00:00,0.3,"ISM",2,"Water",NA,6,"MG/L",NA,NA,NA,2017-10-27 14:56:27,NA,2,NA,1,1,"S","PARTNTID",NA,NA,4,"sample does not have an associated bay program method code"
"624",999,"LRA","ALLARM.LT10","09/08/1997","12:00:00","TDS.1","M1",1107,"CMC","NTWQM",1997-09-08 12:00:00,0.3,"ISM",1,"Water",NA,350,"MG/L",NA,NA,NA,2017-10-27 14:58:22,NA,2,NA,1,1,"S","PARTNTID",NA,NA,4,"sample does not have an associated bay program method code"
"625",999,"LRA","ALLARM.LT6","01/08/1997","12:00:00","TDS.1","M1",1023,"CMC","NTWQM",1997-01-08 12:00:00,0.3,"ISM",1,"Water",NA,340,"MG/L",NA,NA,NA,2017-10-27 14:55:39,NA,2,NA,1,1,"S","PARTNTID",NA,NA,4,"sample does not have an associated bay program method code"
"626",999,"LRA","ALLARM.LT1","04/08/1997","12:00:00","TDS.1","M1",1048,"CMC","NTWQM",1997-04-08 12:00:00,0.3,"ISM",1,"Water",NA,300,"MG/L",NA,NA,NA,2017-10-27 14:56:27,NA,2,NA,1,1,"S","PARTNTID",NA,NA,4,"sample does not have an associated bay program method code"
"627",999,"LRA","ALLARM.LT4","08/08/1997","12:00:00","TDS.1","M1",1091,"CMC","NTWQM",1997-08-08 12:00:00,0.3,"ISM",1,"Water",NA,280,"MG/L",NA,NA,NA,2017-10-27 14:57:49,NA,2,NA,1,1,"S","PARTNTID",NA,NA,4,"sample does not have an associated bay program method code"
"628",999,"LRA","ALLARM.LT10","10/08/1997","12:00:00","NO3N.3","M1",1117,"CMC","NTWQM",1997-10-08 12:00:00,0.3,"ISM",2,"Water",NA,4,"MG/L",NA,NA,NA,2017-10-27 14:58:43,NA,2,NA,1,1,"S","PARTNTID",NA,NA,4,"sample does not have an associated bay program method code"
"629",999,"LRA","ALLARM.LT3","03/08/1997","12:00:00","TDS.1","M1",1040,"CMC","NTWQM",1997-03-08 12:00:00,0.3,"ISM",1,"Water",NA,310,"MG/L",NA,NA,NA,2017-10-27 14:56:12,NA,2,NA,1,1,"S","PARTNTID",NA,NA,4,"sample does not have an associated bay program method code"
"630",999,"LRA","ALLARM.LT1","05/08/1997","12:00:00","NO3N.3","M1",1058,"CMC","NTWQM",1997-05-08 12:00:00,0.3,"ISM",2,"Water",NA,6.8,"MG/L",NA,NA,NA,2017-10-27 14:56:46,NA,2,NA,1,1,"S","PARTNTID",NA,NA,4,"sample does not have an associated bay program method code"
"631",999,"LRA","ALLARM.LT10","10/08/1997","12:00:00","TDS.1","M1",1117,"CMC","NTWQM",1997-10-08 12:00:00,0.3,"ISM",1,"Water",NA,500,"MG/L",NA,NA,NA,2017-10-27 14:58:43,NA,2,NA,1,1,"S","PARTNTID",NA,NA,4,"sample does not have an associated bay program method code"
"632",999,"LRA","ALLARM.LT6","02/08/1997","12:00:00","TDS.1","M1",1033,"CMC","NTWQM",1997-02-08 12:00:00,0.3,"ISM",1,"Water",NA,350,"MG/L",NA,NA,NA,2017-10-27 14:55:59,NA,2,NA,1,1,"S","PARTNTID",NA,NA,4,"sample does not have an associated bay program method code"
"633",999,"LRA","ALLARM.LT1","05/08/1997","12:00:00","TDS.1","M1",1058,"CMC","NTWQM",1997-05-08 12:00:00,0.3,"ISM",1,"Water",NA,310,"MG/L",NA,NA,NA,2017-10-27 14:56:46,NA,2,NA,1,1,"S","PARTNTID",NA,NA,4,"sample does not have an associated bay program method code"
"634",999,"LRA","ALLARM.LT4","09/08/1997","12:00:00","TDS.1","M1",1101,"CMC","NTWQM",1997-09-08 12:00:00,0.3,"ISM",1,"Water",NA,310,"MG/L",NA,NA,NA,2017-10-27 14:58:09,NA,2,NA,1,1,"S","PARTNTID",NA,NA,4,"sample does not have an associated bay program method code"
"635",999,"LRA","ALLARM.LT10","11/08/1997","12:00:00","NO3N.3","M1",1127,"CMC","NTWQM",1997-11-08 12:00:00,0.3,"ISM",2,"Water",NA,4.8,"MG/L",NA,NA,NA,2017-10-27 14:59:05,NA,2,NA,1,1,"S","PARTNTID",NA,NA,4,"sample does not have an associated bay program method code"
"636",999,"LRA","ALLARM.LT3","04/08/1997","12:00:00","TDS.1","M1",1050,"CMC","NTWQM",1997-04-08 12:00:00,0.3,"ISM",1,"Water",NA,320,"MG/L",NA,NA,NA,2017-10-27 14:56:31,NA,2,NA,1,1,"S","PARTNTID",NA,NA,4,"sample does not have an associated bay program method code"
"637",999,"LRA","ALLARM.LT1","06/08/1997","12:00:00","NO3N.3","M1",1068,"CMC","NTWQM",1997-06-08 12:00:00,0.3,"ISM",2,"Water",NA,6.2,"MG/L",NA,NA,NA,2017-10-27 14:57:05,NA,2,NA,1,1,"S","PARTNTID",NA,NA,4,"sample does not have an associated bay program method code"
"638",999,"LRA","ALLARM.LT10","11/08/1997","12:00:00","TDS.1","M1",1127,"CMC","NTWQM",1997-11-08 12:00:00,0.3,"ISM",1,"Water",NA,360,"MG/L",NA,NA,NA,2017-10-27 14:59:05,NA,2,NA,1,1,"S","PARTNTID",NA,NA,4,"sample does not have an associated bay program method code"
"639",999,"LRA","ALLARM.LT6","03/08/1997","12:00:00","TDS.1","M1",1043,"CMC","NTWQM",1997-03-08 12:00:00,0.3,"ISM",1,"Water",NA,320,"MG/L",NA,NA,NA,2017-10-27 14:56:17,NA,2,NA,1,1,"S","PARTNTID",NA,NA,4,"sample does not have an associated bay program method code"
"640",999,"LRA","ALLARM.LT1","06/08/1997","12:00:00","TDS.1","M1",1068,"CMC","NTWQM",1997-06-08 12:00:00,0.3,"ISM",1,"Water",NA,300,"MG/L",NA,NA,NA,2017-10-27 14:57:05,NA,2,NA,1,1,"S","PARTNTID",NA,NA,4,"sample does not have an associated bay program method code"
"641",999,"LRA","ALLARM.LT4","10/08/1997","12:00:00","TDS.1","M1",1111,"CMC","NTWQM",1997-10-08 12:00:00,0.3,"ISM",1,"Water",NA,320,"MG/L",NA,NA,NA,2017-10-27 14:58:31,NA,2,NA,1,1,"S","PARTNTID",NA,NA,4,"sample does not have an associated bay program method code"
"642",999,"LRA","ALLARM.LT10","12/08/1997","12:00:00","NO3N.3","M1",1137,"CMC","NTWQM",1997-12-08 12:00:00,0.3,"ISM",2,"Water",NA,4,"MG/L",NA,NA,NA,2017-10-27 14:59:28,NA,2,NA,1,1,"S","PARTNTID",NA,NA,4,"sample does not have an associated bay program method code"
"643",999,"LRA","ALLARM.LT3","05/08/1997","12:00:00","TDS.1","M1",1060,"CMC","NTWQM",1997-05-08 12:00:00,0.3,"ISM",1,"Water",NA,330,"MG/L",NA,NA,NA,2017-10-27 14:56:50,NA,2,NA,1,1,"S","PARTNTID",NA,NA,4,"sample does not have an associated bay program method code"
"644",999,"LRA","ALLARM.LT1","07/08/1997","12:00:00","NO3N.3","M1",1078,"CMC","NTWQM",1997-07-08 12:00:00,0.3,"ISM",2,"Water",NA,4,"MG/L",NA,NA,NA,2017-10-27 14:57:24,NA,2,NA,1,1,"S","PARTNTID",NA,NA,4,"sample does not have an associated bay program method code"
"645",999,"LRA","ALLARM.LT10","12/08/1997","12:00:00","TDS.1","M1",1137,"CMC","NTWQM",1997-12-08 12:00:00,0.3,"ISM",1,"Water",NA,420,"MG/L",NA,NA,NA,2017-10-27 14:59:28,NA,2,NA,1,1,"S","PARTNTID",NA,NA,4,"sample does not have an associated bay program method code"
"646",999,"LRA","ALLARM.LT6","04/08/1997","12:00:00","TDS.1","M1",1053,"CMC","NTWQM",1997-04-08 12:00:00,0.3,"ISM",1,"Water",NA,340,"MG/L",NA,NA,NA,2017-10-27 14:56:37,NA,2,NA,1,1,"S","PARTNTID",NA,NA,4,"sample does not have an associated bay program method code"
"647",999,"LRA","ALLARM.LT1","07/08/1997","12:00:00","TDS.1","M1",1078,"CMC","NTWQM",1997-07-08 12:00:00,0.3,"ISM",1,"Water",NA,260,"MG/L",NA,NA,NA,2017-10-27 14:57:24,NA,2,NA,1,1,"S","PARTNTID",NA,NA,4,"sample does not have an associated bay program method code"
"648",999,"LRA","ALLARM.LT4","11/08/1997","12:00:00","TDS.1","M1",1121,"CMC","NTWQM",1997-11-08 12:00:00,0.3,"ISM",1,"Water",NA,310,"MG/L",NA,NA,NA,2017-10-27 14:58:52,NA,2,NA,1,1,"S","PARTNTID",NA,NA,4,"sample does not have an associated bay program method code"
"649",999,"LRA","ALLARM.LT2","01/08/1997","12:00:00","NO3N.3","M1",1019,"CMC","NTWQM",1997-01-08 12:00:00,0.3,"ISM",2,"Water",NA,6,"MG/L",NA,NA,NA,2017-10-27 14:55:32,NA,2,NA,1,1,"S","PARTNTID",NA,NA,4,"sample does not have an associated bay program method code"
"650",999,"LRA","ALLARM.LT3","06/08/1997","12:00:00","TDS.1","M1",1070,"CMC","NTWQM",1997-06-08 12:00:00,0.3,"ISM",1,"Water",NA,320,"MG/L",NA,NA,NA,2017-10-27 14:57:09,NA,2,NA,1,1,"S","PARTNTID",NA,NA,4,"sample does not have an associated bay program method code"
"651",999,"LRA","ALLARM.LT1","08/08/1997","12:00:00","NO3N.3","M1",1088,"CMC","NTWQM",1997-08-08 12:00:00,0.3,"ISM",2,"Water",NA,4.2,"MG/L",NA,NA,NA,2017-10-27 14:57:43,NA,2,NA,1,1,"S","PARTNTID",NA,NA,4,"sample does not have an associated bay program method code"
"652",999,"LRA","ALLARM.LT2","01/08/1997","12:00:00","TDS.1","M1",1019,"CMC","NTWQM",1997-01-08 12:00:00,0.3,"ISM",1,"Water",NA,290,"MG/L",NA,NA,NA,2017-10-27 14:55:32,NA,2,NA,1,1,"S","PARTNTID",NA,NA,4,"sample does not have an associated bay program method code"
"653",999,"LRA","ALLARM.LT6","05/08/1997","12:00:00","TDS.1","M1",1063,"CMC","NTWQM",1997-05-08 12:00:00,0.3,"ISM",1,"Water",NA,360,"MG/L",NA,NA,NA,2017-10-27 14:56:56,NA,2,NA,1,1,"S","PARTNTID",NA,NA,4,"sample does not have an associated bay program method code"
"654",999,"LRA","ALLARM.LT1","08/08/1997","12:00:00","TDS.1","M1",1088,"CMC","NTWQM",1997-08-08 12:00:00,0.3,"ISM",1,"Water",NA,250,"MG/L",NA,NA,NA,2017-10-27 14:57:43,NA,2,NA,1,1,"S","PARTNTID",NA,NA,4,"sample does not have an associated bay program method code"
"655",999,"LRA","ALLARM.LT4","12/08/1997","12:00:00","TDS.1","M1",1131,"CMC","NTWQM",1997-12-08 12:00:00,0.3,"ISM",1,"Water",NA,320,"MG/L",NA,NA,NA,2017-10-27 14:59:14,NA,2,NA,1,1,"S","PARTNTID",NA,NA,4,"sample does not have an associated bay program method code"
"656",999,"LRA","ALLARM.LT2","02/08/1997","12:00:00","NO3N.3","M1",1029,"CMC","NTWQM",1997-02-08 12:00:00,0.3,"ISM",2,"Water",NA,6,"MG/L",NA,NA,NA,2017-10-27 14:55:50,NA,2,NA,1,1,"S","PARTNTID",NA,NA,4,"sample does not have an associated bay program method code"
"657",999,"LRA","ALLARM.LT3","07/08/1997","12:00:00","TDS.1","M1",1080,"CMC","NTWQM",1997-07-08 12:00:00,0.3,"ISM",1,"Water",NA,300,"MG/L",NA,NA,NA,2017-10-27 14:57:27,NA,2,NA,1,1,"S","PARTNTID",NA,NA,4,"sample does not have an associated bay program method code"
"658",999,"LRA","ALLARM.LT1","09/08/1997","12:00:00","NO3N.3","M1",1098,"CMC","NTWQM",1997-09-08 12:00:00,0.3,"ISM",2,"Water",NA,4,"MG/L",NA,NA,NA,2017-10-27 14:58:03,NA,2,NA,1,1,"S","PARTNTID",NA,NA,4,"sample does not have an associated bay program method code"
"659",999,"LRA","ALLARM.LT2","02/08/1997","12:00:00","TDS.1","M1",1029,"CMC","NTWQM",1997-02-08 12:00:00,0.3,"ISM",1,"Water",NA,290,"MG/L",NA,NA,NA,2017-10-27 14:55:50,NA,2,NA,1,1,"S","PARTNTID",NA,NA,4,"sample does not have an associated bay program method code"
"660",999,"LRA","ALLARM.LT6","06/08/1997","12:00:00","TDS.1","M1",1073,"CMC","NTWQM",1997-06-08 12:00:00,0.3,"ISM",1,"Water",NA,340,"MG/L",NA,NA,NA,2017-10-27 14:57:14,NA,2,NA,1,1,"S","PARTNTID",NA,NA,4,"sample does not have an associated bay program method code"
"661",999,"LRA","ALLARM.LT1","09/08/1997","12:00:00","TDS.1","M1",1098,"CMC","NTWQM",1997-09-08 12:00:00,0.3,"ISM",1,"Water",NA,270,"MG/L",NA,NA,NA,2017-10-27 14:58:03,NA,2,NA,1,1,"S","PARTNTID",NA,NA,4,"sample does not have an associated bay program method code"
"662",999,"LRA","ALLARM.LT5","01/08/1997","12:00:00","TDS.1","M1",1022,"CMC","NTWQM",1997-01-08 12:00:00,0.3,"ISM",1,"Water",NA,320,"MG/L",NA,NA,NA,2017-10-27 14:55:37,NA,2,NA,1,1,"S","PARTNTID",NA,NA,4,"sample does not have an associated bay program method code"
"663",999,"LRA","ALLARM.LT2","03/08/1997","12:00:00","NO3N.3","M1",1039,"CMC","NTWQM",1997-03-08 12:00:00,0.3,"ISM",2,"Water",NA,6,"MG/L",NA,NA,NA,2017-10-27 14:56:10,NA,2,NA,1,1,"S","PARTNTID",NA,NA,4,"sample does not have an associated bay program method code"
"664",999,"LRA","ALLARM.LT3","08/08/1997","12:00:00","TDS.1","M1",1090,"CMC","NTWQM",1997-08-08 12:00:00,0.3,"ISM",1,"Water",NA,280,"MG/L",NA,NA,NA,2017-10-27 14:57:47,NA,2,NA,1,1,"S","PARTNTID",NA,NA,4,"sample does not have an associated bay program method code"
"665",999,"LRA","ALLARM.LT1","10/08/1997","12:00:00","NO3N.3","M1",1108,"CMC","NTWQM",1997-10-08 12:00:00,0.3,"ISM",2,"Water",NA,5.4,"MG/L",NA,NA,NA,2017-10-27 14:58:24,NA,2,NA,1,1,"S","PARTNTID",NA,NA,4,"sample does not have an associated bay program method code"
"666",999,"LRA","ALLARM.LT2","03/08/1997","12:00:00","TDS.1","M1",1039,"CMC","NTWQM",1997-03-08 12:00:00,0.3,"ISM",1,"Water",NA,300,"MG/L",NA,NA,NA,2017-10-27 14:56:10,NA,2,NA,1,1,"S","PARTNTID",NA,NA,4,"sample does not have an associated bay program method code"
"667",999,"LRA","ALLARM.LT6","07/08/1997","12:00:00","TDS.1","M1",1083,"CMC","NTWQM",1997-07-08 12:00:00,0.3,"ISM",1,"Water",NA,330,"MG/L",NA,NA,NA,2017-10-27 14:57:33,NA,2,NA,1,1,"S","PARTNTID",NA,NA,4,"sample does not have an associated bay program method code"
"668",999,"LRA","ALLARM.LT1","10/08/1997","12:00:00","TDS.1","M1",1108,"CMC","NTWQM",1997-10-08 12:00:00,0.3,"ISM",1,"Water",NA,280,"MG/L",NA,NA,NA,2017-10-27 14:58:24,NA,2,NA,1,1,"S","PARTNTID",NA,NA,4,"sample does not have an associated bay program method code"
"669",999,"LRA","ALLARM.LT5","02/08/1997","12:00:00","TDS.1","M1",1032,"CMC","NTWQM",1997-02-08 12:00:00,0.3,"ISM",1,"Water",NA,330,"MG/L",NA,NA,NA,2017-10-27 14:55:56,NA,2,NA,1,1,"S","PARTNTID",NA,NA,4,"sample does not have an associated bay program method code"
"670",999,"LRA","ALLARM.LT2","04/08/1997","12:00:00","NO3N.3","M1",1049,"CMC","NTWQM",1997-04-08 12:00:00,0.3,"ISM",2,"Water",NA,5.4,"MG/L",NA,NA,NA,2017-10-27 14:56:29,NA,2,NA,1,1,"S","PARTNTID",NA,NA,4,"sample does not have an associated bay program method code"
"671",999,"LRA","ALLARM.LT3","09/08/1997","12:00:00","TDS.1","M1",1100,"CMC","NTWQM",1997-09-08 12:00:00,0.3,"ISM",1,"Water",NA,310,"MG/L",NA,NA,NA,2017-10-27 14:58:07,NA,2,NA,1,1,"S","PARTNTID",NA,NA,4,"sample does not have an associated bay program method code"
"672",999,"LRA","ALLARM.LT1","11/08/1997","12:00:00","NO3N.3","M1",1118,"CMC","NTWQM",1997-11-08 12:00:00,0.3,"ISM",2,"Water",NA,4.8,"MG/L",NA,NA,NA,2017-10-27 14:58:46,NA,2,NA,1,1,"S","PARTNTID",NA,NA,4,"sample does not have an associated bay program method code"
"673",999,"LRA","ALLARM.LT2","04/08/1997","12:00:00","TDS.1","M1",1049,"CMC","NTWQM",1997-04-08 12:00:00,0.3,"ISM",1,"Water",NA,290,"MG/L",NA,NA,NA,2017-10-27 14:56:29,NA,2,NA,1,1,"S","PARTNTID",NA,NA,4,"sample does not have an associated bay program method code"
"674",999,"LRA","ALLARM.LT6","08/08/1997","12:00:00","TDS.1","M1",1093,"CMC","NTWQM",1997-08-08 12:00:00,0.3,"ISM",1,"Water",NA,260,"MG/L",NA,NA,NA,2017-10-27 14:57:53,NA,2,NA,1,1,"S","PARTNTID",NA,NA,4,"sample does not have an associated bay program method code"
"675",999,"LRA","ALLARM.LT1","11/08/1997","12:00:00","TDS.1","M1",1118,"CMC","NTWQM",1997-11-08 12:00:00,0.3,"ISM",1,"Water",NA,280,"MG/L",NA,NA,NA,2017-10-27 14:58:46,NA,2,NA,1,1,"S","PARTNTID",NA,NA,4,"sample does not have an associated bay program method code"
"676",999,"LRA","ALLARM.LT5","03/08/1997","12:00:00","TDS.1","M1",1042,"CMC","NTWQM",1997-03-08 12:00:00,0.3,"ISM",1,"Water",NA,310,"MG/L",NA,NA,NA,2017-10-27 14:56:15,NA,2,NA,1,1,"S","PARTNTID",NA,NA,4,"sample does not have an associated bay program method code"
"677",999,"LRA","ALLARM.LT2","05/08/1997","12:00:00","NO3N.3","M1",1059,"CMC","NTWQM",1997-05-08 12:00:00,0.3,"ISM",2,"Water",NA,6.8,"MG/L",NA,NA,NA,2017-10-27 14:56:48,NA,2,NA,1,1,"S","PARTNTID",NA,NA,4,"sample does not have an associated bay program method code"
"678",999,"LRA","ALLARM.LT3","10/08/1997","12:00:00","TDS.1","M1",1110,"CMC","NTWQM",1997-10-08 12:00:00,0.3,"ISM",1,"Water",NA,290,"MG/L",NA,NA,NA,2017-10-27 14:58:29,NA,2,NA,1,1,"S","PARTNTID",NA,NA,4,"sample does not have an associated bay program method code"
"679",999,"LRA","ALLARM.LT1","12/08/1997","12:00:00","NO3N.3","M1",1128,"CMC","NTWQM",1997-12-08 12:00:00,0.3,"ISM",2,"Water",NA,4.8,"MG/L",NA,NA,NA,2017-10-27 14:59:07,NA,2,NA,1,1,"S","PARTNTID",NA,NA,4,"sample does not have an associated bay program method code"
"680",999,"LRA","ALLARM.LT2","05/08/1997","12:00:00","TDS.1","M1",1059,"CMC","NTWQM",1997-05-08 12:00:00,0.3,"ISM",1,"Water",NA,310,"MG/L",NA,NA,NA,2017-10-27 14:56:48,NA,2,NA,1,1,"S","PARTNTID",NA,NA,4,"sample does not have an associated bay program method code"
"681",999,"LRA","ALLARM.LT6","09/08/1997","12:00:00","TDS.1","M1",1103,"CMC","NTWQM",1997-09-08 12:00:00,0.3,"ISM",1,"Water",NA,340,"MG/L",NA,NA,NA,2017-10-27 14:58:14,NA,2,NA,1,1,"S","PARTNTID",NA,NA,4,"sample does not have an associated bay program method code"
"682",999,"LRA","ALLARM.LT1","12/08/1997","12:00:00","TDS.1","M1",1128,"CMC","NTWQM",1997-12-08 12:00:00,0.3,"ISM",1,"Water",NA,300,"MG/L",NA,NA,NA,2017-10-27 14:59:07,NA,2,NA,1,1,"S","PARTNTID",NA,NA,4,"sample does not have an associated bay program method code"
"683",999,"LRA","ALLARM.LT5","04/08/1997","12:00:00","TDS.1","M1",1052,"CMC","NTWQM",1997-04-08 12:00:00,0.3,"ISM",1,"Water",NA,340,"MG/L",NA,NA,NA,2017-10-27 14:56:35,NA,2,NA,1,1,"S","PARTNTID",NA,NA,4,"sample does not have an associated bay program method code"
"684",999,"LRA","ALLARM.LT2","06/08/1997","12:00:00","NO3N.3","M1",1069,"CMC","NTWQM",1997-06-08 12:00:00,0.3,"ISM",2,"Water",NA,6.2,"MG/L",NA,NA,NA,2017-10-27 14:57:07,NA,2,NA,1,1,"S","PARTNTID",NA,NA,4,"sample does not have an associated bay program method code"
"685",999,"LRA","ALLARM.LT3","11/08/1997","12:00:00","TDS.1","M1",1120,"CMC","NTWQM",1997-11-08 12:00:00,0.3,"ISM",1,"Water",NA,300,"MG/L",NA,NA,NA,2017-10-27 14:58:50,NA,2,NA,1,1,"S","PARTNTID",NA,NA,4,"sample does not have an associated bay program method code"
"686",999,"LRA","ALLARM.LT10","01/08/1997","12:00:00","NO3N.3","M1",1027,"CMC","NTWQM",1997-01-08 12:00:00,0.3,"ISM",2,"Water",NA,5,"MG/L",NA,NA,NA,2017-10-27 14:55:46,NA,2,NA,1,1,"S","PARTNTID",NA,NA,4,"sample does not have an associated bay program method code"
"687",999,"LRA","ALLARM.LT2","06/08/1997","12:00:00","TDS.1","M1",1069,"CMC","NTWQM",1997-06-08 12:00:00,0.3,"ISM",1,"Water",NA,290,"MG/L",NA,NA,NA,2017-10-27 14:57:07,NA,2,NA,1,1,"S","PARTNTID",NA,NA,4,"sample does not have an associated bay program method code"
"688",999,"LRA","ALLARM.LT6","10/08/1997","12:00:00","TDS.1","M1",1113,"CMC","NTWQM",1997-10-08 12:00:00,0.3,"ISM",1,"Water",NA,380,"MG/L",NA,NA,NA,2017-10-27 14:58:35,NA,2,NA,1,1,"S","PARTNTID",NA,NA,4,"sample does not have an associated bay program method code"
"689",999,"LRA","ALLARM.LT10","01/08/1997","12:00:00","TDS.1","M1",1027,"CMC","NTWQM",1997-01-08 12:00:00,0.3,"ISM",1,"Water",NA,400,"MG/L",NA,NA,NA,2017-10-27 14:55:46,NA,2,NA,1,1,"S","PARTNTID",NA,NA,4,"sample does not have an associated bay program method code"
"690",999,"LRA","ALLARM.LT5","05/08/1997","12:00:00","TDS.1","M1",1062,"CMC","NTWQM",1997-05-08 12:00:00,0.3,"ISM",1,"Water",NA,340,"MG/L",NA,NA,NA,2017-10-27 14:56:54,NA,2,NA,1,1,"S","PARTNTID",NA,NA,4,"sample does not have an associated bay program method code"
"691",999,"LRA","ALLARM.LT2","07/08/1997","12:00:00","NO3N.3","M1",1079,"CMC","NTWQM",1997-07-08 12:00:00,0.3,"ISM",2,"Water",NA,5.2,"MG/L",NA,NA,NA,2017-10-27 14:57:26,NA,2,NA,1,1,"S","PARTNTID",NA,NA,4,"sample does not have an associated bay program method code"
"692",999,"LRA","ALLARM.LT3","12/08/1997","12:00:00","TDS.1","M1",1130,"CMC","NTWQM",1997-12-08 12:00:00,0.3,"ISM",1,"Water",NA,310,"MG/L",NA,NA,NA,2017-10-27 14:59:12,NA,2,NA,1,1,"S","PARTNTID",NA,NA,4,"sample does not have an associated bay program method code"
"693",999,"LRA","ALLARM.LT10","02/08/1997","12:00:00","NO3N.3","M1",1037,"CMC","NTWQM",1997-02-08 12:00:00,0.3,"ISM",2,"Water",NA,5.6,"MG/L",NA,NA,NA,2017-10-27 14:56:06,NA,2,NA,1,1,"S","PARTNTID",NA,NA,4,"sample does not have an associated bay program method code"
"694",999,"LRA","ALLARM.LT2","07/08/1997","12:00:00","TDS.1","M1",1079,"CMC","NTWQM",1997-07-08 12:00:00,0.3,"ISM",1,"Water",NA,260,"MG/L",NA,NA,NA,2017-10-27 14:57:26,NA,2,NA,1,1,"S","PARTNTID",NA,NA,4,"sample does not have an associated bay program method code"
"695",999,"LRA","ALLARM.LT6","11/08/1997","12:00:00","TDS.1","M1",1123,"CMC","NTWQM",1997-11-08 12:00:00,0.3,"ISM",1,"Water",NA,340,"MG/L",NA,NA,NA,2017-10-27 14:58:56,NA,2,NA,1,1,"S","PARTNTID",NA,NA,4,"sample does not have an associated bay program method code"
"696",999,"LRA","ALLARM.LT10","02/08/1997","12:00:00","TDS.1","M1",1037,"CMC","NTWQM",1997-02-08 12:00:00,0.3,"ISM",1,"Water",NA,370,"MG/L",NA,NA,NA,2017-10-27 14:56:06,NA,2,NA,1,1,"S","PARTNTID",NA,NA,4,"sample does not have an associated bay program method code"
"697",999,"LRA","ALLARM.LT5","06/08/1997","12:00:00","TDS.1","M1",1072,"CMC","NTWQM",1997-06-08 12:00:00,0.3,"ISM",1,"Water",NA,340,"MG/L",NA,NA,NA,2017-10-27 14:57:12,NA,2,NA,1,1,"S","PARTNTID",NA,NA,4,"sample does not have an associated bay program method code"
"698",999,"LRA","ALLARM.LT2","08/08/1997","12:00:00","NO3N.3","M1",1089,"CMC","NTWQM",1997-08-08 12:00:00,0.3,"ISM",2,"Water",NA,4.8,"MG/L",NA,NA,NA,2017-10-27 14:57:45,NA,2,NA,1,1,"S","PARTNTID",NA,NA,4,"sample does not have an associated bay program method code"
"699",999,"LRA","ALLARM.LT4","01/08/1997","12:00:00","TDS.1","M1",1021,"CMC","NTWQM",1997-01-08 12:00:00,0.3,"ISM",1,"Water",NA,310,"MG/L",NA,NA,NA,2017-10-27 14:55:36,NA,2,NA,1,1,"S","PARTNTID",NA,NA,4,"sample does not have an associated bay program method code"
"700",999,"LRA","ALLARM.LT10","03/08/1997","12:00:00","NO3N.3","M1",1047,"CMC","NTWQM",1997-03-08 12:00:00,0.3,"ISM",2,"Water",NA,5.6,"MG/L",NA,NA,NA,2017-10-27 14:56:25,NA,2,NA,1,1,"S","PARTNTID",NA,NA,4,"sample does not have an associated bay program method code"
"701",999,"LRA","ALLARM.LT2","08/08/1997","12:00:00","TDS.1","M1",1089,"CMC","NTWQM",1997-08-08 12:00:00,0.3,"ISM",1,"Water",NA,250,"MG/L",NA,NA,NA,2017-10-27 14:57:45,NA,2,NA,1,1,"S","PARTNTID",NA,NA,4,"sample does not have an associated bay program method code"
"702",999,"LRA","ALLARM.LT6","12/08/1997","12:00:00","TDS.1","M1",1133,"CMC","NTWQM",1997-12-08 12:00:00,0.3,"ISM",1,"Water",NA,350,"MG/L",NA,NA,NA,2017-10-27 14:59:19,NA,2,NA,1,1,"S","PARTNTID",NA,NA,4,"sample does not have an associated bay program method code"
"703",999,"LRA","ALLARM.LT10","03/08/1997","12:00:00","TDS.1","M1",1047,"CMC","NTWQM",1997-03-08 12:00:00,0.3,"ISM",1,"Water",NA,330,"MG/L",NA,NA,NA,2017-10-27 14:56:25,NA,2,NA,1,1,"S","PARTNTID",NA,NA,4,"sample does not have an associated bay program method code"
"704",999,"LRA","ALLARM.LT5","07/08/1997","12:00:00","TDS.1","M1",1082,"CMC","NTWQM",1997-07-08 12:00:00,0.3,"ISM",1,"Water",NA,300,"MG/L",NA,NA,NA,2017-10-27 14:57:31,NA,2,NA,1,1,"S","PARTNTID",NA,NA,4,"sample does not have an associated bay program method code"
"705",999,"LRA","ALLARM.LT2","09/08/1997","12:00:00","NO3N.3","M1",1099,"CMC","NTWQM",1997-09-08 12:00:00,0.3,"ISM",2,"Water",NA,5,"MG/L",NA,NA,NA,2017-10-27 14:58:05,NA,2,NA,1,1,"S","PARTNTID",NA,NA,4,"sample does not have an associated bay program method code"
"706",999,"LRA","ALLARM.LT4","02/08/1997","12:00:00","TDS.1","M1",1031,"CMC","NTWQM",1997-02-08 12:00:00,0.3,"ISM",1,"Water",NA,310,"MG/L",NA,NA,NA,2017-10-27 14:55:54,NA,2,NA,1,1,"S","PARTNTID",NA,NA,4,"sample does not have an associated bay program method code"
"707",999,"LRA","ALLARM.LT10","04/08/1997","12:00:00","NO3N.3","M1",1057,"CMC","NTWQM",1997-04-08 12:00:00,0.3,"ISM",2,"Water",NA,6,"MG/L",NA,NA,NA,2017-10-27 14:56:44,NA,2,NA,1,1,"S","PARTNTID",NA,NA,4,"sample does not have an associated bay program method code"
"708",999,"LRA","ALLARM.LT2","09/08/1997","12:00:00","TDS.1","M1",1099,"CMC","NTWQM",1997-09-08 12:00:00,0.3,"ISM",1,"Water",NA,290,"MG/L",NA,NA,NA,2017-10-27 14:58:05,NA,2,NA,1,1,"S","PARTNTID",NA,NA,4,"sample does not have an associated bay program method code"
"709",999,"LRA","ALLARM.LT7","01/08/1997","12:00:00","TDS.1","M1",1024,"CMC","NTWQM",1997-01-08 12:00:00,0.3,"ISM",1,"Water",NA,360,"MG/L",NA,NA,NA,2017-10-27 14:55:41,NA,2,NA,1,1,"S","PARTNTID",NA,NA,4,"sample does not have an associated bay program method code"
"710",999,"LRA","ALLARM.LT10","04/08/1997","12:00:00","TDS.1","M1",1057,"CMC","NTWQM",1997-04-08 12:00:00,0.3,"ISM",1,"Water",NA,360,"MG/L",NA,NA,NA,2017-10-27 14:56:44,NA,2,NA,1,1,"S","PARTNTID",NA,NA,4,"sample does not have an associated bay program method code"
"711",999,"LRA","ALLARM.LT5","08/08/1997","12:00:00","TDS.1","M1",1092,"CMC","NTWQM",1997-08-08 12:00:00,0.3,"ISM",1,"Water",NA,290,"MG/L",NA,NA,NA,2017-10-27 14:57:51,NA,2,NA,1,1,"S","PARTNTID",NA,NA,4,"sample does not have an associated bay program method code"
"712",999,"LRA","ALLARM.LT2","10/08/1997","12:00:00","NO3N.3","M1",1109,"CMC","NTWQM",1997-10-08 12:00:00,0.3,"ISM",2,"Water",NA,5.2,"MG/L",NA,NA,NA,2017-10-27 14:58:26,NA,2,NA,1,1,"S","PARTNTID",NA,NA,4,"sample does not have an associated bay program method code"
"713",999,"LRA","ALLARM.LT4","03/08/1997","12:00:00","TDS.1","M1",1041,"CMC","NTWQM",1997-03-08 12:00:00,0.3,"ISM",1,"Water",NA,320,"MG/L",NA,NA,NA,2017-10-27 14:56:14,NA,2,NA,1,1,"S","PARTNTID",NA,NA,4,"sample does not have an associated bay program method code"
"714",999,"LRA","ALLARM.LT10","05/08/1997","12:00:00","NO3N.3","M1",1067,"CMC","NTWQM",1997-05-08 12:00:00,0.3,"ISM",2,"Water",NA,6.4,"MG/L",NA,NA,NA,2017-10-27 14:57:03,NA,2,NA,1,1,"S","PARTNTID",NA,NA,4,"sample does not have an associated bay program method code"
"715",999,"LRA","ALLARM.LT2","10/08/1997","12:00:00","TDS.1","M1",1109,"CMC","NTWQM",1997-10-08 12:00:00,0.3,"ISM",1,"Water",NA,280,"MG/L",NA,NA,NA,2017-10-27 14:58:26,NA,2,NA,1,1,"S","PARTNTID",NA,NA,4,"sample does not have an associated bay program method code"
"716",999,"LRA","ALLARM.LT7","02/08/1997","12:00:00","TDS.1","M1",1034,"CMC","NTWQM",1997-02-08 12:00:00,0.3,"ISM",1,"Water",NA,340,"MG/L",NA,NA,NA,2017-10-27 14:56:01,NA,2,NA,1,1,"S","PARTNTID",NA,NA,4,"sample does not have an associated bay program method code"
"717",999,"LRA","ALLARM.LT10","05/08/1997","12:00:00","TDS.1","M1",1067,"CMC","NTWQM",1997-05-08 12:00:00,0.3,"ISM",1,"Water",NA,380,"MG/L",NA,NA,NA,2017-10-27 14:57:03,NA,2,NA,1,1,"S","PARTNTID",NA,NA,4,"sample does not have an associated bay program method code"
"718",999,"LRA","ALLARM.LT5","09/08/1997","12:00:00","TDS.1","M1",1102,"CMC","NTWQM",1997-09-08 12:00:00,0.3,"ISM",1,"Water",NA,320,"MG/L",NA,NA,NA,2017-10-27 14:58:12,NA,2,NA,1,1,"S","PARTNTID",NA,NA,4,"sample does not have an associated bay program method code"
"719",999,"LRA","ALLARM.LT2","11/08/1997","12:00:00","NO3N.3","M1",1119,"CMC","NTWQM",1997-11-08 12:00:00,0.3,"ISM",2,"Water",NA,5,"MG/L",NA,NA,NA,2017-10-27 14:58:48,NA,2,NA,1,1,"S","PARTNTID",NA,NA,4,"sample does not have an associated bay program method code"
"720",999,"LRA","ALLARM.LT4","04/08/1997","12:00:00","TDS.1","M1",1051,"CMC","NTWQM",1997-04-08 12:00:00,0.3,"ISM",1,"Water",NA,330,"MG/L",NA,NA,NA,2017-10-27 14:56:33,NA,2,NA,1,1,"S","PARTNTID",NA,NA,4,"sample does not have an associated bay program method code"
"721",999,"LRA","ALLARM.LT10","06/08/1997","12:00:00","NO3N.3","M1",1077,"CMC","NTWQM",1997-06-08 12:00:00,0.3,"ISM",2,"Water",NA,5.8,"MG/L",NA,NA,NA,2017-10-27 14:57:22,NA,2,NA,1,1,"S","PARTNTID",NA,NA,4,"sample does not have an associated bay program method code"
"722",999,"LRA","ALLARM.LT5","10/08/1997","12:00:00","NO3N.3","M1",1112,"CMC","NTWQM",1997-10-08 12:00:00,0.3,"ISM",2,"Water",NA,5,"MG/L",NA,NA,NA,2017-10-27 14:58:33,NA,2,NA,1,1,"S","PARTNTID",NA,NA,4,"sample does not have an associated bay program method code"
"723",999,"LRA","ALLARM.LT7","03/08/1997","12:00:00","TDS.1","M1",1044,"CMC","NTWQM",1997-03-08 12:00:00,0.3,"ISM",1,"Water",NA,330,"MG/L",NA,NA,NA,2017-10-27 14:56:19,NA,2,NA,1,1,"S","PARTNTID",NA,NA,4,"sample does not have an associated bay program method code"
"724",999,"LRA","ALLARM.LT4","05/08/1997","12:00:00","NO3N.3","M1",1061,"CMC","NTWQM",1997-05-08 12:00:00,0.3,"ISM",2,"Water",NA,6.4,"MG/L",NA,NA,NA,2017-10-27 14:56:52,NA,2,NA,1,1,"S","PARTNTID",NA,NA,4,"sample does not have an associated bay program method code"
"725",999,"LRA","ALLARM.LT8","09/08/1997","12:00:00","NO3N.3","M1",1105,"CMC","NTWQM",1997-09-08 12:00:00,0.3,"ISM",2,"Water",NA,3.8,"MG/L",NA,NA,NA,2017-10-27 14:58:18,NA,2,NA,1,1,"S","PARTNTID",NA,NA,4,"sample does not have an associated bay program method code"
"726",999,"LRA","ALLARM.LT2","12/08/1997","12:00:00","NO3N.3","M1",1129,"CMC","NTWQM",1997-12-08 12:00:00,0.3,"ISM",2,"Water",NA,4.8,"MG/L",NA,NA,NA,2017-10-27 14:59:10,NA,2,NA,1,1,"S","PARTNTID",NA,NA,4,"sample does not have an associated bay program method code"
"727",999,"LRA","ALLARM.LT7","04/08/1997","12:00:00","NO3N.3","M1",1054,"CMC","NTWQM",1997-04-08 12:00:00,0.3,"ISM",2,"Water",NA,5.8,"MG/L",NA,NA,NA,2017-10-27 14:56:38,NA,2,NA,1,1,"S","PARTNTID",NA,NA,4,"sample does not have an associated bay program method code"
"728",999,"LRA","ALLARM.LT8","09/08/1997","12:00:00","TDS.1","M1",1105,"CMC","NTWQM",1997-09-08 12:00:00,0.3,"ISM",1,"Water",NA,340,"MG/L",NA,NA,NA,2017-10-27 14:58:18,NA,2,NA,1,1,"S","PARTNTID",NA,NA,4,"sample does not have an associated bay program method code"
"729",999,"LRA","ALLARM.LT5","11/08/1997","12:00:00","NO3N.3","M1",1122,"CMC","NTWQM",1997-11-08 12:00:00,0.3,"ISM",2,"Water",NA,5,"MG/L",NA,NA,NA,2017-10-27 14:58:54,NA,2,NA,1,1,"S","PARTNTID",NA,NA,4,"sample does not have an associated bay program method code"
"730",999,"LRA","ALLARM.LT7","04/08/1997","12:00:00","TDS.1","M1",1054,"CMC","NTWQM",1997-04-08 12:00:00,0.3,"ISM",1,"Water",NA,340,"MG/L",NA,NA,NA,2017-10-27 14:56:38,NA,2,NA,1,1,"S","PARTNTID",NA,NA,4,"sample does not have an associated bay program method code"
"731",999,"LRA","ALLARM.LT4","06/08/1997","12:00:00","NO3N.3","M1",1071,"CMC","NTWQM",1997-06-08 12:00:00,0.3,"ISM",2,"Water",NA,6,"MG/L",NA,NA,NA,2017-10-27 14:57:11,NA,2,NA,1,1,"S","PARTNTID",NA,NA,4,"sample does not have an associated bay program method code"
"732",999,"LRA","ALLARM.LT8","10/08/1997","12:00:00","NO3N.3","M1",1115,"CMC","NTWQM",1997-10-08 12:00:00,0.3,"ISM",2,"Water",NA,4.8,"MG/L",NA,NA,NA,2017-10-27 14:58:39,NA,2,NA,1,1,"S","PARTNTID",NA,NA,4,"sample does not have an associated bay program method code"
"733",999,"LRA","ALLARM.LT3","01/08/1997","12:00:00","NO3N.3","M1",1020,"CMC","NTWQM",1997-01-08 12:00:00,0.3,"ISM",2,"Water",NA,5.8,"MG/L",NA,NA,NA,2017-10-27 14:55:34,NA,2,NA,1,1,"S","PARTNTID",NA,NA,4,"sample does not have an associated bay program method code"
"734",999,"LRA","ALLARM.LT7","05/08/1997","12:00:00","NO3N.3","M1",1064,"CMC","NTWQM",1997-05-08 12:00:00,0.3,"ISM",2,"Water",NA,6.2,"MG/L",NA,NA,NA,2017-10-27 14:56:57,NA,2,NA,1,1,"S","PARTNTID",NA,NA,4,"sample does not have an associated bay program method code"
"735",999,"LRA","ALLARM.LT8","10/08/1997","12:00:00","TDS.1","M1",1115,"CMC","NTWQM",1997-10-08 12:00:00,0.3,"ISM",1,"Water",NA,420,"MG/L",NA,NA,NA,2017-10-27 14:58:39,NA,2,NA,1,1,"S","PARTNTID",NA,NA,4,"sample does not have an associated bay program method code"
"736",999,"LRA","ALLARM.LT5","12/08/1997","12:00:00","NO3N.3","M1",1132,"CMC","NTWQM",1997-12-08 12:00:00,0.3,"ISM",2,"Water",NA,4.5,"MG/L",NA,NA,NA,2017-10-27 14:59:16,NA,2,NA,1,1,"S","PARTNTID",NA,NA,4,"sample does not have an associated bay program method code"
"737",999,"LRA","ALLARM.LT7","05/08/1997","12:00:00","TDS.1","M1",1064,"CMC","NTWQM",1997-05-08 12:00:00,0.3,"ISM",1,"Water",NA,370,"MG/L",NA,NA,NA,2017-10-27 14:56:57,NA,2,NA,1,1,"S","PARTNTID",NA,NA,4,"sample does not have an associated bay program method code"
"738",999,"LRA","ALLARM.LT4","07/08/1997","12:00:00","NO3N.3","M1",1081,"CMC","NTWQM",1997-07-08 12:00:00,0.3,"ISM",2,"Water",NA,5.2,"MG/L",NA,NA,NA,2017-10-27 14:57:29,NA,2,NA,1,1,"S","PARTNTID",NA,NA,4,"sample does not have an associated bay program method code"
"739",999,"LRA","ALLARM.LT8","11/08/1997","12:00:00","NO3N.3","M1",1125,"CMC","NTWQM",1997-11-08 12:00:00,0.3,"ISM",2,"Water",NA,4.6,"MG/L",NA,NA,NA,2017-10-27 14:59:01,NA,2,NA,1,1,"S","PARTNTID",NA,NA,4,"sample does not have an associated bay program method code"
"740",999,"LRA","ALLARM.LT3","02/08/1997","12:00:00","NO3N.3","M1",1030,"CMC","NTWQM",1997-02-08 12:00:00,0.3,"ISM",2,"Water",NA,5.2,"MG/L",NA,NA,NA,2017-10-27 14:55:52,NA,2,NA,1,1,"S","PARTNTID",NA,NA,4,"sample does not have an associated bay program method code"
"741",999,"LRA","ALLARM.LT7","06/08/1997","12:00:00","NO3N.3","M1",1074,"CMC","NTWQM",1997-06-08 12:00:00,0.3,"ISM",2,"Water",NA,6,"MG/L",NA,NA,NA,2017-10-27 14:57:16,NA,2,NA,1,1,"S","PARTNTID",NA,NA,4,"sample does not have an associated bay program method code"
"742",999,"LRA","ALLARM.LT8","11/08/1997","12:00:00","TDS.1","M1",1125,"CMC","NTWQM",1997-11-08 12:00:00,0.3,"ISM",1,"Water",NA,360,"MG/L",NA,NA,NA,2017-10-27 14:59:01,NA,2,NA,1,1,"S","PARTNTID",NA,NA,4,"sample does not have an associated bay program method code"
"743",999,"LRA","ALLARM.LT6","01/08/1997","12:00:00","NO3N.3","M1",1023,"CMC","NTWQM",1997-01-08 12:00:00,0.3,"ISM",2,"Water",NA,5.2,"MG/L",NA,NA,NA,2017-10-27 14:55:39,NA,2,NA,1,1,"S","PARTNTID",NA,NA,4,"sample does not have an associated bay program method code"
"744",999,"LRA","ALLARM.LT7","06/08/1997","12:00:00","TDS.1","M1",1074,"CMC","NTWQM",1997-06-08 12:00:00,0.3,"ISM",1,"Water",NA,340,"MG/L",NA,NA,NA,2017-10-27 14:57:16,NA,2,NA,1,1,"S","PARTNTID",NA,NA,4,"sample does not have an associated bay program method code"
"745",999,"LRA","ALLARM.LT4","08/08/1997","12:00:00","NO3N.3","M1",1091,"CMC","NTWQM",1997-08-08 12:00:00,0.3,"ISM",2,"Water",NA,5.1,"MG/L",NA,NA,NA,2017-10-27 14:57:49,NA,2,NA,1,1,"S","PARTNTID",NA,NA,4,"sample does not have an associated bay program method code"
"746",999,"LRA","ALLARM.LT8","12/08/1997","12:00:00","NO3N.3","M1",1135,"CMC","NTWQM",1997-12-08 12:00:00,0.3,"ISM",2,"Water",NA,4.2,"MG/L",NA,NA,NA,2017-10-27 14:59:23,NA,2,NA,1,1,"S","PARTNTID",NA,NA,4,"sample does not have an associated bay program method code"
"747",999,"LRA","ALLARM.LT3","03/08/1997","12:00:00","NO3N.3","M1",1040,"CMC","NTWQM",1997-03-08 12:00:00,0.3,"ISM",2,"Water",NA,5.2,"MG/L",NA,NA,NA,2017-10-27 14:56:12,NA,2,NA,1,1,"S","PARTNTID",NA,NA,4,"sample does not have an associated bay program method code"
"748",999,"LRA","ALLARM.LT7","07/08/1997","12:00:00","NO3N.3","M1",1084,"CMC","NTWQM",1997-07-08 12:00:00,0.3,"ISM",2,"Water",NA,5,"MG/L",NA,NA,NA,2017-10-27 14:57:35,NA,2,NA,1,1,"S","PARTNTID",NA,NA,4,"sample does not have an associated bay program method code"
"749",999,"LRA","ALLARM.LT8","12/08/1997","12:00:00","TDS.1","M1",1135,"CMC","NTWQM",1997-12-08 12:00:00,0.3,"ISM",1,"Water",NA,370,"MG/L",NA,NA,NA,2017-10-27 14:59:23,NA,2,NA,1,1,"S","PARTNTID",NA,NA,4,"sample does not have an associated bay program method code"
"750",999,"LRA","ALLARM.LT6","02/08/1997","12:00:00","NO3N.3","M1",1033,"CMC","NTWQM",1997-02-08 12:00:00,0.3,"ISM",2,"Water",NA,5.4,"MG/L",NA,NA,NA,2017-10-27 14:55:59,NA,2,NA,1,1,"S","PARTNTID",NA,NA,4,"sample does not have an associated bay program method code"
"751",999,"LRA","ALLARM.LT7","07/08/1997","12:00:00","TDS.1","M1",1084,"CMC","NTWQM",1997-07-08 12:00:00,0.3,"ISM",1,"Water",NA,350,"MG/L",NA,NA,NA,2017-10-27 14:57:35,NA,2,NA,1,1,"S","PARTNTID",NA,NA,4,"sample does not have an associated bay program method code"
"752",999,"LRA","ALLARM.LT4","09/08/1997","12:00:00","NO3N.3","M1",1101,"CMC","NTWQM",1997-09-08 12:00:00,0.3,"ISM",2,"Water",NA,5.4,"MG/L",NA,NA,NA,2017-10-27 14:58:09,NA,2,NA,1,1,"S","PARTNTID",NA,NA,4,"sample does not have an associated bay program method code"
"753",999,"LRA","ALLARM.LT9","01/08/1997","12:00:00","NO3N.3","M1",1026,"CMC","NTWQM",1997-01-08 12:00:00,0.3,"ISM",2,"Water",NA,5.2,"MG/L",NA,NA,NA,2017-10-27 14:55:45,NA,2,NA,1,1,"S","PARTNTID",NA,NA,4,"sample does not have an associated bay program method code"
"754",999,"LRA","ALLARM.LT3","04/08/1997","12:00:00","NO3N.3","M1",1050,"CMC","NTWQM",1997-04-08 12:00:00,0.3,"ISM",2,"Water",NA,5.4,"MG/L",NA,NA,NA,2017-10-27 14:56:31,NA,2,NA,1,1,"S","PARTNTID",NA,NA,4,"sample does not have an associated bay program method code"
"755",999,"LRA","ALLARM.LT7","08/08/1997","12:00:00","NO3N.3","M1",1094,"CMC","NTWQM",1997-08-08 12:00:00,0.3,"ISM",2,"Water",NA,4.8,"MG/L",NA,NA,NA,2017-10-27 14:57:55,NA,2,NA,1,1,"S","PARTNTID",NA,NA,4,"sample does not have an associated bay program method code"
"756",999,"LRA","ALLARM.LT9","01/08/1997","12:00:00","TDS.1","M1",1026,"CMC","NTWQM",1997-01-08 12:00:00,0.3,"ISM",1,"Water",NA,390,"MG/L",NA,NA,NA,2017-10-27 14:55:45,NA,2,NA,1,1,"S","PARTNTID",NA,NA,4,"sample does not have an associated bay program method code"
"757",999,"LRA","ALLARM.LT6","03/08/1997","12:00:00","NO3N.3","M1",1043,"CMC","NTWQM",1997-03-08 12:00:00,0.3,"ISM",2,"Water",NA,6,"MG/L",NA,NA,NA,2017-10-27 14:56:17,NA,2,NA,1,1,"S","PARTNTID",NA,NA,4,"sample does not have an associated bay program method code"
"758",999,"LRA","ALLARM.LT7","08/08/1997","12:00:00","TDS.1","M1",1094,"CMC","NTWQM",1997-08-08 12:00:00,0.3,"ISM",1,"Water",NA,290,"MG/L",NA,NA,NA,2017-10-27 14:57:55,NA,2,NA,1,1,"S","PARTNTID",NA,NA,4,"sample does not have an associated bay program method code"
"759",999,"LRA","ALLARM.LT4","10/08/1997","12:00:00","NO3N.3","M1",1111,"CMC","NTWQM",1997-10-08 12:00:00,0.3,"ISM",2,"Water",NA,5,"MG/L",NA,NA,NA,2017-10-27 14:58:31,NA,2,NA,1,1,"S","PARTNTID",NA,NA,4,"sample does not have an associated bay program method code"
"760",999,"LRA","ALLARM.LT9","02/08/1997","12:00:00","NO3N.3","M1",1036,"CMC","NTWQM",1997-02-08 12:00:00,0.3,"ISM",2,"Water",NA,5.2,"MG/L",NA,NA,NA,2017-10-27 14:56:04,NA,2,NA,1,1,"S","PARTNTID",NA,NA,4,"sample does not have an associated bay program method code"
"761",999,"LRA","ALLARM.LT3","05/08/1997","12:00:00","NO3N.3","M1",1060,"CMC","NTWQM",1997-05-08 12:00:00,0.3,"ISM",2,"Water",NA,6.4,"MG/L",NA,NA,NA,2017-10-27 14:56:50,NA,2,NA,1,1,"S","PARTNTID",NA,NA,4,"sample does not have an associated bay program method code"
"762",999,"LRA","ALLARM.LT7","09/08/1997","12:00:00","NO3N.3","M1",1104,"CMC","NTWQM",1997-09-08 12:00:00,0.3,"ISM",2,"Water",NA,5,"MG/L",NA,NA,NA,2017-10-27 14:58:16,NA,2,NA,1,1,"S","PARTNTID",NA,NA,4,"sample does not have an associated bay program method code"
"763",999,"LRA","ALLARM.LT9","02/08/1997","12:00:00","TDS.1","M1",1036,"CMC","NTWQM",1997-02-08 12:00:00,0.3,"ISM",1,"Water",NA,350,"MG/L",NA,NA,NA,2017-10-27 14:56:04,NA,2,NA,1,1,"S","PARTNTID",NA,NA,4,"sample does not have an associated bay program method code"
"764",999,"LRA","ALLARM.LT6","04/08/1997","12:00:00","NO3N.3","M1",1053,"CMC","NTWQM",1997-04-08 12:00:00,0.3,"ISM",2,"Water",NA,5.8,"MG/L",NA,NA,NA,2017-10-27 14:56:37,NA,2,NA,1,1,"S","PARTNTID",NA,NA,4,"sample does not have an associated bay program method code"
"765",999,"LRA","ALLARM.LT7","09/08/1997","12:00:00","TDS.1","M1",1104,"CMC","NTWQM",1997-09-08 12:00:00,0.3,"ISM",1,"Water",NA,310,"MG/L",NA,NA,NA,2017-10-27 14:58:16,NA,2,NA,1,1,"S","PARTNTID",NA,NA,4,"sample does not have an associated bay program method code"
"766",999,"LRA","ALLARM.LT4","11/08/1997","12:00:00","NO3N.3","M1",1121,"CMC","NTWQM",1997-11-08 12:00:00,0.3,"ISM",2,"Water",NA,5,"MG/L",NA,NA,NA,2017-10-27 14:58:52,NA,2,NA,1,1,"S","PARTNTID",NA,NA,4,"sample does not have an associated bay program method code"
"767",999,"LRA","ALLARM.LT9","03/08/1997","12:00:00","NO3N.3","M1",1046,"CMC","NTWQM",1997-03-08 12:00:00,0.3,"ISM",2,"Water",NA,5.4,"MG/L",NA,NA,NA,2017-10-27 14:56:23,NA,2,NA,1,1,"S","PARTNTID",NA,NA,4,"sample does not have an associated bay program method code"
"768",999,"LRA","ALLARM.LT3","06/08/1997","12:00:00","NO3N.3","M1",1070,"CMC","NTWQM",1997-06-08 12:00:00,0.3,"ISM",2,"Water",NA,6,"MG/L",NA,NA,NA,2017-10-27 14:57:09,NA,2,NA,1,1,"S","PARTNTID",NA,NA,4,"sample does not have an associated bay program method code"
"769",999,"LRA","ALLARM.LT7","10/08/1997","12:00:00","NO3N.3","M1",1114,"CMC","NTWQM",1997-10-08 12:00:00,0.3,"ISM",2,"Water",NA,4,"MG/L",NA,NA,NA,2017-10-27 14:58:37,NA,2,NA,1,1,"S","PARTNTID",NA,NA,4,"sample does not have an associated bay program method code"
"770",999,"LRA","ALLARM.LT9","03/08/1997","12:00:00","TDS.1","M1",1046,"CMC","NTWQM",1997-03-08 12:00:00,0.3,"ISM",1,"Water",NA,330,"MG/L",NA,NA,NA,2017-10-27 14:56:23,NA,2,NA,1,1,"S","PARTNTID",NA,NA,4,"sample does not have an associated bay program method code"
"771",999,"LRA","ALLARM.LT6","05/08/1997","12:00:00","NO3N.3","M1",1063,"CMC","NTWQM",1997-05-08 12:00:00,0.3,"ISM",2,"Water",NA,6.2,"MG/L",NA,NA,NA,2017-10-27 14:56:56,NA,2,NA,1,1,"S","PARTNTID",NA,NA,4,"sample does not have an associated bay program method code"
"772",999,"LRA","ALLARM.LT7","10/08/1997","12:00:00","TDS.1","M1",1114,"CMC","NTWQM",1997-10-08 12:00:00,0.3,"ISM",1,"Water",NA,400,"MG/L",NA,NA,NA,2017-10-27 14:58:37,NA,2,NA,1,1,"S","PARTNTID",NA,NA,4,"sample does not have an associated bay program method code"
"773",999,"LRA","ALLARM.LT4","12/08/1997","12:00:00","NO3N.3","M1",1131,"CMC","NTWQM",1997-12-08 12:00:00,0.3,"ISM",2,"Water",NA,4.8,"MG/L",NA,NA,NA,2017-10-27 14:59:14,NA,2,NA,1,1,"S","PARTNTID",NA,NA,4,"sample does not have an associated bay program method code"
"774",999,"LRA","ALLARM.LT9","04/08/1997","12:00:00","NO3N.3","M1",1056,"CMC","NTWQM",1997-04-08 12:00:00,0.3,"ISM",2,"Water",NA,5.8,"MG/L",NA,NA,NA,2017-10-27 14:56:43,NA,2,NA,1,1,"S","PARTNTID",NA,NA,4,"sample does not have an associated bay program method code"
"775",999,"LRA","ALLARM.LT3","07/08/1997","12:00:00","NO3N.3","M1",1080,"CMC","NTWQM",1997-07-08 12:00:00,0.3,"ISM",2,"Water",NA,5.2,"MG/L",NA,NA,NA,2017-10-27 14:57:27,NA,2,NA,1,1,"S","PARTNTID",NA,NA,4,"sample does not have an associated bay program method code"
"776",999,"LRA","ALLARM.LT7","11/08/1997","12:00:00","NO3N.3","M1",1124,"CMC","NTWQM",1997-11-08 12:00:00,0.3,"ISM",2,"Water",NA,4.8,"MG/L",NA,NA,NA,2017-10-27 14:58:59,NA,2,NA,1,1,"S","PARTNTID",NA,NA,4,"sample does not have an associated bay program method code"
"777",999,"LRA","ALLARM.LT9","04/08/1997","12:00:00","TDS.1","M1",1056,"CMC","NTWQM",1997-04-08 12:00:00,0.3,"ISM",1,"Water",NA,350,"MG/L",NA,NA,NA,2017-10-27 14:56:43,NA,2,NA,1,1,"S","PARTNTID",NA,NA,4,"sample does not have an associated bay program method code"
"778",999,"LRA","ALLARM.LT6","06/08/1997","12:00:00","NO3N.3","M1",1073,"CMC","NTWQM",1997-06-08 12:00:00,0.3,"ISM",2,"Water",NA,6.2,"MG/L",NA,NA,NA,2017-10-27 14:57:14,NA,2,NA,1,1,"S","PARTNTID",NA,NA,4,"sample does not have an associated bay program method code"
"779",999,"LRA","ALLARM.LT7","11/08/1997","12:00:00","TDS.1","M1",1124,"CMC","NTWQM",1997-11-08 12:00:00,0.3,"ISM",1,"Water",NA,340,"MG/L",NA,NA,NA,2017-10-27 14:58:59,NA,2,NA,1,1,"S","PARTNTID",NA,NA,4,"sample does not have an associated bay program method code"
"780",999,"LRA","ALLARM.LT5","01/08/1997","12:00:00","NO3N.3","M1",1022,"CMC","NTWQM",1997-01-08 12:00:00,0.3,"ISM",2,"Water",NA,5.5,"MG/L",NA,NA,NA,2017-10-27 14:55:37,NA,2,NA,1,1,"S","PARTNTID",NA,NA,4,"sample does not have an associated bay program method code"
"781",999,"LRA","ALLARM.LT9","05/08/1997","12:00:00","NO3N.3","M1",1066,"CMC","NTWQM",1997-05-08 12:00:00,0.3,"ISM",2,"Water",NA,6.4,"MG/L",NA,NA,NA,2017-10-27 14:57:01,NA,2,NA,1,1,"S","PARTNTID",NA,NA,4,"sample does not have an associated bay program method code"
"782",999,"LRA","ALLARM.LT3","08/08/1997","12:00:00","NO3N.3","M1",1090,"CMC","NTWQM",1997-08-08 12:00:00,0.3,"ISM",2,"Water",NA,3.3,"MG/L",NA,NA,NA,2017-10-27 14:57:47,NA,2,NA,1,1,"S","PARTNTID",NA,NA,4,"sample does not have an associated bay program method code"
"783",999,"LRA","ALLARM.LT7","12/08/1997","12:00:00","NO3N.3","M1",1134,"CMC","NTWQM",1997-12-08 12:00:00,0.3,"ISM",2,"Water",NA,4.2,"MG/L",NA,NA,NA,2017-10-27 14:59:21,NA,2,NA,1,1,"S","PARTNTID",NA,NA,4,"sample does not have an associated bay program method code"
"784",999,"LRA","ALLARM.LT9","05/08/1997","12:00:00","TDS.1","M1",1066,"CMC","NTWQM",1997-05-08 12:00:00,0.3,"ISM",1,"Water",NA,360,"MG/L",NA,NA,NA,2017-10-27 14:57:01,NA,2,NA,1,1,"S","PARTNTID",NA,NA,4,"sample does not have an associated bay program method code"
"785",999,"LRA","ALLARM.LT6","07/08/1997","12:00:00","NO3N.3","M1",1083,"CMC","NTWQM",1997-07-08 12:00:00,0.3,"ISM",2,"Water",NA,5.2,"MG/L",NA,NA,NA,2017-10-27 14:57:33,NA,2,NA,1,1,"S","PARTNTID",NA,NA,4,"sample does not have an associated bay program method code"
"786",999,"LRA","ALLARM.LT7","12/08/1997","12:00:00","TDS.1","M1",1134,"CMC","NTWQM",1997-12-08 12:00:00,0.3,"ISM",1,"Water",NA,350,"MG/L",NA,NA,NA,2017-10-27 14:59:21,NA,2,NA,1,1,"S","PARTNTID",NA,NA,4,"sample does not have an associated bay program method code"
"787",999,"LRA","ALLARM.LT5","02/08/1997","12:00:00","NO3N.3","M1",1032,"CMC","NTWQM",1997-02-08 12:00:00,0.3,"ISM",2,"Water",NA,5.6,"MG/L",NA,NA,NA,2017-10-27 14:55:56,NA,2,NA,1,1,"S","PARTNTID",NA,NA,4,"sample does not have an associated bay program method code"
"788",999,"LRA","ALLARM.LT9","06/08/1997","12:00:00","NO3N.3","M1",1076,"CMC","NTWQM",1997-06-08 12:00:00,0.3,"ISM",2,"Water",NA,6.2,"MG/L",NA,NA,NA,2017-10-27 14:57:20,NA,2,NA,1,1,"S","PARTNTID",NA,NA,4,"sample does not have an associated bay program method code"
"789",999,"LRA","ALLARM.LT3","09/08/1997","12:00:00","NO3N.3","M1",1100,"CMC","NTWQM",1997-09-08 12:00:00,0.3,"ISM",2,"Water",NA,4.8,"MG/L",NA,NA,NA,2017-10-27 14:58:07,NA,2,NA,1,1,"S","PARTNTID",NA,NA,4,"sample does not have an associated bay program method code"
"790",999,"LRA","ALLARM.LT8","01/08/1997","12:00:00","NO3N.3","M1",1025,"CMC","NTWQM",1997-01-08 12:00:00,0.3,"ISM",2,"Water",NA,5,"MG/L",NA,NA,NA,2017-10-27 14:55:43,NA,2,NA,1,1,"S","PARTNTID",NA,NA,4,"sample does not have an associated bay program method code"
"791",999,"LRA","ALLARM.LT9","06/08/1997","12:00:00","TDS.1","M1",1076,"CMC","NTWQM",1997-06-08 12:00:00,0.3,"ISM",1,"Water",NA,350,"MG/L",NA,NA,NA,2017-10-27 14:57:20,NA,2,NA,1,1,"S","PARTNTID",NA,NA,4,"sample does not have an associated bay program method code"
"792",999,"LRA","ALLARM.LT6","08/08/1997","12:00:00","NO3N.3","M1",1093,"CMC","NTWQM",1997-08-08 12:00:00,0.3,"ISM",2,"Water",NA,4.8,"MG/L",NA,NA,NA,2017-10-27 14:57:53,NA,2,NA,1,1,"S","PARTNTID",NA,NA,4,"sample does not have an associated bay program method code"
"793",999,"LRA","ALLARM.LT8","01/08/1997","12:00:00","TDS.1","M1",1025,"CMC","NTWQM",1997-01-08 12:00:00,0.3,"ISM",1,"Water",NA,370,"MG/L",NA,NA,NA,2017-10-27 14:55:43,NA,2,NA,1,1,"S","PARTNTID",NA,NA,4,"sample does not have an associated bay program method code"
"794",999,"LRA","ALLARM.LT5","03/08/1997","12:00:00","NO3N.3","M1",1042,"CMC","NTWQM",1997-03-08 12:00:00,0.3,"ISM",2,"Water",NA,5.8,"MG/L",NA,NA,NA,2017-10-27 14:56:15,NA,2,NA,1,1,"S","PARTNTID",NA,NA,4,"sample does not have an associated bay program method code"
"795",999,"LRA","ALLARM.LT9","07/08/1997","12:00:00","NO3N.3","M1",1086,"CMC","NTWQM",1997-07-08 12:00:00,0.3,"ISM",2,"Water",NA,4.4,"MG/L",NA,NA,NA,2017-10-27 14:57:39,NA,2,NA,1,1,"S","PARTNTID",NA,NA,4,"sample does not have an associated bay program method code"
"796",999,"LRA","ALLARM.LT3","10/08/1997","12:00:00","NO3N.3","M1",1110,"CMC","NTWQM",1997-10-08 12:00:00,0.3,"ISM",2,"Water",NA,5,"MG/L",NA,NA,NA,2017-10-27 14:58:29,NA,2,NA,1,1,"S","PARTNTID",NA,NA,4,"sample does not have an associated bay program method code"
"797",999,"LRA","ALLARM.LT8","02/08/1997","12:00:00","NO3N.3","M1",1035,"CMC","NTWQM",1997-02-08 12:00:00,0.3,"ISM",2,"Water",NA,5.4,"MG/L",NA,NA,NA,2017-10-27 14:56:03,NA,2,NA,1,1,"S","PARTNTID",NA,NA,4,"sample does not have an associated bay program method code"
"798",999,"LRA","ALLARM.LT9","07/08/1997","12:00:00","TDS.1","M1",1086,"CMC","NTWQM",1997-07-08 12:00:00,0.3,"ISM",1,"Water",NA,370,"MG/L",NA,NA,NA,2017-10-27 14:57:39,NA,2,NA,1,1,"S","PARTNTID",NA,NA,4,"sample does not have an associated bay program method code"
"799",999,"LRA","ALLARM.LT6","09/08/1997","12:00:00","NO3N.3","M1",1103,"CMC","NTWQM",1997-09-08 12:00:00,0.3,"ISM",2,"Water",NA,5.8,"MG/L",NA,NA,NA,2017-10-27 14:58:14,NA,2,NA,1,1,"S","PARTNTID",NA,NA,4,"sample does not have an associated bay program method code"
"800",999,"LRA","ALLARM.LT8","02/08/1997","12:00:00","TDS.1","M1",1035,"CMC","NTWQM",1997-02-08 12:00:00,0.3,"ISM",1,"Water",NA,360,"MG/L",NA,NA,NA,2017-10-27 14:56:03,NA,2,NA,1,1,"S","PARTNTID",NA,NA,4,"sample does not have an associated bay program method code"
"801",999,"LRA","ALLARM.LT5","04/08/1997","12:00:00","NO3N.3","M1",1052,"CMC","NTWQM",1997-04-08 12:00:00,0.3,"ISM",2,"Water",NA,5.8,"MG/L",NA,NA,NA,2017-10-27 14:56:35,NA,2,NA,1,1,"S","PARTNTID",NA,NA,4,"sample does not have an associated bay program method code"
"802",999,"LRA","ALLARM.LT9","08/08/1997","12:00:00","NO3N.3","M1",1096,"CMC","NTWQM",1997-08-08 12:00:00,0.3,"ISM",2,"Water",NA,4.8,"MG/L",NA,NA,NA,2017-10-27 14:57:59,NA,2,NA,1,1,"S","PARTNTID",NA,NA,4,"sample does not have an associated bay program method code"
"803",999,"LRA","ALLARM.LT3","11/08/1997","12:00:00","NO3N.3","M1",1120,"CMC","NTWQM",1997-11-08 12:00:00,0.3,"ISM",2,"Water",NA,5,"MG/L",NA,NA,NA,2017-10-27 14:58:50,NA,2,NA,1,1,"S","PARTNTID",NA,NA,4,"sample does not have an associated bay program method code"
"804",999,"LRA","ALLARM.LT8","03/08/1997","12:00:00","NO3N.3","M1",1045,"CMC","NTWQM",1997-03-08 12:00:00,0.3,"ISM",2,"Water",NA,6,"MG/L",NA,NA,NA,2017-10-27 14:56:22,NA,2,NA,1,1,"S","PARTNTID",NA,NA,4,"sample does not have an associated bay program method code"
"805",999,"LRA","ALLARM.LT9","08/08/1997","12:00:00","TDS.1","M1",1096,"CMC","NTWQM",1997-08-08 12:00:00,0.3,"ISM",1,"Water",NA,300,"MG/L",NA,NA,NA,2017-10-27 14:57:59,NA,2,NA,1,1,"S","PARTNTID",NA,NA,4,"sample does not have an associated bay program method code"
"806",999,"LRA","ALLARM.LT6","10/08/1997","12:00:00","NO3N.3","M1",1113,"CMC","NTWQM",1997-10-08 12:00:00,0.3,"ISM",2,"Water",NA,4.2,"MG/L",NA,NA,NA,2017-10-27 14:58:35,NA,2,NA,1,1,"S","PARTNTID",NA,NA,4,"sample does not have an associated bay program method code"
"807",999,"LRA","ALLARM.LT8","03/08/1997","12:00:00","TDS.1","M1",1045,"CMC","NTWQM",1997-03-08 12:00:00,0.3,"ISM",1,"Water",NA,340,"MG/L",NA,NA,NA,2017-10-27 14:56:22,NA,2,NA,1,1,"S","PARTNTID",NA,NA,4,"sample does not have an associated bay program method code"
"808",999,"LRA","ALLARM.LT5","05/08/1997","12:00:00","NO3N.3","M1",1062,"CMC","NTWQM",1997-05-08 12:00:00,0.3,"ISM",2,"Water",NA,6.2,"MG/L",NA,NA,NA,2017-10-27 14:56:54,NA,2,NA,1,1,"S","PARTNTID",NA,NA,4,"sample does not have an associated bay program method code"
"809",999,"LRA","ALLARM.LT9","09/08/1997","12:00:00","NO3N.3","M1",1106,"CMC","NTWQM",1997-09-08 12:00:00,0.3,"ISM",2,"Water",NA,5.6,"MG/L",NA,NA,NA,2017-10-27 14:58:20,NA,2,NA,1,1,"S","PARTNTID",NA,NA,4,"sample does not have an associated bay program method code"
"810",999,"LRA","ALLARM.LT3","12/08/1997","12:00:00","NO3N.3","M1",1130,"CMC","NTWQM",1997-12-08 12:00:00,0.3,"ISM",2,"Water",NA,4.6,"MG/L",NA,NA,NA,2017-10-27 14:59:12,NA,2,NA,1,1,"S","PARTNTID",NA,NA,4,"sample does not have an associated bay program method code"
"811",999,"LRA","ALLARM.LT8","04/08/1997","12:00:00","NO3N.3","M1",1055,"CMC","NTWQM",1997-04-08 12:00:00,0.3,"ISM",2,"Water",NA,5.8,"MG/L",NA,NA,NA,2017-10-27 14:56:41,NA,2,NA,1,1,"S","PARTNTID",NA,NA,4,"sample does not have an associated bay program method code"
"812",999,"LRA","ALLARM.LT9","09/08/1997","12:00:00","TDS.1","M1",1106,"CMC","NTWQM",1997-09-08 12:00:00,0.3,"ISM",1,"Water",NA,310,"MG/L",NA,NA,NA,2017-10-27 14:58:20,NA,2,NA,1,1,"S","PARTNTID",NA,NA,4,"sample does not have an associated bay program method code"
"813",999,"LRA","ALLARM.LT6","11/08/1997","12:00:00","NO3N.3","M1",1123,"CMC","NTWQM",1997-11-08 12:00:00,0.3,"ISM",2,"Water",NA,5,"MG/L",NA,NA,NA,2017-10-27 14:58:56,NA,2,NA,1,1,"S","PARTNTID",NA,NA,4,"sample does not have an associated bay program method code"
"814",999,"LRA","ALLARM.LT8","04/08/1997","12:00:00","TDS.1","M1",1055,"CMC","NTWQM",1997-04-08 12:00:00,0.3,"ISM",1,"Water",NA,350,"MG/L",NA,NA,NA,2017-10-27 14:56:41,NA,2,NA,1,1,"S","PARTNTID",NA,NA,4,"sample does not have an associated bay program method code"
"815",999,"LRA","ALLARM.LT5","06/08/1997","12:00:00","NO3N.3","M1",1072,"CMC","NTWQM",1997-06-08 12:00:00,0.3,"ISM",2,"Water",NA,5.8,"MG/L",NA,NA,NA,2017-10-27 14:57:12,NA,2,NA,1,1,"S","PARTNTID",NA,NA,4,"sample does not have an associated bay program method code"
"816",999,"LRA","ALLARM.LT9","10/08/1997","12:00:00","NO3N.3","M1",1116,"CMC","NTWQM",1997-10-08 12:00:00,0.3,"ISM",2,"Water",NA,4,"MG/L",NA,NA,NA,2017-10-27 14:58:41,NA,2,NA,1,1,"S","PARTNTID",NA,NA,4,"sample does not have an associated bay program method code"
"817",999,"LRA","ALLARM.LT4","01/08/1997","12:00:00","NO3N.3","M1",1021,"CMC","NTWQM",1997-01-08 12:00:00,0.3,"ISM",2,"Water",NA,5.2,"MG/L",NA,NA,NA,2017-10-27 14:55:36,NA,2,NA,1,1,"S","PARTNTID",NA,NA,4,"sample does not have an associated bay program method code"
"818",999,"LRA","ALLARM.LT8","05/08/1997","12:00:00","NO3N.3","M1",1065,"CMC","NTWQM",1997-05-08 12:00:00,0.3,"ISM",2,"Water",NA,6.4,"MG/L",NA,NA,NA,2017-10-27 14:56:59,NA,2,NA,1,1,"S","PARTNTID",NA,NA,4,"sample does not have an associated bay program method code"
"819",999,"LRA","ALLARM.LT9","10/08/1997","12:00:00","TDS.1","M1",1116,"CMC","NTWQM",1997-10-08 12:00:00,0.3,"ISM",1,"Water",NA,410,"MG/L",NA,NA,NA,2017-10-27 14:58:41,NA,2,NA,1,1,"S","PARTNTID",NA,NA,4,"sample does not have an associated bay program method code"
"820",999,"LRA","ALLARM.LT6","12/08/1997","12:00:00","NO3N.3","M1",1133,"CMC","NTWQM",1997-12-08 12:00:00,0.3,"ISM",2,"Water",NA,4.6,"MG/L",NA,NA,NA,2017-10-27 14:59:19,NA,2,NA,1,1,"S","PARTNTID",NA,NA,4,"sample does not have an associated bay program method code"
"821",999,"LRA","ALLARM.LT8","05/08/1997","12:00:00","TDS.1","M1",1065,"CMC","NTWQM",1997-05-08 12:00:00,0.3,"ISM",1,"Water",NA,380,"MG/L",NA,NA,NA,2017-10-27 14:56:59,NA,2,NA,1,1,"S","PARTNTID",NA,NA,4,"sample does not have an associated bay program method code"
"822",999,"LRA","ALLARM.LT5","07/08/1997","12:00:00","NO3N.3","M1",1082,"CMC","NTWQM",1997-07-08 12:00:00,0.3,"ISM",2,"Water",NA,5,"MG/L",NA,NA,NA,2017-10-27 14:57:31,NA,2,NA,1,1,"S","PARTNTID",NA,NA,4,"sample does not have an associated bay program method code"
"823",999,"LRA","ALLARM.LT9","11/08/1997","12:00:00","NO3N.3","M1",1126,"CMC","NTWQM",1997-11-08 12:00:00,0.3,"ISM",2,"Water",NA,4.8,"MG/L",NA,NA,NA,2017-10-27 14:59:03,NA,2,NA,1,1,"S","PARTNTID",NA,NA,4,"sample does not have an associated bay program method code"
"824",999,"LRA","ALLARM.LT4","02/08/1997","12:00:00","NO3N.3","M1",1031,"CMC","NTWQM",1997-02-08 12:00:00,0.3,"ISM",2,"Water",NA,5.2,"MG/L",NA,NA,NA,2017-10-27 14:55:54,NA,2,NA,1,1,"S","PARTNTID",NA,NA,4,"sample does not have an associated bay program method code"
"825",999,"LRA","ALLARM.LT8","06/08/1997","12:00:00","NO3N.3","M1",1075,"CMC","NTWQM",1997-06-08 12:00:00,0.3,"ISM",2,"Water",NA,6.2,"MG/L",NA,NA,NA,2017-10-27 14:57:18,NA,2,NA,1,1,"S","PARTNTID",NA,NA,4,"sample does not have an associated bay program method code"
"826",999,"LRA","ALLARM.LT9","11/08/1997","12:00:00","TDS.1","M1",1126,"CMC","NTWQM",1997-11-08 12:00:00,0.3,"ISM",1,"Water",NA,360,"MG/L",NA,NA,NA,2017-10-27 14:59:03,NA,2,NA,1,1,"S","PARTNTID",NA,NA,4,"sample does not have an associated bay program method code"
"827",999,"LRA","ALLARM.LT7","01/08/1997","12:00:00","NO3N.3","M1",1024,"CMC","NTWQM",1997-01-08 12:00:00,0.3,"ISM",2,"Water",NA,5.2,"MG/L",NA,NA,NA,2017-10-27 14:55:41,NA,2,NA,1,1,"S","PARTNTID",NA,NA,4,"sample does not have an associated bay program method code"
"828",999,"LRA","ALLARM.LT8","06/08/1997","12:00:00","TDS.1","M1",1075,"CMC","NTWQM",1997-06-08 12:00:00,0.3,"ISM",1,"Water",NA,350,"MG/L",NA,NA,NA,2017-10-27 14:57:18,NA,2,NA,1,1,"S","PARTNTID",NA,NA,4,"sample does not have an associated bay program method code"
"829",999,"LRA","ALLARM.LT5","08/08/1997","12:00:00","NO3N.3","M1",1092,"CMC","NTWQM",1997-08-08 12:00:00,0.3,"ISM",2,"Water",NA,3.9,"MG/L",NA,NA,NA,2017-10-27 14:57:51,NA,2,NA,1,1,"S","PARTNTID",NA,NA,4,"sample does not have an associated bay program method code"
"830",999,"LRA","ALLARM.LT9","12/08/1997","12:00:00","NO3N.3","M1",1136,"CMC","NTWQM",1997-12-08 12:00:00,0.3,"ISM",2,"Water",NA,4,"MG/L",NA,NA,NA,2017-10-27 14:59:25,NA,2,NA,1,1,"S","PARTNTID",NA,NA,4,"sample does not have an associated bay program method code"
"831",999,"LRA","ALLARM.LT4","03/08/1997","12:00:00","NO3N.3","M1",1041,"CMC","NTWQM",1997-03-08 12:00:00,0.3,"ISM",2,"Water",NA,5.4,"MG/L",NA,NA,NA,2017-10-27 14:56:14,NA,2,NA,1,1,"S","PARTNTID",NA,NA,4,"sample does not have an associated bay program method code"
"832",999,"LRA","ALLARM.LT8","07/08/1997","12:00:00","NO3N.3","M1",1085,"CMC","NTWQM",1997-07-08 12:00:00,0.3,"ISM",2,"Water",NA,5.8,"MG/L",NA,NA,NA,2017-10-27 14:57:37,NA,2,NA,1,1,"S","PARTNTID",NA,NA,4,"sample does not have an associated bay program method code"
"833",999,"LRA","ALLARM.LT9","12/08/1997","12:00:00","TDS.1","M1",1136,"CMC","NTWQM",1997-12-08 12:00:00,0.3,"ISM",1,"Water",NA,400,"MG/L",NA,NA,NA,2017-10-27 14:59:25,NA,2,NA,1,1,"S","PARTNTID",NA,NA,4,"sample does not have an associated bay program method code"
"834",999,"LRA","ALLARM.LT7","02/08/1997","12:00:00","NO3N.3","M1",1034,"CMC","NTWQM",1997-02-08 12:00:00,0.3,"ISM",2,"Water",NA,5.6,"MG/L",NA,NA,NA,2017-10-27 14:56:01,NA,2,NA,1,1,"S","PARTNTID",NA,NA,4,"sample does not have an associated bay program method code"
"835",999,"LRA","ALLARM.LT8","07/08/1997","12:00:00","TDS.1","M1",1085,"CMC","NTWQM",1997-07-08 12:00:00,0.3,"ISM",1,"Water",NA,340,"MG/L",NA,NA,NA,2017-10-27 14:57:37,NA,2,NA,1,1,"S","PARTNTID",NA,NA,4,"sample does not have an associated bay program method code"
"836",999,"LRA","ALLARM.LT5","09/08/1997","12:00:00","NO3N.3","M1",1102,"CMC","NTWQM",1997-09-08 12:00:00,0.3,"ISM",2,"Water",NA,5.6,"MG/L",NA,NA,NA,2017-10-27 14:58:12,NA,2,NA,1,1,"S","PARTNTID",NA,NA,4,"sample does not have an associated bay program method code"
"837",999,"LRA","ALLARM.LT7","03/08/1997","12:00:00","NO3N.3","M1",1044,"CMC","NTWQM",1997-03-08 12:00:00,0.3,"ISM",2,"Water",NA,6,"MG/L",NA,NA,NA,2017-10-27 14:56:19,NA,2,NA,1,1,"S","PARTNTID",NA,NA,4,"sample does not have an associated bay program method code"
"838",999,"LRA","ALLARM.LT4","04/08/1997","12:00:00","NO3N.3","M1",1051,"CMC","NTWQM",1997-04-08 12:00:00,0.3,"ISM",2,"Water",NA,5.8,"MG/L",NA,NA,NA,2017-10-27 14:56:33,NA,2,NA,1,1,"S","PARTNTID",NA,NA,4,"sample does not have an associated bay program method code"
"839",999,"LRA","ALLARM.LT8","08/08/1997","12:00:00","NO3N.3","M1",1095,"CMC","NTWQM",1997-08-08 12:00:00,0.3,"ISM",2,"Water",NA,3.9,"MG/L",NA,NA,NA,2017-10-27 14:57:57,NA,2,NA,1,1,"S","PARTNTID",NA,NA,4,"sample does not have an associated bay program method code"
"840",999,"LRA","ALLARM.LT8","08/08/1997","12:00:00","TDS.1","M1",1095,"CMC","NTWQM",1997-08-08 12:00:00,0.3,"ISM",1,"Water",NA,300,"MG/L",NA,NA,NA,2017-10-27 14:57:57,NA,2,NA,1,1,"S","PARTNTID",NA,NA,4,"sample does not have an associated bay program method code"
