"","paramMethod","SOURCE","STATION","SAMPLE_DATE","SAMPLE_TIME","paramCode","SAMPLE_ID","EventId","AGENCY","PROGRAM","DateTime","DEPTH","SAMPLE_TYPE","TIER","Matrix","QUALIFIER","VALUE","UNITS","PROBLEM","LAB","labName","modifiedDate","detLimit","qaFlag","COMMENTS","count.x","count.y","LAYER","PROJECT","SampleAnalyticalMethodIdentifier","SubstanceIdentificationName","errorCode","errorName"
"714",999,"LRA","ALLARM.LT2","11/19/2003","12:00:00","TDS.1","M1",1892,"CMC","NTWQM",2003-11-19 12:00:00,0.3,"ISM",1,"Water",NA,270,"MG/L",NA,NA,NA,2017-10-27 16:35:10,NA,2,NA,1,1,"S","PARTNTID",NA,NA,4,"sample does not have an associated bay program method code"
"715",999,"LRA","ALLARM.LT1","01/03/2003","12:00:00","NO3N.3","M1",1771,"CMC","NTWQM",2003-01-03 12:00:00,0.3,"ISM",2,"Water",NA,3.4,"MG/L",NA,NA,NA,2017-10-27 16:34:12,NA,2,NA,1,1,"S","PARTNTID",NA,NA,4,"sample does not have an associated bay program method code"
"716",999,"LRA","ALLARM.LT10","06/26/2003","12:00:00","TDS.1","M1",1840,"CMC","NTWQM",2003-06-26 12:00:00,0.3,"ISM",1,"Water",NA,280,"MG/L",NA,NA,NA,2017-10-27 16:34:39,NA,2,NA,1,1,"S","PARTNTID",NA,NA,4,"sample does not have an associated bay program method code"
"717",999,"LRA","ALLARM.LT1","07/28/2003","12:00:00","NO3N.3","M1",1843,"CMC","NTWQM",2003-07-28 12:00:00,0.3,"ISM",2,"Water",NA,4.15,"MG/L",NA,NA,NA,2017-10-27 16:34:40,NA,2,NA,1,1,"S","PARTNTID",NA,NA,4,"sample does not have an associated bay program method code"
"718",999,"LRA","ALLARM.LT1","01/03/2003","12:00:00","TDS.1","M1",1771,"CMC","NTWQM",2003-01-03 12:00:00,0.3,"ISM",1,"Water",NA,260,"MG/L",NA,NA,NA,2017-10-27 16:34:12,NA,2,NA,1,1,"S","PARTNTID",NA,NA,4,"sample does not have an associated bay program method code"
"719",999,"LRA","ALLARM.LT7","04/29/2003","12:00:00","TDS.1","M1",1813,"CMC","NTWQM",2003-04-29 12:00:00,0.3,"ISM",1,"Water",NA,280,"MG/L",NA,NA,NA,2017-10-27 16:34:27,NA,2,NA,1,1,"S","PARTNTID",NA,NA,4,"sample does not have an associated bay program method code"
"720",999,"LRA","ALLARM.LT10","07/28/2003","12:00:00","NO3N.3","M1",1852,"CMC","NTWQM",2003-07-28 12:00:00,0.3,"ISM",2,"Water",NA,3.9,"MG/L",NA,NA,NA,2017-10-27 16:34:45,NA,2,NA,1,1,"S","PARTNTID",NA,NA,4,"sample does not have an associated bay program method code"
"721",999,"LRA","ALLARM.LT2","12/11/2003","12:00:00","TDS.1","M1",1904,"CMC","NTWQM",2003-12-11 12:00:00,0.3,"ISM",1,"Water",NA,250,"MG/L",NA,NA,NA,2017-10-27 16:35:18,NA,2,NA,1,1,"S","PARTNTID",NA,NA,4,"sample does not have an associated bay program method code"
"722",999,"LRA","ALLARM.LT1","02/25/2003","12:00:00","NO3N.3","M1",1783,"CMC","NTWQM",2003-02-25 12:00:00,0.3,"ISM",2,"Water",NA,3.6,"MG/L",NA,NA,NA,2017-10-27 16:34:14,NA,2,NA,1,1,"S","PARTNTID",NA,NA,4,"sample does not have an associated bay program method code"
"723",999,"LRA","ALLARM.LT10","07/28/2003","12:00:00","TDS.1","M1",1852,"CMC","NTWQM",2003-07-28 12:00:00,0.3,"ISM",1,"Water",NA,340,"MG/L",NA,NA,NA,2017-10-27 16:34:45,NA,2,NA,1,1,"S","PARTNTID",NA,NA,4,"sample does not have an associated bay program method code"
"724",999,"LRA","ALLARM.LT1","08/27/2003","12:00:00","NO3N.3","M1",1855,"CMC","NTWQM",2003-08-27 12:00:00,0.3,"ISM",2,"Water",NA,4.15,"MG/L",NA,NA,NA,2017-10-27 16:34:47,NA,2,NA,1,1,"S","PARTNTID",NA,NA,4,"sample does not have an associated bay program method code"
"725",999,"LRA","ALLARM.LT1","02/25/2003","12:00:00","TDS.1","M1",1783,"CMC","NTWQM",2003-02-25 12:00:00,0.3,"ISM",1,"Water",NA,280,"MG/L",NA,NA,NA,2017-10-27 16:34:14,NA,2,NA,1,1,"S","PARTNTID",NA,NA,4,"sample does not have an associated bay program method code"
"726",999,"LRA","ALLARM.LT5","12/11/2003","12:00:00","NO3N.3","M1",1907,"CMC","NTWQM",2003-12-11 12:00:00,0.3,"ISM",2,"Water",NA,3.2,"MG/L",NA,NA,NA,2017-10-27 16:35:21,NA,2,NA,1,1,"S","PARTNTID",NA,NA,4,"sample does not have an associated bay program method code"
"727",999,"LRA","ALLARM.LT10","08/27/2003","12:00:00","NO3N.3","M1",1864,"CMC","NTWQM",2003-08-27 12:00:00,0.3,"ISM",2,"Water",NA,3.45,"MG/L",NA,NA,NA,2017-10-27 16:34:53,NA,2,NA,1,1,"S","PARTNTID",NA,NA,4,"sample does not have an associated bay program method code"
"728",999,"LRA","ALLARM.LT3","01/03/2003","12:00:00","TDS.1","M1",1773,"CMC","NTWQM",2003-01-03 12:00:00,0.3,"ISM",1,"Water",NA,300,"MG/L",NA,NA,NA,2017-10-27 16:34:12,NA,2,NA,1,1,"S","PARTNTID",NA,NA,4,"sample does not have an associated bay program method code"
"729",999,"LRA","ALLARM.LT1","03/25/2003","12:00:00","NO3N.3","M1",1795,"CMC","NTWQM",2003-03-25 12:00:00,0.3,"ISM",2,"Water",NA,5.1,"MG/L",NA,NA,NA,2017-10-27 16:34:19,NA,2,NA,1,1,"S","PARTNTID",NA,NA,4,"sample does not have an associated bay program method code"
"730",999,"LRA","ALLARM.LT10","08/27/2003","12:00:00","TDS.1","M1",1864,"CMC","NTWQM",2003-08-27 12:00:00,0.3,"ISM",1,"Water",NA,290,"MG/L",NA,NA,NA,2017-10-27 16:34:53,NA,2,NA,1,1,"S","PARTNTID",NA,NA,4,"sample does not have an associated bay program method code"
"731",999,"LRA","ALLARM.LT1","09/03/2003","12:00:00","NO3N.3","M1",1867,"CMC","NTWQM",2003-09-03 12:00:00,0.3,"ISM",2,"Water",NA,4.2,"MG/L",NA,NA,NA,2017-10-27 16:34:55,NA,2,NA,1,1,"S","PARTNTID",NA,NA,4,"sample does not have an associated bay program method code"
"732",999,"LRA","ALLARM.LT1","03/25/2003","12:00:00","TDS.1","M1",1795,"CMC","NTWQM",2003-03-25 12:00:00,0.3,"ISM",1,"Water",NA,240,"MG/L",NA,NA,NA,2017-10-27 16:34:19,NA,2,NA,1,1,"S","PARTNTID",NA,NA,4,"sample does not have an associated bay program method code"
"733",999,"LRA","ALLARM.LT6","01/03/2003","12:00:00","NO3N.3","M1",1776,"CMC","NTWQM",2003-01-03 12:00:00,0.3,"ISM",2,"Water",NA,3.95,"MG/L",NA,NA,NA,2017-10-27 16:34:13,NA,2,NA,1,1,"S","PARTNTID",NA,NA,4,"sample does not have an associated bay program method code"
"734",999,"LRA","ALLARM.LT10","09/03/2003","12:00:00","NO3N.3","M1",1876,"CMC","NTWQM",2003-09-03 12:00:00,0.3,"ISM",2,"Water",NA,1.5,"MG/L",NA,NA,NA,2017-10-27 16:35:01,NA,2,NA,1,1,"S","PARTNTID",NA,NA,4,"sample does not have an associated bay program method code"
"735",999,"LRA","ALLARM.LT3","02/25/2003","12:00:00","TDS.1","M1",1785,"CMC","NTWQM",2003-02-25 12:00:00,0.3,"ISM",1,"Water",NA,270,"MG/L",NA,NA,NA,2017-10-27 16:34:15,NA,2,NA,1,1,"S","PARTNTID",NA,NA,4,"sample does not have an associated bay program method code"
"736",999,"LRA","ALLARM.LT1","04/29/2003","12:00:00","NO3N.3","M1",1807,"CMC","NTWQM",2003-04-29 12:00:00,0.3,"ISM",2,"Water",NA,5.2,"MG/L",NA,NA,NA,2017-10-27 16:34:24,NA,2,NA,1,1,"S","PARTNTID",NA,NA,4,"sample does not have an associated bay program method code"
"737",999,"LRA","ALLARM.LT10","09/03/2003","12:00:00","TDS.1","M1",1876,"CMC","NTWQM",2003-09-03 12:00:00,0.3,"ISM",1,"Water",NA,320,"MG/L",NA,NA,NA,2017-10-27 16:35:01,NA,2,NA,1,1,"S","PARTNTID",NA,NA,4,"sample does not have an associated bay program method code"
"738",999,"LRA","ALLARM.LT1","10/22/2003","12:00:00","NO3N.3","M1",1879,"CMC","NTWQM",2003-10-22 12:00:00,0.3,"ISM",2,"Water",NA,4.8,"MG/L",NA,NA,NA,2017-10-27 16:35:03,NA,2,NA,1,1,"S","PARTNTID",NA,NA,4,"sample does not have an associated bay program method code"
"739",999,"LRA","ALLARM.LT1","04/29/2003","12:00:00","TDS.1","M1",1807,"CMC","NTWQM",2003-04-29 12:00:00,0.3,"ISM",1,"Water",NA,240,"MG/L",NA,NA,NA,2017-10-27 16:34:24,NA,2,NA,1,1,"S","PARTNTID",NA,NA,4,"sample does not have an associated bay program method code"
"740",999,"LRA","ALLARM.LT6","02/25/2003","12:00:00","NO3N.3","M1",1788,"CMC","NTWQM",2003-02-25 12:00:00,0.3,"ISM",2,"Water",NA,5.2,"MG/L",NA,NA,NA,2017-10-27 16:34:16,NA,2,NA,1,1,"S","PARTNTID",NA,NA,4,"sample does not have an associated bay program method code"
"741",999,"LRA","ALLARM.LT10","10/22/2003","12:00:00","NO3N.3","M1",1888,"CMC","NTWQM",2003-10-22 12:00:00,0.3,"ISM",2,"Water",NA,3.5,"MG/L",NA,NA,NA,2017-10-27 16:35:08,NA,2,NA,1,1,"S","PARTNTID",NA,NA,4,"sample does not have an associated bay program method code"
"742",999,"LRA","ALLARM.LT3","03/25/2003","12:00:00","TDS.1","M1",1797,"CMC","NTWQM",2003-03-25 12:00:00,0.3,"ISM",1,"Water",NA,230,"MG/L",NA,NA,NA,2017-10-27 16:34:19,NA,2,NA,1,1,"S","PARTNTID",NA,NA,4,"sample does not have an associated bay program method code"
"743",999,"LRA","ALLARM.LT1","05/03/2003","12:00:00","NO3N.3","M1",1819,"CMC","NTWQM",2003-05-03 12:00:00,0.3,"ISM",2,"Water",NA,4.2,"MG/L",NA,NA,NA,2017-10-27 16:34:30,NA,2,NA,1,1,"S","PARTNTID",NA,NA,4,"sample does not have an associated bay program method code"
"744",999,"LRA","ALLARM.LT10","10/22/2003","12:00:00","TDS.1","M1",1888,"CMC","NTWQM",2003-10-22 12:00:00,0.3,"ISM",1,"Water",NA,320,"MG/L",NA,NA,NA,2017-10-27 16:35:08,NA,2,NA,1,1,"S","PARTNTID",NA,NA,4,"sample does not have an associated bay program method code"
"745",999,"LRA","ALLARM.LT1","11/19/2003","12:00:00","NO3N.3","M1",1891,"CMC","NTWQM",2003-11-19 12:00:00,0.3,"ISM",2,"Water",NA,3.5,"MG/L",NA,NA,NA,2017-10-27 16:35:10,NA,2,NA,1,1,"S","PARTNTID",NA,NA,4,"sample does not have an associated bay program method code"
"746",999,"LRA","ALLARM.LT1","05/03/2003","12:00:00","TDS.1","M1",1819,"CMC","NTWQM",2003-05-03 12:00:00,0.3,"ISM",1,"Water",NA,240,"MG/L",NA,NA,NA,2017-10-27 16:34:30,NA,2,NA,1,1,"S","PARTNTID",NA,NA,4,"sample does not have an associated bay program method code"
"747",999,"LRA","ALLARM.LT6","03/25/2003","12:00:00","NO3N.3","M1",1800,"CMC","NTWQM",2003-03-25 12:00:00,0.3,"ISM",2,"Water",NA,4.9,"MG/L",NA,NA,NA,2017-10-27 16:34:21,NA,2,NA,1,1,"S","PARTNTID",NA,NA,4,"sample does not have an associated bay program method code"
"748",999,"LRA","ALLARM.LT10","11/19/2003","12:00:00","NO3N.3","M1",1900,"CMC","NTWQM",2003-11-19 12:00:00,0.3,"ISM",2,"Water",NA,2.5,"MG/L",NA,NA,NA,2017-10-27 16:35:16,NA,2,NA,1,1,"S","PARTNTID",NA,NA,4,"sample does not have an associated bay program method code"
"749",999,"LRA","ALLARM.LT3","04/29/2003","12:00:00","TDS.1","M1",1809,"CMC","NTWQM",2003-04-29 12:00:00,0.3,"ISM",1,"Water",NA,240,"MG/L",NA,NA,NA,2017-10-27 16:34:25,NA,2,NA,1,1,"S","PARTNTID",NA,NA,4,"sample does not have an associated bay program method code"
"750",999,"LRA","ALLARM.LT1","06/26/2003","12:00:00","NO3N.3","M1",1831,"CMC","NTWQM",2003-06-26 12:00:00,0.3,"ISM",2,"Water",NA,3.7,"MG/L",NA,NA,NA,2017-10-27 16:34:35,NA,2,NA,1,1,"S","PARTNTID",NA,NA,4,"sample does not have an associated bay program method code"
"751",999,"LRA","ALLARM.LT10","11/19/2003","12:00:00","TDS.1","M1",1900,"CMC","NTWQM",2003-11-19 12:00:00,0.3,"ISM",1,"Water",NA,330,"MG/L",NA,NA,NA,2017-10-27 16:35:16,NA,2,NA,1,1,"S","PARTNTID",NA,NA,4,"sample does not have an associated bay program method code"
"752",999,"LRA","ALLARM.LT1","12/11/2003","12:00:00","NO3N.3","M1",1903,"CMC","NTWQM",2003-12-11 12:00:00,0.3,"ISM",2,"Water",NA,3.3,"MG/L",NA,NA,NA,2017-10-27 16:35:18,NA,2,NA,1,1,"S","PARTNTID",NA,NA,4,"sample does not have an associated bay program method code"
"753",999,"LRA","ALLARM.LT1","06/26/2003","12:00:00","TDS.1","M1",1831,"CMC","NTWQM",2003-06-26 12:00:00,0.3,"ISM",1,"Water",NA,220,"MG/L",NA,NA,NA,2017-10-27 16:34:35,NA,2,NA,1,1,"S","PARTNTID",NA,NA,4,"sample does not have an associated bay program method code"
"754",999,"LRA","ALLARM.LT6","04/29/2003","12:00:00","NO3N.3","M1",1812,"CMC","NTWQM",2003-04-29 12:00:00,0.3,"ISM",2,"Water",NA,4.1,"MG/L",NA,NA,NA,2017-10-27 16:34:27,NA,2,NA,1,1,"S","PARTNTID",NA,NA,4,"sample does not have an associated bay program method code"
"755",999,"LRA","ALLARM.LT10","12/11/2003","12:00:00","NO3N.3","M1",1912,"CMC","NTWQM",2003-12-11 12:00:00,0.3,"ISM",2,"Water",NA,2.6,"MG/L",NA,NA,NA,2017-10-27 16:35:25,NA,2,NA,1,1,"S","PARTNTID",NA,NA,4,"sample does not have an associated bay program method code"
"756",999,"LRA","ALLARM.LT3","05/03/2003","12:00:00","TDS.1","M1",1821,"CMC","NTWQM",2003-05-03 12:00:00,0.3,"ISM",1,"Water",NA,230,"MG/L",NA,NA,NA,2017-10-27 16:34:31,NA,2,NA,1,1,"S","PARTNTID",NA,NA,4,"sample does not have an associated bay program method code"
"757",999,"LRA","ALLARM.LT2","06/26/2003","12:00:00","NO3N.3","M1",1832,"CMC","NTWQM",2003-06-26 12:00:00,0.3,"ISM",2,"Water",NA,4.9,"MG/L",NA,NA,NA,2017-10-27 16:34:35,NA,2,NA,1,1,"S","PARTNTID",NA,NA,4,"sample does not have an associated bay program method code"
"758",999,"LRA","ALLARM.LT10","12/11/2003","12:00:00","TDS.1","M1",1912,"CMC","NTWQM",2003-12-11 12:00:00,0.3,"ISM",1,"Water",NA,280,"MG/L",NA,NA,NA,2017-10-27 16:35:25,NA,2,NA,1,1,"S","PARTNTID",NA,NA,4,"sample does not have an associated bay program method code"
"759",999,"LRA","ALLARM.LT10","01/03/2003","12:00:00","NO3N.3","M1",1780,"CMC","NTWQM",2003-01-03 12:00:00,0.3,"ISM",2,"Water",NA,3.55,"MG/L",NA,NA,NA,2017-10-27 16:34:13,NA,2,NA,1,1,"S","PARTNTID",NA,NA,4,"sample does not have an associated bay program method code"
"760",999,"LRA","ALLARM.LT1","07/28/2003","12:00:00","TDS.1","M1",1843,"CMC","NTWQM",2003-07-28 12:00:00,0.3,"ISM",1,"Water",NA,260,"MG/L",NA,NA,NA,2017-10-27 16:34:40,NA,2,NA,1,1,"S","PARTNTID",NA,NA,4,"sample does not have an associated bay program method code"
"761",999,"LRA","ALLARM.LT6","05/03/2003","12:00:00","NO3N.3","M1",1824,"CMC","NTWQM",2003-05-03 12:00:00,0.3,"ISM",2,"Water",NA,3.9,"MG/L",NA,NA,NA,2017-10-27 16:34:33,NA,2,NA,1,1,"S","PARTNTID",NA,NA,4,"sample does not have an associated bay program method code"
"762",999,"LRA","ALLARM.LT2","01/03/2003","12:00:00","NO3N.3","M1",1772,"CMC","NTWQM",2003-01-03 12:00:00,0.3,"ISM",2,"Water",NA,3.1,"MG/L",NA,NA,NA,2017-10-27 16:34:12,NA,2,NA,1,1,"S","PARTNTID",NA,NA,4,"sample does not have an associated bay program method code"
"763",999,"LRA","ALLARM.LT3","06/26/2003","12:00:00","TDS.1","M1",1833,"CMC","NTWQM",2003-06-26 12:00:00,0.3,"ISM",1,"Water",NA,220,"MG/L",NA,NA,NA,2017-10-27 16:34:36,NA,2,NA,1,1,"S","PARTNTID",NA,NA,4,"sample does not have an associated bay program method code"
"764",999,"LRA","ALLARM.LT2","07/28/2003","12:00:00","NO3N.3","M1",1844,"CMC","NTWQM",2003-07-28 12:00:00,0.3,"ISM",2,"Water",NA,3.65,"MG/L",NA,NA,NA,2017-10-27 16:34:41,NA,2,NA,1,1,"S","PARTNTID",NA,NA,4,"sample does not have an associated bay program method code"
"765",999,"LRA","ALLARM.LT2","01/03/2003","12:00:00","TDS.1","M1",1772,"CMC","NTWQM",2003-01-03 12:00:00,0.3,"ISM",1,"Water",NA,270,"MG/L",NA,NA,NA,2017-10-27 16:34:12,NA,2,NA,1,1,"S","PARTNTID",NA,NA,4,"sample does not have an associated bay program method code"
"766",999,"LRA","ALLARM.LT10","02/25/2003","12:00:00","NO3N.3","M1",1792,"CMC","NTWQM",2003-02-25 12:00:00,0.3,"ISM",2,"Water",NA,2.6,"MG/L",NA,NA,NA,2017-10-27 16:34:17,NA,2,NA,1,1,"S","PARTNTID",NA,NA,4,"sample does not have an associated bay program method code"
"767",999,"LRA","ALLARM.LT1","08/27/2003","12:00:00","TDS.1","M1",1855,"CMC","NTWQM",2003-08-27 12:00:00,0.3,"ISM",1,"Water",NA,230,"MG/L",NA,NA,NA,2017-10-27 16:34:47,NA,2,NA,1,1,"S","PARTNTID",NA,NA,4,"sample does not have an associated bay program method code"
"768",999,"LRA","ALLARM.LT6","06/26/2003","12:00:00","NO3N.3","M1",1836,"CMC","NTWQM",2003-06-26 12:00:00,0.3,"ISM",2,"Water",NA,3,"MG/L",NA,NA,NA,2017-10-27 16:34:37,NA,2,NA,1,1,"S","PARTNTID",NA,NA,4,"sample does not have an associated bay program method code"
"769",999,"LRA","ALLARM.LT2","02/25/2003","12:00:00","NO3N.3","M1",1784,"CMC","NTWQM",2003-02-25 12:00:00,0.3,"ISM",2,"Water",NA,6.3,"MG/L",NA,NA,NA,2017-10-27 16:34:15,NA,2,NA,1,1,"S","PARTNTID",NA,NA,4,"sample does not have an associated bay program method code"
"770",999,"LRA","ALLARM.LT3","07/28/2003","12:00:00","TDS.1","M1",1845,"CMC","NTWQM",2003-07-28 12:00:00,0.3,"ISM",1,"Water",NA,250,"MG/L",NA,NA,NA,2017-10-27 16:34:41,NA,2,NA,1,1,"S","PARTNTID",NA,NA,4,"sample does not have an associated bay program method code"
"771",999,"LRA","ALLARM.LT2","08/27/2003","12:00:00","NO3N.3","M1",1856,"CMC","NTWQM",2003-08-27 12:00:00,0.3,"ISM",2,"Water",NA,4.1,"MG/L",NA,NA,NA,2017-10-27 16:34:48,NA,2,NA,1,1,"S","PARTNTID",NA,NA,4,"sample does not have an associated bay program method code"
"772",999,"LRA","ALLARM.LT2","02/25/2003","12:00:00","TDS.1","M1",1784,"CMC","NTWQM",2003-02-25 12:00:00,0.3,"ISM",1,"Water",NA,240,"MG/L",NA,NA,NA,2017-10-27 16:34:15,NA,2,NA,1,1,"S","PARTNTID",NA,NA,4,"sample does not have an associated bay program method code"
"773",999,"LRA","ALLARM.LT10","03/25/2003","12:00:00","NO3N.3","M1",1804,"CMC","NTWQM",2003-03-25 12:00:00,0.3,"ISM",2,"Water",NA,4.1,"MG/L",NA,NA,NA,2017-10-27 16:34:23,NA,2,NA,1,1,"S","PARTNTID",NA,NA,4,"sample does not have an associated bay program method code"
"774",999,"LRA","ALLARM.LT1","09/03/2003","12:00:00","TDS.1","M1",1867,"CMC","NTWQM",2003-09-03 12:00:00,0.3,"ISM",1,"Water",NA,250,"MG/L",NA,NA,NA,2017-10-27 16:34:55,NA,2,NA,1,1,"S","PARTNTID",NA,NA,4,"sample does not have an associated bay program method code"
"775",999,"LRA","ALLARM.LT6","07/28/2003","12:00:00","NO3N.3","M1",1848,"CMC","NTWQM",2003-07-28 12:00:00,0.3,"ISM",2,"Water",NA,4.25,"MG/L",NA,NA,NA,2017-10-27 16:34:43,NA,2,NA,1,1,"S","PARTNTID",NA,NA,4,"sample does not have an associated bay program method code"
"776",999,"LRA","ALLARM.LT2","03/25/2003","12:00:00","NO3N.3","M1",1796,"CMC","NTWQM",2003-03-25 12:00:00,0.3,"ISM",2,"Water",NA,5.8,"MG/L",NA,NA,NA,2017-10-27 16:34:19,NA,2,NA,1,1,"S","PARTNTID",NA,NA,4,"sample does not have an associated bay program method code"
"777",999,"LRA","ALLARM.LT3","08/27/2003","12:00:00","TDS.1","M1",1857,"CMC","NTWQM",2003-08-27 12:00:00,0.3,"ISM",1,"Water",NA,240,"MG/L",NA,NA,NA,2017-10-27 16:34:48,NA,2,NA,1,1,"S","PARTNTID",NA,NA,4,"sample does not have an associated bay program method code"
"778",999,"LRA","ALLARM.LT2","09/03/2003","12:00:00","NO3N.3","M1",1868,"CMC","NTWQM",2003-09-03 12:00:00,0.3,"ISM",2,"Water",NA,3.9,"MG/L",NA,NA,NA,2017-10-27 16:34:56,NA,2,NA,1,1,"S","PARTNTID",NA,NA,4,"sample does not have an associated bay program method code"
"779",999,"LRA","ALLARM.LT2","03/25/2003","12:00:00","TDS.1","M1",1796,"CMC","NTWQM",2003-03-25 12:00:00,0.3,"ISM",1,"Water",NA,230,"MG/L",NA,NA,NA,2017-10-27 16:34:19,NA,2,NA,1,1,"S","PARTNTID",NA,NA,4,"sample does not have an associated bay program method code"
"780",999,"LRA","ALLARM.LT10","04/29/2003","12:00:00","NO3N.3","M1",1816,"CMC","NTWQM",2003-04-29 12:00:00,0.3,"ISM",2,"Water",NA,2.6,"MG/L",NA,NA,NA,2017-10-27 16:34:29,NA,2,NA,1,1,"S","PARTNTID",NA,NA,4,"sample does not have an associated bay program method code"
"781",999,"LRA","ALLARM.LT1","10/22/2003","12:00:00","TDS.1","M1",1879,"CMC","NTWQM",2003-10-22 12:00:00,0.3,"ISM",1,"Water",NA,240,"MG/L",NA,NA,NA,2017-10-27 16:35:03,NA,2,NA,1,1,"S","PARTNTID",NA,NA,4,"sample does not have an associated bay program method code"
"782",999,"LRA","ALLARM.LT6","08/27/2003","12:00:00","NO3N.3","M1",1860,"CMC","NTWQM",2003-08-27 12:00:00,0.3,"ISM",2,"Water",NA,4.2,"MG/L",NA,NA,NA,2017-10-27 16:34:50,NA,2,NA,1,1,"S","PARTNTID",NA,NA,4,"sample does not have an associated bay program method code"
"783",999,"LRA","ALLARM.LT2","04/29/2003","12:00:00","NO3N.3","M1",1808,"CMC","NTWQM",2003-04-29 12:00:00,0.3,"ISM",2,"Water",NA,6.1,"MG/L",NA,NA,NA,2017-10-27 16:34:25,NA,2,NA,1,1,"S","PARTNTID",NA,NA,4,"sample does not have an associated bay program method code"
"784",999,"LRA","ALLARM.LT3","09/03/2003","12:00:00","TDS.1","M1",1869,"CMC","NTWQM",2003-09-03 12:00:00,0.3,"ISM",1,"Water",NA,250,"MG/L",NA,NA,NA,2017-10-27 16:34:56,NA,2,NA,1,1,"S","PARTNTID",NA,NA,4,"sample does not have an associated bay program method code"
"785",999,"LRA","ALLARM.LT2","10/22/2003","12:00:00","NO3N.3","M1",1880,"CMC","NTWQM",2003-10-22 12:00:00,0.3,"ISM",2,"Water",NA,4.6,"MG/L",NA,NA,NA,2017-10-27 16:35:03,NA,2,NA,1,1,"S","PARTNTID",NA,NA,4,"sample does not have an associated bay program method code"
"786",999,"LRA","ALLARM.LT2","04/29/2003","12:00:00","TDS.1","M1",1808,"CMC","NTWQM",2003-04-29 12:00:00,0.3,"ISM",1,"Water",NA,230,"MG/L",NA,NA,NA,2017-10-27 16:34:25,NA,2,NA,1,1,"S","PARTNTID",NA,NA,4,"sample does not have an associated bay program method code"
"787",999,"LRA","ALLARM.LT10","05/03/2003","12:00:00","NO3N.3","M1",1828,"CMC","NTWQM",2003-05-03 12:00:00,0.3,"ISM",2,"Water",NA,2.4,"MG/L",NA,NA,NA,2017-10-27 16:34:34,NA,2,NA,1,1,"S","PARTNTID",NA,NA,4,"sample does not have an associated bay program method code"
"788",999,"LRA","ALLARM.LT1","11/19/2003","12:00:00","TDS.1","M1",1891,"CMC","NTWQM",2003-11-19 12:00:00,0.3,"ISM",1,"Water",NA,280,"MG/L",NA,NA,NA,2017-10-27 16:35:10,NA,2,NA,1,1,"S","PARTNTID",NA,NA,4,"sample does not have an associated bay program method code"
"789",999,"LRA","ALLARM.LT6","09/03/2003","12:00:00","NO3N.3","M1",1872,"CMC","NTWQM",2003-09-03 12:00:00,0.3,"ISM",2,"Water",NA,3.1,"MG/L",NA,NA,NA,2017-10-27 16:34:58,NA,2,NA,1,1,"S","PARTNTID",NA,NA,4,"sample does not have an associated bay program method code"
"790",999,"LRA","ALLARM.LT2","05/03/2003","12:00:00","NO3N.3","M1",1820,"CMC","NTWQM",2003-05-03 12:00:00,0.3,"ISM",2,"Water",NA,4,"MG/L",NA,NA,NA,2017-10-27 16:34:31,NA,2,NA,1,1,"S","PARTNTID",NA,NA,4,"sample does not have an associated bay program method code"
"791",999,"LRA","ALLARM.LT3","10/22/2003","12:00:00","TDS.1","M1",1881,"CMC","NTWQM",2003-10-22 12:00:00,0.3,"ISM",1,"Water",NA,260,"MG/L",NA,NA,NA,2017-10-27 16:35:04,NA,2,NA,1,1,"S","PARTNTID",NA,NA,4,"sample does not have an associated bay program method code"
"792",999,"LRA","ALLARM.LT2","11/19/2003","12:00:00","NO3N.3","M1",1892,"CMC","NTWQM",2003-11-19 12:00:00,0.3,"ISM",2,"Water",NA,2.95,"MG/L",NA,NA,NA,2017-10-27 16:35:10,NA,2,NA,1,1,"S","PARTNTID",NA,NA,4,"sample does not have an associated bay program method code"
"793",999,"LRA","ALLARM.LT2","05/03/2003","12:00:00","TDS.1","M1",1820,"CMC","NTWQM",2003-05-03 12:00:00,0.3,"ISM",1,"Water",NA,240,"MG/L",NA,NA,NA,2017-10-27 16:34:31,NA,2,NA,1,1,"S","PARTNTID",NA,NA,4,"sample does not have an associated bay program method code"
"794",999,"LRA","ALLARM.LT10","06/26/2003","12:00:00","NO3N.3","M1",1840,"CMC","NTWQM",2003-06-26 12:00:00,0.3,"ISM",2,"Water",NA,3.1,"MG/L",NA,NA,NA,2017-10-27 16:34:39,NA,2,NA,1,1,"S","PARTNTID",NA,NA,4,"sample does not have an associated bay program method code"
"795",999,"LRA","ALLARM.LT1","12/11/2003","12:00:00","TDS.1","M1",1903,"CMC","NTWQM",2003-12-11 12:00:00,0.3,"ISM",1,"Water",NA,220,"MG/L",NA,NA,NA,2017-10-27 16:35:18,NA,2,NA,1,1,"S","PARTNTID",NA,NA,4,"sample does not have an associated bay program method code"
"796",999,"LRA","ALLARM.LT6","10/22/2003","12:00:00","NO3N.3","M1",1884,"CMC","NTWQM",2003-10-22 12:00:00,0.3,"ISM",2,"Water",NA,3.8,"MG/L",NA,NA,NA,2017-10-27 16:35:06,NA,2,NA,1,1,"S","PARTNTID",NA,NA,4,"sample does not have an associated bay program method code"
"797",999,"LRA","ALLARM.LT5","10/22/2003","12:00:00","TDS.1","M1",1883,"CMC","NTWQM",2003-10-22 12:00:00,0.3,"ISM",1,"Water",NA,260,"MG/L",NA,NA,NA,2017-10-27 16:35:05,NA,2,NA,1,1,"S","PARTNTID",NA,NA,4,"sample does not have an associated bay program method code"
"798",999,"LRA","ALLARM.LT3","11/19/2003","12:00:00","TDS.1","M1",1893,"CMC","NTWQM",2003-11-19 12:00:00,0.3,"ISM",1,"Water",NA,290,"MG/L",NA,NA,NA,2017-10-27 16:35:11,NA,2,NA,1,1,"S","PARTNTID",NA,NA,4,"sample does not have an associated bay program method code"
"799",999,"LRA","ALLARM.LT2","12/11/2003","12:00:00","NO3N.3","M1",1904,"CMC","NTWQM",2003-12-11 12:00:00,0.3,"ISM",2,"Water",NA,3.7,"MG/L",NA,NA,NA,2017-10-27 16:35:18,NA,2,NA,1,1,"S","PARTNTID",NA,NA,4,"sample does not have an associated bay program method code"
"800",999,"LRA","ALLARM.LT2","06/26/2003","12:00:00","TDS.1","M1",1832,"CMC","NTWQM",2003-06-26 12:00:00,0.3,"ISM",1,"Water",NA,210,"MG/L",NA,NA,NA,2017-10-27 16:34:35,NA,2,NA,1,1,"S","PARTNTID",NA,NA,4,"sample does not have an associated bay program method code"
"801",999,"LRA","ALLARM.LT5","11/19/2003","12:00:00","NO3N.3","M1",1895,"CMC","NTWQM",2003-11-19 12:00:00,0.3,"ISM",2,"Water",NA,3.6,"MG/L",NA,NA,NA,2017-10-27 16:35:13,NA,2,NA,1,1,"S","PARTNTID",NA,NA,4,"sample does not have an associated bay program method code"
"802",999,"LRA","ALLARM.LT10","01/03/2003","12:00:00","TDS.1","M1",1780,"CMC","NTWQM",2003-01-03 12:00:00,0.3,"ISM",1,"Water",NA,340,"MG/L",NA,NA,NA,2017-10-27 16:34:13,NA,2,NA,1,1,"S","PARTNTID",NA,NA,4,"sample does not have an associated bay program method code"
"803",999,"LRA","ALLARM.LT6","11/19/2003","12:00:00","NO3N.3","M1",1896,"CMC","NTWQM",2003-11-19 12:00:00,0.3,"ISM",2,"Water",NA,1.15,"MG/L",NA,NA,NA,2017-10-27 16:35:13,NA,2,NA,1,1,"S","PARTNTID",NA,NA,4,"sample does not have an associated bay program method code"
"804",999,"LRA","ALLARM.LT5","11/19/2003","12:00:00","TDS.1","M1",1895,"CMC","NTWQM",2003-11-19 12:00:00,0.3,"ISM",1,"Water",NA,310,"MG/L",NA,NA,NA,2017-10-27 16:35:13,NA,2,NA,1,1,"S","PARTNTID",NA,NA,4,"sample does not have an associated bay program method code"
"805",999,"LRA","ALLARM.LT3","12/11/2003","12:00:00","TDS.1","M1",1905,"CMC","NTWQM",2003-12-11 12:00:00,0.3,"ISM",1,"Water",NA,260,"MG/L",NA,NA,NA,2017-10-27 16:35:19,NA,2,NA,1,1,"S","PARTNTID",NA,NA,4,"sample does not have an associated bay program method code"
"806",999,"LRA","ALLARM.LT3","01/03/2003","12:00:00","NO3N.3","M1",1773,"CMC","NTWQM",2003-01-03 12:00:00,0.3,"ISM",2,"Water",NA,2.9,"MG/L",NA,NA,NA,2017-10-27 16:34:12,NA,2,NA,1,1,"S","PARTNTID",NA,NA,4,"sample does not have an associated bay program method code"
"807",999,"LRA","ALLARM.LT2","07/28/2003","12:00:00","TDS.1","M1",1844,"CMC","NTWQM",2003-07-28 12:00:00,0.3,"ISM",1,"Water",NA,250,"MG/L",NA,NA,NA,2017-10-27 16:34:41,NA,2,NA,1,1,"S","PARTNTID",NA,NA,4,"sample does not have an associated bay program method code"
"808",999,"LRA","ALLARM.LT3","07/28/2003","12:00:00","NO3N.3","M1",1845,"CMC","NTWQM",2003-07-28 12:00:00,0.3,"ISM",2,"Water",NA,4.25,"MG/L",NA,NA,NA,2017-10-27 16:34:41,NA,2,NA,1,1,"S","PARTNTID",NA,NA,4,"sample does not have an associated bay program method code"
"809",999,"LRA","ALLARM.LT10","02/25/2003","12:00:00","TDS.1","M1",1792,"CMC","NTWQM",2003-02-25 12:00:00,0.3,"ISM",1,"Water",NA,310,"MG/L",NA,NA,NA,2017-10-27 16:34:17,NA,2,NA,1,1,"S","PARTNTID",NA,NA,4,"sample does not have an associated bay program method code"
"810",999,"LRA","ALLARM.LT4","07/28/2003","12:00:00","NO3N.3","M1",1846,"CMC","NTWQM",2003-07-28 12:00:00,0.3,"ISM",2,"Water",NA,2.65,"MG/L",NA,NA,NA,2017-10-27 16:34:42,NA,2,NA,1,1,"S","PARTNTID",NA,NA,4,"sample does not have an associated bay program method code"
"811",999,"LRA","ALLARM.LT7","06/26/2003","12:00:00","NO3N.3","M1",1837,"CMC","NTWQM",2003-06-26 12:00:00,0.3,"ISM",2,"Water",NA,3.3,"MG/L",NA,NA,NA,2017-10-27 16:34:37,NA,2,NA,1,1,"S","PARTNTID",NA,NA,4,"sample does not have an associated bay program method code"
"812",999,"LRA","ALLARM.LT4","01/03/2003","12:00:00","TDS.1","M1",1774,"CMC","NTWQM",2003-01-03 12:00:00,0.3,"ISM",1,"Water",NA,310,"MG/L",NA,NA,NA,2017-10-27 16:34:12,NA,2,NA,1,1,"S","PARTNTID",NA,NA,4,"sample does not have an associated bay program method code"
"813",999,"LRA","ALLARM.LT3","02/25/2003","12:00:00","NO3N.3","M1",1785,"CMC","NTWQM",2003-02-25 12:00:00,0.3,"ISM",2,"Water",NA,6.2,"MG/L",NA,NA,NA,2017-10-27 16:34:15,NA,2,NA,1,1,"S","PARTNTID",NA,NA,4,"sample does not have an associated bay program method code"
"814",999,"LRA","ALLARM.LT2","08/27/2003","12:00:00","TDS.1","M1",1856,"CMC","NTWQM",2003-08-27 12:00:00,0.3,"ISM",1,"Water",NA,220,"MG/L",NA,NA,NA,2017-10-27 16:34:48,NA,2,NA,1,1,"S","PARTNTID",NA,NA,4,"sample does not have an associated bay program method code"
"815",999,"LRA","ALLARM.LT4","02/25/2003","12:00:00","NO3N.3","M1",1786,"CMC","NTWQM",2003-02-25 12:00:00,0.3,"ISM",2,"Water",NA,4.8,"MG/L",NA,NA,NA,2017-10-27 16:34:16,NA,2,NA,1,1,"S","PARTNTID",NA,NA,4,"sample does not have an associated bay program method code"
"816",999,"LRA","ALLARM.LT10","03/25/2003","12:00:00","TDS.1","M1",1804,"CMC","NTWQM",2003-03-25 12:00:00,0.3,"ISM",1,"Water",NA,340,"MG/L",NA,NA,NA,2017-10-27 16:34:23,NA,2,NA,1,1,"S","PARTNTID",NA,NA,4,"sample does not have an associated bay program method code"
"817",999,"LRA","ALLARM.LT4","08/27/2003","12:00:00","NO3N.3","M1",1858,"CMC","NTWQM",2003-08-27 12:00:00,0.3,"ISM",2,"Water",NA,4.25,"MG/L",NA,NA,NA,2017-10-27 16:34:49,NA,2,NA,1,1,"S","PARTNTID",NA,NA,4,"sample does not have an associated bay program method code"
"818",999,"LRA","ALLARM.LT7","07/28/2003","12:00:00","NO3N.3","M1",1849,"CMC","NTWQM",2003-07-28 12:00:00,0.3,"ISM",2,"Water",NA,2.7,"MG/L",NA,NA,NA,2017-10-27 16:34:44,NA,2,NA,1,1,"S","PARTNTID",NA,NA,4,"sample does not have an associated bay program method code"
"819",999,"LRA","ALLARM.LT7","01/03/2003","12:00:00","TDS.1","M1",1777,"CMC","NTWQM",2003-01-03 12:00:00,0.3,"ISM",1,"Water",NA,350,"MG/L",NA,NA,NA,2017-10-27 16:34:13,NA,2,NA,1,1,"S","PARTNTID",NA,NA,4,"sample does not have an associated bay program method code"
"820",999,"LRA","ALLARM.LT3","03/25/2003","12:00:00","NO3N.3","M1",1797,"CMC","NTWQM",2003-03-25 12:00:00,0.3,"ISM",2,"Water",NA,4.7,"MG/L",NA,NA,NA,2017-10-27 16:34:19,NA,2,NA,1,1,"S","PARTNTID",NA,NA,4,"sample does not have an associated bay program method code"
"821",999,"LRA","ALLARM.LT2","09/03/2003","12:00:00","TDS.1","M1",1868,"CMC","NTWQM",2003-09-03 12:00:00,0.3,"ISM",1,"Water",NA,230,"MG/L",NA,NA,NA,2017-10-27 16:34:56,NA,2,NA,1,1,"S","PARTNTID",NA,NA,4,"sample does not have an associated bay program method code"
"822",999,"LRA","ALLARM.LT4","03/25/2003","12:00:00","NO3N.3","M1",1798,"CMC","NTWQM",2003-03-25 12:00:00,0.3,"ISM",2,"Water",NA,5.7,"MG/L",NA,NA,NA,2017-10-27 16:34:20,NA,2,NA,1,1,"S","PARTNTID",NA,NA,4,"sample does not have an associated bay program method code"
"823",999,"LRA","ALLARM.LT10","04/29/2003","12:00:00","TDS.1","M1",1816,"CMC","NTWQM",2003-04-29 12:00:00,0.3,"ISM",1,"Water",NA,290,"MG/L",NA,NA,NA,2017-10-27 16:34:29,NA,2,NA,1,1,"S","PARTNTID",NA,NA,4,"sample does not have an associated bay program method code"
"824",999,"LRA","ALLARM.LT4","09/03/2003","12:00:00","NO3N.3","M1",1870,"CMC","NTWQM",2003-09-03 12:00:00,0.3,"ISM",2,"Water",NA,2,"MG/L",NA,NA,NA,2017-10-27 16:34:57,NA,2,NA,1,1,"S","PARTNTID",NA,NA,4,"sample does not have an associated bay program method code"
"825",999,"LRA","ALLARM.LT7","08/27/2003","12:00:00","NO3N.3","M1",1861,"CMC","NTWQM",2003-08-27 12:00:00,0.3,"ISM",2,"Water",NA,4.15,"MG/L",NA,NA,NA,2017-10-27 16:34:51,NA,2,NA,1,1,"S","PARTNTID",NA,NA,4,"sample does not have an associated bay program method code"
"826",999,"LRA","ALLARM.LT7","02/25/2003","12:00:00","TDS.1","M1",1789,"CMC","NTWQM",2003-02-25 12:00:00,0.3,"ISM",1,"Water",NA,280,"MG/L",NA,NA,NA,2017-10-27 16:34:16,NA,2,NA,1,1,"S","PARTNTID",NA,NA,4,"sample does not have an associated bay program method code"
"827",999,"LRA","ALLARM.LT3","04/29/2003","12:00:00","NO3N.3","M1",1809,"CMC","NTWQM",2003-04-29 12:00:00,0.3,"ISM",2,"Water",NA,5.8,"MG/L",NA,NA,NA,2017-10-27 16:34:25,NA,2,NA,1,1,"S","PARTNTID",NA,NA,4,"sample does not have an associated bay program method code"
"828",999,"LRA","ALLARM.LT2","10/22/2003","12:00:00","TDS.1","M1",1880,"CMC","NTWQM",2003-10-22 12:00:00,0.3,"ISM",1,"Water",NA,240,"MG/L",NA,NA,NA,2017-10-27 16:35:03,NA,2,NA,1,1,"S","PARTNTID",NA,NA,4,"sample does not have an associated bay program method code"
"829",999,"LRA","ALLARM.LT4","04/29/2003","12:00:00","NO3N.3","M1",1810,"CMC","NTWQM",2003-04-29 12:00:00,0.3,"ISM",2,"Water",NA,4.5,"MG/L",NA,NA,NA,2017-10-27 16:34:26,NA,2,NA,1,1,"S","PARTNTID",NA,NA,4,"sample does not have an associated bay program method code"
"830",999,"LRA","ALLARM.LT10","05/03/2003","12:00:00","TDS.1","M1",1828,"CMC","NTWQM",2003-05-03 12:00:00,0.3,"ISM",1,"Water",NA,290,"MG/L",NA,NA,NA,2017-10-27 16:34:34,NA,2,NA,1,1,"S","PARTNTID",NA,NA,4,"sample does not have an associated bay program method code"
"831",999,"LRA","ALLARM.LT4","10/22/2003","12:00:00","NO3N.3","M1",1882,"CMC","NTWQM",2003-10-22 12:00:00,0.3,"ISM",2,"Water",NA,4.4,"MG/L",NA,NA,NA,2017-10-27 16:35:05,NA,2,NA,1,1,"S","PARTNTID",NA,NA,4,"sample does not have an associated bay program method code"
"832",999,"LRA","ALLARM.LT7","09/03/2003","12:00:00","NO3N.3","M1",1873,"CMC","NTWQM",2003-09-03 12:00:00,0.3,"ISM",2,"Water",NA,2,"MG/L",NA,NA,NA,2017-10-27 16:34:59,NA,2,NA,1,1,"S","PARTNTID",NA,NA,4,"sample does not have an associated bay program method code"
"833",999,"LRA","ALLARM.LT7","03/25/2003","12:00:00","TDS.1","M1",1801,"CMC","NTWQM",2003-03-25 12:00:00,0.3,"ISM",1,"Water",NA,270,"MG/L",NA,NA,NA,2017-10-27 16:34:21,NA,2,NA,1,1,"S","PARTNTID",NA,NA,4,"sample does not have an associated bay program method code"
"834",999,"LRA","ALLARM.LT3","05/03/2003","12:00:00","NO3N.3","M1",1821,"CMC","NTWQM",2003-05-03 12:00:00,0.3,"ISM",2,"Water",NA,4,"MG/L",NA,NA,NA,2017-10-27 16:34:31,NA,2,NA,1,1,"S","PARTNTID",NA,NA,4,"sample does not have an associated bay program method code"
"835",999,"LRA","ALLARM.LT7","09/03/2003","12:00:00","TDS.1","M1",1873,"CMC","NTWQM",2003-09-03 12:00:00,0.3,"ISM",1,"Water",NA,270,"MG/L",NA,NA,NA,2017-10-27 16:34:59,NA,2,NA,1,1,"S","PARTNTID",NA,NA,4,"sample does not have an associated bay program method code"
"836",999,"LRA","ALLARM.LT4","05/03/2003","12:00:00","NO3N.3","M1",1822,"CMC","NTWQM",2003-05-03 12:00:00,0.3,"ISM",2,"Water",NA,3.7,"MG/L",NA,NA,NA,2017-10-27 16:34:32,NA,2,NA,1,1,"S","PARTNTID",NA,NA,4,"sample does not have an associated bay program method code"
"837",999,"LRA","ALLARM.LT9","09/03/2003","12:00:00","TDS.1","M1",1875,"CMC","NTWQM",2003-09-03 12:00:00,0.3,"ISM",1,"Water",NA,310,"MG/L",NA,NA,NA,2017-10-27 16:35:00,NA,2,NA,1,1,"S","PARTNTID",NA,NA,4,"sample does not have an associated bay program method code"
"838",999,"LRA","ALLARM.LT4","11/19/2003","12:00:00","NO3N.3","M1",1894,"CMC","NTWQM",2003-11-19 12:00:00,0.3,"ISM",2,"Water",NA,3.85,"MG/L",NA,NA,NA,2017-10-27 16:35:12,NA,2,NA,1,1,"S","PARTNTID",NA,NA,4,"sample does not have an associated bay program method code"
"839",999,"LRA","ALLARM.LT7","10/22/2003","12:00:00","NO3N.3","M1",1885,"CMC","NTWQM",2003-10-22 12:00:00,0.3,"ISM",2,"Water",NA,3.6,"MG/L",NA,NA,NA,2017-10-27 16:35:06,NA,2,NA,1,1,"S","PARTNTID",NA,NA,4,"sample does not have an associated bay program method code"
"840",999,"LRA","ALLARM.LT8","10/22/2003","12:00:00","TDS.1","M1",1886,"CMC","NTWQM",2003-10-22 12:00:00,0.3,"ISM",1,"Water",NA,300,"MG/L",NA,NA,NA,2017-10-27 16:35:07,NA,2,NA,1,1,"S","PARTNTID",NA,NA,4,"sample does not have an associated bay program method code"
"841",999,"LRA","ALLARM.LT3","06/26/2003","12:00:00","NO3N.3","M1",1833,"CMC","NTWQM",2003-06-26 12:00:00,0.3,"ISM",2,"Water",NA,3.9,"MG/L",NA,NA,NA,2017-10-27 16:34:36,NA,2,NA,1,1,"S","PARTNTID",NA,NA,4,"sample does not have an associated bay program method code"
"842",999,"LRA","ALLARM.LT7","10/22/2003","12:00:00","TDS.1","M1",1885,"CMC","NTWQM",2003-10-22 12:00:00,0.3,"ISM",1,"Water",NA,300,"MG/L",NA,NA,NA,2017-10-27 16:35:06,NA,2,NA,1,1,"S","PARTNTID",NA,NA,4,"sample does not have an associated bay program method code"
"843",999,"LRA","ALLARM.LT4","06/26/2003","12:00:00","NO3N.3","M1",1834,"CMC","NTWQM",2003-06-26 12:00:00,0.3,"ISM",2,"Water",NA,4.2,"MG/L",NA,NA,NA,2017-10-27 16:34:36,NA,2,NA,1,1,"S","PARTNTID",NA,NA,4,"sample does not have an associated bay program method code"
"844",999,"LRA","ALLARM.LT9","10/22/2003","12:00:00","TDS.1","M1",1887,"CMC","NTWQM",2003-10-22 12:00:00,0.3,"ISM",1,"Water",NA,310,"MG/L",NA,NA,NA,2017-10-27 16:35:07,NA,2,NA,1,1,"S","PARTNTID",NA,NA,4,"sample does not have an associated bay program method code"
"845",999,"LRA","ALLARM.LT4","12/11/2003","12:00:00","NO3N.3","M1",1906,"CMC","NTWQM",2003-12-11 12:00:00,0.3,"ISM",2,"Water",NA,3.1,"MG/L",NA,NA,NA,2017-10-27 16:35:20,NA,2,NA,1,1,"S","PARTNTID",NA,NA,4,"sample does not have an associated bay program method code"
"846",999,"LRA","ALLARM.LT9","05/03/2003","12:00:00","NO3N.3","M1",1827,"CMC","NTWQM",2003-05-03 12:00:00,0.3,"ISM",2,"Water",NA,3,"MG/L",NA,NA,NA,2017-10-27 16:34:34,NA,2,NA,1,1,"S","PARTNTID",NA,NA,4,"sample does not have an associated bay program method code"
"847",999,"LRA","ALLARM.LT7","05/03/2003","12:00:00","TDS.1","M1",1825,"CMC","NTWQM",2003-05-03 12:00:00,0.3,"ISM",1,"Water",NA,270,"MG/L",NA,NA,NA,2017-10-27 16:34:33,NA,2,NA,1,1,"S","PARTNTID",NA,NA,4,"sample does not have an associated bay program method code"
"848",999,"LRA","ALLARM.LT8","11/19/2003","12:00:00","TDS.1","M1",1898,"CMC","NTWQM",2003-11-19 12:00:00,0.3,"ISM",1,"Water",NA,170,"MG/L",NA,NA,NA,2017-10-27 16:35:14,NA,2,NA,1,1,"S","PARTNTID",NA,NA,4,"sample does not have an associated bay program method code"
"849",999,"LRA","ALLARM.LT9","05/03/2003","12:00:00","TDS.1","M1",1827,"CMC","NTWQM",2003-05-03 12:00:00,0.3,"ISM",1,"Water",NA,270,"MG/L",NA,NA,NA,2017-10-27 16:34:34,NA,2,NA,1,1,"S","PARTNTID",NA,NA,4,"sample does not have an associated bay program method code"
"850",999,"LRA","ALLARM.LT4","01/03/2003","12:00:00","NO3N.3","M1",1774,"CMC","NTWQM",2003-01-03 12:00:00,0.3,"ISM",2,"Water",NA,3.95,"MG/L",NA,NA,NA,2017-10-27 16:34:12,NA,2,NA,1,1,"S","PARTNTID",NA,NA,4,"sample does not have an associated bay program method code"
"851",999,"LRA","ALLARM.LT7","12/11/2003","12:00:00","TDS.1","M1",1909,"CMC","NTWQM",2003-12-11 12:00:00,0.3,"ISM",1,"Water",NA,310,"MG/L",NA,NA,NA,2017-10-27 16:35:22,NA,2,NA,1,1,"S","PARTNTID",NA,NA,4,"sample does not have an associated bay program method code"
"852",999,"LRA","ALLARM.LT5","01/03/2003","12:00:00","NO3N.3","M1",1775,"CMC","NTWQM",2003-01-03 12:00:00,0.3,"ISM",2,"Water",NA,3.15,"MG/L",NA,NA,NA,2017-10-27 16:34:12,NA,2,NA,1,1,"S","PARTNTID",NA,NA,4,"sample does not have an associated bay program method code"
"853",999,"LRA","ALLARM.LT9","06/26/2003","12:00:00","NO3N.3","M1",1839,"CMC","NTWQM",2003-06-26 12:00:00,0.3,"ISM",2,"Water",NA,3.8,"MG/L",NA,NA,NA,2017-10-27 16:34:38,NA,2,NA,1,1,"S","PARTNTID",NA,NA,4,"sample does not have an associated bay program method code"
"854",999,"LRA","ALLARM.LT7","06/26/2003","12:00:00","TDS.1","M1",1837,"CMC","NTWQM",2003-06-26 12:00:00,0.3,"ISM",1,"Water",NA,250,"MG/L",NA,NA,NA,2017-10-27 16:34:37,NA,2,NA,1,1,"S","PARTNTID",NA,NA,4,"sample does not have an associated bay program method code"
"855",999,"LRA","ALLARM.LT3","08/27/2003","12:00:00","NO3N.3","M1",1857,"CMC","NTWQM",2003-08-27 12:00:00,0.3,"ISM",2,"Water",NA,3.4,"MG/L",NA,NA,NA,2017-10-27 16:34:48,NA,2,NA,1,1,"S","PARTNTID",NA,NA,4,"sample does not have an associated bay program method code"
"856",999,"LRA","ALLARM.LT9","06/26/2003","12:00:00","TDS.1","M1",1839,"CMC","NTWQM",2003-06-26 12:00:00,0.3,"ISM",1,"Water",NA,240,"MG/L",NA,NA,NA,2017-10-27 16:34:38,NA,2,NA,1,1,"S","PARTNTID",NA,NA,4,"sample does not have an associated bay program method code"
"857",999,"LRA","ALLARM.LT5","07/28/2003","12:00:00","TDS.1","M1",1847,"CMC","NTWQM",2003-07-28 12:00:00,0.3,"ISM",1,"Water",NA,250,"MG/L",NA,NA,NA,2017-10-27 16:34:43,NA,2,NA,1,1,"S","PARTNTID",NA,NA,4,"sample does not have an associated bay program method code"
"858",999,"LRA","ALLARM.LT8","01/03/2003","12:00:00","TDS.1","M1",1778,"CMC","NTWQM",2003-01-03 12:00:00,0.3,"ISM",1,"Water",NA,330,"MG/L",NA,NA,NA,2017-10-27 16:34:13,NA,2,NA,1,1,"S","PARTNTID",NA,NA,4,"sample does not have an associated bay program method code"
"859",999,"LRA","ALLARM.LT5","02/25/2003","12:00:00","NO3N.3","M1",1787,"CMC","NTWQM",2003-02-25 12:00:00,0.3,"ISM",2,"Water",NA,5.1,"MG/L",NA,NA,NA,2017-10-27 16:34:16,NA,2,NA,1,1,"S","PARTNTID",NA,NA,4,"sample does not have an associated bay program method code"
"860",999,"LRA","ALLARM.LT9","07/28/2003","12:00:00","NO3N.3","M1",1851,"CMC","NTWQM",2003-07-28 12:00:00,0.3,"ISM",2,"Water",NA,3.2,"MG/L",NA,NA,NA,2017-10-27 16:34:45,NA,2,NA,1,1,"S","PARTNTID",NA,NA,4,"sample does not have an associated bay program method code"
"861",999,"LRA","ALLARM.LT7","07/28/2003","12:00:00","TDS.1","M1",1849,"CMC","NTWQM",2003-07-28 12:00:00,0.3,"ISM",1,"Water",NA,280,"MG/L",NA,NA,NA,2017-10-27 16:34:44,NA,2,NA,1,1,"S","PARTNTID",NA,NA,4,"sample does not have an associated bay program method code"
"862",999,"LRA","ALLARM.LT3","09/03/2003","12:00:00","NO3N.3","M1",1869,"CMC","NTWQM",2003-09-03 12:00:00,0.3,"ISM",2,"Water",NA,3.7,"MG/L",NA,NA,NA,2017-10-27 16:34:56,NA,2,NA,1,1,"S","PARTNTID",NA,NA,4,"sample does not have an associated bay program method code"
"863",999,"LRA","ALLARM.LT9","07/28/2003","12:00:00","TDS.1","M1",1851,"CMC","NTWQM",2003-07-28 12:00:00,0.3,"ISM",1,"Water",NA,310,"MG/L",NA,NA,NA,2017-10-27 16:34:45,NA,2,NA,1,1,"S","PARTNTID",NA,NA,4,"sample does not have an associated bay program method code"
"864",999,"LRA","ALLARM.LT5","08/27/2003","12:00:00","TDS.1","M1",1859,"CMC","NTWQM",2003-08-27 12:00:00,0.3,"ISM",1,"Water",NA,240,"MG/L",NA,NA,NA,2017-10-27 16:34:50,NA,2,NA,1,1,"S","PARTNTID",NA,NA,4,"sample does not have an associated bay program method code"
"865",999,"LRA","ALLARM.LT8","02/25/2003","12:00:00","TDS.1","M1",1790,"CMC","NTWQM",2003-02-25 12:00:00,0.3,"ISM",1,"Water",NA,330,"MG/L",NA,NA,NA,2017-10-27 16:34:16,NA,2,NA,1,1,"S","PARTNTID",NA,NA,4,"sample does not have an associated bay program method code"
"866",999,"LRA","ALLARM.LT5","03/25/2003","12:00:00","NO3N.3","M1",1799,"CMC","NTWQM",2003-03-25 12:00:00,0.3,"ISM",2,"Water",NA,5.1,"MG/L",NA,NA,NA,2017-10-27 16:34:20,NA,2,NA,1,1,"S","PARTNTID",NA,NA,4,"sample does not have an associated bay program method code"
"867",999,"LRA","ALLARM.LT9","08/27/2003","12:00:00","NO3N.3","M1",1863,"CMC","NTWQM",2003-08-27 12:00:00,0.3,"ISM",2,"Water",NA,3.5,"MG/L",NA,NA,NA,2017-10-27 16:34:52,NA,2,NA,1,1,"S","PARTNTID",NA,NA,4,"sample does not have an associated bay program method code"
"868",999,"LRA","ALLARM.LT7","08/27/2003","12:00:00","TDS.1","M1",1861,"CMC","NTWQM",2003-08-27 12:00:00,0.3,"ISM",1,"Water",NA,270,"MG/L",NA,NA,NA,2017-10-27 16:34:51,NA,2,NA,1,1,"S","PARTNTID",NA,NA,4,"sample does not have an associated bay program method code"
"869",999,"LRA","ALLARM.LT3","10/22/2003","12:00:00","NO3N.3","M1",1881,"CMC","NTWQM",2003-10-22 12:00:00,0.3,"ISM",2,"Water",NA,4.3,"MG/L",NA,NA,NA,2017-10-27 16:35:04,NA,2,NA,1,1,"S","PARTNTID",NA,NA,4,"sample does not have an associated bay program method code"
"870",999,"LRA","ALLARM.LT9","08/27/2003","12:00:00","TDS.1","M1",1863,"CMC","NTWQM",2003-08-27 12:00:00,0.3,"ISM",1,"Water",NA,270,"MG/L",NA,NA,NA,2017-10-27 16:34:52,NA,2,NA,1,1,"S","PARTNTID",NA,NA,4,"sample does not have an associated bay program method code"
"871",999,"LRA","ALLARM.LT5","09/03/2003","12:00:00","TDS.1","M1",1871,"CMC","NTWQM",2003-09-03 12:00:00,0.3,"ISM",1,"Water",NA,250,"MG/L",NA,NA,NA,2017-10-27 16:34:58,NA,2,NA,1,1,"S","PARTNTID",NA,NA,4,"sample does not have an associated bay program method code"
"872",999,"LRA","ALLARM.LT8","03/25/2003","12:00:00","TDS.1","M1",1802,"CMC","NTWQM",2003-03-25 12:00:00,0.3,"ISM",1,"Water",NA,310,"MG/L",NA,NA,NA,2017-10-27 16:34:22,NA,2,NA,1,1,"S","PARTNTID",NA,NA,4,"sample does not have an associated bay program method code"
"873",999,"LRA","ALLARM.LT5","04/29/2003","12:00:00","NO3N.3","M1",1811,"CMC","NTWQM",2003-04-29 12:00:00,0.3,"ISM",2,"Water",NA,6.3,"MG/L",NA,NA,NA,2017-10-27 16:34:26,NA,2,NA,1,1,"S","PARTNTID",NA,NA,4,"sample does not have an associated bay program method code"
"874",999,"LRA","ALLARM.LT9","09/03/2003","12:00:00","NO3N.3","M1",1875,"CMC","NTWQM",2003-09-03 12:00:00,0.3,"ISM",2,"Water",NA,2,"MG/L",NA,NA,NA,2017-10-27 16:35:00,NA,2,NA,1,1,"S","PARTNTID",NA,NA,4,"sample does not have an associated bay program method code"
"875",999,"LRA","ALLARM.LT5","10/22/2003","12:00:00","NO3N.3","M1",1883,"CMC","NTWQM",2003-10-22 12:00:00,0.3,"ISM",2,"Water",NA,3.9,"MG/L",NA,NA,NA,2017-10-27 16:35:05,NA,2,NA,1,1,"S","PARTNTID",NA,NA,4,"sample does not have an associated bay program method code"
"876",999,"LRA","ALLARM.LT3","11/19/2003","12:00:00","NO3N.3","M1",1893,"CMC","NTWQM",2003-11-19 12:00:00,0.3,"ISM",2,"Water",NA,3.7,"MG/L",NA,NA,NA,2017-10-27 16:35:11,NA,2,NA,1,1,"S","PARTNTID",NA,NA,4,"sample does not have an associated bay program method code"
"877",999,"LRA","ALLARM.MG1","03/25/2003","12:00:00","TDS.1","M1",1805,"CMC","NTWQM",2003-03-25 12:00:00,0.3,"ISM",1,"Water",NA,440,"MG/L",NA,NA,NA,2017-10-27 16:34:23,NA,2,NA,1,1,"S","PARTNTID",NA,NA,4,"sample does not have an associated bay program method code"
"878",999,"LRA","ALLARM.LT7","04/29/2003","12:00:00","NO3N.3","M1",1813,"CMC","NTWQM",2003-04-29 12:00:00,0.3,"ISM",2,"Water",NA,4.7,"MG/L",NA,NA,NA,2017-10-27 16:34:27,NA,2,NA,1,1,"S","PARTNTID",NA,NA,4,"sample does not have an associated bay program method code"
"879",999,"LRA","ALLARM.LT8","04/29/2003","12:00:00","TDS.1","M1",1814,"CMC","NTWQM",2003-04-29 12:00:00,0.3,"ISM",1,"Water",NA,280,"MG/L",NA,NA,NA,2017-10-27 16:34:28,NA,2,NA,1,1,"S","PARTNTID",NA,NA,4,"sample does not have an associated bay program method code"
"880",999,"LRA","ALLARM.LT5","05/03/2003","12:00:00","NO3N.3","M1",1823,"CMC","NTWQM",2003-05-03 12:00:00,0.3,"ISM",2,"Water",NA,3.9,"MG/L",NA,NA,NA,2017-10-27 16:34:32,NA,2,NA,1,1,"S","PARTNTID",NA,NA,4,"sample does not have an associated bay program method code"
"881",999,"LRA","ALLARM.LT9","10/22/2003","12:00:00","NO3N.3","M1",1887,"CMC","NTWQM",2003-10-22 12:00:00,0.3,"ISM",2,"Water",NA,3.5,"MG/L",NA,NA,NA,2017-10-27 16:35:07,NA,2,NA,1,1,"S","PARTNTID",NA,NA,4,"sample does not have an associated bay program method code"
"882",999,"LRA","ALLARM.LT4","11/19/2003","12:00:00","TDS.1","M1",1894,"CMC","NTWQM",2003-11-19 12:00:00,0.3,"ISM",1,"Water",NA,310,"MG/L",NA,NA,NA,2017-10-27 16:35:12,NA,2,NA,1,1,"S","PARTNTID",NA,NA,4,"sample does not have an associated bay program method code"
"883",999,"LRA","ALLARM.LT3","12/11/2003","12:00:00","NO3N.3","M1",1905,"CMC","NTWQM",2003-12-11 12:00:00,0.3,"ISM",2,"Water",NA,3.3,"MG/L",NA,NA,NA,2017-10-27 16:35:19,NA,2,NA,1,1,"S","PARTNTID",NA,NA,4,"sample does not have an associated bay program method code"
"884",999,"LRA","ALLARM.MG1","04/29/2003","12:00:00","TDS.1","M1",1817,"CMC","NTWQM",2003-04-29 12:00:00,0.3,"ISM",1,"Water",NA,390,"MG/L",NA,NA,NA,2017-10-27 16:34:29,NA,2,NA,1,1,"S","PARTNTID",NA,NA,4,"sample does not have an associated bay program method code"
"885",999,"LRA","ALLARM.LT7","05/03/2003","12:00:00","NO3N.3","M1",1825,"CMC","NTWQM",2003-05-03 12:00:00,0.3,"ISM",2,"Water",NA,2.5,"MG/L",NA,NA,NA,2017-10-27 16:34:33,NA,2,NA,1,1,"S","PARTNTID",NA,NA,4,"sample does not have an associated bay program method code"
"886",999,"LRA","ALLARM.LT6","11/19/2003","12:00:00","TDS.1","M1",1896,"CMC","NTWQM",2003-11-19 12:00:00,0.3,"ISM",1,"Water",NA,130,"MG/L",NA,NA,NA,2017-10-27 16:35:13,NA,2,NA,1,1,"S","PARTNTID",NA,NA,4,"sample does not have an associated bay program method code"
"887",999,"LRA","ALLARM.LT5","06/26/2003","12:00:00","NO3N.3","M1",1835,"CMC","NTWQM",2003-06-26 12:00:00,0.3,"ISM",2,"Water",NA,3.7,"MG/L",NA,NA,NA,2017-10-27 16:34:37,NA,2,NA,1,1,"S","PARTNTID",NA,NA,4,"sample does not have an associated bay program method code"
"888",999,"LRA","ALLARM.MG2","04/29/2003","12:00:00","TDS.1","M1",1818,"CMC","NTWQM",2003-04-29 12:00:00,0.3,"ISM",1,"Water",NA,350,"MG/L",NA,NA,NA,2017-10-27 16:34:30,NA,2,NA,1,1,"S","PARTNTID",NA,NA,4,"sample does not have an associated bay program method code"
"889",999,"LRA","ALLARM.LT4","12/11/2003","12:00:00","TDS.1","M1",1906,"CMC","NTWQM",2003-12-11 12:00:00,0.3,"ISM",1,"Water",NA,280,"MG/L",NA,NA,NA,2017-10-27 16:35:20,NA,2,NA,1,1,"S","PARTNTID",NA,NA,4,"sample does not have an associated bay program method code"
"890",999,"LRA","ALLARM.LT7","12/11/2003","12:00:00","NO3N.3","M1",1909,"CMC","NTWQM",2003-12-11 12:00:00,0.3,"ISM",2,"Water",NA,2.7,"MG/L",NA,NA,NA,2017-10-27 16:35:22,NA,2,NA,1,1,"S","PARTNTID",NA,NA,4,"sample does not have an associated bay program method code"
"891",999,"LRA","ALLARM.LT5","12/11/2003","12:00:00","TDS.1","M1",1907,"CMC","NTWQM",2003-12-11 12:00:00,0.3,"ISM",1,"Water",NA,290,"MG/L",NA,NA,NA,2017-10-27 16:35:21,NA,2,NA,1,1,"S","PARTNTID",NA,NA,4,"sample does not have an associated bay program method code"
"892",999,"LRA","ALLARM.LT8","12/11/2003","12:00:00","NO3N.3","M1",1910,"CMC","NTWQM",2003-12-11 12:00:00,0.3,"ISM",2,"Water",NA,2.3,"MG/L",NA,NA,NA,2017-10-27 16:35:23,NA,2,NA,1,1,"S","PARTNTID",NA,NA,4,"sample does not have an associated bay program method code"
"893",999,"LRA","ALLARM.LT6","12/11/2003","12:00:00","TDS.1","M1",1908,"CMC","NTWQM",2003-12-11 12:00:00,0.3,"ISM",1,"Water",NA,280,"MG/L",NA,NA,NA,2017-10-27 16:35:21,NA,2,NA,1,1,"S","PARTNTID",NA,NA,4,"sample does not have an associated bay program method code"
"894",999,"LRA","ALLARM.LT5","07/28/2003","12:00:00","NO3N.3","M1",1847,"CMC","NTWQM",2003-07-28 12:00:00,0.3,"ISM",2,"Water",NA,3.4,"MG/L",NA,NA,NA,2017-10-27 16:34:43,NA,2,NA,1,1,"S","PARTNTID",NA,NA,4,"sample does not have an associated bay program method code"
"895",999,"LRA","ALLARM.LT8","12/11/2003","12:00:00","TDS.1","M1",1910,"CMC","NTWQM",2003-12-11 12:00:00,0.3,"ISM",1,"Water",NA,300,"MG/L",NA,NA,NA,2017-10-27 16:35:23,NA,2,NA,1,1,"S","PARTNTID",NA,NA,4,"sample does not have an associated bay program method code"
"896",999,"LRA","ALLARM.LT5","01/03/2003","12:00:00","TDS.1","M1",1775,"CMC","NTWQM",2003-01-03 12:00:00,0.3,"ISM",1,"Water",NA,310,"MG/L",NA,NA,NA,2017-10-27 16:34:12,NA,2,NA,1,1,"S","PARTNTID",NA,NA,4,"sample does not have an associated bay program method code"
"897",999,"LRA","ALLARM.LT8","01/03/2003","12:00:00","NO3N.3","M1",1778,"CMC","NTWQM",2003-01-03 12:00:00,0.3,"ISM",2,"Water",NA,3.8,"MG/L",NA,NA,NA,2017-10-27 16:34:13,NA,2,NA,1,1,"S","PARTNTID",NA,NA,4,"sample does not have an associated bay program method code"
"898",999,"LRA","ALLARM.LT6","01/03/2003","12:00:00","TDS.1","M1",1776,"CMC","NTWQM",2003-01-03 12:00:00,0.3,"ISM",1,"Water",NA,320,"MG/L",NA,NA,NA,2017-10-27 16:34:13,NA,2,NA,1,1,"S","PARTNTID",NA,NA,4,"sample does not have an associated bay program method code"
"899",999,"LRA","ALLARM.LT4","02/25/2003","12:00:00","TDS.1","M1",1786,"CMC","NTWQM",2003-02-25 12:00:00,0.3,"ISM",1,"Water",NA,270,"MG/L",NA,NA,NA,2017-10-27 16:34:16,NA,2,NA,1,1,"S","PARTNTID",NA,NA,4,"sample does not have an associated bay program method code"
"900",999,"LRA","ALLARM.LT8","07/28/2003","12:00:00","TDS.1","M1",1850,"CMC","NTWQM",2003-07-28 12:00:00,0.3,"ISM",1,"Water",NA,280,"MG/L",NA,NA,NA,2017-10-27 16:34:45,NA,2,NA,1,1,"S","PARTNTID",NA,NA,4,"sample does not have an associated bay program method code"
"901",999,"LRA","ALLARM.LT5","08/27/2003","12:00:00","NO3N.3","M1",1859,"CMC","NTWQM",2003-08-27 12:00:00,0.3,"ISM",2,"Water",NA,4.35,"MG/L",NA,NA,NA,2017-10-27 16:34:50,NA,2,NA,1,1,"S","PARTNTID",NA,NA,4,"sample does not have an associated bay program method code"
"902",999,"LRA","ALLARM.LT9","01/03/2003","12:00:00","TDS.1","M1",1779,"CMC","NTWQM",2003-01-03 12:00:00,0.3,"ISM",1,"Water",NA,340,"MG/L",NA,NA,NA,2017-10-27 16:34:13,NA,2,NA,1,1,"S","PARTNTID",NA,NA,4,"sample does not have an associated bay program method code"
"903",999,"LRA","ALLARM.LT5","02/25/2003","12:00:00","TDS.1","M1",1787,"CMC","NTWQM",2003-02-25 12:00:00,0.3,"ISM",1,"Water",NA,260,"MG/L",NA,NA,NA,2017-10-27 16:34:16,NA,2,NA,1,1,"S","PARTNTID",NA,NA,4,"sample does not have an associated bay program method code"
"904",999,"LRA","ALLARM.LT8","02/25/2003","12:00:00","NO3N.3","M1",1790,"CMC","NTWQM",2003-02-25 12:00:00,0.3,"ISM",2,"Water",NA,5.1,"MG/L",NA,NA,NA,2017-10-27 16:34:16,NA,2,NA,1,1,"S","PARTNTID",NA,NA,4,"sample does not have an associated bay program method code"
"905",999,"LRA","ALLARM.LT6","02/25/2003","12:00:00","TDS.1","M1",1788,"CMC","NTWQM",2003-02-25 12:00:00,0.3,"ISM",1,"Water",NA,260,"MG/L",NA,NA,NA,2017-10-27 16:34:16,NA,2,NA,1,1,"S","PARTNTID",NA,NA,4,"sample does not have an associated bay program method code"
"906",999,"LRA","ALLARM.LT4","03/25/2003","12:00:00","TDS.1","M1",1798,"CMC","NTWQM",2003-03-25 12:00:00,0.3,"ISM",1,"Water",NA,250,"MG/L",NA,NA,NA,2017-10-27 16:34:20,NA,2,NA,1,1,"S","PARTNTID",NA,NA,4,"sample does not have an associated bay program method code"
"907",999,"LRA","ALLARM.LT8","08/27/2003","12:00:00","TDS.1","M1",1862,"CMC","NTWQM",2003-08-27 12:00:00,0.3,"ISM",1,"Water",NA,270,"MG/L",NA,NA,NA,2017-10-27 16:34:52,NA,2,NA,1,1,"S","PARTNTID",NA,NA,4,"sample does not have an associated bay program method code"
"908",999,"LRA","ALLARM.LT5","09/03/2003","12:00:00","NO3N.3","M1",1871,"CMC","NTWQM",2003-09-03 12:00:00,0.3,"ISM",2,"Water",NA,3.1,"MG/L",NA,NA,NA,2017-10-27 16:34:58,NA,2,NA,1,1,"S","PARTNTID",NA,NA,4,"sample does not have an associated bay program method code"
"909",999,"LRA","ALLARM.LT9","02/25/2003","12:00:00","TDS.1","M1",1791,"CMC","NTWQM",2003-02-25 12:00:00,0.3,"ISM",1,"Water",NA,310,"MG/L",NA,NA,NA,2017-10-27 16:34:17,NA,2,NA,1,1,"S","PARTNTID",NA,NA,4,"sample does not have an associated bay program method code"
"910",999,"LRA","ALLARM.LT5","03/25/2003","12:00:00","TDS.1","M1",1799,"CMC","NTWQM",2003-03-25 12:00:00,0.3,"ISM",1,"Water",NA,240,"MG/L",NA,NA,NA,2017-10-27 16:34:20,NA,2,NA,1,1,"S","PARTNTID",NA,NA,4,"sample does not have an associated bay program method code"
"911",999,"LRA","ALLARM.LT8","03/25/2003","12:00:00","NO3N.3","M1",1802,"CMC","NTWQM",2003-03-25 12:00:00,0.3,"ISM",2,"Water",NA,4.5,"MG/L",NA,NA,NA,2017-10-27 16:34:22,NA,2,NA,1,1,"S","PARTNTID",NA,NA,4,"sample does not have an associated bay program method code"
"912",999,"LRA","ALLARM.LT6","03/25/2003","12:00:00","TDS.1","M1",1800,"CMC","NTWQM",2003-03-25 12:00:00,0.3,"ISM",1,"Water",NA,280,"MG/L",NA,NA,NA,2017-10-27 16:34:21,NA,2,NA,1,1,"S","PARTNTID",NA,NA,4,"sample does not have an associated bay program method code"
"913",999,"LRA","ALLARM.LT4","04/29/2003","12:00:00","TDS.1","M1",1810,"CMC","NTWQM",2003-04-29 12:00:00,0.3,"ISM",1,"Water",NA,240,"MG/L",NA,NA,NA,2017-10-27 16:34:26,NA,2,NA,1,1,"S","PARTNTID",NA,NA,4,"sample does not have an associated bay program method code"
"914",999,"LRA","ALLARM.LT8","09/03/2003","12:00:00","TDS.1","M1",1874,"CMC","NTWQM",2003-09-03 12:00:00,0.3,"ISM",1,"Water",NA,290,"MG/L",NA,NA,NA,2017-10-27 16:35:00,NA,2,NA,1,1,"S","PARTNTID",NA,NA,4,"sample does not have an associated bay program method code"
"915",999,"LRA","ALLARM.LT4","10/22/2003","12:00:00","TDS.1","M1",1882,"CMC","NTWQM",2003-10-22 12:00:00,0.3,"ISM",1,"Water",NA,270,"MG/L",NA,NA,NA,2017-10-27 16:35:05,NA,2,NA,1,1,"S","PARTNTID",NA,NA,4,"sample does not have an associated bay program method code"
"916",999,"LRA","ALLARM.LT9","03/25/2003","12:00:00","TDS.1","M1",1803,"CMC","NTWQM",2003-03-25 12:00:00,0.3,"ISM",1,"Water",NA,310,"MG/L",NA,NA,NA,2017-10-27 16:34:22,NA,2,NA,1,1,"S","PARTNTID",NA,NA,4,"sample does not have an associated bay program method code"
"917",999,"LRA","ALLARM.LT5","04/29/2003","12:00:00","TDS.1","M1",1811,"CMC","NTWQM",2003-04-29 12:00:00,0.3,"ISM",1,"Water",NA,250,"MG/L",NA,NA,NA,2017-10-27 16:34:26,NA,2,NA,1,1,"S","PARTNTID",NA,NA,4,"sample does not have an associated bay program method code"
"918",999,"LRA","ALLARM.LT8","04/29/2003","12:00:00","NO3N.3","M1",1814,"CMC","NTWQM",2003-04-29 12:00:00,0.3,"ISM",2,"Water",NA,4.5,"MG/L",NA,NA,NA,2017-10-27 16:34:28,NA,2,NA,1,1,"S","PARTNTID",NA,NA,4,"sample does not have an associated bay program method code"
"919",999,"LRA","ALLARM.LT6","04/29/2003","12:00:00","TDS.1","M1",1812,"CMC","NTWQM",2003-04-29 12:00:00,0.3,"ISM",1,"Water",NA,260,"MG/L",NA,NA,NA,2017-10-27 16:34:27,NA,2,NA,1,1,"S","PARTNTID",NA,NA,4,"sample does not have an associated bay program method code"
"920",999,"LRA","ALLARM.LT4","05/03/2003","12:00:00","TDS.1","M1",1822,"CMC","NTWQM",2003-05-03 12:00:00,0.3,"ISM",1,"Water",NA,240,"MG/L",NA,NA,NA,2017-10-27 16:34:32,NA,2,NA,1,1,"S","PARTNTID",NA,NA,4,"sample does not have an associated bay program method code"
"921",999,"LRA","ALLARM.MG1","04/29/2003","12:00:00","NO3N.3","M1",1817,"CMC","NTWQM",2003-04-29 12:00:00,0.3,"ISM",2,"Water",NA,2.4,"MG/L",NA,NA,NA,2017-10-27 16:34:29,NA,2,NA,1,1,"S","PARTNTID",NA,NA,4,"sample does not have an associated bay program method code"
"922",999,"LRA","ALLARM.MG2","09/03/2003","12:00:00","TDS.1","M1",1878,"CMC","NTWQM",2003-09-03 12:00:00,0.3,"ISM",1,"Water",NA,390,"MG/L",NA,NA,NA,2017-10-27 16:35:02,NA,2,NA,1,1,"S","PARTNTID",NA,NA,4,"sample does not have an associated bay program method code"
"923",999,"LRA","ALLARM.LT9","04/29/2003","12:00:00","TDS.1","M1",1815,"CMC","NTWQM",2003-04-29 12:00:00,0.3,"ISM",1,"Water",NA,340,"MG/L",NA,NA,NA,2017-10-27 16:34:28,NA,2,NA,1,1,"S","PARTNTID",NA,NA,4,"sample does not have an associated bay program method code"
"924",999,"LRA","ALLARM.LT5","05/03/2003","12:00:00","TDS.1","M1",1823,"CMC","NTWQM",2003-05-03 12:00:00,0.3,"ISM",1,"Water",NA,250,"MG/L",NA,NA,NA,2017-10-27 16:34:32,NA,2,NA,1,1,"S","PARTNTID",NA,NA,4,"sample does not have an associated bay program method code"
"925",999,"LRA","ALLARM.LT8","05/03/2003","12:00:00","NO3N.3","M1",1826,"CMC","NTWQM",2003-05-03 12:00:00,0.3,"ISM",2,"Water",NA,2.8,"MG/L",NA,NA,NA,2017-10-27 16:34:33,NA,2,NA,1,1,"S","PARTNTID",NA,NA,4,"sample does not have an associated bay program method code"
"926",999,"LRA","ALLARM.LT6","05/03/2003","12:00:00","TDS.1","M1",1824,"CMC","NTWQM",2003-05-03 12:00:00,0.3,"ISM",1,"Water",NA,260,"MG/L",NA,NA,NA,2017-10-27 16:34:33,NA,2,NA,1,1,"S","PARTNTID",NA,NA,4,"sample does not have an associated bay program method code"
"927",999,"LRA","ALLARM.LT4","06/26/2003","12:00:00","TDS.1","M1",1834,"CMC","NTWQM",2003-06-26 12:00:00,0.3,"ISM",1,"Water",NA,220,"MG/L",NA,NA,NA,2017-10-27 16:34:36,NA,2,NA,1,1,"S","PARTNTID",NA,NA,4,"sample does not have an associated bay program method code"
"928",999,"LRA","ALLARM.MG1","10/22/2003","12:00:00","TDS.1","M1",1889,"CMC","NTWQM",2003-10-22 12:00:00,0.3,"ISM",1,"Water",NA,420,"MG/L",NA,NA,NA,2017-10-27 16:35:08,NA,2,NA,1,1,"S","PARTNTID",NA,NA,4,"sample does not have an associated bay program method code"
"929",999,"LRA","ALLARM.MG1","05/03/2003","12:00:00","NO3N.3","M1",1829,"CMC","NTWQM",2003-05-03 12:00:00,0.3,"ISM",2,"Water",NA,2,"MG/L",NA,NA,NA,2017-10-27 16:34:34,NA,2,NA,1,1,"S","PARTNTID",NA,NA,4,"sample does not have an associated bay program method code"
"930",999,"LRA","ALLARM.MG2","10/22/2003","12:00:00","TDS.1","M1",1890,"CMC","NTWQM",2003-10-22 12:00:00,0.3,"ISM",1,"Water",NA,420,"MG/L",NA,NA,NA,2017-10-27 16:35:09,NA,2,NA,1,1,"S","PARTNTID",NA,NA,4,"sample does not have an associated bay program method code"
"931",999,"LRA","ALLARM.LT5","06/26/2003","12:00:00","TDS.1","M1",1835,"CMC","NTWQM",2003-06-26 12:00:00,0.3,"ISM",1,"Water",NA,230,"MG/L",NA,NA,NA,2017-10-27 16:34:37,NA,2,NA,1,1,"S","PARTNTID",NA,NA,4,"sample does not have an associated bay program method code"
"932",999,"LRA","ALLARM.MG1","11/19/2003","12:00:00","TDS.1","M1",1901,"CMC","NTWQM",2003-11-19 12:00:00,0.3,"ISM",1,"Water",NA,40,"MG/L",NA,NA,NA,2017-10-27 16:35:16,NA,2,NA,1,1,"S","PARTNTID",NA,NA,4,"sample does not have an associated bay program method code"
"933",999,"LRA","ALLARM.LT6","06/26/2003","12:00:00","TDS.1","M1",1836,"CMC","NTWQM",2003-06-26 12:00:00,0.3,"ISM",1,"Water",NA,240,"MG/L",NA,NA,NA,2017-10-27 16:34:37,NA,2,NA,1,1,"S","PARTNTID",NA,NA,4,"sample does not have an associated bay program method code"
"934",999,"LRA","ALLARM.LT4","07/28/2003","12:00:00","TDS.1","M1",1846,"CMC","NTWQM",2003-07-28 12:00:00,0.3,"ISM",1,"Water",NA,250,"MG/L",NA,NA,NA,2017-10-27 16:34:42,NA,2,NA,1,1,"S","PARTNTID",NA,NA,4,"sample does not have an associated bay program method code"
"935",999,"LRA","ALLARM.LT9","12/11/2003","12:00:00","NO3N.3","M1",1911,"CMC","NTWQM",2003-12-11 12:00:00,0.3,"ISM",2,"Water",NA,2.4,"MG/L",NA,NA,NA,2017-10-27 16:35:24,NA,2,NA,1,1,"S","PARTNTID",NA,NA,4,"sample does not have an associated bay program method code"
"936",999,"LRA","ALLARM.MG1","06/26/2003","12:00:00","NO3N.3","M1",1841,"CMC","NTWQM",2003-06-26 12:00:00,0.3,"ISM",2,"Water",NA,3.1,"MG/L",NA,NA,NA,2017-10-27 16:34:39,NA,2,NA,1,1,"S","PARTNTID",NA,NA,4,"sample does not have an associated bay program method code"
"937",999,"LRA","ALLARM.MG1","08/27/2003","12:00:00","NO3N.3","M1",1865,"CMC","NTWQM",2003-08-27 12:00:00,0.3,"ISM",2,"Water",NA,2.85,"MG/L",NA,NA,NA,2017-10-27 16:34:54,NA,2,NA,1,1,"S","PARTNTID",NA,NA,4,"sample does not have an associated bay program method code"
"938",999,"LRA","ALLARM.LT7","01/03/2003","12:00:00","NO3N.3","M1",1777,"CMC","NTWQM",2003-01-03 12:00:00,0.3,"ISM",2,"Water",NA,3.95,"MG/L",NA,NA,NA,2017-10-27 16:34:13,NA,2,NA,1,1,"S","PARTNTID",NA,NA,4,"sample does not have an associated bay program method code"
"939",999,"LRA","ALLARM.LT9","01/03/2003","12:00:00","NO3N.3","M1",1779,"CMC","NTWQM",2003-01-03 12:00:00,0.3,"ISM",2,"Water",NA,3.65,"MG/L",NA,NA,NA,2017-10-27 16:34:13,NA,2,NA,1,1,"S","PARTNTID",NA,NA,4,"sample does not have an associated bay program method code"
"940",999,"LRA","ALLARM.LT6","07/28/2003","12:00:00","TDS.1","M1",1848,"CMC","NTWQM",2003-07-28 12:00:00,0.3,"ISM",1,"Water",NA,250,"MG/L",NA,NA,NA,2017-10-27 16:34:43,NA,2,NA,1,1,"S","PARTNTID",NA,NA,4,"sample does not have an associated bay program method code"
"941",999,"LRA","ALLARM.LT4","08/27/2003","12:00:00","TDS.1","M1",1858,"CMC","NTWQM",2003-08-27 12:00:00,0.3,"ISM",1,"Water",NA,250,"MG/L",NA,NA,NA,2017-10-27 16:34:49,NA,2,NA,1,1,"S","PARTNTID",NA,NA,4,"sample does not have an associated bay program method code"
"942",999,"LRA","ALLARM.MG1","01/03/2003","12:00:00","NO3N.3","M1",1781,"CMC","NTWQM",2003-01-03 12:00:00,0.3,"ISM",2,"Water",NA,2.65,"MG/L",NA,NA,NA,2017-10-27 16:34:14,NA,2,NA,1,1,"S","PARTNTID",NA,NA,4,"sample does not have an associated bay program method code"
"943",999,"LRA","ALLARM.MG1","07/28/2003","12:00:00","NO3N.3","M1",1853,"CMC","NTWQM",2003-07-28 12:00:00,0.3,"ISM",2,"Water",NA,2.3,"MG/L",NA,NA,NA,2017-10-27 16:34:46,NA,2,NA,1,1,"S","PARTNTID",NA,NA,4,"sample does not have an associated bay program method code"
"944",999,"LRA","ALLARM.MG1","09/03/2003","12:00:00","NO3N.3","M1",1877,"CMC","NTWQM",2003-09-03 12:00:00,0.3,"ISM",2,"Water",NA,2.1,"MG/L",NA,NA,NA,2017-10-27 16:35:02,NA,2,NA,1,1,"S","PARTNTID",NA,NA,4,"sample does not have an associated bay program method code"
"945",999,"LRA","ALLARM.LT7","02/25/2003","12:00:00","NO3N.3","M1",1789,"CMC","NTWQM",2003-02-25 12:00:00,0.3,"ISM",2,"Water",NA,4,"MG/L",NA,NA,NA,2017-10-27 16:34:16,NA,2,NA,1,1,"S","PARTNTID",NA,NA,4,"sample does not have an associated bay program method code"
"946",999,"LRA","ALLARM.LT9","02/25/2003","12:00:00","NO3N.3","M1",1791,"CMC","NTWQM",2003-02-25 12:00:00,0.3,"ISM",2,"Water",NA,4.4,"MG/L",NA,NA,NA,2017-10-27 16:34:17,NA,2,NA,1,1,"S","PARTNTID",NA,NA,4,"sample does not have an associated bay program method code"
"947",999,"LRA","ALLARM.LT6","08/27/2003","12:00:00","TDS.1","M1",1860,"CMC","NTWQM",2003-08-27 12:00:00,0.3,"ISM",1,"Water",NA,250,"MG/L",NA,NA,NA,2017-10-27 16:34:50,NA,2,NA,1,1,"S","PARTNTID",NA,NA,4,"sample does not have an associated bay program method code"
"948",999,"LRA","ALLARM.LT4","09/03/2003","12:00:00","TDS.1","M1",1870,"CMC","NTWQM",2003-09-03 12:00:00,0.3,"ISM",1,"Water",NA,260,"MG/L",NA,NA,NA,2017-10-27 16:34:57,NA,2,NA,1,1,"S","PARTNTID",NA,NA,4,"sample does not have an associated bay program method code"
"949",999,"LRA","ALLARM.MG1","02/25/2003","12:00:00","NO3N.3","M1",1793,"CMC","NTWQM",2003-02-25 12:00:00,0.3,"ISM",2,"Water",NA,3.6,"MG/L",NA,NA,NA,2017-10-27 16:34:18,NA,2,NA,1,1,"S","PARTNTID",NA,NA,4,"sample does not have an associated bay program method code"
"950",999,"LRA","ALLARM.MG2","05/03/2003","12:00:00","TDS.1","M1",1830,"CMC","NTWQM",2003-05-03 12:00:00,0.3,"ISM",1,"Water",NA,410,"MG/L",NA,NA,NA,2017-10-27 16:34:35,NA,2,NA,1,1,"S","PARTNTID",NA,NA,4,"sample does not have an associated bay program method code"
"951",999,"LRA","ALLARM.MG1","10/22/2003","12:00:00","NO3N.3","M1",1889,"CMC","NTWQM",2003-10-22 12:00:00,0.3,"ISM",2,"Water",NA,2.6,"MG/L",NA,NA,NA,2017-10-27 16:35:08,NA,2,NA,1,1,"S","PARTNTID",NA,NA,4,"sample does not have an associated bay program method code"
"952",999,"LRA","ALLARM.LT7","03/25/2003","12:00:00","NO3N.3","M1",1801,"CMC","NTWQM",2003-03-25 12:00:00,0.3,"ISM",2,"Water",NA,4.1,"MG/L",NA,NA,NA,2017-10-27 16:34:21,NA,2,NA,1,1,"S","PARTNTID",NA,NA,4,"sample does not have an associated bay program method code"
"953",999,"LRA","ALLARM.LT9","03/25/2003","12:00:00","NO3N.3","M1",1803,"CMC","NTWQM",2003-03-25 12:00:00,0.3,"ISM",2,"Water",NA,4.1,"MG/L",NA,NA,NA,2017-10-27 16:34:22,NA,2,NA,1,1,"S","PARTNTID",NA,NA,4,"sample does not have an associated bay program method code"
"954",999,"LRA","ALLARM.LT6","09/03/2003","12:00:00","TDS.1","M1",1872,"CMC","NTWQM",2003-09-03 12:00:00,0.3,"ISM",1,"Water",NA,270,"MG/L",NA,NA,NA,2017-10-27 16:34:58,NA,2,NA,1,1,"S","PARTNTID",NA,NA,4,"sample does not have an associated bay program method code"
"955",999,"LRA","ALLARM.MG1","03/25/2003","12:00:00","NO3N.3","M1",1805,"CMC","NTWQM",2003-03-25 12:00:00,0.3,"ISM",2,"Water",NA,4,"MG/L",NA,NA,NA,2017-10-27 16:34:23,NA,2,NA,1,1,"S","PARTNTID",NA,NA,4,"sample does not have an associated bay program method code"
"956",999,"LRA","ALLARM.MG2","08/27/2003","12:00:00","TDS.1","M1",1866,"CMC","NTWQM",2003-08-27 12:00:00,0.3,"ISM",1,"Water",NA,390,"MG/L",NA,NA,NA,2017-10-27 16:34:54,NA,2,NA,1,1,"S","PARTNTID",NA,NA,4,"sample does not have an associated bay program method code"
"957",999,"LRA","ALLARM.LT6","10/22/2003","12:00:00","TDS.1","M1",1884,"CMC","NTWQM",2003-10-22 12:00:00,0.3,"ISM",1,"Water",NA,270,"MG/L",NA,NA,NA,2017-10-27 16:35:06,NA,2,NA,1,1,"S","PARTNTID",NA,NA,4,"sample does not have an associated bay program method code"
"958",999,"LRA","ALLARM.MG2","11/19/2003","12:00:00","TDS.1","M1",1902,"CMC","NTWQM",2003-11-19 12:00:00,0.3,"ISM",1,"Water",NA,50,"MG/L",NA,NA,NA,2017-10-27 16:35:17,NA,2,NA,1,1,"S","PARTNTID",NA,NA,4,"sample does not have an associated bay program method code"
"959",999,"LRA","ALLARM.LT8","10/22/2003","12:00:00","NO3N.3","M1",1886,"CMC","NTWQM",2003-10-22 12:00:00,0.3,"ISM",2,"Water",NA,3.8,"MG/L",NA,NA,NA,2017-10-27 16:35:07,NA,2,NA,1,1,"S","PARTNTID",NA,NA,4,"sample does not have an associated bay program method code"
"960",999,"LRA","ALLARM.LT9","04/29/2003","12:00:00","NO3N.3","M1",1815,"CMC","NTWQM",2003-04-29 12:00:00,0.3,"ISM",2,"Water",NA,4.5,"MG/L",NA,NA,NA,2017-10-27 16:34:28,NA,2,NA,1,1,"S","PARTNTID",NA,NA,4,"sample does not have an associated bay program method code"
"961",999,"LRA","ALLARM.MG1","12/11/2003","12:00:00","NO3N.3","M1",1913,"CMC","NTWQM",2003-12-11 12:00:00,0.3,"ISM",2,"Water",NA,2.8,"MG/L",NA,NA,NA,2017-10-27 16:35:26,NA,2,NA,1,1,"S","PARTNTID",NA,NA,4,"sample does not have an associated bay program method code"
"962",999,"LRA","ALLARM.LT8","11/19/2003","12:00:00","NO3N.3","M1",1898,"CMC","NTWQM",2003-11-19 12:00:00,0.3,"ISM",2,"Water",NA,2.5,"MG/L",NA,NA,NA,2017-10-27 16:35:14,NA,2,NA,1,1,"S","PARTNTID",NA,NA,4,"sample does not have an associated bay program method code"
"963",999,"LRA","ALLARM.MG2","07/28/2003","12:00:00","NO3N.3","M1",1854,"CMC","NTWQM",2003-07-28 12:00:00,0.3,"ISM",2,"Water",NA,1.85,"MG/L",NA,NA,NA,2017-10-27 16:34:47,NA,2,NA,1,1,"S","PARTNTID",NA,NA,4,"sample does not have an associated bay program method code"
"964",999,"LRA","ALLARM.MG2","05/03/2003","12:00:00","NO3N.3","M1",1830,"CMC","NTWQM",2003-05-03 12:00:00,0.3,"ISM",2,"Water",NA,2.1,"MG/L",NA,NA,NA,2017-10-27 16:34:35,NA,2,NA,1,1,"S","PARTNTID",NA,NA,4,"sample does not have an associated bay program method code"
"965",999,"LRA","ALLARM.MG2","12/11/2003","12:00:00","TDS.1","M1",1914,"CMC","NTWQM",2003-12-11 12:00:00,0.3,"ISM",1,"Water",NA,420,"MG/L",NA,NA,NA,2017-10-27 16:35:26,NA,2,NA,1,1,"S","PARTNTID",NA,NA,4,"sample does not have an associated bay program method code"
"966",999,"LRA","ALLARM.LT8","06/26/2003","12:00:00","TDS.1","M1",1838,"CMC","NTWQM",2003-06-26 12:00:00,0.3,"ISM",1,"Water",NA,250,"MG/L",NA,NA,NA,2017-10-27 16:34:38,NA,2,NA,1,1,"S","PARTNTID",NA,NA,4,"sample does not have an associated bay program method code"
"967",999,"LRA","ALLARM.LT8","05/03/2003","12:00:00","TDS.1","M1",1826,"CMC","NTWQM",2003-05-03 12:00:00,0.3,"ISM",1,"Water",NA,260,"MG/L",NA,NA,NA,2017-10-27 16:34:33,NA,2,NA,1,1,"S","PARTNTID",NA,NA,4,"sample does not have an associated bay program method code"
"968",999,"LRA","ALLARM.MG2","06/26/2003","12:00:00","TDS.1","M1",1842,"CMC","NTWQM",2003-06-26 12:00:00,0.3,"ISM",1,"Water",NA,370,"MG/L",NA,NA,NA,2017-10-27 16:34:40,NA,2,NA,1,1,"S","PARTNTID",NA,NA,4,"sample does not have an associated bay program method code"
"969",999,"LRA","ALLARM.LT8","06/26/2003","12:00:00","NO3N.3","M1",1838,"CMC","NTWQM",2003-06-26 12:00:00,0.3,"ISM",2,"Water",NA,3.9,"MG/L",NA,NA,NA,2017-10-27 16:34:38,NA,2,NA,1,1,"S","PARTNTID",NA,NA,4,"sample does not have an associated bay program method code"
"970",999,"LRA","ALLARM.MG2","06/26/2003","12:00:00","NO3N.3","M1",1842,"CMC","NTWQM",2003-06-26 12:00:00,0.3,"ISM",2,"Water",NA,2.4,"MG/L",NA,NA,NA,2017-10-27 16:34:40,NA,2,NA,1,1,"S","PARTNTID",NA,NA,4,"sample does not have an associated bay program method code"
"971",999,"LRA","ALLARM.MG2","07/28/2003","12:00:00","TDS.1","M1",1854,"CMC","NTWQM",2003-07-28 12:00:00,0.3,"ISM",1,"Water",NA,440,"MG/L",NA,NA,NA,2017-10-27 16:34:47,NA,2,NA,1,1,"S","PARTNTID",NA,NA,4,"sample does not have an associated bay program method code"
"972",999,"LRA","ALLARM.MG1","05/03/2003","12:00:00","TDS.1","M1",1829,"CMC","NTWQM",2003-05-03 12:00:00,0.3,"ISM",1,"Water",NA,420,"MG/L",NA,NA,NA,2017-10-27 16:34:34,NA,2,NA,1,1,"S","PARTNTID",NA,NA,4,"sample does not have an associated bay program method code"
"973",999,"LRA","ALLARM.MG2","08/27/2003","12:00:00","NO3N.3","M1",1866,"CMC","NTWQM",2003-08-27 12:00:00,0.3,"ISM",2,"Water",NA,2.5,"MG/L",NA,NA,NA,2017-10-27 16:34:54,NA,2,NA,1,1,"S","PARTNTID",NA,NA,4,"sample does not have an associated bay program method code"
"974",999,"LRA","ALLARM.MG2","01/03/2003","12:00:00","TDS.1","M1",1782,"CMC","NTWQM",2003-01-03 12:00:00,0.3,"ISM",1,"Water",NA,500,"MG/L",NA,NA,NA,2017-10-27 16:34:14,NA,2,NA,1,1,"S","PARTNTID",NA,NA,4,"sample does not have an associated bay program method code"
"975",999,"LRA","ALLARM.MG1","12/11/2003","12:00:00","TDS.1","M1",1913,"CMC","NTWQM",2003-12-11 12:00:00,0.3,"ISM",1,"Water",NA,440,"MG/L",NA,NA,NA,2017-10-27 16:35:26,NA,2,NA,1,1,"S","PARTNTID",NA,NA,4,"sample does not have an associated bay program method code"
"976",999,"LRA","ALLARM.MG2","09/03/2003","12:00:00","NO3N.3","M1",1878,"CMC","NTWQM",2003-09-03 12:00:00,0.3,"ISM",2,"Water",NA,2.3,"MG/L",NA,NA,NA,2017-10-27 16:35:02,NA,2,NA,1,1,"S","PARTNTID",NA,NA,4,"sample does not have an associated bay program method code"
"977",999,"LRA","ALLARM.MG2","01/03/2003","12:00:00","NO3N.3","M1",1782,"CMC","NTWQM",2003-01-03 12:00:00,0.3,"ISM",2,"Water",NA,2.85,"MG/L",NA,NA,NA,2017-10-27 16:34:14,NA,2,NA,1,1,"S","PARTNTID",NA,NA,4,"sample does not have an associated bay program method code"
"978",999,"LRA","ALLARM.LT7","11/19/2003","12:00:00","NO3N.3","M1",1897,"CMC","NTWQM",2003-11-19 12:00:00,0.3,"ISM",2,"Water",NA,1.3,"MG/L",NA,NA,NA,2017-10-27 16:35:14,NA,2,NA,1,1,"S","PARTNTID",NA,NA,4,"sample does not have an associated bay program method code"
"979",999,"LRA","ALLARM.MG1","01/03/2003","12:00:00","TDS.1","M1",1781,"CMC","NTWQM",2003-01-03 12:00:00,0.3,"ISM",1,"Water",NA,530,"MG/L",NA,NA,NA,2017-10-27 16:34:14,NA,2,NA,1,1,"S","PARTNTID",NA,NA,4,"sample does not have an associated bay program method code"
"980",999,"LRA","ALLARM.MG2","12/11/2003","12:00:00","NO3N.3","M1",1914,"CMC","NTWQM",2003-12-11 12:00:00,0.3,"ISM",2,"Water",NA,2.4,"MG/L",NA,NA,NA,2017-10-27 16:35:26,NA,2,NA,1,1,"S","PARTNTID",NA,NA,4,"sample does not have an associated bay program method code"
"981",999,"LRA","ALLARM.MG2","02/25/2003","12:00:00","TDS.1","M1",1794,"CMC","NTWQM",2003-02-25 12:00:00,0.3,"ISM",1,"Water",NA,250,"MG/L",NA,NA,NA,2017-10-27 16:34:18,NA,2,NA,1,1,"S","PARTNTID",NA,NA,4,"sample does not have an associated bay program method code"
"982",999,"LRA","ALLARM.MG2","04/29/2003","12:00:00","NO3N.3","M1",1818,"CMC","NTWQM",2003-04-29 12:00:00,0.3,"ISM",2,"Water",NA,2.2,"MG/L",NA,NA,NA,2017-10-27 16:34:30,NA,2,NA,1,1,"S","PARTNTID",NA,NA,4,"sample does not have an associated bay program method code"
"983",999,"LRA","ALLARM.MG2","10/22/2003","12:00:00","NO3N.3","M1",1890,"CMC","NTWQM",2003-10-22 12:00:00,0.3,"ISM",2,"Water",NA,2.3,"MG/L",NA,NA,NA,2017-10-27 16:35:09,NA,2,NA,1,1,"S","PARTNTID",NA,NA,4,"sample does not have an associated bay program method code"
"984",999,"LRA","ALLARM.LT9","11/19/2003","12:00:00","TDS.1","M1",1899,"CMC","NTWQM",2003-11-19 12:00:00,0.3,"ISM",1,"Water",NA,290,"MG/L",NA,NA,NA,2017-10-27 16:35:15,NA,2,NA,1,1,"S","PARTNTID",NA,NA,4,"sample does not have an associated bay program method code"
"985",999,"LRA","ALLARM.MG1","09/03/2003","12:00:00","TDS.1","M1",1877,"CMC","NTWQM",2003-09-03 12:00:00,0.3,"ISM",1,"Water",NA,410,"MG/L",NA,NA,NA,2017-10-27 16:35:02,NA,2,NA,1,1,"S","PARTNTID",NA,NA,4,"sample does not have an associated bay program method code"
"986",999,"LRA","ALLARM.LT8","08/27/2003","12:00:00","NO3N.3","M1",1862,"CMC","NTWQM",2003-08-27 12:00:00,0.3,"ISM",2,"Water",NA,4,"MG/L",NA,NA,NA,2017-10-27 16:34:52,NA,2,NA,1,1,"S","PARTNTID",NA,NA,4,"sample does not have an associated bay program method code"
"987",999,"LRA","ALLARM.MG2","03/25/2003","12:00:00","NO3N.3","M1",1806,"CMC","NTWQM",2003-03-25 12:00:00,0.3,"ISM",2,"Water",NA,3,"MG/L",NA,NA,NA,2017-10-27 16:34:24,NA,2,NA,1,1,"S","PARTNTID",NA,NA,4,"sample does not have an associated bay program method code"
"988",999,"LRA","ALLARM.MG2","02/25/2003","12:00:00","NO3N.3","M1",1794,"CMC","NTWQM",2003-02-25 12:00:00,0.3,"ISM",2,"Water",NA,3.6,"MG/L",NA,NA,NA,2017-10-27 16:34:18,NA,2,NA,1,1,"S","PARTNTID",NA,NA,4,"sample does not have an associated bay program method code"
"989",999,"LRA","ALLARM.MG1","07/28/2003","12:00:00","TDS.1","M1",1853,"CMC","NTWQM",2003-07-28 12:00:00,0.3,"ISM",1,"Water",NA,420,"MG/L",NA,NA,NA,2017-10-27 16:34:46,NA,2,NA,1,1,"S","PARTNTID",NA,NA,4,"sample does not have an associated bay program method code"
"990",999,"LRA","ALLARM.LT9","12/11/2003","12:00:00","TDS.1","M1",1911,"CMC","NTWQM",2003-12-11 12:00:00,0.3,"ISM",1,"Water",NA,290,"MG/L",NA,NA,NA,2017-10-27 16:35:24,NA,2,NA,1,1,"S","PARTNTID",NA,NA,4,"sample does not have an associated bay program method code"
"991",999,"LRA","ALLARM.MG2","03/25/2003","12:00:00","TDS.1","M1",1806,"CMC","NTWQM",2003-03-25 12:00:00,0.3,"ISM",1,"Water",NA,440,"MG/L",NA,NA,NA,2017-10-27 16:34:24,NA,2,NA,1,1,"S","PARTNTID",NA,NA,4,"sample does not have an associated bay program method code"
"992",999,"LRA","ALLARM.LT8","07/28/2003","12:00:00","NO3N.3","M1",1850,"CMC","NTWQM",2003-07-28 12:00:00,0.3,"ISM",2,"Water",NA,3.5,"MG/L",NA,NA,NA,2017-10-27 16:34:45,NA,2,NA,1,1,"S","PARTNTID",NA,NA,4,"sample does not have an associated bay program method code"
"993",999,"LRA","ALLARM.MG1","06/26/2003","12:00:00","TDS.1","M1",1841,"CMC","NTWQM",2003-06-26 12:00:00,0.3,"ISM",1,"Water",NA,380,"MG/L",NA,NA,NA,2017-10-27 16:34:39,NA,2,NA,1,1,"S","PARTNTID",NA,NA,4,"sample does not have an associated bay program method code"
"994",999,"LRA","ALLARM.LT8","09/03/2003","12:00:00","NO3N.3","M1",1874,"CMC","NTWQM",2003-09-03 12:00:00,0.3,"ISM",2,"Water",NA,1.8,"MG/L",NA,NA,NA,2017-10-27 16:35:00,NA,2,NA,1,1,"S","PARTNTID",NA,NA,4,"sample does not have an associated bay program method code"
"995",999,"LRA","ALLARM.LT6","12/11/2003","12:00:00","NO3N.3","M1",1908,"CMC","NTWQM",2003-12-11 12:00:00,0.3,"ISM",2,"Water",NA,2.8,"MG/L",NA,NA,NA,2017-10-27 16:35:21,NA,2,NA,1,1,"S","PARTNTID",NA,NA,4,"sample does not have an associated bay program method code"
"996",999,"LRA","ALLARM.MG1","08/27/2003","12:00:00","TDS.1","M1",1865,"CMC","NTWQM",2003-08-27 12:00:00,0.3,"ISM",1,"Water",NA,400,"MG/L",NA,NA,NA,2017-10-27 16:34:54,NA,2,NA,1,1,"S","PARTNTID",NA,NA,4,"sample does not have an associated bay program method code"
