"","paramMethod","SOURCE","STATION","SAMPLE_DATE","SAMPLE_TIME","paramCode","SAMPLE_ID","EventId","AGENCY","PROGRAM","DateTime","DEPTH","SAMPLE_TYPE","TIER","Matrix","QUALIFIER","VALUE","UNITS","PROBLEM","LAB","labName","modifiedDate","detLimit","qaFlag","COMMENTS","count.x","count.y","LAYER","PROJECT","SampleAnalyticalMethodIdentifier","SubstanceIdentificationName","errorCode","errorName"
"754",999,"LRA","ALLARM.LT1","07/30/2001","12:00:00","NO3N.3","M1",1568,"CMC","NTWQM",2001-07-30 12:00:00,0.3,"ISM",2,"Water",NA,6.5,"MG/L",NA,NA,NA,2017-10-27 16:02:32,NA,2,NA,1,1,"S","PARTNTID",NA,NA,4,"sample does not have an associated bay program method code"
"755",999,"LRA","ALLARM.LT10","12/05/2001","12:00:00","TDS.1","M1",1632,"CMC","NTWQM",2001-12-05 12:00:00,0.3,"ISM",1,"Water",NA,280,"MG/L",NA,NA,NA,2017-10-27 16:04:43,NA,2,NA,1,1,"S","PARTNTID",NA,NA,4,"sample does not have an associated bay program method code"
"756",999,"LRA","ALLARM.LT6","04/30/2001","12:00:00","TDS.1","M1",1537,"CMC","NTWQM",2001-04-30 12:00:00,0.3,"ISM",1,"Water",NA,220,"MG/L",NA,NA,NA,2017-10-27 16:01:36,NA,2,NA,1,1,"S","PARTNTID",NA,NA,4,"sample does not have an associated bay program method code"
"757",999,"LRA","ALLARM.LT1","07/30/2001","12:00:00","TDS.1","M1",1568,"CMC","NTWQM",2001-07-30 12:00:00,0.3,"ISM",1,"Water",NA,230,"MG/L",NA,NA,NA,2017-10-27 16:02:32,NA,2,NA,1,1,"S","PARTNTID",NA,NA,4,"sample does not have an associated bay program method code"
"758",999,"LRA","ALLARM.LT4","11/13/2001","12:00:00","TDS.1","M1",1615,"CMC","NTWQM",2001-11-13 12:00:00,0.3,"ISM",1,"Water",NA,270,"MG/L",NA,NA,NA,2017-10-27 16:04:06,NA,2,NA,1,1,"S","PARTNTID",NA,NA,4,"sample does not have an associated bay program method code"
"759",999,"LRA","ALLARM.LT2","01/29/2001","12:00:00","NO3N.3","M1",1499,"CMC","NTWQM",2001-01-29 12:00:00,0.3,"ISM",2,"Water",NA,6.5,"MG/L",NA,NA,NA,2017-10-27 16:00:31,NA,2,NA,1,1,"S","PARTNTID",NA,NA,4,"sample does not have an associated bay program method code"
"760",999,"LRA","ALLARM.LT3","06/27/2001","12:00:00","TDS.1","M1",1558,"CMC","NTWQM",2001-06-27 12:00:00,0.3,"ISM",1,"Water",NA,210,"MG/L",NA,NA,NA,2017-10-27 16:02:13,NA,2,NA,1,1,"S","PARTNTID",NA,NA,4,"sample does not have an associated bay program method code"
"761",999,"LRA","ALLARM.LT1","08/30/2001","12:00:00","NO3N.3","M1",1579,"CMC","NTWQM",2001-08-30 12:00:00,0.3,"ISM",2,"Water",NA,6.9,"MG/L",NA,NA,NA,2017-10-27 16:02:53,NA,2,NA,1,1,"S","PARTNTID",NA,NA,4,"sample does not have an associated bay program method code"
"762",999,"LRA","ALLARM.LT2","01/29/2001","12:00:00","TDS.1","M1",1499,"CMC","NTWQM",2001-01-29 12:00:00,0.3,"ISM",1,"Water",NA,210,"MG/L",NA,NA,NA,2017-10-27 16:00:31,NA,2,NA,1,1,"S","PARTNTID",NA,NA,4,"sample does not have an associated bay program method code"
"763",999,"LRA","ALLARM.LT6","05/30/2001","12:00:00","TDS.1","M1",1549,"CMC","NTWQM",2001-05-30 12:00:00,0.3,"ISM",1,"Water",NA,250,"MG/L",NA,NA,NA,2017-10-27 16:01:57,NA,2,NA,1,1,"S","PARTNTID",NA,NA,4,"sample does not have an associated bay program method code"
"764",999,"LRA","ALLARM.LT1","08/30/2001","12:00:00","TDS.1","M1",1579,"CMC","NTWQM",2001-08-30 12:00:00,0.3,"ISM",1,"Water",NA,230,"MG/L",NA,NA,NA,2017-10-27 16:02:53,NA,2,NA,1,1,"S","PARTNTID",NA,NA,4,"sample does not have an associated bay program method code"
"765",999,"LRA","ALLARM.LT4","12/05/2001","12:00:00","TDS.1","M1",1626,"CMC","NTWQM",2001-12-05 12:00:00,0.3,"ISM",1,"Water",NA,220,"MG/L",NA,NA,NA,2017-10-27 16:04:29,NA,2,NA,1,1,"S","PARTNTID",NA,NA,4,"sample does not have an associated bay program method code"
"766",999,"LRA","ALLARM.LT2","02/26/2001","12:00:00","NO3N.3","M1",1509,"CMC","NTWQM",2001-02-26 12:00:00,0.3,"ISM",2,"Water",NA,6.1,"MG/L",NA,NA,NA,2017-10-27 16:00:47,NA,2,NA,1,1,"S","PARTNTID",NA,NA,4,"sample does not have an associated bay program method code"
"767",999,"LRA","ALLARM.LT3","07/30/2001","12:00:00","TDS.1","M1",1570,"CMC","NTWQM",2001-07-30 12:00:00,0.3,"ISM",1,"Water",NA,250,"MG/L",NA,NA,NA,2017-10-27 16:02:36,NA,2,NA,1,1,"S","PARTNTID",NA,NA,4,"sample does not have an associated bay program method code"
"768",999,"LRA","ALLARM.LT1","09/18/2001","12:00:00","NO3N.3","M1",1590,"CMC","NTWQM",2001-09-18 12:00:00,0.3,"ISM",2,"Water",NA,6.6,"MG/L",NA,NA,NA,2017-10-27 16:03:15,NA,2,NA,1,1,"S","PARTNTID",NA,NA,4,"sample does not have an associated bay program method code"
"769",999,"LRA","ALLARM.LT2","02/26/2001","12:00:00","TDS.1","M1",1509,"CMC","NTWQM",2001-02-26 12:00:00,0.3,"ISM",1,"Water",NA,230,"MG/L",NA,NA,NA,2017-10-27 16:00:47,NA,2,NA,1,1,"S","PARTNTID",NA,NA,4,"sample does not have an associated bay program method code"
"770",999,"LRA","ALLARM.LT6","06/27/2001","12:00:00","TDS.1","M1",1561,"CMC","NTWQM",2001-06-27 12:00:00,0.3,"ISM",1,"Water",NA,230,"MG/L",NA,NA,NA,2017-10-27 16:02:19,NA,2,NA,1,1,"S","PARTNTID",NA,NA,4,"sample does not have an associated bay program method code"
"771",999,"LRA","ALLARM.LT1","09/18/2001","12:00:00","TDS.1","M1",1590,"CMC","NTWQM",2001-09-18 12:00:00,0.3,"ISM",1,"Water",NA,270,"MG/L",NA,NA,NA,2017-10-27 16:03:15,NA,2,NA,1,1,"S","PARTNTID",NA,NA,4,"sample does not have an associated bay program method code"
"772",999,"LRA","ALLARM.LT5","01/29/2001","12:00:00","TDS.1","M1",1502,"CMC","NTWQM",2001-01-29 12:00:00,0.3,"ISM",1,"Water",NA,260,"MG/L",NA,NA,NA,2017-10-27 16:00:36,NA,2,NA,1,1,"S","PARTNTID",NA,NA,4,"sample does not have an associated bay program method code"
"773",999,"LRA","ALLARM.LT2","03/26/2001","12:00:00","NO3N.3","M1",1521,"CMC","NTWQM",2001-03-26 12:00:00,0.3,"ISM",2,"Water",NA,7.1,"MG/L",NA,NA,NA,2017-10-27 16:01:07,NA,2,NA,1,1,"S","PARTNTID",NA,NA,4,"sample does not have an associated bay program method code"
"774",999,"LRA","ALLARM.LT3","08/30/2001","12:00:00","TDS.1","M1",1581,"CMC","NTWQM",2001-08-30 12:00:00,0.3,"ISM",1,"Water",NA,240,"MG/L",NA,NA,NA,2017-10-27 16:02:57,NA,2,NA,1,1,"S","PARTNTID",NA,NA,4,"sample does not have an associated bay program method code"
"775",999,"LRA","ALLARM.LT1","10/17/2001","12:00:00","NO3N.3","M1",1601,"CMC","NTWQM",2001-10-17 12:00:00,0.3,"ISM",2,"Water",NA,5.8,"MG/L",NA,NA,NA,2017-10-27 16:03:36,NA,2,NA,1,1,"S","PARTNTID",NA,NA,4,"sample does not have an associated bay program method code"
"776",999,"LRA","ALLARM.LT2","03/26/2001","12:00:00","TDS.1","M1",1521,"CMC","NTWQM",2001-03-26 12:00:00,0.3,"ISM",1,"Water",NA,250,"MG/L",NA,NA,NA,2017-10-27 16:01:07,NA,2,NA,1,1,"S","PARTNTID",NA,NA,4,"sample does not have an associated bay program method code"
"777",999,"LRA","ALLARM.LT6","07/30/2001","12:00:00","TDS.1","M1",1573,"CMC","NTWQM",2001-07-30 12:00:00,0.3,"ISM",1,"Water",NA,240,"MG/L",NA,NA,NA,2017-10-27 16:02:41,NA,2,NA,1,1,"S","PARTNTID",NA,NA,4,"sample does not have an associated bay program method code"
"778",999,"LRA","ALLARM.LT1","10/17/2001","12:00:00","TDS.1","M1",1601,"CMC","NTWQM",2001-10-17 12:00:00,0.3,"ISM",1,"Water",NA,280,"MG/L",NA,NA,NA,2017-10-27 16:03:36,NA,2,NA,1,1,"S","PARTNTID",NA,NA,4,"sample does not have an associated bay program method code"
"779",999,"LRA","ALLARM.LT5","02/26/2001","12:00:00","TDS.1","M1",1512,"CMC","NTWQM",2001-02-26 12:00:00,0.3,"ISM",1,"Water",NA,270,"MG/L",NA,NA,NA,2017-10-27 16:00:52,NA,2,NA,1,1,"S","PARTNTID",NA,NA,4,"sample does not have an associated bay program method code"
"780",999,"LRA","ALLARM.LT2","04/30/2001","12:00:00","NO3N.3","M1",1533,"CMC","NTWQM",2001-04-30 12:00:00,0.3,"ISM",2,"Water",NA,6.7,"MG/L",NA,NA,NA,2017-10-27 16:01:28,NA,2,NA,1,1,"S","PARTNTID",NA,NA,4,"sample does not have an associated bay program method code"
"781",999,"LRA","ALLARM.LT3","09/18/2001","12:00:00","TDS.1","M1",1592,"CMC","NTWQM",2001-09-18 12:00:00,0.3,"ISM",1,"Water",NA,280,"MG/L",NA,NA,NA,2017-10-27 16:03:19,NA,2,NA,1,1,"S","PARTNTID",NA,NA,4,"sample does not have an associated bay program method code"
"782",999,"LRA","ALLARM.LT1","11/13/2001","12:00:00","NO3N.3","M1",1612,"CMC","NTWQM",2001-11-13 12:00:00,0.3,"ISM",2,"Water",NA,5.9,"MG/L",NA,NA,NA,2017-10-27 16:04:00,NA,2,NA,1,1,"S","PARTNTID",NA,NA,4,"sample does not have an associated bay program method code"
"783",999,"LRA","ALLARM.LT2","04/30/2001","12:00:00","TDS.1","M1",1533,"CMC","NTWQM",2001-04-30 12:00:00,0.3,"ISM",1,"Water",NA,210,"MG/L",NA,NA,NA,2017-10-27 16:01:28,NA,2,NA,1,1,"S","PARTNTID",NA,NA,4,"sample does not have an associated bay program method code"
"784",999,"LRA","ALLARM.LT6","08/30/2001","12:00:00","TDS.1","M1",1584,"CMC","NTWQM",2001-08-30 12:00:00,0.3,"ISM",1,"Water",NA,240,"MG/L",NA,NA,NA,2017-10-27 16:03:03,NA,2,NA,1,1,"S","PARTNTID",NA,NA,4,"sample does not have an associated bay program method code"
"785",999,"LRA","ALLARM.LT1","11/13/2001","12:00:00","TDS.1","M1",1612,"CMC","NTWQM",2001-11-13 12:00:00,0.3,"ISM",1,"Water",NA,240,"MG/L",NA,NA,NA,2017-10-27 16:04:00,NA,2,NA,1,1,"S","PARTNTID",NA,NA,4,"sample does not have an associated bay program method code"
"786",999,"LRA","ALLARM.LT5","03/26/2001","12:00:00","TDS.1","M1",1524,"CMC","NTWQM",2001-03-26 12:00:00,0.3,"ISM",1,"Water",NA,280,"MG/L",NA,NA,NA,2017-10-27 16:01:12,NA,2,NA,1,1,"S","PARTNTID",NA,NA,4,"sample does not have an associated bay program method code"
"787",999,"LRA","ALLARM.LT2","05/30/2001","12:00:00","NO3N.3","M1",1545,"CMC","NTWQM",2001-05-30 12:00:00,0.3,"ISM",2,"Water",NA,5,"MG/L",NA,NA,NA,2017-10-27 16:01:50,NA,2,NA,1,1,"S","PARTNTID",NA,NA,4,"sample does not have an associated bay program method code"
"788",999,"LRA","ALLARM.LT3","10/17/2001","12:00:00","TDS.1","M1",1603,"CMC","NTWQM",2001-10-17 12:00:00,0.3,"ISM",1,"Water",NA,270,"MG/L",NA,NA,NA,2017-10-27 16:03:41,NA,2,NA,1,1,"S","PARTNTID",NA,NA,4,"sample does not have an associated bay program method code"
"789",999,"LRA","ALLARM.LT1","12/05/2001","12:00:00","NO3N.3","M1",1623,"CMC","NTWQM",2001-12-05 12:00:00,0.3,"ISM",2,"Water",NA,5.7,"MG/L",NA,NA,NA,2017-10-27 16:04:23,NA,2,NA,1,1,"S","PARTNTID",NA,NA,4,"sample does not have an associated bay program method code"
"790",999,"LRA","ALLARM.LT2","05/30/2001","12:00:00","TDS.1","M1",1545,"CMC","NTWQM",2001-05-30 12:00:00,0.3,"ISM",1,"Water",NA,210,"MG/L",NA,NA,NA,2017-10-27 16:01:50,NA,2,NA,1,1,"S","PARTNTID",NA,NA,4,"sample does not have an associated bay program method code"
"791",999,"LRA","ALLARM.LT6","09/18/2001","12:00:00","TDS.1","M1",1595,"CMC","NTWQM",2001-09-18 12:00:00,0.3,"ISM",1,"Water",NA,260,"MG/L",NA,NA,NA,2017-10-27 16:03:25,NA,2,NA,1,1,"S","PARTNTID",NA,NA,4,"sample does not have an associated bay program method code"
"792",999,"LRA","ALLARM.LT1","12/05/2001","12:00:00","TDS.1","M1",1623,"CMC","NTWQM",2001-12-05 12:00:00,0.3,"ISM",1,"Water",NA,230,"MG/L",NA,NA,NA,2017-10-27 16:04:23,NA,2,NA,1,1,"S","PARTNTID",NA,NA,4,"sample does not have an associated bay program method code"
"793",999,"LRA","ALLARM.LT5","04/30/2001","12:00:00","TDS.1","M1",1536,"CMC","NTWQM",2001-04-30 12:00:00,0.3,"ISM",1,"Water",NA,230,"MG/L",NA,NA,NA,2017-10-27 16:01:33,NA,2,NA,1,1,"S","PARTNTID",NA,NA,4,"sample does not have an associated bay program method code"
"794",999,"LRA","ALLARM.LT2","06/27/2001","12:00:00","NO3N.3","M1",1557,"CMC","NTWQM",2001-06-27 12:00:00,0.3,"ISM",2,"Water",NA,5.9,"MG/L",NA,NA,NA,2017-10-27 16:02:12,NA,2,NA,1,1,"S","PARTNTID",NA,NA,4,"sample does not have an associated bay program method code"
"795",999,"LRA","ALLARM.LT3","11/13/2001","12:00:00","TDS.1","M1",1614,"CMC","NTWQM",2001-11-13 12:00:00,0.3,"ISM",1,"Water",NA,270,"MG/L",NA,NA,NA,2017-10-27 16:04:04,NA,2,NA,1,1,"S","PARTNTID",NA,NA,4,"sample does not have an associated bay program method code"
"796",999,"LRA","ALLARM.LT10","01/29/2001","12:00:00","NO3N.3","M1",1507,"CMC","NTWQM",2001-01-29 12:00:00,0.3,"ISM",2,"Water",NA,5,"MG/L",NA,NA,NA,2017-10-27 16:00:44,NA,2,NA,1,1,"S","PARTNTID",NA,NA,4,"sample does not have an associated bay program method code"
"797",999,"LRA","ALLARM.LT2","06/27/2001","12:00:00","TDS.1","M1",1557,"CMC","NTWQM",2001-06-27 12:00:00,0.3,"ISM",1,"Water",NA,190,"MG/L",NA,NA,NA,2017-10-27 16:02:12,NA,2,NA,1,1,"S","PARTNTID",NA,NA,4,"sample does not have an associated bay program method code"
"798",999,"LRA","ALLARM.LT6","10/17/2001","12:00:00","TDS.1","M1",1606,"CMC","NTWQM",2001-10-17 12:00:00,0.3,"ISM",1,"Water",NA,260,"MG/L",NA,NA,NA,2017-10-27 16:03:47,NA,2,NA,1,1,"S","PARTNTID",NA,NA,4,"sample does not have an associated bay program method code"
"799",999,"LRA","ALLARM.LT10","01/29/2001","12:00:00","TDS.1","M1",1507,"CMC","NTWQM",2001-01-29 12:00:00,0.3,"ISM",1,"Water",NA,310,"MG/L",NA,NA,NA,2017-10-27 16:00:44,NA,2,NA,1,1,"S","PARTNTID",NA,NA,4,"sample does not have an associated bay program method code"
"800",999,"LRA","ALLARM.LT5","05/30/2001","12:00:00","TDS.1","M1",1548,"CMC","NTWQM",2001-05-30 12:00:00,0.3,"ISM",1,"Water",NA,240,"MG/L",NA,NA,NA,2017-10-27 16:01:55,NA,2,NA,1,1,"S","PARTNTID",NA,NA,4,"sample does not have an associated bay program method code"
"801",999,"LRA","ALLARM.LT2","07/30/2001","12:00:00","NO3N.3","M1",1569,"CMC","NTWQM",2001-07-30 12:00:00,0.3,"ISM",2,"Water",NA,6.7,"MG/L",NA,NA,NA,2017-10-27 16:02:34,NA,2,NA,1,1,"S","PARTNTID",NA,NA,4,"sample does not have an associated bay program method code"
"802",999,"LRA","ALLARM.LT3","12/05/2001","12:00:00","TDS.1","M1",1625,"CMC","NTWQM",2001-12-05 12:00:00,0.3,"ISM",1,"Water",NA,230,"MG/L",NA,NA,NA,2017-10-27 16:04:27,NA,2,NA,1,1,"S","PARTNTID",NA,NA,4,"sample does not have an associated bay program method code"
"803",999,"LRA","ALLARM.LT10","02/26/2001","12:00:00","NO3N.3","M1",1517,"CMC","NTWQM",2001-02-26 12:00:00,0.3,"ISM",2,"Water",NA,6,"MG/L",NA,NA,NA,2017-10-27 16:01:01,NA,2,NA,1,1,"S","PARTNTID",NA,NA,4,"sample does not have an associated bay program method code"
"804",999,"LRA","ALLARM.LT2","07/30/2001","12:00:00","TDS.1","M1",1569,"CMC","NTWQM",2001-07-30 12:00:00,0.3,"ISM",1,"Water",NA,220,"MG/L",NA,NA,NA,2017-10-27 16:02:34,NA,2,NA,1,1,"S","PARTNTID",NA,NA,4,"sample does not have an associated bay program method code"
"805",999,"LRA","ALLARM.LT6","11/13/2001","12:00:00","TDS.1","M1",1617,"CMC","NTWQM",2001-11-13 12:00:00,0.3,"ISM",1,"Water",NA,250,"MG/L",NA,NA,NA,2017-10-27 16:04:10,NA,2,NA,1,1,"S","PARTNTID",NA,NA,4,"sample does not have an associated bay program method code"
"806",999,"LRA","ALLARM.LT10","02/26/2001","12:00:00","TDS.1","M1",1517,"CMC","NTWQM",2001-02-26 12:00:00,0.3,"ISM",1,"Water",NA,310,"MG/L",NA,NA,NA,2017-10-27 16:01:01,NA,2,NA,1,1,"S","PARTNTID",NA,NA,4,"sample does not have an associated bay program method code"
"807",999,"LRA","ALLARM.LT5","06/27/2001","12:00:00","TDS.1","M1",1560,"CMC","NTWQM",2001-06-27 12:00:00,0.3,"ISM",1,"Water",NA,230,"MG/L",NA,NA,NA,2017-10-27 16:02:17,NA,2,NA,1,1,"S","PARTNTID",NA,NA,4,"sample does not have an associated bay program method code"
"808",999,"LRA","ALLARM.LT2","08/30/2001","12:00:00","NO3N.3","M1",1580,"CMC","NTWQM",2001-08-30 12:00:00,0.3,"ISM",2,"Water",NA,7.1,"MG/L",NA,NA,NA,2017-10-27 16:02:55,NA,2,NA,1,1,"S","PARTNTID",NA,NA,4,"sample does not have an associated bay program method code"
"809",999,"LRA","ALLARM.LT4","01/29/2001","12:00:00","TDS.1","M1",1501,"CMC","NTWQM",2001-01-29 12:00:00,0.3,"ISM",1,"Water",NA,250,"MG/L",NA,NA,NA,2017-10-27 16:00:34,NA,2,NA,1,1,"S","PARTNTID",NA,NA,4,"sample does not have an associated bay program method code"
"810",999,"LRA","ALLARM.LT10","03/26/2001","12:00:00","NO3N.3","M1",1529,"CMC","NTWQM",2001-03-26 12:00:00,0.3,"ISM",2,"Water",NA,5.1,"MG/L",NA,NA,NA,2017-10-27 16:01:21,NA,2,NA,1,1,"S","PARTNTID",NA,NA,4,"sample does not have an associated bay program method code"
"811",999,"LRA","ALLARM.LT2","08/30/2001","12:00:00","TDS.1","M1",1580,"CMC","NTWQM",2001-08-30 12:00:00,0.3,"ISM",1,"Water",NA,220,"MG/L",NA,NA,NA,2017-10-27 16:02:55,NA,2,NA,1,1,"S","PARTNTID",NA,NA,4,"sample does not have an associated bay program method code"
"812",999,"LRA","ALLARM.LT6","12/05/2001","12:00:00","TDS.1","M1",1628,"CMC","NTWQM",2001-12-05 12:00:00,0.3,"ISM",1,"Water",NA,240,"MG/L",NA,NA,NA,2017-10-27 16:04:34,NA,2,NA,1,1,"S","PARTNTID",NA,NA,4,"sample does not have an associated bay program method code"
"813",999,"LRA","ALLARM.LT10","03/26/2001","12:00:00","TDS.1","M1",1529,"CMC","NTWQM",2001-03-26 12:00:00,0.3,"ISM",1,"Water",NA,320,"MG/L",NA,NA,NA,2017-10-27 16:01:21,NA,2,NA,1,1,"S","PARTNTID",NA,NA,4,"sample does not have an associated bay program method code"
"814",999,"LRA","ALLARM.LT5","07/30/2001","12:00:00","TDS.1","M1",1572,"CMC","NTWQM",2001-07-30 12:00:00,0.3,"ISM",1,"Water",NA,240,"MG/L",NA,NA,NA,2017-10-27 16:02:40,NA,2,NA,1,1,"S","PARTNTID",NA,NA,4,"sample does not have an associated bay program method code"
"815",999,"LRA","ALLARM.LT2","09/18/2001","12:00:00","NO3N.3","M1",1591,"CMC","NTWQM",2001-09-18 12:00:00,0.3,"ISM",2,"Water",NA,4.8,"MG/L",NA,NA,NA,2017-10-27 16:03:17,NA,2,NA,1,1,"S","PARTNTID",NA,NA,4,"sample does not have an associated bay program method code"
"816",999,"LRA","ALLARM.LT4","02/26/2001","12:00:00","TDS.1","M1",1511,"CMC","NTWQM",2001-02-26 12:00:00,0.3,"ISM",1,"Water",NA,270,"MG/L",NA,NA,NA,2017-10-27 16:00:51,NA,2,NA,1,1,"S","PARTNTID",NA,NA,4,"sample does not have an associated bay program method code"
"817",999,"LRA","ALLARM.LT10","04/30/2001","12:00:00","NO3N.3","M1",1541,"CMC","NTWQM",2001-04-30 12:00:00,0.3,"ISM",2,"Water",NA,5.6,"MG/L",NA,NA,NA,2017-10-27 16:01:43,NA,2,NA,1,1,"S","PARTNTID",NA,NA,4,"sample does not have an associated bay program method code"
"818",999,"LRA","ALLARM.LT2","09/18/2001","12:00:00","TDS.1","M1",1591,"CMC","NTWQM",2001-09-18 12:00:00,0.3,"ISM",1,"Water",NA,240,"MG/L",NA,NA,NA,2017-10-27 16:03:17,NA,2,NA,1,1,"S","PARTNTID",NA,NA,4,"sample does not have an associated bay program method code"
"819",999,"LRA","ALLARM.LT7","01/29/2001","12:00:00","TDS.1","M1",1504,"CMC","NTWQM",2001-01-29 12:00:00,0.3,"ISM",1,"Water",NA,260,"MG/L",NA,NA,NA,2017-10-27 16:00:39,NA,2,NA,1,1,"S","PARTNTID",NA,NA,4,"sample does not have an associated bay program method code"
"820",999,"LRA","ALLARM.LT10","04/30/2001","12:00:00","TDS.1","M1",1541,"CMC","NTWQM",2001-04-30 12:00:00,0.3,"ISM",1,"Water",NA,240,"MG/L",NA,NA,NA,2017-10-27 16:01:43,NA,2,NA,1,1,"S","PARTNTID",NA,NA,4,"sample does not have an associated bay program method code"
"821",999,"LRA","ALLARM.LT5","08/30/2001","12:00:00","TDS.1","M1",1583,"CMC","NTWQM",2001-08-30 12:00:00,0.3,"ISM",1,"Water",NA,230,"MG/L",NA,NA,NA,2017-10-27 16:03:01,NA,2,NA,1,1,"S","PARTNTID",NA,NA,4,"sample does not have an associated bay program method code"
"822",999,"LRA","ALLARM.LT2","10/17/2001","12:00:00","NO3N.3","M1",1602,"CMC","NTWQM",2001-10-17 12:00:00,0.3,"ISM",2,"Water",NA,5.8,"MG/L",NA,NA,NA,2017-10-27 16:03:39,NA,2,NA,1,1,"S","PARTNTID",NA,NA,4,"sample does not have an associated bay program method code"
"823",999,"LRA","ALLARM.LT4","03/26/2001","12:00:00","TDS.1","M1",1523,"CMC","NTWQM",2001-03-26 12:00:00,0.3,"ISM",1,"Water",NA,290,"MG/L",NA,NA,NA,2017-10-27 16:01:10,NA,2,NA,1,1,"S","PARTNTID",NA,NA,4,"sample does not have an associated bay program method code"
"824",999,"LRA","ALLARM.LT10","05/30/2001","12:00:00","NO3N.3","M1",1553,"CMC","NTWQM",2001-05-30 12:00:00,0.3,"ISM",2,"Water",NA,4,"MG/L",NA,NA,NA,2017-10-27 16:02:04,NA,2,NA,1,1,"S","PARTNTID",NA,NA,4,"sample does not have an associated bay program method code"
"825",999,"LRA","ALLARM.LT2","10/17/2001","12:00:00","TDS.1","M1",1602,"CMC","NTWQM",2001-10-17 12:00:00,0.3,"ISM",1,"Water",NA,240,"MG/L",NA,NA,NA,2017-10-27 16:03:39,NA,2,NA,1,1,"S","PARTNTID",NA,NA,4,"sample does not have an associated bay program method code"
"826",999,"LRA","ALLARM.LT7","02/26/2001","12:00:00","TDS.1","M1",1514,"CMC","NTWQM",2001-02-26 12:00:00,0.3,"ISM",1,"Water",NA,300,"MG/L",NA,NA,NA,2017-10-27 16:00:56,NA,2,NA,1,1,"S","PARTNTID",NA,NA,4,"sample does not have an associated bay program method code"
"827",999,"LRA","ALLARM.LT10","05/30/2001","12:00:00","TDS.1","M1",1553,"CMC","NTWQM",2001-05-30 12:00:00,0.3,"ISM",1,"Water",NA,280,"MG/L",NA,NA,NA,2017-10-27 16:02:04,NA,2,NA,1,1,"S","PARTNTID",NA,NA,4,"sample does not have an associated bay program method code"
"828",999,"LRA","ALLARM.LT5","09/18/2001","12:00:00","TDS.1","M1",1594,"CMC","NTWQM",2001-09-18 12:00:00,0.3,"ISM",1,"Water",NA,260,"MG/L",NA,NA,NA,2017-10-27 16:03:23,NA,2,NA,1,1,"S","PARTNTID",NA,NA,4,"sample does not have an associated bay program method code"
"829",999,"LRA","ALLARM.LT2","11/13/2001","12:00:00","NO3N.3","M1",1613,"CMC","NTWQM",2001-11-13 12:00:00,0.3,"ISM",2,"Water",NA,6.2,"MG/L",NA,NA,NA,2017-10-27 16:04:02,NA,2,NA,1,1,"S","PARTNTID",NA,NA,4,"sample does not have an associated bay program method code"
"830",999,"LRA","ALLARM.LT4","04/30/2001","12:00:00","TDS.1","M1",1535,"CMC","NTWQM",2001-04-30 12:00:00,0.3,"ISM",1,"Water",NA,230,"MG/L",NA,NA,NA,2017-10-27 16:01:31,NA,2,NA,1,1,"S","PARTNTID",NA,NA,4,"sample does not have an associated bay program method code"
"831",999,"LRA","ALLARM.LT10","06/27/2001","12:00:00","NO3N.3","M1",1565,"CMC","NTWQM",2001-06-27 12:00:00,0.3,"ISM",2,"Water",NA,4.7,"MG/L",NA,NA,NA,2017-10-27 16:02:27,NA,2,NA,1,1,"S","PARTNTID",NA,NA,4,"sample does not have an associated bay program method code"
"832",999,"LRA","ALLARM.LT2","11/13/2001","12:00:00","TDS.1","M1",1613,"CMC","NTWQM",2001-11-13 12:00:00,0.3,"ISM",1,"Water",NA,230,"MG/L",NA,NA,NA,2017-10-27 16:04:02,NA,2,NA,1,1,"S","PARTNTID",NA,NA,4,"sample does not have an associated bay program method code"
"833",999,"LRA","ALLARM.LT1","01/29/2001","12:00:00","NO3N.3","M1",1498,"CMC","NTWQM",2001-01-29 12:00:00,0.3,"ISM",2,"Water",NA,6.7,"MG/L",NA,NA,NA,2017-10-27 16:00:29,NA,2,NA,1,1,"S","PARTNTID",NA,NA,4,"sample does not have an associated bay program method code"
"834",999,"LRA","ALLARM.LT10","06/27/2001","12:00:00","TDS.1","M1",1565,"CMC","NTWQM",2001-06-27 12:00:00,0.3,"ISM",1,"Water",NA,260,"MG/L",NA,NA,NA,2017-10-27 16:02:27,NA,2,NA,1,1,"S","PARTNTID",NA,NA,4,"sample does not have an associated bay program method code"
"835",999,"LRA","ALLARM.LT5","10/17/2001","12:00:00","TDS.1","M1",1605,"CMC","NTWQM",2001-10-17 12:00:00,0.3,"ISM",1,"Water",NA,260,"MG/L",NA,NA,NA,2017-10-27 16:03:45,NA,2,NA,1,1,"S","PARTNTID",NA,NA,4,"sample does not have an associated bay program method code"
"836",999,"LRA","ALLARM.LT1","01/29/2001","12:00:00","TDS.1","M1",1498,"CMC","NTWQM",2001-01-29 12:00:00,0.3,"ISM",1,"Water",NA,240,"MG/L",NA,NA,NA,2017-10-27 16:00:29,NA,2,NA,1,1,"S","PARTNTID",NA,NA,4,"sample does not have an associated bay program method code"
"837",999,"LRA","ALLARM.LT4","05/30/2001","12:00:00","TDS.1","M1",1547,"CMC","NTWQM",2001-05-30 12:00:00,0.3,"ISM",1,"Water",NA,240,"MG/L",NA,NA,NA,2017-10-27 16:01:54,NA,2,NA,1,1,"S","PARTNTID",NA,NA,4,"sample does not have an associated bay program method code"
"838",999,"LRA","ALLARM.LT10","07/30/2001","12:00:00","NO3N.3","M1",1577,"CMC","NTWQM",2001-07-30 12:00:00,0.3,"ISM",2,"Water",NA,5.9,"MG/L",NA,NA,NA,2017-10-27 16:02:49,NA,2,NA,1,1,"S","PARTNTID",NA,NA,4,"sample does not have an associated bay program method code"
"839",999,"LRA","ALLARM.LT2","12/05/2001","12:00:00","TDS.1","M1",1624,"CMC","NTWQM",2001-12-05 12:00:00,0.3,"ISM",1,"Water",NA,220,"MG/L",NA,NA,NA,2017-10-27 16:04:25,NA,2,NA,1,1,"S","PARTNTID",NA,NA,4,"sample does not have an associated bay program method code"
"840",999,"LRA","ALLARM.LT1","02/26/2001","12:00:00","NO3N.3","M1",1508,"CMC","NTWQM",2001-02-26 12:00:00,0.3,"ISM",2,"Water",NA,6.4,"MG/L",NA,NA,NA,2017-10-27 16:00:46,NA,2,NA,1,1,"S","PARTNTID",NA,NA,4,"sample does not have an associated bay program method code"
"841",999,"LRA","ALLARM.LT10","07/30/2001","12:00:00","TDS.1","M1",1577,"CMC","NTWQM",2001-07-30 12:00:00,0.3,"ISM",1,"Water",NA,320,"MG/L",NA,NA,NA,2017-10-27 16:02:49,NA,2,NA,1,1,"S","PARTNTID",NA,NA,4,"sample does not have an associated bay program method code"
"842",999,"LRA","ALLARM.LT5","11/13/2001","12:00:00","TDS.1","M1",1616,"CMC","NTWQM",2001-11-13 12:00:00,0.3,"ISM",1,"Water",NA,260,"MG/L",NA,NA,NA,2017-10-27 16:04:08,NA,2,NA,1,1,"S","PARTNTID",NA,NA,4,"sample does not have an associated bay program method code"
"843",999,"LRA","ALLARM.LT1","02/26/2001","12:00:00","TDS.1","M1",1508,"CMC","NTWQM",2001-02-26 12:00:00,0.3,"ISM",1,"Water",NA,250,"MG/L",NA,NA,NA,2017-10-27 16:00:46,NA,2,NA,1,1,"S","PARTNTID",NA,NA,4,"sample does not have an associated bay program method code"
"844",999,"LRA","ALLARM.LT4","06/27/2001","12:00:00","TDS.1","M1",1559,"CMC","NTWQM",2001-06-27 12:00:00,0.3,"ISM",1,"Water",NA,210,"MG/L",NA,NA,NA,2017-10-27 16:02:15,NA,2,NA,1,1,"S","PARTNTID",NA,NA,4,"sample does not have an associated bay program method code"
"845",999,"LRA","ALLARM.LT10","08/30/2001","12:00:00","NO3N.3","M1",1588,"CMC","NTWQM",2001-08-30 12:00:00,0.3,"ISM",2,"Water",NA,5.8,"MG/L",NA,NA,NA,2017-10-27 16:03:11,NA,2,NA,1,1,"S","PARTNTID",NA,NA,4,"sample does not have an associated bay program method code"
"846",999,"LRA","ALLARM.LT3","01/29/2001","12:00:00","TDS.1","M1",1500,"CMC","NTWQM",2001-01-29 12:00:00,0.3,"ISM",1,"Water",NA,260,"MG/L",NA,NA,NA,2017-10-27 16:00:32,NA,2,NA,1,1,"S","PARTNTID",NA,NA,4,"sample does not have an associated bay program method code"
"847",999,"LRA","ALLARM.LT1","03/26/2001","12:00:00","NO3N.3","M1",1520,"CMC","NTWQM",2001-03-26 12:00:00,0.3,"ISM",2,"Water",NA,6.7,"MG/L",NA,NA,NA,2017-10-27 16:01:05,NA,2,NA,1,1,"S","PARTNTID",NA,NA,4,"sample does not have an associated bay program method code"
"848",999,"LRA","ALLARM.LT10","08/30/2001","12:00:00","TDS.1","M1",1588,"CMC","NTWQM",2001-08-30 12:00:00,0.3,"ISM",1,"Water",NA,270,"MG/L",NA,NA,NA,2017-10-27 16:03:11,NA,2,NA,1,1,"S","PARTNTID",NA,NA,4,"sample does not have an associated bay program method code"
"849",999,"LRA","ALLARM.LT5","12/05/2001","12:00:00","TDS.1","M1",1627,"CMC","NTWQM",2001-12-05 12:00:00,0.3,"ISM",1,"Water",NA,230,"MG/L",NA,NA,NA,2017-10-27 16:04:32,NA,2,NA,1,1,"S","PARTNTID",NA,NA,4,"sample does not have an associated bay program method code"
"850",999,"LRA","ALLARM.LT1","03/26/2001","12:00:00","TDS.1","M1",1520,"CMC","NTWQM",2001-03-26 12:00:00,0.3,"ISM",1,"Water",NA,260,"MG/L",NA,NA,NA,2017-10-27 16:01:05,NA,2,NA,1,1,"S","PARTNTID",NA,NA,4,"sample does not have an associated bay program method code"
"851",999,"LRA","ALLARM.LT4","07/30/2001","12:00:00","TDS.1","M1",1571,"CMC","NTWQM",2001-07-30 12:00:00,0.3,"ISM",1,"Water",NA,250,"MG/L",NA,NA,NA,2017-10-27 16:02:38,NA,2,NA,1,1,"S","PARTNTID",NA,NA,4,"sample does not have an associated bay program method code"
"852",999,"LRA","ALLARM.LT10","09/18/2001","12:00:00","NO3N.3","M1",1599,"CMC","NTWQM",2001-09-18 12:00:00,0.3,"ISM",2,"Water",NA,5.3,"MG/L",NA,NA,NA,2017-10-27 16:03:33,NA,2,NA,1,1,"S","PARTNTID",NA,NA,4,"sample does not have an associated bay program method code"
"853",999,"LRA","ALLARM.LT3","02/26/2001","12:00:00","TDS.1","M1",1510,"CMC","NTWQM",2001-02-26 12:00:00,0.3,"ISM",1,"Water",NA,280,"MG/L",NA,NA,NA,2017-10-27 16:00:49,NA,2,NA,1,1,"S","PARTNTID",NA,NA,4,"sample does not have an associated bay program method code"
"854",999,"LRA","ALLARM.LT1","04/30/2001","12:00:00","NO3N.3","M1",1532,"CMC","NTWQM",2001-04-30 12:00:00,0.3,"ISM",2,"Water",NA,6.5,"MG/L",NA,NA,NA,2017-10-27 16:01:26,NA,2,NA,1,1,"S","PARTNTID",NA,NA,4,"sample does not have an associated bay program method code"
"855",999,"LRA","ALLARM.LT10","09/18/2001","12:00:00","TDS.1","M1",1599,"CMC","NTWQM",2001-09-18 12:00:00,0.3,"ISM",1,"Water",NA,280,"MG/L",NA,NA,NA,2017-10-27 16:03:33,NA,2,NA,1,1,"S","PARTNTID",NA,NA,4,"sample does not have an associated bay program method code"
"856",999,"LRA","ALLARM.LT6","01/29/2001","12:00:00","TDS.1","M1",1503,"CMC","NTWQM",2001-01-29 12:00:00,0.3,"ISM",1,"Water",NA,240,"MG/L",NA,NA,NA,2017-10-27 16:00:37,NA,2,NA,1,1,"S","PARTNTID",NA,NA,4,"sample does not have an associated bay program method code"
"857",999,"LRA","ALLARM.LT1","04/30/2001","12:00:00","TDS.1","M1",1532,"CMC","NTWQM",2001-04-30 12:00:00,0.3,"ISM",1,"Water",NA,240,"MG/L",NA,NA,NA,2017-10-27 16:01:26,NA,2,NA,1,1,"S","PARTNTID",NA,NA,4,"sample does not have an associated bay program method code"
"858",999,"LRA","ALLARM.LT4","08/30/2001","12:00:00","TDS.1","M1",1582,"CMC","NTWQM",2001-08-30 12:00:00,0.3,"ISM",1,"Water",NA,240,"MG/L",NA,NA,NA,2017-10-27 16:02:59,NA,2,NA,1,1,"S","PARTNTID",NA,NA,4,"sample does not have an associated bay program method code"
"859",999,"LRA","ALLARM.LT10","10/17/2001","12:00:00","NO3N.3","M1",1610,"CMC","NTWQM",2001-10-17 12:00:00,0.3,"ISM",2,"Water",NA,4.7,"MG/L",NA,NA,NA,2017-10-27 16:03:56,NA,2,NA,1,1,"S","PARTNTID",NA,NA,4,"sample does not have an associated bay program method code"
"860",999,"LRA","ALLARM.LT3","03/26/2001","12:00:00","TDS.1","M1",1522,"CMC","NTWQM",2001-03-26 12:00:00,0.3,"ISM",1,"Water",NA,290,"MG/L",NA,NA,NA,2017-10-27 16:01:09,NA,2,NA,1,1,"S","PARTNTID",NA,NA,4,"sample does not have an associated bay program method code"
"861",999,"LRA","ALLARM.LT1","05/30/2001","12:00:00","NO3N.3","M1",1544,"CMC","NTWQM",2001-05-30 12:00:00,0.3,"ISM",2,"Water",NA,5.8,"MG/L",NA,NA,NA,2017-10-27 16:01:48,NA,2,NA,1,1,"S","PARTNTID",NA,NA,4,"sample does not have an associated bay program method code"
"862",999,"LRA","ALLARM.LT10","10/17/2001","12:00:00","TDS.1","M1",1610,"CMC","NTWQM",2001-10-17 12:00:00,0.3,"ISM",1,"Water",NA,310,"MG/L",NA,NA,NA,2017-10-27 16:03:56,NA,2,NA,1,1,"S","PARTNTID",NA,NA,4,"sample does not have an associated bay program method code"
"863",999,"LRA","ALLARM.LT6","02/26/2001","12:00:00","TDS.1","M1",1513,"CMC","NTWQM",2001-02-26 12:00:00,0.3,"ISM",1,"Water",NA,280,"MG/L",NA,NA,NA,2017-10-27 16:00:54,NA,2,NA,1,1,"S","PARTNTID",NA,NA,4,"sample does not have an associated bay program method code"
"864",999,"LRA","ALLARM.LT1","05/30/2001","12:00:00","TDS.1","M1",1544,"CMC","NTWQM",2001-05-30 12:00:00,0.3,"ISM",1,"Water",NA,240,"MG/L",NA,NA,NA,2017-10-27 16:01:48,NA,2,NA,1,1,"S","PARTNTID",NA,NA,4,"sample does not have an associated bay program method code"
"865",999,"LRA","ALLARM.LT4","09/18/2001","12:00:00","TDS.1","M1",1593,"CMC","NTWQM",2001-09-18 12:00:00,0.3,"ISM",1,"Water",NA,260,"MG/L",NA,NA,NA,2017-10-27 16:03:21,NA,2,NA,1,1,"S","PARTNTID",NA,NA,4,"sample does not have an associated bay program method code"
"866",999,"LRA","ALLARM.LT10","11/13/2001","12:00:00","NO3N.3","M1",1621,"CMC","NTWQM",2001-11-13 12:00:00,0.3,"ISM",2,"Water",NA,4.7,"MG/L",NA,NA,NA,2017-10-27 16:04:19,NA,2,NA,1,1,"S","PARTNTID",NA,NA,4,"sample does not have an associated bay program method code"
"867",999,"LRA","ALLARM.LT3","04/30/2001","12:00:00","TDS.1","M1",1534,"CMC","NTWQM",2001-04-30 12:00:00,0.3,"ISM",1,"Water",NA,230,"MG/L",NA,NA,NA,2017-10-27 16:01:29,NA,2,NA,1,1,"S","PARTNTID",NA,NA,4,"sample does not have an associated bay program method code"
"868",999,"LRA","ALLARM.LT1","06/27/2001","12:00:00","NO3N.3","M1",1556,"CMC","NTWQM",2001-06-27 12:00:00,0.3,"ISM",2,"Water",NA,5.8,"MG/L",NA,NA,NA,2017-10-27 16:02:10,NA,2,NA,1,1,"S","PARTNTID",NA,NA,4,"sample does not have an associated bay program method code"
"869",999,"LRA","ALLARM.LT10","11/13/2001","12:00:00","TDS.1","M1",1621,"CMC","NTWQM",2001-11-13 12:00:00,0.3,"ISM",1,"Water",NA,290,"MG/L",NA,NA,NA,2017-10-27 16:04:19,NA,2,NA,1,1,"S","PARTNTID",NA,NA,4,"sample does not have an associated bay program method code"
"870",999,"LRA","ALLARM.LT6","03/26/2001","12:00:00","TDS.1","M1",1525,"CMC","NTWQM",2001-03-26 12:00:00,0.3,"ISM",1,"Water",NA,260,"MG/L",NA,NA,NA,2017-10-27 16:01:14,NA,2,NA,1,1,"S","PARTNTID",NA,NA,4,"sample does not have an associated bay program method code"
"871",999,"LRA","ALLARM.LT1","06/27/2001","12:00:00","TDS.1","M1",1556,"CMC","NTWQM",2001-06-27 12:00:00,0.3,"ISM",1,"Water",NA,210,"MG/L",NA,NA,NA,2017-10-27 16:02:10,NA,2,NA,1,1,"S","PARTNTID",NA,NA,4,"sample does not have an associated bay program method code"
"872",999,"LRA","ALLARM.LT4","10/17/2001","12:00:00","TDS.1","M1",1604,"CMC","NTWQM",2001-10-17 12:00:00,0.3,"ISM",1,"Water",NA,270,"MG/L",NA,NA,NA,2017-10-27 16:03:43,NA,2,NA,1,1,"S","PARTNTID",NA,NA,4,"sample does not have an associated bay program method code"
"873",999,"LRA","ALLARM.LT10","12/05/2001","12:00:00","NO3N.3","M1",1632,"CMC","NTWQM",2001-12-05 12:00:00,0.3,"ISM",2,"Water",NA,4.4,"MG/L",NA,NA,NA,2017-10-27 16:04:43,NA,2,NA,1,1,"S","PARTNTID",NA,NA,4,"sample does not have an associated bay program method code"
"874",999,"LRA","ALLARM.LT3","05/30/2001","12:00:00","TDS.1","M1",1546,"CMC","NTWQM",2001-05-30 12:00:00,0.3,"ISM",1,"Water",NA,240,"MG/L",NA,NA,NA,2017-10-27 16:01:52,NA,2,NA,1,1,"S","PARTNTID",NA,NA,4,"sample does not have an associated bay program method code"
"875",999,"LRA","ALLARM.LT7","09/18/2001","12:00:00","TDS.1","M1",1596,"CMC","NTWQM",2001-09-18 12:00:00,0.3,"ISM",1,"Water",NA,270,"MG/L",NA,NA,NA,2017-10-27 16:03:27,NA,2,NA,1,1,"S","PARTNTID",NA,NA,4,"sample does not have an associated bay program method code"
"876",999,"LRA","ALLARM.LT4","11/13/2001","12:00:00","NO3N.3","M1",1615,"CMC","NTWQM",2001-11-13 12:00:00,0.3,"ISM",2,"Water",NA,5.3,"MG/L",NA,NA,NA,2017-10-27 16:04:06,NA,2,NA,1,1,"S","PARTNTID",NA,NA,4,"sample does not have an associated bay program method code"
"877",999,"LRA","ALLARM.LT9","03/26/2001","12:00:00","NO3N.3","M1",1528,"CMC","NTWQM",2001-03-26 12:00:00,0.3,"ISM",2,"Water",NA,5.2,"MG/L",NA,NA,NA,2017-10-27 16:01:19,NA,2,NA,1,1,"S","PARTNTID",NA,NA,4,"sample does not have an associated bay program method code"
"878",999,"LRA","ALLARM.LT3","06/27/2001","12:00:00","NO3N.3","M1",1558,"CMC","NTWQM",2001-06-27 12:00:00,0.3,"ISM",2,"Water",NA,6.1,"MG/L",NA,NA,NA,2017-10-27 16:02:13,NA,2,NA,1,1,"S","PARTNTID",NA,NA,4,"sample does not have an associated bay program method code"
"879",999,"LRA","ALLARM.LT7","10/17/2001","12:00:00","NO3N.3","M1",1607,"CMC","NTWQM",2001-10-17 12:00:00,0.3,"ISM",2,"Water",NA,5.9,"MG/L",NA,NA,NA,2017-10-27 16:03:49,NA,2,NA,1,1,"S","PARTNTID",NA,NA,4,"sample does not have an associated bay program method code"
"880",999,"LRA","ALLARM.LT9","03/26/2001","12:00:00","TDS.1","M1",1528,"CMC","NTWQM",2001-03-26 12:00:00,0.3,"ISM",1,"Water",NA,320,"MG/L",NA,NA,NA,2017-10-27 16:01:19,NA,2,NA,1,1,"S","PARTNTID",NA,NA,4,"sample does not have an associated bay program method code"
"881",999,"LRA","ALLARM.LT6","05/30/2001","12:00:00","NO3N.3","M1",1549,"CMC","NTWQM",2001-05-30 12:00:00,0.3,"ISM",2,"Water",NA,5.1,"MG/L",NA,NA,NA,2017-10-27 16:01:57,NA,2,NA,1,1,"S","PARTNTID",NA,NA,4,"sample does not have an associated bay program method code"
"882",999,"LRA","ALLARM.LT7","10/17/2001","12:00:00","TDS.1","M1",1607,"CMC","NTWQM",2001-10-17 12:00:00,0.3,"ISM",1,"Water",NA,280,"MG/L",NA,NA,NA,2017-10-27 16:03:49,NA,2,NA,1,1,"S","PARTNTID",NA,NA,4,"sample does not have an associated bay program method code"
"883",999,"LRA","ALLARM.LT4","12/05/2001","12:00:00","NO3N.3","M1",1626,"CMC","NTWQM",2001-12-05 12:00:00,0.3,"ISM",2,"Water",NA,5.6,"MG/L",NA,NA,NA,2017-10-27 16:04:29,NA,2,NA,1,1,"S","PARTNTID",NA,NA,4,"sample does not have an associated bay program method code"
"884",999,"LRA","ALLARM.LT9","04/30/2001","12:00:00","NO3N.3","M1",1540,"CMC","NTWQM",2001-04-30 12:00:00,0.3,"ISM",2,"Water",NA,5.4,"MG/L",NA,NA,NA,2017-10-27 16:01:42,NA,2,NA,1,1,"S","PARTNTID",NA,NA,4,"sample does not have an associated bay program method code"
"885",999,"LRA","ALLARM.LT3","07/30/2001","12:00:00","NO3N.3","M1",1570,"CMC","NTWQM",2001-07-30 12:00:00,0.3,"ISM",2,"Water",NA,6.2,"MG/L",NA,NA,NA,2017-10-27 16:02:36,NA,2,NA,1,1,"S","PARTNTID",NA,NA,4,"sample does not have an associated bay program method code"
"886",999,"LRA","ALLARM.LT7","11/13/2001","12:00:00","NO3N.3","M1",1618,"CMC","NTWQM",2001-11-13 12:00:00,0.3,"ISM",2,"Water",NA,4.7,"MG/L",NA,NA,NA,2017-10-27 16:04:12,NA,2,NA,1,1,"S","PARTNTID",NA,NA,4,"sample does not have an associated bay program method code"
"887",999,"LRA","ALLARM.LT9","04/30/2001","12:00:00","TDS.1","M1",1540,"CMC","NTWQM",2001-04-30 12:00:00,0.3,"ISM",1,"Water",NA,260,"MG/L",NA,NA,NA,2017-10-27 16:01:42,NA,2,NA,1,1,"S","PARTNTID",NA,NA,4,"sample does not have an associated bay program method code"
"888",999,"LRA","ALLARM.LT6","06/27/2001","12:00:00","NO3N.3","M1",1561,"CMC","NTWQM",2001-06-27 12:00:00,0.3,"ISM",2,"Water",NA,5,"MG/L",NA,NA,NA,2017-10-27 16:02:19,NA,2,NA,1,1,"S","PARTNTID",NA,NA,4,"sample does not have an associated bay program method code"
"889",999,"LRA","ALLARM.LT7","11/13/2001","12:00:00","TDS.1","M1",1618,"CMC","NTWQM",2001-11-13 12:00:00,0.3,"ISM",1,"Water",NA,260,"MG/L",NA,NA,NA,2017-10-27 16:04:12,NA,2,NA,1,1,"S","PARTNTID",NA,NA,4,"sample does not have an associated bay program method code"
"890",999,"LRA","ALLARM.LT5","01/29/2001","12:00:00","NO3N.3","M1",1502,"CMC","NTWQM",2001-01-29 12:00:00,0.3,"ISM",2,"Water",NA,6.25,"MG/L",NA,NA,NA,2017-10-27 16:00:36,NA,2,NA,1,1,"S","PARTNTID",NA,NA,4,"sample does not have an associated bay program method code"
"891",999,"LRA","ALLARM.LT9","05/30/2001","12:00:00","NO3N.3","M1",1552,"CMC","NTWQM",2001-05-30 12:00:00,0.3,"ISM",2,"Water",NA,4.2,"MG/L",NA,NA,NA,2017-10-27 16:02:02,NA,2,NA,1,1,"S","PARTNTID",NA,NA,4,"sample does not have an associated bay program method code"
"892",999,"LRA","ALLARM.LT3","08/30/2001","12:00:00","NO3N.3","M1",1581,"CMC","NTWQM",2001-08-30 12:00:00,0.3,"ISM",2,"Water",NA,6.2,"MG/L",NA,NA,NA,2017-10-27 16:02:57,NA,2,NA,1,1,"S","PARTNTID",NA,NA,4,"sample does not have an associated bay program method code"
"893",999,"LRA","ALLARM.LT7","12/05/2001","12:00:00","NO3N.3","M1",1629,"CMC","NTWQM",2001-12-05 12:00:00,0.3,"ISM",2,"Water",NA,5.1,"MG/L",NA,NA,NA,2017-10-27 16:04:36,NA,2,NA,1,1,"S","PARTNTID",NA,NA,4,"sample does not have an associated bay program method code"
"894",999,"LRA","ALLARM.LT9","05/30/2001","12:00:00","TDS.1","M1",1552,"CMC","NTWQM",2001-05-30 12:00:00,0.3,"ISM",1,"Water",NA,320,"MG/L",NA,NA,NA,2017-10-27 16:02:02,NA,2,NA,1,1,"S","PARTNTID",NA,NA,4,"sample does not have an associated bay program method code"
"895",999,"LRA","ALLARM.LT6","07/30/2001","12:00:00","NO3N.3","M1",1573,"CMC","NTWQM",2001-07-30 12:00:00,0.3,"ISM",2,"Water",NA,6.2,"MG/L",NA,NA,NA,2017-10-27 16:02:41,NA,2,NA,1,1,"S","PARTNTID",NA,NA,4,"sample does not have an associated bay program method code"
"896",999,"LRA","ALLARM.LT7","12/05/2001","12:00:00","TDS.1","M1",1629,"CMC","NTWQM",2001-12-05 12:00:00,0.3,"ISM",1,"Water",NA,250,"MG/L",NA,NA,NA,2017-10-27 16:04:36,NA,2,NA,1,1,"S","PARTNTID",NA,NA,4,"sample does not have an associated bay program method code"
"897",999,"LRA","ALLARM.LT5","02/26/2001","12:00:00","NO3N.3","M1",1512,"CMC","NTWQM",2001-02-26 12:00:00,0.3,"ISM",2,"Water",NA,6.5,"MG/L",NA,NA,NA,2017-10-27 16:00:52,NA,2,NA,1,1,"S","PARTNTID",NA,NA,4,"sample does not have an associated bay program method code"
"898",999,"LRA","ALLARM.LT9","06/27/2001","12:00:00","NO3N.3","M1",1564,"CMC","NTWQM",2001-06-27 12:00:00,0.3,"ISM",2,"Water",NA,4.4,"MG/L",NA,NA,NA,2017-10-27 16:02:25,NA,2,NA,1,1,"S","PARTNTID",NA,NA,4,"sample does not have an associated bay program method code"
"899",999,"LRA","ALLARM.LT3","09/18/2001","12:00:00","NO3N.3","M1",1592,"CMC","NTWQM",2001-09-18 12:00:00,0.3,"ISM",2,"Water",NA,6,"MG/L",NA,NA,NA,2017-10-27 16:03:19,NA,2,NA,1,1,"S","PARTNTID",NA,NA,4,"sample does not have an associated bay program method code"
"900",999,"LRA","ALLARM.LT8","01/29/2001","12:00:00","NO3N.3","M1",1505,"CMC","NTWQM",2001-01-29 12:00:00,0.3,"ISM",2,"Water",NA,5.15,"MG/L",NA,NA,NA,2017-10-27 16:00:41,NA,2,NA,1,1,"S","PARTNTID",NA,NA,4,"sample does not have an associated bay program method code"
"901",999,"LRA","ALLARM.LT9","06/27/2001","12:00:00","TDS.1","M1",1564,"CMC","NTWQM",2001-06-27 12:00:00,0.3,"ISM",1,"Water",NA,270,"MG/L",NA,NA,NA,2017-10-27 16:02:25,NA,2,NA,1,1,"S","PARTNTID",NA,NA,4,"sample does not have an associated bay program method code"
"902",999,"LRA","ALLARM.LT6","08/30/2001","12:00:00","NO3N.3","M1",1584,"CMC","NTWQM",2001-08-30 12:00:00,0.3,"ISM",2,"Water",NA,7,"MG/L",NA,NA,NA,2017-10-27 16:03:03,NA,2,NA,1,1,"S","PARTNTID",NA,NA,4,"sample does not have an associated bay program method code"
"903",999,"LRA","ALLARM.LT8","01/29/2001","12:00:00","TDS.1","M1",1505,"CMC","NTWQM",2001-01-29 12:00:00,0.3,"ISM",1,"Water",NA,280,"MG/L",NA,NA,NA,2017-10-27 16:00:41,NA,2,NA,1,1,"S","PARTNTID",NA,NA,4,"sample does not have an associated bay program method code"
"904",999,"LRA","ALLARM.LT5","03/26/2001","12:00:00","NO3N.3","M1",1524,"CMC","NTWQM",2001-03-26 12:00:00,0.3,"ISM",2,"Water",NA,5.9,"MG/L",NA,NA,NA,2017-10-27 16:01:12,NA,2,NA,1,1,"S","PARTNTID",NA,NA,4,"sample does not have an associated bay program method code"
"905",999,"LRA","ALLARM.LT9","07/30/2001","12:00:00","NO3N.3","M1",1576,"CMC","NTWQM",2001-07-30 12:00:00,0.3,"ISM",2,"Water",NA,5.8,"MG/L",NA,NA,NA,2017-10-27 16:02:47,NA,2,NA,1,1,"S","PARTNTID",NA,NA,4,"sample does not have an associated bay program method code"
"906",999,"LRA","ALLARM.LT3","10/17/2001","12:00:00","NO3N.3","M1",1603,"CMC","NTWQM",2001-10-17 12:00:00,0.3,"ISM",2,"Water",NA,5.6,"MG/L",NA,NA,NA,2017-10-27 16:03:41,NA,2,NA,1,1,"S","PARTNTID",NA,NA,4,"sample does not have an associated bay program method code"
"907",999,"LRA","ALLARM.LT8","02/26/2001","12:00:00","NO3N.3","M1",1515,"CMC","NTWQM",2001-02-26 12:00:00,0.3,"ISM",2,"Water",NA,6,"MG/L",NA,NA,NA,2017-10-27 16:00:57,NA,2,NA,1,1,"S","PARTNTID",NA,NA,4,"sample does not have an associated bay program method code"
"908",999,"LRA","ALLARM.LT9","07/30/2001","12:00:00","TDS.1","M1",1576,"CMC","NTWQM",2001-07-30 12:00:00,0.3,"ISM",1,"Water",NA,310,"MG/L",NA,NA,NA,2017-10-27 16:02:47,NA,2,NA,1,1,"S","PARTNTID",NA,NA,4,"sample does not have an associated bay program method code"
"909",999,"LRA","ALLARM.LT6","09/18/2001","12:00:00","NO3N.3","M1",1595,"CMC","NTWQM",2001-09-18 12:00:00,0.3,"ISM",2,"Water",NA,5.7,"MG/L",NA,NA,NA,2017-10-27 16:03:25,NA,2,NA,1,1,"S","PARTNTID",NA,NA,4,"sample does not have an associated bay program method code"
"910",999,"LRA","ALLARM.LT8","02/26/2001","12:00:00","TDS.1","M1",1515,"CMC","NTWQM",2001-02-26 12:00:00,0.3,"ISM",1,"Water",NA,370,"MG/L",NA,NA,NA,2017-10-27 16:00:57,NA,2,NA,1,1,"S","PARTNTID",NA,NA,4,"sample does not have an associated bay program method code"
"911",999,"LRA","ALLARM.LT5","04/30/2001","12:00:00","NO3N.3","M1",1536,"CMC","NTWQM",2001-04-30 12:00:00,0.3,"ISM",2,"Water",NA,5.7,"MG/L",NA,NA,NA,2017-10-27 16:01:33,NA,2,NA,1,1,"S","PARTNTID",NA,NA,4,"sample does not have an associated bay program method code"
"912",999,"LRA","ALLARM.LT9","08/30/2001","12:00:00","NO3N.3","M1",1587,"CMC","NTWQM",2001-08-30 12:00:00,0.3,"ISM",2,"Water",NA,6.2,"MG/L",NA,NA,NA,2017-10-27 16:03:09,NA,2,NA,1,1,"S","PARTNTID",NA,NA,4,"sample does not have an associated bay program method code"
"913",999,"LRA","ALLARM.LT3","11/13/2001","12:00:00","NO3N.3","M1",1614,"CMC","NTWQM",2001-11-13 12:00:00,0.3,"ISM",2,"Water",NA,5.8,"MG/L",NA,NA,NA,2017-10-27 16:04:04,NA,2,NA,1,1,"S","PARTNTID",NA,NA,4,"sample does not have an associated bay program method code"
"914",999,"LRA","ALLARM.LT8","03/26/2001","12:00:00","NO3N.3","M1",1527,"CMC","NTWQM",2001-03-26 12:00:00,0.3,"ISM",2,"Water",NA,5.5,"MG/L",NA,NA,NA,2017-10-27 16:01:17,NA,2,NA,1,1,"S","PARTNTID",NA,NA,4,"sample does not have an associated bay program method code"
"915",999,"LRA","ALLARM.LT9","08/30/2001","12:00:00","TDS.1","M1",1587,"CMC","NTWQM",2001-08-30 12:00:00,0.3,"ISM",1,"Water",NA,270,"MG/L",NA,NA,NA,2017-10-27 16:03:09,NA,2,NA,1,1,"S","PARTNTID",NA,NA,4,"sample does not have an associated bay program method code"
"916",999,"LRA","ALLARM.LT6","10/17/2001","12:00:00","NO3N.3","M1",1606,"CMC","NTWQM",2001-10-17 12:00:00,0.3,"ISM",2,"Water",NA,5.6,"MG/L",NA,NA,NA,2017-10-27 16:03:47,NA,2,NA,1,1,"S","PARTNTID",NA,NA,4,"sample does not have an associated bay program method code"
"917",999,"LRA","ALLARM.LT8","03/26/2001","12:00:00","TDS.1","M1",1527,"CMC","NTWQM",2001-03-26 12:00:00,0.3,"ISM",1,"Water",NA,300,"MG/L",NA,NA,NA,2017-10-27 16:01:17,NA,2,NA,1,1,"S","PARTNTID",NA,NA,4,"sample does not have an associated bay program method code"
"918",999,"LRA","ALLARM.LT5","05/30/2001","12:00:00","NO3N.3","M1",1548,"CMC","NTWQM",2001-05-30 12:00:00,0.3,"ISM",2,"Water",NA,5,"MG/L",NA,NA,NA,2017-10-27 16:01:55,NA,2,NA,1,1,"S","PARTNTID",NA,NA,4,"sample does not have an associated bay program method code"
"919",999,"LRA","ALLARM.LT9","09/18/2001","12:00:00","NO3N.3","M1",1598,"CMC","NTWQM",2001-09-18 12:00:00,0.3,"ISM",2,"Water",NA,5.4,"MG/L",NA,NA,NA,2017-10-27 16:03:31,NA,2,NA,1,1,"S","PARTNTID",NA,NA,4,"sample does not have an associated bay program method code"
"920",999,"LRA","ALLARM.LT3","12/05/2001","12:00:00","NO3N.3","M1",1625,"CMC","NTWQM",2001-12-05 12:00:00,0.3,"ISM",2,"Water",NA,5.8,"MG/L",NA,NA,NA,2017-10-27 16:04:27,NA,2,NA,1,1,"S","PARTNTID",NA,NA,4,"sample does not have an associated bay program method code"
"921",999,"LRA","ALLARM.LT8","04/30/2001","12:00:00","NO3N.3","M1",1539,"CMC","NTWQM",2001-04-30 12:00:00,0.3,"ISM",2,"Water",NA,5.8,"MG/L",NA,NA,NA,2017-10-27 16:01:40,NA,2,NA,1,1,"S","PARTNTID",NA,NA,4,"sample does not have an associated bay program method code"
"922",999,"LRA","ALLARM.LT9","09/18/2001","12:00:00","TDS.1","M1",1598,"CMC","NTWQM",2001-09-18 12:00:00,0.3,"ISM",1,"Water",NA,280,"MG/L",NA,NA,NA,2017-10-27 16:03:31,NA,2,NA,1,1,"S","PARTNTID",NA,NA,4,"sample does not have an associated bay program method code"
"923",999,"LRA","ALLARM.LT6","11/13/2001","12:00:00","NO3N.3","M1",1617,"CMC","NTWQM",2001-11-13 12:00:00,0.3,"ISM",2,"Water",NA,5.2,"MG/L",NA,NA,NA,2017-10-27 16:04:10,NA,2,NA,1,1,"S","PARTNTID",NA,NA,4,"sample does not have an associated bay program method code"
"924",999,"LRA","ALLARM.LT8","04/30/2001","12:00:00","TDS.1","M1",1539,"CMC","NTWQM",2001-04-30 12:00:00,0.3,"ISM",1,"Water",NA,240,"MG/L",NA,NA,NA,2017-10-27 16:01:40,NA,2,NA,1,1,"S","PARTNTID",NA,NA,4,"sample does not have an associated bay program method code"
"925",999,"LRA","ALLARM.LT5","06/27/2001","12:00:00","NO3N.3","M1",1560,"CMC","NTWQM",2001-06-27 12:00:00,0.3,"ISM",2,"Water",NA,5.4,"MG/L",NA,NA,NA,2017-10-27 16:02:17,NA,2,NA,1,1,"S","PARTNTID",NA,NA,4,"sample does not have an associated bay program method code"
"926",999,"LRA","ALLARM.LT9","10/17/2001","12:00:00","NO3N.3","M1",1609,"CMC","NTWQM",2001-10-17 12:00:00,0.3,"ISM",2,"Water",NA,4.9,"MG/L",NA,NA,NA,2017-10-27 16:03:53,NA,2,NA,1,1,"S","PARTNTID",NA,NA,4,"sample does not have an associated bay program method code"
"927",999,"LRA","ALLARM.LT4","01/29/2001","12:00:00","NO3N.3","M1",1501,"CMC","NTWQM",2001-01-29 12:00:00,0.3,"ISM",2,"Water",NA,6.25,"MG/L",NA,NA,NA,2017-10-27 16:00:34,NA,2,NA,1,1,"S","PARTNTID",NA,NA,4,"sample does not have an associated bay program method code"
"928",999,"LRA","ALLARM.LT8","05/30/2001","12:00:00","NO3N.3","M1",1551,"CMC","NTWQM",2001-05-30 12:00:00,0.3,"ISM",2,"Water",NA,4.25,"MG/L",NA,NA,NA,2017-10-27 16:02:01,NA,2,NA,1,1,"S","PARTNTID",NA,NA,4,"sample does not have an associated bay program method code"
"929",999,"LRA","ALLARM.LT9","10/17/2001","12:00:00","TDS.1","M1",1609,"CMC","NTWQM",2001-10-17 12:00:00,0.3,"ISM",1,"Water",NA,310,"MG/L",NA,NA,NA,2017-10-27 16:03:53,NA,2,NA,1,1,"S","PARTNTID",NA,NA,4,"sample does not have an associated bay program method code"
"930",999,"LRA","ALLARM.LT6","12/05/2001","12:00:00","NO3N.3","M1",1628,"CMC","NTWQM",2001-12-05 12:00:00,0.3,"ISM",2,"Water",NA,5.6,"MG/L",NA,NA,NA,2017-10-27 16:04:34,NA,2,NA,1,1,"S","PARTNTID",NA,NA,4,"sample does not have an associated bay program method code"
"931",999,"LRA","ALLARM.LT8","05/30/2001","12:00:00","TDS.1","M1",1551,"CMC","NTWQM",2001-05-30 12:00:00,0.3,"ISM",1,"Water",NA,280,"MG/L",NA,NA,NA,2017-10-27 16:02:01,NA,2,NA,1,1,"S","PARTNTID",NA,NA,4,"sample does not have an associated bay program method code"
"932",999,"LRA","ALLARM.LT5","07/30/2001","12:00:00","NO3N.3","M1",1572,"CMC","NTWQM",2001-07-30 12:00:00,0.3,"ISM",2,"Water",NA,6.1,"MG/L",NA,NA,NA,2017-10-27 16:02:40,NA,2,NA,1,1,"S","PARTNTID",NA,NA,4,"sample does not have an associated bay program method code"
"933",999,"LRA","ALLARM.LT9","11/13/2001","12:00:00","NO3N.3","M1",1620,"CMC","NTWQM",2001-11-13 12:00:00,0.3,"ISM",2,"Water",NA,4.9,"MG/L",NA,NA,NA,2017-10-27 16:04:16,NA,2,NA,1,1,"S","PARTNTID",NA,NA,4,"sample does not have an associated bay program method code"
"934",999,"LRA","ALLARM.LT4","02/26/2001","12:00:00","NO3N.3","M1",1511,"CMC","NTWQM",2001-02-26 12:00:00,0.3,"ISM",2,"Water",NA,7.1,"MG/L",NA,NA,NA,2017-10-27 16:00:51,NA,2,NA,1,1,"S","PARTNTID",NA,NA,4,"sample does not have an associated bay program method code"
"935",999,"LRA","ALLARM.LT8","06/27/2001","12:00:00","NO3N.3","M1",1563,"CMC","NTWQM",2001-06-27 12:00:00,0.3,"ISM",2,"Water",NA,4.8,"MG/L",NA,NA,NA,2017-10-27 16:02:23,NA,2,NA,1,1,"S","PARTNTID",NA,NA,4,"sample does not have an associated bay program method code"
"936",999,"LRA","ALLARM.LT9","11/13/2001","12:00:00","TDS.1","M1",1620,"CMC","NTWQM",2001-11-13 12:00:00,0.3,"ISM",1,"Water",NA,280,"MG/L",NA,NA,NA,2017-10-27 16:04:16,NA,2,NA,1,1,"S","PARTNTID",NA,NA,4,"sample does not have an associated bay program method code"
"937",999,"LRA","ALLARM.LT7","01/29/2001","12:00:00","NO3N.3","M1",1504,"CMC","NTWQM",2001-01-29 12:00:00,0.3,"ISM",2,"Water",NA,6.05,"MG/L",NA,NA,NA,2017-10-27 16:00:39,NA,2,NA,1,1,"S","PARTNTID",NA,NA,4,"sample does not have an associated bay program method code"
"938",999,"LRA","ALLARM.LT8","06/27/2001","12:00:00","TDS.1","M1",1563,"CMC","NTWQM",2001-06-27 12:00:00,0.3,"ISM",1,"Water",NA,240,"MG/L",NA,NA,NA,2017-10-27 16:02:23,NA,2,NA,1,1,"S","PARTNTID",NA,NA,4,"sample does not have an associated bay program method code"
"939",999,"LRA","ALLARM.LT5","08/30/2001","12:00:00","NO3N.3","M1",1583,"CMC","NTWQM",2001-08-30 12:00:00,0.3,"ISM",2,"Water",NA,6.4,"MG/L",NA,NA,NA,2017-10-27 16:03:01,NA,2,NA,1,1,"S","PARTNTID",NA,NA,4,"sample does not have an associated bay program method code"
"940",999,"LRA","ALLARM.LT9","12/05/2001","12:00:00","NO3N.3","M1",1631,"CMC","NTWQM",2001-12-05 12:00:00,0.3,"ISM",2,"Water",NA,4.6,"MG/L",NA,NA,NA,2017-10-27 16:04:41,NA,2,NA,1,1,"S","PARTNTID",NA,NA,4,"sample does not have an associated bay program method code"
"941",999,"LRA","ALLARM.LT4","03/26/2001","12:00:00","NO3N.3","M1",1523,"CMC","NTWQM",2001-03-26 12:00:00,0.3,"ISM",2,"Water",NA,6.4,"MG/L",NA,NA,NA,2017-10-27 16:01:10,NA,2,NA,1,1,"S","PARTNTID",NA,NA,4,"sample does not have an associated bay program method code"
"942",999,"LRA","ALLARM.LT8","07/30/2001","12:00:00","NO3N.3","M1",1575,"CMC","NTWQM",2001-07-30 12:00:00,0.3,"ISM",2,"Water",NA,5.8,"MG/L",NA,NA,NA,2017-10-27 16:02:45,NA,2,NA,1,1,"S","PARTNTID",NA,NA,4,"sample does not have an associated bay program method code"
"943",999,"LRA","ALLARM.LT9","12/05/2001","12:00:00","TDS.1","M1",1631,"CMC","NTWQM",2001-12-05 12:00:00,0.3,"ISM",1,"Water",NA,260,"MG/L",NA,NA,NA,2017-10-27 16:04:41,NA,2,NA,1,1,"S","PARTNTID",NA,NA,4,"sample does not have an associated bay program method code"
"944",999,"LRA","ALLARM.LT7","02/26/2001","12:00:00","NO3N.3","M1",1514,"CMC","NTWQM",2001-02-26 12:00:00,0.3,"ISM",2,"Water",NA,6.2,"MG/L",NA,NA,NA,2017-10-27 16:00:56,NA,2,NA,1,1,"S","PARTNTID",NA,NA,4,"sample does not have an associated bay program method code"
"945",999,"LRA","ALLARM.LT8","07/30/2001","12:00:00","TDS.1","M1",1575,"CMC","NTWQM",2001-07-30 12:00:00,0.3,"ISM",1,"Water",NA,270,"MG/L",NA,NA,NA,2017-10-27 16:02:45,NA,2,NA,1,1,"S","PARTNTID",NA,NA,4,"sample does not have an associated bay program method code"
"946",999,"LRA","ALLARM.LT5","09/18/2001","12:00:00","NO3N.3","M1",1594,"CMC","NTWQM",2001-09-18 12:00:00,0.3,"ISM",2,"Water",NA,5.8,"MG/L",NA,NA,NA,2017-10-27 16:03:23,NA,2,NA,1,1,"S","PARTNTID",NA,NA,4,"sample does not have an associated bay program method code"
"947",999,"LRA","ALLARM.LT9","01/29/2001","12:00:00","TDS.1","M1",1506,"CMC","NTWQM",2001-01-29 12:00:00,0.3,"ISM",1,"Water",NA,290,"MG/L",NA,NA,NA,2017-10-27 16:00:42,NA,2,NA,1,1,"S","PARTNTID",NA,NA,4,"sample does not have an associated bay program method code"
"948",999,"LRA","ALLARM.LT4","04/30/2001","12:00:00","NO3N.3","M1",1535,"CMC","NTWQM",2001-04-30 12:00:00,0.3,"ISM",2,"Water",NA,6.1,"MG/L",NA,NA,NA,2017-10-27 16:01:31,NA,2,NA,1,1,"S","PARTNTID",NA,NA,4,"sample does not have an associated bay program method code"
"949",999,"LRA","ALLARM.LT8","08/30/2001","12:00:00","NO3N.3","M1",1586,"CMC","NTWQM",2001-08-30 12:00:00,0.3,"ISM",2,"Water",NA,5.8,"MG/L",NA,NA,NA,2017-10-27 16:03:07,NA,2,NA,1,1,"S","PARTNTID",NA,NA,4,"sample does not have an associated bay program method code"
"950",999,"LRA","ALLARM.LT4","10/17/2001","12:00:00","NO3N.3","M1",1604,"CMC","NTWQM",2001-10-17 12:00:00,0.3,"ISM",2,"Water",NA,5.8,"MG/L",NA,NA,NA,2017-10-27 16:03:43,NA,2,NA,1,1,"S","PARTNTID",NA,NA,4,"sample does not have an associated bay program method code"
"951",999,"LRA","ALLARM.LT7","03/26/2001","12:00:00","NO3N.3","M1",1526,"CMC","NTWQM",2001-03-26 12:00:00,0.3,"ISM",2,"Water",NA,4.5,"MG/L",NA,NA,NA,2017-10-27 16:01:16,NA,2,NA,1,1,"S","PARTNTID",NA,NA,4,"sample does not have an associated bay program method code"
"952",999,"LRA","ALLARM.LT8","08/30/2001","12:00:00","TDS.1","M1",1586,"CMC","NTWQM",2001-08-30 12:00:00,0.3,"ISM",1,"Water",NA,280,"MG/L",NA,NA,NA,2017-10-27 16:03:07,NA,2,NA,1,1,"S","PARTNTID",NA,NA,4,"sample does not have an associated bay program method code"
"953",999,"LRA","ALLARM.LT5","10/17/2001","12:00:00","NO3N.3","M1",1605,"CMC","NTWQM",2001-10-17 12:00:00,0.3,"ISM",2,"Water",NA,6.4,"MG/L",NA,NA,NA,2017-10-27 16:03:45,NA,2,NA,1,1,"S","PARTNTID",NA,NA,4,"sample does not have an associated bay program method code"
"954",999,"LRA","ALLARM.LT7","03/26/2001","12:00:00","TDS.1","M1",1526,"CMC","NTWQM",2001-03-26 12:00:00,0.3,"ISM",1,"Water",NA,310,"MG/L",NA,NA,NA,2017-10-27 16:01:16,NA,2,NA,1,1,"S","PARTNTID",NA,NA,4,"sample does not have an associated bay program method code"
"955",999,"LRA","ALLARM.LT4","05/30/2001","12:00:00","NO3N.3","M1",1547,"CMC","NTWQM",2001-05-30 12:00:00,0.3,"ISM",2,"Water",NA,5.4,"MG/L",NA,NA,NA,2017-10-27 16:01:54,NA,2,NA,1,1,"S","PARTNTID",NA,NA,4,"sample does not have an associated bay program method code"
"956",999,"LRA","ALLARM.LT8","09/18/2001","12:00:00","NO3N.3","M1",1597,"CMC","NTWQM",2001-09-18 12:00:00,0.3,"ISM",2,"Water",NA,5.6,"MG/L",NA,NA,NA,2017-10-27 16:03:28,NA,2,NA,1,1,"S","PARTNTID",NA,NA,4,"sample does not have an associated bay program method code"
"957",999,"LRA","ALLARM.LT2","12/05/2001","12:00:00","NO3N.3","M1",1624,"CMC","NTWQM",2001-12-05 12:00:00,0.3,"ISM",2,"Water",NA,6.1,"MG/L",NA,NA,NA,2017-10-27 16:04:25,NA,2,NA,1,1,"S","PARTNTID",NA,NA,4,"sample does not have an associated bay program method code"
"958",999,"LRA","ALLARM.LT7","04/30/2001","12:00:00","NO3N.3","M1",1538,"CMC","NTWQM",2001-04-30 12:00:00,0.3,"ISM",2,"Water",NA,6,"MG/L",NA,NA,NA,2017-10-27 16:01:38,NA,2,NA,1,1,"S","PARTNTID",NA,NA,4,"sample does not have an associated bay program method code"
"959",999,"LRA","ALLARM.LT8","09/18/2001","12:00:00","TDS.1","M1",1597,"CMC","NTWQM",2001-09-18 12:00:00,0.3,"ISM",1,"Water",NA,260,"MG/L",NA,NA,NA,2017-10-27 16:03:28,NA,2,NA,1,1,"S","PARTNTID",NA,NA,4,"sample does not have an associated bay program method code"
"960",999,"LRA","ALLARM.LT5","11/13/2001","12:00:00","NO3N.3","M1",1616,"CMC","NTWQM",2001-11-13 12:00:00,0.3,"ISM",2,"Water",NA,5.5,"MG/L",NA,NA,NA,2017-10-27 16:04:08,NA,2,NA,1,1,"S","PARTNTID",NA,NA,4,"sample does not have an associated bay program method code"
"961",999,"LRA","ALLARM.LT7","04/30/2001","12:00:00","TDS.1","M1",1538,"CMC","NTWQM",2001-04-30 12:00:00,0.3,"ISM",1,"Water",NA,240,"MG/L",NA,NA,NA,2017-10-27 16:01:38,NA,2,NA,1,1,"S","PARTNTID",NA,NA,4,"sample does not have an associated bay program method code"
"962",999,"LRA","ALLARM.LT4","06/27/2001","12:00:00","NO3N.3","M1",1559,"CMC","NTWQM",2001-06-27 12:00:00,0.3,"ISM",2,"Water",NA,5.3,"MG/L",NA,NA,NA,2017-10-27 16:02:15,NA,2,NA,1,1,"S","PARTNTID",NA,NA,4,"sample does not have an associated bay program method code"
"963",999,"LRA","ALLARM.LT8","10/17/2001","12:00:00","NO3N.3","M1",1608,"CMC","NTWQM",2001-10-17 12:00:00,0.3,"ISM",2,"Water",NA,5.3,"MG/L",NA,NA,NA,2017-10-27 16:03:51,NA,2,NA,1,1,"S","PARTNTID",NA,NA,4,"sample does not have an associated bay program method code"
"964",999,"LRA","ALLARM.LT3","01/29/2001","12:00:00","NO3N.3","M1",1500,"CMC","NTWQM",2001-01-29 12:00:00,0.3,"ISM",2,"Water",NA,6.95,"MG/L",NA,NA,NA,2017-10-27 16:00:32,NA,2,NA,1,1,"S","PARTNTID",NA,NA,4,"sample does not have an associated bay program method code"
"965",999,"LRA","ALLARM.LT7","05/30/2001","12:00:00","NO3N.3","M1",1550,"CMC","NTWQM",2001-05-30 12:00:00,0.3,"ISM",2,"Water",NA,4.5,"MG/L",NA,NA,NA,2017-10-27 16:01:59,NA,2,NA,1,1,"S","PARTNTID",NA,NA,4,"sample does not have an associated bay program method code"
"966",999,"LRA","ALLARM.LT8","10/17/2001","12:00:00","TDS.1","M1",1608,"CMC","NTWQM",2001-10-17 12:00:00,0.3,"ISM",1,"Water",NA,330,"MG/L",NA,NA,NA,2017-10-27 16:03:51,NA,2,NA,1,1,"S","PARTNTID",NA,NA,4,"sample does not have an associated bay program method code"
"967",999,"LRA","ALLARM.LT5","12/05/2001","12:00:00","NO3N.3","M1",1627,"CMC","NTWQM",2001-12-05 12:00:00,0.3,"ISM",2,"Water",NA,5.8,"MG/L",NA,NA,NA,2017-10-27 16:04:32,NA,2,NA,1,1,"S","PARTNTID",NA,NA,4,"sample does not have an associated bay program method code"
"968",999,"LRA","ALLARM.LT7","05/30/2001","12:00:00","TDS.1","M1",1550,"CMC","NTWQM",2001-05-30 12:00:00,0.3,"ISM",1,"Water",NA,270,"MG/L",NA,NA,NA,2017-10-27 16:01:59,NA,2,NA,1,1,"S","PARTNTID",NA,NA,4,"sample does not have an associated bay program method code"
"969",999,"LRA","ALLARM.LT4","07/30/2001","12:00:00","NO3N.3","M1",1571,"CMC","NTWQM",2001-07-30 12:00:00,0.3,"ISM",2,"Water",NA,6.3,"MG/L",NA,NA,NA,2017-10-27 16:02:38,NA,2,NA,1,1,"S","PARTNTID",NA,NA,4,"sample does not have an associated bay program method code"
"970",999,"LRA","ALLARM.LT8","11/13/2001","12:00:00","NO3N.3","M1",1619,"CMC","NTWQM",2001-11-13 12:00:00,0.3,"ISM",2,"Water",NA,5.2,"MG/L",NA,NA,NA,2017-10-27 16:04:14,NA,2,NA,1,1,"S","PARTNTID",NA,NA,4,"sample does not have an associated bay program method code"
"971",999,"LRA","ALLARM.LT3","02/26/2001","12:00:00","NO3N.3","M1",1510,"CMC","NTWQM",2001-02-26 12:00:00,0.3,"ISM",2,"Water",NA,6.6,"MG/L",NA,NA,NA,2017-10-27 16:00:49,NA,2,NA,1,1,"S","PARTNTID",NA,NA,4,"sample does not have an associated bay program method code"
"972",999,"LRA","ALLARM.LT7","06/27/2001","12:00:00","NO3N.3","M1",1562,"CMC","NTWQM",2001-06-27 12:00:00,0.3,"ISM",2,"Water",NA,4.8,"MG/L",NA,NA,NA,2017-10-27 16:02:21,NA,2,NA,1,1,"S","PARTNTID",NA,NA,4,"sample does not have an associated bay program method code"
"973",999,"LRA","ALLARM.LT8","11/13/2001","12:00:00","TDS.1","M1",1619,"CMC","NTWQM",2001-11-13 12:00:00,0.3,"ISM",1,"Water",NA,260,"MG/L",NA,NA,NA,2017-10-27 16:04:14,NA,2,NA,1,1,"S","PARTNTID",NA,NA,4,"sample does not have an associated bay program method code"
"974",999,"LRA","ALLARM.LT6","01/29/2001","12:00:00","NO3N.3","M1",1503,"CMC","NTWQM",2001-01-29 12:00:00,0.3,"ISM",2,"Water",NA,6.2,"MG/L",NA,NA,NA,2017-10-27 16:00:37,NA,2,NA,1,1,"S","PARTNTID",NA,NA,4,"sample does not have an associated bay program method code"
"975",999,"LRA","ALLARM.LT7","06/27/2001","12:00:00","TDS.1","M1",1562,"CMC","NTWQM",2001-06-27 12:00:00,0.3,"ISM",1,"Water",NA,240,"MG/L",NA,NA,NA,2017-10-27 16:02:21,NA,2,NA,1,1,"S","PARTNTID",NA,NA,4,"sample does not have an associated bay program method code"
"976",999,"LRA","ALLARM.LT4","08/30/2001","12:00:00","NO3N.3","M1",1582,"CMC","NTWQM",2001-08-30 12:00:00,0.3,"ISM",2,"Water",NA,6.7,"MG/L",NA,NA,NA,2017-10-27 16:02:59,NA,2,NA,1,1,"S","PARTNTID",NA,NA,4,"sample does not have an associated bay program method code"
"977",999,"LRA","ALLARM.LT8","12/05/2001","12:00:00","NO3N.3","M1",1630,"CMC","NTWQM",2001-12-05 12:00:00,0.3,"ISM",2,"Water",NA,5.1,"MG/L",NA,NA,NA,2017-10-27 16:04:39,NA,2,NA,1,1,"S","PARTNTID",NA,NA,4,"sample does not have an associated bay program method code"
"978",999,"LRA","ALLARM.LT3","03/26/2001","12:00:00","NO3N.3","M1",1522,"CMC","NTWQM",2001-03-26 12:00:00,0.3,"ISM",2,"Water",NA,6.4,"MG/L",NA,NA,NA,2017-10-27 16:01:09,NA,2,NA,1,1,"S","PARTNTID",NA,NA,4,"sample does not have an associated bay program method code"
"979",999,"LRA","ALLARM.LT7","07/30/2001","12:00:00","NO3N.3","M1",1574,"CMC","NTWQM",2001-07-30 12:00:00,0.3,"ISM",2,"Water",NA,5.9,"MG/L",NA,NA,NA,2017-10-27 16:02:43,NA,2,NA,1,1,"S","PARTNTID",NA,NA,4,"sample does not have an associated bay program method code"
"980",999,"LRA","ALLARM.LT8","12/05/2001","12:00:00","TDS.1","M1",1630,"CMC","NTWQM",2001-12-05 12:00:00,0.3,"ISM",1,"Water",NA,270,"MG/L",NA,NA,NA,2017-10-27 16:04:39,NA,2,NA,1,1,"S","PARTNTID",NA,NA,4,"sample does not have an associated bay program method code"
"981",999,"LRA","ALLARM.LT6","02/26/2001","12:00:00","NO3N.3","M1",1513,"CMC","NTWQM",2001-02-26 12:00:00,0.3,"ISM",2,"Water",NA,6.2,"MG/L",NA,NA,NA,2017-10-27 16:00:54,NA,2,NA,1,1,"S","PARTNTID",NA,NA,4,"sample does not have an associated bay program method code"
"982",999,"LRA","ALLARM.LT7","07/30/2001","12:00:00","TDS.1","M1",1574,"CMC","NTWQM",2001-07-30 12:00:00,0.3,"ISM",1,"Water",NA,260,"MG/L",NA,NA,NA,2017-10-27 16:02:43,NA,2,NA,1,1,"S","PARTNTID",NA,NA,4,"sample does not have an associated bay program method code"
"983",999,"LRA","ALLARM.LT4","09/18/2001","12:00:00","NO3N.3","M1",1593,"CMC","NTWQM",2001-09-18 12:00:00,0.3,"ISM",2,"Water",NA,5.6,"MG/L",NA,NA,NA,2017-10-27 16:03:21,NA,2,NA,1,1,"S","PARTNTID",NA,NA,4,"sample does not have an associated bay program method code"
"984",999,"LRA","ALLARM.LT9","01/29/2001","12:00:00","NO3N.3","M1",1506,"CMC","NTWQM",2001-01-29 12:00:00,0.3,"ISM",2,"Water",NA,5.5,"MG/L",NA,NA,NA,2017-10-27 16:00:42,NA,2,NA,1,1,"S","PARTNTID",NA,NA,4,"sample does not have an associated bay program method code"
"985",999,"LRA","ALLARM.LT3","04/30/2001","12:00:00","NO3N.3","M1",1534,"CMC","NTWQM",2001-04-30 12:00:00,0.3,"ISM",2,"Water",NA,6.4,"MG/L",NA,NA,NA,2017-10-27 16:01:29,NA,2,NA,1,1,"S","PARTNTID",NA,NA,4,"sample does not have an associated bay program method code"
"986",999,"LRA","ALLARM.LT7","08/30/2001","12:00:00","NO3N.3","M1",1585,"CMC","NTWQM",2001-08-30 12:00:00,0.3,"ISM",2,"Water",NA,6.1,"MG/L",NA,NA,NA,2017-10-27 16:03:05,NA,2,NA,1,1,"S","PARTNTID",NA,NA,4,"sample does not have an associated bay program method code"
"987",999,"LRA","ALLARM.MG1","02/26/2001","12:00:00","NO3N.3","M1",1518,"CMC","NTWQM",2001-02-26 12:00:00,0.3,"ISM",2,"Water",NA,3.7,"MG/L",NA,NA,NA,2017-10-27 16:01:02,NA,2,NA,1,1,"S","PARTNTID",NA,NA,4,"sample does not have an associated bay program method code"
"988",999,"LRA","ALLARM.LT6","03/26/2001","12:00:00","NO3N.3","M1",1525,"CMC","NTWQM",2001-03-26 12:00:00,0.3,"ISM",2,"Water",NA,6.3,"MG/L",NA,NA,NA,2017-10-27 16:01:14,NA,2,NA,1,1,"S","PARTNTID",NA,NA,4,"sample does not have an associated bay program method code"
"989",999,"LRA","ALLARM.LT7","08/30/2001","12:00:00","TDS.1","M1",1585,"CMC","NTWQM",2001-08-30 12:00:00,0.3,"ISM",1,"Water",NA,260,"MG/L",NA,NA,NA,2017-10-27 16:03:05,NA,2,NA,1,1,"S","PARTNTID",NA,NA,4,"sample does not have an associated bay program method code"
"990",999,"LRA","ALLARM.MG1","02/26/2001","12:00:00","TDS.1","M1",1518,"CMC","NTWQM",2001-02-26 12:00:00,0.3,"ISM",1,"Water",NA,420,"MG/L",NA,NA,NA,2017-10-27 16:01:02,NA,2,NA,1,1,"S","PARTNTID",NA,NA,4,"sample does not have an associated bay program method code"
"991",999,"LRA","ALLARM.LT9","02/26/2001","12:00:00","NO3N.3","M1",1516,"CMC","NTWQM",2001-02-26 12:00:00,0.3,"ISM",2,"Water",NA,4.6,"MG/L",NA,NA,NA,2017-10-27 16:00:59,NA,2,NA,1,1,"S","PARTNTID",NA,NA,4,"sample does not have an associated bay program method code"
"992",999,"LRA","ALLARM.LT3","05/30/2001","12:00:00","NO3N.3","M1",1546,"CMC","NTWQM",2001-05-30 12:00:00,0.3,"ISM",2,"Water",NA,5,"MG/L",NA,NA,NA,2017-10-27 16:01:52,NA,2,NA,1,1,"S","PARTNTID",NA,NA,4,"sample does not have an associated bay program method code"
"993",999,"LRA","ALLARM.LT7","09/18/2001","12:00:00","NO3N.3","M1",1596,"CMC","NTWQM",2001-09-18 12:00:00,0.3,"ISM",2,"Water",NA,5,"MG/L",NA,NA,NA,2017-10-27 16:03:27,NA,2,NA,1,1,"S","PARTNTID",NA,NA,4,"sample does not have an associated bay program method code"
"994",999,"LRA","ALLARM.LT9","02/26/2001","12:00:00","TDS.1","M1",1516,"CMC","NTWQM",2001-02-26 12:00:00,0.3,"ISM",1,"Water",NA,360,"MG/L",NA,NA,NA,2017-10-27 16:00:59,NA,2,NA,1,1,"S","PARTNTID",NA,NA,4,"sample does not have an associated bay program method code"
"995",999,"LRA","ALLARM.LT6","04/30/2001","12:00:00","NO3N.3","M1",1537,"CMC","NTWQM",2001-04-30 12:00:00,0.3,"ISM",2,"Water",NA,5.7,"MG/L",NA,NA,NA,2017-10-27 16:01:36,NA,2,NA,1,1,"S","PARTNTID",NA,NA,4,"sample does not have an associated bay program method code"
"996",999,"LRA","ALLARM.MG2","10/17/2001","12:00:00","TDS.1","M1",1611,"CMC","NTWQM",2001-10-17 12:00:00,0.3,"ISM",1,"Water",NA,250,"MG/L",NA,NA,NA,2017-10-27 16:03:58,NA,2,NA,1,1,"S","PARTNTID",NA,NA,4,"sample does not have an associated bay program method code"
"997",999,"LRA","ALLARM.MG2","12/05/2001","12:00:00","TDS.1","M1",1633,"CMC","NTWQM",2001-12-05 12:00:00,0.3,"ISM",1,"Water",NA,220,"MG/L",NA,NA,NA,2017-10-27 16:04:45,NA,2,NA,1,1,"S","PARTNTID",NA,NA,4,"sample does not have an associated bay program method code"
"998",999,"LRA","ALLARM.MG2","05/30/2001","12:00:00","NO3N.3","M1",1555,"CMC","NTWQM",2001-05-30 12:00:00,0.3,"ISM",2,"Water",NA,1.4,"MG/L",NA,NA,NA,2017-10-27 16:02:08,NA,2,NA,1,1,"S","PARTNTID",NA,NA,4,"sample does not have an associated bay program method code"
"999",999,"LRA","ALLARM.MG1","04/30/2001","12:00:00","NO3N.3","M1",1542,"CMC","NTWQM",2001-04-30 12:00:00,0.3,"ISM",2,"Water",NA,3.6,"MG/L",NA,NA,NA,2017-10-27 16:01:45,NA,2,NA,1,1,"S","PARTNTID",NA,NA,4,"sample does not have an associated bay program method code"
"1000",999,"LRA","ALLARM.MG2","11/13/2001","12:00:00","NO3N.3","M1",1622,"CMC","NTWQM",2001-11-13 12:00:00,0.3,"ISM",2,"Water",NA,5.1,"MG/L",NA,NA,NA,2017-10-27 16:04:21,NA,2,NA,1,1,"S","PARTNTID",NA,NA,4,"sample does not have an associated bay program method code"
"1001",999,"LRA","ALLARM.MG2","05/30/2001","12:00:00","TDS.1","M1",1555,"CMC","NTWQM",2001-05-30 12:00:00,0.3,"ISM",1,"Water",NA,400,"MG/L",NA,NA,NA,2017-10-27 16:02:08,NA,2,NA,1,1,"S","PARTNTID",NA,NA,4,"sample does not have an associated bay program method code"
"1002",999,"LRA","ALLARM.MG1","04/30/2001","12:00:00","TDS.1","M1",1542,"CMC","NTWQM",2001-04-30 12:00:00,0.3,"ISM",1,"Water",NA,330,"MG/L",NA,NA,NA,2017-10-27 16:01:45,NA,2,NA,1,1,"S","PARTNTID",NA,NA,4,"sample does not have an associated bay program method code"
"1003",999,"LRA","ALLARM.MG2","11/13/2001","12:00:00","TDS.1","M1",1622,"CMC","NTWQM",2001-11-13 12:00:00,0.3,"ISM",1,"Water",NA,240,"MG/L",NA,NA,NA,2017-10-27 16:04:21,NA,2,NA,1,1,"S","PARTNTID",NA,NA,4,"sample does not have an associated bay program method code"
"1004",999,"LRA","ALLARM.MG2","03/26/2001","12:00:00","TDS.1","M1",1531,"CMC","NTWQM",2001-03-26 12:00:00,0.3,"ISM",1,"Water",NA,450,"MG/L",NA,NA,NA,2017-10-27 16:01:24,NA,2,NA,1,1,"S","PARTNTID",NA,NA,4,"sample does not have an associated bay program method code"
"1005",999,"LRA","ALLARM.MG2","06/27/2001","12:00:00","NO3N.3","M1",1567,"CMC","NTWQM",2001-06-27 12:00:00,0.3,"ISM",2,"Water",NA,0.01,"MG/L",NA,NA,NA,2017-10-27 16:02:30,NA,2,NA,1,1,"S","PARTNTID",NA,NA,4,"sample does not have an associated bay program method code"
"1006",999,"LRA","ALLARM.MG1","05/30/2001","12:00:00","NO3N.3","M1",1554,"CMC","NTWQM",2001-05-30 12:00:00,0.3,"ISM",2,"Water",NA,3,"MG/L",NA,NA,NA,2017-10-27 16:02:06,NA,2,NA,1,1,"S","PARTNTID",NA,NA,4,"sample does not have an associated bay program method code"
"1007",999,"LRA","ALLARM.MG2","12/05/2001","12:00:00","NO3N.3","M1",1633,"CMC","NTWQM",2001-12-05 12:00:00,0.3,"ISM",2,"Water",NA,3.2,"MG/L",NA,NA,NA,2017-10-27 16:04:45,NA,2,NA,1,1,"S","PARTNTID",NA,NA,4,"sample does not have an associated bay program method code"
"1008",999,"LRA","ALLARM.MG2","06/27/2001","12:00:00","TDS.1","M1",1567,"CMC","NTWQM",2001-06-27 12:00:00,0.3,"ISM",1,"Water",NA,360,"MG/L",NA,NA,NA,2017-10-27 16:02:30,NA,2,NA,1,1,"S","PARTNTID",NA,NA,4,"sample does not have an associated bay program method code"
"1009",999,"LRA","ALLARM.MG1","05/30/2001","12:00:00","TDS.1","M1",1554,"CMC","NTWQM",2001-05-30 12:00:00,0.3,"ISM",1,"Water",NA,390,"MG/L",NA,NA,NA,2017-10-27 16:02:06,NA,2,NA,1,1,"S","PARTNTID",NA,NA,4,"sample does not have an associated bay program method code"
"1010",999,"LRA","ALLARM.MG2","02/26/2001","12:00:00","TDS.1","M1",1519,"CMC","NTWQM",2001-02-26 12:00:00,0.3,"ISM",1,"Water",NA,430,"MG/L",NA,NA,NA,2017-10-27 16:01:04,NA,2,NA,1,1,"S","PARTNTID",NA,NA,4,"sample does not have an associated bay program method code"
"1011",999,"LRA","ALLARM.MG2","07/30/2001","12:00:00","TDS.1","M1",1578,"CMC","NTWQM",2001-07-30 12:00:00,0.3,"ISM",1,"Water",NA,240,"MG/L",NA,NA,NA,2017-10-27 16:02:51,NA,2,NA,1,1,"S","PARTNTID",NA,NA,4,"sample does not have an associated bay program method code"
"1012",999,"LRA","ALLARM.MG2","07/30/2001","12:00:00","NO3N.3","M1",1578,"CMC","NTWQM",2001-07-30 12:00:00,0.3,"ISM",2,"Water",NA,5.9,"MG/L",NA,NA,NA,2017-10-27 16:02:51,NA,2,NA,1,1,"S","PARTNTID",NA,NA,4,"sample does not have an associated bay program method code"
"1013",999,"LRA","ALLARM.MG1","06/27/2001","12:00:00","NO3N.3","M1",1566,"CMC","NTWQM",2001-06-27 12:00:00,0.3,"ISM",2,"Water",NA,3.2,"MG/L",NA,NA,NA,2017-10-27 16:02:28,NA,2,NA,1,1,"S","PARTNTID",NA,NA,4,"sample does not have an associated bay program method code"
"1014",999,"LRA","ALLARM.MG2","03/26/2001","12:00:00","NO3N.3","M1",1531,"CMC","NTWQM",2001-03-26 12:00:00,0.3,"ISM",2,"Water",NA,3.9,"MG/L",NA,NA,NA,2017-10-27 16:01:24,NA,2,NA,1,1,"S","PARTNTID",NA,NA,4,"sample does not have an associated bay program method code"
"1015",999,"LRA","ALLARM.MG2","08/30/2001","12:00:00","NO3N.3","M1",1589,"CMC","NTWQM",2001-08-30 12:00:00,0.3,"ISM",2,"Water",NA,5.9,"MG/L",NA,NA,NA,2017-10-27 16:03:13,NA,2,NA,1,1,"S","PARTNTID",NA,NA,4,"sample does not have an associated bay program method code"
"1016",999,"LRA","ALLARM.MG1","06/27/2001","12:00:00","TDS.1","M1",1566,"CMC","NTWQM",2001-06-27 12:00:00,0.3,"ISM",1,"Water",NA,360,"MG/L",NA,NA,NA,2017-10-27 16:02:28,NA,2,NA,1,1,"S","PARTNTID",NA,NA,4,"sample does not have an associated bay program method code"
"1017",999,"LRA","ALLARM.MG1","03/26/2001","12:00:00","NO3N.3","M1",1530,"CMC","NTWQM",2001-03-26 12:00:00,0.3,"ISM",2,"Water",NA,4.2,"MG/L",NA,NA,NA,2017-10-27 16:01:22,NA,2,NA,1,1,"S","PARTNTID",NA,NA,4,"sample does not have an associated bay program method code"
"1018",999,"LRA","ALLARM.MG2","08/30/2001","12:00:00","TDS.1","M1",1589,"CMC","NTWQM",2001-08-30 12:00:00,0.3,"ISM",1,"Water",NA,250,"MG/L",NA,NA,NA,2017-10-27 16:03:13,NA,2,NA,1,1,"S","PARTNTID",NA,NA,4,"sample does not have an associated bay program method code"
"1019",999,"LRA","ALLARM.MG1","03/26/2001","12:00:00","TDS.1","M1",1530,"CMC","NTWQM",2001-03-26 12:00:00,0.3,"ISM",1,"Water",NA,390,"MG/L",NA,NA,NA,2017-10-27 16:01:22,NA,2,NA,1,1,"S","PARTNTID",NA,NA,4,"sample does not have an associated bay program method code"
"1020",999,"LRA","ALLARM.MG2","02/26/2001","12:00:00","NO3N.3","M1",1519,"CMC","NTWQM",2001-02-26 12:00:00,0.3,"ISM",2,"Water",NA,3.1,"MG/L",NA,NA,NA,2017-10-27 16:01:04,NA,2,NA,1,1,"S","PARTNTID",NA,NA,4,"sample does not have an associated bay program method code"
"1021",999,"LRA","ALLARM.MG2","09/18/2001","12:00:00","TDS.1","M1",1600,"CMC","NTWQM",2001-09-18 12:00:00,0.3,"ISM",1,"Water",NA,250,"MG/L",NA,NA,NA,2017-10-27 16:03:35,NA,2,NA,1,1,"S","PARTNTID",NA,NA,4,"sample does not have an associated bay program method code"
"1022",999,"LRA","ALLARM.MG2","09/18/2001","12:00:00","NO3N.3","M1",1600,"CMC","NTWQM",2001-09-18 12:00:00,0.3,"ISM",2,"Water",NA,5.4,"MG/L",NA,NA,NA,2017-10-27 16:03:35,NA,2,NA,1,1,"S","PARTNTID",NA,NA,4,"sample does not have an associated bay program method code"
"1023",999,"LRA","ALLARM.MG2","04/30/2001","12:00:00","TDS.1","M1",1543,"CMC","NTWQM",2001-04-30 12:00:00,0.3,"ISM",1,"Water",NA,400,"MG/L",NA,NA,NA,2017-10-27 16:01:47,NA,2,NA,1,1,"S","PARTNTID",NA,NA,4,"sample does not have an associated bay program method code"
"1024",999,"LRA","ALLARM.MG2","04/30/2001","12:00:00","NO3N.3","M1",1543,"CMC","NTWQM",2001-04-30 12:00:00,0.3,"ISM",2,"Water",NA,3.1,"MG/L",NA,NA,NA,2017-10-27 16:01:47,NA,2,NA,1,1,"S","PARTNTID",NA,NA,4,"sample does not have an associated bay program method code"
"1025",999,"LRA","ALLARM.MG2","10/17/2001","12:00:00","NO3N.3","M1",1611,"CMC","NTWQM",2001-10-17 12:00:00,0.3,"ISM",2,"Water",NA,3.3,"MG/L",NA,NA,NA,2017-10-27 16:03:58,NA,2,NA,1,1,"S","PARTNTID",NA,NA,4,"sample does not have an associated bay program method code"
