"","paramMethod","SOURCE","STATION","SAMPLE_DATE","SAMPLE_TIME","paramCode","SAMPLE_ID","EventId","AGENCY","PROGRAM","DateTime","DEPTH","SAMPLE_TYPE","TIER","Matrix","QUALIFIER","VALUE","UNITS","PROBLEM","LAB","labName","detLimit","qaFlag","COMMENTS","count.x","count.y","LAYER","PROJECT","SampleAnalyticalMethodIdentifier","SubstanceIdentificationName"
"280",144,"ALLARM","ALLARM.WL","12/06/2006","12:00:00","NO3N.4","S1",2369,"CMC","NTWQM",2006-12-06 12:00:00,0.1,"D",2,"Water",NA,0,"MG/L",NA,"ACARL","ALLARM Community Aquatic Research Laboratory",0.1,2,NA,1,1,"S","PARTNTID","L02 ","NO23W"
"426",189,"ALLARM","ALLARM.LT6","02/21/2006","12:00:00","OP.5","S1",2233,"CMC","NTWQM",2006-02-21 12:00:00,0.1,"D",2,"Water",NA,0,"MG/L",NA,"ACARL","ALLARM Community Aquatic Research Laboratory",0.02,2,NA,1,1,"S","PARTNTID","L02 ","PO4F"
"434",189,"ALLARM","ALLARM.LT5","09/06/2006","12:00:00","OP.5","S1",2322,"CMC","NTWQM",2006-09-06 12:00:00,0.1,"D",2,"Water",NA,0,"MG/L",NA,"ACARL","ALLARM Community Aquatic Research Laboratory",0.02,2,NA,1,1,"S","PARTNTID","L02 ","PO4F"
"437",189,"ALLARM","ALLARM.LT6","03/21/2006","12:00:00","OP.5","S1",2246,"CMC","NTWQM",2006-03-21 12:00:00,0.1,"D",2,"Water",NA,0,"MG/L",NA,"ACARL","ALLARM Community Aquatic Research Laboratory",0.02,2,NA,1,1,"S","PARTNTID","L02 ","PO4F"
"438",189,"ALLARM","ALLARM.LT10","02/21/2006","12:00:00","OP.5","S1",2237,"CMC","NTWQM",2006-02-21 12:00:00,0.1,"D",2,"Water",NA,0.01,"MG/L",NA,"ACARL","ALLARM Community Aquatic Research Laboratory",0.02,2,NA,1,1,"S","PARTNTID","L02 ","PO4F"
"447",189,"ALLARM","ALLARM.LT6","09/06/2006","12:00:00","OP.5","S1",2323,"CMC","NTWQM",2006-09-06 12:00:00,0.1,"D",2,"Water",NA,0,"MG/L",NA,"ACARL","ALLARM Community Aquatic Research Laboratory",0.02,2,NA,1,1,"S","PARTNTID","L02 ","PO4F"
"449",189,"ALLARM","ALLARM.LT9","11/06/2006","12:00:00","OP.5","S1",2352,"CMC","NTWQM",2006-11-06 12:00:00,0.1,"D",2,"Water",NA,0,"MG/L",NA,"ACARL","ALLARM Community Aquatic Research Laboratory",0.02,2,NA,1,1,"S","PARTNTID","L02 ","PO4F"
"452",189,"ALLARM","ALLARM.LT1","02/21/2006","12:00:00","OP.5","S1",2228,"CMC","NTWQM",2006-02-21 12:00:00,0.1,"D",2,"Water",NA,0.014,"MG/L",NA,"ACARL","ALLARM Community Aquatic Research Laboratory",0.02,2,NA,1,1,"S","PARTNTID","L02 ","PO4F"
"453",189,"ALLARM","ALLARM.LT6","11/06/2006","12:00:00","OP.5","S1",2349,"CMC","NTWQM",2006-11-06 12:00:00,0.1,"D",2,"Water",NA,0,"MG/L",NA,"ACARL","ALLARM Community Aquatic Research Laboratory",0.02,2,NA,1,1,"S","PARTNTID","L02 ","PO4F"
"464",189,"ALLARM","ALLARM.LT1","04/18/2006","12:00:00","OP.5","S1",2254,"CMC","NTWQM",2006-04-18 12:00:00,0.1,"D",2,"Water",NA,0,"MG/L",NA,"ACARL","ALLARM Community Aquatic Research Laboratory",0.02,2,NA,1,1,"S","PARTNTID","L02 ","PO4F"
"465",189,"ALLARM","ALLARM.LT7","01/31/2006","12:00:00","OP.5","S1",2221,"CMC","NTWQM",2006-01-31 12:00:00,0.1,"D",2,"Water",NA,0.01,"MG/L",NA,"ACARL","ALLARM Community Aquatic Research Laboratory",0.02,2,NA,1,1,"S","PARTNTID","L02 ","PO4F"
"471",189,"ALLARM","ALLARM.LT7","02/21/2006","12:00:00","OP.5","S1",2234,"CMC","NTWQM",2006-02-21 12:00:00,0.1,"D",2,"Water",NA,0.01,"MG/L",NA,"ACARL","ALLARM Community Aquatic Research Laboratory",0.02,2,NA,1,1,"S","PARTNTID","L02 ","PO4F"
"483",189,"ALLARM","ALLARM.LT9","09/06/2006","12:00:00","OP.5","S1",2326,"CMC","NTWQM",2006-09-06 12:00:00,0.1,"D",2,"Water",NA,0,"MG/L",NA,"ACARL","ALLARM Community Aquatic Research Laboratory",0.02,2,NA,1,1,"S","PARTNTID","L02 ","PO4F"
"486",189,"ALLARM","ALLARM.LT1","01/31/2006","12:00:00","OP.5","S1",2215,"CMC","NTWQM",2006-01-31 12:00:00,0.1,"D",2,"Water",NA,0.01,"MG/L",NA,"ACARL","ALLARM Community Aquatic Research Laboratory",0.02,2,NA,1,1,"S","PARTNTID","L02 ","PO4F"
"490",189,"ALLARM","ALLARM.LT3","02/21/2006","12:00:00","OP.5","S1",2230,"CMC","NTWQM",2006-02-21 12:00:00,0.1,"D",2,"Water",NA,0,"MG/L",NA,"ACARL","ALLARM Community Aquatic Research Laboratory",0.02,2,NA,1,1,"S","PARTNTID","L02 ","PO4F"
"491",189,"ALLARM","ALLARM.LT3","09/06/2006","12:00:00","OP.5","S1",2320,"CMC","NTWQM",2006-09-06 12:00:00,0.1,"D",2,"Water",NA,0,"MG/L",NA,"ACARL","ALLARM Community Aquatic Research Laboratory",0.02,2,NA,1,1,"S","PARTNTID","L02 ","PO4F"
"493",189,"ALLARM","ALLARM.MG2","03/21/2006","12:00:00","OP.5","S1",2252,"CMC","NTWQM",2006-03-21 12:00:00,0.1,"D",2,"Water",NA,0.015,"MG/L",NA,"ACARL","ALLARM Community Aquatic Research Laboratory",0.02,2,NA,1,1,"S","PARTNTID","L02 ","PO4F"
"498",189,"ALLARM","ALLARM.LT2","01/31/2006","12:00:00","OP.5","S1",2216,"CMC","NTWQM",2006-01-31 12:00:00,0.1,"D",2,"Water",NA,0.011,"MG/L",NA,"ACARL","ALLARM Community Aquatic Research Laboratory",0.02,2,NA,1,1,"S","PARTNTID","L02 ","PO4F"
"502",189,"ALLARM","ALLARM.LT3","04/18/2006","12:00:00","OP.5","S1",2256,"CMC","NTWQM",2006-04-18 12:00:00,0.1,"D",2,"Water",NA,0.01,"MG/L",NA,"ACARL","ALLARM Community Aquatic Research Laboratory",0.02,2,NA,1,1,"S","PARTNTID","L02 ","PO4F"
"506",189,"ALLARM","ALLARM.LT2","09/06/2006","12:00:00","OP.5","S1",2319,"CMC","NTWQM",2006-09-06 12:00:00,0.1,"D",2,"Water",NA,0,"MG/L",NA,"ACARL","ALLARM Community Aquatic Research Laboratory",0.02,2,NA,1,1,"S","PARTNTID","L02 ","PO4F"
"509",189,"ALLARM","ALLARM.LT4","01/31/2006","12:00:00","OP.5","S1",2218,"CMC","NTWQM",2006-01-31 12:00:00,0.1,"D",2,"Water",NA,0.012,"MG/L",NA,"ACARL","ALLARM Community Aquatic Research Laboratory",0.02,2,NA,1,1,"S","PARTNTID","L02 ","PO4F"
"512",189,"ALLARM","ALLARM.LT2","11/06/2006","12:00:00","OP.5","S1",2345,"CMC","NTWQM",2006-11-06 12:00:00,0.1,"D",2,"Water",NA,0,"MG/L",NA,"ACARL","ALLARM Community Aquatic Research Laboratory",0.02,2,NA,1,1,"S","PARTNTID","L02 ","PO4F"
"513",189,"ALLARM","ALLARM.LT7","09/06/2006","12:00:00","OP.5","S1",2324,"CMC","NTWQM",2006-09-06 12:00:00,0.1,"D",2,"Water",NA,0,"MG/L",NA,"ACARL","ALLARM Community Aquatic Research Laboratory",0.02,2,NA,1,1,"S","PARTNTID","L02 ","PO4F"
"515",189,"ALLARM","ALLARM.LT4","02/21/2006","12:00:00","OP.5","S1",2231,"CMC","NTWQM",2006-02-21 12:00:00,0.1,"D",2,"Water",NA,0.0016,"MG/L",NA,"ACARL","ALLARM Community Aquatic Research Laboratory",0.02,2,NA,1,1,"S","PARTNTID","L02 ","PO4F"
"521",189,"ALLARM","ALLARM.LT4","03/21/2006","12:00:00","OP.5","S1",2244,"CMC","NTWQM",2006-03-21 12:00:00,0.1,"D",2,"Water",NA,0.017,"MG/L",NA,"ACARL","ALLARM Community Aquatic Research Laboratory",0.02,2,NA,1,1,"S","PARTNTID","L02 ","PO4F"
"530",189,"ALLARM","ALLARM.LT8","03/21/2006","12:00:00","OP.5","S1",2248,"CMC","NTWQM",2006-03-21 12:00:00,0.1,"D",2,"Water",NA,0,"MG/L",NA,"ACARL","ALLARM Community Aquatic Research Laboratory",0.02,2,NA,1,1,"S","PARTNTID","L02 ","PO4F"
"531",189,"ALLARM","ALLARM.LT8","01/31/2006","12:00:00","OP.5","S1",2222,"CMC","NTWQM",2006-01-31 12:00:00,0.1,"D",2,"Water",NA,0.017,"MG/L",NA,"ACARL","ALLARM Community Aquatic Research Laboratory",0.02,2,NA,1,1,"S","PARTNTID","L02 ","PO4F"
"533",189,"ALLARM","ALLARM.WL","03/21/2006","12:00:00","OP.5","S1",2253,"CMC","NTWQM",2006-03-21 12:00:00,0.1,"D",2,"Water",NA,0,"MG/L",NA,"ACARL","ALLARM Community Aquatic Research Laboratory",0.02,2,NA,1,1,"S","PARTNTID","L02 ","PO4F"
"534",189,"ALLARM","ALLARM.WL","01/31/2006","12:00:00","OP.5","S1",2227,"CMC","NTWQM",2006-01-31 12:00:00,0.1,"D",2,"Water",NA,0,"MG/L",NA,"ACARL","ALLARM Community Aquatic Research Laboratory",0.02,2,NA,1,1,"S","PARTNTID","L02 ","PO4F"
"540",189,"ALLARM","ALLARM.LT8","09/06/2006","12:00:00","OP.5","S1",2325,"CMC","NTWQM",2006-09-06 12:00:00,0.1,"D",2,"Water",NA,0,"MG/L",NA,"ACARL","ALLARM Community Aquatic Research Laboratory",0.02,2,NA,1,1,"S","PARTNTID","L02 ","PO4F"
"544",189,"ALLARM","ALLARM.LT4","09/06/2006","12:00:00","OP.5","S1",2321,"CMC","NTWQM",2006-09-06 12:00:00,0.1,"D",2,"Water",NA,0,"MG/L",NA,"ACARL","ALLARM Community Aquatic Research Laboratory",0.02,2,NA,1,1,"S","PARTNTID","L02 ","PO4F"
"546",189,"ALLARM","ALLARM.LT8","11/06/2006","12:00:00","OP.5","S1",2351,"CMC","NTWQM",2006-11-06 12:00:00,0.1,"D",2,"Water",NA,0,"MG/L",NA,"ACARL","ALLARM Community Aquatic Research Laboratory",0.02,2,NA,1,1,"S","PARTNTID","L02 ","PO4F"
"554",189,"ALLARM","ALLARM.LT5","04/18/2006","12:00:00","OP.5","S1",2258,"CMC","NTWQM",2006-04-18 12:00:00,0.1,"D",2,"Water",NA,0.016,"MG/L",NA,"ACARL","ALLARM Community Aquatic Research Laboratory",0.02,2,NA,1,1,"S","PARTNTID","L02 ","PO4F"
"555",189,"ALLARM","ALLARM.LT5","02/21/2006","12:00:00","OP.5","S1",2232,"CMC","NTWQM",2006-02-21 12:00:00,0.1,"D",2,"Water",NA,0,"MG/L",NA,"ACARL","ALLARM Community Aquatic Research Laboratory",0.02,2,NA,1,1,"S","PARTNTID","L02 ","PO4F"
"559",189,"ALLARM","ALLARM.WL","09/06/2006","12:00:00","OP.5","S1",2330,"CMC","NTWQM",2006-09-06 12:00:00,0.1,"D",2,"Water",NA,0,"MG/L",NA,"ACARL","ALLARM Community Aquatic Research Laboratory",0.02,2,NA,1,1,"S","PARTNTID","L02 ","PO4F"
"562",189,"ALLARM","ALLARM.LT10","09/06/2006","12:00:00","OP.5","S1",2327,"CMC","NTWQM",2006-09-06 12:00:00,0.1,"D",2,"Water",NA,0,"MG/L",NA,"ACARL","ALLARM Community Aquatic Research Laboratory",0.02,2,NA,1,1,"S","PARTNTID","L02 ","PO4F"
"565",189,"ALLARM","ALLARM.LT9","02/21/2006","12:00:00","OP.5","S1",2236,"CMC","NTWQM",2006-02-21 12:00:00,0.1,"D",2,"Water",NA,0.009,"MG/L",NA,"ACARL","ALLARM Community Aquatic Research Laboratory",0.02,2,NA,1,1,"S","PARTNTID","L02 ","PO4F"
"566",189,"ALLARM","ALLARM.LT10","11/06/2006","12:00:00","OP.5","S1",2353,"CMC","NTWQM",2006-11-06 12:00:00,0.1,"D",2,"Water",NA,0,"MG/L",NA,"ACARL","ALLARM Community Aquatic Research Laboratory",0.02,2,NA,1,1,"S","PARTNTID","L02 ","PO4F"
