"","paramMethod","SOURCE","STATION","SAMPLE_DATE","SAMPLE_TIME","paramCode","SAMPLE_ID","EventId","AGENCY","PROGRAM","DateTime","DEPTH","SAMPLE_TYPE","TIER","Matrix","QUALIFIER","VALUE","UNITS","PROBLEM","LAB","labName","detLimit","qaFlag","COMMENTS","count.x","count.y","LAYER","PROJECT","SampleAnalyticalMethodIdentifier","SubstanceIdentificationName"
"709",999,"ALLARM","ALLARM.LT7","04/18/2006","12:00:00","TDS.1","M1",2260,"CMC","NTWQM",2006-04-18 12:00:00,0.1,"ISM",1,"Water",NA,290,"MG/L",NA,NA,NA,NA,2,NA,1,1,"S","PARTNTID",NA,NA
"710",999,"ALLARM","ALLARM.LT5","06/26/2006","12:00:00","TDS.1","M1",2284,"CMC","NTWQM",2006-06-26 12:00:00,0.1,"ISM",1,"Water",NA,250,"MG/L",NA,NA,NA,NA,2,NA,1,1,"S","PARTNTID",NA,NA
"711",999,"ALLARM","ALLARM.LT3","08/29/2006","12:00:00","TDS.1","M1",2308,"CMC","NTWQM",2006-08-29 12:00:00,0.1,"ISM",1,"Water",NA,270,"MG/L",NA,NA,NA,NA,2,NA,1,1,"S","PARTNTID",NA,NA
"712",999,"ALLARM","ALLARM.LT10","11/06/2006","12:00:00","TDS.1","M1",2353,"CMC","NTWQM",2006-11-06 12:00:00,0.1,"ISM",1,"Water",NA,370,"MG/L",NA,NA,NA,NA,2,NA,1,1,"S","PARTNTID",NA,NA
"713",999,"ALLARM","ALLARM.LT1","01/31/2006","12:00:00","TDS.1","M1",2215,"CMC","NTWQM",2006-01-31 12:00:00,0.1,"ISM",1,"Water",NA,260,"MG/L",NA,NA,NA,NA,2,NA,1,1,"S","PARTNTID",NA,NA
"714",999,"ALLARM","ALLARM.LT9","03/21/2006","12:00:00","TDS.1","M1",2249,"CMC","NTWQM",2006-03-21 12:00:00,0.1,"ISM",1,"Water",NA,340,"MG/L",NA,NA,NA,NA,2,NA,1,1,"S","PARTNTID",NA,NA
"715",999,"ALLARM","ALLARM.LT7","05/02/2006","12:00:00","TDS.1","M1",2273,"CMC","NTWQM",2006-05-02 12:00:00,0.1,"ISM",1,"Water",NA,280,"MG/L",NA,NA,NA,NA,2,NA,1,1,"S","PARTNTID",NA,NA
"716",999,"ALLARM","ALLARM.LT5","07/06/2006","12:00:00","TDS.1","M1",2297,"CMC","NTWQM",2006-07-06 12:00:00,0.1,"ISM",1,"Water",NA,250,"MG/L",NA,NA,NA,NA,2,NA,1,1,"S","PARTNTID",NA,NA
"717",999,"ALLARM","ALLARM.LT3","09/06/2006","12:00:00","TDS.1","M1",2320,"CMC","NTWQM",2006-09-06 12:00:00,0.1,"ISM",1,"Water",NA,300,"MG/L",NA,NA,NA,NA,2,NA,1,1,"S","PARTNTID",NA,NA
"718",999,"ALLARM","ALLARM.LT10","12/06/2006","12:00:00","TDS.1","M1",2366,"CMC","NTWQM",2006-12-06 12:00:00,0.1,"ISM",1,"Water",NA,360,"MG/L",NA,NA,NA,NA,2,NA,1,1,"S","PARTNTID",NA,NA
"719",999,"ALLARM","ALLARM.LT1","02/21/2006","12:00:00","TDS.1","M1",2228,"CMC","NTWQM",2006-02-21 12:00:00,0.1,"ISM",1,"Water",NA,320,"MG/L",NA,NA,NA,NA,2,NA,1,1,"S","PARTNTID",NA,NA
"720",999,"ALLARM","ALLARM.LT9","04/18/2006","12:00:00","TDS.1","M1",2262,"CMC","NTWQM",2006-04-18 12:00:00,0.1,"ISM",1,"Water",NA,300,"MG/L",NA,NA,NA,NA,2,NA,1,1,"S","PARTNTID",NA,NA
"721",999,"ALLARM","ALLARM.LT7","06/26/2006","12:00:00","TDS.1","M1",2286,"CMC","NTWQM",2006-06-26 12:00:00,0.1,"ISM",1,"Water",NA,270,"MG/L",NA,NA,NA,NA,2,NA,1,1,"S","PARTNTID",NA,NA
"722",999,"ALLARM","ALLARM.LT5","08/29/2006","12:00:00","TDS.1","M1",2310,"CMC","NTWQM",2006-08-29 12:00:00,0.1,"ISM",1,"Water",NA,260,"MG/L",NA,NA,NA,NA,2,NA,1,1,"S","PARTNTID",NA,NA
"723",999,"ALLARM","ALLARM.LT3","11/06/2006","12:00:00","TDS.1","M1",2346,"CMC","NTWQM",2006-11-06 12:00:00,0.1,"ISM",1,"Water",NA,300,"MG/L",NA,NA,NA,NA,2,NA,1,1,"S","PARTNTID",NA,NA
"724",999,"ALLARM","ALLARM.LT2","01/31/2006","12:00:00","TDS.1","M1",2216,"CMC","NTWQM",2006-01-31 12:00:00,0.1,"ISM",1,"Water",NA,290,"MG/L",NA,NA,NA,NA,2,NA,1,1,"S","PARTNTID",NA,NA
"725",999,"ALLARM","ALLARM.LT1","03/21/2006","12:00:00","TDS.1","M1",2241,"CMC","NTWQM",2006-03-21 12:00:00,0.1,"ISM",1,"Water",NA,300,"MG/L",NA,NA,NA,NA,2,NA,1,1,"S","PARTNTID",NA,NA
"726",999,"ALLARM","ALLARM.LT9","05/02/2006","12:00:00","TDS.1","M1",2275,"CMC","NTWQM",2006-05-02 12:00:00,0.1,"ISM",1,"Water",NA,280,"MG/L",NA,NA,NA,NA,2,NA,1,1,"S","PARTNTID",NA,NA
"727",999,"ALLARM","ALLARM.LT7","07/06/2006","12:00:00","TDS.1","M1",2299,"CMC","NTWQM",2006-07-06 12:00:00,0.1,"ISM",1,"Water",NA,280,"MG/L",NA,NA,NA,NA,2,NA,1,1,"S","PARTNTID",NA,NA
"728",999,"ALLARM","ALLARM.LT5","09/06/2006","12:00:00","TDS.1","M1",2322,"CMC","NTWQM",2006-09-06 12:00:00,0.1,"ISM",1,"Water",NA,280,"MG/L",NA,NA,NA,NA,2,NA,1,1,"S","PARTNTID",NA,NA
"729",999,"ALLARM","ALLARM.LT3","12/06/2006","12:00:00","TDS.1","M1",2359,"CMC","NTWQM",2006-12-06 12:00:00,0.1,"ISM",1,"Water",NA,320,"MG/L",NA,NA,NA,NA,2,NA,1,1,"S","PARTNTID",NA,NA
"730",999,"ALLARM","ALLARM.LT2","02/21/2006","12:00:00","TDS.1","M1",2229,"CMC","NTWQM",2006-02-21 12:00:00,0.1,"ISM",1,"Water",NA,310,"MG/L",NA,NA,NA,NA,2,NA,1,1,"S","PARTNTID",NA,NA
"731",999,"ALLARM","ALLARM.LT1","04/18/2006","12:00:00","TDS.1","M1",2254,"CMC","NTWQM",2006-04-18 12:00:00,0.1,"ISM",1,"Water",NA,280,"MG/L",NA,NA,NA,NA,2,NA,1,1,"S","PARTNTID",NA,NA
"732",999,"ALLARM","ALLARM.LT9","06/26/2006","12:00:00","TDS.1","M1",2288,"CMC","NTWQM",2006-06-26 12:00:00,0.1,"ISM",1,"Water",NA,220,"MG/L",NA,NA,NA,NA,2,NA,1,1,"S","PARTNTID",NA,NA
"733",999,"ALLARM","ALLARM.LT7","08/29/2006","12:00:00","TDS.1","M1",2312,"CMC","NTWQM",2006-08-29 12:00:00,0.1,"ISM",1,"Water",NA,270,"MG/L",NA,NA,NA,NA,2,NA,1,1,"S","PARTNTID",NA,NA
"734",999,"ALLARM","ALLARM.LT5","11/06/2006","12:00:00","TDS.1","M1",2348,"CMC","NTWQM",2006-11-06 12:00:00,0.1,"ISM",1,"Water",NA,310,"MG/L",NA,NA,NA,NA,2,NA,1,1,"S","PARTNTID",NA,NA
"735",999,"ALLARM","ALLARM.LT4","01/31/2006","12:00:00","TDS.1","M1",2218,"CMC","NTWQM",2006-01-31 12:00:00,0.1,"ISM",1,"Water",NA,330,"MG/L",NA,NA,NA,NA,2,NA,1,1,"S","PARTNTID",NA,NA
"736",999,"ALLARM","ALLARM.LT2","03/21/2006","12:00:00","TDS.1","M1",2242,"CMC","NTWQM",2006-03-21 12:00:00,0.1,"ISM",1,"Water",NA,290,"MG/L",NA,NA,NA,NA,2,NA,1,1,"S","PARTNTID",NA,NA
"737",999,"ALLARM","ALLARM.LT1","05/02/2006","12:00:00","TDS.1","M1",2267,"CMC","NTWQM",2006-05-02 12:00:00,0.1,"ISM",1,"Water",NA,280,"MG/L",NA,NA,NA,NA,2,NA,1,1,"S","PARTNTID",NA,NA
"738",999,"ALLARM","ALLARM.LT9","07/06/2006","12:00:00","TDS.1","M1",2301,"CMC","NTWQM",2006-07-06 12:00:00,0.1,"ISM",1,"Water",NA,300,"MG/L",NA,NA,NA,NA,2,NA,1,1,"S","PARTNTID",NA,NA
"739",999,"ALLARM","ALLARM.LT7","09/06/2006","12:00:00","TDS.1","M1",2324,"CMC","NTWQM",2006-09-06 12:00:00,0.1,"ISM",1,"Water",NA,300,"MG/L",NA,NA,NA,NA,2,NA,1,1,"S","PARTNTID",NA,NA
"740",999,"ALLARM","ALLARM.LT5","12/06/2006","12:00:00","TDS.1","M1",2361,"CMC","NTWQM",2006-12-06 12:00:00,0.1,"ISM",1,"Water",NA,310,"MG/L",NA,NA,NA,NA,2,NA,1,1,"S","PARTNTID",NA,NA
"741",999,"ALLARM","ALLARM.LT4","02/21/2006","12:00:00","TDS.1","M1",2231,"CMC","NTWQM",2006-02-21 12:00:00,0.1,"ISM",1,"Water",NA,310,"MG/L",NA,NA,NA,NA,2,NA,1,1,"S","PARTNTID",NA,NA
"742",999,"ALLARM","ALLARM.LT2","04/18/2006","12:00:00","TDS.1","M1",2255,"CMC","NTWQM",2006-04-18 12:00:00,0.1,"ISM",1,"Water",NA,260,"MG/L",NA,NA,NA,NA,2,NA,1,1,"S","PARTNTID",NA,NA
"743",999,"ALLARM","ALLARM.LT1","06/26/2006","12:00:00","TDS.1","M1",2280,"CMC","NTWQM",2006-06-26 12:00:00,0.1,"ISM",1,"Water",NA,250,"MG/L",NA,NA,NA,NA,2,NA,1,1,"S","PARTNTID",NA,NA
"744",999,"ALLARM","ALLARM.LT9","08/29/2006","12:00:00","TDS.1","M1",2314,"CMC","NTWQM",2006-08-29 12:00:00,0.1,"ISM",1,"Water",NA,450,"MG/L",NA,NA,NA,NA,2,NA,1,1,"S","PARTNTID",NA,NA
"745",999,"ALLARM","ALLARM.LT7","11/06/2006","12:00:00","TDS.1","M1",2350,"CMC","NTWQM",2006-11-06 12:00:00,0.1,"ISM",1,"Water",NA,330,"MG/L",NA,NA,NA,NA,2,NA,1,1,"S","PARTNTID",NA,NA
"746",999,"ALLARM","ALLARM.LT6","01/31/2006","12:00:00","TDS.1","M1",2220,"CMC","NTWQM",2006-01-31 12:00:00,0.1,"ISM",1,"Water",NA,330,"MG/L",NA,NA,NA,NA,2,NA,1,1,"S","PARTNTID",NA,NA
"747",999,"ALLARM","ALLARM.LT4","03/21/2006","12:00:00","TDS.1","M1",2244,"CMC","NTWQM",2006-03-21 12:00:00,0.1,"ISM",1,"Water",NA,320,"MG/L",NA,NA,NA,NA,2,NA,1,1,"S","PARTNTID",NA,NA
"748",999,"ALLARM","ALLARM.LT2","05/02/2006","12:00:00","TDS.1","M1",2268,"CMC","NTWQM",2006-05-02 12:00:00,0.1,"ISM",1,"Water",NA,240,"MG/L",NA,NA,NA,NA,2,NA,1,1,"S","PARTNTID",NA,NA
"749",999,"ALLARM","ALLARM.LT1","07/06/2006","12:00:00","TDS.1","M1",2293,"CMC","NTWQM",2006-07-06 12:00:00,0.1,"ISM",1,"Water",NA,290,"MG/L",NA,NA,NA,NA,2,NA,1,1,"S","PARTNTID",NA,NA
"750",999,"ALLARM","ALLARM.LT9","09/06/2006","12:00:00","TDS.1","M1",2326,"CMC","NTWQM",2006-09-06 12:00:00,0.1,"ISM",1,"Water",NA,320,"MG/L",NA,NA,NA,NA,2,NA,1,1,"S","PARTNTID",NA,NA
"751",999,"ALLARM","ALLARM.LT7","12/06/2006","12:00:00","TDS.1","M1",2363,"CMC","NTWQM",2006-12-06 12:00:00,0.1,"ISM",1,"Water",NA,350,"MG/L",NA,NA,NA,NA,2,NA,1,1,"S","PARTNTID",NA,NA
"752",999,"ALLARM","ALLARM.LT6","02/21/2006","12:00:00","TDS.1","M1",2233,"CMC","NTWQM",2006-02-21 12:00:00,0.1,"ISM",1,"Water",NA,290,"MG/L",NA,NA,NA,NA,2,NA,1,1,"S","PARTNTID",NA,NA
"753",999,"ALLARM","ALLARM.LT4","04/18/2006","12:00:00","TDS.1","M1",2257,"CMC","NTWQM",2006-04-18 12:00:00,0.1,"ISM",1,"Water",NA,260,"MG/L",NA,NA,NA,NA,2,NA,1,1,"S","PARTNTID",NA,NA
"754",999,"ALLARM","ALLARM.LT2","06/26/2006","12:00:00","TDS.1","M1",2281,"CMC","NTWQM",2006-06-26 12:00:00,0.1,"ISM",1,"Water",NA,210,"MG/L",NA,NA,NA,NA,2,NA,1,1,"S","PARTNTID",NA,NA
"755",999,"ALLARM","ALLARM.LT1","08/29/2006","12:00:00","TDS.1","M1",2306,"CMC","NTWQM",2006-08-29 12:00:00,0.1,"ISM",1,"Water",NA,270,"MG/L",NA,NA,NA,NA,2,NA,1,1,"S","PARTNTID",NA,NA
"756",999,"ALLARM","ALLARM.LT9","11/06/2006","12:00:00","TDS.1","M1",2352,"CMC","NTWQM",2006-11-06 12:00:00,0.1,"ISM",1,"Water",NA,350,"MG/L",NA,NA,NA,NA,2,NA,1,1,"S","PARTNTID",NA,NA
"757",999,"ALLARM","ALLARM.LT8","01/31/2006","12:00:00","TDS.1","M1",2222,"CMC","NTWQM",2006-01-31 12:00:00,0.1,"ISM",1,"Water",NA,360,"MG/L",NA,NA,NA,NA,2,NA,1,1,"S","PARTNTID",NA,NA
"758",999,"ALLARM","ALLARM.LT6","03/21/2006","12:00:00","TDS.1","M1",2246,"CMC","NTWQM",2006-03-21 12:00:00,0.1,"ISM",1,"Water",NA,290,"MG/L",NA,NA,NA,NA,2,NA,1,1,"S","PARTNTID",NA,NA
"759",999,"ALLARM","ALLARM.LT4","05/02/2006","12:00:00","TDS.1","M1",2270,"CMC","NTWQM",2006-05-02 12:00:00,0.1,"ISM",1,"Water",NA,280,"MG/L",NA,NA,NA,NA,2,NA,1,1,"S","PARTNTID",NA,NA
"760",999,"ALLARM","ALLARM.LT2","07/06/2006","12:00:00","TDS.1","M1",2294,"CMC","NTWQM",2006-07-06 12:00:00,0.1,"ISM",1,"Water",NA,270,"MG/L",NA,NA,NA,NA,2,NA,1,1,"S","PARTNTID",NA,NA
"761",999,"ALLARM","ALLARM.LT1","09/06/2006","12:00:00","TDS.1","M1",2318,"CMC","NTWQM",2006-09-06 12:00:00,0.1,"ISM",1,"Water",NA,290,"MG/L",NA,NA,NA,NA,2,NA,1,1,"S","PARTNTID",NA,NA
"762",999,"ALLARM","ALLARM.LT9","12/06/2006","12:00:00","TDS.1","M1",2365,"CMC","NTWQM",2006-12-06 12:00:00,0.1,"ISM",1,"Water",NA,390,"MG/L",NA,NA,NA,NA,2,NA,1,1,"S","PARTNTID",NA,NA
"763",999,"ALLARM","ALLARM.LT8","02/21/2006","12:00:00","TDS.1","M1",2235,"CMC","NTWQM",2006-02-21 12:00:00,0.1,"ISM",1,"Water",NA,310,"MG/L",NA,NA,NA,NA,2,NA,1,1,"S","PARTNTID",NA,NA
"764",999,"ALLARM","ALLARM.LT6","04/18/2006","12:00:00","TDS.1","M1",2259,"CMC","NTWQM",2006-04-18 12:00:00,0.1,"ISM",1,"Water",NA,250,"MG/L",NA,NA,NA,NA,2,NA,1,1,"S","PARTNTID",NA,NA
"765",999,"ALLARM","ALLARM.LT4","06/26/2006","12:00:00","TDS.1","M1",2283,"CMC","NTWQM",2006-06-26 12:00:00,0.1,"ISM",1,"Water",NA,250,"MG/L",NA,NA,NA,NA,2,NA,1,1,"S","PARTNTID",NA,NA
"766",999,"ALLARM","ALLARM.LT2","08/29/2006","12:00:00","TDS.1","M1",2307,"CMC","NTWQM",2006-08-29 12:00:00,0.1,"ISM",1,"Water",NA,250,"MG/L",NA,NA,NA,NA,2,NA,1,1,"S","PARTNTID",NA,NA
"767",999,"ALLARM","ALLARM.LT1","11/06/2006","12:00:00","TDS.1","M1",2344,"CMC","NTWQM",2006-11-06 12:00:00,0.1,"ISM",1,"Water",NA,300,"MG/L",NA,NA,NA,NA,2,NA,1,1,"S","PARTNTID",NA,NA
"768",999,"ALLARM","ALLARM.MG1","01/31/2006","12:00:00","TDS.1","M1",2225,"CMC","NTWQM",2006-01-31 12:00:00,0.1,"ISM",1,"Water",NA,470,"MG/L",NA,NA,NA,NA,2,NA,1,1,"S","PARTNTID",NA,NA
"769",999,"ALLARM","ALLARM.LT8","03/21/2006","12:00:00","TDS.1","M1",2248,"CMC","NTWQM",2006-03-21 12:00:00,0.1,"ISM",1,"Water",NA,310,"MG/L",NA,NA,NA,NA,2,NA,1,1,"S","PARTNTID",NA,NA
"770",999,"ALLARM","ALLARM.LT6","05/02/2006","12:00:00","TDS.1","M1",2272,"CMC","NTWQM",2006-05-02 12:00:00,0.1,"ISM",1,"Water",NA,270,"MG/L",NA,NA,NA,NA,2,NA,1,1,"S","PARTNTID",NA,NA
"771",999,"ALLARM","ALLARM.LT4","07/06/2006","12:00:00","TDS.1","M1",2296,"CMC","NTWQM",2006-07-06 12:00:00,0.1,"ISM",1,"Water",NA,290,"MG/L",NA,NA,NA,NA,2,NA,1,1,"S","PARTNTID",NA,NA
"772",999,"ALLARM","ALLARM.LT2","09/06/2006","12:00:00","TDS.1","M1",2319,"CMC","NTWQM",2006-09-06 12:00:00,0.1,"ISM",1,"Water",NA,270,"MG/L",NA,NA,NA,NA,2,NA,1,1,"S","PARTNTID",NA,NA
"773",999,"ALLARM","ALLARM.LT1","12/06/2006","12:00:00","TDS.1","M1",2357,"CMC","NTWQM",2006-12-06 12:00:00,0.1,"ISM",1,"Water",NA,310,"MG/L",NA,NA,NA,NA,2,NA,1,1,"S","PARTNTID",NA,NA
"774",999,"ALLARM","ALLARM.MG1","02/21/2006","12:00:00","TDS.1","M1",2238,"CMC","NTWQM",2006-02-21 12:00:00,0.1,"ISM",1,"Water",NA,480,"MG/L",NA,NA,NA,NA,2,NA,1,1,"S","PARTNTID",NA,NA
"775",999,"ALLARM","ALLARM.LT8","04/18/2006","12:00:00","TDS.1","M1",2261,"CMC","NTWQM",2006-04-18 12:00:00,0.1,"ISM",1,"Water",NA,270,"MG/L",NA,NA,NA,NA,2,NA,1,1,"S","PARTNTID",NA,NA
"776",999,"ALLARM","ALLARM.LT6","06/26/2006","12:00:00","TDS.1","M1",2285,"CMC","NTWQM",2006-06-26 12:00:00,0.1,"ISM",1,"Water",NA,230,"MG/L",NA,NA,NA,NA,2,NA,1,1,"S","PARTNTID",NA,NA
"777",999,"ALLARM","ALLARM.LT4","08/29/2006","12:00:00","TDS.1","M1",2309,"CMC","NTWQM",2006-08-29 12:00:00,0.1,"ISM",1,"Water",NA,260,"MG/L",NA,NA,NA,NA,2,NA,1,1,"S","PARTNTID",NA,NA
"778",999,"ALLARM","ALLARM.LT2","11/06/2006","12:00:00","TDS.1","M1",2345,"CMC","NTWQM",2006-11-06 12:00:00,0.1,"ISM",1,"Water",NA,280,"MG/L",NA,NA,NA,NA,2,NA,1,1,"S","PARTNTID",NA,NA
"779",999,"ALLARM","ALLARM.LT10","01/31/2006","12:00:00","TDS.1","M1",2224,"CMC","NTWQM",2006-01-31 12:00:00,0.1,"ISM",1,"Water",NA,310,"MG/L",NA,NA,NA,NA,2,NA,1,1,"S","PARTNTID",NA,NA
"780",999,"ALLARM","ALLARM.MG1","03/21/2006","12:00:00","TDS.1","M1",2251,"CMC","NTWQM",2006-03-21 12:00:00,0.1,"ISM",1,"Water",NA,500,"MG/L",NA,NA,NA,NA,2,NA,1,1,"S","PARTNTID",NA,NA
"781",999,"ALLARM","ALLARM.LT8","05/02/2006","12:00:00","TDS.1","M1",2274,"CMC","NTWQM",2006-05-02 12:00:00,0.1,"ISM",1,"Water",NA,290,"MG/L",NA,NA,NA,NA,2,NA,1,1,"S","PARTNTID",NA,NA
"782",999,"ALLARM","ALLARM.LT6","07/06/2006","12:00:00","TDS.1","M1",2298,"CMC","NTWQM",2006-07-06 12:00:00,0.1,"ISM",1,"Water",NA,260,"MG/L",NA,NA,NA,NA,2,NA,1,1,"S","PARTNTID",NA,NA
"783",999,"ALLARM","ALLARM.LT4","09/06/2006","12:00:00","TDS.1","M1",2321,"CMC","NTWQM",2006-09-06 12:00:00,0.1,"ISM",1,"Water",NA,290,"MG/L",NA,NA,NA,NA,2,NA,1,1,"S","PARTNTID",NA,NA
"784",999,"ALLARM","ALLARM.LT2","12/06/2006","12:00:00","TDS.1","M1",2358,"CMC","NTWQM",2006-12-06 12:00:00,0.1,"ISM",1,"Water",NA,300,"MG/L",NA,NA,NA,NA,2,NA,1,1,"S","PARTNTID",NA,NA
"785",999,"ALLARM","ALLARM.LT10","02/21/2006","12:00:00","TDS.1","M1",2237,"CMC","NTWQM",2006-02-21 12:00:00,0.1,"ISM",1,"Water",NA,350,"MG/L",NA,NA,NA,NA,2,NA,1,1,"S","PARTNTID",NA,NA
"786",999,"ALLARM","ALLARM.MG1","04/18/2006","12:00:00","TDS.1","M1",2264,"CMC","NTWQM",2006-04-18 12:00:00,0.1,"ISM",1,"Water",NA,450,"MG/L",NA,NA,NA,NA,2,NA,1,1,"S","PARTNTID",NA,NA
"787",999,"ALLARM","ALLARM.LT8","06/26/2006","12:00:00","TDS.1","M1",2287,"CMC","NTWQM",2006-06-26 12:00:00,0.1,"ISM",1,"Water",NA,250,"MG/L",NA,NA,NA,NA,2,NA,1,1,"S","PARTNTID",NA,NA
"788",999,"ALLARM","ALLARM.LT6","08/29/2006","12:00:00","TDS.1","M1",2311,"CMC","NTWQM",2006-08-29 12:00:00,0.1,"ISM",1,"Water",NA,260,"MG/L",NA,NA,NA,NA,2,NA,1,1,"S","PARTNTID",NA,NA
"789",999,"ALLARM","ALLARM.LT4","11/06/2006","12:00:00","TDS.1","M1",2347,"CMC","NTWQM",2006-11-06 12:00:00,0.1,"ISM",1,"Water",NA,310,"MG/L",NA,NA,NA,NA,2,NA,1,1,"S","PARTNTID",NA,NA
"790",999,"ALLARM","ALLARM.LT3","01/31/2006","12:00:00","TDS.1","M1",2217,"CMC","NTWQM",2006-01-31 12:00:00,0.1,"ISM",1,"Water",NA,310,"MG/L",NA,NA,NA,NA,2,NA,1,1,"S","PARTNTID",NA,NA
"791",999,"ALLARM","ALLARM.LT10","03/21/2006","12:00:00","TDS.1","M1",2250,"CMC","NTWQM",2006-03-21 12:00:00,0.1,"ISM",1,"Water",NA,330,"MG/L",NA,NA,NA,NA,2,NA,1,1,"S","PARTNTID",NA,NA
"792",999,"ALLARM","ALLARM.MG1","05/02/2006","12:00:00","TDS.1","M1",2277,"CMC","NTWQM",2006-05-02 12:00:00,0.1,"ISM",1,"Water",NA,500,"MG/L",NA,NA,NA,NA,2,NA,1,1,"S","PARTNTID",NA,NA
"793",999,"ALLARM","ALLARM.LT8","07/06/2006","12:00:00","TDS.1","M1",2300,"CMC","NTWQM",2006-07-06 12:00:00,0.1,"ISM",1,"Water",NA,290,"MG/L",NA,NA,NA,NA,2,NA,1,1,"S","PARTNTID",NA,NA
"794",999,"ALLARM","ALLARM.LT6","09/06/2006","12:00:00","TDS.1","M1",2323,"CMC","NTWQM",2006-09-06 12:00:00,0.1,"ISM",1,"Water",NA,290,"MG/L",NA,NA,NA,NA,2,NA,1,1,"S","PARTNTID",NA,NA
"795",999,"ALLARM","ALLARM.LT4","12/06/2006","12:00:00","TDS.1","M1",2360,"CMC","NTWQM",2006-12-06 12:00:00,0.1,"ISM",1,"Water",NA,310,"MG/L",NA,NA,NA,NA,2,NA,1,1,"S","PARTNTID",NA,NA
"796",999,"ALLARM","ALLARM.LT3","02/21/2006","12:00:00","TDS.1","M1",2230,"CMC","NTWQM",2006-02-21 12:00:00,0.1,"ISM",1,"Water",NA,320,"MG/L",NA,NA,NA,NA,2,NA,1,1,"S","PARTNTID",NA,NA
"797",999,"ALLARM","ALLARM.LT10","04/18/2006","12:00:00","TDS.1","M1",2263,"CMC","NTWQM",2006-04-18 12:00:00,0.1,"ISM",1,"Water",NA,320,"MG/L",NA,NA,NA,NA,2,NA,1,1,"S","PARTNTID",NA,NA
"798",999,"ALLARM","ALLARM.MG1","06/26/2006","12:00:00","TDS.1","M1",2290,"CMC","NTWQM",2006-06-26 12:00:00,0.1,"ISM",1,"Water",NA,330,"MG/L",NA,NA,NA,NA,2,NA,1,1,"S","PARTNTID",NA,NA
"799",999,"ALLARM","ALLARM.LT8","08/29/2006","12:00:00","TDS.1","M1",2313,"CMC","NTWQM",2006-08-29 12:00:00,0.1,"ISM",1,"Water",NA,350,"MG/L",NA,NA,NA,NA,2,NA,1,1,"S","PARTNTID",NA,NA
"800",999,"ALLARM","ALLARM.LT6","11/06/2006","12:00:00","TDS.1","M1",2349,"CMC","NTWQM",2006-11-06 12:00:00,0.1,"ISM",1,"Water",NA,310,"MG/L",NA,NA,NA,NA,2,NA,1,1,"S","PARTNTID",NA,NA
"801",999,"ALLARM","ALLARM.LT5","01/31/2006","12:00:00","TDS.1","M1",2219,"CMC","NTWQM",2006-01-31 12:00:00,0.1,"ISM",1,"Water",NA,330,"MG/L",NA,NA,NA,NA,2,NA,1,1,"S","PARTNTID",NA,NA
"802",999,"ALLARM","ALLARM.LT3","03/21/2006","12:00:00","TDS.1","M1",2243,"CMC","NTWQM",2006-03-21 12:00:00,0.1,"ISM",1,"Water",NA,340,"MG/L",NA,NA,NA,NA,2,NA,1,1,"S","PARTNTID",NA,NA
"803",999,"ALLARM","ALLARM.LT10","05/02/2006","12:00:00","TDS.1","M1",2276,"CMC","NTWQM",2006-05-02 12:00:00,0.1,"ISM",1,"Water",NA,310,"MG/L",NA,NA,NA,NA,2,NA,1,1,"S","PARTNTID",NA,NA
"804",999,"ALLARM","ALLARM.MG1","07/06/2006","12:00:00","TDS.1","M1",2303,"CMC","NTWQM",2006-07-06 12:00:00,0.1,"ISM",1,"Water",NA,390,"MG/L",NA,NA,NA,NA,2,NA,1,1,"S","PARTNTID",NA,NA
"805",999,"ALLARM","ALLARM.LT8","09/06/2006","12:00:00","TDS.1","M1",2325,"CMC","NTWQM",2006-09-06 12:00:00,0.1,"ISM",1,"Water",NA,310,"MG/L",NA,NA,NA,NA,2,NA,1,1,"S","PARTNTID",NA,NA
"806",999,"ALLARM","ALLARM.LT6","12/06/2006","12:00:00","TDS.1","M1",2362,"CMC","NTWQM",2006-12-06 12:00:00,0.1,"ISM",1,"Water",NA,320,"MG/L",NA,NA,NA,NA,2,NA,1,1,"S","PARTNTID",NA,NA
"807",999,"ALLARM","ALLARM.LT5","02/21/2006","12:00:00","TDS.1","M1",2232,"CMC","NTWQM",2006-02-21 12:00:00,0.1,"ISM",1,"Water",NA,310,"MG/L",NA,NA,NA,NA,2,NA,1,1,"S","PARTNTID",NA,NA
"808",999,"ALLARM","ALLARM.LT3","04/18/2006","12:00:00","TDS.1","M1",2256,"CMC","NTWQM",2006-04-18 12:00:00,0.1,"ISM",1,"Water",NA,280,"MG/L",NA,NA,NA,NA,2,NA,1,1,"S","PARTNTID",NA,NA
"809",999,"ALLARM","ALLARM.LT10","06/26/2006","12:00:00","TDS.1","M1",2289,"CMC","NTWQM",2006-06-26 12:00:00,0.1,"ISM",1,"Water",NA,190,"MG/L",NA,NA,NA,NA,2,NA,1,1,"S","PARTNTID",NA,NA
"810",999,"ALLARM","ALLARM.MG1","09/06/2006","12:00:00","TDS.1","M1",2328,"CMC","NTWQM",2006-09-06 12:00:00,0.1,"ISM",1,"Water",NA,480,"MG/L",NA,NA,NA,NA,2,NA,1,1,"S","PARTNTID",NA,NA
"811",999,"ALLARM","ALLARM.LT8","11/06/2006","12:00:00","TDS.1","M1",2351,"CMC","NTWQM",2006-11-06 12:00:00,0.1,"ISM",1,"Water",NA,340,"MG/L",NA,NA,NA,NA,2,NA,1,1,"S","PARTNTID",NA,NA
"812",999,"ALLARM","ALLARM.LT7","01/31/2006","12:00:00","TDS.1","M1",2221,"CMC","NTWQM",2006-01-31 12:00:00,0.1,"ISM",1,"Water",NA,360,"MG/L",NA,NA,NA,NA,2,NA,1,1,"S","PARTNTID",NA,NA
"813",999,"ALLARM","ALLARM.LT5","03/21/2006","12:00:00","TDS.1","M1",2245,"CMC","NTWQM",2006-03-21 12:00:00,0.1,"ISM",1,"Water",NA,320,"MG/L",NA,NA,NA,NA,2,NA,1,1,"S","PARTNTID",NA,NA
"814",999,"ALLARM","ALLARM.LT3","05/02/2006","12:00:00","TDS.1","M1",2269,"CMC","NTWQM",2006-05-02 12:00:00,0.1,"ISM",1,"Water",NA,260,"MG/L",NA,NA,NA,NA,2,NA,1,1,"S","PARTNTID",NA,NA
"815",999,"ALLARM","ALLARM.LT10","07/06/2006","12:00:00","TDS.1","M1",2302,"CMC","NTWQM",2006-07-06 12:00:00,0.1,"ISM",1,"Water",NA,290,"MG/L",NA,NA,NA,NA,2,NA,1,1,"S","PARTNTID",NA,NA
"816",999,"ALLARM","ALLARM.MG1","11/06/2006","12:00:00","TDS.1","M1",2354,"CMC","NTWQM",2006-11-06 12:00:00,0.1,"ISM",1,"Water",NA,450,"MG/L",NA,NA,NA,NA,2,NA,1,1,"S","PARTNTID",NA,NA
"817",999,"ALLARM","ALLARM.LT8","12/06/2006","12:00:00","TDS.1","M1",2364,"CMC","NTWQM",2006-12-06 12:00:00,0.1,"ISM",1,"Water",NA,360,"MG/L",NA,NA,NA,NA,2,NA,1,1,"S","PARTNTID",NA,NA
"818",999,"ALLARM","ALLARM.LT7","02/21/2006","12:00:00","TDS.1","M1",2234,"CMC","NTWQM",2006-02-21 12:00:00,0.1,"ISM",1,"Water",NA,320,"MG/L",NA,NA,NA,NA,2,NA,1,1,"S","PARTNTID",NA,NA
"819",999,"ALLARM","ALLARM.LT5","04/18/2006","12:00:00","TDS.1","M1",2258,"CMC","NTWQM",2006-04-18 12:00:00,0.1,"ISM",1,"Water",NA,270,"MG/L",NA,NA,NA,NA,2,NA,1,1,"S","PARTNTID",NA,NA
"820",999,"ALLARM","ALLARM.LT3","06/26/2006","12:00:00","TDS.1","M1",2282,"CMC","NTWQM",2006-06-26 12:00:00,0.1,"ISM",1,"Water",NA,240,"MG/L",NA,NA,NA,NA,2,NA,1,1,"S","PARTNTID",NA,NA
"821",999,"ALLARM","ALLARM.LT10","08/29/2006","12:00:00","TDS.1","M1",2315,"CMC","NTWQM",2006-08-29 12:00:00,0.1,"ISM",1,"Water",NA,450,"MG/L",NA,NA,NA,NA,2,NA,1,1,"S","PARTNTID",NA,NA
"822",999,"ALLARM","ALLARM.MG1","12/06/2006","12:00:00","TDS.1","M1",2367,"CMC","NTWQM",2006-12-06 12:00:00,0.1,"ISM",1,"Water",NA,480,"MG/L",NA,NA,NA,NA,2,NA,1,1,"S","PARTNTID",NA,NA
"823",999,"ALLARM","ALLARM.LT9","01/31/2006","12:00:00","TDS.1","M1",2223,"CMC","NTWQM",2006-01-31 12:00:00,0.1,"ISM",1,"Water",NA,360,"MG/L",NA,NA,NA,NA,2,NA,1,1,"S","PARTNTID",NA,NA
"824",999,"ALLARM","ALLARM.LT7","03/21/2006","12:00:00","TDS.1","M1",2247,"CMC","NTWQM",2006-03-21 12:00:00,0.1,"ISM",1,"Water",NA,320,"MG/L",NA,NA,NA,NA,2,NA,1,1,"S","PARTNTID",NA,NA
"825",999,"ALLARM","ALLARM.LT5","05/02/2006","12:00:00","TDS.1","M1",2271,"CMC","NTWQM",2006-05-02 12:00:00,0.1,"ISM",1,"Water",NA,270,"MG/L",NA,NA,NA,NA,2,NA,1,1,"S","PARTNTID",NA,NA
"826",999,"ALLARM","ALLARM.LT3","07/06/2006","12:00:00","TDS.1","M1",2295,"CMC","NTWQM",2006-07-06 12:00:00,0.1,"ISM",1,"Water",NA,280,"MG/L",NA,NA,NA,NA,2,NA,1,1,"S","PARTNTID",NA,NA
"827",999,"ALLARM","ALLARM.LT10","09/06/2006","12:00:00","TDS.1","M1",2327,"CMC","NTWQM",2006-09-06 12:00:00,0.1,"ISM",1,"Water",NA,320,"MG/L",NA,NA,NA,NA,2,NA,1,1,"S","PARTNTID",NA,NA
"828",999,"ALLARM","ALLARM.MG2","01/31/2006","12:00:00","TDS.1","M1",2226,"CMC","NTWQM",2006-01-31 12:00:00,0.1,"ISM",1,"Water",NA,370,"MG/L",NA,NA,NA,NA,2,NA,1,1,"S","PARTNTID",NA,NA
"829",999,"ALLARM","ALLARM.LT9","02/21/2006","12:00:00","TDS.1","M1",2236,"CMC","NTWQM",2006-02-21 12:00:00,0.1,"ISM",1,"Water",NA,340,"MG/L",NA,NA,NA,NA,2,NA,1,1,"S","PARTNTID",NA,NA
"830",999,"ALLARM","ALLARM.MG2","08/29/2006","12:00:00","TDS.1","M1",2317,"CMC","NTWQM",2006-08-29 12:00:00,0.1,"ISM",1,"Water",NA,260,"MG/L",NA,NA,NA,NA,2,NA,1,1,"S","PARTNTID",NA,NA
"831",999,"ALLARM","ALLARM.WL","12/06/2006","12:00:00","TDS.1","M1",2369,"CMC","NTWQM",2006-12-06 12:00:00,0.1,"ISM",1,"Water",NA,500,"MG/L",NA,NA,NA,NA,2,NA,1,1,"S","PARTNTID",NA,NA
"832",999,"ALLARM","ALLARM.WL","04/18/2006","12:00:00","TDS.1","M1",2266,"CMC","NTWQM",2006-04-18 12:00:00,0.1,"ISM",1,"Water",NA,410,"MG/L",NA,NA,NA,NA,2,NA,1,1,"S","PARTNTID",NA,NA
"833",999,"ALLARM","ALLARM.MG2","04/18/2006","12:00:00","TDS.1","M1",2265,"CMC","NTWQM",2006-04-18 12:00:00,0.1,"ISM",1,"Water",NA,270,"MG/L",NA,NA,NA,NA,2,NA,1,1,"S","PARTNTID",NA,NA
"834",999,"ALLARM","ALLARM.MG2","02/21/2006","12:00:00","TDS.1","M1",2239,"CMC","NTWQM",2006-02-21 12:00:00,0.1,"ISM",1,"Water",NA,480,"MG/L",NA,NA,NA,NA,2,NA,1,1,"S","PARTNTID",NA,NA
"835",999,"ALLARM","ALLARM.MG2","12/06/2006","12:00:00","TDS.1","M1",2368,"CMC","NTWQM",2006-12-06 12:00:00,0.1,"ISM",1,"Water",NA,490,"MG/L",NA,NA,NA,NA,2,NA,1,1,"S","PARTNTID",NA,NA
"836",999,"ALLARM","ALLARM.MG2","09/06/2006","12:00:00","TDS.1","M1",2329,"CMC","NTWQM",2006-09-06 12:00:00,0.1,"ISM",1,"Water",NA,450,"MG/L",NA,NA,NA,NA,2,NA,1,1,"S","PARTNTID",NA,NA
"837",999,"ALLARM","ALLARM.WL","07/06/2006","12:00:00","TDS.1","M1",2305,"CMC","NTWQM",2006-07-06 12:00:00,0.1,"ISM",1,"Water",NA,380,"MG/L",NA,NA,NA,NA,2,NA,1,1,"S","PARTNTID",NA,NA
"838",999,"ALLARM","ALLARM.WL","05/02/2006","12:00:00","TDS.1","M1",2279,"CMC","NTWQM",2006-05-02 12:00:00,0.1,"ISM",1,"Water",NA,370,"MG/L",NA,NA,NA,NA,2,NA,1,1,"S","PARTNTID",NA,NA
"839",999,"ALLARM","ALLARM.MG2","05/02/2006","12:00:00","TDS.1","M1",2278,"CMC","NTWQM",2006-05-02 12:00:00,0.1,"ISM",1,"Water",NA,490,"MG/L",NA,NA,NA,NA,2,NA,1,1,"S","PARTNTID",NA,NA
"840",999,"ALLARM","ALLARM.MG2","03/21/2006","12:00:00","TDS.1","M1",2252,"CMC","NTWQM",2006-03-21 12:00:00,0.1,"ISM",1,"Water",NA,530,"MG/L",NA,NA,NA,NA,2,NA,1,1,"S","PARTNTID",NA,NA
"841",999,"ALLARM","ALLARM.WL","01/31/2006","12:00:00","TDS.1","M1",2227,"CMC","NTWQM",2006-01-31 12:00:00,0.1,"ISM",1,"Water",NA,340,"MG/L",NA,NA,NA,NA,2,NA,1,1,"S","PARTNTID",NA,NA
"842",999,"ALLARM","ALLARM.MG2","11/06/2006","12:00:00","TDS.1","M1",2355,"CMC","NTWQM",2006-11-06 12:00:00,0.1,"ISM",1,"Water",NA,440,"MG/L",NA,NA,NA,NA,2,NA,1,1,"S","PARTNTID",NA,NA
"843",999,"ALLARM","ALLARM.WL","09/06/2006","12:00:00","TDS.1","M1",2330,"CMC","NTWQM",2006-09-06 12:00:00,0.1,"ISM",1,"Water",NA,390,"MG/L",NA,NA,NA,NA,2,NA,1,1,"S","PARTNTID",NA,NA
"844",999,"ALLARM","ALLARM.WL","06/26/2006","12:00:00","TDS.1","M1",2292,"CMC","NTWQM",2006-06-26 12:00:00,0.1,"ISM",1,"Water",NA,40,"MG/L",NA,NA,NA,NA,2,NA,1,1,"S","PARTNTID",NA,NA
"845",999,"ALLARM","ALLARM.MG2","06/26/2006","12:00:00","TDS.1","M1",2291,"CMC","NTWQM",2006-06-26 12:00:00,0.1,"ISM",1,"Water",NA,150,"MG/L",NA,NA,NA,NA,2,NA,1,1,"S","PARTNTID",NA,NA
"846",999,"ALLARM","ALLARM.WL","11/06/2006","12:00:00","TDS.1","M1",2356,"CMC","NTWQM",2006-11-06 12:00:00,0.1,"ISM",1,"Water",NA,270,"MG/L",NA,NA,NA,NA,2,NA,1,1,"S","PARTNTID",NA,NA
"847",999,"ALLARM","ALLARM.WL","02/21/2006","12:00:00","TDS.1","M1",2240,"CMC","NTWQM",2006-02-21 12:00:00,0.1,"ISM",1,"Water",NA,470,"MG/L",NA,NA,NA,NA,2,NA,1,1,"S","PARTNTID",NA,NA
"848",999,"ALLARM","ALLARM.WL","10/06/2006","12:00:00","TDS.1","M1",2343,"CMC","NTWQM",2006-10-06 12:00:00,0.1,"ISM",1,"Water",NA,480,"MG/L",NA,NA,NA,NA,2,NA,1,1,"S","PARTNTID",NA,NA
"849",999,"ALLARM","ALLARM.WL","03/21/2006","12:00:00","TDS.1","M1",2253,"CMC","NTWQM",2006-03-21 12:00:00,0.1,"ISM",1,"Water",NA,470,"MG/L",NA,NA,NA,NA,2,NA,1,1,"S","PARTNTID",NA,NA
"850",999,"ALLARM","ALLARM.MG2","07/06/2006","12:00:00","TDS.1","M1",2304,"CMC","NTWQM",2006-07-06 12:00:00,0.1,"ISM",1,"Water",NA,400,"MG/L",NA,NA,NA,NA,2,NA,1,1,"S","PARTNTID",NA,NA
