"","paramMethod","SOURCE","STATION","SAMPLE_DATE","SAMPLE_TIME","paramCode","SAMPLE_ID","EventId","AGENCY","PROGRAM","DateTime","DEPTH","SAMPLE_TYPE","TIER","Matrix","QUALIFIER","VALUE","UNITS","PROBLEM","LAB","labName","detLimit","qaFlag","COMMENTS","count.x","count.y","LAYER","PROJECT","SampleAnalyticalMethodIdentifier","SubstanceIdentificationName"
"910",999,"ALLARM","ALLARM.LT6","09/18/2001","12:00:00","TDS.1","M1",1595,"CMC","NTWQM",2001-09-18 12:00:00,0.1,"ISM","1","Water",NA,260,"MG/L",NA,NA,NA,NA,2,NA,1,1,"S","PARTNTID",NA,NA
"911",999,"ALLARM","ALLARM.LT5","01/29/2001","12:00:00","TDS.1","M1",1502,"CMC","NTWQM",2001-01-29 12:00:00,0.1,"ISM","1","Water",NA,260,"MG/L",NA,NA,NA,NA,2,NA,1,1,"S","PARTNTID",NA,NA
"912",999,"ALLARM","ALLARM.LT3","05/30/2001","12:00:00","TDS.1","M1",1546,"CMC","NTWQM",2001-05-30 12:00:00,0.1,"ISM","1","Water",NA,240,"MG/L",NA,NA,NA,NA,2,NA,1,1,"S","PARTNTID",NA,NA
"913",999,"ALLARM","ALLARM.LT10","09/18/2001","12:00:00","TDS.1","M1",1599,"CMC","NTWQM",2001-09-18 12:00:00,0.1,"ISM","1","Water",NA,280,"MG/L",NA,NA,NA,NA,2,NA,1,1,"S","PARTNTID",NA,NA
"914",999,"ALLARM","ALLARM.LT1","01/29/2001","12:00:00","TDS.1","M1",1498,"CMC","NTWQM",2001-01-29 12:00:00,0.1,"ISM","1","Water",NA,240,"MG/L",NA,NA,NA,NA,2,NA,1,1,"S","PARTNTID",NA,NA
"915",999,"ALLARM","ALLARM.LT8","06/27/2001","12:00:00","TDS.1","M1",1563,"CMC","NTWQM",2001-06-27 12:00:00,0.1,"ISM","1","Water",NA,240,"MG/L",NA,NA,NA,NA,2,NA,1,1,"S","PARTNTID",NA,NA
"916",999,"ALLARM","ALLARM.LT6","10/17/2001","12:00:00","TDS.1","M1",1606,"CMC","NTWQM",2001-10-17 12:00:00,0.1,"ISM","1","Water",NA,260,"MG/L",NA,NA,NA,NA,2,NA,1,1,"S","PARTNTID",NA,NA
"917",999,"ALLARM","ALLARM.LT5","02/26/2001","12:00:00","TDS.1","M1",1512,"CMC","NTWQM",2001-02-26 12:00:00,0.1,"ISM","1","Water",NA,270,"MG/L",NA,NA,NA,NA,2,NA,1,1,"S","PARTNTID",NA,NA
"918",999,"ALLARM","ALLARM.LT3","06/27/2001","12:00:00","TDS.1","M1",1558,"CMC","NTWQM",2001-06-27 12:00:00,0.1,"ISM","1","Water",NA,210,"MG/L",NA,NA,NA,NA,2,NA,1,1,"S","PARTNTID",NA,NA
"919",999,"ALLARM","ALLARM.LT10","10/17/2001","12:00:00","TDS.1","M1",1610,"CMC","NTWQM",2001-10-17 12:00:00,0.1,"ISM","1","Water",NA,310,"MG/L",NA,NA,NA,NA,2,NA,1,1,"S","PARTNTID",NA,NA
"920",999,"ALLARM","ALLARM.LT1","02/26/2001","12:00:00","TDS.1","M1",1508,"CMC","NTWQM",2001-02-26 12:00:00,0.1,"ISM","1","Water",NA,250,"MG/L",NA,NA,NA,NA,2,NA,1,1,"S","PARTNTID",NA,NA
"921",999,"ALLARM","ALLARM.LT8","07/30/2001","12:00:00","TDS.1","M1",1575,"CMC","NTWQM",2001-07-30 12:00:00,0.1,"ISM","1","Water",NA,270,"MG/L",NA,NA,NA,NA,2,NA,1,1,"S","PARTNTID",NA,NA
"922",999,"ALLARM","ALLARM.LT6","11/13/2001","12:00:00","TDS.1","M1",1617,"CMC","NTWQM",2001-11-13 12:00:00,0.1,"ISM","1","Water",NA,250,"MG/L",NA,NA,NA,NA,2,NA,1,1,"S","PARTNTID",NA,NA
"923",999,"ALLARM","ALLARM.LT5","03/26/2001","12:00:00","TDS.1","M1",1524,"CMC","NTWQM",2001-03-26 12:00:00,0.1,"ISM","1","Water",NA,280,"MG/L",NA,NA,NA,NA,2,NA,1,1,"S","PARTNTID",NA,NA
"924",999,"ALLARM","ALLARM.LT3","07/30/2001","12:00:00","TDS.1","M1",1570,"CMC","NTWQM",2001-07-30 12:00:00,0.1,"ISM","1","Water",NA,250,"MG/L",NA,NA,NA,NA,2,NA,1,1,"S","PARTNTID",NA,NA
"925",999,"ALLARM","ALLARM.LT10","11/13/2001","12:00:00","TDS.1","M1",1621,"CMC","NTWQM",2001-11-13 12:00:00,0.1,"ISM","1","Water",NA,290,"MG/L",NA,NA,NA,NA,2,NA,1,1,"S","PARTNTID",NA,NA
"926",999,"ALLARM","ALLARM.LT1","03/26/2001","12:00:00","TDS.1","M1",1520,"CMC","NTWQM",2001-03-26 12:00:00,0.1,"ISM","1","Water",NA,260,"MG/L",NA,NA,NA,NA,2,NA,1,1,"S","PARTNTID",NA,NA
"927",999,"ALLARM","ALLARM.LT8","08/30/2001","12:00:00","TDS.1","M1",1586,"CMC","NTWQM",2001-08-30 12:00:00,0.1,"ISM","1","Water",NA,280,"MG/L",NA,NA,NA,NA,2,NA,1,1,"S","PARTNTID",NA,NA
"928",999,"ALLARM","ALLARM.LT6","12/05/2001","12:00:00","TDS.1","M1",1628,"CMC","NTWQM",2001-12-05 12:00:00,0.1,"ISM","1","Water",NA,240,"MG/L",NA,NA,NA,NA,2,NA,1,1,"S","PARTNTID",NA,NA
"929",999,"ALLARM","ALLARM.LT5","04/30/2001","12:00:00","TDS.1","M1",1536,"CMC","NTWQM",2001-04-30 12:00:00,0.1,"ISM","1","Water",NA,230,"MG/L",NA,NA,NA,NA,2,NA,1,1,"S","PARTNTID",NA,NA
"930",999,"ALLARM","ALLARM.LT3","08/30/2001","12:00:00","TDS.1","M1",1581,"CMC","NTWQM",2001-08-30 12:00:00,0.1,"ISM","1","Water",NA,240,"MG/L",NA,NA,NA,NA,2,NA,1,1,"S","PARTNTID",NA,NA
"931",999,"ALLARM","ALLARM.LT10","12/05/2001","12:00:00","TDS.1","M1",1632,"CMC","NTWQM",2001-12-05 12:00:00,0.1,"ISM","1","Water",NA,280,"MG/L",NA,NA,NA,NA,2,NA,1,1,"S","PARTNTID",NA,NA
"932",999,"ALLARM","ALLARM.LT1","04/30/2001","12:00:00","TDS.1","M1",1532,"CMC","NTWQM",2001-04-30 12:00:00,0.1,"ISM","1","Water",NA,240,"MG/L",NA,NA,NA,NA,2,NA,1,1,"S","PARTNTID",NA,NA
"933",999,"ALLARM","ALLARM.LT8","09/18/2001","12:00:00","TDS.1","M1",1597,"CMC","NTWQM",2001-09-18 12:00:00,0.1,"ISM","1","Water",NA,260,"MG/L",NA,NA,NA,NA,2,NA,1,1,"S","PARTNTID",NA,NA
"934",999,"ALLARM","ALLARM.LT7","01/29/2001","12:00:00","TDS.1","M1",1504,"CMC","NTWQM",2001-01-29 12:00:00,0.1,"ISM","1","Water",NA,260,"MG/L",NA,NA,NA,NA,2,NA,1,1,"S","PARTNTID",NA,NA
"935",999,"ALLARM","ALLARM.LT5","05/30/2001","12:00:00","TDS.1","M1",1548,"CMC","NTWQM",2001-05-30 12:00:00,0.1,"ISM","1","Water",NA,240,"MG/L",NA,NA,NA,NA,2,NA,1,1,"S","PARTNTID",NA,NA
"936",999,"ALLARM","ALLARM.LT3","09/18/2001","12:00:00","TDS.1","M1",1592,"CMC","NTWQM",2001-09-18 12:00:00,0.1,"ISM","1","Water",NA,280,"MG/L",NA,NA,NA,NA,2,NA,1,1,"S","PARTNTID",NA,NA
"937",999,"ALLARM","ALLARM.LT2","01/29/2001","12:00:00","TDS.1","M1",1499,"CMC","NTWQM",2001-01-29 12:00:00,0.1,"ISM","1","Water",NA,210,"MG/L",NA,NA,NA,NA,2,NA,1,1,"S","PARTNTID",NA,NA
"938",999,"ALLARM","ALLARM.LT1","05/30/2001","12:00:00","TDS.1","M1",1544,"CMC","NTWQM",2001-05-30 12:00:00,0.1,"ISM","1","Water",NA,240,"MG/L",NA,NA,NA,NA,2,NA,1,1,"S","PARTNTID",NA,NA
"939",999,"ALLARM","ALLARM.LT8","10/17/2001","12:00:00","TDS.1","M1",1608,"CMC","NTWQM",2001-10-17 12:00:00,0.1,"ISM","1","Water",NA,330,"MG/L",NA,NA,NA,NA,2,NA,1,1,"S","PARTNTID",NA,NA
"940",999,"ALLARM","ALLARM.LT7","02/26/2001","12:00:00","TDS.1","M1",1514,"CMC","NTWQM",2001-02-26 12:00:00,0.1,"ISM","1","Water",NA,300,"MG/L",NA,NA,NA,NA,2,NA,1,1,"S","PARTNTID",NA,NA
"941",999,"ALLARM","ALLARM.LT5","06/27/2001","12:00:00","TDS.1","M1",1560,"CMC","NTWQM",2001-06-27 12:00:00,0.1,"ISM","1","Water",NA,230,"MG/L",NA,NA,NA,NA,2,NA,1,1,"S","PARTNTID",NA,NA
"942",999,"ALLARM","ALLARM.LT3","10/17/2001","12:00:00","TDS.1","M1",1603,"CMC","NTWQM",2001-10-17 12:00:00,0.1,"ISM","1","Water",NA,270,"MG/L",NA,NA,NA,NA,2,NA,1,1,"S","PARTNTID",NA,NA
"943",999,"ALLARM","ALLARM.LT2","02/26/2001","12:00:00","TDS.1","M1",1509,"CMC","NTWQM",2001-02-26 12:00:00,0.1,"ISM","1","Water",NA,230,"MG/L",NA,NA,NA,NA,2,NA,1,1,"S","PARTNTID",NA,NA
"944",999,"ALLARM","ALLARM.LT1","06/27/2001","12:00:00","TDS.1","M1",1556,"CMC","NTWQM",2001-06-27 12:00:00,0.1,"ISM","1","Water",NA,210,"MG/L",NA,NA,NA,NA,2,NA,1,1,"S","PARTNTID",NA,NA
"945",999,"ALLARM","ALLARM.LT8","11/13/2001","12:00:00","TDS.1","M1",1619,"CMC","NTWQM",2001-11-13 12:00:00,0.1,"ISM","1","Water",NA,260,"MG/L",NA,NA,NA,NA,2,NA,1,1,"S","PARTNTID",NA,NA
"946",999,"ALLARM","ALLARM.LT7","03/26/2001","12:00:00","TDS.1","M1",1526,"CMC","NTWQM",2001-03-26 12:00:00,0.1,"ISM","1","Water",NA,310,"MG/L",NA,NA,NA,NA,2,NA,1,1,"S","PARTNTID",NA,NA
"947",999,"ALLARM","ALLARM.LT5","07/30/2001","12:00:00","TDS.1","M1",1572,"CMC","NTWQM",2001-07-30 12:00:00,0.1,"ISM","1","Water",NA,240,"MG/L",NA,NA,NA,NA,2,NA,1,1,"S","PARTNTID",NA,NA
"948",999,"ALLARM","ALLARM.LT3","11/13/2001","12:00:00","TDS.1","M1",1614,"CMC","NTWQM",2001-11-13 12:00:00,0.1,"ISM","1","Water",NA,270,"MG/L",NA,NA,NA,NA,2,NA,1,1,"S","PARTNTID",NA,NA
"949",999,"ALLARM","ALLARM.LT2","03/26/2001","12:00:00","TDS.1","M1",1521,"CMC","NTWQM",2001-03-26 12:00:00,0.1,"ISM","1","Water",NA,250,"MG/L",NA,NA,NA,NA,2,NA,1,1,"S","PARTNTID",NA,NA
"950",999,"ALLARM","ALLARM.LT1","07/30/2001","12:00:00","TDS.1","M1",1568,"CMC","NTWQM",2001-07-30 12:00:00,0.1,"ISM","1","Water",NA,230,"MG/L",NA,NA,NA,NA,2,NA,1,1,"S","PARTNTID",NA,NA
"951",999,"ALLARM","ALLARM.LT8","12/05/2001","12:00:00","TDS.1","M1",1630,"CMC","NTWQM",2001-12-05 12:00:00,0.1,"ISM","1","Water",NA,270,"MG/L",NA,NA,NA,NA,2,NA,1,1,"S","PARTNTID",NA,NA
"952",999,"ALLARM","ALLARM.LT7","04/30/2001","12:00:00","TDS.1","M1",1538,"CMC","NTWQM",2001-04-30 12:00:00,0.1,"ISM","1","Water",NA,240,"MG/L",NA,NA,NA,NA,2,NA,1,1,"S","PARTNTID",NA,NA
"953",999,"ALLARM","ALLARM.LT5","08/30/2001","12:00:00","TDS.1","M1",1583,"CMC","NTWQM",2001-08-30 12:00:00,0.1,"ISM","1","Water",NA,230,"MG/L",NA,NA,NA,NA,2,NA,1,1,"S","PARTNTID",NA,NA
"954",999,"ALLARM","ALLARM.LT3","12/05/2001","12:00:00","TDS.1","M1",1625,"CMC","NTWQM",2001-12-05 12:00:00,0.1,"ISM","1","Water",NA,230,"MG/L",NA,NA,NA,NA,2,NA,1,1,"S","PARTNTID",NA,NA
"955",999,"ALLARM","ALLARM.LT2","04/30/2001","12:00:00","TDS.1","M1",1533,"CMC","NTWQM",2001-04-30 12:00:00,0.1,"ISM","1","Water",NA,210,"MG/L",NA,NA,NA,NA,2,NA,1,1,"S","PARTNTID",NA,NA
"956",999,"ALLARM","ALLARM.LT1","08/30/2001","12:00:00","TDS.1","M1",1579,"CMC","NTWQM",2001-08-30 12:00:00,0.1,"ISM","1","Water",NA,230,"MG/L",NA,NA,NA,NA,2,NA,1,1,"S","PARTNTID",NA,NA
"957",999,"ALLARM","ALLARM.LT9","01/29/2001","12:00:00","TDS.1","M1",1506,"CMC","NTWQM",2001-01-29 12:00:00,0.1,"ISM","1","Water",NA,290,"MG/L",NA,NA,NA,NA,2,NA,1,1,"S","PARTNTID",NA,NA
"958",999,"ALLARM","ALLARM.LT7","05/30/2001","12:00:00","TDS.1","M1",1550,"CMC","NTWQM",2001-05-30 12:00:00,0.1,"ISM","1","Water",NA,270,"MG/L",NA,NA,NA,NA,2,NA,1,1,"S","PARTNTID",NA,NA
"959",999,"ALLARM","ALLARM.LT5","09/18/2001","12:00:00","TDS.1","M1",1594,"CMC","NTWQM",2001-09-18 12:00:00,0.1,"ISM","1","Water",NA,260,"MG/L",NA,NA,NA,NA,2,NA,1,1,"S","PARTNTID",NA,NA
"960",999,"ALLARM","ALLARM.LT4","01/29/2001","12:00:00","TDS.1","M1",1501,"CMC","NTWQM",2001-01-29 12:00:00,0.1,"ISM","1","Water",NA,250,"MG/L",NA,NA,NA,NA,2,NA,1,1,"S","PARTNTID",NA,NA
"961",999,"ALLARM","ALLARM.LT2","05/30/2001","12:00:00","TDS.1","M1",1545,"CMC","NTWQM",2001-05-30 12:00:00,0.1,"ISM","1","Water",NA,210,"MG/L",NA,NA,NA,NA,2,NA,1,1,"S","PARTNTID",NA,NA
"962",999,"ALLARM","ALLARM.LT1","09/18/2001","12:00:00","TDS.1","M1",1590,"CMC","NTWQM",2001-09-18 12:00:00,0.1,"ISM","1","Water",NA,270,"MG/L",NA,NA,NA,NA,2,NA,1,1,"S","PARTNTID",NA,NA
"963",999,"ALLARM","ALLARM.LT9","02/26/2001","12:00:00","TDS.1","M1",1516,"CMC","NTWQM",2001-02-26 12:00:00,0.1,"ISM","1","Water",NA,360,"MG/L",NA,NA,NA,NA,2,NA,1,1,"S","PARTNTID",NA,NA
"964",999,"ALLARM","ALLARM.LT7","06/27/2001","12:00:00","TDS.1","M1",1562,"CMC","NTWQM",2001-06-27 12:00:00,0.1,"ISM","1","Water",NA,240,"MG/L",NA,NA,NA,NA,2,NA,1,1,"S","PARTNTID",NA,NA
"965",999,"ALLARM","ALLARM.LT5","10/17/2001","12:00:00","TDS.1","M1",1605,"CMC","NTWQM",2001-10-17 12:00:00,0.1,"ISM","1","Water",NA,260,"MG/L",NA,NA,NA,NA,2,NA,1,1,"S","PARTNTID",NA,NA
"966",999,"ALLARM","ALLARM.LT4","02/26/2001","12:00:00","TDS.1","M1",1511,"CMC","NTWQM",2001-02-26 12:00:00,0.1,"ISM","1","Water",NA,270,"MG/L",NA,NA,NA,NA,2,NA,1,1,"S","PARTNTID",NA,NA
"967",999,"ALLARM","ALLARM.LT2","06/27/2001","12:00:00","TDS.1","M1",1557,"CMC","NTWQM",2001-06-27 12:00:00,0.1,"ISM","1","Water",NA,190,"MG/L",NA,NA,NA,NA,2,NA,1,1,"S","PARTNTID",NA,NA
"968",999,"ALLARM","ALLARM.LT1","10/17/2001","12:00:00","TDS.1","M1",1601,"CMC","NTWQM",2001-10-17 12:00:00,0.1,"ISM","1","Water",NA,280,"MG/L",NA,NA,NA,NA,2,NA,1,1,"S","PARTNTID",NA,NA
"969",999,"ALLARM","ALLARM.LT9","03/26/2001","12:00:00","TDS.1","M1",1528,"CMC","NTWQM",2001-03-26 12:00:00,0.1,"ISM","1","Water",NA,320,"MG/L",NA,NA,NA,NA,2,NA,1,1,"S","PARTNTID",NA,NA
"970",999,"ALLARM","ALLARM.LT7","07/30/2001","12:00:00","TDS.1","M1",1574,"CMC","NTWQM",2001-07-30 12:00:00,0.1,"ISM","1","Water",NA,260,"MG/L",NA,NA,NA,NA,2,NA,1,1,"S","PARTNTID",NA,NA
"971",999,"ALLARM","ALLARM.LT5","11/13/2001","12:00:00","TDS.1","M1",1616,"CMC","NTWQM",2001-11-13 12:00:00,0.1,"ISM","1","Water",NA,260,"MG/L",NA,NA,NA,NA,2,NA,1,1,"S","PARTNTID",NA,NA
"972",999,"ALLARM","ALLARM.LT4","03/26/2001","12:00:00","TDS.1","M1",1523,"CMC","NTWQM",2001-03-26 12:00:00,0.1,"ISM","1","Water",NA,290,"MG/L",NA,NA,NA,NA,2,NA,1,1,"S","PARTNTID",NA,NA
"973",999,"ALLARM","ALLARM.LT2","07/30/2001","12:00:00","TDS.1","M1",1569,"CMC","NTWQM",2001-07-30 12:00:00,0.1,"ISM","1","Water",NA,220,"MG/L",NA,NA,NA,NA,2,NA,1,1,"S","PARTNTID",NA,NA
"974",999,"ALLARM","ALLARM.LT1","11/13/2001","12:00:00","TDS.1","M1",1612,"CMC","NTWQM",2001-11-13 12:00:00,0.1,"ISM","1","Water",NA,240,"MG/L",NA,NA,NA,NA,2,NA,1,1,"S","PARTNTID",NA,NA
"975",999,"ALLARM","ALLARM.LT9","04/30/2001","12:00:00","TDS.1","M1",1540,"CMC","NTWQM",2001-04-30 12:00:00,0.1,"ISM","1","Water",NA,260,"MG/L",NA,NA,NA,NA,2,NA,1,1,"S","PARTNTID",NA,NA
"976",999,"ALLARM","ALLARM.LT7","08/30/2001","12:00:00","TDS.1","M1",1585,"CMC","NTWQM",2001-08-30 12:00:00,0.1,"ISM","1","Water",NA,260,"MG/L",NA,NA,NA,NA,2,NA,1,1,"S","PARTNTID",NA,NA
"977",999,"ALLARM","ALLARM.LT5","12/05/2001","12:00:00","TDS.1","M1",1627,"CMC","NTWQM",2001-12-05 12:00:00,0.1,"ISM","1","Water",NA,230,"MG/L",NA,NA,NA,NA,2,NA,1,1,"S","PARTNTID",NA,NA
"978",999,"ALLARM","ALLARM.LT4","04/30/2001","12:00:00","TDS.1","M1",1535,"CMC","NTWQM",2001-04-30 12:00:00,0.1,"ISM","1","Water",NA,230,"MG/L",NA,NA,NA,NA,2,NA,1,1,"S","PARTNTID",NA,NA
"979",999,"ALLARM","ALLARM.LT2","08/30/2001","12:00:00","TDS.1","M1",1580,"CMC","NTWQM",2001-08-30 12:00:00,0.1,"ISM","1","Water",NA,220,"MG/L",NA,NA,NA,NA,2,NA,1,1,"S","PARTNTID",NA,NA
"980",999,"ALLARM","ALLARM.LT1","12/05/2001","12:00:00","TDS.1","M1",1623,"CMC","NTWQM",2001-12-05 12:00:00,0.1,"ISM","1","Water",NA,230,"MG/L",NA,NA,NA,NA,2,NA,1,1,"S","PARTNTID",NA,NA
"981",999,"ALLARM","ALLARM.LT9","05/30/2001","12:00:00","TDS.1","M1",1552,"CMC","NTWQM",2001-05-30 12:00:00,0.1,"ISM","1","Water",NA,320,"MG/L",NA,NA,NA,NA,2,NA,1,1,"S","PARTNTID",NA,NA
"982",999,"ALLARM","ALLARM.LT7","09/18/2001","12:00:00","TDS.1","M1",1596,"CMC","NTWQM",2001-09-18 12:00:00,0.1,"ISM","1","Water",NA,270,"MG/L",NA,NA,NA,NA,2,NA,1,1,"S","PARTNTID",NA,NA
"983",999,"ALLARM","ALLARM.LT6","01/29/2001","12:00:00","TDS.1","M1",1503,"CMC","NTWQM",2001-01-29 12:00:00,0.1,"ISM","1","Water",NA,240,"MG/L",NA,NA,NA,NA,2,NA,1,1,"S","PARTNTID",NA,NA
"984",999,"ALLARM","ALLARM.LT4","05/30/2001","12:00:00","TDS.1","M1",1547,"CMC","NTWQM",2001-05-30 12:00:00,0.1,"ISM","1","Water",NA,240,"MG/L",NA,NA,NA,NA,2,NA,1,1,"S","PARTNTID",NA,NA
"985",999,"ALLARM","ALLARM.LT2","09/18/2001","12:00:00","TDS.1","M1",1591,"CMC","NTWQM",2001-09-18 12:00:00,0.1,"ISM","1","Water",NA,240,"MG/L",NA,NA,NA,NA,2,NA,1,1,"S","PARTNTID",NA,NA
"986",999,"ALLARM","ALLARM.LT10","01/29/2001","12:00:00","TDS.1","M1",1507,"CMC","NTWQM",2001-01-29 12:00:00,0.1,"ISM","1","Water",NA,310,"MG/L",NA,NA,NA,NA,2,NA,1,1,"S","PARTNTID",NA,NA
"987",999,"ALLARM","ALLARM.LT9","06/27/2001","12:00:00","TDS.1","M1",1564,"CMC","NTWQM",2001-06-27 12:00:00,0.1,"ISM","1","Water",NA,270,"MG/L",NA,NA,NA,NA,2,NA,1,1,"S","PARTNTID",NA,NA
"988",999,"ALLARM","ALLARM.LT7","10/17/2001","12:00:00","TDS.1","M1",1607,"CMC","NTWQM",2001-10-17 12:00:00,0.1,"ISM","1","Water",NA,280,"MG/L",NA,NA,NA,NA,2,NA,1,1,"S","PARTNTID",NA,NA
"989",999,"ALLARM","ALLARM.LT6","02/26/2001","12:00:00","TDS.1","M1",1513,"CMC","NTWQM",2001-02-26 12:00:00,0.1,"ISM","1","Water",NA,280,"MG/L",NA,NA,NA,NA,2,NA,1,1,"S","PARTNTID",NA,NA
"990",999,"ALLARM","ALLARM.LT4","06/27/2001","12:00:00","TDS.1","M1",1559,"CMC","NTWQM",2001-06-27 12:00:00,0.1,"ISM","1","Water",NA,210,"MG/L",NA,NA,NA,NA,2,NA,1,1,"S","PARTNTID",NA,NA
"991",999,"ALLARM","ALLARM.LT2","10/17/2001","12:00:00","TDS.1","M1",1602,"CMC","NTWQM",2001-10-17 12:00:00,0.1,"ISM","1","Water",NA,240,"MG/L",NA,NA,NA,NA,2,NA,1,1,"S","PARTNTID",NA,NA
"992",999,"ALLARM","ALLARM.LT10","02/26/2001","12:00:00","TDS.1","M1",1517,"CMC","NTWQM",2001-02-26 12:00:00,0.1,"ISM","1","Water",NA,310,"MG/L",NA,NA,NA,NA,2,NA,1,1,"S","PARTNTID",NA,NA
"993",999,"ALLARM","ALLARM.LT9","07/30/2001","12:00:00","TDS.1","M1",1576,"CMC","NTWQM",2001-07-30 12:00:00,0.1,"ISM","1","Water",NA,310,"MG/L",NA,NA,NA,NA,2,NA,1,1,"S","PARTNTID",NA,NA
"994",999,"ALLARM","ALLARM.LT7","11/13/2001","12:00:00","TDS.1","M1",1618,"CMC","NTWQM",2001-11-13 12:00:00,0.1,"ISM","1","Water",NA,260,"MG/L",NA,NA,NA,NA,2,NA,1,1,"S","PARTNTID",NA,NA
"995",999,"ALLARM","ALLARM.LT6","03/26/2001","12:00:00","TDS.1","M1",1525,"CMC","NTWQM",2001-03-26 12:00:00,0.1,"ISM","1","Water",NA,260,"MG/L",NA,NA,NA,NA,2,NA,1,1,"S","PARTNTID",NA,NA
"996",999,"ALLARM","ALLARM.LT4","07/30/2001","12:00:00","TDS.1","M1",1571,"CMC","NTWQM",2001-07-30 12:00:00,0.1,"ISM","1","Water",NA,250,"MG/L",NA,NA,NA,NA,2,NA,1,1,"S","PARTNTID",NA,NA
"997",999,"ALLARM","ALLARM.LT2","11/13/2001","12:00:00","TDS.1","M1",1613,"CMC","NTWQM",2001-11-13 12:00:00,0.1,"ISM","1","Water",NA,230,"MG/L",NA,NA,NA,NA,2,NA,1,1,"S","PARTNTID",NA,NA
"998",999,"ALLARM","ALLARM.LT10","03/26/2001","12:00:00","TDS.1","M1",1529,"CMC","NTWQM",2001-03-26 12:00:00,0.1,"ISM","1","Water",NA,320,"MG/L",NA,NA,NA,NA,2,NA,1,1,"S","PARTNTID",NA,NA
"999",999,"ALLARM","ALLARM.LT9","08/30/2001","12:00:00","TDS.1","M1",1587,"CMC","NTWQM",2001-08-30 12:00:00,0.1,"ISM","1","Water",NA,270,"MG/L",NA,NA,NA,NA,2,NA,1,1,"S","PARTNTID",NA,NA
"1000",999,"ALLARM","ALLARM.LT7","12/05/2001","12:00:00","TDS.1","M1",1629,"CMC","NTWQM",2001-12-05 12:00:00,0.1,"ISM","1","Water",NA,250,"MG/L",NA,NA,NA,NA,2,NA,1,1,"S","PARTNTID",NA,NA
"1001",999,"ALLARM","ALLARM.LT6","04/30/2001","12:00:00","TDS.1","M1",1537,"CMC","NTWQM",2001-04-30 12:00:00,0.1,"ISM","1","Water",NA,220,"MG/L",NA,NA,NA,NA,2,NA,1,1,"S","PARTNTID",NA,NA
"1002",999,"ALLARM","ALLARM.LT4","08/30/2001","12:00:00","TDS.1","M1",1582,"CMC","NTWQM",2001-08-30 12:00:00,0.1,"ISM","1","Water",NA,240,"MG/L",NA,NA,NA,NA,2,NA,1,1,"S","PARTNTID",NA,NA
"1003",999,"ALLARM","ALLARM.LT2","12/05/2001","12:00:00","TDS.1","M1",1624,"CMC","NTWQM",2001-12-05 12:00:00,0.1,"ISM","1","Water",NA,220,"MG/L",NA,NA,NA,NA,2,NA,1,1,"S","PARTNTID",NA,NA
"1004",999,"ALLARM","ALLARM.LT10","04/30/2001","12:00:00","TDS.1","M1",1541,"CMC","NTWQM",2001-04-30 12:00:00,0.1,"ISM","1","Water",NA,240,"MG/L",NA,NA,NA,NA,2,NA,1,1,"S","PARTNTID",NA,NA
"1005",999,"ALLARM","ALLARM.LT9","09/18/2001","12:00:00","TDS.1","M1",1598,"CMC","NTWQM",2001-09-18 12:00:00,0.1,"ISM","1","Water",NA,280,"MG/L",NA,NA,NA,NA,2,NA,1,1,"S","PARTNTID",NA,NA
"1006",999,"ALLARM","ALLARM.LT8","01/29/2001","12:00:00","TDS.1","M1",1505,"CMC","NTWQM",2001-01-29 12:00:00,0.1,"ISM","1","Water",NA,280,"MG/L",NA,NA,NA,NA,2,NA,1,1,"S","PARTNTID",NA,NA
"1007",999,"ALLARM","ALLARM.LT6","05/30/2001","12:00:00","TDS.1","M1",1549,"CMC","NTWQM",2001-05-30 12:00:00,0.1,"ISM","1","Water",NA,250,"MG/L",NA,NA,NA,NA,2,NA,1,1,"S","PARTNTID",NA,NA
"1008",999,"ALLARM","ALLARM.LT4","09/18/2001","12:00:00","TDS.1","M1",1593,"CMC","NTWQM",2001-09-18 12:00:00,0.1,"ISM","1","Water",NA,260,"MG/L",NA,NA,NA,NA,2,NA,1,1,"S","PARTNTID",NA,NA
"1009",999,"ALLARM","ALLARM.LT3","01/29/2001","12:00:00","TDS.1","M1",1500,"CMC","NTWQM",2001-01-29 12:00:00,0.1,"ISM","1","Water",NA,260,"MG/L",NA,NA,NA,NA,2,NA,1,1,"S","PARTNTID",NA,NA
"1010",999,"ALLARM","ALLARM.LT10","05/30/2001","12:00:00","TDS.1","M1",1553,"CMC","NTWQM",2001-05-30 12:00:00,0.1,"ISM","1","Water",NA,280,"MG/L",NA,NA,NA,NA,2,NA,1,1,"S","PARTNTID",NA,NA
"1011",999,"ALLARM","ALLARM.LT9","10/17/2001","12:00:00","TDS.1","M1",1609,"CMC","NTWQM",2001-10-17 12:00:00,0.1,"ISM","1","Water",NA,310,"MG/L",NA,NA,NA,NA,2,NA,1,1,"S","PARTNTID",NA,NA
"1012",999,"ALLARM","ALLARM.LT8","02/26/2001","12:00:00","TDS.1","M1",1515,"CMC","NTWQM",2001-02-26 12:00:00,0.1,"ISM","1","Water",NA,370,"MG/L",NA,NA,NA,NA,2,NA,1,1,"S","PARTNTID",NA,NA
"1013",999,"ALLARM","ALLARM.LT6","06/27/2001","12:00:00","TDS.1","M1",1561,"CMC","NTWQM",2001-06-27 12:00:00,0.1,"ISM","1","Water",NA,230,"MG/L",NA,NA,NA,NA,2,NA,1,1,"S","PARTNTID",NA,NA
"1014",999,"ALLARM","ALLARM.LT4","10/17/2001","12:00:00","TDS.1","M1",1604,"CMC","NTWQM",2001-10-17 12:00:00,0.1,"ISM","1","Water",NA,270,"MG/L",NA,NA,NA,NA,2,NA,1,1,"S","PARTNTID",NA,NA
"1015",999,"ALLARM","ALLARM.LT3","02/26/2001","12:00:00","TDS.1","M1",1510,"CMC","NTWQM",2001-02-26 12:00:00,0.1,"ISM","1","Water",NA,280,"MG/L",NA,NA,NA,NA,2,NA,1,1,"S","PARTNTID",NA,NA
"1016",999,"ALLARM","ALLARM.LT10","06/27/2001","12:00:00","TDS.1","M1",1565,"CMC","NTWQM",2001-06-27 12:00:00,0.1,"ISM","1","Water",NA,260,"MG/L",NA,NA,NA,NA,2,NA,1,1,"S","PARTNTID",NA,NA
"1017",999,"ALLARM","ALLARM.LT9","11/13/2001","12:00:00","TDS.1","M1",1620,"CMC","NTWQM",2001-11-13 12:00:00,0.1,"ISM","1","Water",NA,280,"MG/L",NA,NA,NA,NA,2,NA,1,1,"S","PARTNTID",NA,NA
"1018",999,"ALLARM","ALLARM.LT8","03/26/2001","12:00:00","TDS.1","M1",1527,"CMC","NTWQM",2001-03-26 12:00:00,0.1,"ISM","1","Water",NA,300,"MG/L",NA,NA,NA,NA,2,NA,1,1,"S","PARTNTID",NA,NA
"1019",999,"ALLARM","ALLARM.LT6","07/30/2001","12:00:00","TDS.1","M1",1573,"CMC","NTWQM",2001-07-30 12:00:00,0.1,"ISM","1","Water",NA,240,"MG/L",NA,NA,NA,NA,2,NA,1,1,"S","PARTNTID",NA,NA
"1020",999,"ALLARM","ALLARM.LT4","11/13/2001","12:00:00","TDS.1","M1",1615,"CMC","NTWQM",2001-11-13 12:00:00,0.1,"ISM","1","Water",NA,270,"MG/L",NA,NA,NA,NA,2,NA,1,1,"S","PARTNTID",NA,NA
"1021",999,"ALLARM","ALLARM.LT3","03/26/2001","12:00:00","TDS.1","M1",1522,"CMC","NTWQM",2001-03-26 12:00:00,0.1,"ISM","1","Water",NA,290,"MG/L",NA,NA,NA,NA,2,NA,1,1,"S","PARTNTID",NA,NA
"1022",999,"ALLARM","ALLARM.LT10","07/30/2001","12:00:00","TDS.1","M1",1577,"CMC","NTWQM",2001-07-30 12:00:00,0.1,"ISM","1","Water",NA,320,"MG/L",NA,NA,NA,NA,2,NA,1,1,"S","PARTNTID",NA,NA
"1023",999,"ALLARM","ALLARM.LT9","12/05/2001","12:00:00","TDS.1","M1",1631,"CMC","NTWQM",2001-12-05 12:00:00,0.1,"ISM","1","Water",NA,260,"MG/L",NA,NA,NA,NA,2,NA,1,1,"S","PARTNTID",NA,NA
"1024",999,"ALLARM","ALLARM.LT8","04/30/2001","12:00:00","TDS.1","M1",1539,"CMC","NTWQM",2001-04-30 12:00:00,0.1,"ISM","1","Water",NA,240,"MG/L",NA,NA,NA,NA,2,NA,1,1,"S","PARTNTID",NA,NA
"1025",999,"ALLARM","ALLARM.LT6","08/30/2001","12:00:00","TDS.1","M1",1584,"CMC","NTWQM",2001-08-30 12:00:00,0.1,"ISM","1","Water",NA,240,"MG/L",NA,NA,NA,NA,2,NA,1,1,"S","PARTNTID",NA,NA
"1026",999,"ALLARM","ALLARM.LT4","12/05/2001","12:00:00","TDS.1","M1",1626,"CMC","NTWQM",2001-12-05 12:00:00,0.1,"ISM","1","Water",NA,220,"MG/L",NA,NA,NA,NA,2,NA,1,1,"S","PARTNTID",NA,NA
"1027",999,"ALLARM","ALLARM.LT3","04/30/2001","12:00:00","TDS.1","M1",1534,"CMC","NTWQM",2001-04-30 12:00:00,0.1,"ISM","1","Water",NA,230,"MG/L",NA,NA,NA,NA,2,NA,1,1,"S","PARTNTID",NA,NA
"1028",999,"ALLARM","ALLARM.LT10","08/30/2001","12:00:00","TDS.1","M1",1588,"CMC","NTWQM",2001-08-30 12:00:00,0.1,"ISM","1","Water",NA,270,"MG/L",NA,NA,NA,NA,2,NA,1,1,"S","PARTNTID",NA,NA
"1029",999,"ALLARM","ALLARM.MG1","02/26/2001","12:00:00","TDS.1","M1",1518,"CMC","NTWQM",2001-02-26 12:00:00,0.1,"ISM","1","Water",NA,420,"MG/L",NA,NA,NA,NA,2,NA,1,1,"S","PARTNTID",NA,NA
"1030",999,"ALLARM","ALLARM.LT8","05/30/2001","12:00:00","TDS.1","M1",1551,"CMC","NTWQM",2001-05-30 12:00:00,0.1,"ISM","1","Water",NA,280,"MG/L",NA,NA,NA,NA,2,NA,1,1,"S","PARTNTID",NA,NA
"1031",999,"ALLARM","ALLARM.MG1","05/30/2001","12:00:00","TDS.1","M1",1554,"CMC","NTWQM",2001-05-30 12:00:00,0.1,"ISM","1","Water",NA,390,"MG/L",NA,NA,NA,NA,2,NA,1,1,"S","PARTNTID",NA,NA
"1032",999,"ALLARM","ALLARM.MG2","05/30/2001","12:00:00","TDS.1","M1",1555,"CMC","NTWQM",2001-05-30 12:00:00,0.1,"ISM","1","Water",NA,400,"MG/L",NA,NA,NA,NA,2,NA,1,1,"S","PARTNTID",NA,NA
"1033",999,"ALLARM","ALLARM.MG1","03/26/2001","12:00:00","TDS.1","M1",1530,"CMC","NTWQM",2001-03-26 12:00:00,0.1,"ISM","1","Water",NA,390,"MG/L",NA,NA,NA,NA,2,NA,1,1,"S","PARTNTID",NA,NA
"1034",999,"ALLARM","ALLARM.MG2","12/05/2001","12:00:00","TDS.1","M1",1633,"CMC","NTWQM",2001-12-05 12:00:00,0.1,"ISM","1","Water",NA,220,"MG/L",NA,NA,NA,NA,2,NA,1,1,"S","PARTNTID",NA,NA
"1035",999,"ALLARM","ALLARM.MG2","03/26/2001","12:00:00","TDS.1","M1",1531,"CMC","NTWQM",2001-03-26 12:00:00,0.1,"ISM","1","Water",NA,450,"MG/L",NA,NA,NA,NA,2,NA,1,1,"S","PARTNTID",NA,NA
"1036",999,"ALLARM","ALLARM.MG2","10/17/2001","12:00:00","TDS.1","M1",1611,"CMC","NTWQM",2001-10-17 12:00:00,0.1,"ISM","1","Water",NA,250,"MG/L",NA,NA,NA,NA,2,NA,1,1,"S","PARTNTID",NA,NA
"1037",999,"ALLARM","ALLARM.MG1","06/27/2001","12:00:00","TDS.1","M1",1566,"CMC","NTWQM",2001-06-27 12:00:00,0.1,"ISM","1","Water",NA,360,"MG/L",NA,NA,NA,NA,2,NA,1,1,"S","PARTNTID",NA,NA
"1038",999,"ALLARM","ALLARM.MG1","04/30/2001","12:00:00","TDS.1","M1",1542,"CMC","NTWQM",2001-04-30 12:00:00,0.1,"ISM","1","Water",NA,330,"MG/L",NA,NA,NA,NA,2,NA,1,1,"S","PARTNTID",NA,NA
"1039",999,"ALLARM","ALLARM.MG2","06/27/2001","12:00:00","TDS.1","M1",1567,"CMC","NTWQM",2001-06-27 12:00:00,0.1,"ISM","1","Water",NA,360,"MG/L",NA,NA,NA,NA,2,NA,1,1,"S","PARTNTID",NA,NA
"1040",999,"ALLARM","ALLARM.MG2","04/30/2001","12:00:00","TDS.1","M1",1543,"CMC","NTWQM",2001-04-30 12:00:00,0.1,"ISM","1","Water",NA,400,"MG/L",NA,NA,NA,NA,2,NA,1,1,"S","PARTNTID",NA,NA
"1041",999,"ALLARM","ALLARM.MG2","07/30/2001","12:00:00","TDS.1","M1",1578,"CMC","NTWQM",2001-07-30 12:00:00,0.1,"ISM","1","Water",NA,240,"MG/L",NA,NA,NA,NA,2,NA,1,1,"S","PARTNTID",NA,NA
"1042",999,"ALLARM","ALLARM.MG2","11/13/2001","12:00:00","TDS.1","M1",1622,"CMC","NTWQM",2001-11-13 12:00:00,0.1,"ISM","1","Water",NA,240,"MG/L",NA,NA,NA,NA,2,NA,1,1,"S","PARTNTID",NA,NA
"1043",999,"ALLARM","ALLARM.MG2","02/26/2001","12:00:00","TDS.1","M1",1519,"CMC","NTWQM",2001-02-26 12:00:00,0.1,"ISM","1","Water",NA,430,"MG/L",NA,NA,NA,NA,2,NA,1,1,"S","PARTNTID",NA,NA
"1044",999,"ALLARM","ALLARM.MG2","09/18/2001","12:00:00","TDS.1","M1",1600,"CMC","NTWQM",2001-09-18 12:00:00,0.1,"ISM","1","Water",NA,250,"MG/L",NA,NA,NA,NA,2,NA,1,1,"S","PARTNTID",NA,NA
"1045",999,"ALLARM","ALLARM.MG2","08/30/2001","12:00:00","TDS.1","M1",1589,"CMC","NTWQM",2001-08-30 12:00:00,0.1,"ISM","1","Water",NA,250,"MG/L",NA,NA,NA,NA,2,NA,1,1,"S","PARTNTID",NA,NA
