"","paramMethod","SOURCE","STATION","SAMPLE_DATE","SAMPLE_TIME","paramCode","SAMPLE_ID","EventId","AGENCY","PROGRAM","DateTime","DEPTH","SAMPLE_TYPE","TIER","Matrix","QUALIFIER","VALUE","UNITS","PROBLEM","LAB","labName","detLimit","qaFlag","COMMENTS","count.x","count.y","LAYER","PROJECT","SampleAnalyticalMethodIdentifier","SubstanceIdentificationName"
"272",144,"ALLARM","ALLARM.MG2","06/27/2001","12:00:00","NO3N.4","S1",1567,"CMC","NTWQM",2001-06-27 12:00:00,0.1,"D","2","Water",NA,0.01,"MG/L",NA,"ACARL","ALLARM Community Aquatic Research Laboratory",0.1,2,NA,1,1,"S","PARTNTID","L02 ","NO23W"
"485",189,"ALLARM","ALLARM.LT6","05/30/2001","12:00:00","OP.5","S1",1549,"CMC","NTWQM",2001-05-30 12:00:00,0.1,"D","2","Water",NA,0.01,"MG/L",NA,"ACARL","ALLARM Community Aquatic Research Laboratory",0.02,2,NA,1,1,"S","PARTNTID","L02 ","PO4F"
"501",189,"ALLARM","ALLARM.LT8","06/27/2001","12:00:00","OP.5","S1",1563,"CMC","NTWQM",2001-06-27 12:00:00,0.1,"D","2","Water",NA,0.01,"MG/L",NA,"ACARL","ALLARM Community Aquatic Research Laboratory",0.02,2,NA,1,1,"S","PARTNTID","L02 ","PO4F"
"534",189,"ALLARM","ALLARM.LT2","05/30/2001","12:00:00","OP.5","S1",1545,"CMC","NTWQM",2001-05-30 12:00:00,0.1,"D","2","Water",NA,0.01,"MG/L",NA,"ACARL","ALLARM Community Aquatic Research Laboratory",0.02,2,NA,1,1,"S","PARTNTID","L02 ","PO4F"
"535",189,"ALLARM","ALLARM.LT5","03/26/2001","12:00:00","OP.5","S1",1524,"CMC","NTWQM",2001-03-26 12:00:00,0.1,"D","2","Water",NA,0.01,"MG/L",NA,"ACARL","ALLARM Community Aquatic Research Laboratory",0.02,2,NA,1,1,"S","PARTNTID","L02 ","PO4F"
"557",189,"ALLARM","ALLARM.LT4","05/30/2001","12:00:00","OP.5","S1",1547,"CMC","NTWQM",2001-05-30 12:00:00,0.1,"D","2","Water",NA,0.01,"MG/L",NA,"ACARL","ALLARM Community Aquatic Research Laboratory",0.02,2,NA,1,1,"S","PARTNTID","L02 ","PO4F"
"586",189,"ALLARM","ALLARM.LT6","06/27/2001","12:00:00","OP.5","S1",1561,"CMC","NTWQM",2001-06-27 12:00:00,0.1,"D","2","Water",NA,0.01,"MG/L",NA,"ACARL","ALLARM Community Aquatic Research Laboratory",0.02,2,NA,1,1,"S","PARTNTID","L02 ","PO4F"
"635",189,"ALLARM","ALLARM.MG2","10/17/2001","12:00:00","OP.5","S1",1611,"CMC","NTWQM",2001-10-17 12:00:00,0.1,"D","2","Water",NA,0.01,"MG/L",NA,"ACARL","ALLARM Community Aquatic Research Laboratory",0.02,2,NA,1,1,"S","PARTNTID","L02 ","PO4F"
"648",189,"ALLARM","ALLARM.LT3","12/05/2001","12:00:00","OP.5","S1",1625,"CMC","NTWQM",2001-12-05 12:00:00,0.1,"D","2","Water",NA,0.015,"MG/L",NA,"ACARL","ALLARM Community Aquatic Research Laboratory",0.02,2,NA,1,1,"S","PARTNTID","L02 ","PO4F"
