"","Code","Latitude","Longitude","NameLong","Description","Datum"
"1","ALLARM.LT1",40.17663,-77.18537,"LeTort Spring Run 6.51","LeTort Site 1","NAD83"
"2","ALLARM.LT10",40.23487,-77.14193,"LeTort Spring Run 0.04","LeTort Site 10","NAD83"
"3","ALLARM.LT2",40.17667,-77.18507,"UNT to LeTort Spring Run 0.01","LeTort Site 2","NAD83"
"4","ALLARM.LT3",40.17999,-77.18692,"LeTort Spring Run 6.24","LeTort Site 3","NAD83"
"5","ALLARM.LT4",40.18844,-77.18606,"LeTort Spring Run 5.56","LeTort Site 4","NAD83"
"6","ALLARM.LT5",40.19528,-77.18423,"LeTort Spring Run 5.05","LeTort Site 5","NAD83"
"7","ALLARM.LT6",40.20792,-77.18104,"LeTort Spring Run 4.05","LeTort Site 6","NAD83"
"8","ALLARM.LT7",40.21418,-77.16883,"LeTort Spring Run 3.05","LeTort Site 7","NAD83"
"9","ALLARM.LT8",40.21847,-77.16003,"LeTort Spring Run 2.34","LeTort Site 8","NAD83"
"10","ALLARM.LT9",40.22429,-77.14928,"LeTort Spring Run 1.53","LeTort Site 9","NAD83"
"11","ALLARM.MG1",40.19568,-77.18767,"Molly Grub 0.02","Molly Grub 1","NAD83"
"12","ALLARM.MG2",40.19608,-77.18518,"Molly Grub 0.18","Molly Grub 2","NAD83"
"13","CCWA.CONO00.1",40.270861,-76.9156,"Conodoguinet Creek 00.1","Conodoguinet Creek 00.1","NAD83"
"14","CCWA.CONO17.1",40.267855,-77.015436,"Conodoguinet Creek 17.1","Conodoguinet Creek 17.1","NAD83"
"15","CCWA.CONO48.8",40.226963,-77.332296,"Conodoguinet Creek 48.8","Conodoguinet Creek 48.8","NAD83"
"16","CCWA.CONO66.5",40.149675,-77.507219,"Conodoguinet Creek 66.5","Conodoguinet Creek 66.5","NAD83"
"17","CCWA.CONO82.9",40.09015,-77.64789,"Conodoguinet Creek 82.9","Conodoguinet Creek 82.9","NAD83"
"18","CCWA.DC00.9",40.201195,-77.417339,"Doubling Creek 00.9","Doubling Creek 00.9","NAD83"
"19","CCWA.HR00.1",40.251474,-77.022519,"Hogestown Run 00.1","Hogestown Run 00.1","NAD83"
"20","CCWA.LR00.1",40.227646,-77.20661,"Loudon's Run 00.1","Loudon's Run 00.1","NAD83"
"21","CCWA.TRND01.0",40.209576,-77.027172,"Trindle Spring 01.0","Trindle Spring 01.0","NAD83"
