"","paramMethod","SOURCE","STATION","SAMPLE_DATE","SAMPLE_TIME","paramCode","SAMPLE_ID","EventId","AGENCY","PROGRAM","DateTime","DEPTH","SAMPLE_TYPE","TIER","Matrix","QUALIFIER","VALUE","UNITS","PROBLEM","LAB","labName","detLimit","qaFlag","COMMENTS","count.x","count.y","LAYER","PROJECT","SampleAnalyticalMethodIdentifier","SubstanceIdentificationName"
"448",999,"ALLARM","ALLARM.LT6","07/01/1994","12:00:00","TDS.1","M1",773,"CMC","NTWQM",1994-07-01 12:00:00,0.1,"ISM",1,"Water",NA,315,"MG/L",NA,NA,NA,NA,2,NA,1,1,"S","PARTNTID",NA,NA
"449",999,"ALLARM","ALLARM.LT8","09/01/1994","12:00:00","TDS.1","M1",795,"CMC","NTWQM",1994-09-01 12:00:00,0.1,"ISM",1,"Water",NA,348,"MG/L",NA,NA,NA,NA,2,NA,1,1,"S","PARTNTID",NA,NA
"450",999,"ALLARM","ALLARM.LT9","06/01/1994","12:00:00","TDS.1","M1",766,"CMC","NTWQM",1994-06-01 12:00:00,0.1,"ISM",1,"Water",NA,350,"MG/L",NA,NA,NA,NA,2,NA,1,1,"S","PARTNTID",NA,NA
"451",999,"ALLARM","ALLARM.LT2","04/01/1994","12:00:00","TDS.1","M1",739,"CMC","NTWQM",1994-04-01 12:00:00,0.1,"ISM",1,"Water",NA,310,"MG/L",NA,NA,NA,NA,2,NA,1,1,"S","PARTNTID",NA,NA
"452",999,"ALLARM","ALLARM.LT1","01/01/1994","12:00:00","TDS.1","M1",718,"CMC","NTWQM",1994-01-01 12:00:00,0.1,"ISM",1,"Water",NA,380,"MG/L",NA,NA,NA,NA,2,NA,1,1,"S","PARTNTID",NA,NA
"453",999,"ALLARM","ALLARM.LT6","08/01/1994","12:00:00","TDS.1","M1",783,"CMC","NTWQM",1994-08-01 12:00:00,0.1,"ISM",1,"Water",NA,328,"MG/L",NA,NA,NA,NA,2,NA,1,1,"S","PARTNTID",NA,NA
"454",999,"ALLARM","ALLARM.LT8","10/01/1994","12:00:00","TDS.1","M1",805,"CMC","NTWQM",1994-10-01 12:00:00,0.1,"ISM",1,"Water",NA,338,"MG/L",NA,NA,NA,NA,2,NA,1,1,"S","PARTNTID",NA,NA
"455",999,"ALLARM","ALLARM.LT9","07/01/1994","12:00:00","TDS.1","M1",776,"CMC","NTWQM",1994-07-01 12:00:00,0.1,"ISM",1,"Water",NA,365,"MG/L",NA,NA,NA,NA,2,NA,1,1,"S","PARTNTID",NA,NA
"456",999,"ALLARM","ALLARM.LT1","03/01/1994","12:00:00","TDS.1","M1",728,"CMC","NTWQM",1994-03-01 12:00:00,0.1,"ISM",1,"Water",NA,385,"MG/L",NA,NA,NA,NA,2,NA,1,1,"S","PARTNTID",NA,NA
"457",999,"ALLARM","ALLARM.LT4","07/01/1994","12:00:00","TDS.1","M1",771,"CMC","NTWQM",1994-07-01 12:00:00,0.1,"ISM",1,"Water",NA,345,"MG/L",NA,NA,NA,NA,2,NA,1,1,"S","PARTNTID",NA,NA
"458",999,"ALLARM","ALLARM.LT6","09/01/1994","12:00:00","TDS.1","M1",793,"CMC","NTWQM",1994-09-01 12:00:00,0.1,"ISM",1,"Water",NA,330,"MG/L",NA,NA,NA,NA,2,NA,1,1,"S","PARTNTID",NA,NA
"459",999,"ALLARM","ALLARM.LT8","11/01/1994","12:00:00","TDS.1","M1",815,"CMC","NTWQM",1994-11-01 12:00:00,0.1,"ISM",1,"Water",NA,340,"MG/L",NA,NA,NA,NA,2,NA,1,1,"S","PARTNTID",NA,NA
"460",999,"ALLARM","ALLARM.LT9","08/01/1994","12:00:00","TDS.1","M1",786,"CMC","NTWQM",1994-08-01 12:00:00,0.1,"ISM",1,"Water",NA,358,"MG/L",NA,NA,NA,NA,2,NA,1,1,"S","PARTNTID",NA,NA
"461",999,"ALLARM","ALLARM.LT1","04/01/1994","12:00:00","TDS.1","M1",738,"CMC","NTWQM",1994-04-01 12:00:00,0.1,"ISM",1,"Water",NA,280,"MG/L",NA,NA,NA,NA,2,NA,1,1,"S","PARTNTID",NA,NA
"462",999,"ALLARM","ALLARM.LT4","08/01/1994","12:00:00","TDS.1","M1",781,"CMC","NTWQM",1994-08-01 12:00:00,0.1,"ISM",1,"Water",NA,337,"MG/L",NA,NA,NA,NA,2,NA,1,1,"S","PARTNTID",NA,NA
"463",999,"ALLARM","ALLARM.LT6","10/01/1994","12:00:00","TDS.1","M1",803,"CMC","NTWQM",1994-10-01 12:00:00,0.1,"ISM",1,"Water",NA,350,"MG/L",NA,NA,NA,NA,2,NA,1,1,"S","PARTNTID",NA,NA
"464",999,"ALLARM","ALLARM.LT8","12/01/1994","12:00:00","TDS.1","M1",825,"CMC","NTWQM",1994-12-01 12:00:00,0.1,"ISM",1,"Water",NA,375,"MG/L",NA,NA,NA,NA,2,NA,1,1,"S","PARTNTID",NA,NA
"465",999,"ALLARM","ALLARM.LT9","09/01/1994","12:00:00","TDS.1","M1",796,"CMC","NTWQM",1994-09-01 12:00:00,0.1,"ISM",1,"Water",NA,350,"MG/L",NA,NA,NA,NA,2,NA,1,1,"S","PARTNTID",NA,NA
"466",999,"ALLARM","ALLARM.LT1","05/01/1994","12:00:00","TDS.1","M1",748,"CMC","NTWQM",1994-05-01 12:00:00,0.1,"ISM",1,"Water",NA,290,"MG/L",NA,NA,NA,NA,2,NA,1,1,"S","PARTNTID",NA,NA
"467",999,"ALLARM","ALLARM.LT4","09/01/1994","12:00:00","TDS.1","M1",791,"CMC","NTWQM",1994-09-01 12:00:00,0.1,"ISM",1,"Water",NA,320,"MG/L",NA,NA,NA,NA,2,NA,1,1,"S","PARTNTID",NA,NA
"468",999,"ALLARM","ALLARM.LT6","11/01/1994","12:00:00","TDS.1","M1",813,"CMC","NTWQM",1994-11-01 12:00:00,0.1,"ISM",1,"Water",NA,320,"MG/L",NA,NA,NA,NA,2,NA,1,1,"S","PARTNTID",NA,NA
"469",999,"ALLARM","ALLARM.LT9","01/01/1994","12:00:00","TDS.1","M1",726,"CMC","NTWQM",1994-01-01 12:00:00,0.1,"ISM",1,"Water",NA,480,"MG/L",NA,NA,NA,NA,2,NA,1,1,"S","PARTNTID",NA,NA
"470",999,"ALLARM","ALLARM.LT9","10/01/1994","12:00:00","TDS.1","M1",806,"CMC","NTWQM",1994-10-01 12:00:00,0.1,"ISM",1,"Water",NA,345,"MG/L",NA,NA,NA,NA,2,NA,1,1,"S","PARTNTID",NA,NA
"471",999,"ALLARM","ALLARM.LT1","06/01/1994","12:00:00","TDS.1","M1",758,"CMC","NTWQM",1994-06-01 12:00:00,0.1,"ISM",1,"Water",NA,295,"MG/L",NA,NA,NA,NA,2,NA,1,1,"S","PARTNTID",NA,NA
"472",999,"ALLARM","ALLARM.LT4","10/01/1994","12:00:00","TDS.1","M1",801,"CMC","NTWQM",1994-10-01 12:00:00,0.1,"ISM",1,"Water",NA,325,"MG/L",NA,NA,NA,NA,2,NA,1,1,"S","PARTNTID",NA,NA
"473",999,"ALLARM","ALLARM.LT6","12/01/1994","12:00:00","TDS.1","M1",823,"CMC","NTWQM",1994-12-01 12:00:00,0.1,"ISM",1,"Water",NA,370,"MG/L",NA,NA,NA,NA,2,NA,1,1,"S","PARTNTID",NA,NA
"474",999,"ALLARM","ALLARM.LT7","09/01/1994","12:00:00","TDS.1","M1",794,"CMC","NTWQM",1994-09-01 12:00:00,0.1,"ISM",1,"Water",NA,340,"MG/L",NA,NA,NA,NA,2,NA,1,1,"S","PARTNTID",NA,NA
"475",999,"ALLARM","ALLARM.LT9","03/01/1994","12:00:00","TDS.1","M1",736,"CMC","NTWQM",1994-03-01 12:00:00,0.1,"ISM",1,"Water",NA,490,"MG/L",NA,NA,NA,NA,2,NA,1,1,"S","PARTNTID",NA,NA
"476",999,"ALLARM","ALLARM.LT1","07/01/1994","12:00:00","TDS.1","M1",768,"CMC","NTWQM",1994-07-01 12:00:00,0.1,"ISM",1,"Water",NA,299,"MG/L",NA,NA,NA,NA,2,NA,1,1,"S","PARTNTID",NA,NA
"477",999,"ALLARM","ALLARM.LT4","11/01/1994","12:00:00","TDS.1","M1",811,"CMC","NTWQM",1994-11-01 12:00:00,0.1,"ISM",1,"Water",NA,315,"MG/L",NA,NA,NA,NA,2,NA,1,1,"S","PARTNTID",NA,NA
"478",999,"ALLARM","ALLARM.LT7","01/01/1994","12:00:00","TDS.1","M1",724,"CMC","NTWQM",1994-01-01 12:00:00,0.1,"ISM",1,"Water",NA,400,"MG/L",NA,NA,NA,NA,2,NA,1,1,"S","PARTNTID",NA,NA
"479",999,"ALLARM","ALLARM.LT7","10/01/1994","12:00:00","TDS.1","M1",804,"CMC","NTWQM",1994-10-01 12:00:00,0.1,"ISM",1,"Water",NA,340,"MG/L",NA,NA,NA,NA,2,NA,1,1,"S","PARTNTID",NA,NA
"480",999,"ALLARM","ALLARM.LT9","04/01/1994","12:00:00","TDS.1","M1",746,"CMC","NTWQM",1994-04-01 12:00:00,0.1,"ISM",1,"Water",NA,340,"MG/L",NA,NA,NA,NA,2,NA,1,1,"S","PARTNTID",NA,NA
"481",999,"ALLARM","ALLARM.LT1","08/01/1994","12:00:00","TDS.1","M1",778,"CMC","NTWQM",1994-08-01 12:00:00,0.1,"ISM",1,"Water",NA,302,"MG/L",NA,NA,NA,NA,2,NA,1,1,"S","PARTNTID",NA,NA
"482",999,"ALLARM","ALLARM.LT4","12/01/1994","12:00:00","TDS.1","M1",821,"CMC","NTWQM",1994-12-01 12:00:00,0.1,"ISM",1,"Water",NA,375,"MG/L",NA,NA,NA,NA,2,NA,1,1,"S","PARTNTID",NA,NA
"483",999,"ALLARM","ALLARM.LT5","09/01/1994","12:00:00","TDS.1","M1",792,"CMC","NTWQM",1994-09-01 12:00:00,0.1,"ISM",1,"Water",NA,330,"MG/L",NA,NA,NA,NA,2,NA,1,1,"S","PARTNTID",NA,NA
"484",999,"ALLARM","ALLARM.LT7","03/01/1994","12:00:00","TDS.1","M1",734,"CMC","NTWQM",1994-03-01 12:00:00,0.1,"ISM",1,"Water",NA,410,"MG/L",NA,NA,NA,NA,2,NA,1,1,"S","PARTNTID",NA,NA
"485",999,"ALLARM","ALLARM.LT9","05/01/1994","12:00:00","TDS.1","M1",756,"CMC","NTWQM",1994-05-01 12:00:00,0.1,"ISM",1,"Water",NA,365,"MG/L",NA,NA,NA,NA,2,NA,1,1,"S","PARTNTID",NA,NA
"486",999,"ALLARM","ALLARM.LT1","09/01/1994","12:00:00","TDS.1","M1",788,"CMC","NTWQM",1994-09-01 12:00:00,0.1,"ISM",1,"Water",NA,320,"MG/L",NA,NA,NA,NA,2,NA,1,1,"S","PARTNTID",NA,NA
"487",999,"ALLARM","ALLARM.LT5","01/01/1994","12:00:00","TDS.1","M1",722,"CMC","NTWQM",1994-01-01 12:00:00,0.1,"ISM",1,"Water",NA,395,"MG/L",NA,NA,NA,NA,2,NA,1,1,"S","PARTNTID",NA,NA
"488",999,"ALLARM","ALLARM.LT5","10/01/1994","12:00:00","TDS.1","M1",802,"CMC","NTWQM",1994-10-01 12:00:00,0.1,"ISM",1,"Water",NA,335,"MG/L",NA,NA,NA,NA,2,NA,1,1,"S","PARTNTID",NA,NA
"489",999,"ALLARM","ALLARM.LT7","04/01/1994","12:00:00","TDS.1","M1",744,"CMC","NTWQM",1994-04-01 12:00:00,0.1,"ISM",1,"Water",NA,340,"MG/L",NA,NA,NA,NA,2,NA,1,1,"S","PARTNTID",NA,NA
"490",999,"ALLARM","ALLARM.LT5","05/01/1994","12:00:00","TDS.1","M1",752,"CMC","NTWQM",1994-05-01 12:00:00,0.1,"ISM",1,"Water",NA,330,"MG/L",NA,NA,NA,NA,2,NA,1,1,"S","PARTNTID",NA,NA
"491",999,"ALLARM","ALLARM.LT1","10/01/1994","12:00:00","TDS.1","M1",798,"CMC","NTWQM",1994-10-01 12:00:00,0.1,"ISM",1,"Water",NA,301,"MG/L",NA,NA,NA,NA,2,NA,1,1,"S","PARTNTID",NA,NA
"492",999,"ALLARM","ALLARM.LT10","07/01/1994","12:00:00","TDS.1","M1",777,"CMC","NTWQM",1994-07-01 12:00:00,0.1,"ISM",1,"Water",NA,355,"MG/L",NA,NA,NA,NA,2,NA,1,1,"S","PARTNTID",NA,NA
"493",999,"ALLARM","ALLARM.LT5","03/01/1994","12:00:00","TDS.1","M1",732,"CMC","NTWQM",1994-03-01 12:00:00,0.1,"ISM",1,"Water",NA,400,"MG/L",NA,NA,NA,NA,2,NA,1,1,"S","PARTNTID",NA,NA
"494",999,"ALLARM","ALLARM.LT7","05/01/1994","12:00:00","TDS.1","M1",754,"CMC","NTWQM",1994-05-01 12:00:00,0.1,"ISM",1,"Water",NA,350,"MG/L",NA,NA,NA,NA,2,NA,1,1,"S","PARTNTID",NA,NA
"495",999,"ALLARM","ALLARM.LT5","06/01/1994","12:00:00","TDS.1","M1",762,"CMC","NTWQM",1994-06-01 12:00:00,0.1,"ISM",1,"Water",NA,317,"MG/L",NA,NA,NA,NA,2,NA,1,1,"S","PARTNTID",NA,NA
"496",999,"ALLARM","ALLARM.LT1","11/01/1994","12:00:00","TDS.1","M1",808,"CMC","NTWQM",1994-11-01 12:00:00,0.1,"ISM",1,"Water",NA,290,"MG/L",NA,NA,NA,NA,2,NA,1,1,"S","PARTNTID",NA,NA
"497",999,"ALLARM","ALLARM.LT10","08/01/1994","12:00:00","TDS.1","M1",787,"CMC","NTWQM",1994-08-01 12:00:00,0.1,"ISM",1,"Water",NA,365,"MG/L",NA,NA,NA,NA,2,NA,1,1,"S","PARTNTID",NA,NA
"498",999,"ALLARM","ALLARM.LT5","04/01/1994","12:00:00","TDS.1","M1",742,"CMC","NTWQM",1994-04-01 12:00:00,0.1,"ISM",1,"Water",NA,330,"MG/L",NA,NA,NA,NA,2,NA,1,1,"S","PARTNTID",NA,NA
"499",999,"ALLARM","ALLARM.LT7","06/01/1994","12:00:00","TDS.1","M1",764,"CMC","NTWQM",1994-06-01 12:00:00,0.1,"ISM",1,"Water",NA,340,"MG/L",NA,NA,NA,NA,2,NA,1,1,"S","PARTNTID",NA,NA
"500",999,"ALLARM","ALLARM.LT8","03/01/1994","12:00:00","TDS.1","M1",735,"CMC","NTWQM",1994-03-01 12:00:00,0.1,"ISM",1,"Water",NA,430,"MG/L",NA,NA,NA,NA,2,NA,1,1,"S","PARTNTID",NA,NA
"501",999,"ALLARM","ALLARM.LT1","12/01/1994","12:00:00","TDS.1","M1",818,"CMC","NTWQM",1994-12-01 12:00:00,0.1,"ISM",1,"Water",NA,360,"MG/L",NA,NA,NA,NA,2,NA,1,1,"S","PARTNTID",NA,NA
"502",999,"ALLARM","ALLARM.LT3","03/01/1994","12:00:00","TDS.1","M1",730,"CMC","NTWQM",1994-03-01 12:00:00,0.1,"ISM",1,"Water",NA,290,"MG/L",NA,NA,NA,NA,2,NA,1,1,"S","PARTNTID",NA,NA
"503",999,"ALLARM","ALLARM.LT7","12/01/1994","12:00:00","TDS.1","M1",824,"CMC","NTWQM",1994-12-01 12:00:00,0.1,"ISM",1,"Water",NA,380,"MG/L",NA,NA,NA,NA,2,NA,1,1,"S","PARTNTID",NA,NA
"504",999,"ALLARM","ALLARM.LT7","07/01/1994","12:00:00","TDS.1","M1",774,"CMC","NTWQM",1994-07-01 12:00:00,0.1,"ISM",1,"Water",NA,320,"MG/L",NA,NA,NA,NA,2,NA,1,1,"S","PARTNTID",NA,NA
"505",999,"ALLARM","ALLARM.LT8","04/01/1994","12:00:00","TDS.1","M1",745,"CMC","NTWQM",1994-04-01 12:00:00,0.1,"ISM",1,"Water",NA,350,"MG/L",NA,NA,NA,NA,2,NA,1,1,"S","PARTNTID",NA,NA
"506",999,"ALLARM","ALLARM.LT10","01/01/1994","12:00:00","TDS.1","M1",727,"CMC","NTWQM",1994-01-01 12:00:00,0.1,"ISM",1,"Water",NA,490,"MG/L",NA,NA,NA,NA,2,NA,1,1,"S","PARTNTID",NA,NA
"507",999,"ALLARM","ALLARM.LT3","04/01/1994","12:00:00","TDS.1","M1",740,"CMC","NTWQM",1994-04-01 12:00:00,0.1,"ISM",1,"Water",NA,320,"MG/L",NA,NA,NA,NA,2,NA,1,1,"S","PARTNTID",NA,NA
"508",999,"ALLARM","ALLARM.LT8","01/01/1994","12:00:00","TDS.1","M1",725,"CMC","NTWQM",1994-01-01 12:00:00,0.1,"ISM",1,"Water",NA,420,"MG/L",NA,NA,NA,NA,2,NA,1,1,"S","PARTNTID",NA,NA
"509",999,"ALLARM","ALLARM.LT7","08/01/1994","12:00:00","TDS.1","M1",784,"CMC","NTWQM",1994-08-01 12:00:00,0.1,"ISM",1,"Water",NA,330,"MG/L",NA,NA,NA,NA,2,NA,1,1,"S","PARTNTID",NA,NA
"510",999,"ALLARM","ALLARM.LT8","05/01/1994","12:00:00","TDS.1","M1",755,"CMC","NTWQM",1994-05-01 12:00:00,0.1,"ISM",1,"Water",NA,360,"MG/L",NA,NA,NA,NA,2,NA,1,1,"S","PARTNTID",NA,NA
"511",999,"ALLARM","ALLARM.LT7","11/01/1994","12:00:00","TDS.1","M1",814,"CMC","NTWQM",1994-11-01 12:00:00,0.1,"ISM",1,"Water",NA,330,"MG/L",NA,NA,NA,NA,2,NA,1,1,"S","PARTNTID",NA,NA
"512",999,"ALLARM","ALLARM.LT10","03/01/1994","12:00:00","TDS.1","M1",737,"CMC","NTWQM",1994-03-01 12:00:00,0.1,"ISM",1,"Water",NA,495,"MG/L",NA,NA,NA,NA,2,NA,1,1,"S","PARTNTID",NA,NA
"513",999,"ALLARM","ALLARM.LT5","07/01/1994","12:00:00","TDS.1","M1",772,"CMC","NTWQM",1994-07-01 12:00:00,0.1,"ISM",1,"Water",NA,325,"MG/L",NA,NA,NA,NA,2,NA,1,1,"S","PARTNTID",NA,NA
"514",999,"ALLARM","ALLARM.LT6","04/01/1994","12:00:00","TDS.1","M1",743,"CMC","NTWQM",1994-04-01 12:00:00,0.1,"ISM",1,"Water",NA,330,"MG/L",NA,NA,NA,NA,2,NA,1,1,"S","PARTNTID",NA,NA
"515",999,"ALLARM","ALLARM.LT9","11/01/1994","12:00:00","TDS.1","M1",816,"CMC","NTWQM",1994-11-01 12:00:00,0.1,"ISM",1,"Water",NA,345,"MG/L",NA,NA,NA,NA,2,NA,1,1,"S","PARTNTID",NA,NA
"516",999,"ALLARM","ALLARM.LT10","09/01/1994","12:00:00","TDS.1","M1",797,"CMC","NTWQM",1994-09-01 12:00:00,0.1,"ISM",1,"Water",NA,360,"MG/L",NA,NA,NA,NA,2,NA,1,1,"S","PARTNTID",NA,NA
"517",999,"ALLARM","ALLARM.LT10","04/01/1994","12:00:00","TDS.1","M1",747,"CMC","NTWQM",1994-04-01 12:00:00,0.1,"ISM",1,"Water",NA,420,"MG/L",NA,NA,NA,NA,2,NA,1,1,"S","PARTNTID",NA,NA
"518",999,"ALLARM","ALLARM.LT5","08/01/1994","12:00:00","TDS.1","M1",782,"CMC","NTWQM",1994-08-01 12:00:00,0.1,"ISM",1,"Water",NA,345,"MG/L",NA,NA,NA,NA,2,NA,1,1,"S","PARTNTID",NA,NA
"519",999,"ALLARM","ALLARM.LT6","05/01/1994","12:00:00","TDS.1","M1",753,"CMC","NTWQM",1994-05-01 12:00:00,0.1,"ISM",1,"Water",NA,340,"MG/L",NA,NA,NA,NA,2,NA,1,1,"S","PARTNTID",NA,NA
"520",999,"ALLARM","ALLARM.LT9","12/01/1994","12:00:00","TDS.1","M1",826,"CMC","NTWQM",1994-12-01 12:00:00,0.1,"ISM",1,"Water",NA,380,"MG/L",NA,NA,NA,NA,2,NA,1,1,"S","PARTNTID",NA,NA
"521",999,"ALLARM","ALLARM.LT10","10/01/1994","12:00:00","TDS.1","M1",807,"CMC","NTWQM",1994-10-01 12:00:00,0.1,"ISM",1,"Water",NA,355,"MG/L",NA,NA,NA,NA,2,NA,1,1,"S","PARTNTID",NA,NA
"522",999,"ALLARM","ALLARM.LT10","05/01/1994","12:00:00","TDS.1","M1",757,"CMC","NTWQM",1994-05-01 12:00:00,0.1,"ISM",1,"Water",NA,400,"MG/L",NA,NA,NA,NA,2,NA,1,1,"S","PARTNTID",NA,NA
"523",999,"ALLARM","ALLARM.LT4","04/01/1994","12:00:00","TDS.1","M1",741,"CMC","NTWQM",1994-04-01 12:00:00,0.1,"ISM",1,"Water",NA,320,"MG/L",NA,NA,NA,NA,2,NA,1,1,"S","PARTNTID",NA,NA
"524",999,"ALLARM","ALLARM.LT2","05/01/1994","12:00:00","TDS.1","M1",749,"CMC","NTWQM",1994-05-01 12:00:00,0.1,"ISM",1,"Water",NA,315,"MG/L",NA,NA,NA,NA,2,NA,1,1,"S","PARTNTID",NA,NA
"525",999,"ALLARM","ALLARM.LT8","08/01/1994","12:00:00","TDS.1","M1",785,"CMC","NTWQM",1994-08-01 12:00:00,0.1,"ISM",1,"Water",NA,351,"MG/L",NA,NA,NA,NA,2,NA,1,1,"S","PARTNTID",NA,NA
"526",999,"ALLARM","ALLARM.LT10","11/01/1994","12:00:00","TDS.1","M1",817,"CMC","NTWQM",1994-11-01 12:00:00,0.1,"ISM",1,"Water",NA,360,"MG/L",NA,NA,NA,NA,2,NA,1,1,"S","PARTNTID",NA,NA
"527",999,"ALLARM","ALLARM.LT10","06/01/1994","12:00:00","TDS.1","M1",767,"CMC","NTWQM",1994-06-01 12:00:00,0.1,"ISM",1,"Water",NA,340,"MG/L",NA,NA,NA,NA,2,NA,1,1,"S","PARTNTID",NA,NA
"528",999,"ALLARM","ALLARM.LT4","05/01/1994","12:00:00","TDS.1","M1",751,"CMC","NTWQM",1994-05-01 12:00:00,0.1,"ISM",1,"Water",NA,340,"MG/L",NA,NA,NA,NA,2,NA,1,1,"S","PARTNTID",NA,NA
"529",999,"ALLARM","ALLARM.LT8","06/01/1994","12:00:00","TDS.1","M1",765,"CMC","NTWQM",1994-06-01 12:00:00,0.1,"ISM",1,"Water",NA,345,"MG/L",NA,NA,NA,NA,2,NA,1,1,"S","PARTNTID",NA,NA
"530",999,"ALLARM","ALLARM.LT6","01/01/1994","12:00:00","TDS.1","M1",723,"CMC","NTWQM",1994-01-01 12:00:00,0.1,"ISM",1,"Water",NA,395,"MG/L",NA,NA,NA,NA,2,NA,1,1,"S","PARTNTID",NA,NA
"531",999,"ALLARM","ALLARM.LT10","12/01/1994","12:00:00","TDS.1","M1",827,"CMC","NTWQM",1994-12-01 12:00:00,0.1,"ISM",1,"Water",NA,400,"MG/L",NA,NA,NA,NA,2,NA,1,1,"S","PARTNTID",NA,NA
"532",999,"ALLARM","ALLARM.LT2","12/01/1994","12:00:00","TDS.1","M1",819,"CMC","NTWQM",1994-12-01 12:00:00,0.1,"ISM",1,"Water",NA,370,"MG/L",NA,NA,NA,NA,2,NA,1,1,"S","PARTNTID",NA,NA
"533",999,"ALLARM","ALLARM.LT5","11/01/1994","12:00:00","TDS.1","M1",812,"CMC","NTWQM",1994-11-01 12:00:00,0.1,"ISM",1,"Water",NA,330,"MG/L",NA,NA,NA,NA,2,NA,1,1,"S","PARTNTID",NA,NA
"534",999,"ALLARM","ALLARM.LT8","07/01/1994","12:00:00","TDS.1","M1",775,"CMC","NTWQM",1994-07-01 12:00:00,0.1,"ISM",1,"Water",NA,355,"MG/L",NA,NA,NA,NA,2,NA,1,1,"S","PARTNTID",NA,NA
"535",999,"ALLARM","ALLARM.LT3","12/01/1994","12:00:00","TDS.1","M1",820,"CMC","NTWQM",1994-12-01 12:00:00,0.1,"ISM",1,"Water",NA,370,"MG/L",NA,NA,NA,NA,2,NA,1,1,"S","PARTNTID",NA,NA
"536",999,"ALLARM","ALLARM.LT6","03/01/1994","12:00:00","TDS.1","M1",733,"CMC","NTWQM",1994-03-01 12:00:00,0.1,"ISM",1,"Water",NA,390,"MG/L",NA,NA,NA,NA,2,NA,1,1,"S","PARTNTID",NA,NA
"537",999,"ALLARM","ALLARM.LT3","07/01/1994","12:00:00","TDS.1","M1",770,"CMC","NTWQM",1994-07-01 12:00:00,0.1,"ISM",1,"Water",NA,321,"MG/L",NA,NA,NA,NA,2,NA,1,1,"S","PARTNTID",NA,NA
"538",999,"ALLARM","ALLARM.LT5","12/01/1994","12:00:00","TDS.1","M1",822,"CMC","NTWQM",1994-12-01 12:00:00,0.1,"ISM",1,"Water",NA,390,"MG/L",NA,NA,NA,NA,2,NA,1,1,"S","PARTNTID",NA,NA
"539",999,"ALLARM","ALLARM.LT3","10/01/1994","12:00:00","TDS.1","M1",800,"CMC","NTWQM",1994-10-01 12:00:00,0.1,"ISM",1,"Water",NA,315,"MG/L",NA,NA,NA,NA,2,NA,1,1,"S","PARTNTID",NA,NA
"540",999,"ALLARM","ALLARM.LT3","05/01/1994","12:00:00","TDS.1","M1",750,"CMC","NTWQM",1994-05-01 12:00:00,0.1,"ISM",1,"Water",NA,330,"MG/L",NA,NA,NA,NA,2,NA,1,1,"S","PARTNTID",NA,NA
"541",999,"ALLARM","ALLARM.LT2","03/01/1994","12:00:00","TDS.1","M1",729,"CMC","NTWQM",1994-03-01 12:00:00,0.1,"ISM",1,"Water",NA,300,"MG/L",NA,NA,NA,NA,2,NA,1,1,"S","PARTNTID",NA,NA
"542",999,"ALLARM","ALLARM.LT3","08/01/1994","12:00:00","TDS.1","M1",780,"CMC","NTWQM",1994-08-01 12:00:00,0.1,"ISM",1,"Water",NA,324,"MG/L",NA,NA,NA,NA,2,NA,1,1,"S","PARTNTID",NA,NA
"543",999,"ALLARM","ALLARM.LT2","06/01/1994","12:00:00","TDS.1","M1",759,"CMC","NTWQM",1994-06-01 12:00:00,0.1,"ISM",1,"Water",NA,299,"MG/L",NA,NA,NA,NA,2,NA,1,1,"S","PARTNTID",NA,NA
"544",999,"ALLARM","ALLARM.LT3","11/01/1994","12:00:00","TDS.1","M1",810,"CMC","NTWQM",1994-11-01 12:00:00,0.1,"ISM",1,"Water",NA,300,"MG/L",NA,NA,NA,NA,2,NA,1,1,"S","PARTNTID",NA,NA
"545",999,"ALLARM","ALLARM.LT4","03/01/1994","12:00:00","TDS.1","M1",731,"CMC","NTWQM",1994-03-01 12:00:00,0.1,"ISM",1,"Water",NA,310,"MG/L",NA,NA,NA,NA,2,NA,1,1,"S","PARTNTID",NA,NA
"546",999,"ALLARM","ALLARM.LT3","06/01/1994","12:00:00","TDS.1","M1",760,"CMC","NTWQM",1994-06-01 12:00:00,0.1,"ISM",1,"Water",NA,315,"MG/L",NA,NA,NA,NA,2,NA,1,1,"S","PARTNTID",NA,NA
"547",999,"ALLARM","ALLARM.LT4","06/01/1994","12:00:00","TDS.1","M1",761,"CMC","NTWQM",1994-06-01 12:00:00,0.1,"ISM",1,"Water",NA,330,"MG/L",NA,NA,NA,NA,2,NA,1,1,"S","PARTNTID",NA,NA
"548",999,"ALLARM","ALLARM.LT2","07/01/1994","12:00:00","TDS.1","M1",769,"CMC","NTWQM",1994-07-01 12:00:00,0.1,"ISM",1,"Water",NA,303,"MG/L",NA,NA,NA,NA,2,NA,1,1,"S","PARTNTID",NA,NA
"549",999,"ALLARM","ALLARM.LT2","01/01/1994","12:00:00","TDS.1","M1",719,"CMC","NTWQM",1994-01-01 12:00:00,0.1,"ISM",1,"Water",NA,345,"MG/L",NA,NA,NA,NA,2,NA,1,1,"S","PARTNTID",NA,NA
"550",999,"ALLARM","ALLARM.LT2","10/01/1994","12:00:00","TDS.1","M1",799,"CMC","NTWQM",1994-10-01 12:00:00,0.1,"ISM",1,"Water",NA,322,"MG/L",NA,NA,NA,NA,2,NA,1,1,"S","PARTNTID",NA,NA
"551",999,"ALLARM","ALLARM.LT6","06/01/1994","12:00:00","TDS.1","M1",763,"CMC","NTWQM",1994-06-01 12:00:00,0.1,"ISM",1,"Water",NA,310,"MG/L",NA,NA,NA,NA,2,NA,1,1,"S","PARTNTID",NA,NA
"552",999,"ALLARM","ALLARM.LT3","01/01/1994","12:00:00","TDS.1","M1",720,"CMC","NTWQM",1994-01-01 12:00:00,0.1,"ISM",1,"Water",NA,280,"MG/L",NA,NA,NA,NA,2,NA,1,1,"S","PARTNTID",NA,NA
"553",999,"ALLARM","ALLARM.LT2","08/01/1994","12:00:00","TDS.1","M1",779,"CMC","NTWQM",1994-08-01 12:00:00,0.1,"ISM",1,"Water",NA,325,"MG/L",NA,NA,NA,NA,2,NA,1,1,"S","PARTNTID",NA,NA
"554",999,"ALLARM","ALLARM.LT4","01/01/1994","12:00:00","TDS.1","M1",721,"CMC","NTWQM",1994-01-01 12:00:00,0.1,"ISM",1,"Water",NA,320,"MG/L",NA,NA,NA,NA,2,NA,1,1,"S","PARTNTID",NA,NA
"555",999,"ALLARM","ALLARM.LT2","11/01/1994","12:00:00","TDS.1","M1",809,"CMC","NTWQM",1994-11-01 12:00:00,0.1,"ISM",1,"Water",NA,295,"MG/L",NA,NA,NA,NA,2,NA,1,1,"S","PARTNTID",NA,NA
"556",999,"ALLARM","ALLARM.LT3","09/01/1994","12:00:00","TDS.1","M1",790,"CMC","NTWQM",1994-09-01 12:00:00,0.1,"ISM",1,"Water",NA,330,"MG/L",NA,NA,NA,NA,2,NA,1,1,"S","PARTNTID",NA,NA
"557",999,"ALLARM","ALLARM.LT2","09/01/1994","12:00:00","TDS.1","M1",789,"CMC","NTWQM",1994-09-01 12:00:00,0.1,"ISM",1,"Water",NA,340,"MG/L",NA,NA,NA,NA,2,NA,1,1,"S","PARTNTID",NA,NA
