"","paramMethod","SOURCE","STATION","SAMPLE_DATE","SAMPLE_TIME","paramCode","SAMPLE_ID","EventId","AGENCY","PROGRAM","DateTime","DEPTH","SAMPLE_TYPE","TIER","Matrix","QUALIFIER","VALUE","UNITS","PROBLEM","LAB","labName","detLimit","qaFlag","COMMENTS","count.x","count.y","LAYER","PROJECT","SampleAnalyticalMethodIdentifier","SubstanceIdentificationName"
"453",189,"ALLARM","ALLARM.LT10","05/10/2011","12:00:00","OP.5","S1",3052,"CMC","NTWQM",2011-05-10 12:00:00,0.1,"D","2","Water",NA,0.01,"MG/L",NA,"ACARL","ALLARM Community Aquatic Research Laboratory",0.02,2,NA,1,1,"S","PARTNTID","L02 ","PO4F"
"469",189,"ALLARM","ALLARM.LT8","10/11/2011","12:00:00","OP.5","S1",3115,"CMC","NTWQM",2011-10-11 12:00:00,0.1,"D","2","Water",NA,0.01,"MG/L",NA,"ACARL","ALLARM Community Aquatic Research Laboratory",0.02,2,NA,1,1,"S","PARTNTID","L02 ","PO4F"
"474",189,"ALLARM","ALLARM.LT10","06/08/2011","12:00:00","OP.5","S1",3065,"CMC","NTWQM",2011-06-08 12:00:00,0.1,"D","2","Water",NA,0.015,"MG/L",NA,"ACARL","ALLARM Community Aquatic Research Laboratory",0.02,2,NA,1,1,"S","PARTNTID","L02 ","PO4F"
"480",189,"ALLARM","ALLARM.LT10","09/11/2011","12:00:00","OP.5","S1",3104,"CMC","NTWQM",2011-09-11 12:00:00,0.1,"D","2","Water",NA,0.01,"MG/L",NA,"ACARL","ALLARM Community Aquatic Research Laboratory",0.02,2,NA,1,1,"S","PARTNTID","L02 ","PO4F"
"483",189,"ALLARM","ALLARM.LT7","07/11/2011","12:00:00","OP.5","S1",3075,"CMC","NTWQM",2011-07-11 12:00:00,0.1,"D","2","Water",NA,0.01,"MG/L",NA,"ACARL","ALLARM Community Aquatic Research Laboratory",0.02,2,NA,1,1,"S","PARTNTID","L02 ","PO4F"
"496",189,"ALLARM","ALLARM.MG2","05/10/2011","12:00:00","OP.5","S1",3054,"CMC","NTWQM",2011-05-10 12:00:00,0.1,"D","2","Water",NA,0.01,"MG/L",NA,"ACARL","ALLARM Community Aquatic Research Laboratory",0.02,2,NA,1,1,"S","PARTNTID","L02 ","PO4F"
"504",189,"ALLARM","ALLARM.LT9","07/11/2011","12:00:00","OP.5","S1",3077,"CMC","NTWQM",2011-07-11 12:00:00,0.1,"D","2","Water",NA,0.015,"MG/L",NA,"ACARL","ALLARM Community Aquatic Research Laboratory",0.02,2,NA,1,1,"S","PARTNTID","L02 ","PO4F"
"514",189,"ALLARM","ALLARM.LT7","10/11/2011","12:00:00","OP.5","S1",3114,"CMC","NTWQM",2011-10-11 12:00:00,0.1,"D","2","Water",NA,0.01,"MG/L",NA,"ACARL","ALLARM Community Aquatic Research Laboratory",0.02,2,NA,1,1,"S","PARTNTID","L02 ","PO4F"
"522",189,"ALLARM","ALLARM.LT9","10/11/2011","12:00:00","OP.5","S1",3116,"CMC","NTWQM",2011-10-11 12:00:00,0.1,"D","2","Water",NA,0.01,"MG/L",NA,"ACARL","ALLARM Community Aquatic Research Laboratory",0.02,2,NA,1,1,"S","PARTNTID","L02 ","PO4F"
"546",189,"ALLARM","ALLARM.LT1","07/11/2011","12:00:00","OP.5","S1",3069,"CMC","NTWQM",2011-07-11 12:00:00,0.1,"D","2","Water",NA,0.01,"MG/L",NA,"ACARL","ALLARM Community Aquatic Research Laboratory",0.02,2,NA,1,1,"S","PARTNTID","L02 ","PO4F"
"549",189,"ALLARM","ALLARM.LT6","10/11/2011","12:00:00","OP.5","S1",3113,"CMC","NTWQM",2011-10-11 12:00:00,0.1,"D","2","Water",NA,0.01,"MG/L",NA,"ACARL","ALLARM Community Aquatic Research Laboratory",0.02,2,NA,1,1,"S","PARTNTID","L02 ","PO4F"
"552",189,"ALLARM","ALLARM.LT4","07/11/2011","12:00:00","OP.5","S1",3072,"CMC","NTWQM",2011-07-11 12:00:00,0.1,"D","2","Water",NA,0.015,"MG/L",NA,"ACARL","ALLARM Community Aquatic Research Laboratory",0.02,2,NA,1,1,"S","PARTNTID","L02 ","PO4F"
"560",189,"ALLARM","ALLARM.LT5","10/11/2011","12:00:00","OP.5","S1",3112,"CMC","NTWQM",2011-10-11 12:00:00,0.1,"D","2","Water",NA,0.01,"MG/L",NA,"ACARL","ALLARM Community Aquatic Research Laboratory",0.02,2,NA,1,1,"S","PARTNTID","L02 ","PO4F"
"565",189,"ALLARM","ALLARM.LT3","10/11/2011","12:00:00","OP.5","S1",3110,"CMC","NTWQM",2011-10-11 12:00:00,0.1,"D","2","Water",NA,0.01,"MG/L",NA,"ACARL","ALLARM Community Aquatic Research Laboratory",0.02,2,NA,1,1,"S","PARTNTID","L02 ","PO4F"
"581",189,"ALLARM","ALLARM.LT2","09/11/2011","12:00:00","OP.5","S1",3096,"CMC","NTWQM",2011-09-11 12:00:00,0.1,"D","2","Water",NA,0.01,"MG/L",NA,"ACARL","ALLARM Community Aquatic Research Laboratory",0.02,2,NA,1,1,"S","PARTNTID","L02 ","PO4F"
