"","paramMethod","SOURCE","STATION","SAMPLE_DATE","SAMPLE_TIME","paramCode","SAMPLE_ID","EventId","AGENCY","PROGRAM","DateTime","DEPTH","SAMPLE_TYPE","TIER","Matrix","QUALIFIER","VALUE","UNITS","PROBLEM","LAB","labName","detLimit","qaFlag","COMMENTS","count.x","count.y","LAYER","PROJECT","SampleAnalyticalMethodIdentifier","SubstanceIdentificationName"
"1042",999,"ALLARM","ALLARM.MG1","03/30/2011","12:00:00","TDS.1","M1",3027,"CMC","NTWQM",2011-03-30 12:00:00,0.1,"ISM","1","Water",NA,530,"MG/L",NA,NA,NA,NA,2,NA,1,1,"S","PARTNTID",NA,NA
"1043",999,"BCVM","BCVM.WOLCRE1.92","09/17/2011","12:00:00","TDS.1","M1",4638,"CMC","NTWQM",2011-09-17 12:00:00,0.1,"ISM","1","Water",NA,160,"MG/L",NA,NA,NA,NA,2,NA,1,1,"S","PARTNTID",NA,NA
"1044",999,"GCWD","GCWD.EASFORSINCRE12.53","06/10/2011","12:00:00","TDS.1","M1",4907,"CMC","NTWQM",2011-06-10 12:00:00,0.1,"ISM","1","Water",NA,20,"MG/L",NA,NA,NA,NA,2,NA,1,1,"S","PARTNTID",NA,NA
"1045",999,"BCVM","BCVM.WOLCRE1.92","09/23/2011","12:00:00","TDS.1","M1",4640,"CMC","NTWQM",2011-09-23 12:00:00,0.1,"ISM","1","Water",NA,160,"MG/L",NA,NA,NA,NA,2,NA,1,1,"S","PARTNTID",NA,NA
"1046",999,"ALLARM","ALLARM.LT1","01/31/2011","12:00:00","TDS.1","M1",2993,"CMC","NTWQM",2011-01-31 12:00:00,0.1,"ISM","1","Water",NA,300,"MG/L",NA,NA,NA,NA,2,NA,1,1,"S","PARTNTID",NA,NA
"1047",999,"BCVM","BCVM.WOLCRE1.92","09/24/2011","12:00:00","TDS.1","M1",4639,"CMC","NTWQM",2011-09-24 12:00:00,0.1,"ISM","1","Water",NA,140,"MG/L",NA,NA,NA,NA,2,NA,1,1,"S","PARTNTID",NA,NA
"1048",999,"ALLARM","ALLARM.MG1","04/11/2011","12:00:00","TDS.1","M1",3040,"CMC","NTWQM",2011-04-11 12:00:00,0.1,"ISM","1","Water",NA,440,"MG/L",NA,NA,NA,NA,2,NA,1,1,"S","PARTNTID",NA,NA
"1049",999,"BCVM","BCVM.WOLCRE1.92","10/07/2011","12:00:00","TDS.1","M1",4641,"CMC","NTWQM",2011-10-07 12:00:00,0.1,"ISM","1","Water",NA,150,"MG/L",NA,NA,NA,NA,2,NA,1,1,"S","PARTNTID",NA,NA
"1050",999,"GCWD","GCWD.EASFORSINCRE12.53","07/28/2011","12:00:00","TDS.1","M1",4910,"CMC","NTWQM",2011-07-28 12:00:00,0.1,"ISM","1","Water",NA,40,"MG/L",NA,NA,NA,NA,2,NA,1,1,"S","PARTNTID",NA,NA
"1051",999,"BCVM","BCVM.WOLCRE1.92","10/22/2011","12:00:00","TDS.1","M1",4642,"CMC","NTWQM",2011-10-22 12:00:00,0.1,"ISM","1","Water",NA,150,"MG/L",NA,NA,NA,NA,2,NA,1,1,"S","PARTNTID",NA,NA
"1052",999,"ALLARM","ALLARM.LT1","02/22/2011","12:00:00","TDS.1","M1",3006,"CMC","NTWQM",2011-02-22 12:00:00,0.1,"ISM","1","Water",NA,290,"MG/L",NA,NA,NA,NA,2,NA,1,1,"S","PARTNTID",NA,NA
"1053",999,"BCVM","BCVM.WOLCRE1.92","12/23/2011","12:00:00","TDS.1","M1",4643,"CMC","NTWQM",2011-12-23 12:00:00,0.1,"ISM","1","Water",NA,120,"MG/L",NA,NA,NA,NA,2,NA,1,1,"S","PARTNTID",NA,NA
"1054",999,"ALLARM","ALLARM.MG1","05/10/2011","12:00:00","TDS.1","M1",3053,"CMC","NTWQM",2011-05-10 12:00:00,0.1,"ISM","1","Water",NA,460,"MG/L",NA,NA,NA,NA,2,NA,1,1,"S","PARTNTID",NA,NA
"1055",999,"GCWD","GCWD.BIGMOORUN3.70","04/10/2011","12:00:00","TDS.1","M1",4688,"CMC","NTWQM",2011-04-10 12:00:00,0.1,"ISM","1","Water",NA,30,"MG/L",NA,NA,NA,NA,2,NA,1,1,"S","PARTNTID",NA,NA
"1056",999,"GCWD","GCWD.BIGMOORUN3.70","04/28/2011","12:00:00","TDS.1","M1",4689,"CMC","NTWQM",2011-04-28 12:00:00,0.1,"ISM","1","Water",NA,50,"MG/L",NA,NA,NA,NA,2,NA,1,1,"S","PARTNTID",NA,NA
"1057",999,"GCWD","GCWD.BIGMOORUN3.70","05/17/2011","12:00:00","TDS.1","M1",4690,"CMC","NTWQM",2011-05-17 12:00:00,0.1,"ISM","1","Water",NA,30,"MG/L",NA,NA,NA,NA,2,NA,1,1,"S","PARTNTID",NA,NA
"1058",999,"ALLARM","ALLARM.LT1","03/30/2011","12:00:00","TDS.1","M1",3017,"CMC","NTWQM",2011-03-30 12:00:00,0.1,"ISM","1","Water",NA,300,"MG/L",NA,NA,NA,NA,2,NA,1,1,"S","PARTNTID",NA,NA
"1059",999,"GCWD","GCWD.BIGMOORUN3.70","06/29/2011","12:00:00","TDS.1","M1",4692,"CMC","NTWQM",2011-06-29 12:00:00,0.1,"ISM","1","Water",NA,40,"MG/L",NA,NA,NA,NA,2,NA,1,1,"S","PARTNTID",NA,NA
"1060",999,"ALLARM","ALLARM.MG1","06/08/2011","12:00:00","TDS.1","M1",3066,"CMC","NTWQM",2011-06-08 12:00:00,0.1,"ISM","1","Water",NA,410,"MG/L",NA,NA,NA,NA,2,NA,1,1,"S","PARTNTID",NA,NA
"1061",999,"GCWD","GCWD.BIGMOORUN3.70","07/28/2011","12:00:00","TDS.1","M1",4694,"CMC","NTWQM",2011-07-28 12:00:00,0.1,"ISM","1","Water",NA,50,"MG/L",NA,NA,NA,NA,2,NA,1,1,"S","PARTNTID",NA,NA
"1062",999,"GCWD","GCWD.BIGMOORUN3.70","09/12/2011","12:00:00","TDS.1","M1",4695,"CMC","NTWQM",2011-09-12 12:00:00,0.1,"ISM","1","Water",NA,60,"MG/L",NA,NA,NA,NA,2,NA,1,1,"S","PARTNTID",NA,NA
"1063",999,"GCWD","GCWD.BIGMOORUN3.70","10/05/2011","12:00:00","TDS.1","M1",4696,"CMC","NTWQM",2011-10-05 12:00:00,0.1,"ISM","1","Water",NA,40,"MG/L",NA,NA,NA,NA,2,NA,1,1,"S","PARTNTID",NA,NA
"1064",999,"ALLARM","ALLARM.LT1","04/11/2011","12:00:00","TDS.1","M1",3030,"CMC","NTWQM",2011-04-11 12:00:00,0.1,"ISM","1","Water",NA,260,"MG/L",NA,NA,NA,NA,2,NA,1,1,"S","PARTNTID",NA,NA
"1065",999,"GCWD","GCWD.BIGMOORUN3.70","11/21/2011","12:00:00","TDS.1","M1",4698,"CMC","NTWQM",2011-11-21 12:00:00,0.1,"ISM","1","Water",NA,30,"MG/L",NA,NA,NA,NA,2,NA,1,1,"S","PARTNTID",NA,NA
"1066",999,"ALLARM","ALLARM.MG1","07/11/2011","12:00:00","TDS.1","M1",3079,"CMC","NTWQM",2011-07-11 12:00:00,0.1,"ISM","1","Water",NA,380,"MG/L",NA,NA,NA,NA,2,NA,1,1,"S","PARTNTID",NA,NA
"1067",999,"ALLARM","ALLARM.LT3","09/11/2011","12:00:00","TDS.1","M1",3097,"CMC","NTWQM",2011-09-11 12:00:00,0.1,"ISM","1","Water",NA,270,"MG/L",NA,NA,NA,NA,2,NA,1,1,"S","PARTNTID",NA,NA
"1068",999,"GCWD","GCWD.BORBRA0.39","01/06/2011","12:00:00","TDS.1","M1",4729,"CMC","NTWQM",2011-01-06 12:00:00,0.1,"ISM","1","Water",NA,40,"MG/L",NA,NA,NA,NA,2,NA,1,1,"S","PARTNTID",NA,NA
"1069",999,"ALLARM","ALLARM.LT2","01/31/2011","12:00:00","TDS.1","M1",2994,"CMC","NTWQM",2011-01-31 12:00:00,0.1,"ISM","1","Water",NA,290,"MG/L",NA,NA,NA,NA,2,NA,1,1,"S","PARTNTID",NA,NA
"1070",999,"ALLARM","ALLARM.LT1","05/10/2011","12:00:00","TDS.1","M1",3043,"CMC","NTWQM",2011-05-10 12:00:00,0.1,"ISM","1","Water",NA,270,"MG/L",NA,NA,NA,NA,2,NA,1,1,"S","PARTNTID",NA,NA
"1071",999,"BCVM","BCVM.BENCRE7.92","10/24/2011","12:00:00","TDS.1","M1",4635,"CMC","NTWQM",2011-10-24 12:00:00,0.1,"ISM","1","Water",NA,140,"MG/L",NA,NA,NA,NA,2,NA,1,1,"S","PARTNTID",NA,NA
"1072",999,"ALLARM","ALLARM.MG1","08/20/2011","12:00:00","TDS.1","M1",3092,"CMC","NTWQM",2011-08-20 12:00:00,0.1,"ISM","1","Water",NA,410,"MG/L",NA,NA,NA,NA,2,NA,1,1,"S","PARTNTID",NA,NA
"1073",999,"ALLARM","ALLARM.LT3","10/11/2011","12:00:00","TDS.1","M1",3110,"CMC","NTWQM",2011-10-11 12:00:00,0.1,"ISM","1","Water",NA,310,"MG/L",NA,NA,NA,NA,2,NA,1,1,"S","PARTNTID",NA,NA
"1074",999,"GCWD","GCWD.BORBRA0.39","04/28/2011","12:00:00","TDS.1","M1",4732,"CMC","NTWQM",2011-04-28 12:00:00,0.1,"ISM","1","Water",NA,70,"MG/L",NA,NA,NA,NA,2,NA,1,1,"S","PARTNTID",NA,NA
"1075",999,"ALLARM","ALLARM.LT2","02/22/2011","12:00:00","TDS.1","M1",3007,"CMC","NTWQM",2011-02-22 12:00:00,0.1,"ISM","1","Water",NA,260,"MG/L",NA,NA,NA,NA,2,NA,1,1,"S","PARTNTID",NA,NA
"1076",999,"ALLARM","ALLARM.LT1","06/08/2011","12:00:00","TDS.1","M1",3056,"CMC","NTWQM",2011-06-08 12:00:00,0.1,"ISM","1","Water",NA,270,"MG/L",NA,NA,NA,NA,2,NA,1,1,"S","PARTNTID",NA,NA
"1077",999,"BCVM","BCVM.BROCRE1.89","10/22/2011","12:00:00","TDS.1","M1",4648,"CMC","NTWQM",2011-10-22 12:00:00,0.1,"ISM","1","Water",NA,160,"MG/L",NA,NA,NA,NA,2,NA,1,1,"S","PARTNTID",NA,NA
"1078",999,"ALLARM","ALLARM.MG1","09/11/2011","12:00:00","TDS.1","M1",3105,"CMC","NTWQM",2011-09-11 12:00:00,0.1,"ISM","1","Water",NA,430,"MG/L",NA,NA,NA,NA,2,NA,1,1,"S","PARTNTID",NA,NA
"1079",999,"ALLARM","ALLARM.LT3","11/11/2011","12:00:00","TDS.1","M1",3123,"CMC","NTWQM",2011-11-11 12:00:00,0.1,"ISM","1","Water",NA,290,"MG/L",NA,NA,NA,NA,2,NA,1,1,"S","PARTNTID",NA,NA
"1080",999,"GCWD","GCWD.BORBRA0.39","06/29/2011","12:00:00","TDS.1","M1",4735,"CMC","NTWQM",2011-06-29 12:00:00,0.1,"ISM","1","Water",NA,50,"MG/L",NA,NA,NA,NA,2,NA,1,1,"S","PARTNTID",NA,NA
"1081",999,"ALLARM","ALLARM.LT2","03/30/2011","12:00:00","TDS.1","M1",3018,"CMC","NTWQM",2011-03-30 12:00:00,0.1,"ISM","1","Water",NA,280,"MG/L",NA,NA,NA,NA,2,NA,1,1,"S","PARTNTID",NA,NA
"1082",999,"ALLARM","ALLARM.LT1","07/11/2011","12:00:00","TDS.1","M1",3069,"CMC","NTWQM",2011-07-11 12:00:00,0.1,"ISM","1","Water",NA,200,"MG/L",NA,NA,NA,NA,2,NA,1,1,"S","PARTNTID",NA,NA
"1083",999,"ALLARM","ALLARM.MG1","10/11/2011","12:00:00","TDS.1","M1",3118,"CMC","NTWQM",2011-10-11 12:00:00,0.1,"ISM","1","Water",NA,460,"MG/L",NA,NA,NA,NA,2,NA,1,1,"S","PARTNTID",NA,NA
"1084",999,"GCWD","GCWD.BORBRA0.39","07/28/2011","12:00:00","TDS.1","M1",4737,"CMC","NTWQM",2011-07-28 12:00:00,0.1,"ISM","1","Water",NA,70,"MG/L",NA,NA,NA,NA,2,NA,1,1,"S","PARTNTID",NA,NA
"1085",999,"GCWD","GCWD.PRORUN2.55","01/06/2011","12:00:00","TDS.1","M1",5243,"CMC","NTWQM",2011-01-06 12:00:00,0.1,"ISM","1","Water",NA,30,"MG/L",NA,NA,NA,NA,2,NA,1,1,"S","PARTNTID",NA,NA
"1086",999,"GCWD","GCWD.BORBRA0.39","08/10/2011","12:00:00","TDS.1","M1",4738,"CMC","NTWQM",2011-08-10 12:00:00,0.1,"ISM","1","Water",NA,70,"MG/L",NA,NA,NA,NA,2,NA,1,1,"S","PARTNTID",NA,NA
"1087",999,"ALLARM","ALLARM.LT2","04/11/2011","12:00:00","TDS.1","M1",3031,"CMC","NTWQM",2011-04-11 12:00:00,0.1,"ISM","1","Water",NA,260,"MG/L",NA,NA,NA,NA,2,NA,1,1,"S","PARTNTID",NA,NA
"1088",999,"ALLARM","ALLARM.LT1","08/20/2011","12:00:00","TDS.1","M1",3082,"CMC","NTWQM",2011-08-20 12:00:00,0.1,"ISM","1","Water",NA,260,"MG/L",NA,NA,NA,NA,2,NA,1,1,"S","PARTNTID",NA,NA
"1089",999,"ALLARM","ALLARM.MG1","11/11/2011","12:00:00","TDS.1","M1",3131,"CMC","NTWQM",2011-11-11 12:00:00,0.1,"ISM","1","Water",NA,100,"MG/L",NA,NA,NA,NA,2,NA,1,1,"S","PARTNTID",NA,NA
"1090",999,"GCWD","GCWD.BORBRA0.39","10/05/2011","12:00:00","TDS.1","M1",4740,"CMC","NTWQM",2011-10-05 12:00:00,0.1,"ISM","1","Water",NA,40,"MG/L",NA,NA,NA,NA,2,NA,1,1,"S","PARTNTID",NA,NA
"1091",999,"GCWD","GCWD.PRORUN2.55","04/28/2011","12:00:00","TDS.1","M1",5246,"CMC","NTWQM",2011-04-28 12:00:00,0.1,"ISM","1","Water",NA,20,"MG/L",NA,NA,NA,NA,2,NA,1,1,"S","PARTNTID",NA,NA
"1092",999,"GCWD","GCWD.BORBRA0.39","11/11/2011","12:00:00","TDS.1","M1",4741,"CMC","NTWQM",2011-11-11 12:00:00,0.1,"ISM","1","Water",NA,40,"MG/L",NA,NA,NA,NA,2,NA,1,1,"S","PARTNTID",NA,NA
"1093",999,"ALLARM","ALLARM.LT2","05/10/2011","12:00:00","TDS.1","M1",3044,"CMC","NTWQM",2011-05-10 12:00:00,0.1,"ISM","1","Water",NA,270,"MG/L",NA,NA,NA,NA,2,NA,1,1,"S","PARTNTID",NA,NA
"1094",999,"ALLARM","ALLARM.LT1","09/11/2011","12:00:00","TDS.1","M1",3095,"CMC","NTWQM",2011-09-11 12:00:00,0.1,"ISM","1","Water",NA,270,"MG/L",NA,NA,NA,NA,2,NA,1,1,"S","PARTNTID",NA,NA
"1095",999,"ALLARM","ALLARM.MG1","12/16/2011","12:00:00","TDS.1","M1",3144,"CMC","NTWQM",2011-12-16 12:00:00,0.1,"ISM","1","Water",NA,310,"MG/L",NA,NA,NA,NA,2,NA,1,1,"S","PARTNTID",NA,NA
"1096",999,"GCWD","GCWD.BORBRA0.39","12/14/2011","12:00:00","TDS.1","M1",4743,"CMC","NTWQM",2011-12-14 12:00:00,0.1,"ISM","1","Water",NA,40,"MG/L",NA,NA,NA,NA,2,NA,1,1,"S","PARTNTID",NA,NA
"1097",999,"GCWD","GCWD.COWRIV34.68","10/21/2011","12:00:00","TDS.1","M1",4779,"CMC","NTWQM",2011-10-21 12:00:00,0.1,"ISM","1","Water",NA,60,"MG/L",NA,NA,NA,NA,2,NA,1,1,"S","PARTNTID",NA,NA
"1098",999,"ALLARM","ALLARM.LT9","03/30/2011","12:00:00","TDS.1","M1",3025,"CMC","NTWQM",2011-03-30 12:00:00,0.1,"ISM","1","Water",NA,330,"MG/L",NA,NA,NA,NA,2,NA,1,1,"S","PARTNTID",NA,NA
"1099",999,"GCWD","GCWD.EASFORSINCRE10.25","01/16/2011","12:00:00","TDS.1","M1",4832,"CMC","NTWQM",2011-01-16 12:00:00,0.1,"ISM","1","Water",NA,30,"MG/L",NA,NA,NA,NA,2,NA,1,1,"S","PARTNTID",NA,NA
"1100",999,"ALLARM","ALLARM.LT1","10/11/2011","12:00:00","TDS.1","M1",3108,"CMC","NTWQM",2011-10-11 12:00:00,0.1,"ISM","1","Water",NA,300,"MG/L",NA,NA,NA,NA,2,NA,1,1,"S","PARTNTID",NA,NA
"1101",999,"ALLARM","ALLARM.MG2","03/30/2011","12:00:00","TDS.1","M1",3028,"CMC","NTWQM",2011-03-30 12:00:00,0.1,"ISM","1","Water",NA,520,"MG/L",NA,NA,NA,NA,2,NA,1,1,"S","PARTNTID",NA,NA
"1102",999,"GCWD","GCWD.EASFORSINCRE10.25","02/16/2011","12:00:00","TDS.1","M1",4833,"CMC","NTWQM",2011-02-16 12:00:00,0.1,"ISM","1","Water",NA,30,"MG/L",NA,NA,NA,NA,2,NA,1,1,"S","PARTNTID",NA,NA
"1103",999,"GCWD","GCWD.EASFORSINCRE10.25","04/11/2011","12:00:00","TDS.1","M1",4834,"CMC","NTWQM",2011-04-11 12:00:00,0.1,"ISM","1","Water",NA,20,"MG/L",NA,NA,NA,NA,2,NA,1,1,"S","PARTNTID",NA,NA
"1104",999,"ALLARM","ALLARM.LT9","04/11/2011","12:00:00","TDS.1","M1",3038,"CMC","NTWQM",2011-04-11 12:00:00,0.1,"ISM","1","Water",NA,290,"MG/L",NA,NA,NA,NA,2,NA,1,1,"S","PARTNTID",NA,NA
"1105",999,"GCWD","GCWD.EASFORSINCRE10.25","04/23/2011","12:00:00","TDS.1","M1",4835,"CMC","NTWQM",2011-04-23 12:00:00,0.1,"ISM","1","Water",NA,20,"MG/L",NA,NA,NA,NA,2,NA,1,1,"S","PARTNTID",NA,NA
"1106",999,"ALLARM","ALLARM.LT1","11/11/2011","12:00:00","TDS.1","M1",3121,"CMC","NTWQM",2011-11-11 12:00:00,0.1,"ISM","1","Water",NA,300,"MG/L",NA,NA,NA,NA,2,NA,1,1,"S","PARTNTID",NA,NA
"1107",999,"ALLARM","ALLARM.MG2","04/11/2011","12:00:00","TDS.1","M1",3041,"CMC","NTWQM",2011-04-11 12:00:00,0.1,"ISM","1","Water",NA,450,"MG/L",NA,NA,NA,NA,2,NA,1,1,"S","PARTNTID",NA,NA
"1108",999,"GCWD","GCWD.EASFORSINCRE10.25","05/21/2011","12:00:00","TDS.1","M1",4836,"CMC","NTWQM",2011-05-21 12:00:00,0.1,"ISM","1","Water",NA,20,"MG/L",NA,NA,NA,NA,2,NA,1,1,"S","PARTNTID",NA,NA
"1109",999,"GCWD","GCWD.EASFORSINCRE10.25","06/10/2011","12:00:00","TDS.1","M1",4837,"CMC","NTWQM",2011-06-10 12:00:00,0.1,"ISM","1","Water",NA,20,"MG/L",NA,NA,NA,NA,2,NA,1,1,"S","PARTNTID",NA,NA
"1110",999,"ALLARM","ALLARM.LT9","05/10/2011","12:00:00","TDS.1","M1",3051,"CMC","NTWQM",2011-05-10 12:00:00,0.1,"ISM","1","Water",NA,320,"MG/L",NA,NA,NA,NA,2,NA,1,1,"S","PARTNTID",NA,NA
"1111",999,"GCWD","GCWD.EASFORSINCRE10.25","06/27/2011","12:00:00","TDS.1","M1",4838,"CMC","NTWQM",2011-06-27 12:00:00,0.1,"ISM","1","Water",NA,30,"MG/L",NA,NA,NA,NA,2,NA,1,1,"S","PARTNTID",NA,NA
"1112",999,"ALLARM","ALLARM.LT1","12/16/2011","12:00:00","TDS.1","M1",3134,"CMC","NTWQM",2011-12-16 12:00:00,0.1,"ISM","1","Water",NA,390,"MG/L",NA,NA,NA,NA,2,NA,1,1,"S","PARTNTID",NA,NA
"1113",999,"ALLARM","ALLARM.MG2","05/10/2011","12:00:00","TDS.1","M1",3054,"CMC","NTWQM",2011-05-10 12:00:00,0.1,"ISM","1","Water",NA,460,"MG/L",NA,NA,NA,NA,2,NA,1,1,"S","PARTNTID",NA,NA
"1114",999,"GCWD","GCWD.UKW006","12/31/2011","12:00:00","TDS.1","M1",5302,"CMC","NTWQM",2011-12-31 12:00:00,0.1,"ISM","1","Water",NA,10,"MG/L",NA,NA,NA,NA,2,NA,1,1,"S","PARTNTID",NA,NA
"1115",999,"GCWD","GCWD.EASFORSINCRE10.25","07/28/2011","12:00:00","TDS.1","M1",4840,"CMC","NTWQM",2011-07-28 12:00:00,0.1,"ISM","1","Water",NA,40,"MG/L",NA,NA,NA,NA,2,NA,1,1,"S","PARTNTID",NA,NA
"1116",999,"GCWD","GCWD.UNTFIRFORSINCRE0.24","02/13/2011","12:00:00","TDS.1","M1",5351,"CMC","NTWQM",2011-02-13 12:00:00,0.1,"ISM","1","Water",NA,40,"MG/L",NA,NA,NA,NA,2,NA,1,1,"S","PARTNTID",NA,NA
"1117",999,"GCWD","GCWD.EASFORSINCRE10.25","08/10/2011","12:00:00","TDS.1","M1",4841,"CMC","NTWQM",2011-08-10 12:00:00,0.1,"ISM","1","Water",NA,40,"MG/L",NA,NA,NA,NA,2,NA,1,1,"S","PARTNTID",NA,NA
"1118",999,"ALLARM","ALLARM.LT10","01/31/2011","12:00:00","TDS.1","M1",3002,"CMC","NTWQM",2011-01-31 12:00:00,0.1,"ISM","1","Water",NA,340,"MG/L",NA,NA,NA,NA,2,NA,1,1,"S","PARTNTID",NA,NA
"1119",999,"ALLARM","ALLARM.MG2","06/08/2011","12:00:00","TDS.1","M1",3067,"CMC","NTWQM",2011-06-08 12:00:00,0.1,"ISM","1","Water",NA,420,"MG/L",NA,NA,NA,NA,2,NA,1,1,"S","PARTNTID",NA,NA
"1120",999,"GCWD","GCWD.UNTFIRFORSINCRE0.24","06/12/2011","12:00:00","TDS.1","M1",5355,"CMC","NTWQM",2011-06-12 12:00:00,0.1,"ISM","1","Water",NA,30,"MG/L",NA,NA,NA,NA,2,NA,1,1,"S","PARTNTID",NA,NA
"1121",999,"GCWD","GCWD.EASFORSINCRE10.25","10/06/2011","12:00:00","TDS.1","M1",4843,"CMC","NTWQM",2011-10-06 12:00:00,0.1,"ISM","1","Water",NA,20,"MG/L",NA,NA,NA,NA,2,NA,1,1,"S","PARTNTID",NA,NA
"1122",999,"ALLARM","ALLARM.LT2","10/11/2011","12:00:00","TDS.1","M1",3109,"CMC","NTWQM",2011-10-11 12:00:00,0.1,"ISM","1","Water",NA,290,"MG/L",NA,NA,NA,NA,2,NA,1,1,"S","PARTNTID",NA,NA
"1123",999,"GCWD","GCWD.EASFORSINCRE10.25","11/14/2011","12:00:00","TDS.1","M1",4844,"CMC","NTWQM",2011-11-14 12:00:00,0.1,"ISM","1","Water",NA,20,"MG/L",NA,NA,NA,NA,2,NA,1,1,"S","PARTNTID",NA,NA
"1124",999,"ALLARM","ALLARM.LT10","02/22/2011","12:00:00","TDS.1","M1",3015,"CMC","NTWQM",2011-02-22 12:00:00,0.1,"ISM","1","Water",NA,410,"MG/L",NA,NA,NA,NA,2,NA,1,1,"S","PARTNTID",NA,NA
"1125",999,"ALLARM","ALLARM.MG2","07/11/2011","12:00:00","TDS.1","M1",3080,"CMC","NTWQM",2011-07-11 12:00:00,0.1,"ISM","1","Water",NA,360,"MG/L",NA,NA,NA,NA,2,NA,1,1,"S","PARTNTID",NA,NA
"1126",999,"GCWD","GCWD.UNTFIRFORSINCRE0.24","11/11/2011","12:00:00","TDS.1","M1",5361,"CMC","NTWQM",2011-11-11 12:00:00,0.1,"ISM","1","Water",NA,30,"MG/L",NA,NA,NA,NA,2,NA,1,1,"S","PARTNTID",NA,NA
"1127",999,"GCWD","GCWD.EASFORSINCRE11.03","01/16/2011","12:00:00","TDS.1","M1",4868,"CMC","NTWQM",2011-01-16 12:00:00,0.1,"ISM","1","Water",NA,30,"MG/L",NA,NA,NA,NA,2,NA,1,1,"S","PARTNTID",NA,NA
"1128",999,"ALLARM","ALLARM.LT2","11/11/2011","12:00:00","TDS.1","M1",3122,"CMC","NTWQM",2011-11-11 12:00:00,0.1,"ISM","1","Water",NA,270,"MG/L",NA,NA,NA,NA,2,NA,1,1,"S","PARTNTID",NA,NA
"1129",999,"GCWD","GCWD.EASFORSINCRE11.03","02/16/2011","12:00:00","TDS.1","M1",4869,"CMC","NTWQM",2011-02-16 12:00:00,0.1,"ISM","1","Water",NA,30,"MG/L",NA,NA,NA,NA,2,NA,1,1,"S","PARTNTID",NA,NA
"1130",999,"ALLARM","ALLARM.LT10","03/30/2011","12:00:00","TDS.1","M1",3026,"CMC","NTWQM",2011-03-30 12:00:00,0.1,"ISM","1","Water",NA,390,"MG/L",NA,NA,NA,NA,2,NA,1,1,"S","PARTNTID",NA,NA
"1131",999,"ALLARM","ALLARM.MG2","08/20/2011","12:00:00","TDS.1","M1",3093,"CMC","NTWQM",2011-08-20 12:00:00,0.1,"ISM","1","Water",NA,400,"MG/L",NA,NA,NA,NA,2,NA,1,1,"S","PARTNTID",NA,NA
"1132",999,"GCWD","GCWD.EASFORSINCRE11.03","04/11/2011","12:00:00","TDS.1","M1",4870,"CMC","NTWQM",2011-04-11 12:00:00,0.1,"ISM","1","Water",NA,20,"MG/L",NA,NA,NA,NA,2,NA,1,1,"S","PARTNTID",NA,NA
"1133",999,"GCWD","GCWD.EASFORSINCRE11.03","04/23/2011","12:00:00","TDS.1","M1",4871,"CMC","NTWQM",2011-04-23 12:00:00,0.1,"ISM","1","Water",NA,20,"MG/L",NA,NA,NA,NA,2,NA,1,1,"S","PARTNTID",NA,NA
"1134",999,"ALLARM","ALLARM.LT2","12/16/2011","12:00:00","TDS.1","M1",3135,"CMC","NTWQM",2011-12-16 12:00:00,0.1,"ISM","1","Water",NA,380,"MG/L",NA,NA,NA,NA,2,NA,1,1,"S","PARTNTID",NA,NA
"1135",999,"GCWD","GCWD.EASFORSINCRE11.03","05/21/2011","12:00:00","TDS.1","M1",4872,"CMC","NTWQM",2011-05-21 12:00:00,0.1,"ISM","1","Water",NA,20,"MG/L",NA,NA,NA,NA,2,NA,1,1,"S","PARTNTID",NA,NA
"1136",999,"ALLARM","ALLARM.LT10","04/11/2011","12:00:00","TDS.1","M1",3039,"CMC","NTWQM",2011-04-11 12:00:00,0.1,"ISM","1","Water",NA,300,"MG/L",NA,NA,NA,NA,2,NA,1,1,"S","PARTNTID",NA,NA
"1137",999,"ALLARM","ALLARM.MG2","09/11/2011","12:00:00","TDS.1","M1",3106,"CMC","NTWQM",2011-09-11 12:00:00,0.1,"ISM","1","Water",NA,430,"MG/L",NA,NA,NA,NA,2,NA,1,1,"S","PARTNTID",NA,NA
"1138",999,"GCWD","GCWD.EASFORSINCRE11.03","06/10/2011","12:00:00","TDS.1","M1",4873,"CMC","NTWQM",2011-06-10 12:00:00,0.1,"ISM","1","Water",NA,20,"MG/L",NA,NA,NA,NA,2,NA,1,1,"S","PARTNTID",NA,NA
"1139",999,"GCWD","GCWD.EASFORSINCRE11.03","06/27/2011","12:00:00","TDS.1","M1",4874,"CMC","NTWQM",2011-06-27 12:00:00,0.1,"ISM","1","Water",NA,30,"MG/L",NA,NA,NA,NA,2,NA,1,1,"S","PARTNTID",NA,NA
"1140",999,"ALLARM","ALLARM.LT3","01/31/2011","12:00:00","TDS.1","M1",2995,"CMC","NTWQM",2011-01-31 12:00:00,0.1,"ISM","1","Water",NA,300,"MG/L",NA,NA,NA,NA,2,NA,1,1,"S","PARTNTID",NA,NA
"1141",999,"GCWD","GCWD.EASFORSINCRE11.03","07/12/2011","12:00:00","TDS.1","M1",4875,"CMC","NTWQM",2011-07-12 12:00:00,0.1,"ISM","1","Water",NA,30,"MG/L",NA,NA,NA,NA,2,NA,1,1,"S","PARTNTID",NA,NA
"1142",999,"ALLARM","ALLARM.LT10","05/10/2011","12:00:00","TDS.1","M1",3052,"CMC","NTWQM",2011-05-10 12:00:00,0.1,"ISM","1","Water",NA,360,"MG/L",NA,NA,NA,NA,2,NA,1,1,"S","PARTNTID",NA,NA
"1143",999,"ALLARM","ALLARM.MG2","10/11/2011","12:00:00","TDS.1","M1",3119,"CMC","NTWQM",2011-10-11 12:00:00,0.1,"ISM","1","Water",NA,470,"MG/L",NA,NA,NA,NA,2,NA,1,1,"S","PARTNTID",NA,NA
"1144",999,"ALLARM","ALLARM.LT4","10/11/2011","12:00:00","TDS.1","M1",3111,"CMC","NTWQM",2011-10-11 12:00:00,0.1,"ISM","1","Water",NA,310,"MG/L",NA,NA,NA,NA,2,NA,1,1,"S","PARTNTID",NA,NA
"1145",999,"GCWD","GCWD.EASFORSINCRE11.03","08/10/2011","12:00:00","TDS.1","M1",4877,"CMC","NTWQM",2011-08-10 12:00:00,0.1,"ISM","1","Water",NA,40,"MG/L",NA,NA,NA,NA,2,NA,1,1,"S","PARTNTID",NA,NA
"1146",999,"ALLARM","ALLARM.LT3","02/22/2011","12:00:00","TDS.1","M1",3008,"CMC","NTWQM",2011-02-22 12:00:00,0.1,"ISM","1","Water",NA,290,"MG/L",NA,NA,NA,NA,2,NA,1,1,"S","PARTNTID",NA,NA
"1147",999,"GCWD","GCWD.EASFORSINCRE11.03","09/13/2011","12:00:00","TDS.1","M1",4878,"CMC","NTWQM",2011-09-13 12:00:00,0.1,"ISM","1","Water",NA,40,"MG/L",NA,NA,NA,NA,2,NA,1,1,"S","PARTNTID",NA,NA
"1148",999,"ALLARM","ALLARM.LT10","06/08/2011","12:00:00","TDS.1","M1",3065,"CMC","NTWQM",2011-06-08 12:00:00,0.1,"ISM","1","Water",NA,280,"MG/L",NA,NA,NA,NA,2,NA,1,1,"S","PARTNTID",NA,NA
"1149",999,"GCWD","GCWD.EASFORSINCRE11.03","10/06/2011","12:00:00","TDS.1","M1",4879,"CMC","NTWQM",2011-10-06 12:00:00,0.1,"ISM","1","Water",NA,20,"MG/L",NA,NA,NA,NA,2,NA,1,1,"S","PARTNTID",NA,NA
"1150",999,"ALLARM","ALLARM.LT4","11/11/2011","12:00:00","TDS.1","M1",3124,"CMC","NTWQM",2011-11-11 12:00:00,0.1,"ISM","1","Water",NA,310,"MG/L",NA,NA,NA,NA,2,NA,1,1,"S","PARTNTID",NA,NA
"1151",999,"GCWD","GCWD.EASFORSINCRE11.03","11/14/2011","12:00:00","TDS.1","M1",4880,"CMC","NTWQM",2011-11-14 12:00:00,0.1,"ISM","1","Water",NA,20,"MG/L",NA,NA,NA,NA,2,NA,1,1,"S","PARTNTID",NA,NA
"1152",999,"ALLARM","ALLARM.LT3","03/30/2011","12:00:00","TDS.1","M1",3019,"CMC","NTWQM",2011-03-30 12:00:00,0.1,"ISM","1","Water",NA,280,"MG/L",NA,NA,NA,NA,2,NA,1,1,"S","PARTNTID",NA,NA
"1153",999,"GCWD","GCWD.EASFORSINCRE11.03","11/21/2011","12:00:00","TDS.1","M1",4881,"CMC","NTWQM",2011-11-21 12:00:00,0.1,"ISM","1","Water",NA,20,"MG/L",NA,NA,NA,NA,2,NA,1,1,"S","PARTNTID",NA,NA
"1154",999,"ALLARM","ALLARM.LT10","07/11/2011","12:00:00","TDS.1","M1",3078,"CMC","NTWQM",2011-07-11 12:00:00,0.1,"ISM","1","Water",NA,260,"MG/L",NA,NA,NA,NA,2,NA,1,1,"S","PARTNTID",NA,NA
"1155",999,"GCWD","GCWD.EASFORSINCRE12.53","01/16/2011","12:00:00","TDS.1","M1",4902,"CMC","NTWQM",2011-01-16 12:00:00,0.1,"ISM","1","Water",NA,30,"MG/L",NA,NA,NA,NA,2,NA,1,1,"S","PARTNTID",NA,NA
"1156",999,"ALLARM","ALLARM.LT4","12/16/2011","12:00:00","TDS.1","M1",3137,"CMC","NTWQM",2011-12-16 12:00:00,0.1,"ISM","1","Water",NA,340,"MG/L",NA,NA,NA,NA,2,NA,1,1,"S","PARTNTID",NA,NA
"1157",999,"GCWD","GCWD.EASFORSINCRE12.53","02/16/2011","12:00:00","TDS.1","M1",4903,"CMC","NTWQM",2011-02-16 12:00:00,0.1,"ISM","1","Water",NA,30,"MG/L",NA,NA,NA,NA,2,NA,1,1,"S","PARTNTID",NA,NA
"1158",999,"ALLARM","ALLARM.LT3","04/11/2011","12:00:00","TDS.1","M1",3032,"CMC","NTWQM",2011-04-11 12:00:00,0.1,"ISM","1","Water",NA,270,"MG/L",NA,NA,NA,NA,2,NA,1,1,"S","PARTNTID",NA,NA
"1159",999,"GCWD","GCWD.EASFORSINCRE12.53","04/11/2011","12:00:00","TDS.1","M1",4904,"CMC","NTWQM",2011-04-11 12:00:00,0.1,"ISM","1","Water",NA,20,"MG/L",NA,NA,NA,NA,2,NA,1,1,"S","PARTNTID",NA,NA
"1160",999,"ALLARM","ALLARM.LT10","08/20/2011","12:00:00","TDS.1","M1",3091,"CMC","NTWQM",2011-08-20 12:00:00,0.1,"ISM","1","Water",NA,340,"MG/L",NA,NA,NA,NA,2,NA,1,1,"S","PARTNTID",NA,NA
"1161",999,"GCWD","GCWD.EASFORSINCRE12.53","04/23/2011","12:00:00","TDS.1","M1",4905,"CMC","NTWQM",2011-04-23 12:00:00,0.1,"ISM","1","Water",NA,20,"MG/L",NA,NA,NA,NA,2,NA,1,1,"S","PARTNTID",NA,NA
"1162",999,"ALLARM","ALLARM.LT5","01/31/2011","12:00:00","TDS.1","M1",2997,"CMC","NTWQM",2011-01-31 12:00:00,0.1,"ISM","1","Water",NA,280,"MG/L",NA,NA,NA,NA,2,NA,1,1,"S","PARTNTID",NA,NA
"1163",999,"GCWD","GCWD.EASFORSINCRE12.53","05/21/2011","12:00:00","TDS.1","M1",4906,"CMC","NTWQM",2011-05-21 12:00:00,0.1,"ISM","1","Water",NA,20,"MG/L",NA,NA,NA,NA,2,NA,1,1,"S","PARTNTID",NA,NA
"1164",999,"ALLARM","ALLARM.LT3","05/10/2011","12:00:00","TDS.1","M1",3045,"CMC","NTWQM",2011-05-10 12:00:00,0.1,"ISM","1","Water",NA,270,"MG/L",NA,NA,NA,NA,2,NA,1,1,"S","PARTNTID",NA,NA
"1165",999,"ALLARM","ALLARM.LT8","06/08/2011","12:00:00","TDS.1","M1",3063,"CMC","NTWQM",2011-06-08 12:00:00,0.1,"ISM","1","Water",NA,290,"MG/L",NA,NA,NA,NA,2,NA,1,1,"S","PARTNTID",NA,NA
"1166",999,"ALLARM","ALLARM.LT10","09/11/2011","12:00:00","TDS.1","M1",3104,"CMC","NTWQM",2011-09-11 12:00:00,0.1,"ISM","1","Water",NA,330,"MG/L",NA,NA,NA,NA,2,NA,1,1,"S","PARTNTID",NA,NA
"1167",999,"GCWD","GCWD.EASFORSINCRE12.53","06/27/2011","12:00:00","TDS.1","M1",4908,"CMC","NTWQM",2011-06-27 12:00:00,0.1,"ISM","1","Water",NA,30,"MG/L",NA,NA,NA,NA,2,NA,1,1,"S","PARTNTID",NA,NA
"1168",999,"ALLARM","ALLARM.LT5","02/22/2011","12:00:00","TDS.1","M1",3010,"CMC","NTWQM",2011-02-22 12:00:00,0.1,"ISM","1","Water",NA,240,"MG/L",NA,NA,NA,NA,2,NA,1,1,"S","PARTNTID",NA,NA
"1169",999,"GCWD","GCWD.EASFORSINCRE12.53","07/12/2011","12:00:00","TDS.1","M1",4909,"CMC","NTWQM",2011-07-12 12:00:00,0.1,"ISM","1","Water",NA,30,"MG/L",NA,NA,NA,NA,2,NA,1,1,"S","PARTNTID",NA,NA
"1170",999,"ALLARM","ALLARM.LT3","06/08/2011","12:00:00","TDS.1","M1",3058,"CMC","NTWQM",2011-06-08 12:00:00,0.1,"ISM","1","Water",NA,270,"MG/L",NA,NA,NA,NA,2,NA,1,1,"S","PARTNTID",NA,NA
"1171",999,"ALLARM","ALLARM.LT8","07/11/2011","12:00:00","TDS.1","M1",3076,"CMC","NTWQM",2011-07-11 12:00:00,0.1,"ISM","1","Water",NA,250,"MG/L",NA,NA,NA,NA,2,NA,1,1,"S","PARTNTID",NA,NA
"1172",999,"ALLARM","ALLARM.LT10","10/11/2011","12:00:00","TDS.1","M1",3117,"CMC","NTWQM",2011-10-11 12:00:00,0.1,"ISM","1","Water",NA,380,"MG/L",NA,NA,NA,NA,2,NA,1,1,"S","PARTNTID",NA,NA
"1173",999,"GCWD","GCWD.EASFORSINCRE12.53","08/10/2011","12:00:00","TDS.1","M1",4911,"CMC","NTWQM",2011-08-10 12:00:00,0.1,"ISM","1","Water",NA,40,"MG/L",NA,NA,NA,NA,2,NA,1,1,"S","PARTNTID",NA,NA
"1174",999,"ALLARM","ALLARM.LT5","03/30/2011","12:00:00","TDS.1","M1",3021,"CMC","NTWQM",2011-03-30 12:00:00,0.1,"ISM","1","Water",NA,310,"MG/L",NA,NA,NA,NA,2,NA,1,1,"S","PARTNTID",NA,NA
"1175",999,"GCWD","GCWD.EASFORSINCRE12.53","10/06/2011","12:00:00","TDS.1","M1",4912,"CMC","NTWQM",2011-10-06 12:00:00,0.1,"ISM","1","Water",NA,20,"MG/L",NA,NA,NA,NA,2,NA,1,1,"S","PARTNTID",NA,NA
"1176",999,"ALLARM","ALLARM.LT3","07/11/2011","12:00:00","TDS.1","M1",3071,"CMC","NTWQM",2011-07-11 12:00:00,0.1,"ISM","1","Water",NA,240,"MG/L",NA,NA,NA,NA,2,NA,1,1,"S","PARTNTID",NA,NA
"1177",999,"GCWD","GCWD.EASFORSINCRE12.53","11/14/2011","12:00:00","TDS.1","M1",4913,"CMC","NTWQM",2011-11-14 12:00:00,0.1,"ISM","1","Water",NA,20,"MG/L",NA,NA,NA,NA,2,NA,1,1,"S","PARTNTID",NA,NA
"1178",999,"ALLARM","ALLARM.LT10","11/11/2011","12:00:00","TDS.1","M1",3130,"CMC","NTWQM",2011-11-11 12:00:00,0.1,"ISM","1","Water",NA,290,"MG/L",NA,NA,NA,NA,2,NA,1,1,"S","PARTNTID",NA,NA
"1179",999,"GCWD","GCWD.EASFORSINCRE12.53","11/21/2011","12:00:00","TDS.1","M1",4914,"CMC","NTWQM",2011-11-21 12:00:00,0.1,"ISM","1","Water",NA,20,"MG/L",NA,NA,NA,NA,2,NA,1,1,"S","PARTNTID",NA,NA
"1180",999,"ALLARM","ALLARM.LT5","04/11/2011","12:00:00","TDS.1","M1",3034,"CMC","NTWQM",2011-04-11 12:00:00,0.1,"ISM","1","Water",NA,250,"MG/L",NA,NA,NA,NA,2,NA,1,1,"S","PARTNTID",NA,NA
"1181",999,"GCWD","GCWD.GENFOR10.77","10/21/2011","12:00:00","TDS.1","M1",4916,"CMC","NTWQM",2011-10-21 12:00:00,0.1,"ISM","1","Water",NA,30,"MG/L",NA,NA,NA,NA,2,NA,1,1,"S","PARTNTID",NA,NA
"1182",999,"ALLARM","ALLARM.LT3","08/20/2011","12:00:00","TDS.1","M1",3084,"CMC","NTWQM",2011-08-20 12:00:00,0.1,"ISM","1","Water",NA,250,"MG/L",NA,NA,NA,NA,2,NA,1,1,"S","PARTNTID",NA,NA
"1183",999,"GCWD","GCWD.GENFOR10.77","11/20/2011","12:00:00","TDS.1","M1",4917,"CMC","NTWQM",2011-11-20 12:00:00,0.1,"ISM","1","Water",NA,40,"MG/L",NA,NA,NA,NA,2,NA,1,1,"S","PARTNTID",NA,NA
"1184",999,"ALLARM","ALLARM.LT10","12/16/2011","12:00:00","TDS.1","M1",3143,"CMC","NTWQM",2011-12-16 12:00:00,0.1,"ISM","1","Water",NA,280,"MG/L",NA,NA,NA,NA,2,NA,1,1,"S","PARTNTID",NA,NA
"1185",999,"GCWD","GCWD.GENFOR10.77","12/13/2011","12:00:00","TDS.1","M1",4918,"CMC","NTWQM",2011-12-13 12:00:00,0.1,"ISM","1","Water",NA,40,"MG/L",NA,NA,NA,NA,2,NA,1,1,"S","PARTNTID",NA,NA
"1186",999,"ALLARM","ALLARM.LT5","05/10/2011","12:00:00","TDS.1","M1",3047,"CMC","NTWQM",2011-05-10 12:00:00,0.1,"ISM","1","Water",NA,270,"MG/L",NA,NA,NA,NA,2,NA,1,1,"S","PARTNTID",NA,NA
"1187",999,"GCWD","GCWD.LITPHORUN0.02","11/20/2011","12:00:00","TDS.1","M1",5087,"CMC","NTWQM",2011-11-20 12:00:00,0.1,"ISM","1","Water",NA,70,"MG/L",NA,NA,NA,NA,2,NA,1,1,"S","PARTNTID",NA,NA
"1188",999,"GCWD","GCWD.BIGMOORUN3.70","12/14/2011","12:00:00","TDS.1","M1",4699,"CMC","NTWQM",2011-12-14 12:00:00,0.1,"ISM","1","Water",NA,40,"MG/L",NA,NA,NA,NA,2,NA,1,1,"S","PARTNTID",NA,NA
"1189",999,"GCWD","GCWD.LITPHORUN0.02","12/13/2011","12:00:00","TDS.1","M1",5088,"CMC","NTWQM",2011-12-13 12:00:00,0.1,"ISM","1","Water",NA,70,"MG/L",NA,NA,NA,NA,2,NA,1,1,"S","PARTNTID",NA,NA
"1190",999,"GCWD","GCWD.PRORUN2.55","11/11/2011","12:00:00","TDS.1","M1",5255,"CMC","NTWQM",2011-11-11 12:00:00,0.1,"ISM","1","Water",NA,30,"MG/L",NA,NA,NA,NA,2,NA,1,1,"S","PARTNTID",NA,NA
"1191",999,"GCWD","GCWD.MARCRE0.05","10/21/2011","12:00:00","TDS.1","M1",5115,"CMC","NTWQM",2011-10-21 12:00:00,0.1,"ISM","1","Water",NA,40,"MG/L",NA,NA,NA,NA,2,NA,1,1,"S","PARTNTID",NA,NA
"1192",999,"ALLARM","ALLARM.LT5","06/08/2011","12:00:00","TDS.1","M1",3060,"CMC","NTWQM",2011-06-08 12:00:00,0.1,"ISM","1","Water",NA,210,"MG/L",NA,NA,NA,NA,2,NA,1,1,"S","PARTNTID",NA,NA
"1193",999,"GCWD","GCWD.NORBRACOWRIV0.04","10/21/2011","12:00:00","TDS.1","M1",5159,"CMC","NTWQM",2011-10-21 12:00:00,0.1,"ISM","1","Water",NA,70,"MG/L",NA,NA,NA,NA,2,NA,1,1,"S","PARTNTID",NA,NA
"1194",999,"GCWD","GCWD.BORBRA0.39","04/10/2011","12:00:00","TDS.1","M1",4731,"CMC","NTWQM",2011-04-10 12:00:00,0.1,"ISM","1","Water",NA,30,"MG/L",NA,NA,NA,NA,2,NA,1,1,"S","PARTNTID",NA,NA
"1195",999,"GCWD","GCWD.PHORUN4.36","10/21/2011","12:00:00","TDS.1","M1",5169,"CMC","NTWQM",2011-10-21 12:00:00,0.1,"ISM","1","Water",NA,40,"MG/L",NA,NA,NA,NA,2,NA,1,1,"S","PARTNTID",NA,NA
"1196",999,"BCVM","BCVM.BROCRE1.89","10/07/2011","12:00:00","TDS.1","M1",4647,"CMC","NTWQM",2011-10-07 12:00:00,0.1,"ISM","1","Water",NA,170,"MG/L",NA,NA,NA,NA,2,NA,1,1,"S","PARTNTID",NA,NA
"1197",999,"GCWD","GCWD.PHORUN4.36","11/20/2011","12:00:00","TDS.1","M1",5170,"CMC","NTWQM",2011-11-20 12:00:00,0.1,"ISM","1","Water",NA,50,"MG/L",NA,NA,NA,NA,2,NA,1,1,"S","PARTNTID",NA,NA
"1198",999,"ALLARM","ALLARM.LT5","07/11/2011","12:00:00","TDS.1","M1",3073,"CMC","NTWQM",2011-07-11 12:00:00,0.1,"ISM","1","Water",NA,210,"MG/L",NA,NA,NA,NA,2,NA,1,1,"S","PARTNTID",NA,NA
"1199",999,"GCWD","GCWD.PHORUN4.36","12/13/2011","12:00:00","TDS.1","M1",5171,"CMC","NTWQM",2011-12-13 12:00:00,0.1,"ISM","1","Water",NA,50,"MG/L",NA,NA,NA,NA,2,NA,1,1,"S","PARTNTID",NA,NA
"1200",999,"GCWD","GCWD.BORBRA0.39","06/12/2011","12:00:00","TDS.1","M1",4734,"CMC","NTWQM",2011-06-12 12:00:00,0.1,"ISM","1","Water",NA,40,"MG/L",NA,NA,NA,NA,2,NA,1,1,"S","PARTNTID",NA,NA
"1201",999,"GCWD","GCWD.PHORUN7.54","11/20/2011","12:00:00","TDS.1","M1",5196,"CMC","NTWQM",2011-11-20 12:00:00,0.1,"ISM","1","Water",NA,50,"MG/L",NA,NA,NA,NA,2,NA,1,1,"S","PARTNTID",NA,NA
"1202",999,"BCVM","BCVM.SATCRE3.02","03/25/2011","12:00:00","TDS.1","M1",4570,"CMC","NTWQM",2011-03-25 12:00:00,0.1,"ISM","1","Water",NA,100,"MG/L",NA,NA,NA,NA,2,NA,1,1,"S","PARTNTID",NA,NA
"1203",999,"GCWD","GCWD.PHORUN7.54","12/13/2011","12:00:00","TDS.1","M1",5197,"CMC","NTWQM",2011-12-13 12:00:00,0.1,"ISM","1","Water",NA,50,"MG/L",NA,NA,NA,NA,2,NA,1,1,"S","PARTNTID",NA,NA
"1204",999,"GCWD","GCWD.PHORUN7.69","10/21/2011","12:00:00","TDS.1","M1",5222,"CMC","NTWQM",2011-10-21 12:00:00,0.1,"ISM","1","Water",NA,40,"MG/L",NA,NA,NA,NA,2,NA,1,1,"S","PARTNTID",NA,NA
"1205",999,"GCWD","GCWD.BORBRA0.39","07/12/2011","12:00:00","TDS.1","M1",4736,"CMC","NTWQM",2011-07-12 12:00:00,0.1,"ISM","1","Water",NA,60,"MG/L",NA,NA,NA,NA,2,NA,1,1,"S","PARTNTID",NA,NA
"1206",999,"ALLARM","ALLARM.LT3","12/16/2011","12:00:00","TDS.1","M1",3136,"CMC","NTWQM",2011-12-16 12:00:00,0.1,"ISM","1","Water",NA,370,"MG/L",NA,NA,NA,NA,2,NA,1,1,"S","PARTNTID",NA,NA
"1207",999,"ALLARM","ALLARM.LT9","01/31/2011","12:00:00","TDS.1","M1",3001,"CMC","NTWQM",2011-01-31 12:00:00,0.1,"ISM","1","Water",NA,320,"MG/L",NA,NA,NA,NA,2,NA,1,1,"S","PARTNTID",NA,NA
"1208",999,"BCVM","BCVM.SATCRE3.02","04/13/2011","12:00:00","TDS.1","M1",4573,"CMC","NTWQM",2011-04-13 12:00:00,0.1,"ISM","1","Water",NA,60,"MG/L",NA,NA,NA,NA,2,NA,1,1,"S","PARTNTID",NA,NA
"1209",999,"ALLARM","ALLARM.LT7","05/10/2011","12:00:00","TDS.1","M1",3049,"CMC","NTWQM",2011-05-10 12:00:00,0.1,"ISM","1","Water",NA,300,"MG/L",NA,NA,NA,NA,2,NA,1,1,"S","PARTNTID",NA,NA
"1210",999,"GCWD","GCWD.PRORUN2.55","04/10/2011","12:00:00","TDS.1","M1",5245,"CMC","NTWQM",2011-04-10 12:00:00,0.1,"ISM","1","Water",NA,20,"MG/L",NA,NA,NA,NA,2,NA,1,1,"S","PARTNTID",NA,NA
"1211",999,"GCWD","GCWD.BORBRA0.39","09/12/2011","12:00:00","TDS.1","M1",4739,"CMC","NTWQM",2011-09-12 12:00:00,0.1,"ISM","1","Water",NA,70,"MG/L",NA,NA,NA,NA,2,NA,1,1,"S","PARTNTID",NA,NA
"1212",999,"ALLARM","ALLARM.LT4","01/31/2011","12:00:00","TDS.1","M1",2996,"CMC","NTWQM",2011-01-31 12:00:00,0.1,"ISM","1","Water",NA,300,"MG/L",NA,NA,NA,NA,2,NA,1,1,"S","PARTNTID",NA,NA
"1213",999,"ALLARM","ALLARM.LT9","02/22/2011","12:00:00","TDS.1","M1",3014,"CMC","NTWQM",2011-02-22 12:00:00,0.1,"ISM","1","Water",NA,350,"MG/L",NA,NA,NA,NA,2,NA,1,1,"S","PARTNTID",NA,NA
"1214",999,"BCVM","BCVM.SATCRE3.02","05/04/2011","12:00:00","TDS.1","M1",4576,"CMC","NTWQM",2011-05-04 12:00:00,0.1,"ISM","1","Water",NA,90,"MG/L",NA,NA,NA,NA,2,NA,1,1,"S","PARTNTID",NA,NA
"1215",999,"ALLARM","ALLARM.LT7","06/08/2011","12:00:00","TDS.1","M1",3062,"CMC","NTWQM",2011-06-08 12:00:00,0.1,"ISM","1","Water",NA,280,"MG/L",NA,NA,NA,NA,2,NA,1,1,"S","PARTNTID",NA,NA
"1216",999,"GCWD","GCWD.PRORUN2.55","06/12/2011","12:00:00","TDS.1","M1",5248,"CMC","NTWQM",2011-06-12 12:00:00,0.1,"ISM","1","Water",NA,30,"MG/L",NA,NA,NA,NA,2,NA,1,1,"S","PARTNTID",NA,NA
"1217",999,"GCWD","GCWD.BORBRA0.39","11/27/2011","12:00:00","TDS.1","M1",4742,"CMC","NTWQM",2011-11-27 12:00:00,0.1,"ISM","1","Water",NA,30,"MG/L",NA,NA,NA,NA,2,NA,1,1,"S","PARTNTID",NA,NA
"1218",999,"GCWD","GCWD.PRORUN2.55","06/29/2011","12:00:00","TDS.1","M1",5249,"CMC","NTWQM",2011-06-29 12:00:00,0.1,"ISM","1","Water",NA,40,"MG/L",NA,NA,NA,NA,2,NA,1,1,"S","PARTNTID",NA,NA
"1219",999,"BCVM","BCVM.SATCRE3.02","05/18/2011","12:00:00","TDS.1","M1",4578,"CMC","NTWQM",2011-05-18 12:00:00,0.1,"ISM","1","Water",NA,70,"MG/L",NA,NA,NA,NA,2,NA,1,1,"S","PARTNTID",NA,NA
"1220",999,"ALLARM","ALLARM.LT2","06/08/2011","12:00:00","TDS.1","M1",3057,"CMC","NTWQM",2011-06-08 12:00:00,0.1,"ISM","1","Water",NA,260,"MG/L",NA,NA,NA,NA,2,NA,1,1,"S","PARTNTID",NA,NA
"1221",999,"ALLARM","ALLARM.LT7","07/11/2011","12:00:00","TDS.1","M1",3075,"CMC","NTWQM",2011-07-11 12:00:00,0.1,"ISM","1","Water",NA,240,"MG/L",NA,NA,NA,NA,2,NA,1,1,"S","PARTNTID",NA,NA
"1222",999,"GCWD","GCWD.PRORUN2.55","07/28/2011","12:00:00","TDS.1","M1",5251,"CMC","NTWQM",2011-07-28 12:00:00,0.1,"ISM","1","Water",NA,40,"MG/L",NA,NA,NA,NA,2,NA,1,1,"S","PARTNTID",NA,NA
"1223",999,"GCWD","GCWD.WILBOYRUN0.49","06/10/2011","12:00:00","TDS.1","M1",5392,"CMC","NTWQM",2011-06-10 12:00:00,0.1,"ISM","1","Water",NA,20,"MG/L",NA,NA,NA,NA,2,NA,1,1,"S","PARTNTID",NA,NA
"1224",999,"GCWD","GCWD.PRORUN2.55","08/10/2011","12:00:00","TDS.1","M1",5252,"CMC","NTWQM",2011-08-10 12:00:00,0.1,"ISM","1","Water",NA,40,"MG/L",NA,NA,NA,NA,2,NA,1,1,"S","PARTNTID",NA,NA
"1225",999,"BCVM","BCVM.SATCRE3.02","06/08/2011","12:00:00","TDS.1","M1",4581,"CMC","NTWQM",2011-06-08 12:00:00,0.1,"ISM","1","Water",NA,120,"MG/L",NA,NA,NA,NA,2,NA,1,1,"S","PARTNTID",NA,NA
"1226",999,"ALLARM","ALLARM.LT2","07/11/2011","12:00:00","TDS.1","M1",3070,"CMC","NTWQM",2011-07-11 12:00:00,0.1,"ISM","1","Water",NA,210,"MG/L",NA,NA,NA,NA,2,NA,1,1,"S","PARTNTID",NA,NA
"1227",999,"ALLARM","ALLARM.LT7","08/20/2011","12:00:00","TDS.1","M1",3088,"CMC","NTWQM",2011-08-20 12:00:00,0.1,"ISM","1","Water",NA,270,"MG/L",NA,NA,NA,NA,2,NA,1,1,"S","PARTNTID",NA,NA
"1228",999,"GCWD","GCWD.PRORUN2.55","10/05/2011","12:00:00","TDS.1","M1",5254,"CMC","NTWQM",2011-10-05 12:00:00,0.1,"ISM","1","Water",NA,30,"MG/L",NA,NA,NA,NA,2,NA,1,1,"S","PARTNTID",NA,NA
"1229",999,"GCWD","GCWD.WILBOYRUN0.49","07/28/2011","12:00:00","TDS.1","M1",5395,"CMC","NTWQM",2011-07-28 12:00:00,0.1,"ISM","1","Water",NA,40,"MG/L",NA,NA,NA,NA,2,NA,1,1,"S","PARTNTID",NA,NA
"1230",999,"GCWD","GCWD.WILBOYRUN0.49","08/10/2011","12:00:00","TDS.1","M1",5396,"CMC","NTWQM",2011-08-10 12:00:00,0.1,"ISM","1","Water",NA,30,"MG/L",NA,NA,NA,NA,2,NA,1,1,"S","PARTNTID",NA,NA
"1231",999,"BCVM","BCVM.SATCRE3.02","06/29/2011","12:00:00","TDS.1","M1",4584,"CMC","NTWQM",2011-06-29 12:00:00,0.1,"ISM","1","Water",NA,130,"MG/L",NA,NA,NA,NA,2,NA,1,1,"S","PARTNTID",NA,NA
"1232",999,"ALLARM","ALLARM.LT2","08/20/2011","12:00:00","TDS.1","M1",3083,"CMC","NTWQM",2011-08-20 12:00:00,0.1,"ISM","1","Water",NA,220,"MG/L",NA,NA,NA,NA,2,NA,1,1,"S","PARTNTID",NA,NA
"1233",999,"ALLARM","ALLARM.LT7","09/11/2011","12:00:00","TDS.1","M1",3101,"CMC","NTWQM",2011-09-11 12:00:00,0.1,"ISM","1","Water",NA,300,"MG/L",NA,NA,NA,NA,2,NA,1,1,"S","PARTNTID",NA,NA
"1234",999,"GCWD","GCWD.PRORUN2.55","12/14/2011","12:00:00","TDS.1","M1",5257,"CMC","NTWQM",2011-12-14 12:00:00,0.1,"ISM","1","Water",NA,30,"MG/L",NA,NA,NA,NA,2,NA,1,1,"S","PARTNTID",NA,NA
"1235",999,"GCWD","GCWD.EASFORSINCRE10.25","07/12/2011","12:00:00","TDS.1","M1",4839,"CMC","NTWQM",2011-07-12 12:00:00,0.1,"ISM","1","Water",NA,30,"MG/L",NA,NA,NA,NA,2,NA,1,1,"S","PARTNTID",NA,NA
"1236",999,"GCWD","GCWD.UNTFIRFORSINCRE0.24","01/06/2011","12:00:00","TDS.1","M1",5350,"CMC","NTWQM",2011-01-06 12:00:00,0.1,"ISM","1","Water",NA,30,"MG/L",NA,NA,NA,NA,2,NA,1,1,"S","PARTNTID",NA,NA
"1237",999,"ALLARM","ALLARM.LT9","06/08/2011","12:00:00","TDS.1","M1",3064,"CMC","NTWQM",2011-06-08 12:00:00,0.1,"ISM","1","Water",NA,320,"MG/L",NA,NA,NA,NA,2,NA,1,1,"S","PARTNTID",NA,NA
"1238",999,"ALLARM","ALLARM.LT2","09/11/2011","12:00:00","TDS.1","M1",3096,"CMC","NTWQM",2011-09-11 12:00:00,0.1,"ISM","1","Water",NA,260,"MG/L",NA,NA,NA,NA,2,NA,1,1,"S","PARTNTID",NA,NA
"1239",999,"GCWD","GCWD.UNTFIRFORSINCRE0.24","04/28/2011","12:00:00","TDS.1","M1",5353,"CMC","NTWQM",2011-04-28 12:00:00,0.1,"ISM","1","Water",NA,50,"MG/L",NA,NA,NA,NA,2,NA,1,1,"S","PARTNTID",NA,NA
"1240",999,"GCWD","GCWD.UNTFIRFORSINCRE0.24","05/17/2011","12:00:00","TDS.1","M1",5354,"CMC","NTWQM",2011-05-17 12:00:00,0.1,"ISM","1","Water",NA,30,"MG/L",NA,NA,NA,NA,2,NA,1,1,"S","PARTNTID",NA,NA
"1241",999,"GCWD","GCWD.EASFORSINCRE10.25","09/13/2011","12:00:00","TDS.1","M1",4842,"CMC","NTWQM",2011-09-13 12:00:00,0.1,"ISM","1","Water",NA,30,"MG/L",NA,NA,NA,NA,2,NA,1,1,"S","PARTNTID",NA,NA
"1242",999,"GCWD","GCWD.UNTFIRFORSINCRE0.24","06/29/2011","12:00:00","TDS.1","M1",5356,"CMC","NTWQM",2011-06-29 12:00:00,0.1,"ISM","1","Water",NA,40,"MG/L",NA,NA,NA,NA,2,NA,1,1,"S","PARTNTID",NA,NA
"1243",999,"ALLARM","ALLARM.LT9","07/11/2011","12:00:00","TDS.1","M1",3077,"CMC","NTWQM",2011-07-11 12:00:00,0.1,"ISM","1","Water",NA,250,"MG/L",NA,NA,NA,NA,2,NA,1,1,"S","PARTNTID",NA,NA
"1244",999,"ALLARM","ALLARM.LT7","11/11/2011","12:00:00","TDS.1","M1",3127,"CMC","NTWQM",2011-11-11 12:00:00,0.1,"ISM","1","Water",NA,210,"MG/L",NA,NA,NA,NA,2,NA,1,1,"S","PARTNTID",NA,NA
"1245",999,"GCWD","GCWD.UNTFIRFORSINCRE0.24","09/12/2011","12:00:00","TDS.1","M1",5359,"CMC","NTWQM",2011-09-12 12:00:00,0.1,"ISM","1","Water",NA,50,"MG/L",NA,NA,NA,NA,2,NA,1,1,"S","PARTNTID",NA,NA
"1246",999,"GCWD","GCWD.UNTFIRFORSINCRE0.24","10/05/2011","12:00:00","TDS.1","M1",5360,"CMC","NTWQM",2011-10-05 12:00:00,0.1,"ISM","1","Water",NA,30,"MG/L",NA,NA,NA,NA,2,NA,1,1,"S","PARTNTID",NA,NA
"1247",999,"GCWD","GCWD.EASFORSINCRE10.25","12/14/2011","12:00:00","TDS.1","M1",4845,"CMC","NTWQM",2011-12-14 12:00:00,0.1,"ISM","1","Water",NA,20,"MG/L",NA,NA,NA,NA,2,NA,1,1,"S","PARTNTID",NA,NA
"1248",999,"GCWD","GCWD.UNTFIRFORSINCRE0.24","11/27/2011","12:00:00","TDS.1","M1",5362,"CMC","NTWQM",2011-11-27 12:00:00,0.1,"ISM","1","Water",NA,30,"MG/L",NA,NA,NA,NA,2,NA,1,1,"S","PARTNTID",NA,NA
"1249",999,"ALLARM","ALLARM.LT9","08/20/2011","12:00:00","TDS.1","M1",3090,"CMC","NTWQM",2011-08-20 12:00:00,0.1,"ISM","1","Water",NA,280,"MG/L",NA,NA,NA,NA,2,NA,1,1,"S","PARTNTID",NA,NA
"1250",999,"ALLARM","ALLARM.LT7","12/16/2011","12:00:00","TDS.1","M1",3140,"CMC","NTWQM",2011-12-16 12:00:00,0.1,"ISM","1","Water",NA,300,"MG/L",NA,NA,NA,NA,2,NA,1,1,"S","PARTNTID",NA,NA
"1251",999,"GCWD","GCWD.WESBRAPINCRE14.64","12/31/2011","12:00:00","TDS.1","M1",5371,"CMC","NTWQM",2011-12-31 12:00:00,0.1,"ISM","1","Water",NA,30,"MG/L",NA,NA,NA,NA,2,NA,1,1,"S","PARTNTID",NA,NA
"1252",999,"GCWD","GCWD.WILBOYRUN0.49","01/16/2011","12:00:00","TDS.1","M1",5387,"CMC","NTWQM",2011-01-16 12:00:00,0.1,"ISM","1","Water",NA,20,"MG/L",NA,NA,NA,NA,2,NA,1,1,"S","PARTNTID",NA,NA
"1253",999,"BCVM","BCVM.SATCRE3.02","09/14/2011","12:00:00","TDS.1","M1",4618,"CMC","NTWQM",2011-09-14 12:00:00,0.1,"ISM","1","Water",NA,160,"MG/L",NA,NA,NA,NA,2,NA,1,1,"S","PARTNTID",NA,NA
"1254",999,"GCWD","GCWD.WILBOYRUN0.49","02/16/2011","12:00:00","TDS.1","M1",5388,"CMC","NTWQM",2011-02-16 12:00:00,0.1,"ISM","1","Water",NA,30,"MG/L",NA,NA,NA,NA,2,NA,1,1,"S","PARTNTID",NA,NA
"1255",999,"ALLARM","ALLARM.LT9","09/11/2011","12:00:00","TDS.1","M1",3103,"CMC","NTWQM",2011-09-11 12:00:00,0.1,"ISM","1","Water",NA,320,"MG/L",NA,NA,NA,NA,2,NA,1,1,"S","PARTNTID",NA,NA
"1256",999,"ALLARM","ALLARM.LT8","01/31/2011","12:00:00","TDS.1","M1",3000,"CMC","NTWQM",2011-01-31 12:00:00,0.1,"ISM","1","Water",NA,300,"MG/L",NA,NA,NA,NA,2,NA,1,1,"S","PARTNTID",NA,NA
"1257",999,"GCWD","GCWD.WILBOYRUN0.49","04/11/2011","12:00:00","TDS.1","M1",5389,"CMC","NTWQM",2011-04-11 12:00:00,0.1,"ISM","1","Water",NA,20,"MG/L",NA,NA,NA,NA,2,NA,1,1,"S","PARTNTID",NA,NA
"1258",999,"GCWD","GCWD.WILBOYRUN0.49","04/23/2011","12:00:00","TDS.1","M1",5390,"CMC","NTWQM",2011-04-23 12:00:00,0.1,"ISM","1","Water",NA,20,"MG/L",NA,NA,NA,NA,2,NA,1,1,"S","PARTNTID",NA,NA
"1259",999,"ALLARM","ALLARM.LT4","02/22/2011","12:00:00","TDS.1","M1",3009,"CMC","NTWQM",2011-02-22 12:00:00,0.1,"ISM","1","Water",NA,290,"MG/L",NA,NA,NA,NA,2,NA,1,1,"S","PARTNTID",NA,NA
"1260",999,"GCWD","GCWD.WILBOYRUN0.49","05/21/2011","12:00:00","TDS.1","M1",5391,"CMC","NTWQM",2011-05-21 12:00:00,0.1,"ISM","1","Water",NA,20,"MG/L",NA,NA,NA,NA,2,NA,1,1,"S","PARTNTID",NA,NA
"1261",999,"ALLARM","ALLARM.LT9","10/11/2011","12:00:00","TDS.1","M1",3116,"CMC","NTWQM",2011-10-11 12:00:00,0.1,"ISM","1","Water",NA,350,"MG/L",NA,NA,NA,NA,2,NA,1,1,"S","PARTNTID",NA,NA
"1262",999,"ALLARM","ALLARM.LT8","02/22/2011","12:00:00","TDS.1","M1",3013,"CMC","NTWQM",2011-02-22 12:00:00,0.1,"ISM","1","Water",NA,320,"MG/L",NA,NA,NA,NA,2,NA,1,1,"S","PARTNTID",NA,NA
"1263",999,"GCWD","GCWD.BIGMOORUN3.70","07/12/2011","12:00:00","TDS.1","M1",4693,"CMC","NTWQM",2011-07-12 12:00:00,0.1,"ISM","1","Water",NA,50,"MG/L",NA,NA,NA,NA,2,NA,1,1,"S","PARTNTID",NA,NA
"1264",999,"GCWD","GCWD.WILBOYRUN0.49","06/27/2011","12:00:00","TDS.1","M1",5393,"CMC","NTWQM",2011-06-27 12:00:00,0.1,"ISM","1","Water",NA,30,"MG/L",NA,NA,NA,NA,2,NA,1,1,"S","PARTNTID",NA,NA
"1265",999,"GCWD","GCWD.EASFORSINCRE11.03","07/28/2011","12:00:00","TDS.1","M1",4876,"CMC","NTWQM",2011-07-28 12:00:00,0.1,"ISM","1","Water",NA,40,"MG/L",NA,NA,NA,NA,2,NA,1,1,"S","PARTNTID",NA,NA
"1266",999,"GCWD","GCWD.WILBOYRUN0.49","07/12/2011","12:00:00","TDS.1","M1",5394,"CMC","NTWQM",2011-07-12 12:00:00,0.1,"ISM","1","Water",NA,30,"MG/L",NA,NA,NA,NA,2,NA,1,1,"S","PARTNTID",NA,NA
"1267",999,"ALLARM","ALLARM.LT9","11/11/2011","12:00:00","TDS.1","M1",3129,"CMC","NTWQM",2011-11-11 12:00:00,0.1,"ISM","1","Water",NA,220,"MG/L",NA,NA,NA,NA,2,NA,1,1,"S","PARTNTID",NA,NA
"1268",999,"ALLARM","ALLARM.LT8","03/30/2011","12:00:00","TDS.1","M1",3024,"CMC","NTWQM",2011-03-30 12:00:00,0.1,"ISM","1","Water",NA,310,"MG/L",NA,NA,NA,NA,2,NA,1,1,"S","PARTNTID",NA,NA
"1269",999,"BCVM","BCVM.SATCRE3.02","06/22/2011","12:00:00","TDS.1","M1",4583,"CMC","NTWQM",2011-06-22 12:00:00,0.1,"ISM","1","Water",NA,130,"MG/L",NA,NA,NA,NA,2,NA,1,1,"S","PARTNTID",NA,NA
"1270",999,"ALLARM","ALLARM.LT8","10/11/2011","12:00:00","TDS.1","M1",3115,"CMC","NTWQM",2011-10-11 12:00:00,0.1,"ISM","1","Water",NA,340,"MG/L",NA,NA,NA,NA,2,NA,1,1,"S","PARTNTID",NA,NA
"1271",999,"ALLARM","ALLARM.MG2","11/11/2011","12:00:00","TDS.1","M1",3132,"CMC","NTWQM",2011-11-11 12:00:00,0.1,"ISM","1","Water",NA,90,"MG/L",NA,NA,NA,NA,2,NA,1,1,"S","PARTNTID",NA,NA
"1272",999,"GCWD","GCWD.WILBOYRUN0.49","09/13/2011","12:00:00","TDS.1","M1",5397,"CMC","NTWQM",2011-09-13 12:00:00,0.1,"ISM","1","Water",NA,30,"MG/L",NA,NA,NA,NA,2,NA,1,1,"S","PARTNTID",NA,NA
"1273",999,"ALLARM","ALLARM.LT9","12/16/2011","12:00:00","TDS.1","M1",3142,"CMC","NTWQM",2011-12-16 12:00:00,0.1,"ISM","1","Water",NA,290,"MG/L",NA,NA,NA,NA,2,NA,1,1,"S","PARTNTID",NA,NA
"1274",999,"ALLARM","ALLARM.LT8","04/11/2011","12:00:00","TDS.1","M1",3037,"CMC","NTWQM",2011-04-11 12:00:00,0.1,"ISM","1","Water",NA,290,"MG/L",NA,NA,NA,NA,2,NA,1,1,"S","PARTNTID",NA,NA
"1275",999,"GCWD","GCWD.WILBOYRUN0.49","10/06/2011","12:00:00","TDS.1","M1",5398,"CMC","NTWQM",2011-10-06 12:00:00,0.1,"ISM","1","Water",NA,20,"MG/L",NA,NA,NA,NA,2,NA,1,1,"S","PARTNTID",NA,NA
"1276",999,"GCWD","GCWD.WILBOYRUN0.49","11/14/2011","12:00:00","TDS.1","M1",5399,"CMC","NTWQM",2011-11-14 12:00:00,0.1,"ISM","1","Water",NA,20,"MG/L",NA,NA,NA,NA,2,NA,1,1,"S","PARTNTID",NA,NA
"1277",999,"ALLARM","ALLARM.MG2","12/16/2011","12:00:00","TDS.1","M1",3145,"CMC","NTWQM",2011-12-16 12:00:00,0.1,"ISM","1","Water",NA,320,"MG/L",NA,NA,NA,NA,2,NA,1,1,"S","PARTNTID",NA,NA
"1278",999,"GCWD","GCWD.WILBOYRUN0.49","12/14/2011","12:00:00","TDS.1","M1",5400,"CMC","NTWQM",2011-12-14 12:00:00,0.1,"ISM","1","Water",NA,20,"MG/L",NA,NA,NA,NA,2,NA,1,1,"S","PARTNTID",NA,NA
"1279",999,"ALLARM","ALLARM.MG1","02/22/2011","12:00:00","TDS.1","M1",3016,"CMC","NTWQM",2011-02-22 12:00:00,0.1,"ISM","1","Water",NA,520,"MG/L",NA,NA,NA,NA,2,NA,1,1,"S","PARTNTID",NA,NA
"1280",999,"ALLARM","ALLARM.LT8","05/10/2011","12:00:00","TDS.1","M1",3050,"CMC","NTWQM",2011-05-10 12:00:00,0.1,"ISM","1","Water",NA,300,"MG/L",NA,NA,NA,NA,2,NA,1,1,"S","PARTNTID",NA,NA
"1281",999,"BCVM","BCVM.SATCRE3.02","08/03/2011","12:00:00","TDS.1","M1",4589,"CMC","NTWQM",2011-08-03 12:00:00,0.1,"ISM","1","Water",NA,120,"MG/L",NA,NA,NA,NA,2,NA,1,1,"S","PARTNTID",NA,NA
"1282",999,"BCVM","BCVM.TUTCRE2.03","12/23/2011","12:00:00","TDS.1","M1",4650,"CMC","NTWQM",2011-12-23 12:00:00,0.1,"ISM","1","Water",NA,130,"MG/L",NA,NA,NA,NA,2,NA,1,1,"S","PARTNTID",NA,NA
"1283",999,"ALLARM","ALLARM.WL","03/30/2011","12:00:00","TDS.1","M1",3029,"CMC","NTWQM",2011-03-30 12:00:00,0.1,"ISM","1","Water",NA,450,"MG/L",NA,NA,NA,NA,2,NA,1,1,"S","PARTNTID",NA,NA
"1284",999,"BCVM","BCVM.WOLCRE1.92","09/09/2011","12:00:00","TDS.1","M1",4637,"CMC","NTWQM",2011-09-09 12:00:00,0.1,"ISM","1","Water",NA,160,"MG/L",NA,NA,NA,NA,2,NA,1,1,"S","PARTNTID",NA,NA
"1285",999,"BCVM","BCVM.SATCRE3.02","03/30/2011","12:00:00","TDS.1","M1",4571,"CMC","NTWQM",2011-03-30 12:00:00,0.1,"ISM","1","Water",NA,80,"MG/L",NA,NA,NA,NA,2,NA,1,1,"S","PARTNTID",NA,NA
"1286",999,"GCWD","GCWD.UNTFIRFORSINCRE0.24","07/28/2011","12:00:00","TDS.1","M1",5358,"CMC","NTWQM",2011-07-28 12:00:00,0.1,"ISM","1","Water",NA,50,"MG/L",NA,NA,NA,NA,2,NA,1,1,"S","PARTNTID",NA,NA
"1287",999,"BCVM","BCVM.SATCRE3.02","08/24/2011","12:00:00","TDS.1","M1",4592,"CMC","NTWQM",2011-08-24 12:00:00,0.1,"ISM","1","Water",NA,140,"MG/L",NA,NA,NA,NA,2,NA,1,1,"S","PARTNTID",NA,NA
"1288",999,"ALLARM","ALLARM.LT6","10/11/2011","12:00:00","TDS.1","M1",3113,"CMC","NTWQM",2011-10-11 12:00:00,0.1,"ISM","1","Water",NA,310,"MG/L",NA,NA,NA,NA,2,NA,1,1,"S","PARTNTID",NA,NA
"1289",999,"ALLARM","ALLARM.WL","04/11/2011","12:00:00","TDS.1","M1",3042,"CMC","NTWQM",2011-04-11 12:00:00,0.1,"ISM","1","Water",NA,440,"MG/L",NA,NA,NA,NA,2,NA,1,1,"S","PARTNTID",NA,NA
"1290",999,"BCVM","BCVM.SATCRE3.02","08/31/2011","12:00:00","TDS.1","M1",4593,"CMC","NTWQM",2011-08-31 12:00:00,0.1,"ISM","1","Water",NA,150,"MG/L",NA,NA,NA,NA,2,NA,1,1,"S","PARTNTID",NA,NA
"1291",999,"BCVM","BCVM.SATCRE3.02","04/20/2011","12:00:00","TDS.1","M1",4574,"CMC","NTWQM",2011-04-20 12:00:00,0.1,"ISM","1","Water",NA,50,"MG/L",NA,NA,NA,NA,2,NA,1,1,"S","PARTNTID",NA,NA
"1292",999,"GCWD","GCWD.PRORUN2.55","02/13/2011","12:00:00","TDS.1","M1",5244,"CMC","NTWQM",2011-02-13 12:00:00,0.1,"ISM","1","Water",NA,30,"MG/L",NA,NA,NA,NA,2,NA,1,1,"S","PARTNTID",NA,NA
"1293",999,"ALLARM","ALLARM.WL","11/11/2011","12:00:00","TDS.1","M1",3133,"CMC","NTWQM",2011-11-11 12:00:00,0.1,"ISM","1","Water",NA,90,"MG/L",NA,NA,NA,NA,2,NA,1,1,"S","PARTNTID",NA,NA
"1294",999,"ALLARM","ALLARM.LT6","11/11/2011","12:00:00","TDS.1","M1",3126,"CMC","NTWQM",2011-11-11 12:00:00,0.1,"ISM","1","Water",NA,220,"MG/L",NA,NA,NA,NA,2,NA,1,1,"S","PARTNTID",NA,NA
"1295",999,"ALLARM","ALLARM.WL","05/10/2011","12:00:00","TDS.1","M1",3055,"CMC","NTWQM",2011-05-10 12:00:00,0.1,"ISM","1","Water",NA,410,"MG/L",NA,NA,NA,NA,2,NA,1,1,"S","PARTNTID",NA,NA
"1296",999,"BCVM","BCVM.SATCRE3.02","09/21/2011","12:00:00","TDS.1","M1",4619,"CMC","NTWQM",2011-09-21 12:00:00,0.1,"ISM","1","Water",NA,170,"MG/L",NA,NA,NA,NA,2,NA,1,1,"S","PARTNTID",NA,NA
"1297",999,"BCVM","BCVM.SATCRE3.02","05/11/2011","12:00:00","TDS.1","M1",4577,"CMC","NTWQM",2011-05-11 12:00:00,0.1,"ISM","1","Water",NA,100,"MG/L",NA,NA,NA,NA,2,NA,1,1,"S","PARTNTID",NA,NA
"1298",999,"ALLARM","ALLARM.LT8","08/20/2011","12:00:00","TDS.1","M1",3089,"CMC","NTWQM",2011-08-20 12:00:00,0.1,"ISM","1","Water",NA,270,"MG/L",NA,NA,NA,NA,2,NA,1,1,"S","PARTNTID",NA,NA
"1299",999,"BCVM","BCVM.SATCRE3.02","10/05/2011","12:00:00","TDS.1","M1",4621,"CMC","NTWQM",2011-10-05 12:00:00,0.1,"ISM","1","Water",NA,140,"MG/L",NA,NA,NA,NA,2,NA,1,1,"S","PARTNTID",NA,NA
"1300",999,"ALLARM","ALLARM.LT6","12/16/2011","12:00:00","TDS.1","M1",3139,"CMC","NTWQM",2011-12-16 12:00:00,0.1,"ISM","1","Water",NA,300,"MG/L",NA,NA,NA,NA,2,NA,1,1,"S","PARTNTID",NA,NA
"1301",999,"ALLARM","ALLARM.WL","06/08/2011","12:00:00","TDS.1","M1",3068,"CMC","NTWQM",2011-06-08 12:00:00,0.1,"ISM","1","Water",NA,420,"MG/L",NA,NA,NA,NA,2,NA,1,1,"S","PARTNTID",NA,NA
"1302",999,"GCWD","GCWD.BIGMOORUN3.70","06/12/2011","12:00:00","TDS.1","M1",4691,"CMC","NTWQM",2011-06-12 12:00:00,0.1,"ISM","1","Water",NA,40,"MG/L",NA,NA,NA,NA,2,NA,1,1,"S","PARTNTID",NA,NA
"1303",999,"BCVM","BCVM.SATCRE3.02","06/01/2011","12:00:00","TDS.1","M1",4580,"CMC","NTWQM",2011-06-01 12:00:00,0.1,"ISM","1","Water",NA,100,"MG/L",NA,NA,NA,NA,2,NA,1,1,"S","PARTNTID",NA,NA
"1304",999,"ALLARM","ALLARM.LT8","09/11/2011","12:00:00","TDS.1","M1",3102,"CMC","NTWQM",2011-09-11 12:00:00,0.1,"ISM","1","Water",NA,290,"MG/L",NA,NA,NA,NA,2,NA,1,1,"S","PARTNTID",NA,NA
"1305",999,"ALLARM","ALLARM.LT4","03/30/2011","12:00:00","TDS.1","M1",3020,"CMC","NTWQM",2011-03-30 12:00:00,0.1,"ISM","1","Water",NA,320,"MG/L",NA,NA,NA,NA,2,NA,1,1,"S","PARTNTID",NA,NA
"1306",999,"ALLARM","ALLARM.LT7","01/31/2011","12:00:00","TDS.1","M1",2999,"CMC","NTWQM",2011-01-31 12:00:00,0.1,"ISM","1","Water",NA,300,"MG/L",NA,NA,NA,NA,2,NA,1,1,"S","PARTNTID",NA,NA
"1307",999,"ALLARM","ALLARM.WL","07/11/2011","12:00:00","TDS.1","M1",3081,"CMC","NTWQM",2011-07-11 12:00:00,0.1,"ISM","1","Water",NA,370,"MG/L",NA,NA,NA,NA,2,NA,1,1,"S","PARTNTID",NA,NA
"1308",999,"GCWD","GCWD.BIGMOORUN3.70","11/11/2011","12:00:00","TDS.1","M1",4697,"CMC","NTWQM",2011-11-11 12:00:00,0.1,"ISM","1","Water",NA,40,"MG/L",NA,NA,NA,NA,2,NA,1,1,"S","PARTNTID",NA,NA
"1309",999,"BCVM","BCVM.SATCRE3.02","11/23/2011","12:00:00","TDS.1","M1",4628,"CMC","NTWQM",2011-11-23 12:00:00,0.1,"ISM","1","Water",NA,120,"MG/L",NA,NA,NA,NA,2,NA,1,1,"S","PARTNTID",NA,NA
"1310",999,"ALLARM","ALLARM.LT5","12/16/2011","12:00:00","TDS.1","M1",3138,"CMC","NTWQM",2011-12-16 12:00:00,0.1,"ISM","1","Water",NA,300,"MG/L",NA,NA,NA,NA,2,NA,1,1,"S","PARTNTID",NA,NA
"1311",999,"ALLARM","ALLARM.LT4","04/11/2011","12:00:00","TDS.1","M1",3033,"CMC","NTWQM",2011-04-11 12:00:00,0.1,"ISM","1","Water",NA,330,"MG/L",NA,NA,NA,NA,2,NA,1,1,"S","PARTNTID",NA,NA
"1312",999,"ALLARM","ALLARM.LT7","02/22/2011","12:00:00","TDS.1","M1",3012,"CMC","NTWQM",2011-02-22 12:00:00,0.1,"ISM","1","Water",NA,320,"MG/L",NA,NA,NA,NA,2,NA,1,1,"S","PARTNTID",NA,NA
"1313",999,"ALLARM","ALLARM.WL","08/20/2011","12:00:00","TDS.1","M1",3094,"CMC","NTWQM",2011-08-20 12:00:00,0.1,"ISM","1","Water",NA,390,"MG/L",NA,NA,NA,NA,2,NA,1,1,"S","PARTNTID",NA,NA
"1314",999,"GCWD","GCWD.BORBRA0.39","02/13/2011","12:00:00","TDS.1","M1",4730,"CMC","NTWQM",2011-02-13 12:00:00,0.1,"ISM","1","Water",NA,50,"MG/L",NA,NA,NA,NA,2,NA,1,1,"S","PARTNTID",NA,NA
"1315",999,"BCVM","BCVM.SATCRE3.02","07/13/2011","12:00:00","TDS.1","M1",4586,"CMC","NTWQM",2011-07-13 12:00:00,0.1,"ISM","1","Water",NA,120,"MG/L",NA,NA,NA,NA,2,NA,1,1,"S","PARTNTID",NA,NA
"1316",999,"ALLARM","ALLARM.LT8","11/11/2011","12:00:00","TDS.1","M1",3128,"CMC","NTWQM",2011-11-11 12:00:00,0.1,"ISM","1","Water",NA,210,"MG/L",NA,NA,NA,NA,2,NA,1,1,"S","PARTNTID",NA,NA
"1317",999,"ALLARM","ALLARM.LT4","05/10/2011","12:00:00","TDS.1","M1",3046,"CMC","NTWQM",2011-05-10 12:00:00,0.1,"ISM","1","Water",NA,270,"MG/L",NA,NA,NA,NA,2,NA,1,1,"S","PARTNTID",NA,NA
"1318",999,"ALLARM","ALLARM.LT7","03/30/2011","12:00:00","TDS.1","M1",3023,"CMC","NTWQM",2011-03-30 12:00:00,0.1,"ISM","1","Water",NA,360,"MG/L",NA,NA,NA,NA,2,NA,1,1,"S","PARTNTID",NA,NA
"1319",999,"ALLARM","ALLARM.WL","09/11/2011","12:00:00","TDS.1","M1",3107,"CMC","NTWQM",2011-09-11 12:00:00,0.1,"ISM","1","Water",NA,430,"MG/L",NA,NA,NA,NA,2,NA,1,1,"S","PARTNTID",NA,NA
"1320",999,"GCWD","GCWD.BORBRA0.39","05/17/2011","12:00:00","TDS.1","M1",4733,"CMC","NTWQM",2011-05-17 12:00:00,0.1,"ISM","1","Water",NA,40,"MG/L",NA,NA,NA,NA,2,NA,1,1,"S","PARTNTID",NA,NA
"1321",999,"BCVM","BCVM.TUTCRE2.03","09/23/2011","12:00:00","TDS.1","M1",4654,"CMC","NTWQM",2011-09-23 12:00:00,0.1,"ISM","1","Water",NA,250,"MG/L",NA,NA,NA,NA,2,NA,1,1,"S","PARTNTID",NA,NA
"1322",999,"ALLARM","ALLARM.LT8","12/16/2011","12:00:00","TDS.1","M1",3141,"CMC","NTWQM",2011-12-16 12:00:00,0.1,"ISM","1","Water",NA,280,"MG/L",NA,NA,NA,NA,2,NA,1,1,"S","PARTNTID",NA,NA
"1323",999,"ALLARM","ALLARM.LT4","06/08/2011","12:00:00","TDS.1","M1",3059,"CMC","NTWQM",2011-06-08 12:00:00,0.1,"ISM","1","Water",NA,240,"MG/L",NA,NA,NA,NA,2,NA,1,1,"S","PARTNTID",NA,NA
"1324",999,"ALLARM","ALLARM.LT7","04/11/2011","12:00:00","TDS.1","M1",3036,"CMC","NTWQM",2011-04-11 12:00:00,0.1,"ISM","1","Water",NA,290,"MG/L",NA,NA,NA,NA,2,NA,1,1,"S","PARTNTID",NA,NA
"1325",999,"BCVM","BCVM.SATCRE3.02","08/17/2011","12:00:00","TDS.1","M1",4591,"CMC","NTWQM",2011-08-17 12:00:00,0.1,"ISM","1","Water",NA,140,"MG/L",NA,NA,NA,NA,2,NA,1,1,"S","PARTNTID",NA,NA
"1326",999,"ALLARM","ALLARM.LT5","08/20/2011","12:00:00","TDS.1","M1",3086,"CMC","NTWQM",2011-08-20 12:00:00,0.1,"ISM","1","Water",NA,260,"MG/L",NA,NA,NA,NA,2,NA,1,1,"S","PARTNTID",NA,NA
"1327",999,"ALLARM","ALLARM.WL","10/11/2011","12:00:00","TDS.1","M1",3120,"CMC","NTWQM",2011-10-11 12:00:00,0.1,"ISM","1","Water",NA,470,"MG/L",NA,NA,NA,NA,2,NA,1,1,"S","PARTNTID",NA,NA
"1328",999,"BCVM","BCVM.SATCRE3.02","04/06/2011","12:00:00","TDS.1","M1",4572,"CMC","NTWQM",2011-04-06 12:00:00,0.1,"ISM","1","Water",NA,70,"MG/L",NA,NA,NA,NA,2,NA,1,1,"S","PARTNTID",NA,NA
"1329",999,"ALLARM","ALLARM.LT4","07/11/2011","12:00:00","TDS.1","M1",3072,"CMC","NTWQM",2011-07-11 12:00:00,0.1,"ISM","1","Water",NA,230,"MG/L",NA,NA,NA,NA,2,NA,1,1,"S","PARTNTID",NA,NA
"1330",999,"BCVM","BCVM.SATCRE3.02","11/02/2011","12:00:00","TDS.1","M1",4625,"CMC","NTWQM",2011-11-02 12:00:00,0.1,"ISM","1","Water",NA,150,"MG/L",NA,NA,NA,NA,2,NA,1,1,"S","PARTNTID",NA,NA
"1331",999,"BCVM","BCVM.SATCRE3.02","09/07/2011","12:00:00","TDS.1","M1",4594,"CMC","NTWQM",2011-09-07 12:00:00,0.1,"ISM","1","Water",NA,160,"MG/L",NA,NA,NA,NA,2,NA,1,1,"S","PARTNTID",NA,NA
"1332",999,"ALLARM","ALLARM.LT5","09/11/2011","12:00:00","TDS.1","M1",3099,"CMC","NTWQM",2011-09-11 12:00:00,0.1,"ISM","1","Water",NA,260,"MG/L",NA,NA,NA,NA,2,NA,1,1,"S","PARTNTID",NA,NA
"1333",999,"ALLARM","ALLARM.LT6","06/08/2011","12:00:00","TDS.1","M1",3061,"CMC","NTWQM",2011-06-08 12:00:00,0.1,"ISM","1","Water",NA,220,"MG/L",NA,NA,NA,NA,2,NA,1,1,"S","PARTNTID",NA,NA
"1334",999,"BCVM","BCVM.SATCRE3.02","04/27/2011","12:00:00","TDS.1","M1",4575,"CMC","NTWQM",2011-04-27 12:00:00,0.1,"ISM","1","Water",NA,70,"MG/L",NA,NA,NA,NA,2,NA,1,1,"S","PARTNTID",NA,NA
"1335",999,"ALLARM","ALLARM.LT4","08/20/2011","12:00:00","TDS.1","M1",3085,"CMC","NTWQM",2011-08-20 12:00:00,0.1,"ISM","1","Water",NA,260,"MG/L",NA,NA,NA,NA,2,NA,1,1,"S","PARTNTID",NA,NA
"1336",999,"ALLARM","ALLARM.LT6","02/22/2011","12:00:00","TDS.1","M1",3011,"CMC","NTWQM",2011-02-22 12:00:00,0.1,"ISM","1","Water",NA,370,"MG/L",NA,NA,NA,NA,2,NA,1,1,"S","PARTNTID",NA,NA
"1337",999,"BCVM","BCVM.SATCRE3.02","09/28/2011","12:00:00","TDS.1","M1",4620,"CMC","NTWQM",2011-09-28 12:00:00,0.1,"ISM","1","Water",NA,180,"MG/L",NA,NA,NA,NA,2,NA,1,1,"S","PARTNTID",NA,NA
"1338",999,"GCWD","GCWD.PRORUN2.55","05/17/2011","12:00:00","TDS.1","M1",5247,"CMC","NTWQM",2011-05-17 12:00:00,0.1,"ISM","1","Water",NA,30,"MG/L",NA,NA,NA,NA,2,NA,1,1,"S","PARTNTID",NA,NA
"1339",999,"ALLARM","ALLARM.WL","12/16/2011","12:00:00","TDS.1","M1",3146,"CMC","NTWQM",2011-12-16 12:00:00,0.1,"ISM","1","Water",NA,330,"MG/L",NA,NA,NA,NA,2,NA,1,1,"S","PARTNTID",NA,NA
"1340",999,"ALLARM","ALLARM.LT6","05/10/2011","12:00:00","TDS.1","M1",3048,"CMC","NTWQM",2011-05-10 12:00:00,0.1,"ISM","1","Water",NA,290,"MG/L",NA,NA,NA,NA,2,NA,1,1,"S","PARTNTID",NA,NA
"1341",999,"BCVM","BCVM.SATCRE3.02","05/25/2011","12:00:00","TDS.1","M1",4579,"CMC","NTWQM",2011-05-25 12:00:00,0.1,"ISM","1","Water",NA,90,"MG/L",NA,NA,NA,NA,2,NA,1,1,"S","PARTNTID",NA,NA
"1342",999,"BCVM","BCVM.SATCRE3.02","10/12/2011","12:00:00","TDS.1","M1",4622,"CMC","NTWQM",2011-10-12 12:00:00,0.1,"ISM","1","Water",NA,160,"MG/L",NA,NA,NA,NA,2,NA,1,1,"S","PARTNTID",NA,NA
"1343",999,"ALLARM","ALLARM.LT6","01/31/2011","12:00:00","TDS.1","M1",2998,"CMC","NTWQM",2011-01-31 12:00:00,0.1,"ISM","1","Water",NA,320,"MG/L",NA,NA,NA,NA,2,NA,1,1,"S","PARTNTID",NA,NA
"1344",999,"ALLARM","ALLARM.LT5","11/11/2011","12:00:00","TDS.1","M1",3125,"CMC","NTWQM",2011-11-11 12:00:00,0.1,"ISM","1","Water",NA,300,"MG/L",NA,NA,NA,NA,2,NA,1,1,"S","PARTNTID",NA,NA
"1345",999,"BCVM","BCVM.SATCRE3.02","11/09/2011","12:00:00","TDS.1","M1",4626,"CMC","NTWQM",2011-11-09 12:00:00,0.1,"ISM","1","Water",NA,150,"MG/L",NA,NA,NA,NA,2,NA,1,1,"S","PARTNTID",NA,NA
"1346",999,"BCVM","BCVM.SATCRE3.02","07/27/2011","12:00:00","TDS.1","M1",4588,"CMC","NTWQM",2011-07-27 12:00:00,0.1,"ISM","1","Water",NA,120,"MG/L",NA,NA,NA,NA,2,NA,1,1,"S","PARTNTID",NA,NA
"1347",999,"BCVM","BCVM.SATCRE3.02","06/15/2011","12:00:00","TDS.1","M1",4582,"CMC","NTWQM",2011-06-15 12:00:00,0.1,"ISM","1","Water",NA,120,"MG/L",NA,NA,NA,NA,2,NA,1,1,"S","PARTNTID",NA,NA
"1348",999,"ALLARM","ALLARM.LT6","04/11/2011","12:00:00","TDS.1","M1",3035,"CMC","NTWQM",2011-04-11 12:00:00,0.1,"ISM","1","Water",NA,270,"MG/L",NA,NA,NA,NA,2,NA,1,1,"S","PARTNTID",NA,NA
"1349",999,"BCVM","BCVM.SATCRE3.02","07/06/2011","12:00:00","TDS.1","M1",4585,"CMC","NTWQM",2011-07-06 12:00:00,0.1,"ISM","1","Water",NA,100,"MG/L",NA,NA,NA,NA,2,NA,1,1,"S","PARTNTID",NA,NA
"1350",999,"ALLARM","ALLARM.LT6","09/11/2011","12:00:00","TDS.1","M1",3100,"CMC","NTWQM",2011-09-11 12:00:00,0.1,"ISM","1","Water",NA,280,"MG/L",NA,NA,NA,NA,2,NA,1,1,"S","PARTNTID",NA,NA
"1351",999,"BCVM","BCVM.SATCRE3.02","11/30/2011","12:00:00","TDS.1","M1",4629,"CMC","NTWQM",2011-11-30 12:00:00,0.1,"ISM","1","Water",NA,130,"MG/L",NA,NA,NA,NA,2,NA,1,1,"S","PARTNTID",NA,NA
"1352",999,"ALLARM","ALLARM.LT6","07/11/2011","12:00:00","TDS.1","M1",3074,"CMC","NTWQM",2011-07-11 12:00:00,0.1,"ISM","1","Water",NA,260,"MG/L",NA,NA,NA,NA,2,NA,1,1,"S","PARTNTID",NA,NA
"1353",999,"BCVM","BCVM.SATCRE3.02","12/21/2011","12:00:00","TDS.1","M1",4632,"CMC","NTWQM",2011-12-21 12:00:00,0.1,"ISM","1","Water",NA,120,"MG/L",NA,NA,NA,NA,2,NA,1,1,"S","PARTNTID",NA,NA
"1354",999,"BCVM","BCVM.SATCRE3.02","12/07/2011","12:00:00","TDS.1","M1",4630,"CMC","NTWQM",2011-12-07 12:00:00,0.1,"ISM","1","Water",NA,110,"MG/L",NA,NA,NA,NA,2,NA,1,1,"S","PARTNTID",NA,NA
"1355",999,"BCVM","BCVM.SATCRE3.02","12/14/2011","12:00:00","TDS.1","M1",4631,"CMC","NTWQM",2011-12-14 12:00:00,0.1,"ISM","1","Water",NA,120,"MG/L",NA,NA,NA,NA,2,NA,1,1,"S","PARTNTID",NA,NA
"1356",999,"ALLARM","ALLARM.LT7","10/11/2011","12:00:00","TDS.1","M1",3114,"CMC","NTWQM",2011-10-11 12:00:00,0.1,"ISM","1","Water",NA,330,"MG/L",NA,NA,NA,NA,2,NA,1,1,"S","PARTNTID",NA,NA
"1357",999,"BCVM","BCVM.SATCRE3.02","11/16/2011","12:00:00","TDS.1","M1",4627,"CMC","NTWQM",2011-11-16 12:00:00,0.1,"ISM","1","Water",NA,130,"MG/L",NA,NA,NA,NA,2,NA,1,1,"S","PARTNTID",NA,NA
"1358",999,"BCVM","BCVM.SATCRE3.02","07/20/2011","12:00:00","TDS.1","M1",4587,"CMC","NTWQM",2011-07-20 12:00:00,0.1,"ISM","1","Water",NA,110,"MG/L",NA,NA,NA,NA,2,NA,1,1,"S","PARTNTID",NA,NA
"1359",999,"GCWD","GCWD.UNTFIRFORSINCRE0.24","12/14/2011","12:00:00","TDS.1","M1",5363,"CMC","NTWQM",2011-12-14 12:00:00,0.1,"ISM","1","Water",NA,30,"MG/L",NA,NA,NA,NA,2,NA,1,1,"S","PARTNTID",NA,NA
"1360",999,"BCVM","BCVM.SATCRE3.02","08/09/2011","12:00:00","TDS.1","M1",4590,"CMC","NTWQM",2011-08-09 12:00:00,0.1,"ISM","1","Water",NA,130,"MG/L",NA,NA,NA,NA,2,NA,1,1,"S","PARTNTID",NA,NA
"1361",999,"ALLARM","ALLARM.LT5","10/11/2011","12:00:00","TDS.1","M1",3112,"CMC","NTWQM",2011-10-11 12:00:00,0.1,"ISM","1","Water",NA,310,"MG/L",NA,NA,NA,NA,2,NA,1,1,"S","PARTNTID",NA,NA
"1362",999,"GCWD","GCWD.UNTFIRFORSINCRE0.24","07/12/2011","12:00:00","TDS.1","M1",5357,"CMC","NTWQM",2011-07-12 12:00:00,0.1,"ISM","1","Water",NA,40,"MG/L",NA,NA,NA,NA,2,NA,1,1,"S","PARTNTID",NA,NA
"1363",999,"BCVM","BCVM.BROCRE1.89","09/23/2011","12:00:00","TDS.1","M1",4646,"CMC","NTWQM",2011-09-23 12:00:00,0.1,"ISM","1","Water",NA,160,"MG/L",NA,NA,NA,NA,2,NA,1,1,"S","PARTNTID",NA,NA
"1364",999,"ALLARM","ALLARM.LT6","03/30/2011","12:00:00","TDS.1","M1",3022,"CMC","NTWQM",2011-03-30 12:00:00,0.1,"ISM","1","Water",NA,310,"MG/L",NA,NA,NA,NA,2,NA,1,1,"S","PARTNTID",NA,NA
"1365",999,"BCVM","BCVM.SATCRE3.02","12/28/2011","12:00:00","TDS.1","M1",4633,"CMC","NTWQM",2011-12-28 12:00:00,0.1,"ISM","1","Water",NA,100,"MG/L",NA,NA,NA,NA,2,NA,1,1,"S","PARTNTID",NA,NA
"1366",999,"GCWD","GCWD.PRORUN2.55","09/12/2011","12:00:00","TDS.1","M1",5253,"CMC","NTWQM",2011-09-12 12:00:00,0.1,"ISM","1","Water",NA,40,"MG/L",NA,NA,NA,NA,2,NA,1,1,"S","PARTNTID",NA,NA
"1367",999,"GCWD","GCWD.UNTFIRFORSINCRE0.24","04/10/2011","12:00:00","TDS.1","M1",5352,"CMC","NTWQM",2011-04-10 12:00:00,0.1,"ISM","1","Water",NA,30,"MG/L",NA,NA,NA,NA,2,NA,1,1,"S","PARTNTID",NA,NA
"1368",999,"GCWD","GCWD.PRORUN2.55","07/12/2011","12:00:00","TDS.1","M1",5250,"CMC","NTWQM",2011-07-12 12:00:00,0.1,"ISM","1","Water",NA,40,"MG/L",NA,NA,NA,NA,2,NA,1,1,"S","PARTNTID",NA,NA
"1369",999,"BCVM","BCVM.SATCRE3.02","03/19/2011","12:00:00","TDS.1","M1",4569,"CMC","NTWQM",2011-03-19 12:00:00,0.1,"ISM","1","Water",NA,80,"MG/L",NA,NA,NA,NA,2,NA,1,1,"S","PARTNTID",NA,NA
"1370",999,"GCWD","GCWD.PRORUN2.55","11/27/2011","12:00:00","TDS.1","M1",5256,"CMC","NTWQM",2011-11-27 12:00:00,0.1,"ISM","1","Water",NA,20,"MG/L",NA,NA,NA,NA,2,NA,1,1,"S","PARTNTID",NA,NA
"1371",999,"ALLARM","ALLARM.LT4","09/11/2011","12:00:00","TDS.1","M1",3098,"CMC","NTWQM",2011-09-11 12:00:00,0.1,"ISM","1","Water",NA,270,"MG/L",NA,NA,NA,NA,2,NA,1,1,"S","PARTNTID",NA,NA
"1372",999,"ALLARM","ALLARM.LT6","08/20/2011","12:00:00","TDS.1","M1",3087,"CMC","NTWQM",2011-08-20 12:00:00,0.1,"ISM","1","Water",NA,260,"MG/L",NA,NA,NA,NA,2,NA,1,1,"S","PARTNTID",NA,NA
