"","Code","Latitude","Longitude","NameLong","Description","Datum"
"1","ALLARM.LT1",40.17663,-77.18537,"LeTort Spring Run 6.51","LeTort Site 1","NAD83"
"2","ALLARM.LT10",40.23487,-77.14193,"LeTort Spring Run 0.04","LeTort Site 10","NAD83"
"3","ALLARM.LT2",40.17667,-77.18507,"UNT to LeTort Spring Run 0.01","LeTort Site 2","NAD83"
"4","ALLARM.LT3",40.17999,-77.18692,"LeTort Spring Run 6.24","LeTort Site 3","NAD83"
"5","ALLARM.LT4",40.18844,-77.18606,"LeTort Spring Run 5.56","LeTort Site 4","NAD83"
"6","ALLARM.LT5",40.19528,-77.18423,"LeTort Spring Run 5.05","LeTort Site 5","NAD83"
"7","ALLARM.LT6",40.20792,-77.18104,"LeTort Spring Run 4.05","LeTort Site 6","NAD83"
"8","ALLARM.LT7",40.21418,-77.16883,"LeTort Spring Run 3.05","LeTort Site 7","NAD83"
"9","ALLARM.LT8",40.21847,-77.16003,"LeTort Spring Run 2.34","LeTort Site 8","NAD83"
"10","ALLARM.LT9",40.22429,-77.14928,"LeTort Spring Run 1.53","LeTort Site 9","NAD83"
"11","ALLARM.MG1",40.19568,-77.18767,"Molly Grub 0.02","Molly Grub 1","NAD83"
"12","ALLARM.MG2",40.19608,-77.18518,"Molly Grub 0.18","Molly Grub 2","NAD83"
"13","ALLARM.WL",40.19588,-77.18745,"Mully Grub Wetland 0.15","Wetland","NAD83"
"14","AWA.ATAS",39.788233,-77.487814,NA,"AT Antietam Shelter","NAD83"
"15","AWA.B",39.765053,-77.516044,NA,"Brookdale","NAD83"
"16","AWA.BF",39.831244,-77.570878,"Blueberry Farm","Blueberry Farm","NAD83"
"17","AWA.BP",39.724967,-77.588817,"Baumgardner Property","Baumgardner Property","NAD83"
"18","AWA.BV",39.720703,-77.500192,"Buena Vista","Buena Vista","NAD83"
"19","AWA.FP",39.725989,-77.593831,"Foster Property","Foster Property ","NAD83"
"20","AWA.GP",39.731672,-77.540817,"George Property","George Property","NAD83"
"21","AWA.H",39.734247,-77.540569,"Henicle","Henicle","NAD83"
"22","AWA.HB",39.810403,-77.576394,"Hess Benedict","Hess Benedict","NAD83"
"23","AWA.IBR",39.724881,-77.605128,"Iron Bridges Rd","Iron Bridges Rd","NAD83"
"24","AWA.MASP",39.839708,-77.537533,"Mont Alto State Park","Mont Alto State Park","NAD83"
"25","AWA.MR",39.741172,-77.491586,"Mackey Run","Mackey Run","NAD83"
"26","AWA.MRR",39.737619,-77.568983,"Mouth-Red Run","Mouth-Red Run","NAD83"
"27","AWA.ND1",39.786453,-77.602325,"Nicodemus Dam 1","Nicodemus Dam 1","NAD83"
"28","AWA.ND2",39.787736,-77.603375,"Nicodemus Dam 2","Nicodemus Dam 2","NAD83"
"29","AWA.OCP",39.751283,-77.601036,"Owls Club Picnic","Owls Club Picnic","NAD83"
"30","AWA.R",39.745025,-77.559425,"Renfrew","Renfrew","NAD83"
"31","AWA.RR1",39.739406,-77.481092,NA,"Red Run #1","NAD83"
"32","AWA.RR2",39.741603,-77.491469,NA,"Red Run #2","NAD83"
"33","AWA.RRP",39.740386,-77.519908,NA,"Red Run Park","NAD83"
"34","AWA.TRS",39.764094,-77.607036,NA,"Tick Ridge Springs","NAD83"
"35","AWA.WASD",39.737858,-77.569172,"Unnamed Tributary","WASD Unnamed trib","NAD83"
"36","AWA.WBS",39.853353,-77.517319,"W Branch Source","W Branch Source","NAD83"
"37","BCVM.BENCRE7.92",41.928043,-76.69907,"Bentley Creek","Bentley Creek","NAD83"
"38","BCVM.BROCRE1.89",41.803619,-76.55763,"Browns Creek","Browns Creek","NAD83"
"39","BCVM.SATCRE3.02",41.9518,-76.46995,"Satterlee Creek 3.02","Satterlee Creek 3.02","NAD83"
"40","BCVM.TUTCRE2.03",41.980927,-76.57009,"Tutelow Creek 2.03","Tutelow Creek 2.03","NAD83"
"41","BCVM.WOLCRE1.92",41.920029,-76.55004,"Wolcott Creek","Wolcott Creek","NAD83"
"42","GCWD.BIGMOORUN3.70",41.67988,-77.987692,"Big Moores Run 3.70","Big Moores Run 3.70","NAD83"
"43","GCWD.BORBRA0.39",41.6572,-77.959458,"Borie Branch 0.39","Borie Branch 0.39","NAD83"
"44","GCWD.COWRIV34.68",41.92933,-77.628583,"Cowanesque River 34.68","Cowanesque River 34.68","NAD83"
"45","GCWD.EASFORSINCRE10.25",41.609215,-77.88983333,"East Fork Sinnemahong Creek 10.25","East Fork Sinnemahong Creek 10.25","NAD83"
"46","GCWD.EASFORSINCRE11.03",41.61528833,-77.87932361,"East Fork Sinnemahong Creek 11.03","East Fork Sinnemahong Creek 11.03","NAD83"
"47","GCWD.EASFORSINCRE12.53",41.62841306,-77.860145,NA,"East Fork Sinnemahong Creek 12.53","NAD83"
"48","GCWD.GENFOR10.77",41.84637,-77.7018,"Genesee Forks 10.77","Genesee Forks 10.77","NAD83"
"49","GCWD.LITPHORUN0.02",41.81168,-77.62345,"Little Phoenix Run 0.02","Little Phoenix Run 0.02","NAD83"
"50","GCWD.MARCRE0.05",41.94638,-77.685317,"Marsh Creek 0.05","Marsh Creek 0.05","NAD83"
"51","GCWD.NORBRACOWRIV0.04",41.94142,-77.64935,"North Branch Cowanesque River 0.94","North Branch Cowanesque River 0.94","NAD83"
"52","GCWD.PHORUN4.36",41.79868333,-77.61605,"Phoenix Run 4.36","Phoenix Run 4.36","NAD83"
"53","GCWD.PHORUN7.54",41.8358,-77.63815,"Phoenix Run 7.54","Phoenix Run 7.54","NAD83"
"54","GCWD.PHORUN7.69",41.83788,-77.6392,"Phoenix Run 7.69","Phoenix Run 7.69","NAD83"
"55","GCWD.PRORUN2.55",41.65761333,-77.91459,"Prouty Run 2.55","Prouty Run 2.55","NAD83"
"56","GCWD.UKW006",41.70792,-77.693633,"Unknown Water 006","Unknown Water 006","NAD83"
"57","GCWD.UNTFIRFORSINCRE0.24",41.63119833,-78.0052,"UNT First Fork Sinnemahong Creek 0.24","UNT First Fork Sinnemahong Creek 0.24","NAD83"
"58","GCWD.WESBRAPINCRE14.64",41.72995,-77.6534,"West Branch Pine Creek 14.64","West Branch Pine Creek 14.64","NAD83"
"59","GCWD.WILBOYRUN0.49",41.61465,-77.8958,"Wild Boy Run 0.49","Wild Boy Run 0.49","NAD83"
"60","MSWA.S1",40.04716,-77.52071,"RR Fayette St","RR Fayette St","NAD83"
"61","MSWA.S4",40.06169,-77.53258,"Bard Road/Old Mill Road Bridge","Bard Road/Old Mill Road Bridge","NAD83"
