"","paramMethod","SOURCE","STATION","SAMPLE_DATE","SAMPLE_TIME","paramCode","SAMPLE_ID","EventId","AGENCY","PROGRAM","DateTime","DEPTH","SAMPLE_TYPE","TIER","Matrix","QUALIFIER","VALUE","UNITS","PROBLEM","LAB","labName","modifiedDate","detLimit","qaFlag","COMMENTS","count.x","count.y","LAYER","PROJECT","SampleAnalyticalMethodIdentifier","SubstanceIdentificationName","errorCode","errorName"
"2",48,"LRA","ALLARM.LT2","03/06/2019","14:20:00","DO.2","M1",13414,"CMC","NTWQM",2019-03-06 14:20:00,NA,"ISM",2,"Water",NA,14.31,"MG/L",NA,NA,NA,2019-05-03 13:25:38,NA,2,"",1,1,"S","PARTNTID","F01 ","DO",1,"sample has no depth associated with it"
"3",48,"LRA","ALLARM.LT6","04/03/2019","14:46:00","DO.2","M1",13424,"CMC","NTWQM",2019-04-03 14:46:00,NA,"ISM",2,"Water",NA,13.64,"MG/L",NA,NA,NA,2019-05-03 13:25:43,NA,2,"",1,1,"S","PARTNTID","F01 ","DO",1,"sample has no depth associated with it"
"4",48,"LRA","ALLARM.LT10","05/01/2019","15:10:00","DO.2","M1",13426,"CMC","NTWQM",2019-05-01 15:10:00,NA,"ISM",2,"Water",NA,11.45,"MG/L",NA,NA,NA,2019-05-03 13:25:44,NA,2,"",1,1,"S","PARTNTID","F01 ","DO",1,"sample has no depth associated with it"
"9",48,"LRA","ALLARM.LT5","03/06/2019","15:00:00","DO.2","M1",13416,"CMC","NTWQM",2019-03-06 15:00:00,NA,"ISM",2,"Water",NA,14.63,"MG/L",NA,NA,NA,2019-05-03 13:25:39,NA,2,"",1,1,"S","PARTNTID","F01 ","DO",1,"sample has no depth associated with it"
"10",48,"LRA","ALLARM.LT2","05/01/2019","13:50:00","DO.2","M1",13431,"CMC","NTWQM",2019-05-01 13:50:00,NA,"ISM",2,"Water",NA,11.9,"MG/L",NA,NA,NA,2019-05-03 13:25:47,NA,2,"",1,1,"S","PARTNTID","F01 ","DO",1,"sample has no depth associated with it"
"13",48,"LRA","ALLARM.LT3","04/03/2019","13:37:00","DO.2","M1",13422,"CMC","NTWQM",2019-04-03 13:37:00,NA,"ISM",2,"Water",NA,11.41,"MG/L",NA,NA,NA,2019-05-03 13:25:42,NA,2,"",1,1,"S","PARTNTID","F01 ","DO",1,"sample has no depth associated with it"
"15",48,"LRA","ALLARM.LT10","03/06/2019","15:37:00","DO.2","M1",13413,"CMC","NTWQM",2019-03-06 15:37:00,NA,"ISM",2,"Water",NA,13.77,"MG/L",NA,NA,NA,2019-05-03 13:25:38,NA,2,"",1,1,"S","PARTNTID","F01 ","DO",1,"sample has no depth associated with it"
"16",48,"LRA","ALLARM.LT5","01/30/2019","13:58:00","DO.2","M1",13402,"CMC","NTWQM",2019-01-30 13:58:00,NA,"ISM",2,"Water",NA,12.92,"MG/L",NA,NA,NA,2019-05-03 13:25:32,NA,2,"",1,1,"S","PARTNTID","F01 ","DO",1,"sample has no depth associated with it"
"17",48,"LRA","ALLARM.LT1","05/01/2019","14:00:00","DO.2","M1",13432,"CMC","NTWQM",2019-05-01 14:00:00,NA,"ISM",2,"Water",NA,11.56,"MG/L",NA,NA,NA,2019-05-03 13:25:48,NA,2,"",1,1,"S","PARTNTID","F01 ","DO",1,"sample has no depth associated with it"
"19",48,"LRA","ALLARM.LT6","03/06/2019","15:18:00","DO.2","M1",13417,"CMC","NTWQM",2019-03-06 15:18:00,NA,"ISM",2,"Water",NA,14.71,"MG/L",NA,NA,NA,2019-05-03 13:25:39,NA,2,"",1,1,"S","PARTNTID","F01 ","DO",1,"sample has no depth associated with it"
"23",48,"LRA","ALLARM.LT5","04/03/2019","14:24:00","DO.2","M1",13423,"CMC","NTWQM",2019-04-03 14:24:00,NA,"ISM",2,"Water",NA,13.46,"MG/L",NA,NA,NA,2019-05-03 13:25:42,NA,2,"",1,1,"S","PARTNTID","F01 ","DO",1,"sample has no depth associated with it"
"26",48,"LRA","ALLARM.LT6","01/30/2019","14:15:00","DO.2","M1",13403,"CMC","NTWQM",2019-01-30 14:15:00,NA,"ISM",2,"Water",NA,13.3,"MG/L",NA,NA,NA,2019-05-03 13:25:32,NA,2,"",1,1,"S","PARTNTID","F01 ","DO",1,"sample has no depth associated with it"
"29",48,"LRA","ALLARM.LT10","02/13/2019","15:00:00","DO.2","M1",13406,"CMC","NTWQM",2019-02-13 15:00:00,NA,"ISM",2,"Water",NA,13.55,"MG/L",NA,NA,NA,2019-05-03 13:25:34,NA,2,"",1,1,"S","PARTNTID","F01 ","DO",1,"sample has no depth associated with it"
"31",48,"LRA","ALLARM.LT9","04/03/2019","14:57:00","DO.2","M1",13425,"CMC","NTWQM",2019-04-03 14:57:00,NA,"ISM",2,"Water",NA,12.06,"MG/L",NA,NA,NA,2019-05-03 13:25:43,NA,2,"",1,1,"S","PARTNTID","F01 ","DO",1,"sample has no depth associated with it"
"38",48,"LRA","ALLARM.LT9","03/06/2019","15:31:00","DO.2","M1",13418,"CMC","NTWQM",2019-03-06 15:31:00,NA,"ISM",2,"Water",NA,14.43,"MG/L",NA,NA,NA,2019-05-03 13:25:40,NA,2,"",1,1,"S","PARTNTID","F01 ","DO",1,"sample has no depth associated with it"
"40",48,"LRA","ALLARM.LT9","01/30/2019","14:30:00","DO.2","M1",13404,"CMC","NTWQM",2019-01-30 14:30:00,NA,"ISM",2,"Water",NA,12.9,"MG/L",NA,NA,NA,2019-05-03 13:25:33,NA,2,"",1,1,"S","PARTNTID","F01 ","DO",1,"sample has no depth associated with it"
"43",48,"LRA","ALLARM.LT5","02/13/2019","14:15:00","DO.2","M1",13409,"CMC","NTWQM",2019-02-13 14:15:00,NA,"ISM",2,"Water",NA,13.85,"MG/L",NA,NA,NA,2019-05-03 13:25:35,NA,2,"",1,1,"S","PARTNTID","F01 ","DO",1,"sample has no depth associated with it"
"45",48,"LRA","ALLARM.LT10","01/30/2019","14:45:00","DO.2","M1",13400,"CMC","NTWQM",2019-01-30 14:45:00,NA,"ISM",2,"Water",NA,14.81,"MG/L",NA,NA,NA,2019-05-03 13:25:31,NA,2,"",1,1,"S","PARTNTID","F01 ","DO",1,"sample has no depth associated with it"
"48",48,"LRA","ALLARM.LT2","02/13/2019","13:55:00","DO.2","M1",13407,"CMC","NTWQM",2019-02-13 13:55:00,NA,"ISM",2,"Water",NA,13.52,"MG/L",NA,NA,NA,2019-05-03 13:25:34,NA,2,"",1,1,"S","PARTNTID","F01 ","DO",1,"sample has no depth associated with it"
"54",48,"LRA","ALLARM.LT3","02/13/2019","13:45:00","DO.2","M1",13408,"CMC","NTWQM",2019-02-13 13:45:00,NA,"ISM",2,"Water",NA,12.95,"MG/L",NA,NA,NA,2019-05-03 13:25:35,NA,2,"",1,1,"S","PARTNTID","F01 ","DO",1,"sample has no depth associated with it"
"55",48,"LRA","ALLARM.LT2","01/30/2019","13:34:00","DO.2","M1",13401,"CMC","NTWQM",2019-01-30 13:34:00,NA,"ISM",2,"Water",NA,12.88,"MG/L",NA,NA,NA,2019-05-03 13:25:32,NA,2,"",1,1,"S","PARTNTID","F01 ","DO",1,"sample has no depth associated with it"
"61",48,"LRA","ALLARM.LT2","04/03/2019","13:55:00","DO.2","M1",13421,"CMC","NTWQM",2019-04-03 13:55:00,NA,"ISM",2,"Water",NA,12.94,"MG/L",NA,NA,NA,2019-05-03 13:25:41,NA,2,"",1,1,"S","PARTNTID","F01 ","DO",1,"sample has no depth associated with it"
"63",48,"LRA","ALLARM.LT10","04/03/2019","15:10:00","DO.2","M1",13420,"CMC","NTWQM",2019-04-03 15:10:00,NA,"ISM",2,"Water",NA,10.97,"MG/L",NA,NA,NA,2019-05-03 13:25:41,NA,2,"",1,1,"S","PARTNTID","F01 ","DO",1,"sample has no depth associated with it"
"64",48,"LRA","ALLARM.LT9","02/13/2019","14:45:00","DO.2","M1",13411,"CMC","NTWQM",2019-02-13 14:45:00,NA,"ISM",2,"Water",NA,13.52,"MG/L",NA,NA,NA,2019-05-03 13:25:36,NA,2,"",1,1,"S","PARTNTID","F01 ","DO",1,"sample has no depth associated with it"
"65",48,"LRA","ALLARM.LT5","05/01/2019","14:20:00","DO.2","M1",13429,"CMC","NTWQM",2019-05-01 14:20:00,NA,"ISM",2,"Water",NA,12.26,"MG/L",NA,NA,NA,2019-05-03 13:25:46,NA,2,"",1,1,"S","PARTNTID","F01 ","DO",1,"sample has no depth associated with it"
"66",48,"LRA","ALLARM.LT6","02/13/2019","14:30:00","DO.2","M1",13410,"CMC","NTWQM",2019-02-13 14:30:00,NA,"ISM",2,"Water",NA,14.05,"MG/L",NA,NA,NA,2019-05-03 13:25:36,NA,2,"",1,1,"S","PARTNTID","F01 ","DO",1,"sample has no depth associated with it"
"68",48,"LRA","ALLARM.LT3","03/06/2019","14:00:00","DO.2","M1",13415,"CMC","NTWQM",2019-03-06 14:00:00,NA,"ISM",2,"Water",NA,14.26,"MG/L",NA,NA,NA,2019-05-03 13:25:38,NA,2,"",1,1,"S","PARTNTID","F01 ","DO",1,"sample has no depth associated with it"
"70",48,"LRA","ALLARM.LT6","05/01/2019","14:40:00","DO.2","M1",13428,"CMC","NTWQM",2019-05-01 14:40:00,NA,"ISM",2,"Water",NA,11.68,"MG/L",NA,NA,NA,2019-05-03 13:25:45,NA,2,"",1,1,"S","PARTNTID","F01 ","DO",1,"sample has no depth associated with it"
"77",48,"LRA","ALLARM.LT9","05/01/2019","14:55:00","DO.2","M1",13427,"CMC","NTWQM",2019-05-01 14:55:00,NA,"ISM",2,"Water",NA,11.92,"MG/L",NA,NA,NA,2019-05-03 13:25:45,NA,2,"",1,1,"S","PARTNTID","F01 ","DO",1,"sample has no depth associated with it"
"78",48,"LRA","ALLARM.LT3","05/01/2019","13:35:00","DO.2","M1",13430,"CMC","NTWQM",2019-05-01 13:35:00,NA,"ISM",2,"Water",NA,11.65,"MG/L",NA,NA,NA,2019-05-03 13:25:46,NA,2,"",1,1,"S","PARTNTID","F01 ","DO",1,"sample has no depth associated with it"
"79",171,"LRA","ALLARM.LT5","01/30/2019","13:58:00","PH.1","M1",13402,"CMC","NTWQM",2019-01-30 13:58:00,NA,"ISM",2,"Water",NA,8.16,"SU",NA,NA,NA,2019-05-03 13:25:32,NA,2,"",1,1,"S","PARTNTID","F01 ","PH",1,"sample has no depth associated with it"
"80",171,"LRA","ALLARM.LT5","04/03/2019","14:24:00","PH.1","M1",13423,"CMC","NTWQM",2019-04-03 14:24:00,NA,"ISM",2,"Water",NA,8.25,"SU",NA,NA,NA,2019-05-03 13:25:42,NA,2,"",1,1,"S","PARTNTID","F01 ","PH",1,"sample has no depth associated with it"
"81",171,"LRA","ALLARM.LT2","05/01/2019","13:50:00","PH.1","M1",13431,"CMC","NTWQM",2019-05-01 13:50:00,NA,"ISM",2,"Water",NA,8,"SU",NA,NA,NA,2019-05-03 13:25:47,NA,2,"",1,1,"S","PARTNTID","F01 ","PH",1,"sample has no depth associated with it"
"83",171,"LRA","ALLARM.LT2","03/06/2019","14:20:00","PH.1","M1",13414,"CMC","NTWQM",2019-03-06 14:20:00,NA,"ISM",2,"Water",NA,7.75,"SU",NA,NA,NA,2019-05-03 13:25:38,NA,2,"",1,1,"S","PARTNTID","F01 ","PH",1,"sample has no depth associated with it"
"84",171,"LRA","ALLARM.LT3","04/03/2019","13:37:00","PH.1","M1",13422,"CMC","NTWQM",2019-04-03 13:37:00,NA,"ISM",2,"Water",NA,7.75,"SU",NA,NA,NA,2019-05-03 13:25:42,NA,2,"",1,1,"S","PARTNTID","F01 ","PH",1,"sample has no depth associated with it"
"85",171,"LRA","ALLARM.LT5","02/13/2019","14:15:00","PH.1","M1",13409,"CMC","NTWQM",2019-02-13 14:15:00,NA,"ISM",2,"Water",NA,8.19,"SU",NA,NA,NA,2019-05-03 13:25:35,NA,2,"",1,1,"S","PARTNTID","F01 ","PH",1,"sample has no depth associated with it"
"86",171,"LRA","ALLARM.LT10","03/06/2019","15:37:00","PH.1","M1",13413,"CMC","NTWQM",2019-03-06 15:37:00,NA,"ISM",2,"Water",NA,8,"SU",NA,NA,NA,2019-05-03 13:25:38,NA,2,"",1,1,"S","PARTNTID","F01 ","PH",1,"sample has no depth associated with it"
"87",171,"LRA","ALLARM.LT9","01/30/2019","14:30:00","PH.1","M1",13404,"CMC","NTWQM",2019-01-30 14:30:00,NA,"ISM",2,"Water",NA,8.15,"SU",NA,NA,NA,2019-05-03 13:25:33,NA,2,"",1,1,"S","PARTNTID","F01 ","PH",1,"sample has no depth associated with it"
"88",171,"LRA","ALLARM.LT1","05/01/2019","14:00:00","PH.1","M1",13432,"CMC","NTWQM",2019-05-01 14:00:00,NA,"ISM",2,"Water",NA,8,"SU",NA,NA,NA,2019-05-03 13:25:48,NA,2,"",1,1,"S","PARTNTID","F01 ","PH",1,"sample has no depth associated with it"
"89",171,"LRA","ALLARM.LT10","05/01/2019","15:10:00","PH.1","M1",13426,"CMC","NTWQM",2019-05-01 15:10:00,NA,"ISM",2,"Water",NA,8,"SU",NA,NA,NA,2019-05-03 13:25:44,NA,2,"",1,1,"S","PARTNTID","F01 ","PH",1,"sample has no depth associated with it"
"90",171,"LRA","ALLARM.LT3","02/13/2019","13:45:00","PH.1","M1",13408,"CMC","NTWQM",2019-02-13 13:45:00,NA,"ISM",2,"Water",NA,8.19,"SU",NA,NA,NA,2019-05-03 13:25:35,NA,2,"",1,1,"S","PARTNTID","F01 ","PH",1,"sample has no depth associated with it"
"91",171,"LRA","ALLARM.LT9","02/13/2019","14:45:00","PH.1","M1",13411,"CMC","NTWQM",2019-02-13 14:45:00,NA,"ISM",2,"Water",NA,8.18,"SU",NA,NA,NA,2019-05-03 13:25:36,NA,2,"",1,1,"S","PARTNTID","F01 ","PH",1,"sample has no depth associated with it"
"92",171,"LRA","ALLARM.LT6","04/03/2019","14:46:00","PH.1","M1",13424,"CMC","NTWQM",2019-04-03 14:46:00,NA,"ISM",2,"Water",NA,8.25,"SU",NA,NA,NA,2019-05-03 13:25:43,NA,2,"",1,1,"S","PARTNTID","F01 ","PH",1,"sample has no depth associated with it"
"93",171,"LRA","ALLARM.LT9","04/03/2019","14:57:00","PH.1","M1",13425,"CMC","NTWQM",2019-04-03 14:57:00,NA,"ISM",2,"Water",NA,8,"SU",NA,NA,NA,2019-05-03 13:25:43,NA,2,"",1,1,"S","PARTNTID","F01 ","PH",1,"sample has no depth associated with it"
"94",171,"LRA","ALLARM.LT2","01/30/2019","13:34:00","PH.1","M1",13401,"CMC","NTWQM",2019-01-30 13:34:00,NA,"ISM",2,"Water",NA,8.15,"SU",NA,NA,NA,2019-05-03 13:25:32,NA,2,"",1,1,"S","PARTNTID","F01 ","PH",1,"sample has no depth associated with it"
"95",171,"LRA","ALLARM.LT2","02/13/2019","13:55:00","PH.1","M1",13407,"CMC","NTWQM",2019-02-13 13:55:00,NA,"ISM",2,"Water",NA,8.23,"SU",NA,NA,NA,2019-05-03 13:25:34,NA,2,"",1,1,"S","PARTNTID","F01 ","PH",1,"sample has no depth associated with it"
"96",171,"LRA","ALLARM.LT10","04/03/2019","15:10:00","PH.1","M1",13420,"CMC","NTWQM",2019-04-03 15:10:00,NA,"ISM",2,"Water",NA,8.25,"SU",NA,NA,NA,2019-05-03 13:25:41,NA,2,"",1,1,"S","PARTNTID","F01 ","PH",1,"sample has no depth associated with it"
"97",171,"LRA","ALLARM.LT6","01/30/2019","14:15:00","PH.1","M1",13403,"CMC","NTWQM",2019-01-30 14:15:00,NA,"ISM",2,"Water",NA,8.18,"SU",NA,NA,NA,2019-05-03 13:25:32,NA,2,"",1,1,"S","PARTNTID","F01 ","PH",1,"sample has no depth associated with it"
"100",171,"LRA","ALLARM.LT6","03/06/2019","15:18:00","PH.1","M1",13417,"CMC","NTWQM",2019-03-06 15:18:00,NA,"ISM",2,"Water",NA,7.5,"SU",NA,NA,NA,2019-05-03 13:25:39,NA,2,"",1,1,"S","PARTNTID","F01 ","PH",1,"sample has no depth associated with it"
"101",171,"LRA","ALLARM.LT10","01/30/2019","14:45:00","PH.1","M1",13400,"CMC","NTWQM",2019-01-30 14:45:00,NA,"ISM",2,"Water",NA,8.2,"SU",NA,NA,NA,2019-05-03 13:25:31,NA,2,"",1,1,"S","PARTNTID","F01 ","PH",1,"sample has no depth associated with it"
"103",171,"LRA","ALLARM.LT2","04/03/2019","13:55:00","PH.1","M1",13421,"CMC","NTWQM",2019-04-03 13:55:00,NA,"ISM",2,"Water",NA,8,"SU",NA,NA,NA,2019-05-03 13:25:41,NA,2,"",1,1,"S","PARTNTID","F01 ","PH",1,"sample has no depth associated with it"
"104",171,"LRA","ALLARM.LT6","02/13/2019","14:30:00","PH.1","M1",13410,"CMC","NTWQM",2019-02-13 14:30:00,NA,"ISM",2,"Water",NA,8.18,"SU",NA,NA,NA,2019-05-03 13:25:36,NA,2,"",1,1,"S","PARTNTID","F01 ","PH",1,"sample has no depth associated with it"
"105",171,"LRA","ALLARM.LT5","05/01/2019","14:20:00","PH.1","M1",13429,"CMC","NTWQM",2019-05-01 14:20:00,NA,"ISM",2,"Water",NA,8,"SU",NA,NA,NA,2019-05-03 13:25:46,NA,2,"",1,1,"S","PARTNTID","F01 ","PH",1,"sample has no depth associated with it"
"106",171,"LRA","ALLARM.LT3","03/06/2019","14:00:00","PH.1","M1",13415,"CMC","NTWQM",2019-03-06 14:00:00,NA,"ISM",2,"Water",NA,7.5,"SU",NA,NA,NA,2019-05-03 13:25:38,NA,2,"",1,1,"S","PARTNTID","F01 ","PH",1,"sample has no depth associated with it"
"107",171,"LRA","ALLARM.LT5","03/06/2019","15:00:00","PH.1","M1",13416,"CMC","NTWQM",2019-03-06 15:00:00,NA,"ISM",2,"Water",NA,7.5,"SU",NA,NA,NA,2019-05-03 13:25:39,NA,2,"",1,1,"S","PARTNTID","F01 ","PH",1,"sample has no depth associated with it"
"108",171,"LRA","ALLARM.LT6","05/01/2019","14:40:00","PH.1","M1",13428,"CMC","NTWQM",2019-05-01 14:40:00,NA,"ISM",2,"Water",NA,8,"SU",NA,NA,NA,2019-05-03 13:25:45,NA,2,"",1,1,"S","PARTNTID","F01 ","PH",1,"sample has no depth associated with it"
"109",171,"LRA","ALLARM.LT3","05/01/2019","13:35:00","PH.1","M1",13430,"CMC","NTWQM",2019-05-01 13:35:00,NA,"ISM",2,"Water",NA,8,"SU",NA,NA,NA,2019-05-03 13:25:46,NA,2,"",1,1,"S","PARTNTID","F01 ","PH",1,"sample has no depth associated with it"
"110",171,"LRA","ALLARM.LT9","05/01/2019","14:55:00","PH.1","M1",13427,"CMC","NTWQM",2019-05-01 14:55:00,NA,"ISM",2,"Water",NA,8,"SU",NA,NA,NA,2019-05-03 13:25:45,NA,2,"",1,1,"S","PARTNTID","F01 ","PH",1,"sample has no depth associated with it"
"111",171,"LRA","ALLARM.LT9","03/06/2019","15:31:00","PH.1","M1",13418,"CMC","NTWQM",2019-03-06 15:31:00,NA,"ISM",2,"Water",NA,7.75,"SU",NA,NA,NA,2019-05-03 13:25:40,NA,2,"",1,1,"S","PARTNTID","F01 ","PH",1,"sample has no depth associated with it"
"112",171,"LRA","ALLARM.LT10","02/13/2019","15:00:00","PH.1","M1",13406,"CMC","NTWQM",2019-02-13 15:00:00,NA,"ISM",2,"Water",NA,8.22,"SU",NA,NA,NA,2019-05-03 13:25:34,NA,2,"",1,1,"S","PARTNTID","F01 ","PH",1,"sample has no depth associated with it"
"114",188,"LRA","ALLARM.LT10","03/06/2019","15:37:00","OP.3","M1",13413,"CMC","NTWQM",2019-03-06 15:37:00,NA,"ISM",2,"Water",NA,0.06,"MG/L",NA,NA,NA,2019-05-03 13:25:38,NA,2,"",1,1,"S","PARTNTID","L01 ","PO4F",1,"sample has no depth associated with it"
"115",188,"LRA","ALLARM.LT1","05/01/2019","14:00:00","OP.3","M1",13432,"CMC","NTWQM",2019-05-01 14:00:00,NA,"ISM",2,"Water",NA,0.03,"MG/L",NA,NA,NA,2019-05-03 13:25:48,NA,2,"",1,1,"S","PARTNTID","L01 ","PO4F",1,"sample has no depth associated with it"
"116",188,"CCCD","CCCD.UNTCONCRE0.06","03/03/2019","09:26:00","OP.3","M1",13283,"CMC","NTWQM",2019-03-03 09:26:00,NA,"ISM",2,"Water",NA,0.08,"MG/L",NA,NA,NA,2019-04-30 11:33:34,NA,2,"",1,1,"S","PARTNTID","L01 ","PO4F",1,"sample has no depth associated with it"
"117",188,"LRA","ALLARM.LT10","05/01/2019","15:10:00","OP.3","M1",13426,"CMC","NTWQM",2019-05-01 15:10:00,NA,"ISM",2,"Water",NA,0.06,"MG/L",NA,NA,NA,2019-05-03 13:25:44,NA,2,"",1,1,"S","PARTNTID","L01 ","PO4F",1,"sample has no depth associated with it"
"118",188,"CCCD","CCCD.CONCRE13.64","03/03/2019","08:00:00","OP.3","M1",13268,"CMC","NTWQM",2019-03-03 08:00:00,NA,"ISM",2,"Water",NA,0.15,"MG/L",NA,NA,NA,2019-04-30 11:33:30,NA,2,"",1,1,"S","PARTNTID","L01 ","PO4F",1,"sample has no depth associated with it"
"119",188,"LRA","ALLARM.LT5","01/30/2019","13:58:00","OP.3","M1",13402,"CMC","NTWQM",2019-01-30 13:58:00,NA,"ISM",2,"Water",NA,0.06,"MG/L",NA,NA,NA,2019-05-03 13:25:32,NA,2,"",1,1,"S","PARTNTID","L01 ","PO4F",1,"sample has no depth associated with it"
"120",188,"CCCD","CCCD.BRARUN0.01","03/03/2019","09:05:00","OP.3","M1",13267,"CMC","NTWQM",2019-03-03 09:05:00,NA,"ISM",2,"Water",NA,0.15,"MG/L",NA,NA,NA,2019-04-30 11:33:30,NA,2,"",1,1,"S","PARTNTID","L01 ","PO4F",1,"sample has no depth associated with it"
"121",188,"CCCD","CCCD.CONCRE27.96","03/03/2019","08:50:00","OP.3","M1",13269,"CMC","NTWQM",2019-03-03 08:50:00,NA,"ISM",2,"Water",NA,0.12,"MG/L",NA,NA,NA,2019-04-30 11:33:30,NA,2,"",1,1,"S","PARTNTID","L01 ","PO4F",1,"sample has no depth associated with it"
"123",188,"CCCD","CCCD.MOUROCSPRCRE0.03","03/03/2019","09:55:00","OP.3","M1",13281,"CMC","NTWQM",2019-03-03 09:55:00,NA,"ISM",2,"Water",NA,0.09,"MG/L",NA,NA,NA,2019-04-30 11:33:33,NA,2,"",1,1,"S","PARTNTID","L01 ","PO4F",1,"sample has no depth associated with it"
"124",188,"LRA","ALLARM.LT10","01/30/2019","14:45:00","OP.3","M1",13400,"CMC","NTWQM",2019-01-30 14:45:00,NA,"ISM",2,"Water",NA,0.07,"MG/L",NA,NA,NA,2019-05-03 13:25:31,NA,2,"",1,1,"S","PARTNTID","L01 ","PO4F",1,"sample has no depth associated with it"
"125",188,"CCCD","CCCD.TRISPRRUN0.16","03/03/2019","09:33:00","OP.3","M1",13282,"CMC","NTWQM",2019-03-03 09:33:00,NA,"ISM",2,"Water",NA,0.15,"MG/L",NA,NA,NA,2019-04-30 11:33:33,NA,2,"",1,1,"S","PARTNTID","L01 ","PO4F",1,"sample has no depth associated with it"
"126",188,"CCCD","CCCD.CONCRE5.25","03/03/2019","09:00:00","OP.3","M1",13274,"CMC","NTWQM",2019-03-03 09:00:00,NA,"ISM",2,"Water",NA,0.08,"MG/L",NA,NA,NA,2019-04-30 11:33:31,NA,2,"",1,1,"S","PARTNTID","L01 ","PO4F",1,"sample has no depth associated with it"
"127",188,"LRA","ALLARM.LT2","05/01/2019","13:50:00","OP.3","M1",13431,"CMC","NTWQM",2019-05-01 13:50:00,NA,"ISM",2,"Water",NA,0.01,"MG/L",NA,NA,NA,2019-05-03 13:25:47,NA,2,"",1,1,"S","PARTNTID","L01 ","PO4F",1,"sample has no depth associated with it"
"128",188,"CCCD","CCCD.LETSPRRUN4.77","03/03/2019","09:25:00","OP.3","M1",13279,"CMC","NTWQM",2019-03-03 09:25:00,NA,"ISM",2,"Water",NA,0.08,"MG/L",NA,NA,NA,2019-04-30 11:33:33,NA,2,"",1,1,"S","PARTNTID","L01 ","PO4F",1,"sample has no depth associated with it"
"130",188,"LRA","ALLARM.LT5","04/03/2019","14:24:00","OP.3","M1",13423,"CMC","NTWQM",2019-04-03 14:24:00,NA,"ISM",2,"Water",NA,0.09,"MG/L",NA,NA,NA,2019-05-03 13:25:42,NA,2,"",1,1,"S","PARTNTID","L01 ","PO4F",1,"sample has no depth associated with it"
"131",188,"CCCD","CCCD.CONCRE39.03","03/03/2019","09:13:00","OP.3","M1",13272,"CMC","NTWQM",2019-03-03 09:13:00,NA,"ISM",2,"Water",NA,0.09,"MG/L",NA,NA,NA,2019-04-30 11:33:31,NA,2,"",1,1,"S","PARTNTID","L01 ","PO4F",1,"sample has no depth associated with it"
"132",188,"CCCD","CCCD.GRESPRCRE0.16","03/03/2019","09:40:00","OP.3","M1",13277,"CMC","NTWQM",2019-03-03 09:40:00,NA,"ISM",2,"Water",NA,0.22,"MG/L",NA,NA,NA,2019-04-30 11:33:32,NA,2,"",1,1,"S","PARTNTID","L01 ","PO4F",1,"sample has no depth associated with it"
"133",188,"CCCD","CCCD.CONCRE32.47","03/03/2019","10:00:00","OP.3","M1",13270,"CMC","NTWQM",2019-03-03 10:00:00,NA,"ISM",2,"Water",NA,0.08,"MG/L",NA,NA,NA,2019-04-30 11:33:31,NA,2,"",1,1,"S","PARTNTID","L01 ","PO4F",1,"sample has no depth associated with it"
"135",188,"LRA","ALLARM.LT3","02/13/2019","13:45:00","OP.3","M1",13408,"CMC","NTWQM",2019-02-13 13:45:00,NA,"ISM",2,"Water",NA,0.05,"MG/L",NA,NA,NA,2019-05-03 13:25:35,NA,2,"",1,1,"S","PARTNTID","L01 ","PO4F",1,"sample has no depth associated with it"
"136",188,"LRA","ALLARM.LT2","03/06/2019","14:20:00","OP.3","M1",13414,"CMC","NTWQM",2019-03-06 14:20:00,NA,"ISM",2,"Water",NA,0.02,"MG/L",NA,NA,NA,2019-05-03 13:25:38,NA,2,"",1,1,"S","PARTNTID","L01 ","PO4F",1,"sample has no depth associated with it"
"137",188,"LRA","ALLARM.LT3","04/03/2019","13:37:00","OP.3","M1",13422,"CMC","NTWQM",2019-04-03 13:37:00,NA,"ISM",2,"Water",NA,0,"MG/L",NA,NA,NA,2019-05-03 13:25:42,NA,2,"",1,1,"S","PARTNTID","L01 ","PO4F",1,"sample has no depth associated with it"
"138",188,"LRA","ALLARM.LT9","04/03/2019","14:57:00","OP.3","M1",13425,"CMC","NTWQM",2019-04-03 14:57:00,NA,"ISM",2,"Water",NA,0.1,"MG/L",NA,NA,NA,2019-05-03 13:25:43,NA,2,"",1,1,"S","PARTNTID","L01 ","PO4F",1,"sample has no depth associated with it"
"139",188,"LRA","ALLARM.LT9","05/01/2019","14:55:00","OP.3","M1",13427,"CMC","NTWQM",2019-05-01 14:55:00,NA,"ISM",2,"Water",NA,0.04,"MG/L",NA,NA,NA,2019-05-03 13:25:45,NA,2,"",1,1,"S","PARTNTID","L01 ","PO4F",1,"sample has no depth associated with it"
"140",188,"LRA","ALLARM.LT6","01/30/2019","14:15:00","OP.3","M1",13403,"CMC","NTWQM",2019-01-30 14:15:00,NA,"ISM",2,"Water",NA,0.04,"MG/L",NA,NA,NA,2019-05-03 13:25:32,NA,2,"",1,1,"S","PARTNTID","L01 ","PO4F",1,"sample has no depth associated with it"
"141",188,"LRA","ALLARM.LT10","02/13/2019","15:00:00","OP.3","M1",13406,"CMC","NTWQM",2019-02-13 15:00:00,NA,"ISM",2,"Water",NA,0.03,"MG/L",NA,NA,NA,2019-05-03 13:25:34,NA,2,"",1,1,"S","PARTNTID","L01 ","PO4F",1,"sample has no depth associated with it"
"142",188,"CCCD","CCCD.CONCRE35.82","03/03/2019","10:15:00","OP.3","M1",13271,"CMC","NTWQM",2019-03-03 10:15:00,NA,"ISM",2,"Water",NA,0.16,"MG/L",NA,NA,NA,2019-04-30 11:33:31,NA,2,"",1,1,"S","PARTNTID","L01 ","PO4F",1,"sample has no depth associated with it"
"143",188,"LRA","ALLARM.LT2","01/30/2019","13:34:00","OP.3","M1",13401,"CMC","NTWQM",2019-01-30 13:34:00,NA,"ISM",2,"Water",NA,0.04,"MG/L",NA,NA,NA,2019-05-03 13:25:32,NA,2,"",1,1,"S","PARTNTID","L01 ","PO4F",1,"sample has no depth associated with it"
"144",188,"CCCD","CCCD.CONCRE79.50","03/03/2019","09:00:00","OP.3","M1",13276,"CMC","NTWQM",2019-03-03 09:00:00,NA,"ISM",2,"Water",NA,0.05,"MG/L",NA,NA,NA,2019-04-30 11:33:32,NA,2,"",1,1,"S","PARTNTID","L01 ","PO4F",1,"sample has no depth associated with it"
"145",188,"CCCD","CCCD.CONCRE43.93","03/03/2019","08:15:00","OP.3","M1",13273,"CMC","NTWQM",2019-03-03 08:15:00,NA,"ISM",2,"Water",NA,0.17,"MG/L",NA,NA,NA,2019-04-30 11:33:31,NA,2,"",1,1,"S","PARTNTID","L01 ","PO4F",1,"sample has no depth associated with it"
"146",188,"LRA","ALLARM.LT10","04/03/2019","15:10:00","OP.3","M1",13420,"CMC","NTWQM",2019-04-03 15:10:00,NA,"ISM",2,"Water",NA,0.07,"MG/L",NA,NA,NA,2019-05-03 13:25:41,NA,2,"",1,1,"S","PARTNTID","L01 ","PO4F",1,"sample has no depth associated with it"
"147",188,"LRA","ALLARM.LT6","04/03/2019","14:46:00","OP.3","M1",13424,"CMC","NTWQM",2019-04-03 14:46:00,NA,"ISM",2,"Water",NA,0.09,"MG/L",NA,NA,NA,2019-05-03 13:25:43,NA,2,"",1,1,"S","PARTNTID","L01 ","PO4F",1,"sample has no depth associated with it"
"148",188,"CCCD","CCCD.MIDSPRCRE0.02","03/03/2019","09:08:00","OP.3","M1",13280,"CMC","NTWQM",2019-03-03 09:08:00,NA,"ISM",2,"Water",NA,0.2,"MG/L",NA,NA,NA,2019-04-30 11:33:33,NA,2,"",1,1,"S","PARTNTID","L01 ","PO4F",1,"sample has no depth associated with it"
"149",188,"CCCD","CCCD.WERRUN0.34","03/03/2019","07:45:00","OP.3","M1",13285,"CMC","NTWQM",2019-03-03 07:45:00,NA,"ISM",2,"Water",NA,0.13,"MG/L",NA,NA,NA,2019-04-30 11:33:34,NA,2,"",1,1,"S","PARTNTID","L01 ","PO4F",1,"sample has no depth associated with it"
"150",188,"CCCD","CCCD.BIGSPRCRE1.23","03/03/2019","09:20:00","OP.3","M1",13266,"CMC","NTWQM",2019-03-03 09:20:00,NA,"ISM",2,"Water",NA,0.06,"MG/L",NA,NA,NA,2019-04-30 11:33:30,NA,2,"",1,1,"S","PARTNTID","L01 ","PO4F",1,"sample has no depth associated with it"
"151",188,"LRA","ALLARM.LT2","02/13/2019","13:55:00","OP.3","M1",13407,"CMC","NTWQM",2019-02-13 13:55:00,NA,"ISM",2,"Water",NA,0.06,"MG/L",NA,NA,NA,2019-05-03 13:25:34,NA,2,"",1,1,"S","PARTNTID","L01 ","PO4F",1,"sample has no depth associated with it"
"152",188,"LRA","ALLARM.LT9","02/13/2019","14:45:00","OP.3","M1",13411,"CMC","NTWQM",2019-02-13 14:45:00,NA,"ISM",2,"Water",NA,0.1,"MG/L",NA,NA,NA,2019-05-03 13:25:36,NA,2,"",1,1,"S","PARTNTID","L01 ","PO4F",1,"sample has no depth associated with it"
"153",188,"LRA","ALLARM.LT5","03/06/2019","15:00:00","OP.3","M1",13416,"CMC","NTWQM",2019-03-06 15:00:00,NA,"ISM",2,"Water",NA,0.1,"MG/L",NA,NA,NA,2019-05-03 13:25:39,NA,2,"",1,1,"S","PARTNTID","L01 ","PO4F",1,"sample has no depth associated with it"
"154",188,"LRA","ALLARM.LT9","01/30/2019","14:30:00","OP.3","M1",13404,"CMC","NTWQM",2019-01-30 14:30:00,NA,"ISM",2,"Water",NA,0.09,"MG/L",NA,NA,NA,2019-05-03 13:25:33,NA,2,"",1,1,"S","PARTNTID","L01 ","PO4F",1,"sample has no depth associated with it"
"155",188,"LRA","ALLARM.LT5","05/01/2019","14:20:00","OP.3","M1",13429,"CMC","NTWQM",2019-05-01 14:20:00,NA,"ISM",2,"Water",NA,0.02,"MG/L",NA,NA,NA,2019-05-03 13:25:46,NA,2,"",1,1,"S","PARTNTID","L01 ","PO4F",1,"sample has no depth associated with it"
"156",188,"LRA","ALLARM.LT9","03/06/2019","15:31:00","OP.3","M1",13418,"CMC","NTWQM",2019-03-06 15:31:00,NA,"ISM",2,"Water",NA,0.1,"MG/L",NA,NA,NA,2019-05-03 13:25:40,NA,2,"",1,1,"S","PARTNTID","L01 ","PO4F",1,"sample has no depth associated with it"
"157",188,"LRA","ALLARM.LT3","03/06/2019","14:00:00","OP.3","M1",13415,"CMC","NTWQM",2019-03-06 14:00:00,NA,"ISM",2,"Water",NA,0.08,"MG/L",NA,NA,NA,2019-05-03 13:25:38,NA,2,"",1,1,"S","PARTNTID","L01 ","PO4F",1,"sample has no depth associated with it"
"158",188,"LRA","ALLARM.LT2","04/03/2019","13:55:00","OP.3","M1",13421,"CMC","NTWQM",2019-04-03 13:55:00,NA,"ISM",2,"Water",NA,0.05,"MG/L",NA,NA,NA,2019-05-03 13:25:41,NA,2,"",1,1,"S","PARTNTID","L01 ","PO4F",1,"sample has no depth associated with it"
"159",188,"LRA","ALLARM.LT6","02/13/2019","14:30:00","OP.3","M1",13410,"CMC","NTWQM",2019-02-13 14:30:00,NA,"ISM",2,"Water",NA,0.09,"MG/L",NA,NA,NA,2019-05-03 13:25:36,NA,2,"",1,1,"S","PARTNTID","L01 ","PO4F",1,"sample has no depth associated with it"
"160",188,"CCCD","CCCD.UNTCONCRE2.68","03/03/2019","10:15:00","OP.3","M1",13284,"CMC","NTWQM",2019-03-03 10:15:00,NA,"ISM",2,"Water",NA,0.14,"MG/L",NA,NA,NA,2019-04-30 11:33:34,NA,2,"",1,1,"S","PARTNTID","L01 ","PO4F",1,"sample has no depth associated with it"
"161",188,"LRA","ALLARM.LT3","05/01/2019","13:35:00","OP.3","M1",13430,"CMC","NTWQM",2019-05-01 13:35:00,NA,"ISM",2,"Water",NA,0.04,"MG/L",NA,NA,NA,2019-05-03 13:25:46,NA,2,"",1,1,"S","PARTNTID","L01 ","PO4F",1,"sample has no depth associated with it"
"162",188,"LRA","ALLARM.LT5","02/13/2019","14:15:00","OP.3","M1",13409,"CMC","NTWQM",2019-02-13 14:15:00,NA,"ISM",2,"Water",NA,0.05,"MG/L",NA,NA,NA,2019-05-03 13:25:35,NA,2,"",1,1,"S","PARTNTID","L01 ","PO4F",1,"sample has no depth associated with it"
"163",188,"CCCD","CCCD.CONCRE59.72","03/03/2019","09:15:00","OP.3","M1",13275,"CMC","NTWQM",2019-03-03 09:15:00,NA,"ISM",2,"Water",NA,0.12,"MG/L",NA,NA,NA,2019-04-30 11:33:32,NA,2,"",1,1,"S","PARTNTID","L01 ","PO4F",1,"sample has no depth associated with it"
"164",188,"LRA","ALLARM.LT6","05/01/2019","14:40:00","OP.3","M1",13428,"CMC","NTWQM",2019-05-01 14:40:00,NA,"ISM",2,"Water",NA,0.05,"MG/L",NA,NA,NA,2019-05-03 13:25:45,NA,2,"",1,1,"S","PARTNTID","L01 ","PO4F",1,"sample has no depth associated with it"
"165",188,"LRA","ALLARM.LT6","03/06/2019","15:18:00","OP.3","M1",13417,"CMC","NTWQM",2019-03-06 15:18:00,NA,"ISM",2,"Water",NA,0.05,"MG/L",NA,NA,NA,2019-05-03 13:25:39,NA,2,"",1,1,"S","PARTNTID","L01 ","PO4F",1,"sample has no depth associated with it"
"225",242,"LRA","ALLARM.LT2","02/13/2019","13:55:00","CO.1","M1",13407,"CMC","NTWQM",2019-02-13 13:55:00,NA,"ISM",2,"Water",NA,555,"US/CM",NA,NA,NA,2019-05-03 13:25:34,NA,2,"",1,1,"S","PARTNTID","F02 ","SPCOND",1,"sample has no depth associated with it"
"227",242,"CCCD","CCCD.CONCRE59.72","03/03/2019","09:15:00","CO.1","M1",13275,"CMC","NTWQM",2019-03-03 09:15:00,NA,"ISM",2,"Water",NA,263,"US/CM",NA,NA,NA,2019-04-30 11:33:32,NA,2,"",1,1,"S","PARTNTID","F02 ","SPCOND",1,"sample has no depth associated with it"
"228",242,"LRA","ALLARM.LT2","05/01/2019","13:50:00","CO.1","M1",13431,"CMC","NTWQM",2019-05-01 13:50:00,NA,"ISM",2,"Water",NA,556.5,"US/CM",NA,NA,NA,2019-05-03 13:25:47,NA,2,"",1,1,"S","PARTNTID","F02 ","SPCOND",1,"sample has no depth associated with it"
"229",242,"CCCD","CCCD.MIDSPRCRE0.02","03/03/2019","09:08:00","CO.1","M1",13280,"CMC","NTWQM",2019-03-03 09:08:00,NA,"ISM",2,"Water",NA,440,"US/CM",NA,NA,NA,2019-04-30 11:33:33,NA,2,"",1,1,"S","PARTNTID","F02 ","SPCOND",1,"sample has no depth associated with it"
"230",242,"LRA","ALLARM.LT10","02/13/2019","15:00:00","CO.1","M1",13406,"CMC","NTWQM",2019-02-13 15:00:00,NA,"ISM",2,"Water",NA,1152,"US/CM",NA,NA,NA,2019-05-03 13:25:34,NA,2,"",1,1,"S","PARTNTID","F02 ","SPCOND",1,"sample has no depth associated with it"
"231",242,"LRA","ALLARM.LT10","03/06/2019","15:37:00","CO.1","M1",13413,"CMC","NTWQM",2019-03-06 15:37:00,NA,"ISM",2,"Water",NA,875.5,"US/CM",NA,NA,NA,2019-05-03 13:25:38,NA,2,"",1,1,"S","PARTNTID","F02 ","SPCOND",1,"sample has no depth associated with it"
"232",242,"LRA","ALLARM.LT10","04/03/2019","15:10:00","CO.1","M1",13420,"CMC","NTWQM",2019-04-03 15:10:00,NA,"ISM",2,"Water",NA,723.5,"US/CM",NA,NA,NA,2019-05-03 13:25:41,NA,2,"",1,1,"S","PARTNTID","F02 ","SPCOND",1,"sample has no depth associated with it"
"233",242,"CCCD","CCCD.CONCRE39.03","03/03/2019","09:13:00","CO.1","M1",13272,"CMC","NTWQM",2019-03-03 09:13:00,NA,"ISM",2,"Water",NA,319,"US/CM",NA,NA,NA,2019-04-30 11:33:31,NA,2,"",1,1,"S","PARTNTID","F02 ","SPCOND",1,"sample has no depth associated with it"
"234",242,"CCCD","CCCD.TRISPRRUN0.16","03/03/2019","09:33:00","CO.1","M1",13282,"CMC","NTWQM",2019-03-03 09:33:00,NA,"ISM",2,"Water",NA,970,"US/CM",NA,NA,NA,2019-04-30 11:33:33,NA,2,"",1,1,"S","PARTNTID","F02 ","SPCOND",1,"sample has no depth associated with it"
"235",242,"LRA","ALLARM.LT10","05/01/2019","15:10:00","CO.1","M1",13426,"CMC","NTWQM",2019-05-01 15:10:00,NA,"ISM",2,"Water",NA,592,"US/CM",NA,NA,NA,2019-05-03 13:25:44,NA,2,"",1,1,"S","PARTNTID","F02 ","SPCOND",1,"sample has no depth associated with it"
"236",242,"CCCD","CCCD.BIGSPRCRE1.23","03/03/2019","09:20:00","CO.1","M1",13266,"CMC","NTWQM",2019-03-03 09:20:00,NA,"ISM",2,"Water",NA,624,"US/CM",NA,NA,NA,2019-04-30 11:33:30,NA,2,"",1,1,"S","PARTNTID","F02 ","SPCOND",1,"sample has no depth associated with it"
"237",242,"LRA","ALLARM.LT2","03/06/2019","14:20:00","CO.1","M1",13414,"CMC","NTWQM",2019-03-06 14:20:00,NA,"ISM",2,"Water",NA,578.5,"US/CM",NA,NA,NA,2019-05-03 13:25:38,NA,2,"",1,1,"S","PARTNTID","F02 ","SPCOND",1,"sample has no depth associated with it"
"238",242,"LRA","ALLARM.LT3","03/06/2019","14:00:00","CO.1","M1",13415,"CMC","NTWQM",2019-03-06 14:00:00,NA,"ISM",2,"Water",NA,607,"US/CM",NA,NA,NA,2019-05-03 13:25:38,NA,2,"",1,1,"S","PARTNTID","F02 ","SPCOND",1,"sample has no depth associated with it"
"239",242,"LRA","ALLARM.LT2","01/30/2019","13:34:00","CO.1","M1",13401,"CMC","NTWQM",2019-01-30 13:34:00,NA,"ISM",2,"Water",NA,557.5,"US/CM",NA,NA,NA,2019-05-03 13:25:32,NA,2,"",1,1,"S","PARTNTID","F02 ","SPCOND",1,"sample has no depth associated with it"
"240",242,"CCCD","CCCD.BRARUN0.01","03/03/2019","09:05:00","CO.1","M1",13267,"CMC","NTWQM",2019-03-03 09:05:00,NA,"ISM",2,"Water",NA,305,"US/CM",NA,NA,NA,2019-04-30 11:33:30,NA,2,"",1,1,"S","PARTNTID","F02 ","SPCOND",1,"sample has no depth associated with it"
"241",242,"LRA","ALLARM.LT5","01/30/2019","13:58:00","CO.1","M1",13402,"CMC","NTWQM",2019-01-30 13:58:00,NA,"ISM",2,"Water",NA,601,"US/CM",NA,NA,NA,2019-05-03 13:25:32,NA,2,"",1,1,"S","PARTNTID","F02 ","SPCOND",1,"sample has no depth associated with it"
"242",242,"LRA","ALLARM.LT3","02/13/2019","13:45:00","CO.1","M1",13408,"CMC","NTWQM",2019-02-13 13:45:00,NA,"ISM",2,"Water",NA,573,"US/CM",NA,NA,NA,2019-05-03 13:25:35,NA,2,"",1,1,"S","PARTNTID","F02 ","SPCOND",1,"sample has no depth associated with it"
"243",242,"LRA","ALLARM.LT5","04/03/2019","14:24:00","CO.1","M1",13423,"CMC","NTWQM",2019-04-03 14:24:00,NA,"ISM",2,"Water",NA,591,"US/CM",NA,NA,NA,2019-05-03 13:25:42,NA,2,"",1,1,"S","PARTNTID","F02 ","SPCOND",1,"sample has no depth associated with it"
"244",242,"LRA","ALLARM.LT5","03/06/2019","15:00:00","CO.1","M1",13416,"CMC","NTWQM",2019-03-06 15:00:00,NA,"ISM",2,"Water",NA,610.5,"US/CM",NA,NA,NA,2019-05-03 13:25:39,NA,2,"",1,1,"S","PARTNTID","F02 ","SPCOND",1,"sample has no depth associated with it"
"245",242,"LRA","ALLARM.LT6","03/06/2019","15:18:00","CO.1","M1",13417,"CMC","NTWQM",2019-03-06 15:18:00,NA,"ISM",2,"Water",NA,678.5,"US/CM",NA,NA,NA,2019-05-03 13:25:39,NA,2,"",1,1,"S","PARTNTID","F02 ","SPCOND",1,"sample has no depth associated with it"
"246",242,"LRA","ALLARM.LT1","05/01/2019","14:00:00","CO.1","M1",13432,"CMC","NTWQM",2019-05-01 14:00:00,NA,"ISM",2,"Water",NA,581,"US/CM",NA,NA,NA,2019-05-03 13:25:48,NA,2,"",1,1,"S","PARTNTID","F02 ","SPCOND",1,"sample has no depth associated with it"
"247",242,"LRA","ALLARM.LT9","03/06/2019","15:31:00","CO.1","M1",13418,"CMC","NTWQM",2019-03-06 15:31:00,NA,"ISM",2,"Water",NA,808.5,"US/CM",NA,NA,NA,2019-05-03 13:25:40,NA,2,"",1,1,"S","PARTNTID","F02 ","SPCOND",1,"sample has no depth associated with it"
"248",242,"LRA","ALLARM.LT9","02/13/2019","14:45:00","CO.1","M1",13411,"CMC","NTWQM",2019-02-13 14:45:00,NA,"ISM",2,"Water",NA,745.5,"US/CM",NA,NA,NA,2019-05-03 13:25:36,NA,2,"",1,1,"S","PARTNTID","F02 ","SPCOND",1,"sample has no depth associated with it"
"249",242,"LRA","ALLARM.LT5","02/13/2019","14:15:00","CO.1","M1",13409,"CMC","NTWQM",2019-02-13 14:15:00,NA,"ISM",2,"Water",NA,592.5,"US/CM",NA,NA,NA,2019-05-03 13:25:35,NA,2,"",1,1,"S","PARTNTID","F02 ","SPCOND",1,"sample has no depth associated with it"
"250",242,"CCCD","CCCD.CONCRE32.47","03/03/2019","10:00:00","CO.1","M1",13270,"CMC","NTWQM",2019-03-03 10:00:00,NA,"ISM",2,"Water",NA,35,"US/CM",NA,NA,NA,2019-04-30 11:33:31,NA,2,"",1,1,"S","PARTNTID","F02 ","SPCOND",1,"sample has no depth associated with it"
"252",242,"LRA","ALLARM.LT6","04/03/2019","14:46:00","CO.1","M1",13424,"CMC","NTWQM",2019-04-03 14:46:00,NA,"ISM",2,"Water",NA,610,"US/CM",NA,NA,NA,2019-05-03 13:25:43,NA,2,"",1,1,"S","PARTNTID","F02 ","SPCOND",1,"sample has no depth associated with it"
"253",242,"OCCA","OCCA.BUTCRE23.20","02/16/2019","09:56:00","CO.1","M1",13303,"CMC","NTWQM",2019-02-16 09:56:00,NA,"ISM",2,"Water",NA,114,"US/CM",NA,NA,NA,2019-05-02 11:54:33,NA,2,"",1,1,"S","PARTNTID","F02 ","SPCOND",1,"sample has no depth associated with it"
"254",242,"LRA","ALLARM.LT9","01/30/2019","14:30:00","CO.1","M1",13404,"CMC","NTWQM",2019-01-30 14:30:00,NA,"ISM",2,"Water",NA,712,"US/CM",NA,NA,NA,2019-05-03 13:25:33,NA,2,"",1,1,"S","PARTNTID","F02 ","SPCOND",1,"sample has no depth associated with it"
"255",242,"LRA","ALLARM.LT6","01/30/2019","14:15:00","CO.1","M1",13403,"CMC","NTWQM",2019-01-30 14:15:00,NA,"ISM",2,"Water",NA,616.5,"US/CM",NA,NA,NA,2019-05-03 13:25:32,NA,2,"",1,1,"S","PARTNTID","F02 ","SPCOND",1,"sample has no depth associated with it"
"256",242,"OCCA","OCCA.BUTCRE23.20","03/16/2019","09:45:00","CO.1","M1",13302,"CMC","NTWQM",2019-03-16 09:45:00,NA,"ISM",2,"Water",NA,86.6,"US/CM",NA,NA,NA,2019-05-02 11:54:33,NA,2,"",1,1,"S","PARTNTID","F02 ","SPCOND",1,"sample has no depth associated with it"
"257",242,"CCCD","CCCD.UNTCONCRE0.06","03/03/2019","09:26:00","CO.1","M1",13283,"CMC","NTWQM",2019-03-03 09:26:00,NA,"ISM",2,"Water",NA,166.5,"US/CM",NA,NA,NA,2019-04-30 11:33:34,NA,2,"",1,1,"S","PARTNTID","F02 ","SPCOND",1,"sample has no depth associated with it"
"258",242,"OCCA","OCCA.BUTCRE17.90","01/18/2019","07:15:00","CO.1","M1",13288,"CMC","NTWQM",2019-01-18 07:15:00,NA,"ISM",2,"Water",NA,114.2,"US/CM",NA,NA,NA,2019-05-02 11:54:25,NA,2,"",1,1,"S","PARTNTID","F02 ","SPCOND",1,"sample has no depth associated with it"
"259",242,"LRA","ALLARM.LT2","04/03/2019","13:55:00","CO.1","M1",13421,"CMC","NTWQM",2019-04-03 13:55:00,NA,"ISM",2,"Water",NA,563,"US/CM",NA,NA,NA,2019-05-03 13:25:41,NA,2,"",1,1,"S","PARTNTID","F02 ","SPCOND",1,"sample has no depth associated with it"
"260",242,"LRA","ALLARM.LT3","05/01/2019","13:35:00","CO.1","M1",13430,"CMC","NTWQM",2019-05-01 13:35:00,NA,"ISM",2,"Water",NA,565.5,"US/CM",NA,NA,NA,2019-05-03 13:25:46,NA,2,"",1,1,"S","PARTNTID","F02 ","SPCOND",1,"sample has no depth associated with it"
"261",242,"OCCA","OCCA.REDCRE1.34","01/18/2019","11:40:00","CO.1","M1",13354,"CMC","NTWQM",2019-01-18 11:40:00,NA,"ISM",2,"Water",NA,140,"US/CM",NA,NA,NA,2019-05-02 11:55:09,NA,2,"",1,1,"S","PARTNTID","F02 ","SPCOND",1,"sample has no depth associated with it"
"262",242,"LRA","ALLARM.LT9","04/03/2019","14:57:00","CO.1","M1",13425,"CMC","NTWQM",2019-04-03 14:57:00,NA,"ISM",2,"Water",NA,698.5,"US/CM",NA,NA,NA,2019-05-03 13:25:43,NA,2,"",1,1,"S","PARTNTID","F02 ","SPCOND",1,"sample has no depth associated with it"
"263",242,"OCCA","OCCA.SUSRIV466.75","03/14/2019","14:35:00","CO.1","M1",13370,"CMC","NTWQM",2019-03-14 14:35:00,NA,"ISM",2,"Water",NA,378,"US/CM",NA,NA,NA,2019-05-02 11:55:25,NA,2,"",1,1,"S","PARTNTID","F02 ","SPCOND",1,"sample has no depth associated with it"
"264",242,"LRA","ALLARM.LT3","04/03/2019","13:37:00","CO.1","M1",13422,"CMC","NTWQM",2019-04-03 13:37:00,NA,"ISM",2,"Water",NA,585.5,"US/CM",NA,NA,NA,2019-05-03 13:25:42,NA,2,"",1,1,"S","PARTNTID","F02 ","SPCOND",1,"sample has no depth associated with it"
"265",242,"OCCA","OCCA.UNTOTSLAK0.37","03/14/2019","13:11:00","CO.1","M1",13382,"CMC","NTWQM",2019-03-14 13:11:00,NA,"ISM",2,"Water",NA,348.3,"US/CM",NA,NA,NA,2019-05-02 11:55:37,NA,2,"",1,1,"S","PARTNTID","F02 ","SPCOND",1,"sample has no depth associated with it"
"266",242,"CCCD","CCCD.UNTCONCRE2.68","03/03/2019","10:15:00","CO.1","M1",13284,"CMC","NTWQM",2019-03-03 10:15:00,NA,"ISM",2,"Water",NA,180.9,"US/CM",NA,NA,NA,2019-04-30 11:33:34,NA,2,"",1,1,"S","PARTNTID","F02 ","SPCOND",1,"sample has no depth associated with it"
"267",242,"OCCA","OCCA.BUTCRE23.20","01/19/2019","09:10:00","CO.1","M1",13304,"CMC","NTWQM",2019-01-19 09:10:00,NA,"ISM",2,"Water",NA,130,"US/CM",NA,NA,NA,2019-05-02 11:54:34,NA,2,"",1,1,"S","PARTNTID","F02 ","SPCOND",1,"sample has no depth associated with it"
"268",242,"CCCD","CCCD.HOGRUN0.98","03/03/2019","08:10:00","CO.1","M1",13278,"CMC","NTWQM",2019-03-03 08:10:00,NA,"ISM",2,"Water",NA,670,"US/CM",NA,NA,NA,2019-04-30 11:33:32,NA,2,"",1,1,"S","PARTNTID","F02 ","SPCOND",1,"sample has no depth associated with it"
"269",242,"LRA","ALLARM.LT6","05/01/2019","14:40:00","CO.1","M1",13428,"CMC","NTWQM",2019-05-01 14:40:00,NA,"ISM",2,"Water",NA,596,"US/CM",NA,NA,NA,2019-05-03 13:25:45,NA,2,"",1,1,"S","PARTNTID","F02 ","SPCOND",1,"sample has no depth associated with it"
"270",242,"OCCA","OCCA.UNTOTSLAK0.37","01/17/2019","12:10:00","CO.1","M1",13383,"CMC","NTWQM",2019-01-17 12:10:00,NA,"ISM",2,"Water",NA,37.13,"US/CM",NA,NA,NA,2019-05-02 11:55:38,NA,2,"",1,1,"S","PARTNTID","F02 ","SPCOND",1,"sample has no depth associated with it"
"271",242,"OCCA","OCCA.SUSRIV466.75","02/17/2019","10:55:00","CO.1","M1",13371,"CMC","NTWQM",2019-02-17 10:55:00,NA,"ISM",2,"Water",NA,31.1,"US/CM",NA,NA,NA,2019-05-02 11:55:26,NA,2,"",1,1,"S","PARTNTID","F02 ","SPCOND",1,"sample has no depth associated with it"
"274",242,"OCCA","OCCA.ELKCRE0.05","01/19/2019","10:15:00","CO.1","M1",13320,"CMC","NTWQM",2019-01-19 10:15:00,NA,"ISM",2,"Water",NA,83.6,"US/CM",NA,NA,NA,2019-05-02 11:54:42,NA,2,"",1,1,"S","PARTNTID","F02 ","SPCOND",1,"sample has no depth associated with it"
"275",242,"CCCD","CCCD.CONCRE5.25","03/03/2019","09:00:00","CO.1","M1",13274,"CMC","NTWQM",2019-03-03 09:00:00,NA,"ISM",2,"Water",NA,437,"US/CM",NA,NA,NA,2019-04-30 11:33:31,NA,2,"",1,1,"S","PARTNTID","F02 ","SPCOND",1,"sample has no depth associated with it"
"276",242,"LRA","ALLARM.LT10","01/30/2019","14:45:00","CO.1","M1",13400,"CMC","NTWQM",2019-01-30 14:45:00,NA,"ISM",2,"Water",NA,716.5,"US/CM",NA,NA,NA,2019-05-03 13:25:31,NA,2,"",1,1,"S","PARTNTID","F02 ","SPCOND",1,"sample has no depth associated with it"
"277",242,"LRA","ALLARM.LT5","05/01/2019","14:20:00","CO.1","M1",13429,"CMC","NTWQM",2019-05-01 14:20:00,NA,"ISM",2,"Water",NA,572.5,"US/CM",NA,NA,NA,2019-05-03 13:25:46,NA,2,"",1,1,"S","PARTNTID","F02 ","SPCOND",1,"sample has no depth associated with it"
"278",242,"CCCD","CCCD.GRESPRCRE0.16","03/03/2019","09:40:00","CO.1","M1",13277,"CMC","NTWQM",2019-03-03 09:40:00,NA,"ISM",2,"Water",NA,640,"US/CM",NA,NA,NA,2019-04-30 11:33:32,NA,2,"",1,1,"S","PARTNTID","F02 ","SPCOND",1,"sample has no depth associated with it"
"279",242,"LRA","ALLARM.LT9","05/01/2019","14:55:00","CO.1","M1",13427,"CMC","NTWQM",2019-05-01 14:55:00,NA,"ISM",2,"Water",NA,585.5,"US/CM",NA,NA,NA,2019-05-03 13:25:45,NA,2,"",1,1,"S","PARTNTID","F02 ","SPCOND",1,"sample has no depth associated with it"
"280",242,"CCCD","CCCD.WERRUN0.34","03/03/2019","07:45:00","CO.1","M1",13285,"CMC","NTWQM",2019-03-03 07:45:00,NA,"ISM",2,"Water",NA,208,"US/CM",NA,NA,NA,2019-04-30 11:33:34,NA,2,"",1,1,"S","PARTNTID","F02 ","SPCOND",1,"sample has no depth associated with it"
"281",242,"OCCA","OCCA.OTECRE21.08","01/19/2019","16:30:00","CO.1","M1",13340,"CMC","NTWQM",2019-01-19 16:30:00,NA,"ISM",2,"Water",NA,159.6,"US/CM",NA,NA,NA,2019-05-02 11:54:57,NA,2,"",1,1,"S","PARTNTID","F02 ","SPCOND",1,"sample has no depth associated with it"
"282",242,"LRA","ALLARM.LT6","02/13/2019","14:30:00","CO.1","M1",13410,"CMC","NTWQM",2019-02-13 14:30:00,NA,"ISM",2,"Water",NA,635.5,"US/CM",NA,NA,NA,2019-05-03 13:25:36,NA,2,"",1,1,"S","PARTNTID","F02 ","SPCOND",1,"sample has no depth associated with it"
"283",242,"CCCD","CCCD.CONCRE27.96","03/03/2019","08:50:00","CO.1","M1",13269,"CMC","NTWQM",2019-03-03 08:50:00,NA,"ISM",2,"Water",NA,288,"US/CM",NA,NA,NA,2019-04-30 11:33:30,NA,2,"",1,1,"S","PARTNTID","F02 ","SPCOND",1,"sample has no depth associated with it"
"284",242,"CCCD","CCCD.CONCRE79.50","03/03/2019","09:00:00","CO.1","M1",13276,"CMC","NTWQM",2019-03-03 09:00:00,NA,"ISM",2,"Water",NA,54.25,"US/CM",NA,NA,NA,2019-04-30 11:33:32,NA,2,"",1,1,"S","PARTNTID","F02 ","SPCOND",1,"sample has no depth associated with it"
"286",402,"LRA","ALLARM.LT2","01/30/2019","13:34:00","WC.6","M1",13401,"CMC","NTWQM",2019-01-30 13:34:00,NA,"ISM",2,"Water",NA,1.74,"NTU",NA,NA,NA,2019-05-03 13:25:32,NA,2,"",1,1,"S","PARTNTID","L01 ","TURB_NTU",1,"sample has no depth associated with it"
"288",402,"LRA","ALLARM.LT10","04/03/2019","15:10:00","WC.6","M1",13420,"CMC","NTWQM",2019-04-03 15:10:00,NA,"ISM",2,"Water",NA,7.71,"NTU",NA,NA,NA,2019-05-03 13:25:41,NA,2,"",1,1,"S","PARTNTID","L01 ","TURB_NTU",1,"sample has no depth associated with it"
"293",402,"LRA","ALLARM.LT10","01/30/2019","14:45:00","WC.6","M1",13400,"CMC","NTWQM",2019-01-30 14:45:00,NA,"ISM",2,"Water",NA,9.26,"NTU",NA,NA,NA,2019-05-03 13:25:31,NA,2,"",1,1,"S","PARTNTID","L01 ","TURB_NTU",1,"sample has no depth associated with it"
"295",402,"LRA","ALLARM.LT2","02/13/2019","13:55:00","WC.6","M1",13407,"CMC","NTWQM",2019-02-13 13:55:00,NA,"ISM",2,"Water",NA,2.38,"NTU",NA,NA,NA,2019-05-03 13:25:34,NA,2,"",1,1,"S","PARTNTID","L01 ","TURB_NTU",1,"sample has no depth associated with it"
"296",402,"LRA","ALLARM.LT10","05/01/2019","15:10:00","WC.6","M1",13426,"CMC","NTWQM",2019-05-01 15:10:00,NA,"ISM",2,"Water",NA,5.29,"NTU",NA,NA,NA,2019-05-03 13:25:44,NA,2,"",1,1,"S","PARTNTID","L01 ","TURB_NTU",1,"sample has no depth associated with it"
"297",402,"LRA","ALLARM.LT2","04/03/2019","13:55:00","WC.6","M1",13421,"CMC","NTWQM",2019-04-03 13:55:00,NA,"ISM",2,"Water",NA,1.29,"NTU",NA,NA,NA,2019-05-03 13:25:41,NA,2,"",1,1,"S","PARTNTID","L01 ","TURB_NTU",1,"sample has no depth associated with it"
"303",402,"LRA","ALLARM.LT10","03/06/2019","15:37:00","WC.6","M1",13413,"CMC","NTWQM",2019-03-06 15:37:00,NA,"ISM",2,"Water",NA,2.47,"NTU",NA,NA,NA,2019-05-03 13:25:38,NA,2,"",1,1,"S","PARTNTID","L01 ","TURB_NTU",1,"sample has no depth associated with it"
"305",402,"LRA","ALLARM.LT1","05/01/2019","14:00:00","WC.6","M1",13432,"CMC","NTWQM",2019-05-01 14:00:00,NA,"ISM",2,"Water",NA,3.79,"NTU",NA,NA,NA,2019-05-03 13:25:48,NA,2,"",1,1,"S","PARTNTID","L01 ","TURB_NTU",1,"sample has no depth associated with it"
"308",402,"LRA","ALLARM.LT10","02/13/2019","15:00:00","WC.6","M1",13406,"CMC","NTWQM",2019-02-13 15:00:00,NA,"ISM",2,"Water",NA,8.56,"NTU",NA,NA,NA,2019-05-03 13:25:34,NA,2,"",1,1,"S","PARTNTID","L01 ","TURB_NTU",1,"sample has no depth associated with it"
"309",402,"LRA","ALLARM.LT5","03/06/2019","15:00:00","WC.6","M1",13416,"CMC","NTWQM",2019-03-06 15:00:00,NA,"ISM",2,"Water",NA,1.23,"NTU",NA,NA,NA,2019-05-03 13:25:39,NA,2,"",1,1,"S","PARTNTID","L01 ","TURB_NTU",1,"sample has no depth associated with it"
"310",402,"LRA","ALLARM.LT6","03/06/2019","15:18:00","WC.6","M1",13417,"CMC","NTWQM",2019-03-06 15:18:00,NA,"ISM",2,"Water",NA,1.2,"NTU",NA,NA,NA,2019-05-03 13:25:39,NA,2,"",1,1,"S","PARTNTID","L01 ","TURB_NTU",1,"sample has no depth associated with it"
"311",402,"LRA","ALLARM.LT6","05/01/2019","14:40:00","WC.6","M1",13428,"CMC","NTWQM",2019-05-01 14:40:00,NA,"ISM",2,"Water",NA,3.02,"NTU",NA,NA,NA,2019-05-03 13:25:45,NA,2,"",1,1,"S","PARTNTID","L01 ","TURB_NTU",1,"sample has no depth associated with it"
"312",402,"LRA","ALLARM.LT5","05/01/2019","14:20:00","WC.6","M1",13429,"CMC","NTWQM",2019-05-01 14:20:00,NA,"ISM",2,"Water",NA,1.96,"NTU",NA,NA,NA,2019-05-03 13:25:46,NA,2,"",1,1,"S","PARTNTID","L01 ","TURB_NTU",1,"sample has no depth associated with it"
"314",402,"LRA","ALLARM.LT3","02/13/2019","13:45:00","WC.6","M1",13408,"CMC","NTWQM",2019-02-13 13:45:00,NA,"ISM",2,"Water",NA,7.78,"NTU",NA,NA,NA,2019-05-03 13:25:35,NA,2,"",1,1,"S","PARTNTID","L01 ","TURB_NTU",1,"sample has no depth associated with it"
"315",402,"LRA","ALLARM.LT5","02/13/2019","14:15:00","WC.6","M1",13409,"CMC","NTWQM",2019-02-13 14:15:00,NA,"ISM",2,"Water",NA,2.18,"NTU",NA,NA,NA,2019-05-03 13:25:35,NA,2,"",1,1,"S","PARTNTID","L01 ","TURB_NTU",1,"sample has no depth associated with it"
"317",402,"LRA","ALLARM.LT2","03/06/2019","14:20:00","WC.6","M1",13414,"CMC","NTWQM",2019-03-06 14:20:00,NA,"ISM",2,"Water",NA,1.33,"NTU",NA,NA,NA,2019-05-03 13:25:38,NA,2,"",1,1,"S","PARTNTID","L01 ","TURB_NTU",1,"sample has no depth associated with it"
"323",402,"LRA","ALLARM.LT3","03/06/2019","14:00:00","WC.6","M1",13415,"CMC","NTWQM",2019-03-06 14:00:00,NA,"ISM",2,"Water",NA,2.63,"NTU",NA,NA,NA,2019-05-03 13:25:38,NA,2,"",1,1,"S","PARTNTID","L01 ","TURB_NTU",1,"sample has no depth associated with it"
"324",402,"LRA","ALLARM.LT3","05/01/2019","13:35:00","WC.6","M1",13430,"CMC","NTWQM",2019-05-01 13:35:00,NA,"ISM",2,"Water",NA,3.06,"NTU",NA,NA,NA,2019-05-03 13:25:46,NA,2,"",1,1,"S","PARTNTID","L01 ","TURB_NTU",1,"sample has no depth associated with it"
"326",402,"LRA","ALLARM.LT3","04/03/2019","13:37:00","WC.6","M1",13422,"CMC","NTWQM",2019-04-03 13:37:00,NA,"ISM",2,"Water",NA,1.51,"NTU",NA,NA,NA,2019-05-03 13:25:42,NA,2,"",1,1,"S","PARTNTID","L01 ","TURB_NTU",1,"sample has no depth associated with it"
"329",402,"LRA","ALLARM.LT2","05/01/2019","13:50:00","WC.6","M1",13431,"CMC","NTWQM",2019-05-01 13:50:00,NA,"ISM",2,"Water",NA,4,"NTU",NA,NA,NA,2019-05-03 13:25:47,NA,2,"",1,1,"S","PARTNTID","L01 ","TURB_NTU",1,"sample has no depth associated with it"
"330",402,"LRA","ALLARM.LT9","03/06/2019","15:31:00","WC.6","M1",13418,"CMC","NTWQM",2019-03-06 15:31:00,NA,"ISM",2,"Water",NA,2.44,"NTU",NA,NA,NA,2019-05-03 13:25:40,NA,2,"",1,1,"S","PARTNTID","L01 ","TURB_NTU",1,"sample has no depth associated with it"
"332",402,"LRA","ALLARM.LT9","01/30/2019","14:30:00","WC.6","M1",13404,"CMC","NTWQM",2019-01-30 14:30:00,NA,"ISM",2,"Water",NA,5.73,"NTU",NA,NA,NA,2019-05-03 13:25:33,NA,2,"",1,1,"S","PARTNTID","L01 ","TURB_NTU",1,"sample has no depth associated with it"
"333",402,"LRA","ALLARM.LT9","05/01/2019","14:55:00","WC.6","M1",13427,"CMC","NTWQM",2019-05-01 14:55:00,NA,"ISM",2,"Water",NA,5.88,"NTU",NA,NA,NA,2019-05-03 13:25:45,NA,2,"",1,1,"S","PARTNTID","L01 ","TURB_NTU",1,"sample has no depth associated with it"
"334",402,"LRA","ALLARM.LT6","02/13/2019","14:30:00","WC.6","M1",13410,"CMC","NTWQM",2019-02-13 14:30:00,NA,"ISM",2,"Water",NA,3.34,"NTU",NA,NA,NA,2019-05-03 13:25:36,NA,2,"",1,1,"S","PARTNTID","L01 ","TURB_NTU",1,"sample has no depth associated with it"
"335",402,"LRA","ALLARM.LT9","04/03/2019","14:57:00","WC.6","M1",13425,"CMC","NTWQM",2019-04-03 14:57:00,NA,"ISM",2,"Water",NA,6.7,"NTU",NA,NA,NA,2019-05-03 13:25:43,NA,2,"",1,1,"S","PARTNTID","L01 ","TURB_NTU",1,"sample has no depth associated with it"
"336",402,"LRA","ALLARM.LT6","04/03/2019","14:46:00","WC.6","M1",13424,"CMC","NTWQM",2019-04-03 14:46:00,NA,"ISM",2,"Water",NA,1.77,"NTU",NA,NA,NA,2019-05-03 13:25:43,NA,2,"",1,1,"S","PARTNTID","L01 ","TURB_NTU",1,"sample has no depth associated with it"
"337",402,"LRA","ALLARM.LT5","04/03/2019","14:24:00","WC.6","M1",13423,"CMC","NTWQM",2019-04-03 14:24:00,NA,"ISM",2,"Water",NA,1.01,"NTU",NA,NA,NA,2019-05-03 13:25:42,NA,2,"",1,1,"S","PARTNTID","L01 ","TURB_NTU",1,"sample has no depth associated with it"
"338",402,"LRA","ALLARM.LT5","01/30/2019","13:58:00","WC.6","M1",13402,"CMC","NTWQM",2019-01-30 13:58:00,NA,"ISM",2,"Water",NA,2.19,"NTU",NA,NA,NA,2019-05-03 13:25:32,NA,2,"",1,1,"S","PARTNTID","L01 ","TURB_NTU",1,"sample has no depth associated with it"
"339",402,"LRA","ALLARM.LT6","01/30/2019","14:15:00","WC.6","M1",13403,"CMC","NTWQM",2019-01-30 14:15:00,NA,"ISM",2,"Water",NA,2.05,"NTU",NA,NA,NA,2019-05-03 13:25:32,NA,2,"",1,1,"S","PARTNTID","L01 ","TURB_NTU",1,"sample has no depth associated with it"
"340",402,"LRA","ALLARM.LT9","02/13/2019","14:45:00","WC.6","M1",13411,"CMC","NTWQM",2019-02-13 14:45:00,NA,"ISM",2,"Water",NA,9.48,"NTU",NA,NA,NA,2019-05-03 13:25:36,NA,2,"",1,1,"S","PARTNTID","L01 ","TURB_NTU",1,"sample has no depth associated with it"
"341",413,"CCCD","CCCD.CONCRE32.47","03/03/2019","10:00:00","WT.3","M1",13270,"CMC","NTWQM",2019-03-03 10:00:00,NA,"ISM",2,"Water",NA,4.1,"DEG C",NA,NA,NA,2019-04-30 11:33:31,NA,2,"",1,1,"S","PARTNTID","F01 ","WTEMP",1,"sample has no depth associated with it"
"343",413,"CCCD","CCCD.BRARUN0.01","03/03/2019","09:05:00","WT.3","M1",13267,"CMC","NTWQM",2019-03-03 09:05:00,NA,"ISM",2,"Water",NA,6.1,"DEG C",NA,NA,NA,2019-04-30 11:33:30,NA,2,"",1,1,"S","PARTNTID","F01 ","WTEMP",1,"sample has no depth associated with it"
"348",413,"CCCD","CCCD.CONCRE35.82","03/03/2019","10:15:00","WT.3","M1",13271,"CMC","NTWQM",2019-03-03 10:15:00,NA,"ISM",2,"Water",NA,4.1,"DEG C",NA,NA,NA,2019-04-30 11:33:31,NA,2,"",1,1,"S","PARTNTID","F01 ","WTEMP",1,"sample has no depth associated with it"
"349",413,"LRA","ALLARM.LT2","05/01/2019","13:50:00","WT.3","M1",13431,"CMC","NTWQM",2019-05-01 13:50:00,NA,"ISM",2,"Water",NA,12.2,"DEG C",NA,NA,NA,2019-05-03 13:25:47,NA,2,"",1,1,"S","PARTNTID","F01 ","WTEMP",1,"sample has no depth associated with it"
"350",413,"CCCD","CCCD.HOGRUN0.98","03/03/2019","08:10:00","WT.3","M1",13278,"CMC","NTWQM",2019-03-03 08:10:00,NA,"ISM",2,"Water",NA,7.5,"DEG C",NA,NA,NA,2019-04-30 11:33:32,NA,2,"",1,1,"S","PARTNTID","F01 ","WTEMP",1,"sample has no depth associated with it"
"351",413,"OCCA","OCCA.UNTOTSLAK0.37","03/14/2019","13:11:00","WT.3","M1",13382,"CMC","NTWQM",2019-03-14 13:11:00,NA,"ISM",2,"Water",NA,1.27,"DEG C",NA,NA,NA,2019-05-02 11:55:37,NA,2,"",1,1,"S","PARTNTID","F01 ","WTEMP",1,"sample has no depth associated with it"
"353",413,"CCCD","CCCD.GRESPRCRE0.16","03/03/2019","09:40:00","WT.3","M1",13277,"CMC","NTWQM",2019-03-03 09:40:00,NA,"ISM",2,"Water",NA,9.4,"DEG C",NA,NA,NA,2019-04-30 11:33:32,NA,2,"",1,1,"S","PARTNTID","F01 ","WTEMP",1,"sample has no depth associated with it"
"360",413,"CCCD","CCCD.MOUROCSPRCRE0.03","03/03/2019","09:55:00","WT.3","M1",13281,"CMC","NTWQM",2019-03-03 09:55:00,NA,"ISM",2,"Water",NA,8.2,"DEG C",NA,NA,NA,2019-04-30 11:33:33,NA,2,"",1,1,"S","PARTNTID","F01 ","WTEMP",1,"sample has no depth associated with it"
"362",413,"CCCD","CCCD.CONCRE27.96","03/03/2019","08:50:00","WT.3","M1",13269,"CMC","NTWQM",2019-03-03 08:50:00,NA,"ISM",2,"Water",NA,4.7,"DEG C",NA,NA,NA,2019-04-30 11:33:30,NA,2,"",1,1,"S","PARTNTID","F01 ","WTEMP",1,"sample has no depth associated with it"
"364",413,"CCCD","CCCD.CONCRE5.25","03/03/2019","09:00:00","WT.3","M1",13274,"CMC","NTWQM",2019-03-03 09:00:00,NA,"ISM",2,"Water",NA,4.4,"DEG C",NA,NA,NA,2019-04-30 11:33:31,NA,2,"",1,1,"S","PARTNTID","F01 ","WTEMP",1,"sample has no depth associated with it"
"365",413,"OCCA","OCCA.BUTCRE23.20","02/16/2019","09:56:00","WT.3","M1",13303,"CMC","NTWQM",2019-02-16 09:56:00,NA,"ISM",2,"Water",NA,0.4,"DEG C",NA,NA,NA,2019-05-02 11:54:33,NA,2,"",1,1,"S","PARTNTID","F01 ","WTEMP",1,"sample has no depth associated with it"
"366",413,"CCCD","CCCD.TRISPRRUN0.16","03/03/2019","09:33:00","WT.3","M1",13282,"CMC","NTWQM",2019-03-03 09:33:00,NA,"ISM",2,"Water",NA,11.7,"DEG C",NA,NA,NA,2019-04-30 11:33:33,NA,2,"",1,1,"S","PARTNTID","F01 ","WTEMP",1,"sample has no depth associated with it"
"367",413,"LRA","ALLARM.LT5","02/13/2019","14:15:00","WT.3","M1",13409,"CMC","NTWQM",2019-02-13 14:15:00,NA,"ISM",2,"Water",NA,9.6,"DEG C",NA,NA,NA,2019-05-03 13:25:35,NA,2,"",1,1,"S","PARTNTID","F01 ","WTEMP",1,"sample has no depth associated with it"
"368",413,"CCCD","CCCD.UNTCONCRE0.06","03/03/2019","09:26:00","WT.3","M1",13283,"CMC","NTWQM",2019-03-03 09:26:00,NA,"ISM",2,"Water",NA,4.7,"DEG C",NA,NA,NA,2019-04-30 11:33:34,NA,2,"",1,1,"S","PARTNTID","F01 ","WTEMP",1,"sample has no depth associated with it"
"371",413,"CCCD","CCCD.MIDSPRCRE0.02","03/03/2019","09:08:00","WT.3","M1",13280,"CMC","NTWQM",2019-03-03 09:08:00,NA,"ISM",2,"Water",NA,3.5,"DEG C",NA,NA,NA,2019-04-30 11:33:33,NA,2,"",1,1,"S","PARTNTID","F01 ","WTEMP",1,"sample has no depth associated with it"
"372",413,"LRA","ALLARM.LT5","01/30/2019","13:58:00","WT.3","M1",13402,"CMC","NTWQM",2019-01-30 13:58:00,NA,"ISM",2,"Water",NA,8.1,"DEG C",NA,NA,NA,2019-05-03 13:25:32,NA,2,"",1,1,"S","PARTNTID","F01 ","WTEMP",1,"sample has no depth associated with it"
"373",413,"LRA","ALLARM.LT1","05/01/2019","14:00:00","WT.3","M1",13432,"CMC","NTWQM",2019-05-01 14:00:00,NA,"ISM",2,"Water",NA,11.5,"DEG C",NA,NA,NA,2019-05-03 13:25:48,NA,2,"",1,1,"S","PARTNTID","F01 ","WTEMP",1,"sample has no depth associated with it"
"375",413,"LRA","ALLARM.LT2","02/13/2019","13:55:00","WT.3","M1",13407,"CMC","NTWQM",2019-02-13 13:55:00,NA,"ISM",2,"Water",NA,9.8,"DEG C",NA,NA,NA,2019-05-03 13:25:34,NA,2,"",1,1,"S","PARTNTID","F01 ","WTEMP",1,"sample has no depth associated with it"
"376",413,"LRA","ALLARM.LT10","02/13/2019","15:00:00","WT.3","M1",13406,"CMC","NTWQM",2019-02-13 15:00:00,NA,"ISM",2,"Water",NA,9.5,"DEG C",NA,NA,NA,2019-05-03 13:25:34,NA,2,"",1,1,"S","PARTNTID","F01 ","WTEMP",1,"sample has no depth associated with it"
"377",413,"LRA","ALLARM.LT2","04/03/2019","13:55:00","WT.3","M1",13421,"CMC","NTWQM",2019-04-03 13:55:00,NA,"ISM",2,"Water",NA,13.7,"DEG C",NA,NA,NA,2019-05-03 13:25:41,NA,2,"",1,1,"S","PARTNTID","F01 ","WTEMP",1,"sample has no depth associated with it"
"378",413,"LRA","ALLARM.LT5","05/01/2019","14:20:00","WT.3","M1",13429,"CMC","NTWQM",2019-05-01 14:20:00,NA,"ISM",2,"Water",NA,12.1,"DEG C",NA,NA,NA,2019-05-03 13:25:46,NA,2,"",1,1,"S","PARTNTID","F01 ","WTEMP",1,"sample has no depth associated with it"
"381",413,"LRA","ALLARM.LT10","01/30/2019","14:45:00","WT.3","M1",13400,"CMC","NTWQM",2019-01-30 14:45:00,NA,"ISM",2,"Water",NA,8,"DEG C",NA,NA,NA,2019-05-03 13:25:31,NA,2,"",1,1,"S","PARTNTID","F01 ","WTEMP",1,"sample has no depth associated with it"
"382",413,"CCCD","CCCD.CONCRE59.72","03/03/2019","09:15:00","WT.3","M1",13275,"CMC","NTWQM",2019-03-03 09:15:00,NA,"ISM",2,"Water",NA,7.8,"DEG C",NA,NA,NA,2019-04-30 11:33:32,NA,2,"",1,1,"S","PARTNTID","F01 ","WTEMP",1,"sample has no depth associated with it"
"383",413,"LRA","ALLARM.LT2","03/06/2019","14:20:00","WT.3","M1",13414,"CMC","NTWQM",2019-03-06 14:20:00,NA,"ISM",2,"Water",NA,9.7,"DEG C",NA,NA,NA,2019-05-03 13:25:38,NA,2,"",1,1,"S","PARTNTID","F01 ","WTEMP",1,"sample has no depth associated with it"
"385",413,"CCCD","CCCD.CONCRE39.03","03/03/2019","09:13:00","WT.3","M1",13272,"CMC","NTWQM",2019-03-03 09:13:00,NA,"ISM",2,"Water",NA,6,"DEG C",NA,NA,NA,2019-04-30 11:33:31,NA,2,"",1,1,"S","PARTNTID","F01 ","WTEMP",1,"sample has no depth associated with it"
"386",413,"CCCD","CCCD.CONCRE79.50","03/03/2019","09:00:00","WT.3","M1",13276,"CMC","NTWQM",2019-03-03 09:00:00,NA,"ISM",2,"Water",NA,2,"DEG C",NA,NA,NA,2019-04-30 11:33:32,NA,2,"",1,1,"S","PARTNTID","F01 ","WTEMP",1,"sample has no depth associated with it"
"388",413,"OCCA","OCCA.SUSRIV466.75","03/14/2019","14:35:00","WT.3","M1",13370,"CMC","NTWQM",2019-03-14 14:35:00,NA,"ISM",2,"Water",NA,3.33,"DEG C",NA,NA,NA,2019-05-02 11:55:25,NA,2,"",1,1,"S","PARTNTID","F01 ","WTEMP",1,"sample has no depth associated with it"
"390",413,"CCCD","CCCD.WERRUN0.34","03/03/2019","07:45:00","WT.3","M1",13285,"CMC","NTWQM",2019-03-03 07:45:00,NA,"ISM",2,"Water",NA,2.3,"DEG C",NA,NA,NA,2019-04-30 11:33:34,NA,2,"",1,1,"S","PARTNTID","F01 ","WTEMP",1,"sample has no depth associated with it"
"391",413,"OCCA","OCCA.BUTCRE23.20","01/19/2019","09:10:00","WT.3","M1",13304,"CMC","NTWQM",2019-01-19 09:10:00,NA,"ISM",2,"Water",NA,0.35,"DEG C",NA,NA,NA,2019-05-02 11:54:34,NA,2,"",1,1,"S","PARTNTID","F01 ","WTEMP",1,"sample has no depth associated with it"
"393",413,"LRA","ALLARM.LT10","04/03/2019","15:10:00","WT.3","M1",13420,"CMC","NTWQM",2019-04-03 15:10:00,NA,"ISM",2,"Water",NA,13.1,"DEG C",NA,NA,NA,2019-05-03 13:25:41,NA,2,"",1,1,"S","PARTNTID","F01 ","WTEMP",1,"sample has no depth associated with it"
"394",413,"LRA","ALLARM.LT6","02/13/2019","14:30:00","WT.3","M1",13410,"CMC","NTWQM",2019-02-13 14:30:00,NA,"ISM",2,"Water",NA,8.7,"DEG C",NA,NA,NA,2019-05-03 13:25:36,NA,2,"",1,1,"S","PARTNTID","F01 ","WTEMP",1,"sample has no depth associated with it"
"395",413,"CCCD","CCCD.LETSPRRUN4.77","03/03/2019","09:25:00","WT.3","M1",13279,"CMC","NTWQM",2019-03-03 09:25:00,NA,"ISM",2,"Water",NA,9.2,"DEG C",NA,NA,NA,2019-04-30 11:33:33,NA,2,"",1,1,"S","PARTNTID","F01 ","WTEMP",1,"sample has no depth associated with it"
"399",413,"LRA","ALLARM.LT6","01/30/2019","14:15:00","WT.3","M1",13403,"CMC","NTWQM",2019-01-30 14:15:00,NA,"ISM",2,"Water",NA,8.1,"DEG C",NA,NA,NA,2019-05-03 13:25:32,NA,2,"",1,1,"S","PARTNTID","F01 ","WTEMP",1,"sample has no depth associated with it"
"402",413,"LRA","ALLARM.LT6","03/06/2019","15:18:00","WT.3","M1",13417,"CMC","NTWQM",2019-03-06 15:18:00,NA,"ISM",2,"Water",NA,9.5,"DEG C",NA,NA,NA,2019-05-03 13:25:39,NA,2,"",1,1,"S","PARTNTID","F01 ","WTEMP",1,"sample has no depth associated with it"
"403",413,"LRA","ALLARM.LT3","03/06/2019","14:00:00","WT.3","M1",13415,"CMC","NTWQM",2019-03-06 14:00:00,NA,"ISM",2,"Water",NA,8.6,"DEG C",NA,NA,NA,2019-05-03 13:25:38,NA,2,"",1,1,"S","PARTNTID","F01 ","WTEMP",1,"sample has no depth associated with it"
"404",413,"CCCD","CCCD.BIGSPRCRE1.23","03/03/2019","09:20:00","WT.3","M1",13266,"CMC","NTWQM",2019-03-03 09:20:00,NA,"ISM",2,"Water",NA,8.7,"DEG C",NA,NA,NA,2019-04-30 11:33:30,NA,2,"",1,1,"S","PARTNTID","F01 ","WTEMP",1,"sample has no depth associated with it"
"405",413,"LRA","ALLARM.LT6","05/01/2019","14:40:00","WT.3","M1",13428,"CMC","NTWQM",2019-05-01 14:40:00,NA,"ISM",2,"Water",NA,12.2,"DEG C",NA,NA,NA,2019-05-03 13:25:45,NA,2,"",1,1,"S","PARTNTID","F01 ","WTEMP",1,"sample has no depth associated with it"
"407",413,"OCCA","OCCA.BUTCRE23.20","03/16/2019","09:45:00","WT.3","M1",13302,"CMC","NTWQM",2019-03-16 09:45:00,NA,"ISM",2,"Water",NA,1.1,"DEG C",NA,NA,NA,2019-05-02 11:54:33,NA,2,"",1,1,"S","PARTNTID","F01 ","WTEMP",1,"sample has no depth associated with it"
"408",413,"LRA","ALLARM.LT2","01/30/2019","13:34:00","WT.3","M1",13401,"CMC","NTWQM",2019-01-30 13:34:00,NA,"ISM",2,"Water",NA,8.8,"DEG C",NA,NA,NA,2019-05-03 13:25:32,NA,2,"",1,1,"S","PARTNTID","F01 ","WTEMP",1,"sample has no depth associated with it"
"410",413,"LRA","ALLARM.LT6","04/03/2019","14:46:00","WT.3","M1",13424,"CMC","NTWQM",2019-04-03 14:46:00,NA,"ISM",2,"Water",NA,13.2,"DEG C",NA,NA,NA,2019-05-03 13:25:43,NA,2,"",1,1,"S","PARTNTID","F01 ","WTEMP",1,"sample has no depth associated with it"
"414",413,"CCCD","CCCD.CONCRE43.93","03/03/2019","08:15:00","WT.3","M1",13273,"CMC","NTWQM",2019-03-03 08:15:00,NA,"ISM",2,"Water",NA,3.6,"DEG C",NA,NA,NA,2019-04-30 11:33:31,NA,2,"",1,1,"S","PARTNTID","F01 ","WTEMP",1,"sample has no depth associated with it"
"416",413,"LRA","ALLARM.LT9","03/06/2019","15:31:00","WT.3","M1",13418,"CMC","NTWQM",2019-03-06 15:31:00,NA,"ISM",2,"Water",NA,8.9,"DEG C",NA,NA,NA,2019-05-03 13:25:40,NA,2,"",1,1,"S","PARTNTID","F01 ","WTEMP",1,"sample has no depth associated with it"
"417",413,"LRA","ALLARM.LT5","03/06/2019","15:00:00","WT.3","M1",13416,"CMC","NTWQM",2019-03-06 15:00:00,NA,"ISM",2,"Water",NA,9.6,"DEG C",NA,NA,NA,2019-05-03 13:25:39,NA,2,"",1,1,"S","PARTNTID","F01 ","WTEMP",1,"sample has no depth associated with it"
"418",413,"OCCA","OCCA.BUTCRE17.90","01/18/2019","07:15:00","WT.3","M1",13288,"CMC","NTWQM",2019-01-18 07:15:00,NA,"ISM",2,"Water",NA,2.25,"DEG C",NA,NA,NA,2019-05-02 11:54:25,NA,2,"",1,1,"S","PARTNTID","F01 ","WTEMP",1,"sample has no depth associated with it"
"420",413,"LRA","ALLARM.LT3","05/01/2019","13:35:00","WT.3","M1",13430,"CMC","NTWQM",2019-05-01 13:35:00,NA,"ISM",2,"Water",NA,11.9,"DEG C",NA,NA,NA,2019-05-03 13:25:46,NA,2,"",1,1,"S","PARTNTID","F01 ","WTEMP",1,"sample has no depth associated with it"
"429",413,"OCCA","OCCA.SUSRIV466.75","02/17/2019","10:55:00","WT.3","M1",13371,"CMC","NTWQM",2019-02-17 10:55:00,NA,"ISM",2,"Water",NA,2.1,"DEG C",NA,NA,NA,2019-05-02 11:55:26,NA,2,"",1,1,"S","PARTNTID","F01 ","WTEMP",1,"sample has no depth associated with it"
"430",413,"CCCD","CCCD.UNTCONCRE2.68","03/03/2019","10:15:00","WT.3","M1",13284,"CMC","NTWQM",2019-03-03 10:15:00,NA,"ISM",2,"Water",NA,3.6,"DEG C",NA,NA,NA,2019-04-30 11:33:34,NA,2,"",1,1,"S","PARTNTID","F01 ","WTEMP",1,"sample has no depth associated with it"
"431",413,"LRA","ALLARM.LT3","02/13/2019","13:45:00","WT.3","M1",13408,"CMC","NTWQM",2019-02-13 13:45:00,NA,"ISM",2,"Water",NA,9.3,"DEG C",NA,NA,NA,2019-05-03 13:25:35,NA,2,"",1,1,"S","PARTNTID","F01 ","WTEMP",1,"sample has no depth associated with it"
"432",413,"LRA","ALLARM.LT9","05/01/2019","14:55:00","WT.3","M1",13427,"CMC","NTWQM",2019-05-01 14:55:00,NA,"ISM",2,"Water",NA,12.7,"DEG C",NA,NA,NA,2019-05-03 13:25:45,NA,2,"",1,1,"S","PARTNTID","F01 ","WTEMP",1,"sample has no depth associated with it"
"434",413,"LRA","ALLARM.LT9","02/13/2019","14:45:00","WT.3","M1",13411,"CMC","NTWQM",2019-02-13 14:45:00,NA,"ISM",2,"Water",NA,9.1,"DEG C",NA,NA,NA,2019-05-03 13:25:36,NA,2,"",1,1,"S","PARTNTID","F01 ","WTEMP",1,"sample has no depth associated with it"
"435",413,"LRA","ALLARM.LT9","01/30/2019","14:30:00","WT.3","M1",13404,"CMC","NTWQM",2019-01-30 14:30:00,NA,"ISM",2,"Water",NA,8,"DEG C",NA,NA,NA,2019-05-03 13:25:33,NA,2,"",1,1,"S","PARTNTID","F01 ","WTEMP",1,"sample has no depth associated with it"
"438",413,"CCCD","CCCD.CONCRE13.64","03/03/2019","08:00:00","WT.3","M1",13268,"CMC","NTWQM",2019-03-03 08:00:00,NA,"ISM",2,"Water",NA,5,"DEG C",NA,NA,NA,2019-04-30 11:33:30,NA,2,"",1,1,"S","PARTNTID","F01 ","WTEMP",1,"sample has no depth associated with it"
"439",413,"OCCA","OCCA.UNTOTSLAK0.37","01/17/2019","12:10:00","WT.3","M1",13383,"CMC","NTWQM",2019-01-17 12:10:00,NA,"ISM",2,"Water",NA,0.1,"DEG C",NA,NA,NA,2019-05-02 11:55:38,NA,2,"",1,1,"S","PARTNTID","F01 ","WTEMP",1,"sample has no depth associated with it"
"442",413,"LRA","ALLARM.LT10","05/01/2019","15:10:00","WT.3","M1",13426,"CMC","NTWQM",2019-05-01 15:10:00,NA,"ISM",2,"Water",NA,12.8,"DEG C",NA,NA,NA,2019-05-03 13:25:44,NA,2,"",1,1,"S","PARTNTID","F01 ","WTEMP",1,"sample has no depth associated with it"
"446",413,"LRA","ALLARM.LT9","04/03/2019","14:57:00","WT.3","M1",13425,"CMC","NTWQM",2019-04-03 14:57:00,NA,"ISM",2,"Water",NA,13.3,"DEG C",NA,NA,NA,2019-05-03 13:25:43,NA,2,"",1,1,"S","PARTNTID","F01 ","WTEMP",1,"sample has no depth associated with it"
"448",413,"LRA","ALLARM.LT10","03/06/2019","15:37:00","WT.3","M1",13413,"CMC","NTWQM",2019-03-06 15:37:00,NA,"ISM",2,"Water",NA,8.8,"DEG C",NA,NA,NA,2019-05-03 13:25:38,NA,2,"",1,1,"S","PARTNTID","F01 ","WTEMP",1,"sample has no depth associated with it"
"452",413,"LRA","ALLARM.LT3","04/03/2019","13:37:00","WT.3","M1",13422,"CMC","NTWQM",2019-04-03 13:37:00,NA,"ISM",2,"Water",NA,12.8,"DEG C",NA,NA,NA,2019-05-03 13:25:42,NA,2,"",1,1,"S","PARTNTID","F01 ","WTEMP",1,"sample has no depth associated with it"
"453",413,"LRA","ALLARM.LT5","04/03/2019","14:24:00","WT.3","M1",13423,"CMC","NTWQM",2019-04-03 14:24:00,NA,"ISM",2,"Water",NA,13.9,"DEG C",NA,NA,NA,2019-05-03 13:25:42,NA,2,"",1,1,"S","PARTNTID","F01 ","WTEMP",1,"sample has no depth associated with it"
"455",413,"OCCA","OCCA.OTECRE21.08","01/19/2019","16:30:00","WT.3","M1",13340,"CMC","NTWQM",2019-01-19 16:30:00,NA,"ISM",2,"Water",NA,0.5,"DEG C",NA,NA,NA,2019-05-02 11:54:57,NA,2,"",1,1,"S","PARTNTID","F01 ","WTEMP",1,"sample has no depth associated with it"
"456",413,"OCCA","OCCA.ELKCRE0.05","01/19/2019","10:15:00","WT.3","M1",13320,"CMC","NTWQM",2019-01-19 10:15:00,NA,"ISM",2,"Water",NA,1.2,"DEG C",NA,NA,NA,2019-05-02 11:54:42,NA,2,"",1,1,"S","PARTNTID","F01 ","WTEMP",1,"sample has no depth associated with it"
"559",999,"LRA","ALLARM.LT3","04/03/2019","13:37:00","TDS.1","M1",13422,"CMC","NTWQM",2019-04-03 13:37:00,NA,"ISM",1,"Water",NA,410,"MG/L",NA,NA,NA,2019-05-03 13:25:42,NA,2,"",1,1,"S","PARTNTID",NA,NA,1,"sample has no depth associated with it"
"562",999,"CCCD","CCCD.CONCRE79.50","03/03/2019","09:00:00","NO3N.3","M1",13276,"CMC","NTWQM",2019-03-03 09:00:00,NA,"ISM",2,"Water",NA,0.9,"MG/L",NA,NA,NA,2019-04-30 11:33:32,NA,2,"",1,1,"S","PARTNTID",NA,NA,1,"sample has no depth associated with it"
"563",999,"LRA","ALLARM.LT9","05/01/2019","14:55:00","NO3N.3","M1",13427,"CMC","NTWQM",2019-05-01 14:55:00,NA,"ISM",2,"Water",NA,2.5,"MG/L",NA,NA,NA,2019-05-03 13:25:45,NA,2,"",1,1,"S","PARTNTID",NA,NA,1,"sample has no depth associated with it"
"564",999,"LRA","ALLARM.LT3","05/01/2019","13:35:00","NO3N.3","M1",13430,"CMC","NTWQM",2019-05-01 13:35:00,NA,"ISM",2,"Water",NA,3.1,"MG/L",NA,NA,NA,2019-05-03 13:25:46,NA,2,"",1,1,"S","PARTNTID",NA,NA,1,"sample has no depth associated with it"
"566",999,"LRA","ALLARM.LT9","05/01/2019","14:55:00","TDS.1","M1",13427,"CMC","NTWQM",2019-05-01 14:55:00,NA,"ISM",1,"Water",NA,480,"MG/L",NA,NA,NA,2019-05-03 13:25:45,NA,2,"",1,1,"S","PARTNTID",NA,NA,1,"sample has no depth associated with it"
"567",999,"LRA","ALLARM.LT3","05/01/2019","13:35:00","TDS.1","M1",13430,"CMC","NTWQM",2019-05-01 13:35:00,NA,"ISM",1,"Water",NA,390,"MG/L",NA,NA,NA,2019-05-03 13:25:46,NA,2,"",1,1,"S","PARTNTID",NA,NA,1,"sample has no depth associated with it"
"569",999,"CCCD","CCCD.HOGRUN0.98","03/03/2019","08:10:00","NO3N.3","M1",13278,"CMC","NTWQM",2019-03-03 08:10:00,NA,"ISM",2,"Water",NA,3.5,"MG/L",NA,NA,NA,2019-04-30 11:33:32,NA,2,"",1,1,"S","PARTNTID",NA,NA,1,"sample has no depth associated with it"
"571",999,"CCCD","CCCD.LETSPRRUN4.77","03/03/2019","09:25:00","NO3N.3","M1",13279,"CMC","NTWQM",2019-03-03 09:25:00,NA,"ISM",2,"Water",NA,4.5,"MG/L",NA,NA,NA,2019-04-30 11:33:33,NA,2,"",1,1,"S","PARTNTID",NA,NA,1,"sample has no depth associated with it"
"572",999,"LRA","ALLARM.LT5","01/30/2019","13:58:00","NO3N.3","M1",13402,"CMC","NTWQM",2019-01-30 13:58:00,NA,"ISM",2,"Water",NA,4.1,"MG/L",NA,NA,NA,2019-05-03 13:25:32,NA,2,"",1,1,"S","PARTNTID",NA,NA,1,"sample has no depth associated with it"
"573",999,"LRA","ALLARM.LT1","05/01/2019","14:00:00","NO3N.3","M1",13432,"CMC","NTWQM",2019-05-01 14:00:00,NA,"ISM",2,"Water",NA,3.3,"MG/L",NA,NA,NA,2019-05-03 13:25:48,NA,2,"",1,1,"S","PARTNTID",NA,NA,1,"sample has no depth associated with it"
"575",999,"CCCD","CCCD.MIDSPRCRE0.02","03/03/2019","09:08:00","NO3N.3","M1",13280,"CMC","NTWQM",2019-03-03 09:08:00,NA,"ISM",2,"Water",NA,4.4,"MG/L",NA,NA,NA,2019-04-30 11:33:33,NA,2,"",1,1,"S","PARTNTID",NA,NA,1,"sample has no depth associated with it"
"576",999,"LRA","ALLARM.LT1","05/01/2019","14:00:00","TDS.1","M1",13432,"CMC","NTWQM",2019-05-01 14:00:00,NA,"ISM",1,"Water",NA,400,"MG/L",NA,NA,NA,2019-05-03 13:25:48,NA,2,"",1,1,"S","PARTNTID",NA,NA,1,"sample has no depth associated with it"
"578",999,"CCCD","CCCD.MOUROCSPRCRE0.03","03/03/2019","09:55:00","NO3N.3","M1",13281,"CMC","NTWQM",2019-03-03 09:55:00,NA,"ISM",2,"Water",NA,4.8,"MG/L",NA,NA,NA,2019-04-30 11:33:33,NA,2,"",1,1,"S","PARTNTID",NA,NA,1,"sample has no depth associated with it"
"579",999,"LRA","ALLARM.LT10","02/13/2019","15:00:00","TDS.1","M1",13406,"CMC","NTWQM",2019-02-13 15:00:00,NA,"ISM",1,"Water",NA,800,"MG/L",NA,NA,NA,2019-05-03 13:25:34,NA,2,"",1,1,"S","PARTNTID",NA,NA,1,"sample has no depth associated with it"
"580",999,"LRA","ALLARM.LT5","02/13/2019","14:15:00","NO3N.3","M1",13409,"CMC","NTWQM",2019-02-13 14:15:00,NA,"ISM",2,"Water",NA,5.5,"MG/L",NA,NA,NA,2019-05-03 13:25:35,NA,2,"",1,1,"S","PARTNTID",NA,NA,1,"sample has no depth associated with it"
"581",999,"LRA","ALLARM.LT10","01/30/2019","14:45:00","NO3N.3","M1",13400,"CMC","NTWQM",2019-01-30 14:45:00,NA,"ISM",2,"Water",NA,4.7,"MG/L",NA,NA,NA,2019-05-03 13:25:31,NA,2,"",1,1,"S","PARTNTID",NA,NA,1,"sample has no depth associated with it"
"582",999,"CCCD","CCCD.TRISPRRUN0.16","03/03/2019","09:33:00","NO3N.3","M1",13282,"CMC","NTWQM",2019-03-03 09:33:00,NA,"ISM",2,"Water",NA,3.1,"MG/L",NA,NA,NA,2019-04-30 11:33:33,NA,2,"",1,1,"S","PARTNTID",NA,NA,1,"sample has no depth associated with it"
"583",999,"LRA","ALLARM.LT5","02/13/2019","14:15:00","TDS.1","M1",13409,"CMC","NTWQM",2019-02-13 14:15:00,NA,"ISM",1,"Water",NA,410,"MG/L",NA,NA,NA,2019-05-03 13:25:35,NA,2,"",1,1,"S","PARTNTID",NA,NA,1,"sample has no depth associated with it"
"584",999,"LRA","ALLARM.LT10","01/30/2019","14:45:00","TDS.1","M1",13400,"CMC","NTWQM",2019-01-30 14:45:00,NA,"ISM",1,"Water",NA,500,"MG/L",NA,NA,NA,2019-05-03 13:25:31,NA,2,"",1,1,"S","PARTNTID",NA,NA,1,"sample has no depth associated with it"
"586",999,"CCCD","CCCD.UNTCONCRE0.06","03/03/2019","09:26:00","NO3N.3","M1",13283,"CMC","NTWQM",2019-03-03 09:26:00,NA,"ISM",2,"Water",NA,0.7,"MG/L",NA,NA,NA,2019-04-30 11:33:34,NA,2,"",1,1,"S","PARTNTID",NA,NA,1,"sample has no depth associated with it"
"587",999,"LRA","ALLARM.LT10","03/06/2019","15:37:00","TDS.1","M1",13413,"CMC","NTWQM",2019-03-06 15:37:00,NA,"ISM",1,"Water",NA,600,"MG/L",NA,NA,NA,2019-05-03 13:25:38,NA,2,"",1,1,"S","PARTNTID",NA,NA,1,"sample has no depth associated with it"
"588",999,"LRA","ALLARM.LT5","03/06/2019","15:00:00","NO3N.3","M1",13416,"CMC","NTWQM",2019-03-06 15:00:00,NA,"ISM",2,"Water",NA,5.5,"MG/L",NA,NA,NA,2019-05-03 13:25:39,NA,2,"",1,1,"S","PARTNTID",NA,NA,1,"sample has no depth associated with it"
"589",999,"LRA","ALLARM.LT10","02/13/2019","15:00:00","NO3N.3","M1",13406,"CMC","NTWQM",2019-02-13 15:00:00,NA,"ISM",2,"Water",NA,3.4,"MG/L",NA,NA,NA,2019-05-03 13:25:34,NA,2,"",1,1,"S","PARTNTID",NA,NA,1,"sample has no depth associated with it"
"590",999,"CCCD","CCCD.UNTCONCRE2.68","03/03/2019","10:15:00","NO3N.3","M1",13284,"CMC","NTWQM",2019-03-03 10:15:00,NA,"ISM",2,"Water",NA,1.7,"MG/L",NA,NA,NA,2019-04-30 11:33:34,NA,2,"",1,1,"S","PARTNTID",NA,NA,1,"sample has no depth associated with it"
"591",999,"LRA","ALLARM.LT5","03/06/2019","15:00:00","TDS.1","M1",13416,"CMC","NTWQM",2019-03-06 15:00:00,NA,"ISM",1,"Water",NA,420,"MG/L",NA,NA,NA,2019-05-03 13:25:39,NA,2,"",1,1,"S","PARTNTID",NA,NA,1,"sample has no depth associated with it"
"592",999,"LRA","ALLARM.LT10","04/03/2019","15:10:00","NO3N.3","M1",13420,"CMC","NTWQM",2019-04-03 15:10:00,NA,"ISM",2,"Water",NA,2.7,"MG/L",NA,NA,NA,2019-05-03 13:25:41,NA,2,"",1,1,"S","PARTNTID",NA,NA,1,"sample has no depth associated with it"
"594",999,"CCCD","CCCD.WERRUN0.34","03/03/2019","07:45:00","NO3N.3","M1",13285,"CMC","NTWQM",2019-03-03 07:45:00,NA,"ISM",2,"Water",NA,0.8,"MG/L",NA,NA,NA,2019-04-30 11:33:34,NA,2,"",1,1,"S","PARTNTID",NA,NA,1,"sample has no depth associated with it"
"595",999,"CCCD","CCCD.CONCRE5.25","03/03/2019","09:00:00","NO3N.3","M1",13274,"CMC","NTWQM",2019-03-03 09:00:00,NA,"ISM",2,"Water",NA,2.7,"MG/L",NA,NA,NA,2019-04-30 11:33:31,NA,2,"",1,1,"S","PARTNTID",NA,NA,1,"sample has no depth associated with it"
"596",999,"LRA","ALLARM.LT5","04/03/2019","14:24:00","NO3N.3","M1",13423,"CMC","NTWQM",2019-04-03 14:24:00,NA,"ISM",2,"Water",NA,3.2,"MG/L",NA,NA,NA,2019-05-03 13:25:42,NA,2,"",1,1,"S","PARTNTID",NA,NA,1,"sample has no depth associated with it"
"597",999,"LRA","ALLARM.LT10","03/06/2019","15:37:00","NO3N.3","M1",13413,"CMC","NTWQM",2019-03-06 15:37:00,NA,"ISM",2,"Water",NA,4.2,"MG/L",NA,NA,NA,2019-05-03 13:25:38,NA,2,"",1,1,"S","PARTNTID",NA,NA,1,"sample has no depth associated with it"
"599",999,"LRA","ALLARM.LT5","04/03/2019","14:24:00","TDS.1","M1",13423,"CMC","NTWQM",2019-04-03 14:24:00,NA,"ISM",1,"Water",NA,410,"MG/L",NA,NA,NA,2019-05-03 13:25:42,NA,2,"",1,1,"S","PARTNTID",NA,NA,1,"sample has no depth associated with it"
"600",999,"LRA","ALLARM.LT10","05/01/2019","15:10:00","NO3N.3","M1",13426,"CMC","NTWQM",2019-05-01 15:10:00,NA,"ISM",2,"Water",NA,2.3,"MG/L",NA,NA,NA,2019-05-03 13:25:44,NA,2,"",1,1,"S","PARTNTID",NA,NA,1,"sample has no depth associated with it"
"601",999,"LRA","ALLARM.LT2","05/01/2019","13:50:00","NO3N.3","M1",13431,"CMC","NTWQM",2019-05-01 13:50:00,NA,"ISM",2,"Water",NA,3.5,"MG/L",NA,NA,NA,2019-05-03 13:25:47,NA,2,"",1,1,"S","PARTNTID",NA,NA,1,"sample has no depth associated with it"
"603",999,"LRA","ALLARM.LT10","05/01/2019","15:10:00","TDS.1","M1",13426,"CMC","NTWQM",2019-05-01 15:10:00,NA,"ISM",1,"Water",NA,480,"MG/L",NA,NA,NA,2019-05-03 13:25:44,NA,2,"",1,1,"S","PARTNTID",NA,NA,1,"sample has no depth associated with it"
"604",999,"LRA","ALLARM.LT5","05/01/2019","14:20:00","NO3N.3","M1",13429,"CMC","NTWQM",2019-05-01 14:20:00,NA,"ISM",2,"Water",NA,3,"MG/L",NA,NA,NA,2019-05-03 13:25:46,NA,2,"",1,1,"S","PARTNTID",NA,NA,1,"sample has no depth associated with it"
"607",999,"LRA","ALLARM.LT5","05/01/2019","14:20:00","TDS.1","M1",13429,"CMC","NTWQM",2019-05-01 14:20:00,NA,"ISM",1,"Water",NA,400,"MG/L",NA,NA,NA,2019-05-03 13:25:46,NA,2,"",1,1,"S","PARTNTID",NA,NA,1,"sample has no depth associated with it"
"608",999,"LRA","ALLARM.LT10","04/03/2019","15:10:00","TDS.1","M1",13420,"CMC","NTWQM",2019-04-03 15:10:00,NA,"ISM",1,"Water",NA,500,"MG/L",NA,NA,NA,2019-05-03 13:25:41,NA,2,"",1,1,"S","PARTNTID",NA,NA,1,"sample has no depth associated with it"
"610",999,"LRA","ALLARM.LT6","02/13/2019","14:30:00","TDS.1","M1",13410,"CMC","NTWQM",2019-02-13 14:30:00,NA,"ISM",1,"Water",NA,440,"MG/L",NA,NA,NA,2019-05-03 13:25:36,NA,2,"",1,1,"S","PARTNTID",NA,NA,1,"sample has no depth associated with it"
"611",999,"LRA","ALLARM.LT2","01/30/2019","13:34:00","TDS.1","M1",13401,"CMC","NTWQM",2019-01-30 13:34:00,NA,"ISM",1,"Water",NA,390,"MG/L",NA,NA,NA,2019-05-03 13:25:32,NA,2,"",1,1,"S","PARTNTID",NA,NA,1,"sample has no depth associated with it"
"612",999,"LRA","ALLARM.LT6","01/30/2019","14:15:00","NO3N.3","M1",13403,"CMC","NTWQM",2019-01-30 14:15:00,NA,"ISM",2,"Water",NA,5.3,"MG/L",NA,NA,NA,2019-05-03 13:25:32,NA,2,"",1,1,"S","PARTNTID",NA,NA,1,"sample has no depth associated with it"
"614",999,"LRA","ALLARM.LT2","03/06/2019","14:20:00","TDS.1","M1",13414,"CMC","NTWQM",2019-03-06 14:20:00,NA,"ISM",1,"Water",NA,400,"MG/L",NA,NA,NA,2019-05-03 13:25:38,NA,2,"",1,1,"S","PARTNTID",NA,NA,1,"sample has no depth associated with it"
"615",999,"LRA","ALLARM.LT6","01/30/2019","14:15:00","TDS.1","M1",13403,"CMC","NTWQM",2019-01-30 14:15:00,NA,"ISM",1,"Water",NA,430,"MG/L",NA,NA,NA,2019-05-03 13:25:32,NA,2,"",1,1,"S","PARTNTID",NA,NA,1,"sample has no depth associated with it"
"616",999,"LRA","ALLARM.LT2","02/13/2019","13:55:00","NO3N.3","M1",13407,"CMC","NTWQM",2019-02-13 13:55:00,NA,"ISM",2,"Water",NA,5.6,"MG/L",NA,NA,NA,2019-05-03 13:25:34,NA,2,"",1,1,"S","PARTNTID",NA,NA,1,"sample has no depth associated with it"
"618",999,"LRA","ALLARM.LT6","03/06/2019","15:18:00","TDS.1","M1",13417,"CMC","NTWQM",2019-03-06 15:18:00,NA,"ISM",1,"Water",NA,470,"MG/L",NA,NA,NA,2019-05-03 13:25:39,NA,2,"",1,1,"S","PARTNTID",NA,NA,1,"sample has no depth associated with it"
"619",999,"LRA","ALLARM.LT2","02/13/2019","13:55:00","TDS.1","M1",13407,"CMC","NTWQM",2019-02-13 13:55:00,NA,"ISM",1,"Water",NA,380,"MG/L",NA,NA,NA,2019-05-03 13:25:34,NA,2,"",1,1,"S","PARTNTID",NA,NA,1,"sample has no depth associated with it"
"620",999,"LRA","ALLARM.LT6","02/13/2019","14:30:00","NO3N.3","M1",13410,"CMC","NTWQM",2019-02-13 14:30:00,NA,"ISM",2,"Water",NA,4,"MG/L",NA,NA,NA,2019-05-03 13:25:36,NA,2,"",1,1,"S","PARTNTID",NA,NA,1,"sample has no depth associated with it"
"621",999,"LRA","ALLARM.LT2","01/30/2019","13:34:00","NO3N.3","M1",13401,"CMC","NTWQM",2019-01-30 13:34:00,NA,"ISM",2,"Water",NA,5.2,"MG/L",NA,NA,NA,2019-05-03 13:25:32,NA,2,"",1,1,"S","PARTNTID",NA,NA,1,"sample has no depth associated with it"
"623",999,"LRA","ALLARM.LT6","04/03/2019","14:46:00","NO3N.3","M1",13424,"CMC","NTWQM",2019-04-03 14:46:00,NA,"ISM",2,"Water",NA,2.9,"MG/L",NA,NA,NA,2019-05-03 13:25:43,NA,2,"",1,1,"S","PARTNTID",NA,NA,1,"sample has no depth associated with it"
"625",999,"LRA","ALLARM.LT3","02/13/2019","13:45:00","TDS.1","M1",13408,"CMC","NTWQM",2019-02-13 13:45:00,NA,"ISM",1,"Water",NA,390,"MG/L",NA,NA,NA,2019-05-03 13:25:35,NA,2,"",1,1,"S","PARTNTID",NA,NA,1,"sample has no depth associated with it"
"626",999,"LRA","ALLARM.LT6","04/03/2019","14:46:00","TDS.1","M1",13424,"CMC","NTWQM",2019-04-03 14:46:00,NA,"ISM",1,"Water",NA,420,"MG/L",NA,NA,NA,2019-05-03 13:25:43,NA,2,"",1,1,"S","PARTNTID",NA,NA,1,"sample has no depth associated with it"
"628",999,"LRA","ALLARM.LT6","03/06/2019","15:18:00","NO3N.3","M1",13417,"CMC","NTWQM",2019-03-06 15:18:00,NA,"ISM",2,"Water",NA,5.1,"MG/L",NA,NA,NA,2019-05-03 13:25:39,NA,2,"",1,1,"S","PARTNTID",NA,NA,1,"sample has no depth associated with it"
"629",999,"LRA","ALLARM.LT9","01/30/2019","14:30:00","TDS.1","M1",13404,"CMC","NTWQM",2019-01-30 14:30:00,NA,"ISM",1,"Water",NA,500,"MG/L",NA,NA,NA,2019-05-03 13:25:33,NA,2,"",1,1,"S","PARTNTID",NA,NA,1,"sample has no depth associated with it"
"630",999,"LRA","ALLARM.LT2","05/01/2019","13:50:00","TDS.1","M1",13431,"CMC","NTWQM",2019-05-01 13:50:00,NA,"ISM",1,"Water",NA,390,"MG/L",NA,NA,NA,2019-05-03 13:25:47,NA,2,"",1,1,"S","PARTNTID",NA,NA,1,"sample has no depth associated with it"
"631",999,"LRA","ALLARM.LT6","05/01/2019","14:40:00","NO3N.3","M1",13428,"CMC","NTWQM",2019-05-01 14:40:00,NA,"ISM",2,"Water",NA,2.8,"MG/L",NA,NA,NA,2019-05-03 13:25:45,NA,2,"",1,1,"S","PARTNTID",NA,NA,1,"sample has no depth associated with it"
"634",999,"LRA","ALLARM.LT6","05/01/2019","14:40:00","TDS.1","M1",13428,"CMC","NTWQM",2019-05-01 14:40:00,NA,"ISM",1,"Water",NA,420,"MG/L",NA,NA,NA,2019-05-03 13:25:45,NA,2,"",1,1,"S","PARTNTID",NA,NA,1,"sample has no depth associated with it"
"635",999,"CCCD","CCCD.BIGSPRCRE1.23","03/03/2019","09:20:00","NO3N.3","M1",13266,"CMC","NTWQM",2019-03-03 09:20:00,NA,"ISM",2,"Water",NA,4.9,"MG/L",NA,NA,NA,2019-04-30 11:33:30,NA,2,"",1,1,"S","PARTNTID",NA,NA,1,"sample has no depth associated with it"
"636",999,"LRA","ALLARM.LT2","04/03/2019","13:55:00","TDS.1","M1",13421,"CMC","NTWQM",2019-04-03 13:55:00,NA,"ISM",1,"Water",NA,390,"MG/L",NA,NA,NA,2019-05-03 13:25:41,NA,2,"",1,1,"S","PARTNTID",NA,NA,1,"sample has no depth associated with it"
"637",999,"LRA","ALLARM.LT9","02/13/2019","14:45:00","TDS.1","M1",13411,"CMC","NTWQM",2019-02-13 14:45:00,NA,"ISM",1,"Water",NA,520,"MG/L",NA,NA,NA,2019-05-03 13:25:36,NA,2,"",1,1,"S","PARTNTID",NA,NA,1,"sample has no depth associated with it"
"638",999,"LRA","ALLARM.LT2","03/06/2019","14:20:00","NO3N.3","M1",13414,"CMC","NTWQM",2019-03-06 14:20:00,NA,"ISM",2,"Water",NA,4.7,"MG/L",NA,NA,NA,2019-05-03 13:25:38,NA,2,"",1,1,"S","PARTNTID",NA,NA,1,"sample has no depth associated with it"
"639",999,"CCCD","CCCD.BRARUN0.01","03/03/2019","09:05:00","NO3N.3","M1",13267,"CMC","NTWQM",2019-03-03 09:05:00,NA,"ISM",2,"Water",NA,2.3,"MG/L",NA,NA,NA,2019-04-30 11:33:30,NA,2,"",1,1,"S","PARTNTID",NA,NA,1,"sample has no depth associated with it"
"640",999,"CCCD","CCCD.CONCRE59.72","03/03/2019","09:15:00","NO3N.3","M1",13275,"CMC","NTWQM",2019-03-03 09:15:00,NA,"ISM",2,"Water",NA,2.5,"MG/L",NA,NA,NA,2019-04-30 11:33:32,NA,2,"",1,1,"S","PARTNTID",NA,NA,1,"sample has no depth associated with it"
"641",999,"LRA","ALLARM.LT9","04/03/2019","14:57:00","TDS.1","M1",13425,"CMC","NTWQM",2019-04-03 14:57:00,NA,"ISM",1,"Water",NA,490,"MG/L",NA,NA,NA,2019-05-03 13:25:43,NA,2,"",1,1,"S","PARTNTID",NA,NA,1,"sample has no depth associated with it"
"642",999,"CCCD","CCCD.CONCRE39.03","03/03/2019","09:13:00","NO3N.3","M1",13272,"CMC","NTWQM",2019-03-03 09:13:00,NA,"ISM",2,"Water",NA,3.8,"MG/L",NA,NA,NA,2019-04-30 11:33:31,NA,2,"",1,1,"S","PARTNTID",NA,NA,1,"sample has no depth associated with it"
"643",999,"LRA","ALLARM.LT3","03/06/2019","14:00:00","NO3N.3","M1",13415,"CMC","NTWQM",2019-03-06 14:00:00,NA,"ISM",2,"Water",NA,5.6,"MG/L",NA,NA,NA,2019-05-03 13:25:38,NA,2,"",1,1,"S","PARTNTID",NA,NA,1,"sample has no depth associated with it"
"645",999,"CCCD","CCCD.CONCRE27.96","03/03/2019","08:50:00","NO3N.3","M1",13269,"CMC","NTWQM",2019-03-03 08:50:00,NA,"ISM",2,"Water",NA,3.7,"MG/L",NA,NA,NA,2019-04-30 11:33:30,NA,2,"",1,1,"S","PARTNTID",NA,NA,1,"sample has no depth associated with it"
"646",999,"LRA","ALLARM.LT2","04/03/2019","13:55:00","NO3N.3","M1",13421,"CMC","NTWQM",2019-04-03 13:55:00,NA,"ISM",2,"Water",NA,4.8,"MG/L",NA,NA,NA,2019-05-03 13:25:41,NA,2,"",1,1,"S","PARTNTID",NA,NA,1,"sample has no depth associated with it"
"647",999,"LRA","ALLARM.LT9","02/13/2019","14:45:00","NO3N.3","M1",13411,"CMC","NTWQM",2019-02-13 14:45:00,NA,"ISM",2,"Water",NA,4.5,"MG/L",NA,NA,NA,2019-05-03 13:25:36,NA,2,"",1,1,"S","PARTNTID",NA,NA,1,"sample has no depth associated with it"
"648",999,"LRA","ALLARM.LT3","02/13/2019","13:45:00","NO3N.3","M1",13408,"CMC","NTWQM",2019-02-13 13:45:00,NA,"ISM",2,"Water",NA,5.9,"MG/L",NA,NA,NA,2019-05-03 13:25:35,NA,2,"",1,1,"S","PARTNTID",NA,NA,1,"sample has no depth associated with it"
"650",999,"LRA","ALLARM.LT9","04/03/2019","14:57:00","NO3N.3","M1",13425,"CMC","NTWQM",2019-04-03 14:57:00,NA,"ISM",2,"Water",NA,2.8,"MG/L",NA,NA,NA,2019-05-03 13:25:43,NA,2,"",1,1,"S","PARTNTID",NA,NA,1,"sample has no depth associated with it"
"651",999,"CCCD","CCCD.CONCRE35.82","03/03/2019","10:15:00","NO3N.3","M1",13271,"CMC","NTWQM",2019-03-03 10:15:00,NA,"ISM",2,"Water",NA,3,"MG/L",NA,NA,NA,2019-04-30 11:33:31,NA,2,"",1,1,"S","PARTNTID",NA,NA,1,"sample has no depth associated with it"
"652",999,"LRA","ALLARM.LT9","03/06/2019","15:31:00","TDS.1","M1",13418,"CMC","NTWQM",2019-03-06 15:31:00,NA,"ISM",1,"Water",NA,560,"MG/L",NA,NA,NA,2019-05-03 13:25:40,NA,2,"",1,1,"S","PARTNTID",NA,NA,1,"sample has no depth associated with it"
"653",999,"LRA","ALLARM.LT5","01/30/2019","13:58:00","TDS.1","M1",13402,"CMC","NTWQM",2019-01-30 13:58:00,NA,"ISM",1,"Water",NA,420,"MG/L",NA,NA,NA,2019-05-03 13:25:32,NA,2,"",1,1,"S","PARTNTID",NA,NA,1,"sample has no depth associated with it"
"654",999,"LRA","ALLARM.LT9","01/30/2019","14:30:00","NO3N.3","M1",13404,"CMC","NTWQM",2019-01-30 14:30:00,NA,"ISM",2,"Water",NA,4.5,"MG/L",NA,NA,NA,2019-05-03 13:25:33,NA,2,"",1,1,"S","PARTNTID",NA,NA,1,"sample has no depth associated with it"
"655",999,"LRA","ALLARM.LT3","03/06/2019","14:00:00","TDS.1","M1",13415,"CMC","NTWQM",2019-03-06 14:00:00,NA,"ISM",1,"Water",NA,420,"MG/L",NA,NA,NA,2019-05-03 13:25:38,NA,2,"",1,1,"S","PARTNTID",NA,NA,1,"sample has no depth associated with it"
"656",999,"LRA","ALLARM.LT3","04/03/2019","13:37:00","NO3N.3","M1",13422,"CMC","NTWQM",2019-04-03 13:37:00,NA,"ISM",2,"Water",NA,5.1,"MG/L",NA,NA,NA,2019-05-03 13:25:42,NA,2,"",1,1,"S","PARTNTID",NA,NA,1,"sample has no depth associated with it"
"657",999,"CCCD","CCCD.CONCRE43.93","03/03/2019","08:15:00","NO3N.3","M1",13273,"CMC","NTWQM",2019-03-03 08:15:00,NA,"ISM",2,"Water",NA,3.6,"MG/L",NA,NA,NA,2019-04-30 11:33:31,NA,2,"",1,1,"S","PARTNTID",NA,NA,1,"sample has no depth associated with it"
"658",999,"LRA","ALLARM.LT9","03/06/2019","15:31:00","NO3N.3","M1",13418,"CMC","NTWQM",2019-03-06 15:31:00,NA,"ISM",2,"Water",NA,4.6,"MG/L",NA,NA,NA,2019-05-03 13:25:40,NA,2,"",1,1,"S","PARTNTID",NA,NA,1,"sample has no depth associated with it"
"560",999,"LRA","ALLARM.LT1","03/06/2019","14:30:00","TDS.1","M1",13412,"CMC","NTWQM",2019-03-06 14:30:00,0.3,"ISM",1,"Water",NA,400,"MG/L",NA,NA,NA,2019-05-03 17:34:17,NA,2,"",1,1,"S","PARTNTID",NA,NA,4,"sample does not have an associated bay program method code"
"561",999,"HAWQS","HAWQS.TC1","01/25/2019","13:15:00","NO2NO3.4","M1",12392,"CMC","NTWQM",2019-01-25 13:15:00,0.3,"ISM",1,"Water",NA,48,"PPB",NA,NA,NA,2019-03-06 16:14:02,NA,2,NA,1,1,"S","PARTNTID",NA,NA,4,"sample does not have an associated bay program method code"
"565",999,"LRA","ALLARM.LT1","04/03/2019","14:07:00","NO3N.3","M1",13419,"CMC","NTWQM",2019-04-03 14:07:00,0.3,"ISM",2,"Water",NA,3.5,"MG/L",NA,NA,NA,2019-05-03 17:34:55,NA,2,"",1,1,"S","PARTNTID",NA,NA,4,"sample does not have an associated bay program method code"
"568",999,"LRA","ALLARM.LT1","04/03/2019","14:07:00","TDS.1","M1",13419,"CMC","NTWQM",2019-04-03 14:07:00,0.3,"ISM",1,"Water",NA,410,"MG/L",NA,NA,NA,2019-05-03 17:34:55,NA,2,"",1,1,"S","PARTNTID",NA,NA,4,"sample does not have an associated bay program method code"
"570",999,"HAWQS","HAWQS.DRP2","02/02/2019","15:59:00","NO2NO3.4","M1",12789,"CMC","NTWQM",2019-02-02 15:59:00,0.3,"ISM",1,"Water",NA,7,"PPB",NA,NA,NA,2019-03-06 16:04:23,NA,2,"",1,1,"S","PARTNTID",NA,NA,4,"sample does not have an associated bay program method code"
"574",999,"HAWQS","HAWQS.JB1","01/06/2019","12:57:00","NO2NO3.4","M1",10536,"CMC","NTWQM",2019-01-06 12:57:00,0.3,"ISM",1,"Water",NA,50,"PPB",NA,NA,NA,2019-03-06 15:28:39,NA,2,"Not split samples. JB1 e coli was 300 JB 2 was 267. Two different sites
JB1 Fluoride= 0.20 ppm
JB2 fluoride= 0.24 ppm

Mary Sandkam 1 hour",1,1,"S","PARTNTID",NA,NA,4,"sample does not have an associated bay program method code"
"577",999,"HAWQS","HAWQS.TUC1","02/05/2019","15:30:00","NO2NO3.4","M1",12846,"CMC","NTWQM",2019-02-05 15:30:00,0.3,"ISM",1,"Water",NA,0,"PPB",NA,NA,NA,2019-03-06 15:59:58,NA,2,NA,1,1,"S","PARTNTID",NA,NA,4,"sample does not have an associated bay program method code"
"585",999,"LRA","ALLARM.LT1","01/30/2019","13:40:00","TDS.1","M1",13399,"CMC","NTWQM",2019-01-30 13:40:00,0.3,"ISM",1,"Water",NA,400,"MG/L",NA,NA,NA,2019-05-03 17:33:10,NA,2,"",1,1,"S","PARTNTID",NA,NA,4,"sample does not have an associated bay program method code"
"593",999,"HAWQS","HAWQS.QM1","02/28/2019","16:40:00","NO2NO3.4","M1",12879,"CMC","NTWQM",2019-02-28 16:40:00,0.3,"ISM",1,"Water",NA,96,"PPB",NA,NA,NA,2019-03-11 17:35:20,NA,2,NA,1,1,"S","PARTNTID",NA,NA,4,"sample does not have an associated bay program method code"
"598",999,"LRA","ALLARM.LT1","03/06/2019","14:30:00","NO3N.3","M1",13412,"CMC","NTWQM",2019-03-06 14:30:00,0.3,"ISM",2,"Water",NA,3.8,"MG/L",NA,NA,NA,2019-05-03 17:34:17,NA,2,"",1,1,"S","PARTNTID",NA,NA,4,"sample does not have an associated bay program method code"
"602",999,"HAWQS","HAWQS.DR1","01/30/2019","14:00:00","NO2NO3.4","M1",12849,"CMC","NTWQM",2019-01-30 14:00:00,0.3,"ISM",1,"Water",NA,63,"PPB",NA,NA,NA,2019-03-06 16:35:20,NA,2,NA,1,1,"S","PARTNTID",NA,NA,4,"sample does not have an associated bay program method code"
"605",999,"HAWQS","HAWQS.JB1","02/05/2019","14:36:00","NO2NO3.4","M1",12741,"CMC","NTWQM",2019-02-05 14:36:00,0.3,"ISM",1,"Water",NA,52,"PPB",NA,NA,NA,2019-03-06 15:37:21,NA,2,"JB1 and JB2 are not split samples
JB2 e.coli: 1100
JB1 fluoride= 0.31 ppm
JB2 fluoride= 0.26 ppm",1,1,"S","PARTNTID",NA,NA,4,"sample does not have an associated bay program method code"
"606",999,"HAWQS","HAWQS.DR1","02/27/2019","10:00:00","NO2NO3.4","M1",12852,"CMC","NTWQM",2019-02-27 10:00:00,0.3,"ISM",1,"Water",NA,34,"PPB",NA,NA,NA,2019-03-06 21:05:45,NA,2,NA,1,1,"S","PARTNTID",NA,NA,4,"sample does not have an associated bay program method code"
"609",999,"HAWQS","HAWQS.TCP1","02/02/2019","14:50:00","NO2NO3.4","M1",12788,"CMC","TWQM",2019-02-02 14:50:00,0.3,"ISM",1,"Water",NA,11,"PPB",NA,NA,NA,2019-03-06 16:10:30,NA,2,"",1,1,"S","PARTTRIB",NA,NA,4,"sample does not have an associated bay program method code"
"613",999,"HAWQS","HAWQS.NR2","01/15/2019","13:15:00","NO2NO3.4","M1",12847,"CMC","NTWQM",2019-01-15 13:15:00,0.3,"ISM",1,"Water",NA,19,"PPB",NA,NA,NA,2019-03-06 16:24:30,NA,2,NA,1,1,"S","PARTNTID",NA,NA,4,"sample does not have an associated bay program method code"
"617",999,"HAWQS","HAWQS.OsborneLanding","01/31/2019","16:00:00","NO2NO3.4","M1",12848,"CMC","NTWQM",2019-01-31 16:00:00,0.3,"ISM",1,"Water",NA,6,"PPB",NA,NA,NA,2019-03-06 16:30:28,NA,2,NA,1,1,"S","PARTNTID",NA,NA,4,"sample does not have an associated bay program method code"
"622",999,"HAWQS","HAWQS.JB1","03/02/2019","15:33:00","NO2NO3.4","M1",12853,"CMC","NTWQM",2019-03-02 15:33:00,0.3,"ISM",1,"Water",NA,7,"PPB",NA,NA,NA,2019-03-06 21:15:27,NA,2,"JB2 E. coli sample taken upstream: 1267 CFU/100 ml",1,1,"S","PARTNTID",NA,NA,4,"sample does not have an associated bay program method code"
"624",999,"HAWQS","HAWQS.SR1","02/28/2019","14:04:00","NO2NO3.4","M1",12850,"CMC","NTWQM",2019-02-28 14:04:00,0.3,"ISM",1,"Water",NA,5,"PPB",NA,NA,NA,2019-03-06 16:41:50,NA,2,NA,1,1,"S","PARTNTID",NA,NA,4,"sample does not have an associated bay program method code"
"627",999,"HAWQS","HAWQS.TUC1","01/07/2019","15:30:00","NO2NO3.4","M1",12845,"CMC","NTWQM",2019-01-07 15:30:00,0.3,"ISM",1,"Water",NA,17,"PPB",NA,NA,NA,2019-03-06 15:51:55,NA,2,NA,1,1,"S","PARTNTID",NA,NA,4,"sample does not have an associated bay program method code"
"632",999,"HAWQS","HAWQS.TC1","02/24/2019","13:44:00","NO2NO3.4","M1",12816,"CMC","NTWQM",2019-02-24 13:44:00,0.3,"ISM",1,"Water",NA,64,"PPB",NA,NA,NA,2019-03-06 16:19:04,NA,2,NA,1,1,"S","PARTNTID",NA,NA,4,"sample does not have an associated bay program method code"
"633",999,"LRA","ALLARM.LT1","02/13/2019","14:00:00","TDS.1","M1",13405,"CMC","NTWQM",2019-02-13 14:00:00,0.3,"ISM",1,"Water",NA,390,"MG/L",NA,NA,NA,2019-05-03 17:33:50,NA,2,"",1,1,"S","PARTNTID",NA,NA,4,"sample does not have an associated bay program method code"
"644",999,"LRA","ALLARM.LT1","02/13/2019","14:00:00","NO3N.3","M1",13405,"CMC","NTWQM",2019-02-13 14:00:00,0.3,"ISM",2,"Water",NA,6,"MG/L",NA,NA,NA,2019-05-03 17:33:50,NA,2,"",1,1,"S","PARTNTID",NA,NA,4,"sample does not have an associated bay program method code"
"649",999,"LRA","ALLARM.LT1","01/30/2019","13:40:00","NO3N.3","M1",13399,"CMC","NTWQM",2019-01-30 13:40:00,0.3,"ISM",2,"Water",NA,6.1,"MG/L",NA,NA,NA,2019-05-03 17:33:10,NA,2,"",1,1,"S","PARTNTID",NA,NA,4,"sample does not have an associated bay program method code"
