"","paramMethod","SOURCE","STATION","SAMPLE_DATE","SAMPLE_TIME","paramCode","SAMPLE_ID","EventId","AGENCY","PROGRAM","DateTime","DEPTH","SAMPLE_TYPE","TIER","Matrix","QUALIFIER","VALUE","UNITS","PROBLEM","LAB","labName","modifiedDate","detLimit","qaFlag","COMMENTS","count.x","count.y","LAYER","PROJECT","SampleAnalyticalMethodIdentifier","SubstanceIdentificationName","errorCode","errorName"
"750",999,"LRA","ALLARM.LT10","02/20/2002","12:00:00","NO3N.3","M1",1654,"CMC","NTWQM",2002-02-20 12:00:00,0.3,"ISM",2,"Water",NA,5.4,"MG/L",NA,NA,NA,2017-10-27 16:05:32,NA,2,NA,1,1,"S","PARTNTID",NA,NA,4,"sample does not have an associated bay program method code"
"751",999,"LRA","ALLARM.LT3","12/17/2002","12:00:00","NO3N.3","M1",1761,"CMC","NTWQM",2002-12-17 12:00:00,0.3,"ISM",2,"Water",NA,2.6,"MG/L",NA,NA,NA,2017-10-27 16:09:55,NA,2,NA,1,2,"VP","PARTNTID",NA,NA,4,"sample does not have an associated bay program method code"
"752",999,"LRA","ALLARM.LT2","07/25/2002","12:00:00","NO3N.3","M1",1703,"CMC","NTWQM",2002-07-25 12:00:00,0.3,"ISM",2,"Water",NA,3.6,"MG/L",NA,NA,NA,2017-10-27 16:07:29,NA,2,NA,1,1,"S","PARTNTID",NA,NA,4,"sample does not have an associated bay program method code"
"753",999,"LRA","ALLARM.LT10","02/20/2002","12:00:00","TDS.1","M1",1654,"CMC","NTWQM",2002-02-20 12:00:00,0.3,"ISM",1,"Water",NA,270,"MG/L",NA,NA,NA,2017-10-27 16:05:32,NA,2,NA,1,1,"S","PARTNTID",NA,NA,4,"sample does not have an associated bay program method code"
"754",999,"LRA","ALLARM.LT6","09/24/2002","12:00:00","TDS.1","M1",1729,"CMC","NTWQM",2002-09-24 12:00:00,0.3,"ISM",1,"Water",NA,220,"MG/L",NA,NA,NA,2017-10-27 16:08:27,NA,2,NA,1,1,"S","PARTNTID",NA,NA,4,"sample does not have an associated bay program method code"
"755",999,"LRA","ALLARM.LT2","07/25/2002","12:00:00","TDS.1","M1",1703,"CMC","NTWQM",2002-07-25 12:00:00,0.3,"ISM",1,"Water",NA,230,"MG/L",NA,NA,NA,2017-10-27 16:07:29,NA,2,NA,1,1,"S","PARTNTID",NA,NA,4,"sample does not have an associated bay program method code"
"756",999,"LRA","ALLARM.LT8","01/30/2002","12:00:00","TDS.1","M1",1641,"CMC","NTWQM",2002-01-30 12:00:00,0.3,"ISM",1,"Water",NA,290,"MG/L",NA,NA,NA,2017-10-27 16:05:03,NA,2,NA,1,1,"S","PARTNTID",NA,NA,4,"sample does not have an associated bay program method code"
"757",999,"LRA","ALLARM.LT10","03/26/2002","12:00:00","NO3N.3","M1",1665,"CMC","NTWQM",2002-03-26 12:00:00,0.3,"ISM",2,"Water",NA,2.7,"MG/L",NA,NA,NA,2017-10-27 16:05:57,NA,2,NA,1,1,"S","PARTNTID",NA,NA,4,"sample does not have an associated bay program method code"
"758",999,"LRA","ALLARM.LT3","12/17/2002","12:00:00","TDS.1","M1",1761,"CMC","NTWQM",2002-12-17 12:00:00,0.3,"ISM",1,"Water",NA,300,"MG/L",NA,NA,NA,2017-10-27 16:09:55,NA,2,NA,1,2,"VP","PARTNTID",NA,NA,4,"sample does not have an associated bay program method code"
"759",999,"LRA","ALLARM.LT5","05/30/2002","12:00:00","NO3N.3","M1",1683,"CMC","NTWQM",2002-05-30 12:00:00,0.3,"ISM",2,"Water",NA,1.4,"MG/L",NA,NA,NA,2017-10-27 16:06:42,NA,2,NA,1,1,"S","PARTNTID",NA,NA,4,"sample does not have an associated bay program method code"
"760",999,"LRA","ALLARM.LT10","03/26/2002","12:00:00","TDS.1","M1",1665,"CMC","NTWQM",2002-03-26 12:00:00,0.3,"ISM",1,"Water",NA,290,"MG/L",NA,NA,NA,2017-10-27 16:05:57,NA,2,NA,1,1,"S","PARTNTID",NA,NA,4,"sample does not have an associated bay program method code"
"761",999,"LRA","ALLARM.LT6","10/23/2002","12:00:00","TDS.1","M1",1740,"CMC","NTWQM",2002-10-23 12:00:00,0.3,"ISM",1,"Water",NA,270,"MG/L",NA,NA,NA,2017-10-27 16:08:57,NA,2,NA,1,1,"S","PARTNTID",NA,NA,4,"sample does not have an associated bay program method code"
"762",999,"LRA","ALLARM.LT5","05/30/2002","12:00:00","TDS.1","M1",1683,"CMC","NTWQM",2002-05-30 12:00:00,0.3,"ISM",1,"Water",NA,270,"MG/L",NA,NA,NA,2017-10-27 16:06:42,NA,2,NA,1,1,"S","PARTNTID",NA,NA,4,"sample does not have an associated bay program method code"
"763",999,"LRA","ALLARM.LT2","09/24/2002","12:00:00","NO3N.3","M1",1725,"CMC","NTWQM",2002-09-24 12:00:00,0.3,"ISM",2,"Water",NA,2.4,"MG/L",NA,NA,NA,2017-10-27 16:08:17,NA,2,NA,1,1,"S","PARTNTID",NA,NA,4,"sample does not have an associated bay program method code"
"764",999,"LRA","ALLARM.LT10","04/24/2002","12:00:00","NO3N.3","M1",1676,"CMC","NTWQM",2002-04-24 12:00:00,0.3,"ISM",2,"Water",NA,3.4,"MG/L",NA,NA,NA,2017-10-27 16:06:25,NA,2,NA,1,1,"S","PARTNTID",NA,NA,4,"sample does not have an associated bay program method code"
"765",999,"LRA","ALLARM.LT6","11/19/2002","12:00:00","NO3N.3","M1",1752,"CMC","NTWQM",2002-11-19 12:00:00,0.3,"ISM",2,"Water",NA,3.4,"MG/L",NA,NA,NA,2017-10-27 16:09:31,NA,2,NA,1,1,"S","PARTNTID",NA,NA,4,"sample does not have an associated bay program method code"
"766",999,"LRA","ALLARM.LT2","09/24/2002","12:00:00","TDS.1","M1",1725,"CMC","NTWQM",2002-09-24 12:00:00,0.3,"ISM",1,"Water",NA,200,"MG/L",NA,NA,NA,2017-10-27 16:08:17,NA,2,NA,1,1,"S","PARTNTID",NA,NA,4,"sample does not have an associated bay program method code"
"767",999,"LRA","ALLARM.LT10","04/24/2002","12:00:00","TDS.1","M1",1676,"CMC","NTWQM",2002-04-24 12:00:00,0.3,"ISM",1,"Water",NA,310,"MG/L",NA,NA,NA,2017-10-27 16:06:25,NA,2,NA,1,1,"S","PARTNTID",NA,NA,4,"sample does not have an associated bay program method code"
"768",999,"LRA","ALLARM.LT6","11/19/2002","12:00:00","TDS.1","M1",1752,"CMC","NTWQM",2002-11-19 12:00:00,0.3,"ISM",1,"Water",NA,290,"MG/L",NA,NA,NA,2017-10-27 16:09:31,NA,2,NA,1,1,"S","PARTNTID",NA,NA,4,"sample does not have an associated bay program method code"
"769",999,"LRA","ALLARM.LT5","06/27/2002","12:00:00","TDS.1","M1",1695,"CMC","NTWQM",2002-06-27 12:00:00,0.3,"ISM",1,"Water",NA,230,"MG/L",NA,NA,NA,2017-10-27 16:07:10,NA,2,NA,1,1,"S","PARTNTID",NA,NA,4,"sample does not have an associated bay program method code"
"770",999,"LRA","ALLARM.LT2","10/23/2002","12:00:00","NO3N.3","M1",1736,"CMC","NTWQM",2002-10-23 12:00:00,0.3,"ISM",2,"Water",NA,2.6,"MG/L",NA,NA,NA,2017-10-27 16:08:46,NA,2,NA,1,1,"S","PARTNTID",NA,NA,4,"sample does not have an associated bay program method code"
"771",999,"LRA","ALLARM.LT10","05/30/2002","12:00:00","NO3N.3","M1",1688,"CMC","NTWQM",2002-05-30 12:00:00,0.3,"ISM",2,"Water",NA,2.6,"MG/L",NA,NA,NA,2017-10-27 16:06:54,NA,2,NA,1,1,"S","PARTNTID",NA,NA,4,"sample does not have an associated bay program method code"
"772",999,"LRA","ALLARM.LT3","03/26/2002","12:00:00","NO3N.3","M1",1658,"CMC","NTWQM",2002-03-26 12:00:00,0.3,"ISM",2,"Water",NA,5.7,"MG/L",NA,NA,NA,2017-10-27 16:05:41,NA,2,NA,1,1,"S","PARTNTID",NA,NA,4,"sample does not have an associated bay program method code"
"773",999,"LRA","ALLARM.LT2","10/23/2002","12:00:00","TDS.1","M1",1736,"CMC","NTWQM",2002-10-23 12:00:00,0.3,"ISM",1,"Water",NA,230,"MG/L",NA,NA,NA,2017-10-27 16:08:46,NA,2,NA,1,1,"S","PARTNTID",NA,NA,4,"sample does not have an associated bay program method code"
"774",999,"LRA","ALLARM.LT10","05/30/2002","12:00:00","TDS.1","M1",1688,"CMC","NTWQM",2002-05-30 12:00:00,0.3,"ISM",1,"Water",NA,310,"MG/L",NA,NA,NA,2017-10-27 16:06:54,NA,2,NA,1,1,"S","PARTNTID",NA,NA,4,"sample does not have an associated bay program method code"
"775",999,"LRA","ALLARM.LT1","06/27/2002","12:00:00","NO3N.3","M1",1691,"CMC","NTWQM",2002-06-27 12:00:00,0.3,"ISM",2,"Water",NA,4.5,"MG/L",NA,NA,NA,2017-10-27 16:07:01,NA,2,NA,1,1,"S","PARTNTID",NA,NA,4,"sample does not have an associated bay program method code"
"776",999,"LRA","ALLARM.LT5","07/25/2002","12:00:00","TDS.1","M1",1706,"CMC","NTWQM",2002-07-25 12:00:00,0.3,"ISM",1,"Water",NA,210,"MG/L",NA,NA,NA,2017-10-27 16:07:36,NA,2,NA,1,1,"S","PARTNTID",NA,NA,4,"sample does not have an associated bay program method code"
"777",999,"LRA","ALLARM.LT2","11/19/2002","12:00:00","NO3N.3","M1",1748,"CMC","NTWQM",2002-11-19 12:00:00,0.3,"ISM",2,"Water",NA,3.4,"MG/L",NA,NA,NA,2017-10-27 16:09:18,NA,2,NA,1,1,"S","PARTNTID",NA,NA,4,"sample does not have an associated bay program method code"
"778",999,"LRA","ALLARM.LT10","06/27/2002","12:00:00","NO3N.3","M1",1700,"CMC","NTWQM",2002-06-27 12:00:00,0.3,"ISM",2,"Water",NA,2.8,"MG/L",NA,NA,NA,2017-10-27 16:07:22,NA,2,NA,1,1,"S","PARTNTID",NA,NA,4,"sample does not have an associated bay program method code"
"779",999,"LRA","ALLARM.LT6","12/17/2002","12:00:00","TDS.1","M1",1764,"CMC","NTWQM",2002-12-17 12:00:00,0.3,"ISM",1,"Water",NA,340,"MG/L",NA,NA,NA,2017-10-27 16:10:04,NA,2,NA,1,2,"VP","PARTNTID",NA,NA,4,"sample does not have an associated bay program method code"
"780",999,"LRA","ALLARM.LT1","01/30/2002","12:00:00","NO3N.3","M1",1634,"CMC","NTWQM",2002-01-30 12:00:00,0.3,"ISM",2,"Water",NA,5.1,"MG/L",NA,NA,NA,2017-10-27 16:04:47,NA,2,NA,1,1,"S","PARTNTID",NA,NA,4,"sample does not have an associated bay program method code"
"781",999,"LRA","ALLARM.LT10","06/27/2002","12:00:00","TDS.1","M1",1700,"CMC","NTWQM",2002-06-27 12:00:00,0.3,"ISM",1,"Water",NA,270,"MG/L",NA,NA,NA,2017-10-27 16:07:22,NA,2,NA,1,1,"S","PARTNTID",NA,NA,4,"sample does not have an associated bay program method code"
"782",999,"LRA","ALLARM.MG2","09/24/2002","12:00:00","NO3N.3","M1",1734,"CMC","NTWQM",2002-09-24 12:00:00,0.3,"ISM",2,"Water",NA,3.1,"MG/L",NA,NA,NA,2017-10-27 16:08:39,NA,2,NA,1,1,"S","PARTNTID",NA,NA,4,"sample does not have an associated bay program method code"
"783",999,"LRA","ALLARM.LT1","01/30/2002","12:00:00","TDS.1","M1",1634,"CMC","NTWQM",2002-01-30 12:00:00,0.3,"ISM",1,"Water",NA,230,"MG/L",NA,NA,NA,2017-10-27 16:04:47,NA,2,NA,1,1,"S","PARTNTID",NA,NA,4,"sample does not have an associated bay program method code"
"784",999,"LRA","ALLARM.LT5","09/24/2002","12:00:00","NO3N.3","M1",1728,"CMC","NTWQM",2002-09-24 12:00:00,0.3,"ISM",2,"Water",NA,2,"MG/L",NA,NA,NA,2017-10-27 16:08:25,NA,2,NA,1,1,"S","PARTNTID",NA,NA,4,"sample does not have an associated bay program method code"
"785",999,"LRA","ALLARM.LT10","07/25/2002","12:00:00","NO3N.3","M1",1711,"CMC","NTWQM",2002-07-25 12:00:00,0.3,"ISM",2,"Water",NA,3.3,"MG/L",NA,NA,NA,2017-10-27 16:07:49,NA,2,NA,1,1,"S","PARTNTID",NA,NA,4,"sample does not have an associated bay program method code"
"786",999,"LRA","ALLARM.LT2","12/17/2002","12:00:00","NO3N.3","M1",1760,"CMC","NTWQM",2002-12-17 12:00:00,0.3,"ISM",2,"Water",NA,3.8,"MG/L",NA,NA,NA,2017-10-27 16:09:53,NA,2,NA,1,2,"VP","PARTNTID",NA,NA,4,"sample does not have an associated bay program method code"
"787",999,"LRA","ALLARM.LT1","02/20/2002","12:00:00","NO3N.3","M1",1645,"CMC","NTWQM",2002-02-20 12:00:00,0.3,"ISM",2,"Water",NA,5.1,"MG/L",NA,NA,NA,2017-10-27 16:05:12,NA,2,NA,1,1,"S","PARTNTID",NA,NA,4,"sample does not have an associated bay program method code"
"788",999,"LRA","ALLARM.LT10","07/25/2002","12:00:00","TDS.1","M1",1711,"CMC","NTWQM",2002-07-25 12:00:00,0.3,"ISM",1,"Water",NA,280,"MG/L",NA,NA,NA,2017-10-27 16:07:49,NA,2,NA,1,1,"S","PARTNTID",NA,NA,4,"sample does not have an associated bay program method code"
"789",999,"LRA","ALLARM.LT7","01/30/2002","12:00:00","TDS.1","M1",1640,"CMC","NTWQM",2002-01-30 12:00:00,0.3,"ISM",1,"Water",NA,250,"MG/L",NA,NA,NA,2017-10-27 16:05:01,NA,2,NA,1,1,"S","PARTNTID",NA,NA,4,"sample does not have an associated bay program method code"
"790",999,"LRA","ALLARM.LT1","02/20/2002","12:00:00","TDS.1","M1",1645,"CMC","NTWQM",2002-02-20 12:00:00,0.3,"ISM",1,"Water",NA,230,"MG/L",NA,NA,NA,2017-10-27 16:05:12,NA,2,NA,1,1,"S","PARTNTID",NA,NA,4,"sample does not have an associated bay program method code"
"791",999,"LRA","ALLARM.LT2","12/17/2002","12:00:00","TDS.1","M1",1760,"CMC","NTWQM",2002-12-17 12:00:00,0.3,"ISM",1,"Water",NA,270,"MG/L",NA,NA,NA,2017-10-27 16:09:53,NA,2,NA,1,2,"VP","PARTNTID",NA,NA,4,"sample does not have an associated bay program method code"
"792",999,"LRA","ALLARM.LT2","12/17/2002","12:00:00","TDS.1","M1",1760,"CMC","NTWQM",2002-12-17 12:00:00,0.3,"ISM",1,"Water",NA,270,"MG/L",NA,NA,NA,2017-10-27 16:09:53,NA,2,NA,1,2,"VP","PARTNTID",NA,NA,4,"sample does not have an associated bay program method code"
"793",999,"LRA","ALLARM.LT10","08/19/2002","12:00:00","TDS.1","M1",1722,"CMC","NTWQM",2002-08-19 12:00:00,0.3,"ISM",1,"Water",NA,280,"MG/L",NA,NA,NA,2017-10-27 16:08:10,NA,2,NA,1,1,"S","PARTNTID",NA,NA,4,"sample does not have an associated bay program method code"
"794",999,"LRA","ALLARM.LT1","03/26/2002","12:00:00","NO3N.3","M1",1656,"CMC","NTWQM",2002-03-26 12:00:00,0.3,"ISM",2,"Water",NA,5.7,"MG/L",NA,NA,NA,2017-10-27 16:05:37,NA,2,NA,1,1,"S","PARTNTID",NA,NA,4,"sample does not have an associated bay program method code"
"795",999,"LRA","ALLARM.LT4","05/30/2002","12:00:00","TDS.1","M1",1682,"CMC","NTWQM",2002-05-30 12:00:00,0.3,"ISM",1,"Water",NA,270,"MG/L",NA,NA,NA,2017-10-27 16:06:40,NA,2,NA,1,1,"S","PARTNTID",NA,NA,4,"sample does not have an associated bay program method code"
"796",999,"LRA","ALLARM.LT10","09/24/2002","12:00:00","NO3N.3","M1",1733,"CMC","NTWQM",2002-09-24 12:00:00,0.3,"ISM",2,"Water",NA,2.6,"MG/L",NA,NA,NA,2017-10-27 16:08:37,NA,2,NA,1,1,"S","PARTNTID",NA,NA,4,"sample does not have an associated bay program method code"
"797",999,"LRA","ALLARM.LT1","03/26/2002","12:00:00","TDS.1","M1",1656,"CMC","NTWQM",2002-03-26 12:00:00,0.3,"ISM",1,"Water",NA,250,"MG/L",NA,NA,NA,2017-10-27 16:05:37,NA,2,NA,1,1,"S","PARTNTID",NA,NA,4,"sample does not have an associated bay program method code"
"798",999,"LRA","ALLARM.LT3","01/30/2002","12:00:00","NO3N.3","M1",1636,"CMC","NTWQM",2002-01-30 12:00:00,0.3,"ISM",2,"Water",NA,4.2,"MG/L",NA,NA,NA,2017-10-27 16:04:52,NA,2,NA,1,1,"S","PARTNTID",NA,NA,4,"sample does not have an associated bay program method code"
"799",999,"LRA","ALLARM.LT10","09/24/2002","12:00:00","TDS.1","M1",1733,"CMC","NTWQM",2002-09-24 12:00:00,0.3,"ISM",1,"Water",NA,290,"MG/L",NA,NA,NA,2017-10-27 16:08:37,NA,2,NA,1,1,"S","PARTNTID",NA,NA,4,"sample does not have an associated bay program method code"
"800",999,"LRA","ALLARM.LT7","03/26/2002","12:00:00","NO3N.3","M1",1662,"CMC","NTWQM",2002-03-26 12:00:00,0.3,"ISM",2,"Water",NA,5.4,"MG/L",NA,NA,NA,2017-10-27 16:05:50,NA,2,NA,1,1,"S","PARTNTID",NA,NA,4,"sample does not have an associated bay program method code"
"801",999,"LRA","ALLARM.LT1","04/24/2002","12:00:00","NO3N.3","M1",1667,"CMC","NTWQM",2002-04-24 12:00:00,0.3,"ISM",2,"Water",NA,5.5,"MG/L",NA,NA,NA,2017-10-27 16:06:02,NA,2,NA,1,1,"S","PARTNTID",NA,NA,4,"sample does not have an associated bay program method code"
"802",999,"LRA","ALLARM.LT4","06/27/2002","12:00:00","TDS.1","M1",1694,"CMC","NTWQM",2002-06-27 12:00:00,0.3,"ISM",1,"Water",NA,210,"MG/L",NA,NA,NA,2017-10-27 16:07:08,NA,2,NA,1,1,"S","PARTNTID",NA,NA,4,"sample does not have an associated bay program method code"
"803",999,"LRA","ALLARM.LT10","10/23/2002","12:00:00","NO3N.3","M1",1744,"CMC","NTWQM",2002-10-23 12:00:00,0.3,"ISM",2,"Water",NA,2,"MG/L",NA,NA,NA,2017-10-27 16:09:07,NA,2,NA,1,1,"S","PARTNTID",NA,NA,4,"sample does not have an associated bay program method code"
"804",999,"LRA","ALLARM.LT1","04/24/2002","12:00:00","TDS.1","M1",1667,"CMC","NTWQM",2002-04-24 12:00:00,0.3,"ISM",1,"Water",NA,260,"MG/L",NA,NA,NA,2017-10-27 16:06:02,NA,2,NA,1,1,"S","PARTNTID",NA,NA,4,"sample does not have an associated bay program method code"
"805",999,"LRA","ALLARM.LT3","02/20/2002","12:00:00","NO3N.3","M1",1647,"CMC","NTWQM",2002-02-20 12:00:00,0.3,"ISM",2,"Water",NA,5.6,"MG/L",NA,NA,NA,2017-10-27 16:05:16,NA,2,NA,1,1,"S","PARTNTID",NA,NA,4,"sample does not have an associated bay program method code"
"806",999,"LRA","ALLARM.LT10","10/23/2002","12:00:00","TDS.1","M1",1744,"CMC","NTWQM",2002-10-23 12:00:00,0.3,"ISM",1,"Water",NA,330,"MG/L",NA,NA,NA,2017-10-27 16:09:07,NA,2,NA,1,1,"S","PARTNTID",NA,NA,4,"sample does not have an associated bay program method code"
"807",999,"LRA","ALLARM.LT5","12/17/2002","12:00:00","NO3N.3","M1",1763,"CMC","NTWQM",2002-12-17 12:00:00,0.3,"ISM",2,"Water",NA,3.6,"MG/L",NA,NA,NA,2017-10-27 16:10:01,NA,2,NA,1,2,"VP","PARTNTID",NA,NA,4,"sample does not have an associated bay program method code"
"808",999,"LRA","ALLARM.LT1","05/30/2002","12:00:00","NO3N.3","M1",1679,"CMC","NTWQM",2002-05-30 12:00:00,0.3,"ISM",2,"Water",NA,3.9,"MG/L",NA,NA,NA,2017-10-27 16:06:33,NA,2,NA,1,1,"S","PARTNTID",NA,NA,4,"sample does not have an associated bay program method code"
"809",999,"LRA","ALLARM.LT4","07/25/2002","12:00:00","TDS.1","M1",1705,"CMC","NTWQM",2002-07-25 12:00:00,0.3,"ISM",1,"Water",NA,240,"MG/L",NA,NA,NA,2017-10-27 16:07:34,NA,2,NA,1,1,"S","PARTNTID",NA,NA,4,"sample does not have an associated bay program method code"
"810",999,"LRA","ALLARM.LT10","11/19/2002","12:00:00","NO3N.3","M1",1756,"CMC","NTWQM",2002-11-19 12:00:00,0.3,"ISM",2,"Water",NA,2.5,"MG/L",NA,NA,NA,2017-10-27 16:09:42,NA,2,NA,1,1,"S","PARTNTID",NA,NA,4,"sample does not have an associated bay program method code"
"811",999,"LRA","ALLARM.LT1","05/30/2002","12:00:00","TDS.1","M1",1679,"CMC","NTWQM",2002-05-30 12:00:00,0.3,"ISM",1,"Water",NA,260,"MG/L",NA,NA,NA,2017-10-27 16:06:33,NA,2,NA,1,1,"S","PARTNTID",NA,NA,4,"sample does not have an associated bay program method code"
"812",999,"LRA","ALLARM.LT2","04/24/2002","12:00:00","NO3N.3","M1",1668,"CMC","NTWQM",2002-04-24 12:00:00,0.3,"ISM",2,"Water",NA,4.3,"MG/L",NA,NA,NA,2017-10-27 16:06:05,NA,2,NA,1,1,"S","PARTNTID",NA,NA,4,"sample does not have an associated bay program method code"
"813",999,"LRA","ALLARM.LT10","11/19/2002","12:00:00","TDS.1","M1",1756,"CMC","NTWQM",2002-11-19 12:00:00,0.3,"ISM",1,"Water",NA,360,"MG/L",NA,NA,NA,2017-10-27 16:09:42,NA,2,NA,1,1,"S","PARTNTID",NA,NA,4,"sample does not have an associated bay program method code"
"814",999,"LRA","ALLARM.LT4","08/19/2002","12:00:00","TDS.1","M1",1716,"CMC","NTWQM",2002-08-19 12:00:00,0.3,"ISM",1,"Water",NA,240,"MG/L",NA,NA,NA,2017-10-27 16:07:59,NA,2,NA,1,1,"S","PARTNTID",NA,NA,4,"sample does not have an associated bay program method code"
"815",999,"LRA","ALLARM.LT1","12/17/2002","12:00:00","NO3N.3","M1",1759,"CMC","NTWQM",2002-12-17 12:00:00,0.3,"ISM",2,"Water",NA,3.6,"MG/L",NA,NA,NA,2017-10-27 16:09:50,NA,2,NA,1,2,"VP","PARTNTID",NA,NA,4,"sample does not have an associated bay program method code"
"816",999,"LRA","ALLARM.LT8","10/23/2002","12:00:00","TDS.1","M1",1742,"CMC","NTWQM",2002-10-23 12:00:00,0.3,"ISM",1,"Water",NA,300,"MG/L",NA,NA,NA,2017-10-27 16:09:02,NA,2,NA,1,1,"S","PARTNTID",NA,NA,4,"sample does not have an associated bay program method code"
"817",999,"LRA","ALLARM.LT4","09/24/2002","12:00:00","NO3N.3","M1",1727,"CMC","NTWQM",2002-09-24 12:00:00,0.3,"ISM",2,"Water",NA,1.7,"MG/L",NA,NA,NA,2017-10-27 16:08:22,NA,2,NA,1,1,"S","PARTNTID",NA,NA,4,"sample does not have an associated bay program method code"
"818",999,"LRA","ALLARM.LT1","06/27/2002","12:00:00","TDS.1","M1",1691,"CMC","NTWQM",2002-06-27 12:00:00,0.3,"ISM",1,"Water",NA,220,"MG/L",NA,NA,NA,2017-10-27 16:07:01,NA,2,NA,1,1,"S","PARTNTID",NA,NA,4,"sample does not have an associated bay program method code"
"819",999,"LRA","ALLARM.LT10","12/17/2002","12:00:00","NO3N.3","M1",1768,"CMC","NTWQM",2002-12-17 12:00:00,0.3,"ISM",2,"Water",NA,3.5,"MG/L",NA,NA,NA,2017-10-27 16:10:17,NA,2,NA,1,2,"VP","PARTNTID",NA,NA,4,"sample does not have an associated bay program method code"
"820",999,"LRA","ALLARM.LT4","09/24/2002","12:00:00","TDS.1","M1",1727,"CMC","NTWQM",2002-09-24 12:00:00,0.3,"ISM",1,"Water",NA,230,"MG/L",NA,NA,NA,2017-10-27 16:08:22,NA,2,NA,1,1,"S","PARTNTID",NA,NA,4,"sample does not have an associated bay program method code"
"821",999,"LRA","ALLARM.LT7","06/27/2002","12:00:00","NO3N.3","M1",1697,"CMC","NTWQM",2002-06-27 12:00:00,0.3,"ISM",2,"Water",NA,3.3,"MG/L",NA,NA,NA,2017-10-27 16:07:15,NA,2,NA,1,1,"S","PARTNTID",NA,NA,4,"sample does not have an associated bay program method code"
"822",999,"LRA","ALLARM.LT1","07/25/2002","12:00:00","NO3N.3","M1",1702,"CMC","NTWQM",2002-07-25 12:00:00,0.3,"ISM",2,"Water",NA,4.4,"MG/L",NA,NA,NA,2017-10-27 16:07:27,NA,2,NA,1,1,"S","PARTNTID",NA,NA,4,"sample does not have an associated bay program method code"
"823",999,"LRA","ALLARM.LT8","11/19/2002","12:00:00","TDS.1","M1",1754,"CMC","NTWQM",2002-11-19 12:00:00,0.3,"ISM",1,"Water",NA,340,"MG/L",NA,NA,NA,2017-10-27 16:09:37,NA,2,NA,1,1,"S","PARTNTID",NA,NA,4,"sample does not have an associated bay program method code"
"824",999,"LRA","ALLARM.LT10","12/17/2002","12:00:00","TDS.1","M1",1768,"CMC","NTWQM",2002-12-17 12:00:00,0.3,"ISM",1,"Water",NA,380,"MG/L",NA,NA,NA,2017-10-27 16:10:17,NA,2,NA,1,2,"VP","PARTNTID",NA,NA,4,"sample does not have an associated bay program method code"
"825",999,"LRA","ALLARM.LT1","07/25/2002","12:00:00","TDS.1","M1",1702,"CMC","NTWQM",2002-07-25 12:00:00,0.3,"ISM",1,"Water",NA,210,"MG/L",NA,NA,NA,2017-10-27 16:07:27,NA,2,NA,1,1,"S","PARTNTID",NA,NA,4,"sample does not have an associated bay program method code"
"826",999,"LRA","ALLARM.LT3","05/30/2002","12:00:00","NO3N.3","M1",1681,"CMC","NTWQM",2002-05-30 12:00:00,0.3,"ISM",2,"Water",NA,1.3,"MG/L",NA,NA,NA,2017-10-27 16:06:37,NA,2,NA,1,1,"S","PARTNTID",NA,NA,4,"sample does not have an associated bay program method code"
"827",999,"LRA","ALLARM.LT4","10/23/2002","12:00:00","TDS.1","M1",1738,"CMC","NTWQM",2002-10-23 12:00:00,0.3,"ISM",1,"Water",NA,270,"MG/L",NA,NA,NA,2017-10-27 16:08:51,NA,2,NA,1,1,"S","PARTNTID",NA,NA,4,"sample does not have an associated bay program method code"
"828",999,"LRA","ALLARM.LT7","07/25/2002","12:00:00","NO3N.3","M1",1708,"CMC","NTWQM",2002-07-25 12:00:00,0.3,"ISM",2,"Water",NA,3.6,"MG/L",NA,NA,NA,2017-10-27 16:07:41,NA,2,NA,1,1,"S","PARTNTID",NA,NA,4,"sample does not have an associated bay program method code"
"829",999,"LRA","ALLARM.LT3","05/30/2002","12:00:00","TDS.1","M1",1681,"CMC","NTWQM",2002-05-30 12:00:00,0.3,"ISM",1,"Water",NA,270,"MG/L",NA,NA,NA,2017-10-27 16:06:37,NA,2,NA,1,1,"S","PARTNTID",NA,NA,4,"sample does not have an associated bay program method code"
"830",999,"LRA","ALLARM.LT1","08/19/2002","12:00:00","TDS.1","M1",1713,"CMC","NTWQM",2002-08-19 12:00:00,0.3,"ISM",1,"Water",NA,240,"MG/L",NA,NA,NA,2017-10-27 16:07:54,NA,2,NA,1,1,"S","PARTNTID",NA,NA,4,"sample does not have an associated bay program method code"
"831",999,"LRA","ALLARM.LT2","01/30/2002","12:00:00","NO3N.3","M1",1635,"CMC","NTWQM",2002-01-30 12:00:00,0.3,"ISM",2,"Water",NA,5.1,"MG/L",NA,NA,NA,2017-10-27 16:04:50,NA,2,NA,1,1,"S","PARTNTID",NA,NA,4,"sample does not have an associated bay program method code"
"832",999,"LRA","ALLARM.MG1","11/19/2002","12:00:00","TDS.1","M1",1757,"CMC","NTWQM",2002-11-19 12:00:00,0.3,"ISM",1,"Water",NA,500,"MG/L",NA,NA,NA,2017-10-27 16:09:45,NA,2,NA,1,1,"S","PARTNTID",NA,NA,4,"sample does not have an associated bay program method code"
"833",999,"LRA","ALLARM.LT1","09/24/2002","12:00:00","NO3N.3","M1",1724,"CMC","NTWQM",2002-09-24 12:00:00,0.3,"ISM",2,"Water",NA,0.95,"MG/L",NA,NA,NA,2017-10-27 16:08:14,NA,2,NA,1,1,"S","PARTNTID",NA,NA,4,"sample does not have an associated bay program method code"
"834",999,"LRA","ALLARM.LT2","01/30/2002","12:00:00","TDS.1","M1",1635,"CMC","NTWQM",2002-01-30 12:00:00,0.3,"ISM",1,"Water",NA,200,"MG/L",NA,NA,NA,2017-10-27 16:04:50,NA,2,NA,1,1,"S","PARTNTID",NA,NA,4,"sample does not have an associated bay program method code"
"835",999,"LRA","ALLARM.LT8","12/17/2002","12:00:00","TDS.1","M1",1766,"CMC","NTWQM",2002-12-17 12:00:00,0.3,"ISM",1,"Water",NA,340,"MG/L",NA,NA,NA,2017-10-27 16:10:11,NA,2,NA,1,2,"VP","PARTNTID",NA,NA,4,"sample does not have an associated bay program method code"
"836",999,"LRA","ALLARM.LT1","09/24/2002","12:00:00","TDS.1","M1",1724,"CMC","NTWQM",2002-09-24 12:00:00,0.3,"ISM",1,"Water",NA,230,"MG/L",NA,NA,NA,2017-10-27 16:08:14,NA,2,NA,1,1,"S","PARTNTID",NA,NA,4,"sample does not have an associated bay program method code"
"837",999,"LRA","ALLARM.MG1","12/17/2002","12:00:00","NO3N.3","M1",1769,"CMC","NTWQM",2002-12-17 12:00:00,0.3,"ISM",2,"Water",NA,2.5,"MG/L",NA,NA,NA,2017-10-27 16:10:20,NA,2,NA,1,2,"VP","PARTNTID",NA,NA,4,"sample does not have an associated bay program method code"
"838",999,"LRA","ALLARM.LT2","02/20/2002","12:00:00","NO3N.3","M1",1646,"CMC","NTWQM",2002-02-20 12:00:00,0.3,"ISM",2,"Water",NA,6.1,"MG/L",NA,NA,NA,2017-10-27 16:05:14,NA,2,NA,1,1,"S","PARTNTID",NA,NA,4,"sample does not have an associated bay program method code"
"839",999,"LRA","ALLARM.LT4","12/17/2002","12:00:00","NO3N.3","M1",1762,"CMC","NTWQM",2002-12-17 12:00:00,0.3,"ISM",2,"Water",NA,3.6,"MG/L",NA,NA,NA,2017-10-27 16:09:58,NA,2,NA,1,2,"VP","PARTNTID",NA,NA,4,"sample does not have an associated bay program method code"
"840",999,"LRA","ALLARM.LT1","10/23/2002","12:00:00","NO3N.3","M1",1735,"CMC","NTWQM",2002-10-23 12:00:00,0.3,"ISM",2,"Water",NA,3.6,"MG/L",NA,NA,NA,2017-10-27 16:08:43,NA,2,NA,1,1,"S","PARTNTID",NA,NA,4,"sample does not have an associated bay program method code"
"841",999,"LRA","ALLARM.LT2","02/20/2002","12:00:00","TDS.1","M1",1646,"CMC","NTWQM",2002-02-20 12:00:00,0.3,"ISM",1,"Water",NA,210,"MG/L",NA,NA,NA,2017-10-27 16:05:14,NA,2,NA,1,1,"S","PARTNTID",NA,NA,4,"sample does not have an associated bay program method code"
"842",999,"LRA","ALLARM.LT7","09/24/2002","12:00:00","TDS.1","M1",1730,"CMC","NTWQM",2002-09-24 12:00:00,0.3,"ISM",1,"Water",NA,240,"MG/L",NA,NA,NA,2017-10-27 16:08:30,NA,2,NA,1,1,"S","PARTNTID",NA,NA,4,"sample does not have an associated bay program method code"
"843",999,"LRA","ALLARM.LT1","10/23/2002","12:00:00","TDS.1","M1",1735,"CMC","NTWQM",2002-10-23 12:00:00,0.3,"ISM",1,"Water",NA,260,"MG/L",NA,NA,NA,2017-10-27 16:08:43,NA,2,NA,1,1,"S","PARTNTID",NA,NA,4,"sample does not have an associated bay program method code"
"844",999,"LRA","ALLARM.LT9","01/30/2002","12:00:00","TDS.1","M1",1642,"CMC","NTWQM",2002-01-30 12:00:00,0.3,"ISM",1,"Water",NA,270,"MG/L",NA,NA,NA,2017-10-27 16:05:05,NA,2,NA,1,1,"S","PARTNTID",NA,NA,4,"sample does not have an associated bay program method code"
"845",999,"LRA","ALLARM.LT2","03/26/2002","12:00:00","NO3N.3","M1",1657,"CMC","NTWQM",2002-03-26 12:00:00,0.3,"ISM",2,"Water",NA,6.2,"MG/L",NA,NA,NA,2017-10-27 16:05:39,NA,2,NA,1,1,"S","PARTNTID",NA,NA,4,"sample does not have an associated bay program method code"
"846",999,"LRA","ALLARM.LT4","12/17/2002","12:00:00","TDS.1","M1",1762,"CMC","NTWQM",2002-12-17 12:00:00,0.3,"ISM",1,"Water",NA,340,"MG/L",NA,NA,NA,2017-10-27 16:09:58,NA,2,NA,1,2,"VP","PARTNTID",NA,NA,4,"sample does not have an associated bay program method code"
"847",999,"LRA","ALLARM.LT1","11/19/2002","12:00:00","NO3N.3","M1",1747,"CMC","NTWQM",2002-11-19 12:00:00,0.3,"ISM",2,"Water",NA,3.7,"MG/L",NA,NA,NA,2017-10-27 16:09:15,NA,2,NA,1,1,"S","PARTNTID",NA,NA,4,"sample does not have an associated bay program method code"
"848",999,"LRA","ALLARM.LT2","03/26/2002","12:00:00","TDS.1","M1",1657,"CMC","NTWQM",2002-03-26 12:00:00,0.3,"ISM",1,"Water",NA,210,"MG/L",NA,NA,NA,2017-10-27 16:05:39,NA,2,NA,1,1,"S","PARTNTID",NA,NA,4,"sample does not have an associated bay program method code"
"849",999,"LRA","ALLARM.LT7","10/23/2002","12:00:00","TDS.1","M1",1741,"CMC","NTWQM",2002-10-23 12:00:00,0.3,"ISM",1,"Water",NA,300,"MG/L",NA,NA,NA,2017-10-27 16:09:00,NA,2,NA,1,1,"S","PARTNTID",NA,NA,4,"sample does not have an associated bay program method code"
"850",999,"LRA","ALLARM.LT1","11/19/2002","12:00:00","TDS.1","M1",1747,"CMC","NTWQM",2002-11-19 12:00:00,0.3,"ISM",1,"Water",NA,270,"MG/L",NA,NA,NA,2017-10-27 16:09:15,NA,2,NA,1,1,"S","PARTNTID",NA,NA,4,"sample does not have an associated bay program method code"
"851",999,"LRA","ALLARM.LT9","02/20/2002","12:00:00","TDS.1","M1",1653,"CMC","NTWQM",2002-02-20 12:00:00,0.3,"ISM",1,"Water",NA,320,"MG/L",NA,NA,NA,2017-10-27 16:05:30,NA,2,NA,1,1,"S","PARTNTID",NA,NA,4,"sample does not have an associated bay program method code"
"852",999,"LRA","ALLARM.LT4","02/20/2002","12:00:00","NO3N.3","M1",1648,"CMC","NTWQM",2002-02-20 12:00:00,0.3,"ISM",2,"Water",NA,6.3,"MG/L",NA,NA,NA,2017-10-27 16:05:18,NA,2,NA,1,1,"S","PARTNTID",NA,NA,4,"sample does not have an associated bay program method code"
"853",999,"LRA","ALLARM.LT3","09/24/2002","12:00:00","TDS.1","M1",1726,"CMC","NTWQM",2002-09-24 12:00:00,0.3,"ISM",1,"Water",NA,230,"MG/L",NA,NA,NA,2017-10-27 16:08:20,NA,2,NA,1,1,"S","PARTNTID",NA,NA,4,"sample does not have an associated bay program method code"
"854",999,"LRA","ALLARM.LT1","12/17/2002","12:00:00","NO3N.3","M1",1759,"CMC","NTWQM",2002-12-17 12:00:00,0.3,"ISM",2,"Water",NA,3.6,"MG/L",NA,NA,NA,2017-10-27 16:09:50,NA,2,NA,1,2,"VP","PARTNTID",NA,NA,4,"sample does not have an associated bay program method code"
"855",999,"LRA","ALLARM.LT4","02/20/2002","12:00:00","TDS.1","M1",1648,"CMC","NTWQM",2002-02-20 12:00:00,0.3,"ISM",1,"Water",NA,230,"MG/L",NA,NA,NA,2017-10-27 16:05:18,NA,2,NA,1,1,"S","PARTNTID",NA,NA,4,"sample does not have an associated bay program method code"
"856",999,"LRA","ALLARM.LT7","11/19/2002","12:00:00","TDS.1","M1",1753,"CMC","NTWQM",2002-11-19 12:00:00,0.3,"ISM",1,"Water",NA,320,"MG/L",NA,NA,NA,2017-10-27 16:09:34,NA,2,NA,1,1,"S","PARTNTID",NA,NA,4,"sample does not have an associated bay program method code"
"857",999,"LRA","ALLARM.LT3","10/23/2002","12:00:00","NO3N.3","M1",1737,"CMC","NTWQM",2002-10-23 12:00:00,0.3,"ISM",2,"Water",NA,4.1,"MG/L",NA,NA,NA,2017-10-27 16:08:48,NA,2,NA,1,1,"S","PARTNTID",NA,NA,4,"sample does not have an associated bay program method code"
"858",999,"LRA","ALLARM.LT9","03/26/2002","12:00:00","TDS.1","M1",1664,"CMC","NTWQM",2002-03-26 12:00:00,0.3,"ISM",1,"Water",NA,300,"MG/L",NA,NA,NA,2017-10-27 16:05:54,NA,2,NA,1,1,"S","PARTNTID",NA,NA,4,"sample does not have an associated bay program method code"
"859",999,"LRA","ALLARM.LT1","12/17/2002","12:00:00","TDS.1","M1",1759,"CMC","NTWQM",2002-12-17 12:00:00,0.3,"ISM",1,"Water",NA,280,"MG/L",NA,NA,NA,2017-10-27 16:09:50,NA,2,NA,1,1,"S","PARTNTID",NA,NA,4,"sample does not have an associated bay program method code"
"860",999,"LRA","ALLARM.LT3","10/23/2002","12:00:00","TDS.1","M1",1737,"CMC","NTWQM",2002-10-23 12:00:00,0.3,"ISM",1,"Water",NA,270,"MG/L",NA,NA,NA,2017-10-27 16:08:48,NA,2,NA,1,1,"S","PARTNTID",NA,NA,4,"sample does not have an associated bay program method code"
"861",999,"LRA","ALLARM.LT6","07/25/2002","12:00:00","NO3N.3","M1",1707,"CMC","NTWQM",2002-07-25 12:00:00,0.3,"ISM",2,"Water",NA,4.1,"MG/L",NA,NA,NA,2017-10-27 16:07:38,NA,2,NA,1,1,"S","PARTNTID",NA,NA,4,"sample does not have an associated bay program method code"
"862",999,"LRA","ALLARM.LT2","05/30/2002","12:00:00","TDS.1","M1",1680,"CMC","NTWQM",2002-05-30 12:00:00,0.3,"ISM",1,"Water",NA,240,"MG/L",NA,NA,NA,2017-10-27 16:06:35,NA,2,NA,1,1,"S","PARTNTID",NA,NA,4,"sample does not have an associated bay program method code"
"863",999,"LRA","ALLARM.LT3","04/24/2002","12:00:00","TDS.1","M1",1669,"CMC","NTWQM",2002-04-24 12:00:00,0.3,"ISM",1,"Water",NA,260,"MG/L",NA,NA,NA,2017-10-27 16:06:07,NA,2,NA,1,1,"S","PARTNTID",NA,NA,4,"sample does not have an associated bay program method code"
"864",999,"LRA","ALLARM.LT10","01/30/2002","12:00:00","NO3N.3","M1",1643,"CMC","NTWQM",2002-01-30 12:00:00,0.3,"ISM",2,"Water",NA,2.65,"MG/L",NA,NA,NA,2017-10-27 16:05:07,NA,2,NA,1,1,"S","PARTNTID",NA,NA,4,"sample does not have an associated bay program method code"
"865",999,"LRA","ALLARM.LT9","04/24/2002","12:00:00","TDS.1","M1",1675,"CMC","NTWQM",2002-04-24 12:00:00,0.3,"ISM",1,"Water",NA,350,"MG/L",NA,NA,NA,2017-10-27 16:06:23,NA,2,NA,1,1,"S","PARTNTID",NA,NA,4,"sample does not have an associated bay program method code"
"866",999,"LRA","ALLARM.LT2","06/27/2002","12:00:00","NO3N.3","M1",1692,"CMC","NTWQM",2002-06-27 12:00:00,0.3,"ISM",2,"Water",NA,4,"MG/L",NA,NA,NA,2017-10-27 16:07:03,NA,2,NA,1,1,"S","PARTNTID",NA,NA,4,"sample does not have an associated bay program method code"
"867",999,"LRA","ALLARM.LT10","01/30/2002","12:00:00","TDS.1","M1",1643,"CMC","NTWQM",2002-01-30 12:00:00,0.3,"ISM",1,"Water",NA,270,"MG/L",NA,NA,NA,2017-10-27 16:05:07,NA,2,NA,1,1,"S","PARTNTID",NA,NA,4,"sample does not have an associated bay program method code"
"868",999,"LRA","ALLARM.LT7","12/17/2002","12:00:00","TDS.1","M1",1765,"CMC","NTWQM",2002-12-17 12:00:00,0.3,"ISM",1,"Water",NA,380,"MG/L",NA,NA,NA,2017-10-27 16:10:08,NA,2,NA,1,2,"VP","PARTNTID",NA,NA,4,"sample does not have an associated bay program method code"
"869",999,"LRA","ALLARM.LT2","06/27/2002","12:00:00","TDS.1","M1",1692,"CMC","NTWQM",2002-06-27 12:00:00,0.3,"ISM",1,"Water",NA,210,"MG/L",NA,NA,NA,2017-10-27 16:07:03,NA,2,NA,1,1,"S","PARTNTID",NA,NA,4,"sample does not have an associated bay program method code"
"870",999,"LRA","ALLARM.MG2","10/23/2002","12:00:00","NO3N.3","M1",1746,"CMC","NTWQM",2002-10-23 12:00:00,0.3,"ISM",2,"Water",NA,1.9,"MG/L",NA,NA,NA,2017-10-27 16:09:13,NA,2,NA,1,1,"S","PARTNTID",NA,NA,4,"sample does not have an associated bay program method code"
"871",999,"LRA","ALLARM.MG2","04/24/2002","12:00:00","NO3N.3","M1",1678,"CMC","NTWQM",2002-04-24 12:00:00,0.3,"ISM",2,"Water",NA,0.8,"MG/L",NA,NA,NA,2017-10-27 16:06:30,NA,2,NA,1,1,"S","PARTNTID",NA,NA,4,"sample does not have an associated bay program method code"
"872",999,"LRA","ALLARM.LT6","09/24/2002","12:00:00","NO3N.3","M1",1729,"CMC","NTWQM",2002-09-24 12:00:00,0.3,"ISM",2,"Water",NA,2.5,"MG/L",NA,NA,NA,2017-10-27 16:08:27,NA,2,NA,1,1,"S","PARTNTID",NA,NA,4,"sample does not have an associated bay program method code"
"873",999,"LRA","ALLARM.LT3","12/17/2002","12:00:00","NO3N.3","M1",1761,"CMC","NTWQM",2002-12-17 12:00:00,0.3,"ISM",2,"Water",NA,2.6,"MG/L",NA,NA,NA,2017-10-27 16:09:55,NA,2,NA,1,2,"VP","PARTNTID",NA,NA,4,"sample does not have an associated bay program method code"
"874",999,"LRA","ALLARM.LT8","01/30/2002","12:00:00","NO3N.3","M1",1641,"CMC","NTWQM",2002-01-30 12:00:00,0.3,"ISM",2,"Water",NA,3.4,"MG/L",NA,NA,NA,2017-10-27 16:05:03,NA,2,NA,1,1,"S","PARTNTID",NA,NA,4,"sample does not have an associated bay program method code"
"875",999,"LRA","ALLARM.LT5","10/23/2002","12:00:00","TDS.1","M1",1739,"CMC","NTWQM",2002-10-23 12:00:00,0.3,"ISM",1,"Water",NA,270,"MG/L",NA,NA,NA,2017-10-27 16:08:54,NA,2,NA,1,1,"S","PARTNTID",NA,NA,4,"sample does not have an associated bay program method code"
"876",999,"LRA","ALLARM.LT5","04/24/2002","12:00:00","TDS.1","M1",1671,"CMC","NTWQM",2002-04-24 12:00:00,0.3,"ISM",1,"Water",NA,240,"MG/L",NA,NA,NA,2017-10-27 16:06:12,NA,2,NA,1,1,"S","PARTNTID",NA,NA,4,"sample does not have an associated bay program method code"
"877",999,"LRA","ALLARM.LT7","02/20/2002","12:00:00","TDS.1","M1",1651,"CMC","NTWQM",2002-02-20 12:00:00,0.3,"ISM",1,"Water",NA,240,"MG/L",NA,NA,NA,2017-10-27 16:05:25,NA,2,NA,1,1,"S","PARTNTID",NA,NA,4,"sample does not have an associated bay program method code"
"878",999,"LRA","ALLARM.LT3","12/17/2002","12:00:00","TDS.1","M1",1761,"CMC","NTWQM",2002-12-17 12:00:00,0.3,"ISM",1,"Water",NA,300,"MG/L",NA,NA,NA,2017-10-27 16:09:55,NA,2,NA,1,2,"VP","PARTNTID",NA,NA,4,"sample does not have an associated bay program method code"
"879",999,"LRA","ALLARM.LT6","10/23/2002","12:00:00","NO3N.3","M1",1740,"CMC","NTWQM",2002-10-23 12:00:00,0.3,"ISM",2,"Water",NA,4,"MG/L",NA,NA,NA,2017-10-27 16:08:57,NA,2,NA,1,1,"S","PARTNTID",NA,NA,4,"sample does not have an associated bay program method code"
"880",999,"LRA","ALLARM.LT4","06/27/2002","12:00:00","NO3N.3","M1",1694,"CMC","NTWQM",2002-06-27 12:00:00,0.3,"ISM",2,"Water",NA,3.7,"MG/L",NA,NA,NA,2017-10-27 16:07:08,NA,2,NA,1,1,"S","PARTNTID",NA,NA,4,"sample does not have an associated bay program method code"
"881",999,"LRA","ALLARM.LT2","08/19/2002","12:00:00","TDS.1","M1",1714,"CMC","NTWQM",2002-08-19 12:00:00,0.3,"ISM",1,"Water",NA,230,"MG/L",NA,NA,NA,2017-10-27 16:07:55,NA,2,NA,1,1,"S","PARTNTID",NA,NA,4,"sample does not have an associated bay program method code"
"882",999,"LRA","ALLARM.LT3","01/30/2002","12:00:00","TDS.1","M1",1636,"CMC","NTWQM",2002-01-30 12:00:00,0.3,"ISM",1,"Water",NA,230,"MG/L",NA,NA,NA,2017-10-27 16:04:52,NA,2,NA,1,1,"S","PARTNTID",NA,NA,4,"sample does not have an associated bay program method code"
"883",999,"LRA","ALLARM.LT9","07/25/2002","12:00:00","NO3N.3","M1",1710,"CMC","NTWQM",2002-07-25 12:00:00,0.3,"ISM",2,"Water",NA,2.9,"MG/L",NA,NA,NA,2017-10-27 16:07:46,NA,2,NA,1,1,"S","PARTNTID",NA,NA,4,"sample does not have an associated bay program method code"
"884",999,"LRA","ALLARM.LT8","02/20/2002","12:00:00","TDS.1","M1",1652,"CMC","NTWQM",2002-02-20 12:00:00,0.3,"ISM",1,"Water",NA,280,"MG/L",NA,NA,NA,2017-10-27 16:05:27,NA,2,NA,1,1,"S","PARTNTID",NA,NA,4,"sample does not have an associated bay program method code"
"885",999,"LRA","ALLARM.LT4","01/30/2002","12:00:00","NO3N.3","M1",1637,"CMC","NTWQM",2002-01-30 12:00:00,0.3,"ISM",2,"Water",NA,4.35,"MG/L",NA,NA,NA,2017-10-27 16:04:54,NA,2,NA,1,1,"S","PARTNTID",NA,NA,4,"sample does not have an associated bay program method code"
"886",999,"LRA","ALLARM.LT9","07/25/2002","12:00:00","TDS.1","M1",1710,"CMC","NTWQM",2002-07-25 12:00:00,0.3,"ISM",1,"Water",NA,270,"MG/L",NA,NA,NA,2017-10-27 16:07:46,NA,2,NA,1,1,"S","PARTNTID",NA,NA,4,"sample does not have an associated bay program method code"
"887",999,"LRA","ALLARM.LT5","06/27/2002","12:00:00","NO3N.3","M1",1695,"CMC","NTWQM",2002-06-27 12:00:00,0.3,"ISM",2,"Water",NA,4,"MG/L",NA,NA,NA,2017-10-27 16:07:10,NA,2,NA,1,1,"S","PARTNTID",NA,NA,4,"sample does not have an associated bay program method code"
"888",999,"LRA","ALLARM.LT4","01/30/2002","12:00:00","TDS.1","M1",1637,"CMC","NTWQM",2002-01-30 12:00:00,0.3,"ISM",1,"Water",NA,230,"MG/L",NA,NA,NA,2017-10-27 16:04:54,NA,2,NA,1,1,"S","PARTNTID",NA,NA,4,"sample does not have an associated bay program method code"
"889",999,"LRA","ALLARM.LT3","02/20/2002","12:00:00","TDS.1","M1",1647,"CMC","NTWQM",2002-02-20 12:00:00,0.3,"ISM",1,"Water",NA,240,"MG/L",NA,NA,NA,2017-10-27 16:05:16,NA,2,NA,1,1,"S","PARTNTID",NA,NA,4,"sample does not have an associated bay program method code"
"890",999,"LRA","ALLARM.LT8","09/24/2002","12:00:00","TDS.1","M1",1731,"CMC","NTWQM",2002-09-24 12:00:00,0.3,"ISM",1,"Water",NA,250,"MG/L",NA,NA,NA,2017-10-27 16:08:32,NA,2,NA,1,1,"S","PARTNTID",NA,NA,4,"sample does not have an associated bay program method code"
"891",999,"LRA","ALLARM.LT8","03/26/2002","12:00:00","TDS.1","M1",1663,"CMC","NTWQM",2002-03-26 12:00:00,0.3,"ISM",1,"Water",NA,280,"MG/L",NA,NA,NA,2017-10-27 16:05:52,NA,2,NA,1,1,"S","PARTNTID",NA,NA,4,"sample does not have an associated bay program method code"
"892",999,"LRA","ALLARM.MG1","04/24/2002","12:00:00","TDS.1","M1",1677,"CMC","NTWQM",2002-04-24 12:00:00,0.3,"ISM",1,"Water",NA,470,"MG/L",NA,NA,NA,2017-10-27 16:06:28,NA,2,NA,1,1,"S","PARTNTID",NA,NA,4,"sample does not have an associated bay program method code"
"893",999,"LRA","ALLARM.LT5","12/17/2002","12:00:00","TDS.1","M1",1763,"CMC","NTWQM",2002-12-17 12:00:00,0.3,"ISM",1,"Water",NA,330,"MG/L",NA,NA,NA,2017-10-27 16:10:01,NA,2,NA,1,2,"VP","PARTNTID",NA,NA,4,"sample does not have an associated bay program method code"
"894",999,"LRA","ALLARM.LT5","07/25/2002","12:00:00","NO3N.3","M1",1706,"CMC","NTWQM",2002-07-25 12:00:00,0.3,"ISM",2,"Water",NA,3.7,"MG/L",NA,NA,NA,2017-10-27 16:07:36,NA,2,NA,1,1,"S","PARTNTID",NA,NA,4,"sample does not have an associated bay program method code"
"895",999,"LRA","ALLARM.LT7","05/30/2002","12:00:00","NO3N.3","M1",1685,"CMC","NTWQM",2002-05-30 12:00:00,0.3,"ISM",2,"Water",NA,3.3,"MG/L",NA,NA,NA,2017-10-27 16:06:47,NA,2,NA,1,1,"S","PARTNTID",NA,NA,4,"sample does not have an associated bay program method code"
"896",999,"LRA","ALLARM.LT3","03/26/2002","12:00:00","TDS.1","M1",1658,"CMC","NTWQM",2002-03-26 12:00:00,0.3,"ISM",1,"Water",NA,270,"MG/L",NA,NA,NA,2017-10-27 16:05:41,NA,2,NA,1,1,"S","PARTNTID",NA,NA,4,"sample does not have an associated bay program method code"
"897",999,"LRA","ALLARM.LT9","09/24/2002","12:00:00","TDS.1","M1",1732,"CMC","NTWQM",2002-09-24 12:00:00,0.3,"ISM",1,"Water",NA,270,"MG/L",NA,NA,NA,2017-10-27 16:08:34,NA,2,NA,1,1,"S","PARTNTID",NA,NA,4,"sample does not have an associated bay program method code"
"898",999,"LRA","ALLARM.LT8","04/24/2002","12:00:00","TDS.1","M1",1674,"CMC","NTWQM",2002-04-24 12:00:00,0.3,"ISM",1,"Water",NA,320,"MG/L",NA,NA,NA,2017-10-27 16:06:20,NA,2,NA,1,1,"S","PARTNTID",NA,NA,4,"sample does not have an associated bay program method code"
"899",999,"LRA","ALLARM.LT4","03/26/2002","12:00:00","NO3N.3","M1",1659,"CMC","NTWQM",2002-03-26 12:00:00,0.3,"ISM",2,"Water",NA,6.8,"MG/L",NA,NA,NA,2017-10-27 16:05:43,NA,2,NA,1,1,"S","PARTNTID",NA,NA,4,"sample does not have an associated bay program method code"
"900",999,"LRA","ALLARM.MG2","08/19/2002","12:00:00","TDS.1","M1",1723,"CMC","NTWQM",2002-08-19 12:00:00,0.3,"ISM",1,"Water",NA,250,"MG/L",NA,NA,NA,2017-10-27 16:08:12,NA,2,NA,1,1,"S","PARTNTID",NA,NA,4,"sample does not have an associated bay program method code"
"901",999,"LRA","ALLARM.LT2","11/19/2002","12:00:00","TDS.1","M1",1748,"CMC","NTWQM",2002-11-19 12:00:00,0.3,"ISM",1,"Water",NA,240,"MG/L",NA,NA,NA,2017-10-27 16:09:18,NA,2,NA,1,1,"S","PARTNTID",NA,NA,4,"sample does not have an associated bay program method code"
"902",999,"LRA","ALLARM.LT4","03/26/2002","12:00:00","TDS.1","M1",1659,"CMC","NTWQM",2002-03-26 12:00:00,0.3,"ISM",1,"Water",NA,260,"MG/L",NA,NA,NA,2017-10-27 16:05:43,NA,2,NA,1,1,"S","PARTNTID",NA,NA,4,"sample does not have an associated bay program method code"
"903",999,"LRA","ALLARM.LT5","02/20/2002","12:00:00","TDS.1","M1",1649,"CMC","NTWQM",2002-02-20 12:00:00,0.3,"ISM",1,"Water",NA,230,"MG/L",NA,NA,NA,2017-10-27 16:05:21,NA,2,NA,1,1,"S","PARTNTID",NA,NA,4,"sample does not have an associated bay program method code"
"904",999,"LRA","ALLARM.LT9","10/23/2002","12:00:00","TDS.1","M1",1743,"CMC","NTWQM",2002-10-23 12:00:00,0.3,"ISM",1,"Water",NA,320,"MG/L",NA,NA,NA,2017-10-27 16:09:05,NA,2,NA,1,1,"S","PARTNTID",NA,NA,4,"sample does not have an associated bay program method code"
"905",999,"LRA","ALLARM.LT8","05/30/2002","12:00:00","TDS.1","M1",1686,"CMC","NTWQM",2002-05-30 12:00:00,0.3,"ISM",1,"Water",NA,310,"MG/L",NA,NA,NA,2017-10-27 16:06:49,NA,2,NA,1,1,"S","PARTNTID",NA,NA,4,"sample does not have an associated bay program method code"
"906",999,"LRA","ALLARM.LT2","12/17/2002","12:00:00","NO3N.3","M1",1760,"CMC","NTWQM",2002-12-17 12:00:00,0.3,"ISM",2,"Water",NA,3.8,"MG/L",NA,NA,NA,2017-10-27 16:09:53,NA,2,NA,1,2,"VP","PARTNTID",NA,NA,4,"sample does not have an associated bay program method code"
"907",999,"LRA","ALLARM.LT7","01/30/2002","12:00:00","NO3N.3","M1",1640,"CMC","NTWQM",2002-01-30 12:00:00,0.3,"ISM",2,"Water",NA,2.95,"MG/L",NA,NA,NA,2017-10-27 16:05:01,NA,2,NA,1,1,"S","PARTNTID",NA,NA,4,"sample does not have an associated bay program method code"
"908",999,"LRA","ALLARM.LT5","09/24/2002","12:00:00","TDS.1","M1",1728,"CMC","NTWQM",2002-09-24 12:00:00,0.3,"ISM",1,"Water",NA,220,"MG/L",NA,NA,NA,2017-10-27 16:08:25,NA,2,NA,1,1,"S","PARTNTID",NA,NA,4,"sample does not have an associated bay program method code"
"909",999,"LRA","ALLARM.LT4","04/24/2002","12:00:00","TDS.1","M1",1670,"CMC","NTWQM",2002-04-24 12:00:00,0.3,"ISM",1,"Water",NA,250,"MG/L",NA,NA,NA,2017-10-27 16:06:10,NA,2,NA,1,1,"S","PARTNTID",NA,NA,4,"sample does not have an associated bay program method code"
"910",999,"LRA","ALLARM.LT6","02/20/2002","12:00:00","TDS.1","M1",1650,"CMC","NTWQM",2002-02-20 12:00:00,0.3,"ISM",1,"Water",NA,230,"MG/L",NA,NA,NA,2017-10-27 16:05:23,NA,2,NA,1,1,"S","PARTNTID",NA,NA,4,"sample does not have an associated bay program method code"
"911",999,"LRA","ALLARM.LT9","11/19/2002","12:00:00","TDS.1","M1",1755,"CMC","NTWQM",2002-11-19 12:00:00,0.3,"ISM",1,"Water",NA,350,"MG/L",NA,NA,NA,2017-10-27 16:09:40,NA,2,NA,1,1,"S","PARTNTID",NA,NA,4,"sample does not have an associated bay program method code"
"912",999,"LRA","ALLARM.LT5","10/23/2002","12:00:00","NO3N.3","M1",1739,"CMC","NTWQM",2002-10-23 12:00:00,0.3,"ISM",2,"Water",NA,3.9,"MG/L",NA,NA,NA,2017-10-27 16:08:54,NA,2,NA,1,1,"S","PARTNTID",NA,NA,4,"sample does not have an associated bay program method code"
"913",999,"LRA","ALLARM.LT4","05/30/2002","12:00:00","NO3N.3","M1",1682,"CMC","NTWQM",2002-05-30 12:00:00,0.3,"ISM",2,"Water",NA,1.5,"MG/L",NA,NA,NA,2017-10-27 16:06:40,NA,2,NA,1,1,"S","PARTNTID",NA,NA,4,"sample does not have an associated bay program method code"
"914",999,"LRA","ALLARM.LT7","02/20/2002","12:00:00","NO3N.3","M1",1651,"CMC","NTWQM",2002-02-20 12:00:00,0.3,"ISM",2,"Water",NA,4.8,"MG/L",NA,NA,NA,2017-10-27 16:05:25,NA,2,NA,1,1,"S","PARTNTID",NA,NA,4,"sample does not have an associated bay program method code"
"915",999,"LRA","ALLARM.LT4","11/19/2002","12:00:00","TDS.1","M1",1750,"CMC","NTWQM",2002-11-19 12:00:00,0.3,"ISM",1,"Water",NA,290,"MG/L",NA,NA,NA,2017-10-27 16:09:24,NA,2,NA,1,1,"S","PARTNTID",NA,NA,4,"sample does not have an associated bay program method code"
"916",999,"LRA","ALLARM.LT8","07/25/2002","12:00:00","NO3N.3","M1",1709,"CMC","NTWQM",2002-07-25 12:00:00,0.3,"ISM",2,"Water",NA,3.5,"MG/L",NA,NA,NA,2017-10-27 16:07:43,NA,2,NA,1,1,"S","PARTNTID",NA,NA,4,"sample does not have an associated bay program method code"
"917",999,"LRA","ALLARM.LT3","06/27/2002","12:00:00","TDS.1","M1",1693,"CMC","NTWQM",2002-06-27 12:00:00,0.3,"ISM",1,"Water",NA,220,"MG/L",NA,NA,NA,2017-10-27 16:07:05,NA,2,NA,1,1,"S","PARTNTID",NA,NA,4,"sample does not have an associated bay program method code"
"918",999,"LRA","ALLARM.LT9","12/17/2002","12:00:00","NO3N.3","M1",1767,"CMC","NTWQM",2002-12-17 12:00:00,0.3,"ISM",2,"Water",NA,3.5,"MG/L",NA,NA,NA,2017-10-27 16:10:14,NA,2,NA,1,2,"VP","PARTNTID",NA,NA,4,"sample does not have an associated bay program method code"
"919",999,"LRA","ALLARM.LT5","11/19/2002","12:00:00","NO3N.3","M1",1751,"CMC","NTWQM",2002-11-19 12:00:00,0.3,"ISM",2,"Water",NA,4.2,"MG/L",NA,NA,NA,2017-10-27 16:09:27,NA,2,NA,1,1,"S","PARTNTID",NA,NA,4,"sample does not have an associated bay program method code"
"920",999,"LRA","ALLARM.LT7","09/24/2002","12:00:00","NO3N.3","M1",1730,"CMC","NTWQM",2002-09-24 12:00:00,0.3,"ISM",2,"Water",NA,3.4,"MG/L",NA,NA,NA,2017-10-27 16:08:30,NA,2,NA,1,1,"S","PARTNTID",NA,NA,4,"sample does not have an associated bay program method code"
"921",999,"LRA","ALLARM.LT3","07/25/2002","12:00:00","NO3N.3","M1",1704,"CMC","NTWQM",2002-07-25 12:00:00,0.3,"ISM",2,"Water",NA,4.2,"MG/L",NA,NA,NA,2017-10-27 16:07:32,NA,2,NA,1,1,"S","PARTNTID",NA,NA,4,"sample does not have an associated bay program method code"
"922",999,"LRA","ALLARM.LT9","01/30/2002","12:00:00","NO3N.3","M1",1642,"CMC","NTWQM",2002-01-30 12:00:00,0.3,"ISM",2,"Water",NA,2.05,"MG/L",NA,NA,NA,2017-10-27 16:05:05,NA,2,NA,1,1,"S","PARTNTID",NA,NA,4,"sample does not have an associated bay program method code"
"923",999,"LRA","ALLARM.LT9","12/17/2002","12:00:00","TDS.1","M1",1767,"CMC","NTWQM",2002-12-17 12:00:00,0.3,"ISM",1,"Water",NA,380,"MG/L",NA,NA,NA,2017-10-27 16:10:14,NA,2,NA,1,2,"VP","PARTNTID",NA,NA,4,"sample does not have an associated bay program method code"
"924",999,"LRA","ALLARM.LT7","03/26/2002","12:00:00","TDS.1","M1",1662,"CMC","NTWQM",2002-03-26 12:00:00,0.3,"ISM",1,"Water",NA,270,"MG/L",NA,NA,NA,2017-10-27 16:05:50,NA,2,NA,1,1,"S","PARTNTID",NA,NA,4,"sample does not have an associated bay program method code"
"925",999,"LRA","ALLARM.MG2","12/17/2002","12:00:00","NO3N.3","M1",1770,"CMC","NTWQM",2002-12-17 12:00:00,0.3,"ISM",2,"Water",NA,2.5,"MG/L",NA,NA,NA,2017-10-27 16:10:23,NA,2,NA,1,2,"VP","PARTNTID",NA,NA,4,"sample does not have an associated bay program method code"
"926",999,"LRA","ALLARM.MG2","12/17/2002","12:00:00","NO3N.3","M1",1770,"CMC","NTWQM",2002-12-17 12:00:00,0.3,"ISM",2,"Water",NA,2.5,"MG/L",NA,NA,NA,2017-10-27 16:10:23,NA,2,NA,1,2,"VP","PARTNTID",NA,NA,4,"sample does not have an associated bay program method code"
"927",999,"LRA","ALLARM.LT4","07/25/2002","12:00:00","NO3N.3","M1",1705,"CMC","NTWQM",2002-07-25 12:00:00,0.3,"ISM",2,"Water",NA,4.7,"MG/L",NA,NA,NA,2017-10-27 16:07:34,NA,2,NA,1,1,"S","PARTNTID",NA,NA,4,"sample does not have an associated bay program method code"
"928",999,"LRA","ALLARM.LT7","04/24/2002","12:00:00","NO3N.3","M1",1673,"CMC","NTWQM",2002-04-24 12:00:00,0.3,"ISM",2,"Water",NA,4.4,"MG/L",NA,NA,NA,2017-10-27 16:06:18,NA,2,NA,1,1,"S","PARTNTID",NA,NA,4,"sample does not have an associated bay program method code"
"929",999,"LRA","ALLARM.LT3","08/19/2002","12:00:00","TDS.1","M1",1715,"CMC","NTWQM",2002-08-19 12:00:00,0.3,"ISM",1,"Water",NA,260,"MG/L",NA,NA,NA,2017-10-27 16:07:57,NA,2,NA,1,1,"S","PARTNTID",NA,NA,4,"sample does not have an associated bay program method code"
"930",999,"LRA","ALLARM.MG1","04/24/2002","12:00:00","NO3N.3","M1",1677,"CMC","NTWQM",2002-04-24 12:00:00,0.3,"ISM",2,"Water",NA,2,"MG/L",NA,NA,NA,2017-10-27 16:06:28,NA,2,NA,1,1,"S","PARTNTID",NA,NA,4,"sample does not have an associated bay program method code"
"931",999,"LRA","ALLARM.LT7","04/24/2002","12:00:00","TDS.1","M1",1673,"CMC","NTWQM",2002-04-24 12:00:00,0.3,"ISM",1,"Water",NA,290,"MG/L",NA,NA,NA,2017-10-27 16:06:18,NA,2,NA,1,1,"S","PARTNTID",NA,NA,4,"sample does not have an associated bay program method code"
"932",999,"LRA","ALLARM.LT9","08/19/2002","12:00:00","TDS.1","M1",1721,"CMC","NTWQM",2002-08-19 12:00:00,0.3,"ISM",1,"Water",NA,280,"MG/L",NA,NA,NA,2017-10-27 16:08:08,NA,2,NA,1,1,"S","PARTNTID",NA,NA,4,"sample does not have an associated bay program method code"
"933",999,"LRA","ALLARM.LT5","01/30/2002","12:00:00","NO3N.3","M1",1638,"CMC","NTWQM",2002-01-30 12:00:00,0.3,"ISM",2,"Water",NA,3,"MG/L",NA,NA,NA,2017-10-27 16:04:56,NA,2,NA,1,1,"S","PARTNTID",NA,NA,4,"sample does not have an associated bay program method code"
"934",999,"LRA","ALLARM.LT5","12/17/2002","12:00:00","TDS.1","M1",1763,"CMC","NTWQM",2002-12-17 12:00:00,0.3,"ISM",1,"Water",NA,330,"MG/L",NA,NA,NA,2017-10-27 16:10:01,NA,2,NA,1,2,"VP","PARTNTID",NA,NA,4,"sample does not have an associated bay program method code"
"935",999,"LRA","ALLARM.LT6","06/27/2002","12:00:00","NO3N.3","M1",1696,"CMC","NTWQM",2002-06-27 12:00:00,0.3,"ISM",2,"Water",NA,3.7,"MG/L",NA,NA,NA,2017-10-27 16:07:13,NA,2,NA,1,1,"S","PARTNTID",NA,NA,4,"sample does not have an associated bay program method code"
"936",999,"LRA","ALLARM.LT2","04/24/2002","12:00:00","TDS.1","M1",1668,"CMC","NTWQM",2002-04-24 12:00:00,0.3,"ISM",1,"Water",NA,240,"MG/L",NA,NA,NA,2017-10-27 16:06:05,NA,2,NA,1,1,"S","PARTNTID",NA,NA,4,"sample does not have an associated bay program method code"
"937",999,"LRA","ALLARM.MG1","05/30/2002","12:00:00","NO3N.3","M1",1689,"CMC","NTWQM",2002-05-30 12:00:00,0.3,"ISM",2,"Water",NA,1,"MG/L",NA,NA,NA,2017-10-27 16:06:56,NA,2,NA,1,1,"S","PARTNTID",NA,NA,4,"sample does not have an associated bay program method code"
"938",999,"LRA","ALLARM.LT7","05/30/2002","12:00:00","TDS.1","M1",1685,"CMC","NTWQM",2002-05-30 12:00:00,0.3,"ISM",1,"Water",NA,280,"MG/L",NA,NA,NA,2017-10-27 16:06:47,NA,2,NA,1,1,"S","PARTNTID",NA,NA,4,"sample does not have an associated bay program method code"
"939",999,"LRA","ALLARM.LT10","12/17/2002","12:00:00","NO3N.3","M1",1768,"CMC","NTWQM",2002-12-17 12:00:00,0.3,"ISM",2,"Water",NA,3.5,"MG/L",NA,NA,NA,2017-10-27 16:10:17,NA,2,NA,1,2,"VP","PARTNTID",NA,NA,4,"sample does not have an associated bay program method code"
"940",999,"LRA","ALLARM.LT3","04/24/2002","12:00:00","NO3N.3","M1",1669,"CMC","NTWQM",2002-04-24 12:00:00,0.3,"ISM",2,"Water",NA,4.9,"MG/L",NA,NA,NA,2017-10-27 16:06:07,NA,2,NA,1,1,"S","PARTNTID",NA,NA,4,"sample does not have an associated bay program method code"
"941",999,"LRA","ALLARM.LT8","11/19/2002","12:00:00","NO3N.3","M1",1754,"CMC","NTWQM",2002-11-19 12:00:00,0.3,"ISM",2,"Water",NA,3.8,"MG/L",NA,NA,NA,2017-10-27 16:09:37,NA,2,NA,1,1,"S","PARTNTID",NA,NA,4,"sample does not have an associated bay program method code"
"942",999,"LRA","ALLARM.LT7","12/17/2002","12:00:00","NO3N.3","M1",1765,"CMC","NTWQM",2002-12-17 12:00:00,0.3,"ISM",2,"Water",NA,2.7,"MG/L",NA,NA,NA,2017-10-27 16:10:08,NA,2,NA,1,2,"VP","PARTNTID",NA,NA,4,"sample does not have an associated bay program method code"
"943",999,"LRA","ALLARM.LT5","08/19/2002","12:00:00","TDS.1","M1",1717,"CMC","NTWQM",2002-08-19 12:00:00,0.3,"ISM",1,"Water",NA,250,"MG/L",NA,NA,NA,2017-10-27 16:08:01,NA,2,NA,1,1,"S","PARTNTID",NA,NA,4,"sample does not have an associated bay program method code"
"944",999,"LRA","ALLARM.LT6","01/30/2002","12:00:00","TDS.1","M1",1639,"CMC","NTWQM",2002-01-30 12:00:00,0.3,"ISM",1,"Water",NA,240,"MG/L",NA,NA,NA,2017-10-27 16:04:59,NA,2,NA,1,1,"S","PARTNTID",NA,NA,4,"sample does not have an associated bay program method code"
"945",999,"LRA","ALLARM.LT4","10/23/2002","12:00:00","NO3N.3","M1",1738,"CMC","NTWQM",2002-10-23 12:00:00,0.3,"ISM",2,"Water",NA,3.6,"MG/L",NA,NA,NA,2017-10-27 16:08:51,NA,2,NA,1,1,"S","PARTNTID",NA,NA,4,"sample does not have an associated bay program method code"
"946",999,"LRA","ALLARM.LT10","12/17/2002","12:00:00","TDS.1","M1",1768,"CMC","NTWQM",2002-12-17 12:00:00,0.3,"ISM",1,"Water",NA,380,"MG/L",NA,NA,NA,2017-10-27 16:10:17,NA,2,NA,1,2,"VP","PARTNTID",NA,NA,4,"sample does not have an associated bay program method code"
"947",999,"LRA","ALLARM.LT6","02/20/2002","12:00:00","NO3N.3","M1",1650,"CMC","NTWQM",2002-02-20 12:00:00,0.3,"ISM",2,"Water",NA,2.9,"MG/L",NA,NA,NA,2017-10-27 16:05:23,NA,2,NA,1,1,"S","PARTNTID",NA,NA,4,"sample does not have an associated bay program method code"
"948",999,"LRA","ALLARM.LT3","11/19/2002","12:00:00","TDS.1","M1",1749,"CMC","NTWQM",2002-11-19 12:00:00,0.3,"ISM",1,"Water",NA,280,"MG/L",NA,NA,NA,2017-10-27 16:09:21,NA,2,NA,1,1,"S","PARTNTID",NA,NA,4,"sample does not have an associated bay program method code"
"949",999,"LRA","ALLARM.LT8","12/17/2002","12:00:00","NO3N.3","M1",1766,"CMC","NTWQM",2002-12-17 12:00:00,0.3,"ISM",2,"Water",NA,2.9,"MG/L",NA,NA,NA,2017-10-27 16:10:11,NA,2,NA,1,2,"VP","PARTNTID",NA,NA,4,"sample does not have an associated bay program method code"
"950",999,"LRA","ALLARM.LT5","03/26/2002","12:00:00","TDS.1","M1",1660,"CMC","NTWQM",2002-03-26 12:00:00,0.3,"ISM",1,"Water",NA,260,"MG/L",NA,NA,NA,2017-10-27 16:05:46,NA,2,NA,1,1,"S","PARTNTID",NA,NA,4,"sample does not have an associated bay program method code"
"951",999,"LRA","ALLARM.LT8","12/17/2002","12:00:00","NO3N.3","M1",1766,"CMC","NTWQM",2002-12-17 12:00:00,0.3,"ISM",2,"Water",NA,2.9,"MG/L",NA,NA,NA,2017-10-27 16:10:11,NA,2,NA,1,2,"VP","PARTNTID",NA,NA,4,"sample does not have an associated bay program method code"
"952",999,"LRA","ALLARM.LT4","11/19/2002","12:00:00","NO3N.3","M1",1750,"CMC","NTWQM",2002-11-19 12:00:00,0.3,"ISM",2,"Water",NA,3.6,"MG/L",NA,NA,NA,2017-10-27 16:09:24,NA,2,NA,1,1,"S","PARTNTID",NA,NA,4,"sample does not have an associated bay program method code"
"953",999,"LRA","ALLARM.LT9","05/30/2002","12:00:00","TDS.1","M1",1687,"CMC","NTWQM",2002-05-30 12:00:00,0.3,"ISM",1,"Water",NA,320,"MG/L",NA,NA,NA,2017-10-27 16:06:51,NA,2,NA,1,1,"S","PARTNTID",NA,NA,4,"sample does not have an associated bay program method code"
"954",999,"LRA","ALLARM.LT3","06/27/2002","12:00:00","NO3N.3","M1",1693,"CMC","NTWQM",2002-06-27 12:00:00,0.3,"ISM",2,"Water",NA,3.5,"MG/L",NA,NA,NA,2017-10-27 16:07:05,NA,2,NA,1,1,"S","PARTNTID",NA,NA,4,"sample does not have an associated bay program method code"
"955",999,"LRA","ALLARM.MG2","04/24/2002","12:00:00","TDS.1","M1",1678,"CMC","NTWQM",2002-04-24 12:00:00,0.3,"ISM",1,"Water",NA,300,"MG/L",NA,NA,NA,2017-10-27 16:06:30,NA,2,NA,1,1,"S","PARTNTID",NA,NA,4,"sample does not have an associated bay program method code"
"956",999,"LRA","ALLARM.LT8","12/17/2002","12:00:00","TDS.1","M1",1766,"CMC","NTWQM",2002-12-17 12:00:00,0.3,"ISM",1,"Water",NA,340,"MG/L",NA,NA,NA,2017-10-27 16:10:11,NA,2,NA,1,2,"VP","PARTNTID",NA,NA,4,"sample does not have an associated bay program method code"
"957",999,"LRA","ALLARM.LT9","06/27/2002","12:00:00","NO3N.3","M1",1699,"CMC","NTWQM",2002-06-27 12:00:00,0.3,"ISM",2,"Water",NA,3,"MG/L",NA,NA,NA,2017-10-27 16:07:20,NA,2,NA,1,1,"S","PARTNTID",NA,NA,4,"sample does not have an associated bay program method code"
"958",999,"LRA","ALLARM.LT6","03/26/2002","12:00:00","TDS.1","M1",1661,"CMC","NTWQM",2002-03-26 12:00:00,0.3,"ISM",1,"Water",NA,250,"MG/L",NA,NA,NA,2017-10-27 16:05:48,NA,2,NA,1,1,"S","PARTNTID",NA,NA,4,"sample does not have an associated bay program method code"
"959",999,"LRA","ALLARM.MG1","12/17/2002","12:00:00","NO3N.3","M1",1769,"CMC","NTWQM",2002-12-17 12:00:00,0.3,"ISM",2,"Water",NA,2.5,"MG/L",NA,NA,NA,2017-10-27 16:10:20,NA,2,NA,1,2,"VP","PARTNTID",NA,NA,4,"sample does not have an associated bay program method code"
"960",999,"LRA","ALLARM.LT9","06/27/2002","12:00:00","TDS.1","M1",1699,"CMC","NTWQM",2002-06-27 12:00:00,0.3,"ISM",1,"Water",NA,280,"MG/L",NA,NA,NA,2017-10-27 16:07:20,NA,2,NA,1,1,"S","PARTNTID",NA,NA,4,"sample does not have an associated bay program method code"
"961",999,"LRA","ALLARM.MG2","11/19/2002","12:00:00","TDS.1","M1",1758,"CMC","NTWQM",2002-11-19 12:00:00,0.3,"ISM",1,"Water",NA,460,"MG/L",NA,NA,NA,2017-10-27 16:09:47,NA,2,NA,1,1,"S","PARTNTID",NA,NA,4,"sample does not have an associated bay program method code"
"962",999,"LRA","ALLARM.LT8","02/20/2002","12:00:00","NO3N.3","M1",1652,"CMC","NTWQM",2002-02-20 12:00:00,0.3,"ISM",2,"Water",NA,5.6,"MG/L",NA,NA,NA,2017-10-27 16:05:27,NA,2,NA,1,1,"S","PARTNTID",NA,NA,4,"sample does not have an associated bay program method code"
"963",999,"LRA","ALLARM.LT5","11/19/2002","12:00:00","TDS.1","M1",1751,"CMC","NTWQM",2002-11-19 12:00:00,0.3,"ISM",1,"Water",NA,300,"MG/L",NA,NA,NA,2017-10-27 16:09:27,NA,2,NA,1,1,"S","PARTNTID",NA,NA,4,"sample does not have an associated bay program method code"
"964",999,"LRA","ALLARM.LT3","07/25/2002","12:00:00","TDS.1","M1",1704,"CMC","NTWQM",2002-07-25 12:00:00,0.3,"ISM",1,"Water",NA,230,"MG/L",NA,NA,NA,2017-10-27 16:07:32,NA,2,NA,1,1,"S","PARTNTID",NA,NA,4,"sample does not have an associated bay program method code"
"965",999,"LRA","ALLARM.MG1","12/17/2002","12:00:00","TDS.1","M1",1769,"CMC","NTWQM",2002-12-17 12:00:00,0.3,"ISM",1,"Water",NA,580,"MG/L",NA,NA,NA,2017-10-27 16:10:20,NA,2,NA,1,2,"VP","PARTNTID",NA,NA,4,"sample does not have an associated bay program method code"
"966",999,"LRA","ALLARM.LT4","12/17/2002","12:00:00","TDS.1","M1",1762,"CMC","NTWQM",2002-12-17 12:00:00,0.3,"ISM",1,"Water",NA,340,"MG/L",NA,NA,NA,2017-10-27 16:09:58,NA,2,NA,1,2,"VP","PARTNTID",NA,NA,4,"sample does not have an associated bay program method code"
"967",999,"LRA","ALLARM.LT7","10/23/2002","12:00:00","NO3N.3","M1",1741,"CMC","NTWQM",2002-10-23 12:00:00,0.3,"ISM",2,"Water",NA,3.5,"MG/L",NA,NA,NA,2017-10-27 16:09:00,NA,2,NA,1,1,"S","PARTNTID",NA,NA,4,"sample does not have an associated bay program method code"
"968",999,"LRA","ALLARM.LT6","05/30/2002","12:00:00","NO3N.3","M1",1684,"CMC","NTWQM",2002-05-30 12:00:00,0.3,"ISM",2,"Water",NA,3.7,"MG/L",NA,NA,NA,2017-10-27 16:06:44,NA,2,NA,1,1,"S","PARTNTID",NA,NA,4,"sample does not have an associated bay program method code"
"969",999,"LRA","ALLARM.LT8","03/26/2002","12:00:00","NO3N.3","M1",1663,"CMC","NTWQM",2002-03-26 12:00:00,0.3,"ISM",2,"Water",NA,4.7,"MG/L",NA,NA,NA,2017-10-27 16:05:52,NA,2,NA,1,1,"S","PARTNTID",NA,NA,4,"sample does not have an associated bay program method code"
"970",999,"LRA","ALLARM.LT9","02/20/2002","12:00:00","NO3N.3","M1",1653,"CMC","NTWQM",2002-02-20 12:00:00,0.3,"ISM",2,"Water",NA,3.5,"MG/L",NA,NA,NA,2017-10-27 16:05:30,NA,2,NA,1,1,"S","PARTNTID",NA,NA,4,"sample does not have an associated bay program method code"
"971",999,"LRA","ALLARM.LT6","05/30/2002","12:00:00","TDS.1","M1",1684,"CMC","NTWQM",2002-05-30 12:00:00,0.3,"ISM",1,"Water",NA,260,"MG/L",NA,NA,NA,2017-10-27 16:06:44,NA,2,NA,1,1,"S","PARTNTID",NA,NA,4,"sample does not have an associated bay program method code"
"972",999,"LRA","ALLARM.MG2","12/17/2002","12:00:00","TDS.1","M1",1770,"CMC","NTWQM",2002-12-17 12:00:00,0.3,"ISM",1,"Water",NA,540,"MG/L",NA,NA,NA,2017-10-27 16:10:23,NA,2,NA,1,2,"VP","PARTNTID",NA,NA,4,"sample does not have an associated bay program method code"
"973",999,"LRA","ALLARM.MG2","07/25/2002","12:00:00","NO3N.3","M1",1712,"CMC","NTWQM",2002-07-25 12:00:00,0.3,"ISM",2,"Water",NA,2.2,"MG/L",NA,NA,NA,2017-10-27 16:07:51,NA,2,NA,1,1,"S","PARTNTID",NA,NA,4,"sample does not have an associated bay program method code"
"974",999,"LRA","ALLARM.LT7","11/19/2002","12:00:00","NO3N.3","M1",1753,"CMC","NTWQM",2002-11-19 12:00:00,0.3,"ISM",2,"Water",NA,3.5,"MG/L",NA,NA,NA,2017-10-27 16:09:34,NA,2,NA,1,1,"S","PARTNTID",NA,NA,4,"sample does not have an associated bay program method code"
"975",999,"LRA","ALLARM.LT6","12/17/2002","12:00:00","NO3N.3","M1",1764,"CMC","NTWQM",2002-12-17 12:00:00,0.3,"ISM",2,"Water",NA,3.1,"MG/L",NA,NA,NA,2017-10-27 16:10:04,NA,2,NA,1,2,"VP","PARTNTID",NA,NA,4,"sample does not have an associated bay program method code"
"976",999,"LRA","ALLARM.LT6","12/17/2002","12:00:00","NO3N.3","M1",1764,"CMC","NTWQM",2002-12-17 12:00:00,0.3,"ISM",2,"Water",NA,3.1,"MG/L",NA,NA,NA,2017-10-27 16:10:04,NA,2,NA,1,2,"VP","PARTNTID",NA,NA,4,"sample does not have an associated bay program method code"
"977",999,"LRA","ALLARM.LT5","01/30/2002","12:00:00","TDS.1","M1",1638,"CMC","NTWQM",2002-01-30 12:00:00,0.3,"ISM",1,"Water",NA,240,"MG/L",NA,NA,NA,2017-10-27 16:04:56,NA,2,NA,1,1,"S","PARTNTID",NA,NA,4,"sample does not have an associated bay program method code"
"978",999,"LRA","ALLARM.LT6","06/27/2002","12:00:00","TDS.1","M1",1696,"CMC","NTWQM",2002-06-27 12:00:00,0.3,"ISM",1,"Water",NA,230,"MG/L",NA,NA,NA,2017-10-27 16:07:13,NA,2,NA,1,1,"S","PARTNTID",NA,NA,4,"sample does not have an associated bay program method code"
"979",999,"LRA","ALLARM.MG2","02/20/2002","12:00:00","NO3N.3","M1",1655,"CMC","NTWQM",2002-02-20 12:00:00,0.3,"ISM",2,"Water",NA,3.9,"MG/L",NA,NA,NA,2017-10-27 16:05:34,NA,2,NA,1,1,"S","PARTNTID",NA,NA,4,"sample does not have an associated bay program method code"
"980",999,"LRA","ALLARM.LT2","05/30/2002","12:00:00","NO3N.3","M1",1680,"CMC","NTWQM",2002-05-30 12:00:00,0.3,"ISM",2,"Water",NA,6.2,"MG/L",NA,NA,NA,2017-10-27 16:06:35,NA,2,NA,1,1,"S","PARTNTID",NA,NA,4,"sample does not have an associated bay program method code"
"981",999,"LRA","ALLARM.MG2","02/20/2002","12:00:00","TDS.1","M1",1655,"CMC","NTWQM",2002-02-20 12:00:00,0.3,"ISM",1,"Water",NA,220,"MG/L",NA,NA,NA,2017-10-27 16:05:34,NA,2,NA,1,1,"S","PARTNTID",NA,NA,4,"sample does not have an associated bay program method code"
"982",999,"LRA","ALLARM.LT6","12/17/2002","12:00:00","TDS.1","M1",1764,"CMC","NTWQM",2002-12-17 12:00:00,0.3,"ISM",1,"Water",NA,340,"MG/L",NA,NA,NA,2017-10-27 16:10:04,NA,2,NA,1,2,"VP","PARTNTID",NA,NA,4,"sample does not have an associated bay program method code"
"983",999,"LRA","ALLARM.LT9","10/23/2002","12:00:00","NO3N.3","M1",1743,"CMC","NTWQM",2002-10-23 12:00:00,0.3,"ISM",2,"Water",NA,3,"MG/L",NA,NA,NA,2017-10-27 16:09:05,NA,2,NA,1,1,"S","PARTNTID",NA,NA,4,"sample does not have an associated bay program method code"
"984",999,"LRA","ALLARM.LT7","12/17/2002","12:00:00","NO3N.3","M1",1765,"CMC","NTWQM",2002-12-17 12:00:00,0.3,"ISM",2,"Water",NA,2.7,"MG/L",NA,NA,NA,2017-10-27 16:10:08,NA,2,NA,1,2,"VP","PARTNTID",NA,NA,4,"sample does not have an associated bay program method code"
"985",999,"LRA","ALLARM.LT3","11/19/2002","12:00:00","NO3N.3","M1",1749,"CMC","NTWQM",2002-11-19 12:00:00,0.3,"ISM",2,"Water",NA,3.6,"MG/L",NA,NA,NA,2017-10-27 16:09:21,NA,2,NA,1,1,"S","PARTNTID",NA,NA,4,"sample does not have an associated bay program method code"
"986",999,"LRA","ALLARM.LT7","06/27/2002","12:00:00","TDS.1","M1",1697,"CMC","NTWQM",2002-06-27 12:00:00,0.3,"ISM",1,"Water",NA,260,"MG/L",NA,NA,NA,2017-10-27 16:07:15,NA,2,NA,1,1,"S","PARTNTID",NA,NA,4,"sample does not have an associated bay program method code"
"987",999,"LRA","ALLARM.LT5","03/26/2002","12:00:00","NO3N.3","M1",1660,"CMC","NTWQM",2002-03-26 12:00:00,0.3,"ISM",2,"Water",NA,5.3,"MG/L",NA,NA,NA,2017-10-27 16:05:46,NA,2,NA,1,1,"S","PARTNTID",NA,NA,4,"sample does not have an associated bay program method code"
"988",999,"LRA","ALLARM.MG2","09/24/2002","12:00:00","TDS.1","M1",1734,"CMC","NTWQM",2002-09-24 12:00:00,0.3,"ISM",1,"Water",NA,220,"MG/L",NA,NA,NA,2017-10-27 16:08:39,NA,2,NA,1,1,"S","PARTNTID",NA,NA,4,"sample does not have an associated bay program method code"
"989",999,"LRA","ALLARM.LT9","11/19/2002","12:00:00","NO3N.3","M1",1755,"CMC","NTWQM",2002-11-19 12:00:00,0.3,"ISM",2,"Water",NA,3.7,"MG/L",NA,NA,NA,2017-10-27 16:09:40,NA,2,NA,1,1,"S","PARTNTID",NA,NA,4,"sample does not have an associated bay program method code"
"990",999,"LRA","ALLARM.LT8","06/27/2002","12:00:00","NO3N.3","M1",1698,"CMC","NTWQM",2002-06-27 12:00:00,0.3,"ISM",2,"Water",NA,3.6,"MG/L",NA,NA,NA,2017-10-27 16:07:17,NA,2,NA,1,1,"S","PARTNTID",NA,NA,4,"sample does not have an associated bay program method code"
"991",999,"LRA","ALLARM.LT6","08/19/2002","12:00:00","TDS.1","M1",1718,"CMC","NTWQM",2002-08-19 12:00:00,0.3,"ISM",1,"Water",NA,250,"MG/L",NA,NA,NA,2017-10-27 16:08:03,NA,2,NA,1,1,"S","PARTNTID",NA,NA,4,"sample does not have an associated bay program method code"
"992",999,"LRA","ALLARM.MG1","11/19/2002","12:00:00","NO3N.3","M1",1757,"CMC","NTWQM",2002-11-19 12:00:00,0.3,"ISM",2,"Water",NA,3,"MG/L",NA,NA,NA,2017-10-27 16:09:45,NA,2,NA,1,1,"S","PARTNTID",NA,NA,4,"sample does not have an associated bay program method code"
"993",999,"LRA","ALLARM.LT8","06/27/2002","12:00:00","TDS.1","M1",1698,"CMC","NTWQM",2002-06-27 12:00:00,0.3,"ISM",1,"Water",NA,280,"MG/L",NA,NA,NA,2017-10-27 16:07:17,NA,2,NA,1,1,"S","PARTNTID",NA,NA,4,"sample does not have an associated bay program method code"
"994",999,"LRA","ALLARM.LT5","04/24/2002","12:00:00","NO3N.3","M1",1671,"CMC","NTWQM",2002-04-24 12:00:00,0.3,"ISM",2,"Water",NA,5.1,"MG/L",NA,NA,NA,2017-10-27 16:06:12,NA,2,NA,1,1,"S","PARTNTID",NA,NA,4,"sample does not have an associated bay program method code"
"995",999,"LRA","ALLARM.LT6","03/26/2002","12:00:00","NO3N.3","M1",1661,"CMC","NTWQM",2002-03-26 12:00:00,0.3,"ISM",2,"Water",NA,6.2,"MG/L",NA,NA,NA,2017-10-27 16:05:48,NA,2,NA,1,1,"S","PARTNTID",NA,NA,4,"sample does not have an associated bay program method code"
"996",999,"LRA","ALLARM.LT8","09/24/2002","12:00:00","NO3N.3","M1",1731,"CMC","NTWQM",2002-09-24 12:00:00,0.3,"ISM",2,"Water",NA,1.9,"MG/L",NA,NA,NA,2017-10-27 16:08:32,NA,2,NA,1,1,"S","PARTNTID",NA,NA,4,"sample does not have an associated bay program method code"
"997",999,"LRA","ALLARM.LT9","12/17/2002","12:00:00","NO3N.3","M1",1767,"CMC","NTWQM",2002-12-17 12:00:00,0.3,"ISM",2,"Water",NA,3.5,"MG/L",NA,NA,NA,2017-10-27 16:10:14,NA,2,NA,1,2,"VP","PARTNTID",NA,NA,4,"sample does not have an associated bay program method code"
"998",999,"LRA","ALLARM.LT8","05/30/2002","12:00:00","NO3N.3","M1",1686,"CMC","NTWQM",2002-05-30 12:00:00,0.3,"ISM",2,"Water",NA,2.2,"MG/L",NA,NA,NA,2017-10-27 16:06:49,NA,2,NA,1,1,"S","PARTNTID",NA,NA,4,"sample does not have an associated bay program method code"
"999",999,"LRA","ALLARM.MG2","05/30/2002","12:00:00","NO3N.3","M1",1690,"CMC","NTWQM",2002-05-30 12:00:00,0.3,"ISM",2,"Water",NA,0.7,"MG/L",NA,NA,NA,2017-10-27 16:06:59,NA,2,NA,1,1,"S","PARTNTID",NA,NA,4,"sample does not have an associated bay program method code"
"1000",999,"LRA","ALLARM.LT8","07/25/2002","12:00:00","TDS.1","M1",1709,"CMC","NTWQM",2002-07-25 12:00:00,0.3,"ISM",1,"Water",NA,260,"MG/L",NA,NA,NA,2017-10-27 16:07:43,NA,2,NA,1,1,"S","PARTNTID",NA,NA,4,"sample does not have an associated bay program method code"
"1001",999,"LRA","ALLARM.LT4","04/24/2002","12:00:00","NO3N.3","M1",1670,"CMC","NTWQM",2002-04-24 12:00:00,0.3,"ISM",2,"Water",NA,5.2,"MG/L",NA,NA,NA,2017-10-27 16:06:10,NA,2,NA,1,1,"S","PARTNTID",NA,NA,4,"sample does not have an associated bay program method code"
"1002",999,"LRA","ALLARM.LT4","12/17/2002","12:00:00","NO3N.3","M1",1762,"CMC","NTWQM",2002-12-17 12:00:00,0.3,"ISM",2,"Water",NA,3.6,"MG/L",NA,NA,NA,2017-10-27 16:09:58,NA,2,NA,1,2,"VP","PARTNTID",NA,NA,4,"sample does not have an associated bay program method code"
"1003",999,"LRA","ALLARM.MG2","05/30/2002","12:00:00","TDS.1","M1",1690,"CMC","NTWQM",2002-05-30 12:00:00,0.3,"ISM",1,"Water",NA,400,"MG/L",NA,NA,NA,2017-10-27 16:06:59,NA,2,NA,1,1,"S","PARTNTID",NA,NA,4,"sample does not have an associated bay program method code"
"1004",999,"LRA","ALLARM.LT9","12/17/2002","12:00:00","TDS.1","M1",1767,"CMC","NTWQM",2002-12-17 12:00:00,0.3,"ISM",1,"Water",NA,380,"MG/L",NA,NA,NA,2017-10-27 16:10:14,NA,2,NA,1,2,"VP","PARTNTID",NA,NA,4,"sample does not have an associated bay program method code"
"1005",999,"LRA","ALLARM.LT8","08/19/2002","12:00:00","TDS.1","M1",1720,"CMC","NTWQM",2002-08-19 12:00:00,0.3,"ISM",1,"Water",NA,280,"MG/L",NA,NA,NA,2017-10-27 16:08:07,NA,2,NA,1,1,"S","PARTNTID",NA,NA,4,"sample does not have an associated bay program method code"
"1006",999,"LRA","ALLARM.MG2","06/27/2002","12:00:00","NO3N.3","M1",1701,"CMC","NTWQM",2002-06-27 12:00:00,0.3,"ISM",2,"Water",NA,3.5,"MG/L",NA,NA,NA,2017-10-27 16:07:25,NA,2,NA,1,1,"S","PARTNTID",NA,NA,4,"sample does not have an associated bay program method code"
"1007",999,"LRA","ALLARM.MG1","05/30/2002","12:00:00","TDS.1","M1",1689,"CMC","NTWQM",2002-05-30 12:00:00,0.3,"ISM",1,"Water",NA,430,"MG/L",NA,NA,NA,2017-10-27 16:06:56,NA,2,NA,1,1,"S","PARTNTID",NA,NA,4,"sample does not have an associated bay program method code"
"1008",999,"LRA","ALLARM.LT5","12/17/2002","12:00:00","NO3N.3","M1",1763,"CMC","NTWQM",2002-12-17 12:00:00,0.3,"ISM",2,"Water",NA,3.6,"MG/L",NA,NA,NA,2017-10-27 16:10:01,NA,2,NA,1,2,"VP","PARTNTID",NA,NA,4,"sample does not have an associated bay program method code"
"1009",999,"LRA","ALLARM.LT5","02/20/2002","12:00:00","NO3N.3","M1",1649,"CMC","NTWQM",2002-02-20 12:00:00,0.3,"ISM",2,"Water",NA,2.2,"MG/L",NA,NA,NA,2017-10-27 16:05:21,NA,2,NA,1,1,"S","PARTNTID",NA,NA,4,"sample does not have an associated bay program method code"
"1010",999,"LRA","ALLARM.MG2","06/27/2002","12:00:00","TDS.1","M1",1701,"CMC","NTWQM",2002-06-27 12:00:00,0.3,"ISM",1,"Water",NA,230,"MG/L",NA,NA,NA,2017-10-27 16:07:25,NA,2,NA,1,1,"S","PARTNTID",NA,NA,4,"sample does not have an associated bay program method code"
"1011",999,"LRA","ALLARM.LT8","10/23/2002","12:00:00","NO3N.3","M1",1742,"CMC","NTWQM",2002-10-23 12:00:00,0.3,"ISM",2,"Water",NA,2.1,"MG/L",NA,NA,NA,2017-10-27 16:09:02,NA,2,NA,1,1,"S","PARTNTID",NA,NA,4,"sample does not have an associated bay program method code"
"1012",999,"LRA","ALLARM.MG2","01/30/2002","12:00:00","NO3N.3","M1",1644,"CMC","NTWQM",2002-01-30 12:00:00,0.3,"ISM",2,"Water",NA,2.2,"MG/L",NA,NA,NA,2017-10-27 16:05:10,NA,2,NA,1,1,"S","PARTNTID",NA,NA,4,"sample does not have an associated bay program method code"
"1013",999,"LRA","ALLARM.MG2","12/17/2002","12:00:00","TDS.1","M1",1770,"CMC","NTWQM",2002-12-17 12:00:00,0.3,"ISM",1,"Water",NA,540,"MG/L",NA,NA,NA,2017-10-27 16:10:23,NA,2,NA,1,2,"VP","PARTNTID",NA,NA,4,"sample does not have an associated bay program method code"
"1014",999,"LRA","ALLARM.LT7","08/19/2002","12:00:00","TDS.1","M1",1719,"CMC","NTWQM",2002-08-19 12:00:00,0.3,"ISM",1,"Water",NA,270,"MG/L",NA,NA,NA,2017-10-27 16:08:04,NA,2,NA,1,1,"S","PARTNTID",NA,NA,4,"sample does not have an associated bay program method code"
"1015",999,"LRA","ALLARM.LT9","05/30/2002","12:00:00","NO3N.3","M1",1687,"CMC","NTWQM",2002-05-30 12:00:00,0.3,"ISM",2,"Water",NA,3.1,"MG/L",NA,NA,NA,2017-10-27 16:06:51,NA,2,NA,1,1,"S","PARTNTID",NA,NA,4,"sample does not have an associated bay program method code"
"1016",999,"LRA","ALLARM.LT9","09/24/2002","12:00:00","NO3N.3","M1",1732,"CMC","NTWQM",2002-09-24 12:00:00,0.3,"ISM",2,"Water",NA,1.7,"MG/L",NA,NA,NA,2017-10-27 16:08:34,NA,2,NA,1,1,"S","PARTNTID",NA,NA,4,"sample does not have an associated bay program method code"
"1017",999,"LRA","ALLARM.LT8","04/24/2002","12:00:00","NO3N.3","M1",1674,"CMC","NTWQM",2002-04-24 12:00:00,0.3,"ISM",2,"Water",NA,3.1,"MG/L",NA,NA,NA,2017-10-27 16:06:20,NA,2,NA,1,1,"S","PARTNTID",NA,NA,4,"sample does not have an associated bay program method code"
"1018",999,"LRA","ALLARM.LT9","03/26/2002","12:00:00","NO3N.3","M1",1664,"CMC","NTWQM",2002-03-26 12:00:00,0.3,"ISM",2,"Water",NA,3.5,"MG/L",NA,NA,NA,2017-10-27 16:05:54,NA,2,NA,1,1,"S","PARTNTID",NA,NA,4,"sample does not have an associated bay program method code"
"1019",999,"LRA","ALLARM.MG2","11/19/2002","12:00:00","NO3N.3","M1",1758,"CMC","NTWQM",2002-11-19 12:00:00,0.3,"ISM",2,"Water",NA,2.9,"MG/L",NA,NA,NA,2017-10-27 16:09:47,NA,2,NA,1,1,"S","PARTNTID",NA,NA,4,"sample does not have an associated bay program method code"
"1020",999,"LRA","ALLARM.LT7","07/25/2002","12:00:00","TDS.1","M1",1708,"CMC","NTWQM",2002-07-25 12:00:00,0.3,"ISM",1,"Water",NA,250,"MG/L",NA,NA,NA,2017-10-27 16:07:41,NA,2,NA,1,1,"S","PARTNTID",NA,NA,4,"sample does not have an associated bay program method code"
"1021",999,"LRA","ALLARM.LT6","01/30/2002","12:00:00","NO3N.3","M1",1639,"CMC","NTWQM",2002-01-30 12:00:00,0.3,"ISM",2,"Water",NA,2.95,"MG/L",NA,NA,NA,2017-10-27 16:04:59,NA,2,NA,1,1,"S","PARTNTID",NA,NA,4,"sample does not have an associated bay program method code"
"1022",999,"LRA","ALLARM.LT6","07/25/2002","12:00:00","TDS.1","M1",1707,"CMC","NTWQM",2002-07-25 12:00:00,0.3,"ISM",1,"Water",NA,230,"MG/L",NA,NA,NA,2017-10-27 16:07:38,NA,2,NA,1,1,"S","PARTNTID",NA,NA,4,"sample does not have an associated bay program method code"
"1023",999,"LRA","ALLARM.LT6","04/24/2002","12:00:00","NO3N.3","M1",1672,"CMC","NTWQM",2002-04-24 12:00:00,0.3,"ISM",2,"Water",NA,5.5,"MG/L",NA,NA,NA,2017-10-27 16:06:15,NA,2,NA,1,1,"S","PARTNTID",NA,NA,4,"sample does not have an associated bay program method code"
"1024",999,"LRA","ALLARM.MG1","10/23/2002","12:00:00","TDS.1","M1",1745,"CMC","NTWQM",2002-10-23 12:00:00,0.3,"ISM",1,"Water",NA,430,"MG/L",NA,NA,NA,2017-10-27 16:09:10,NA,2,NA,1,1,"S","PARTNTID",NA,NA,4,"sample does not have an associated bay program method code"
"1025",999,"LRA","ALLARM.MG1","10/23/2002","12:00:00","NO3N.3","M1",1745,"CMC","NTWQM",2002-10-23 12:00:00,0.3,"ISM",2,"Water",NA,1.5,"MG/L",NA,NA,NA,2017-10-27 16:09:10,NA,2,NA,1,1,"S","PARTNTID",NA,NA,4,"sample does not have an associated bay program method code"
"1026",999,"LRA","ALLARM.MG2","03/26/2002","12:00:00","TDS.1","M1",1666,"CMC","NTWQM",2002-03-26 12:00:00,0.3,"ISM",1,"Water",NA,210,"MG/L",NA,NA,NA,2017-10-27 16:06:00,NA,2,NA,1,1,"S","PARTNTID",NA,NA,4,"sample does not have an associated bay program method code"
"1027",999,"LRA","ALLARM.MG2","03/26/2002","12:00:00","NO3N.3","M1",1666,"CMC","NTWQM",2002-03-26 12:00:00,0.3,"ISM",2,"Water",NA,3.5,"MG/L",NA,NA,NA,2017-10-27 16:06:00,NA,2,NA,1,1,"S","PARTNTID",NA,NA,4,"sample does not have an associated bay program method code"
"1028",999,"LRA","ALLARM.LT6","04/24/2002","12:00:00","TDS.1","M1",1672,"CMC","NTWQM",2002-04-24 12:00:00,0.3,"ISM",1,"Water",NA,250,"MG/L",NA,NA,NA,2017-10-27 16:06:15,NA,2,NA,1,1,"S","PARTNTID",NA,NA,4,"sample does not have an associated bay program method code"
"1029",999,"LRA","ALLARM.LT7","12/17/2002","12:00:00","TDS.1","M1",1765,"CMC","NTWQM",2002-12-17 12:00:00,0.3,"ISM",1,"Water",NA,380,"MG/L",NA,NA,NA,2017-10-27 16:10:08,NA,2,NA,1,2,"VP","PARTNTID",NA,NA,4,"sample does not have an associated bay program method code"
"1030",999,"LRA","ALLARM.MG2","10/23/2002","12:00:00","TDS.1","M1",1746,"CMC","NTWQM",2002-10-23 12:00:00,0.3,"ISM",1,"Water",NA,410,"MG/L",NA,NA,NA,2017-10-27 16:09:13,NA,2,NA,1,1,"S","PARTNTID",NA,NA,4,"sample does not have an associated bay program method code"
"1031",999,"LRA","ALLARM.LT9","04/24/2002","12:00:00","NO3N.3","M1",1675,"CMC","NTWQM",2002-04-24 12:00:00,0.3,"ISM",2,"Water",NA,3.9,"MG/L",NA,NA,NA,2017-10-27 16:06:23,NA,2,NA,1,1,"S","PARTNTID",NA,NA,4,"sample does not have an associated bay program method code"
"1032",999,"LRA","ALLARM.MG1","12/17/2002","12:00:00","TDS.1","M1",1769,"CMC","NTWQM",2002-12-17 12:00:00,0.3,"ISM",1,"Water",NA,580,"MG/L",NA,NA,NA,2017-10-27 16:10:20,NA,2,NA,1,2,"VP","PARTNTID",NA,NA,4,"sample does not have an associated bay program method code"
"1033",999,"LRA","ALLARM.MG2","01/30/2002","12:00:00","TDS.1","M1",1644,"CMC","NTWQM",2002-01-30 12:00:00,0.3,"ISM",1,"Water",NA,220,"MG/L",NA,NA,NA,2017-10-27 16:05:10,NA,2,NA,1,1,"S","PARTNTID",NA,NA,4,"sample does not have an associated bay program method code"
"1034",999,"LRA","ALLARM.MG2","07/25/2002","12:00:00","TDS.1","M1",1712,"CMC","NTWQM",2002-07-25 12:00:00,0.3,"ISM",1,"Water",NA,220,"MG/L",NA,NA,NA,2017-10-27 16:07:51,NA,2,NA,1,1,"S","PARTNTID",NA,NA,4,"sample does not have an associated bay program method code"
