"","paramMethod","SOURCE","STATION","SAMPLE_DATE","SAMPLE_TIME","paramCode","SAMPLE_ID","EventId","AGENCY","PROGRAM","DateTime","DEPTH","SAMPLE_TYPE","TIER","Matrix","QUALIFIER","VALUE","UNITS","PROBLEM","LAB","labName","modifiedDate","detLimit","qaFlag","COMMENTS","count.x","count.y","LAYER","PROJECT","SampleAnalyticalMethodIdentifier","SubstanceIdentificationName","errorCode","errorName"
"660",999,"GCWD","GCWD.KETCRE53.66","04/30/2012","12:00:00","TDS.1","M1",5077,"CMC","NTWQM",2012-04-30 12:00:00,0.1,"ISM",1,"Water",NA,20,"MG/L",NA,NA,NA,2018-03-01 14:36:03,NA,2,NA,1,1,"S","PARTNTID",NA,NA,4,"sample does not have an associated bay program method code"
"661",999,"GCWD","GCWD.DODHOLRUN0.32","06/06/2012","12:00:00","TDS.1","M1",4792,"CMC","NTWQM",2012-06-06 12:00:00,0.1,"ISM",1,"Water",NA,50,"MG/L",NA,NA,NA,2018-03-01 14:35:12,NA,2,NA,1,1,"S","PARTNTID",NA,NA,4,"sample does not have an associated bay program method code"
"662",999,"GCWD","GCWD.KETCRE53.66","05/17/2012","12:00:00","TDS.1","M1",5078,"CMC","NTWQM",2012-05-17 12:00:00,0.1,"ISM",1,"Water",NA,25,"MG/L",NA,NA,NA,2018-03-01 14:36:04,NA,2,NA,1,1,"S","PARTNTID",NA,NA,4,"sample does not have an associated bay program method code"
"663",999,"GCWD","GCWD.DODHOLRUN0.32","07/16/2012","12:00:00","TDS.1","M1",4793,"CMC","NTWQM",2012-07-16 12:00:00,0.1,"ISM",1,"Water",NA,70,"MG/L",NA,NA,NA,2018-03-01 14:35:12,NA,2,NA,1,1,"S","PARTNTID",NA,NA,4,"sample does not have an associated bay program method code"
"664",999,"BCVM","BCVM.BROCRE1.89","03/28/2012","12:00:00","TDS.1","M1",4649,"CMC","NTWQM",2012-03-28 12:00:00,0.1,"ISM",1,"Water",NA,120,"MG/L",NA,NA,NA,2018-03-01 14:30:45,NA,2,NA,1,1,"S","PARTNTID",NA,NA,4,"sample does not have an associated bay program method code"
"665",999,"GCWD","GCWD.DODHOLRUN0.32","08/16/2012","12:00:00","TDS.1","M1",4794,"CMC","NTWQM",2012-08-16 12:00:00,0.1,"ISM",1,"Water",NA,50,"MG/L",NA,NA,NA,2018-03-01 14:35:12,NA,2,NA,1,1,"S","PARTNTID",NA,NA,4,"sample does not have an associated bay program method code"
"666",999,"BCVM","BCVM.SATCRE3.02","01/04/2012","12:00:00","TDS.1","M1",4595,"CMC","NTWQM",2012-01-04 12:00:00,0.1,"ISM",1,"Water",NA,100,"MG/L",NA,NA,NA,2018-03-01 14:30:40,NA,2,NA,1,1,"S","PARTNTID",NA,NA,4,"sample does not have an associated bay program method code"
"667",999,"GCWD","GCWD.DODHOLRUN0.32","09/17/2012","12:00:00","TDS.1","M1",4795,"CMC","NTWQM",2012-09-17 12:00:00,0.1,"ISM",1,"Water",NA,80,"MG/L",NA,NA,NA,2018-03-01 14:35:13,NA,2,NA,1,1,"S","PARTNTID",NA,NA,4,"sample does not have an associated bay program method code"
"668",999,"BCVM","BCVM.SATCRE3.02","01/11/2012","12:00:00","TDS.1","M1",4596,"CMC","NTWQM",2012-01-11 12:00:00,0.1,"ISM",1,"Water",NA,80,"MG/L",NA,NA,NA,2018-03-01 14:30:40,NA,2,NA,1,1,"S","PARTNTID",NA,NA,4,"sample does not have an associated bay program method code"
"669",999,"GCWD","GCWD.DODHOLRUN0.32","10/17/2012","12:00:00","TDS.1","M1",4796,"CMC","NTWQM",2012-10-17 12:00:00,0.1,"ISM",1,"Water",NA,80,"MG/L",NA,NA,NA,2018-03-01 14:35:13,NA,2,NA,1,1,"S","PARTNTID",NA,NA,4,"sample does not have an associated bay program method code"
"670",999,"BCVM","BCVM.SATCRE3.02","01/25/2012","12:00:00","TDS.1","M1",4597,"CMC","NTWQM",2012-01-25 12:00:00,0.1,"ISM",1,"Water",NA,90,"MG/L",NA,NA,NA,2018-03-01 14:30:40,NA,2,NA,1,1,"S","PARTNTID",NA,NA,4,"sample does not have an associated bay program method code"
"671",999,"GCWD","GCWD.DODHOLRUN0.32","11/15/2012","12:00:00","TDS.1","M1",4797,"CMC","NTWQM",2012-11-15 12:00:00,0.1,"ISM",1,"Water",NA,50,"MG/L",NA,NA,NA,2018-03-01 14:35:13,NA,2,NA,1,1,"S","PARTNTID",NA,NA,4,"sample does not have an associated bay program method code"
"672",999,"BCVM","BCVM.SATCRE3.02","02/01/2012","12:00:00","TDS.1","M1",4598,"CMC","NTWQM",2012-02-01 12:00:00,0.1,"ISM",1,"Water",NA,90,"MG/L",NA,NA,NA,2018-03-01 14:30:40,NA,2,NA,1,1,"S","PARTNTID",NA,NA,4,"sample does not have an associated bay program method code"
"673",999,"GCWD","GCWD.DODHOLRUN0.32","12/03/2012","12:00:00","TDS.1","M1",4798,"CMC","NTWQM",2012-12-03 12:00:00,0.1,"ISM",1,"Water",NA,60,"MG/L",NA,NA,NA,2018-03-01 14:35:13,NA,2,NA,1,1,"S","PARTNTID",NA,NA,4,"sample does not have an associated bay program method code"
"674",999,"BCVM","BCVM.SATCRE3.02","02/08/2012","12:00:00","TDS.1","M1",4599,"CMC","NTWQM",2012-02-08 12:00:00,0.1,"ISM",1,"Water",NA,80,"MG/L",NA,NA,NA,2018-03-01 14:30:40,NA,2,NA,1,1,"S","PARTNTID",NA,NA,4,"sample does not have an associated bay program method code"
"675",999,"GCWD","GCWD.EASFORSINCRE10.25","01/06/2012","12:00:00","TDS.1","M1",4846,"CMC","NTWQM",2012-01-06 12:00:00,0.1,"ISM",1,"Water",NA,20,"MG/L",NA,NA,NA,2018-03-01 14:35:20,NA,2,NA,1,1,"S","PARTNTID",NA,NA,4,"sample does not have an associated bay program method code"
"676",999,"BCVM","BCVM.SATCRE3.02","02/22/2012","12:00:00","TDS.1","M1",4600,"CMC","NTWQM",2012-02-22 12:00:00,0.1,"ISM",1,"Water",NA,80,"MG/L",NA,NA,NA,2018-03-01 14:30:40,NA,2,NA,1,1,"S","PARTNTID",NA,NA,4,"sample does not have an associated bay program method code"
"677",999,"GCWD","GCWD.EASFORSINCRE10.25","02/03/2012","12:00:00","TDS.1","M1",4847,"CMC","NTWQM",2012-02-03 12:00:00,0.1,"ISM",1,"Water",NA,20,"MG/L",NA,NA,NA,2018-03-01 14:35:20,NA,2,NA,1,1,"S","PARTNTID",NA,NA,4,"sample does not have an associated bay program method code"
"678",999,"BCVM","BCVM.SATCRE3.02","02/29/2012","12:00:00","TDS.1","M1",4601,"CMC","NTWQM",2012-02-29 12:00:00,0.1,"ISM",1,"Water",NA,60,"MG/L",NA,NA,NA,2018-03-01 14:30:41,NA,2,NA,1,1,"S","PARTNTID",NA,NA,4,"sample does not have an associated bay program method code"
"679",999,"GCWD","GCWD.GENFOR10.77","01/01/2012","12:00:00","TDS.1","M1",4919,"CMC","NTWQM",2012-01-01 12:00:00,0.1,"ISM",1,"Water",NA,30,"MG/L",NA,NA,NA,2018-03-01 14:35:31,NA,2,NA,1,1,"S","PARTNTID",NA,NA,4,"sample does not have an associated bay program method code"
"680",999,"BCVM","BCVM.SATCRE3.02","03/07/2012","12:00:00","TDS.1","M1",4602,"CMC","NTWQM",2012-03-07 12:00:00,0.1,"ISM",1,"Water",NA,80,"MG/L",NA,NA,NA,2018-03-01 14:30:41,NA,2,NA,1,1,"S","PARTNTID",NA,NA,4,"sample does not have an associated bay program method code"
"681",999,"GCWD","GCWD.GENFOR10.77","02/23/2012","12:00:00","TDS.1","M1",4920,"CMC","NTWQM",2012-02-23 12:00:00,0.1,"ISM",1,"Water",NA,40,"MG/L",NA,NA,NA,2018-03-01 14:35:32,NA,2,NA,1,1,"S","PARTNTID",NA,NA,4,"sample does not have an associated bay program method code"
"682",999,"BCVM","BCVM.SATCRE3.02","03/14/2012","12:00:00","TDS.1","M1",4603,"CMC","NTWQM",2012-03-14 12:00:00,0.1,"ISM",1,"Water",NA,80,"MG/L",NA,NA,NA,2018-03-01 14:30:41,NA,2,NA,1,1,"S","PARTNTID",NA,NA,4,"sample does not have an associated bay program method code"
"683",999,"GCWD","GCWD.GENFOR10.77","03/11/2012","12:00:00","TDS.1","M1",4921,"CMC","NTWQM",2012-03-11 12:00:00,0.1,"ISM",1,"Water",NA,30,"MG/L",NA,NA,NA,2018-03-01 14:35:32,NA,2,NA,1,1,"S","PARTNTID",NA,NA,4,"sample does not have an associated bay program method code"
"684",999,"BCVM","BCVM.SATCRE3.02","03/21/2012","12:00:00","TDS.1","M1",4604,"CMC","NTWQM",2012-03-21 12:00:00,0.1,"ISM",1,"Water",NA,80,"MG/L",NA,NA,NA,2018-03-01 14:30:41,NA,2,NA,1,1,"S","PARTNTID",NA,NA,4,"sample does not have an associated bay program method code"
"685",999,"GCWD","GCWD.GENFOR10.77","04/15/2012","12:00:00","TDS.1","M1",4922,"CMC","NTWQM",2012-04-15 12:00:00,0.1,"ISM",1,"Water",NA,40,"MG/L",NA,NA,NA,2018-03-01 14:35:32,NA,2,NA,1,1,"S","PARTNTID",NA,NA,4,"sample does not have an associated bay program method code"
"686",999,"BCVM","BCVM.SATCRE3.02","03/29/2012","12:00:00","TDS.1","M1",4605,"CMC","NTWQM",2012-03-29 12:00:00,0.1,"ISM",1,"Water",NA,80,"MG/L",NA,NA,NA,2018-03-01 14:30:41,NA,2,NA,1,1,"S","PARTNTID",NA,NA,4,"sample does not have an associated bay program method code"
"687",999,"GCWD","GCWD.GENFOR10.77","05/28/2012","12:00:00","TDS.1","M1",4923,"CMC","NTWQM",2012-05-28 12:00:00,0.1,"ISM",1,"Water",NA,40,"MG/L",NA,NA,NA,2018-03-01 14:35:32,NA,2,NA,1,1,"S","PARTNTID",NA,NA,4,"sample does not have an associated bay program method code"
"688",999,"BCVM","BCVM.SATCRE3.02","04/04/2012","12:00:00","TDS.1","M1",4606,"CMC","NTWQM",2012-04-04 12:00:00,0.1,"ISM",1,"Water",NA,90,"MG/L",NA,NA,NA,2018-03-01 14:30:41,NA,2,NA,1,1,"S","PARTNTID",NA,NA,4,"sample does not have an associated bay program method code"
"689",999,"GCWD","GCWD.GENFOR10.77","06/15/2012","12:00:00","TDS.1","M1",4924,"CMC","NTWQM",2012-06-15 12:00:00,0.1,"ISM",1,"Water",NA,40,"MG/L",NA,NA,NA,2018-03-01 14:35:32,NA,2,NA,1,1,"S","PARTNTID",NA,NA,4,"sample does not have an associated bay program method code"
"690",999,"BCVM","BCVM.SATCRE3.02","04/11/2012","12:00:00","TDS.1","M1",4607,"CMC","NTWQM",2012-04-11 12:00:00,0.1,"ISM",1,"Water",NA,70,"MG/L",NA,NA,NA,2018-03-01 14:30:41,NA,2,NA,1,1,"S","PARTNTID",NA,NA,4,"sample does not have an associated bay program method code"
"691",999,"GCWD","GCWD.GENFOR10.77","08/10/2012","12:00:00","TDS.1","M1",4925,"CMC","NTWQM",2012-08-10 12:00:00,0.1,"ISM",1,"Water",NA,60,"MG/L",NA,NA,NA,2018-03-01 14:35:32,NA,2,NA,1,1,"S","PARTNTID",NA,NA,4,"sample does not have an associated bay program method code"
"692",999,"BCVM","BCVM.SATCRE3.02","04/18/2012","12:00:00","TDS.1","M1",4608,"CMC","NTWQM",2012-04-18 12:00:00,0.1,"ISM",1,"Water",NA,80,"MG/L",NA,NA,NA,2018-03-01 14:30:41,NA,2,NA,1,1,"S","PARTNTID",NA,NA,4,"sample does not have an associated bay program method code"
"693",999,"GCWD","GCWD.GENFOR10.77","09/16/2012","12:00:00","TDS.1","M1",4926,"CMC","NTWQM",2012-09-16 12:00:00,0.1,"ISM",1,"Water",NA,50,"MG/L",NA,NA,NA,2018-03-01 14:35:33,NA,2,NA,1,1,"S","PARTNTID",NA,NA,4,"sample does not have an associated bay program method code"
"694",999,"BCVM","BCVM.SATCRE3.02","04/25/2012","12:00:00","TDS.1","M1",4609,"CMC","NTWQM",2012-04-25 12:00:00,0.1,"ISM",1,"Water",NA,90,"MG/L",NA,NA,NA,2018-03-01 14:30:41,NA,2,NA,1,1,"S","PARTNTID",NA,NA,4,"sample does not have an associated bay program method code"
"695",999,"GCWD","GCWD.GENFOR9.31","02/23/2012","12:00:00","TDS.1","M1",4943,"CMC","NTWQM",2012-02-23 12:00:00,0.1,"ISM",1,"Water",NA,50,"MG/L",NA,NA,NA,2018-03-01 14:35:36,NA,2,NA,1,1,"S","PARTNTID",NA,NA,4,"sample does not have an associated bay program method code"
"696",999,"BCVM","BCVM.SATCRE3.02","05/02/2012","12:00:00","TDS.1","M1",4610,"CMC","NTWQM",2012-05-02 12:00:00,0.1,"ISM",1,"Water",NA,70,"MG/L",NA,NA,NA,2018-03-01 14:30:41,NA,2,NA,1,1,"S","PARTNTID",NA,NA,4,"sample does not have an associated bay program method code"
"697",999,"GCWD","GCWD.GENFOR9.31","03/11/2012","12:00:00","TDS.1","M1",4944,"CMC","NTWQM",2012-03-11 12:00:00,0.1,"ISM",1,"Water",NA,30,"MG/L",NA,NA,NA,2018-03-01 14:35:36,NA,2,NA,1,1,"S","PARTNTID",NA,NA,4,"sample does not have an associated bay program method code"
"698",999,"BCVM","BCVM.SATCRE3.02","05/09/2012","12:00:00","TDS.1","M1",4611,"CMC","NTWQM",2012-05-09 12:00:00,0.1,"ISM",1,"Water",NA,70,"MG/L",NA,NA,NA,2018-03-01 14:30:41,NA,2,NA,1,1,"S","PARTNTID",NA,NA,4,"sample does not have an associated bay program method code"
"699",999,"GCWD","GCWD.GENFOR9.31","04/15/2012","12:00:00","TDS.1","M1",4945,"CMC","NTWQM",2012-04-15 12:00:00,0.1,"ISM",1,"Water",NA,40,"MG/L",NA,NA,NA,2018-03-01 14:35:36,NA,2,NA,1,1,"S","PARTNTID",NA,NA,4,"sample does not have an associated bay program method code"
"700",999,"BCVM","BCVM.SATCRE3.02","05/23/2012","12:00:00","TDS.1","M1",4612,"CMC","NTWQM",2012-05-23 12:00:00,0.1,"ISM",1,"Water",NA,90,"MG/L",NA,NA,NA,2018-03-01 14:30:42,NA,2,NA,1,1,"S","PARTNTID",NA,NA,4,"sample does not have an associated bay program method code"
"701",999,"GCWD","GCWD.GENFOR9.31","06/15/2012","12:00:00","TDS.1","M1",4946,"CMC","NTWQM",2012-06-15 12:00:00,0.1,"ISM",1,"Water",NA,35,"MG/L",NA,NA,NA,2018-03-01 14:35:37,NA,2,NA,1,1,"S","PARTNTID",NA,NA,4,"sample does not have an associated bay program method code"
"702",999,"BCVM","BCVM.SATCRE3.02","05/30/2012","12:00:00","TDS.1","M1",4613,"CMC","NTWQM",2012-05-30 12:00:00,0.1,"ISM",1,"Water",NA,110,"MG/L",NA,NA,NA,2018-03-01 14:30:42,NA,2,NA,1,1,"S","PARTNTID",NA,NA,4,"sample does not have an associated bay program method code"
"703",999,"GCWD","GCWD.GERBRA4.32","04/02/2012","12:00:00","TDS.1","M1",4951,"CMC","NTWQM",2012-04-02 12:00:00,0.1,"ISM",1,"Water",NA,73,"MG/L",NA,NA,NA,2018-03-01 14:35:38,NA,2,NA,1,1,"S","PARTNTID",NA,NA,4,"sample does not have an associated bay program method code"
"704",999,"BCVM","BCVM.SATCRE3.02","06/13/2012","12:00:00","TDS.1","M1",4614,"CMC","NTWQM",2012-06-13 12:00:00,0.1,"ISM",1,"Water",NA,110,"MG/L",NA,NA,NA,2018-03-01 14:30:42,NA,2,NA,1,1,"S","PARTNTID",NA,NA,4,"sample does not have an associated bay program method code"
"705",999,"GCWD","GCWD.MOOHOLRUN0.06","06/06/2012","12:00:00","TDS.1","M1",5130,"CMC","NTWQM",2012-06-06 12:00:00,0.1,"ISM",1,"Water",NA,70,"MG/L",NA,NA,NA,2018-03-01 14:36:17,NA,2,NA,1,1,"S","PARTNTID",NA,NA,4,"sample does not have an associated bay program method code"
"706",999,"BCVM","BCVM.SATCRE3.02","06/27/2012","12:00:00","TDS.1","M1",4615,"CMC","NTWQM",2012-06-27 12:00:00,0.1,"ISM",1,"Water",NA,130,"MG/L",NA,NA,NA,2018-03-01 14:30:42,NA,2,NA,1,1,"S","PARTNTID",NA,NA,4,"sample does not have an associated bay program method code"
"707",999,"GCWD","GCWD.GERBRA4.32","04/12/2012","12:00:00","TDS.1","M1",5074,"CMC","NTWQM",2012-04-12 12:00:00,0.1,"ISM",1,"Water",NA,80,"MG/L",NA,NA,NA,2018-03-01 14:36:02,NA,2,NA,1,2,"VP","PARTNTID",NA,NA,4,"sample does not have an associated bay program method code"
"708",999,"BCVM","BCVM.SATCRE3.02","07/11/2012","12:00:00","TDS.1","M1",4616,"CMC","NTWQM",2012-07-11 12:00:00,0.1,"ISM",1,"Water",NA,160,"MG/L",NA,NA,NA,2018-03-01 14:30:42,NA,2,NA,1,1,"S","PARTNTID",NA,NA,4,"sample does not have an associated bay program method code"
"709",999,"GCWD","GCWD.MOOHOLRUN0.06","07/16/2012","12:00:00","TDS.1","M1",5131,"CMC","NTWQM",2012-07-16 12:00:00,0.1,"ISM",1,"Water",NA,100,"MG/L",NA,NA,NA,2018-03-01 14:36:18,NA,2,NA,1,2,"VP","PARTNTID",NA,NA,4,"sample does not have an associated bay program method code"
"710",999,"BCVM","BCVM.SATCRE3.02","07/18/2012","12:00:00","TDS.1","M1",4617,"CMC","NTWQM",2012-07-18 12:00:00,0.1,"ISM",1,"Water",NA,140,"MG/L",NA,NA,NA,2018-03-01 14:30:42,NA,2,NA,1,1,"S","PARTNTID",NA,NA,4,"sample does not have an associated bay program method code"
"711",999,"GCWD","GCWD.GERBRA4.32","04/14/2012","12:00:00","TDS.1","M1",5075,"CMC","NTWQM",2012-04-14 12:00:00,0.1,"ISM",1,"Water",NA,80,"MG/L",NA,NA,NA,2018-03-01 14:36:03,NA,2,NA,1,2,"VP","PARTNTID",NA,NA,4,"sample does not have an associated bay program method code"
"712",999,"BCVM","BCVM.SATCRE3.02","10/19/2012","12:00:00","TDS.1","M1",4623,"CMC","NTWQM",2012-10-19 12:00:00,0.1,"ISM",1,"Water",NA,160,"MG/L",NA,NA,NA,2018-03-01 14:30:43,NA,2,NA,1,1,"S","PARTNTID",NA,NA,4,"sample does not have an associated bay program method code"
"713",999,"GCWD","GCWD.GERBRA4.32","04/21/2012","12:00:00","TDS.1","M1",4952,"CMC","NTWQM",2012-04-21 12:00:00,0.1,"ISM",1,"Water",NA,90,"MG/L",NA,NA,NA,2018-03-01 14:35:38,NA,2,NA,1,1,"S","PARTNTID",NA,NA,4,"sample does not have an associated bay program method code"
"714",999,"BCVM","BCVM.SATCRE3.02","10/26/2012","12:00:00","TDS.1","M1",4624,"CMC","NTWQM",2012-10-26 12:00:00,0.1,"ISM",1,"Water",NA,160,"MG/L",NA,NA,NA,2018-03-01 14:30:43,NA,2,NA,1,1,"S","PARTNTID",NA,NA,4,"sample does not have an associated bay program method code"
"715",999,"GCWD","GCWD.GERBRA4.32","04/29/2012","12:00:00","TDS.1","M1",4953,"CMC","NTWQM",2012-04-29 12:00:00,0.1,"ISM",1,"Water",NA,60,"MG/L",NA,NA,NA,2018-03-01 14:35:38,NA,2,NA,1,1,"S","PARTNTID",NA,NA,4,"sample does not have an associated bay program method code"
"716",999,"BCVM","BCVM.TUTCRE2.03","01/25/2012","12:00:00","TDS.1","M1",4651,"CMC","NTWQM",2012-01-25 12:00:00,0.1,"ISM",1,"Water",NA,110,"MG/L",NA,NA,NA,2018-03-01 14:30:46,NA,2,NA,1,1,"S","PARTNTID",NA,NA,4,"sample does not have an associated bay program method code"
"717",999,"GCWD","GCWD.GERBRA4.32","05/05/2012","12:00:00","TDS.1","M1",4954,"CMC","NTWQM",2012-05-05 12:00:00,0.1,"ISM",1,"Water",NA,60,"MG/L",NA,NA,NA,2018-03-01 14:35:39,NA,2,NA,1,1,"S","PARTNTID",NA,NA,4,"sample does not have an associated bay program method code"
"718",999,"BCVM","BCVM.TUTCRE2.03","03/27/2012","12:00:00","TDS.1","M1",4652,"CMC","NTWQM",2012-03-27 12:00:00,0.1,"ISM",1,"Water",NA,100,"MG/L",NA,NA,NA,2018-03-01 14:30:46,NA,2,NA,1,1,"S","PARTNTID",NA,NA,4,"sample does not have an associated bay program method code"
"719",999,"GCWD","GCWD.GERBRA4.32","05/11/2012","12:00:00","TDS.1","M1",4955,"CMC","NTWQM",2012-05-11 12:00:00,0.1,"ISM",1,"Water",NA,60,"MG/L",NA,NA,NA,2018-03-01 14:35:39,NA,2,NA,1,1,"S","PARTNTID",NA,NA,4,"sample does not have an associated bay program method code"
"720",999,"BCVM","BCVM.WOLCRE1.92","01/25/2012","12:00:00","TDS.1","M1",4644,"CMC","NTWQM",2012-01-25 12:00:00,0.1,"ISM",1,"Water",NA,100,"MG/L",NA,NA,NA,2018-03-01 14:30:45,NA,2,NA,1,1,"S","PARTNTID",NA,NA,4,"sample does not have an associated bay program method code"
"721",999,"GCWD","GCWD.GERBRA4.32","05/19/2012","12:00:00","TDS.1","M1",4956,"CMC","NTWQM",2012-05-19 12:00:00,0.1,"ISM",1,"Water",NA,70,"MG/L",NA,NA,NA,2018-03-01 14:35:39,NA,2,NA,1,1,"S","PARTNTID",NA,NA,4,"sample does not have an associated bay program method code"
"722",999,"BCVM","BCVM.WOLCRE1.92","03/27/2012","12:00:00","TDS.1","M1",4645,"CMC","NTWQM",2012-03-27 12:00:00,0.1,"ISM",1,"Water",NA,90,"MG/L",NA,NA,NA,2018-03-01 14:30:45,NA,2,NA,1,1,"S","PARTNTID",NA,NA,4,"sample does not have an associated bay program method code"
"723",999,"GCWD","GCWD.GERBRA4.32","05/26/2012","12:00:00","TDS.1","M1",4957,"CMC","NTWQM",2012-05-26 12:00:00,0.1,"ISM",1,"Water",NA,70,"MG/L",NA,NA,NA,2018-03-01 14:35:39,NA,2,NA,1,1,"S","PARTNTID",NA,NA,4,"sample does not have an associated bay program method code"
"724",999,"GCWD","GCWD.BEEFLARUN0.12","01/14/2012","12:00:00","TDS.1","M1",4655,"CMC","NTWQM",2012-01-14 12:00:00,0.1,"ISM",1,"Water",NA,10,"MG/L",NA,NA,NA,2018-03-01 14:35:02,NA,2,NA,1,1,"S","PARTNTID",NA,NA,4,"sample does not have an associated bay program method code"
"725",999,"GCWD","GCWD.GERBRA4.32","06/02/2012","12:00:00","TDS.1","M1",4958,"CMC","NTWQM",2012-06-02 12:00:00,0.1,"ISM",1,"Water",NA,80,"MG/L",NA,NA,NA,2018-03-01 14:35:39,NA,2,NA,1,1,"S","PARTNTID",NA,NA,4,"sample does not have an associated bay program method code"
"726",999,"GCWD","GCWD.BEEFLARUN0.12","02/19/2012","12:00:00","TDS.1","M1",4656,"CMC","NTWQM",2012-02-19 12:00:00,0.1,"ISM",1,"Water",NA,10,"MG/L",NA,NA,NA,2018-03-01 14:35:02,NA,2,NA,1,1,"S","PARTNTID",NA,NA,4,"sample does not have an associated bay program method code"
"727",999,"GCWD","GCWD.GERBRA4.32","06/09/2012","12:00:00","TDS.1","M1",4959,"CMC","NTWQM",2012-06-09 12:00:00,0.1,"ISM",1,"Water",NA,60,"MG/L",NA,NA,NA,2018-03-01 14:35:40,NA,2,NA,1,1,"S","PARTNTID",NA,NA,4,"sample does not have an associated bay program method code"
"728",999,"GCWD","GCWD.BEEFLARUN0.12","03/31/2012","12:00:00","TDS.1","M1",4657,"CMC","NTWQM",2012-03-31 12:00:00,0.1,"ISM",1,"Water",NA,10,"MG/L",NA,NA,NA,2018-03-01 14:35:02,NA,2,NA,1,1,"S","PARTNTID",NA,NA,4,"sample does not have an associated bay program method code"
"729",999,"GCWD","GCWD.GERBRA4.32","06/16/2012","12:00:00","TDS.1","M1",4960,"CMC","NTWQM",2012-06-16 12:00:00,0.1,"ISM",1,"Water",NA,75,"MG/L",NA,NA,NA,2018-03-01 14:35:40,NA,2,NA,1,1,"S","PARTNTID",NA,NA,4,"sample does not have an associated bay program method code"
"730",999,"GCWD","GCWD.BEEFLARUN0.12","04/12/2012","12:00:00","TDS.1","M1",4658,"CMC","NTWQM",2012-04-12 12:00:00,0.1,"ISM",1,"Water",NA,10,"MG/L",NA,NA,NA,2018-03-01 14:35:02,NA,2,NA,1,1,"S","PARTNTID",NA,NA,4,"sample does not have an associated bay program method code"
"731",999,"GCWD","GCWD.GERBRA4.32","06/23/2012","12:00:00","TDS.1","M1",4961,"CMC","NTWQM",2012-06-23 12:00:00,0.1,"ISM",1,"Water",NA,80,"MG/L",NA,NA,NA,2018-03-01 14:35:40,NA,2,NA,1,1,"S","PARTNTID",NA,NA,4,"sample does not have an associated bay program method code"
"732",999,"GCWD","GCWD.BEEFLARUN0.12","05/08/2012","12:00:00","TDS.1","M1",4659,"CMC","NTWQM",2012-05-08 12:00:00,0.1,"ISM",1,"Water",NA,10,"MG/L",NA,NA,NA,2018-03-01 14:35:02,NA,2,NA,1,1,"S","PARTNTID",NA,NA,4,"sample does not have an associated bay program method code"
"733",999,"GCWD","GCWD.GERBRA4.32","06/30/2012","12:00:00","TDS.1","M1",4962,"CMC","NTWQM",2012-06-30 12:00:00,0.1,"ISM",1,"Water",NA,90,"MG/L",NA,NA,NA,2018-03-01 14:35:40,NA,2,NA,1,1,"S","PARTNTID",NA,NA,4,"sample does not have an associated bay program method code"
"734",999,"GCWD","GCWD.BEEFLARUN0.12","05/16/2012","12:00:00","TDS.1","M1",4660,"CMC","NTWQM",2012-05-16 12:00:00,0.1,"ISM",1,"Water",NA,10,"MG/L",NA,NA,NA,2018-03-01 14:35:02,NA,2,NA,1,1,"S","PARTNTID",NA,NA,4,"sample does not have an associated bay program method code"
"735",999,"GCWD","GCWD.GERBRA4.32","07/07/2012","12:00:00","TDS.1","M1",4963,"CMC","NTWQM",2012-07-07 12:00:00,0.1,"ISM",1,"Water",NA,90,"MG/L",NA,NA,NA,2018-03-01 14:35:40,NA,2,NA,1,1,"S","PARTNTID",NA,NA,4,"sample does not have an associated bay program method code"
"736",999,"GCWD","GCWD.BEEFLARUN0.12","08/28/2012","12:00:00","TDS.1","M1",4661,"CMC","NTWQM",2012-08-28 12:00:00,0.1,"ISM",1,"Water",NA,20,"MG/L",NA,NA,NA,2018-03-01 14:35:02,NA,2,NA,1,1,"S","PARTNTID",NA,NA,4,"sample does not have an associated bay program method code"
"737",999,"GCWD","GCWD.GERBRA4.32","07/15/2012","12:00:00","TDS.1","M1",4964,"CMC","NTWQM",2012-07-15 12:00:00,0.1,"ISM",1,"Water",NA,100,"MG/L",NA,NA,NA,2018-03-01 14:35:41,NA,2,NA,1,1,"S","PARTNTID",NA,NA,4,"sample does not have an associated bay program method code"
"738",999,"GCWD","GCWD.BEEFLARUN0.12","09/21/2012","12:00:00","TDS.1","M1",4662,"CMC","NTWQM",2012-09-21 12:00:00,0.1,"ISM",1,"Water",NA,20,"MG/L",NA,NA,NA,2018-03-01 14:35:02,NA,2,NA,1,1,"S","PARTNTID",NA,NA,4,"sample does not have an associated bay program method code"
"739",999,"GCWD","GCWD.GERBRA4.32","07/24/2012","12:00:00","TDS.1","M1",4965,"CMC","NTWQM",2012-07-24 12:00:00,0.1,"ISM",1,"Water",NA,110,"MG/L",NA,NA,NA,2018-03-01 14:35:41,NA,2,NA,1,1,"S","PARTNTID",NA,NA,4,"sample does not have an associated bay program method code"
"740",999,"GCWD","GCWD.BEEFLARUN0.12","11/11/2012","12:00:00","TDS.1","M1",4663,"CMC","NTWQM",2012-11-11 12:00:00,0.1,"ISM",1,"Water",NA,10,"MG/L",NA,NA,NA,2018-03-01 14:35:02,NA,2,NA,1,1,"S","PARTNTID",NA,NA,4,"sample does not have an associated bay program method code"
"741",999,"GCWD","GCWD.GERBRA4.32","07/29/2012","12:00:00","TDS.1","M1",4966,"CMC","NTWQM",2012-07-29 12:00:00,0.1,"ISM",1,"Water",NA,120,"MG/L",NA,NA,NA,2018-03-01 14:35:41,NA,2,NA,1,1,"S","PARTNTID",NA,NA,4,"sample does not have an associated bay program method code"
"742",999,"GCWD","GCWD.BEEFLARUN0.12","12/04/2012","12:00:00","TDS.1","M1",4664,"CMC","NTWQM",2012-12-04 12:00:00,0.1,"ISM",1,"Water",NA,20,"MG/L",NA,NA,NA,2018-03-01 14:35:02,NA,2,NA,1,1,"S","PARTNTID",NA,NA,4,"sample does not have an associated bay program method code"
"743",999,"GCWD","GCWD.GERBRA4.32","08/05/2012","12:00:00","TDS.1","M1",4967,"CMC","NTWQM",2012-08-05 12:00:00,0.1,"ISM",1,"Water",NA,110,"MG/L",NA,NA,NA,2018-03-01 14:35:41,NA,2,NA,1,1,"S","PARTNTID",NA,NA,4,"sample does not have an associated bay program method code"
"744",999,"GCWD","GCWD.BIGMOORUN3.70","01/08/2012","12:00:00","TDS.1","M1",4700,"CMC","NTWQM",2012-01-08 12:00:00,0.1,"ISM",1,"Water",NA,40,"MG/L",NA,NA,NA,2018-03-01 14:35:04,NA,2,NA,1,1,"S","PARTNTID",NA,NA,4,"sample does not have an associated bay program method code"
"745",999,"GCWD","GCWD.GERBRA4.32","08/12/2012","12:00:00","TDS.1","M1",4968,"CMC","NTWQM",2012-08-12 12:00:00,0.1,"ISM",1,"Water",NA,120,"MG/L",NA,NA,NA,2018-03-01 14:35:41,NA,2,NA,1,1,"S","PARTNTID",NA,NA,4,"sample does not have an associated bay program method code"
"746",999,"GCWD","GCWD.BIGMOORUN3.70","01/24/2012","12:00:00","TDS.1","M1",4701,"CMC","NTWQM",2012-01-24 12:00:00,0.1,"ISM",1,"Water",NA,40,"MG/L",NA,NA,NA,2018-03-01 14:35:04,NA,2,NA,1,1,"S","PARTNTID",NA,NA,4,"sample does not have an associated bay program method code"
"747",999,"GCWD","GCWD.GERBRA4.32","08/18/2012","12:00:00","TDS.1","M1",4969,"CMC","NTWQM",2012-08-18 12:00:00,0.1,"ISM",1,"Water",NA,120,"MG/L",NA,NA,NA,2018-03-01 14:35:41,NA,2,NA,1,1,"S","PARTNTID",NA,NA,4,"sample does not have an associated bay program method code"
"748",999,"GCWD","GCWD.BIGMOORUN5.78","05/12/2012","12:00:00","TDS.1","M1",4702,"CMC","NTWQM",2012-05-12 12:00:00,0.1,"ISM",1,"Water",NA,35,"MG/L",NA,NA,NA,2018-03-01 14:35:04,NA,2,NA,1,1,"S","PARTNTID",NA,NA,4,"sample does not have an associated bay program method code"
"749",999,"GCWD","GCWD.GERBRA4.32","08/24/2012","12:00:00","TDS.1","M1",4970,"CMC","NTWQM",2012-08-24 12:00:00,0.1,"ISM",1,"Water",NA,115,"MG/L",NA,NA,NA,2018-03-01 14:35:42,NA,2,NA,1,1,"S","PARTNTID",NA,NA,4,"sample does not have an associated bay program method code"
"750",999,"GCWD","GCWD.BIGMOORUN5.78","05/19/2012","12:00:00","TDS.1","M1",4703,"CMC","NTWQM",2012-05-19 12:00:00,0.1,"ISM",1,"Water",NA,40,"MG/L",NA,NA,NA,2018-03-01 14:35:05,NA,2,NA,1,1,"S","PARTNTID",NA,NA,4,"sample does not have an associated bay program method code"
"751",999,"GCWD","GCWD.GERBRA4.32","09/08/2012","12:00:00","TDS.1","M1",4971,"CMC","NTWQM",2012-09-08 12:00:00,0.1,"ISM",1,"Water",NA,140,"MG/L",NA,NA,NA,2018-03-01 14:35:42,NA,2,NA,1,1,"S","PARTNTID",NA,NA,4,"sample does not have an associated bay program method code"
"752",999,"GCWD","GCWD.BIGMOORUN5.78","05/26/2012","12:00:00","TDS.1","M1",4704,"CMC","NTWQM",2012-05-26 12:00:00,0.1,"ISM",1,"Water",NA,40,"MG/L",NA,NA,NA,2018-03-01 14:35:05,NA,2,NA,1,1,"S","PARTNTID",NA,NA,4,"sample does not have an associated bay program method code"
"753",999,"GCWD","GCWD.GERBRA4.32","09/16/2012","12:00:00","TDS.1","M1",4972,"CMC","NTWQM",2012-09-16 12:00:00,0.1,"ISM",1,"Water",NA,130,"MG/L",NA,NA,NA,2018-03-01 14:35:42,NA,2,NA,1,1,"S","PARTNTID",NA,NA,4,"sample does not have an associated bay program method code"
"754",999,"GCWD","GCWD.BIGMOORUN5.78","06/17/2012","12:00:00","TDS.1","M1",4705,"CMC","NTWQM",2012-06-17 12:00:00,0.1,"ISM",1,"Water",NA,50,"MG/L",NA,NA,NA,2018-03-01 14:35:05,NA,2,NA,1,1,"S","PARTNTID",NA,NA,4,"sample does not have an associated bay program method code"
"755",999,"GCWD","GCWD.GERBRA4.32","09/23/2012","12:00:00","TDS.1","M1",4973,"CMC","NTWQM",2012-09-23 12:00:00,0.1,"ISM",1,"Water",NA,120,"MG/L",NA,NA,NA,2018-03-01 14:35:42,NA,2,NA,1,1,"S","PARTNTID",NA,NA,4,"sample does not have an associated bay program method code"
"756",999,"GCWD","GCWD.BIGMOORUN5.78","07/01/2012","12:00:00","TDS.1","M1",4706,"CMC","NTWQM",2012-07-01 12:00:00,0.1,"ISM",1,"Water",NA,50,"MG/L",NA,NA,NA,2018-03-01 14:35:05,NA,2,NA,1,1,"S","PARTNTID",NA,NA,4,"sample does not have an associated bay program method code"
"757",999,"GCWD","GCWD.GERBRA4.32","09/29/2012","12:00:00","TDS.1","M1",4974,"CMC","NTWQM",2012-09-29 12:00:00,0.1,"ISM",1,"Water",NA,125,"MG/L",NA,NA,NA,2018-03-01 14:35:42,NA,2,NA,1,1,"S","PARTNTID",NA,NA,4,"sample does not have an associated bay program method code"
"758",999,"GCWD","GCWD.BIGMOORUN5.78","07/22/2012","12:00:00","TDS.1","M1",4707,"CMC","NTWQM",2012-07-22 12:00:00,0.1,"ISM",1,"Water",NA,50,"MG/L",NA,NA,NA,2018-03-01 14:35:05,NA,2,NA,1,1,"S","PARTNTID",NA,NA,4,"sample does not have an associated bay program method code"
"759",999,"GCWD","GCWD.GERBRA4.32","10/06/2012","12:00:00","TDS.1","M1",4975,"CMC","NTWQM",2012-10-06 12:00:00,0.1,"ISM",1,"Water",NA,120,"MG/L",NA,NA,NA,2018-03-01 14:35:43,NA,2,NA,1,1,"S","PARTNTID",NA,NA,4,"sample does not have an associated bay program method code"
"760",999,"GCWD","GCWD.BIGMOORUN5.78","08/10/2012","12:00:00","TDS.1","M1",4708,"CMC","NTWQM",2012-08-10 12:00:00,0.1,"ISM",1,"Water",NA,50,"MG/L",NA,NA,NA,2018-03-01 14:35:05,NA,2,NA,1,1,"S","PARTNTID",NA,NA,4,"sample does not have an associated bay program method code"
"761",999,"GCWD","GCWD.GERBRA4.32","10/14/2012","12:00:00","TDS.1","M1",4976,"CMC","NTWQM",2012-10-14 12:00:00,0.1,"ISM",1,"Water",NA,120,"MG/L",NA,NA,NA,2018-03-01 14:35:43,NA,2,NA,1,1,"S","PARTNTID",NA,NA,4,"sample does not have an associated bay program method code"
"762",999,"GCWD","GCWD.BIGMOORUN5.78","09/20/2012","12:00:00","TDS.1","M1",4709,"CMC","NTWQM",2012-09-20 12:00:00,0.1,"ISM",1,"Water",NA,50,"MG/L",NA,NA,NA,2018-03-01 14:35:05,NA,2,NA,1,1,"S","PARTNTID",NA,NA,4,"sample does not have an associated bay program method code"
"763",999,"GCWD","GCWD.GERBRA4.32","10/21/2012","12:00:00","TDS.1","M1",4977,"CMC","NTWQM",2012-10-21 12:00:00,0.1,"ISM",1,"Water",NA,125,"MG/L",NA,NA,NA,2018-03-01 14:35:43,NA,2,NA,1,1,"S","PARTNTID",NA,NA,4,"sample does not have an associated bay program method code"
"764",999,"GCWD","GCWD.PHORUN4.36","04/15/2012","12:00:00","TDS.1","M1",5175,"CMC","NTWQM",2012-04-15 12:00:00,0.1,"ISM",1,"Water",NA,60,"MG/L",NA,NA,NA,2018-03-01 14:36:29,NA,2,NA,1,1,"S","PARTNTID",NA,NA,4,"sample does not have an associated bay program method code"
"765",999,"GCWD","GCWD.CALCRE0.11","08/10/2012","12:00:00","TDS.1","M1",4762,"CMC","NTWQM",2012-08-10 12:00:00,0.1,"ISM",1,"Water",NA,80,"MG/L",NA,NA,NA,2018-03-01 14:35:08,NA,2,NA,1,2,"VP","PARTNTID",NA,NA,4,"sample does not have an associated bay program method code"
"766",999,"GCWD","GCWD.CALCRE0.11","08/10/2012","12:00:00","TDS.1","M1",4762,"CMC","NTWQM",2012-08-10 12:00:00,0.1,"ISM",1,"Water",NA,80,"MG/L",NA,NA,NA,2018-03-01 14:35:08,NA,2,NA,1,2,"VP","PARTNTID",NA,NA,4,"sample does not have an associated bay program method code"
"767",999,"GCWD","GCWD.GERBRA4.32","11/11/2012","12:00:00","TDS.1","M1",4979,"CMC","NTWQM",2012-11-11 12:00:00,0.1,"ISM",1,"Water",NA,80,"MG/L",NA,NA,NA,2018-03-01 14:35:43,NA,2,NA,1,1,"S","PARTNTID",NA,NA,4,"sample does not have an associated bay program method code"
"768",999,"GCWD","GCWD.CALCRE0.11","09/16/2012","12:00:00","TDS.1","M1",4757,"CMC","NTWQM",2012-09-16 12:00:00,0.1,"ISM",1,"Water",NA,70,"MG/L",NA,NA,NA,2018-03-01 14:35:08,NA,2,NA,1,1,"S","PARTNTID",NA,NA,4,"sample does not have an associated bay program method code"
"769",999,"GCWD","GCWD.GERBRA4.32","11/18/2012","12:00:00","TDS.1","M1",4980,"CMC","NTWQM",2012-11-18 12:00:00,0.1,"ISM",1,"Water",NA,70,"MG/L",NA,NA,NA,2018-03-01 14:35:43,NA,2,NA,1,1,"S","PARTNTID",NA,NA,4,"sample does not have an associated bay program method code"
"770",999,"GCWD","GCWD.COWRIV34.68","01/01/2012","12:00:00","TDS.1","M1",4780,"CMC","NTWQM",2012-01-01 12:00:00,0.1,"ISM",1,"Water",NA,70,"MG/L",NA,NA,NA,2018-03-01 14:35:11,NA,2,NA,1,1,"S","PARTNTID",NA,NA,4,"sample does not have an associated bay program method code"
"771",999,"GCWD","GCWD.GERBRA4.32","12/03/2012","12:00:00","TDS.1","M1",4981,"CMC","NTWQM",2012-12-03 12:00:00,0.1,"ISM",1,"Water",NA,90,"MG/L",NA,NA,NA,2018-03-01 14:35:44,NA,2,NA,1,1,"S","PARTNTID",NA,NA,4,"sample does not have an associated bay program method code"
"772",999,"GCWD","GCWD.COWRIV34.68","02/22/2012","12:00:00","TDS.1","M1",4781,"CMC","NTWQM",2012-02-22 12:00:00,0.1,"ISM",1,"Water",NA,80,"MG/L",NA,NA,NA,2018-03-01 14:35:11,NA,2,NA,1,1,"S","PARTNTID",NA,NA,4,"sample does not have an associated bay program method code"
"773",999,"GCWD","GCWD.GERBRA4.32","12/05/2012","12:00:00","TDS.1","M1",4982,"CMC","NTWQM",2012-12-05 12:00:00,0.1,"ISM",1,"Water",NA,100,"MG/L",NA,NA,NA,2018-03-01 14:35:44,NA,2,NA,1,1,"S","PARTNTID",NA,NA,4,"sample does not have an associated bay program method code"
"774",999,"GCWD","GCWD.COWRIV34.68","04/29/2012","12:00:00","TDS.1","M1",4782,"CMC","NTWQM",2012-04-29 12:00:00,0.1,"ISM",1,"Water",NA,170,"MG/L",NA,NA,NA,2018-03-01 14:35:11,NA,2,NA,1,1,"S","PARTNTID",NA,NA,4,"sample does not have an associated bay program method code"
"775",999,"GCWD","GCWD.GERBRA4.32","12/15/2012","12:00:00","TDS.1","M1",4983,"CMC","NTWQM",2012-12-15 12:00:00,0.1,"ISM",1,"Water",NA,60,"MG/L",NA,NA,NA,2018-03-01 14:35:44,NA,2,NA,1,1,"S","PARTNTID",NA,NA,4,"sample does not have an associated bay program method code"
"776",999,"GCWD","GCWD.COWRIV34.68","08/19/2012","12:00:00","TDS.1","M1",4783,"CMC","NTWQM",2012-08-19 12:00:00,0.1,"ISM",1,"Water",NA,130,"MG/L",NA,NA,NA,2018-03-01 14:35:11,NA,2,NA,1,1,"S","PARTNTID",NA,NA,4,"sample does not have an associated bay program method code"
"777",999,"GCWD","GCWD.GERBRA4.32","12/30/2012","12:00:00","TDS.1","M1",4984,"CMC","NTWQM",2012-12-30 12:00:00,0.1,"ISM",1,"Water",NA,60,"MG/L",NA,NA,NA,2018-03-01 14:35:44,NA,2,NA,1,1,"S","PARTNTID",NA,NA,4,"sample does not have an associated bay program method code"
"778",999,"GCWD","GCWD.COWRIV34.68","11/30/2012","12:00:00","TDS.1","M1",4789,"CMC","NTWQM",2012-11-30 12:00:00,0.1,"ISM",1,"Water",NA,110,"MG/L",NA,NA,NA,2018-03-01 14:35:12,NA,2,NA,1,1,"S","PARTNTID",NA,NA,4,"sample does not have an associated bay program method code"
"779",999,"GCWD","GCWD.KETCRE53.66","04/02/2012","12:00:00","TDS.1","M1",5076,"CMC","NTWQM",2012-04-02 12:00:00,0.1,"ISM",1,"Water",NA,30,"MG/L",NA,NA,NA,2018-03-01 14:36:03,NA,2,NA,1,1,"S","PARTNTID",NA,NA,4,"sample does not have an associated bay program method code"
"780",999,"GCWD","GCWD.DODHOLRUN0.32","05/17/2012","12:00:00","TDS.1","M1",4791,"CMC","NTWQM",2012-05-17 12:00:00,0.1,"ISM",1,"Water",NA,50,"MG/L",NA,NA,NA,2018-03-01 14:35:12,NA,2,NA,1,1,"S","PARTNTID",NA,NA,4,"sample does not have an associated bay program method code"
"781",999,"LRA","ALLARM.LT1","08/15/2012","12:00:00","NO3N.3","M1",3177,"CMC","NTWQM",2012-08-15 12:00:00,0.3,"ISM",2,"Water",NA,3.5,"MG/L",NA,NA,NA,2017-10-30 10:35:47,NA,2,NA,1,1,"S","PARTNTID",NA,NA,4,"sample does not have an associated bay program method code"
"782",999,"GCWD","GCWD.PHORUN7.54","06/15/2012","12:00:00","TDS.1","M1",5203,"CMC","NTWQM",2012-06-15 12:00:00,0.1,"ISM",1,"Water",NA,50,"MG/L",NA,NA,NA,2018-03-01 14:36:37,NA,2,NA,1,1,"S","PARTNTID",NA,NA,4,"sample does not have an associated bay program method code"
"783",999,"LRA","ALLARM.LT7","06/12/2012","12:00:00","NO3N.3","M1",3173,"CMC","NTWQM",2012-06-12 12:00:00,0.3,"ISM",2,"Water",NA,3.2,"MG/L",NA,NA,NA,2017-10-30 10:35:36,NA,2,NA,1,1,"S","PARTNTID",NA,NA,4,"sample does not have an associated bay program method code"
"784",999,"GCWD","GCWD.PHORUN7.54","08/10/2012","12:00:00","TDS.1","M1",5204,"CMC","NTWQM",2012-08-10 12:00:00,0.1,"ISM",1,"Water",NA,90,"MG/L",NA,NA,NA,2018-03-01 14:36:38,NA,2,NA,1,1,"S","PARTNTID",NA,NA,4,"sample does not have an associated bay program method code"
"785",999,"GCWD","GCWD.KETCRE53.66","06/09/2012","12:00:00","TDS.1","M1",5079,"CMC","NTWQM",2012-06-09 12:00:00,0.1,"ISM",1,"Water",NA,25,"MG/L",NA,NA,NA,2018-03-01 14:36:04,NA,2,NA,1,1,"S","PARTNTID",NA,NA,4,"sample does not have an associated bay program method code"
"786",999,"GCWD","GCWD.PHORUN7.54","09/16/2012","12:00:00","TDS.1","M1",5205,"CMC","NTWQM",2012-09-16 12:00:00,0.1,"ISM",1,"Water",NA,90,"MG/L",NA,NA,NA,2018-03-01 14:36:38,NA,2,NA,1,1,"S","PARTNTID",NA,NA,4,"sample does not have an associated bay program method code"
"787",999,"GCWD","GCWD.KETCRE53.66","08/18/2012","12:00:00","TDS.1","M1",5080,"CMC","NTWQM",2012-08-18 12:00:00,0.1,"ISM",1,"Water",NA,33,"MG/L",NA,NA,NA,2018-03-01 14:36:04,NA,2,NA,1,1,"S","PARTNTID",NA,NA,4,"sample does not have an associated bay program method code"
"788",999,"GCWD","GCWD.PRORUN2.55","01/06/2012","12:00:00","TDS.1","M1",5258,"CMC","NTWQM",2012-01-06 12:00:00,0.1,"ISM",1,"Water",NA,30,"MG/L",NA,NA,NA,2018-03-01 14:36:53,NA,2,NA,1,1,"S","PARTNTID",NA,NA,4,"sample does not have an associated bay program method code"
"789",999,"GCWD","GCWD.KETCRE53.66","12/05/2012","12:00:00","TDS.1","M1",5081,"CMC","NTWQM",2012-12-05 12:00:00,0.1,"ISM",1,"Water",NA,40,"MG/L",NA,NA,NA,2018-03-01 14:36:04,NA,2,NA,1,1,"S","PARTNTID",NA,NA,4,"sample does not have an associated bay program method code"
"790",999,"GCWD","GCWD.SOUBRAPINCRE0.17","04/15/2012","12:00:00","TDS.1","M1",5259,"CMC","NTWQM",2012-04-15 12:00:00,0.1,"ISM",1,"Water",NA,60,"MG/L",NA,NA,NA,2018-03-01 14:36:54,NA,2,NA,1,1,"S","PARTNTID",NA,NA,4,"sample does not have an associated bay program method code"
"791",999,"GCWD","GCWD.LITKETCRE2.51","03/29/2012","12:00:00","TDS.1","M1",5086,"CMC","NTWQM",2012-03-29 12:00:00,0.1,"ISM",1,"Water",NA,40,"MG/L",NA,NA,NA,2018-03-01 14:36:06,NA,2,NA,1,1,"S","PARTNTID",NA,NA,4,"sample does not have an associated bay program method code"
"792",999,"GCWD","GCWD.SOUBRAPINCRE0.17","05/16/2012","12:00:00","TDS.1","M1",5260,"CMC","NTWQM",2012-05-16 12:00:00,0.1,"ISM",1,"Water",NA,50,"MG/L",NA,NA,NA,2018-03-01 14:36:54,NA,2,NA,1,1,"S","PARTNTID",NA,NA,4,"sample does not have an associated bay program method code"
"793",999,"GCWD","GCWD.LITPHORUN0.02","01/01/2012","12:00:00","TDS.1","M1",5089,"CMC","NTWQM",2012-01-01 12:00:00,0.1,"ISM",1,"Water",NA,50,"MG/L",NA,NA,NA,2018-03-01 14:36:07,NA,2,NA,1,1,"S","PARTNTID",NA,NA,4,"sample does not have an associated bay program method code"
"794",999,"GCWD","GCWD.SOUBRAPINCRE0.17","08/28/2012","12:00:00","TDS.1","M1",5261,"CMC","NTWQM",2012-08-28 12:00:00,0.1,"ISM",1,"Water",NA,100,"MG/L",NA,NA,NA,2018-03-01 14:36:54,NA,2,NA,1,1,"S","PARTNTID",NA,NA,4,"sample does not have an associated bay program method code"
"795",999,"GCWD","GCWD.LITPHORUN0.02","02/23/2012","12:00:00","TDS.1","M1",5090,"CMC","NTWQM",2012-02-23 12:00:00,0.1,"ISM",1,"Water",NA,70,"MG/L",NA,NA,NA,2018-03-01 14:36:07,NA,2,NA,1,1,"S","PARTNTID",NA,NA,4,"sample does not have an associated bay program method code"
"796",999,"GCWD","GCWD.SOUBRAPINCRE0.17","09/21/2012","12:00:00","TDS.1","M1",5262,"CMC","NTWQM",2012-09-21 12:00:00,0.1,"ISM",1,"Water",NA,90,"MG/L",NA,NA,NA,2018-03-01 14:36:54,NA,2,NA,1,1,"S","PARTNTID",NA,NA,4,"sample does not have an associated bay program method code"
"797",999,"GCWD","GCWD.LITPHORUN0.02","03/11/2012","12:00:00","TDS.1","M1",5091,"CMC","NTWQM",2012-03-11 12:00:00,0.1,"ISM",1,"Water",NA,50,"MG/L",NA,NA,NA,2018-03-01 14:36:07,NA,2,NA,1,1,"S","PARTNTID",NA,NA,4,"sample does not have an associated bay program method code"
"798",999,"GCWD","GCWD.SOUBRAPINCRE0.17","11/11/2012","12:00:00","TDS.1","M1",5263,"CMC","NTWQM",2012-11-11 12:00:00,0.1,"ISM",1,"Water",NA,60,"MG/L",NA,NA,NA,2018-03-01 14:36:55,NA,2,NA,1,1,"S","PARTNTID",NA,NA,4,"sample does not have an associated bay program method code"
"799",999,"GCWD","GCWD.LITPHORUN0.02","04/15/2012","12:00:00","TDS.1","M1",5092,"CMC","NTWQM",2012-04-15 12:00:00,0.1,"ISM",1,"Water",NA,80,"MG/L",NA,NA,NA,2018-03-01 14:36:07,NA,2,NA,1,1,"S","PARTNTID",NA,NA,4,"sample does not have an associated bay program method code"
"800",999,"GCWD","GCWD.SOUBRAPINCRE0.17","12/04/2012","12:00:00","TDS.1","M1",5264,"CMC","NTWQM",2012-12-04 12:00:00,0.1,"ISM",1,"Water",NA,60,"MG/L",NA,NA,NA,2018-03-01 14:36:55,NA,2,NA,1,1,"S","PARTNTID",NA,NA,4,"sample does not have an associated bay program method code"
"801",999,"LRA","ALLARM.LT10","02/12/2012","12:00:00","NO3N.3","M1",3156,"CMC","NTWQM",2012-02-12 12:00:00,0.3,"ISM",2,"Water",NA,2.3,"MG/L",NA,NA,NA,2017-10-30 10:34:51,NA,2,NA,1,1,"S","PARTNTID",NA,NA,4,"sample does not have an associated bay program method code"
"802",999,"GCWD","GCWD.LITPHORUN0.02","05/25/2012","12:00:00","TDS.1","M1",5114,"CMC","NTWQM",2012-05-25 12:00:00,0.1,"ISM",1,"Water",NA,90,"MG/L",NA,NA,NA,2018-03-01 14:36:13,NA,2,NA,1,2,"VP","PARTNTID",NA,NA,4,"sample does not have an associated bay program method code"
"803",999,"GCWD","GCWD.LITPHORUN0.02","05/25/2012","12:00:00","TDS.1","M1",5114,"CMC","NTWQM",2012-05-25 12:00:00,0.1,"ISM",1,"Water",NA,90,"MG/L",NA,NA,NA,2018-03-01 14:36:13,NA,2,NA,1,2,"VP","PARTNTID",NA,NA,4,"sample does not have an associated bay program method code"
"804",999,"GCWD","GCWD.SUNBRA0.76","04/26/2012","12:00:00","TDS.1","M1",5280,"CMC","NTWQM",2012-04-26 12:00:00,0.1,"ISM",1,"Water",NA,20,"MG/L",NA,NA,NA,2018-03-01 14:37:00,NA,2,NA,1,1,"S","PARTNTID",NA,NA,4,"sample does not have an associated bay program method code"
"805",999,"GCWD","GCWD.LITPHORUN0.02","05/28/2012","12:00:00","TDS.1","M1",5093,"CMC","NTWQM",2012-05-28 12:00:00,0.1,"ISM",1,"Water",NA,90,"MG/L",NA,NA,NA,2018-03-01 14:36:08,NA,2,NA,1,1,"S","PARTNTID",NA,NA,4,"sample does not have an associated bay program method code"
"806",999,"GCWD","GCWD.SUNBRA0.76","05/06/2012","12:00:00","TDS.1","M1",5281,"CMC","NTWQM",2012-05-06 12:00:00,0.1,"ISM",1,"Water",NA,20,"MG/L",NA,NA,NA,2018-03-01 14:37:00,NA,2,NA,1,1,"S","PARTNTID",NA,NA,4,"sample does not have an associated bay program method code"
"807",999,"GCWD","GCWD.LITPHORUN0.02","06/15/2012","12:00:00","TDS.1","M1",5094,"CMC","NTWQM",2012-06-15 12:00:00,0.1,"ISM",1,"Water",NA,100,"MG/L",NA,NA,NA,2018-03-01 14:36:08,NA,2,NA,1,1,"S","PARTNTID",NA,NA,4,"sample does not have an associated bay program method code"
"808",999,"GCWD","GCWD.SUNBRA0.76","05/23/2012","12:00:00","TDS.1","M1",5282,"CMC","NTWQM",2012-05-23 12:00:00,0.1,"ISM",1,"Water",NA,20,"MG/L",NA,NA,NA,2018-03-01 14:37:01,NA,2,NA,1,1,"S","PARTNTID",NA,NA,4,"sample does not have an associated bay program method code"
"809",999,"GCWD","GCWD.LITPHORUN0.02","08/10/2012","12:00:00","TDS.1","M1",5095,"CMC","NTWQM",2012-08-10 12:00:00,0.1,"ISM",1,"Water",NA,110,"MG/L",NA,NA,NA,2018-03-01 14:36:08,NA,2,NA,1,1,"S","PARTNTID",NA,NA,4,"sample does not have an associated bay program method code"
"810",999,"GCWD","GCWD.SUNBRA0.76","06/22/2012","12:00:00","TDS.1","M1",5283,"CMC","NTWQM",2012-06-22 12:00:00,0.1,"ISM",1,"Water",NA,20,"MG/L",NA,NA,NA,2018-03-01 14:37:01,NA,2,NA,1,1,"S","PARTNTID",NA,NA,4,"sample does not have an associated bay program method code"
"811",999,"GCWD","GCWD.LITPHORUN0.02","09/16/2012","12:00:00","TDS.1","M1",5096,"CMC","NTWQM",2012-09-16 12:00:00,0.1,"ISM",1,"Water",NA,100,"MG/L",NA,NA,NA,2018-03-01 14:36:08,NA,2,NA,1,1,"S","PARTNTID",NA,NA,4,"sample does not have an associated bay program method code"
"812",999,"GCWD","GCWD.SUNBRA0.76","07/07/2012","12:00:00","TDS.1","M1",5284,"CMC","NTWQM",2012-07-07 12:00:00,0.1,"ISM",1,"Water",NA,30,"MG/L",NA,NA,NA,2018-03-01 14:37:01,NA,2,NA,1,1,"S","PARTNTID",NA,NA,4,"sample does not have an associated bay program method code"
"813",999,"GCWD","GCWD.MARCRE0.05","01/01/2012","12:00:00","TDS.1","M1",5116,"CMC","NTWQM",2012-01-01 12:00:00,0.1,"ISM",1,"Water",NA,40,"MG/L",NA,NA,NA,2018-03-01 14:36:14,NA,2,NA,1,1,"S","PARTNTID",NA,NA,4,"sample does not have an associated bay program method code"
"814",999,"GCWD","GCWD.SUNBRA0.76","08/07/2012","12:00:00","TDS.1","M1",5285,"CMC","NTWQM",2012-08-07 12:00:00,0.1,"ISM",1,"Water",NA,30,"MG/L",NA,NA,NA,2018-03-01 14:37:01,NA,2,NA,1,1,"S","PARTNTID",NA,NA,4,"sample does not have an associated bay program method code"
"815",999,"GCWD","GCWD.MARCRE0.05","02/22/2012","12:00:00","TDS.1","M1",5117,"CMC","NTWQM",2012-02-22 12:00:00,0.1,"ISM",1,"Water",NA,50,"MG/L",NA,NA,NA,2018-03-01 14:36:14,NA,2,NA,1,1,"S","PARTNTID",NA,NA,4,"sample does not have an associated bay program method code"
"816",999,"GCWD","GCWD.SUNBRA0.76","08/23/2012","12:00:00","TDS.1","M1",5286,"CMC","NTWQM",2012-08-23 12:00:00,0.1,"ISM",1,"Water",NA,30,"MG/L",NA,NA,NA,2018-03-01 14:37:02,NA,2,NA,1,1,"S","PARTNTID",NA,NA,4,"sample does not have an associated bay program method code"
"817",999,"GCWD","GCWD.MARCRE0.05","04/29/2012","12:00:00","TDS.1","M1",5118,"CMC","NTWQM",2012-04-29 12:00:00,0.1,"ISM",1,"Water",NA,60,"MG/L",NA,NA,NA,2018-03-01 14:36:15,NA,2,NA,1,1,"S","PARTNTID",NA,NA,4,"sample does not have an associated bay program method code"
"818",999,"GCWD","GCWD.SUNBRA0.76","09/17/2012","12:00:00","TDS.1","M1",5287,"CMC","NTWQM",2012-09-17 12:00:00,0.1,"ISM",1,"Water",NA,30,"MG/L",NA,NA,NA,2018-03-01 14:37:02,NA,2,NA,1,1,"S","PARTNTID",NA,NA,4,"sample does not have an associated bay program method code"
"819",999,"GCWD","GCWD.MARCRE0.05","08/19/2012","12:00:00","TDS.1","M1",5119,"CMC","NTWQM",2012-08-19 12:00:00,0.1,"ISM",1,"Water",NA,70,"MG/L",NA,NA,NA,2018-03-01 14:36:15,NA,2,NA,1,1,"S","PARTNTID",NA,NA,4,"sample does not have an associated bay program method code"
"820",999,"GCWD","GCWD.SUNBRA0.76","09/19/2012","12:00:00","TDS.1","M1",5288,"CMC","NTWQM",2012-09-19 12:00:00,0.1,"ISM",1,"Water",NA,30,"MG/L",NA,NA,NA,2018-03-01 14:37:02,NA,2,NA,1,1,"S","PARTNTID",NA,NA,4,"sample does not have an associated bay program method code"
"821",999,"GCWD","GCWD.MARCRE0.05","11/30/2012","12:00:00","TDS.1","M1",5120,"CMC","NTWQM",2012-11-30 12:00:00,0.1,"ISM",1,"Water",NA,60,"MG/L",NA,NA,NA,2018-03-01 14:36:15,NA,2,NA,1,1,"S","PARTNTID",NA,NA,4,"sample does not have an associated bay program method code"
"822",999,"GCWD","GCWD.SUNBRA0.76","10/25/2012","12:00:00","TDS.1","M1",5289,"CMC","NTWQM",2012-10-25 12:00:00,0.1,"ISM",1,"Water",NA,30,"MG/L",NA,NA,NA,2018-03-01 14:37:03,NA,2,NA,1,1,"S","PARTNTID",NA,NA,4,"sample does not have an associated bay program method code"
"823",999,"GCWD","GCWD.NINRUN5.08","07/02/2012","12:00:00","TDS.1","M1",5154,"CMC","NTWQM",2012-07-02 12:00:00,0.1,"ISM",1,"Water",NA,40,"MG/L",NA,NA,NA,2018-03-01 14:36:23,NA,2,NA,1,1,"S","PARTNTID",NA,NA,4,"sample does not have an associated bay program method code"
"824",999,"GCWD","GCWD.MOOHOLRUN0.06","05/17/2012","12:00:00","TDS.1","M1",5129,"CMC","NTWQM",2012-05-17 12:00:00,0.1,"ISM",1,"Water",NA,60,"MG/L",NA,NA,NA,2018-03-01 14:36:17,NA,2,NA,1,1,"S","PARTNTID",NA,NA,4,"sample does not have an associated bay program method code"
"825",999,"LRA","ALLARM.LT10","08/15/2012","12:00:00","TDS.1","M1",3186,"CMC","NTWQM",2012-08-15 12:00:00,0.3,"ISM",1,"Water",NA,250,"MG/L",NA,NA,NA,2017-10-30 10:36:12,NA,2,NA,1,1,"S","PARTNTID",NA,NA,4,"sample does not have an associated bay program method code"
"826",999,"LRA","ALLARM.LT7","06/12/2012","12:00:00","TDS.1","M1",3173,"CMC","NTWQM",2012-06-12 12:00:00,0.3,"ISM",1,"Water",NA,440,"MG/L",NA,NA,NA,2017-10-30 10:35:36,NA,2,NA,1,1,"S","PARTNTID",NA,NA,4,"sample does not have an associated bay program method code"
"827",999,"GCWD","GCWD.GERBRA4.32","04/12/2012","12:00:00","TDS.1","M1",5074,"CMC","NTWQM",2012-04-12 12:00:00,0.1,"ISM",1,"Water",NA,80,"MG/L",NA,NA,NA,2018-03-01 14:36:02,NA,2,NA,1,2,"VP","PARTNTID",NA,NA,4,"sample does not have an associated bay program method code"
"828",999,"GCWD","GCWD.UKW006","01/14/2012","12:00:00","TDS.1","M1",5325,"CMC","NTWQM",2012-01-14 12:00:00,0.1,"ISM",1,"Water",NA,10,"MG/L",NA,NA,NA,2018-03-01 14:37:14,NA,2,NA,1,2,"VP","PARTNTID",NA,NA,4,"sample does not have an associated bay program method code"
"829",999,"GCWD","GCWD.MOOHOLRUN0.06","07/16/2012","12:00:00","TDS.1","M1",5131,"CMC","NTWQM",2012-07-16 12:00:00,0.1,"ISM",1,"Water",NA,100,"MG/L",NA,NA,NA,2018-03-01 14:36:18,NA,2,NA,1,2,"VP","PARTNTID",NA,NA,4,"sample does not have an associated bay program method code"
"830",999,"GCWD","GCWD.UKW006","02/19/2012","12:00:00","TDS.1","M1",5303,"CMC","NTWQM",2012-02-19 12:00:00,0.1,"ISM",1,"Water",NA,20,"MG/L",NA,NA,NA,2018-03-01 14:37:07,NA,2,NA,1,1,"S","PARTNTID",NA,NA,4,"sample does not have an associated bay program method code"
"831",999,"GCWD","GCWD.GERBRA4.32","04/14/2012","12:00:00","TDS.1","M1",5075,"CMC","NTWQM",2012-04-14 12:00:00,0.1,"ISM",1,"Water",NA,80,"MG/L",NA,NA,NA,2018-03-01 14:36:03,NA,2,NA,1,2,"VP","PARTNTID",NA,NA,4,"sample does not have an associated bay program method code"
"832",999,"GCWD","GCWD.MOOHOLRUN0.06","08/16/2012","12:00:00","TDS.1","M1",5132,"CMC","NTWQM",2012-08-16 12:00:00,0.1,"ISM",1,"Water",NA,100,"MG/L",NA,NA,NA,2018-03-01 14:36:18,NA,2,NA,1,1,"S","PARTNTID",NA,NA,4,"sample does not have an associated bay program method code"
"833",999,"LRA","ALLARM.LT7","08/15/2012","12:00:00","TDS.1","M1",3183,"CMC","NTWQM",2012-08-15 12:00:00,0.3,"ISM",1,"Water",NA,340,"MG/L",NA,NA,NA,2017-10-30 10:36:04,NA,2,NA,1,1,"S","PARTNTID",NA,NA,4,"sample does not have an associated bay program method code"
"834",999,"GCWD","GCWD.MOOHOLRUN0.06","09/17/2012","12:00:00","TDS.1","M1",5133,"CMC","NTWQM",2012-09-17 12:00:00,0.1,"ISM",1,"Water",NA,100,"MG/L",NA,NA,NA,2018-03-01 14:36:18,NA,2,NA,1,1,"S","PARTNTID",NA,NA,4,"sample does not have an associated bay program method code"
"835",999,"LRA","ALLARM.LT10","12/04/2012","12:00:00","NO3N.3","M1",3206,"CMC","NTWQM",2012-12-04 12:00:00,0.3,"ISM",2,"Water",NA,3.8,"MG/L",NA,NA,NA,2017-10-30 10:37:06,NA,2,NA,1,1,"S","PARTNTID",NA,NA,4,"sample does not have an associated bay program method code"
"836",999,"GCWD","GCWD.MOOHOLRUN0.06","10/17/2012","12:00:00","TDS.1","M1",5134,"CMC","NTWQM",2012-10-17 12:00:00,0.1,"ISM",1,"Water",NA,100,"MG/L",NA,NA,NA,2018-03-01 14:36:19,NA,2,NA,1,1,"S","PARTNTID",NA,NA,4,"sample does not have an associated bay program method code"
"837",999,"LRA","ALLARM.LT7","10/09/2012","12:00:00","NO3N.3","M1",3193,"CMC","NTWQM",2012-10-09 12:00:00,0.3,"ISM",2,"Water",NA,4.4,"MG/L",NA,NA,NA,2017-10-30 10:36:32,NA,2,NA,1,1,"S","PARTNTID",NA,NA,4,"sample does not have an associated bay program method code"
"838",999,"GCWD","GCWD.MOOHOLRUN0.06","11/15/2012","12:00:00","TDS.1","M1",5135,"CMC","NTWQM",2012-11-15 12:00:00,0.1,"ISM",1,"Water",NA,80,"MG/L",NA,NA,NA,2018-03-01 14:36:19,NA,2,NA,1,1,"S","PARTNTID",NA,NA,4,"sample does not have an associated bay program method code"
"839",999,"LRA","ALLARM.LT4","12/04/2012","12:00:00","NO3N.3","M1",3200,"CMC","NTWQM",2012-12-04 12:00:00,0.3,"ISM",2,"Water",NA,4.6,"MG/L",NA,NA,NA,2017-10-30 10:36:51,NA,2,NA,1,1,"S","PARTNTID",NA,NA,4,"sample does not have an associated bay program method code"
"840",999,"GCWD","GCWD.MOOHOLRUN0.06","12/03/2012","12:00:00","TDS.1","M1",5136,"CMC","NTWQM",2012-12-03 12:00:00,0.1,"ISM",1,"Water",NA,80,"MG/L",NA,NA,NA,2018-03-01 14:36:19,NA,2,NA,1,1,"S","PARTNTID",NA,NA,4,"sample does not have an associated bay program method code"
"841",999,"GCWD","GCWD.PHORUN4.36","02/23/2012","12:00:00","TDS.1","M1",5173,"CMC","NTWQM",2012-02-23 12:00:00,0.1,"ISM",1,"Water",NA,60,"MG/L",NA,NA,NA,2018-03-01 14:36:29,NA,2,NA,1,1,"S","PARTNTID",NA,NA,4,"sample does not have an associated bay program method code"
"842",999,"GCWD","GCWD.NINRUN5.08","04/09/2012","12:00:00","TDS.1","M1",5143,"CMC","NTWQM",2012-04-09 12:00:00,0.1,"ISM",1,"Water",NA,30,"MG/L",NA,NA,NA,2018-03-01 14:36:21,NA,2,NA,1,1,"S","PARTNTID",NA,NA,4,"sample does not have an associated bay program method code"
"843",999,"GCWD","GCWD.PHORUN4.36","03/11/2012","12:00:00","TDS.1","M1",5174,"CMC","NTWQM",2012-03-11 12:00:00,0.1,"ISM",1,"Water",NA,40,"MG/L",NA,NA,NA,2018-03-01 14:36:29,NA,2,NA,1,1,"S","PARTNTID",NA,NA,4,"sample does not have an associated bay program method code"
"844",999,"GCWD","GCWD.UKW006","11/11/2012","12:00:00","TDS.1","M1",5310,"CMC","NTWQM",2012-11-11 12:00:00,0.1,"ISM",1,"Water",NA,20,"MG/L",NA,NA,NA,2018-03-01 14:37:09,NA,2,NA,1,1,"S","PARTNTID",NA,NA,4,"sample does not have an associated bay program method code"
"845",999,"GCWD","GCWD.NINRUN5.08","04/30/2012","12:00:00","TDS.1","M1",5145,"CMC","NTWQM",2012-04-30 12:00:00,0.1,"ISM",1,"Water",NA,30,"MG/L",NA,NA,NA,2018-03-01 14:36:21,NA,2,NA,1,1,"S","PARTNTID",NA,NA,4,"sample does not have an associated bay program method code"
"846",999,"GCWD","GCWD.UKW006","12/04/2012","12:00:00","TDS.1","M1",5311,"CMC","NTWQM",2012-12-04 12:00:00,0.1,"ISM",1,"Water",NA,20,"MG/L",NA,NA,NA,2018-03-01 14:37:10,NA,2,NA,1,1,"S","PARTNTID",NA,NA,4,"sample does not have an associated bay program method code"
"847",999,"GCWD","GCWD.NINRUN5.08","05/07/2012","12:00:00","TDS.1","M1",5146,"CMC","NTWQM",2012-05-07 12:00:00,0.1,"ISM",1,"Water",NA,30,"MG/L",NA,NA,NA,2018-03-01 14:36:22,NA,2,NA,1,1,"S","PARTNTID",NA,NA,4,"sample does not have an associated bay program method code"
"848",999,"GCWD","GCWD.UNTCOWRIV0.33","05/17/2012","12:00:00","TDS.1","M1",5326,"CMC","NTWQM",2012-05-17 12:00:00,0.1,"ISM",1,"Water",NA,50,"MG/L",NA,NA,NA,2018-03-01 14:37:14,NA,2,NA,1,1,"S","PARTNTID",NA,NA,4,"sample does not have an associated bay program method code"
"849",999,"GCWD","GCWD.NINRUN5.08","05/14/2012","12:00:00","TDS.1","M1",5147,"CMC","NTWQM",2012-05-14 12:00:00,0.1,"ISM",1,"Water",NA,30,"MG/L",NA,NA,NA,2018-03-01 14:36:22,NA,2,NA,1,1,"S","PARTNTID",NA,NA,4,"sample does not have an associated bay program method code"
"850",999,"GCWD","GCWD.UNTCOWRIV0.33","06/06/2012","12:00:00","TDS.1","M1",5327,"CMC","NTWQM",2012-06-06 12:00:00,0.1,"ISM",1,"Water",NA,60,"MG/L",NA,NA,NA,2018-03-01 14:37:15,NA,2,NA,1,1,"S","PARTNTID",NA,NA,4,"sample does not have an associated bay program method code"
"851",999,"GCWD","GCWD.NINRUN5.08","05/21/2012","12:00:00","TDS.1","M1",5148,"CMC","NTWQM",2012-05-21 12:00:00,0.1,"ISM",1,"Water",NA,30,"MG/L",NA,NA,NA,2018-03-01 14:36:22,NA,2,NA,1,1,"S","PARTNTID",NA,NA,4,"sample does not have an associated bay program method code"
"852",999,"GCWD","GCWD.UNTCOWRIV0.33","07/16/2012","12:00:00","TDS.1","M1",5328,"CMC","NTWQM",2012-07-16 12:00:00,0.1,"ISM",1,"Water",NA,70,"MG/L",NA,NA,NA,2018-03-01 14:37:15,NA,2,NA,1,1,"S","PARTNTID",NA,NA,4,"sample does not have an associated bay program method code"
"853",999,"GCWD","GCWD.NINRUN5.08","05/29/2012","12:00:00","TDS.1","M1",5149,"CMC","NTWQM",2012-05-29 12:00:00,0.1,"ISM",1,"Water",NA,30,"MG/L",NA,NA,NA,2018-03-01 14:36:22,NA,2,NA,1,1,"S","PARTNTID",NA,NA,4,"sample does not have an associated bay program method code"
"854",999,"GCWD","GCWD.UNTCOWRIV0.33","08/16/2012","12:00:00","TDS.1","M1",5329,"CMC","NTWQM",2012-08-16 12:00:00,0.1,"ISM",1,"Water",NA,80,"MG/L",NA,NA,NA,2018-03-01 14:37:15,NA,2,NA,1,1,"S","PARTNTID",NA,NA,4,"sample does not have an associated bay program method code"
"855",999,"GCWD","GCWD.NINRUN5.08","06/04/2012","12:00:00","TDS.1","M1",5150,"CMC","NTWQM",2012-06-04 12:00:00,0.1,"ISM",1,"Water",NA,40,"MG/L",NA,NA,NA,2018-03-01 14:36:23,NA,2,NA,1,1,"S","PARTNTID",NA,NA,4,"sample does not have an associated bay program method code"
"856",999,"GCWD","GCWD.UNTCOWRIV0.33","09/17/2012","12:00:00","TDS.1","M1",5330,"CMC","NTWQM",2012-09-17 12:00:00,0.1,"ISM",1,"Water",NA,90,"MG/L",NA,NA,NA,2018-03-01 14:37:16,NA,2,NA,1,1,"S","PARTNTID",NA,NA,4,"sample does not have an associated bay program method code"
"857",999,"GCWD","GCWD.NINRUN5.08","06/12/2012","12:00:00","TDS.1","M1",5151,"CMC","NTWQM",2012-06-12 12:00:00,0.1,"ISM",1,"Water",NA,40,"MG/L",NA,NA,NA,2018-03-01 14:36:23,NA,2,NA,1,1,"S","PARTNTID",NA,NA,4,"sample does not have an associated bay program method code"
"858",999,"GCWD","GCWD.UNTCOWRIV0.33","10/17/2012","12:00:00","TDS.1","M1",5331,"CMC","NTWQM",2012-10-17 12:00:00,0.1,"ISM",1,"Water",NA,90,"MG/L",NA,NA,NA,2018-03-01 14:37:16,NA,2,NA,1,1,"S","PARTNTID",NA,NA,4,"sample does not have an associated bay program method code"
"859",999,"GCWD","GCWD.NINRUN5.08","06/18/2012","12:00:00","TDS.1","M1",5152,"CMC","NTWQM",2012-06-18 12:00:00,0.1,"ISM",1,"Water",NA,35,"MG/L",NA,NA,NA,2018-03-01 14:36:23,NA,2,NA,1,1,"S","PARTNTID",NA,NA,4,"sample does not have an associated bay program method code"
"860",999,"GCWD","GCWD.UNTCOWRIV0.33","11/15/2012","12:00:00","TDS.1","M1",5332,"CMC","NTWQM",2012-11-15 12:00:00,0.1,"ISM",1,"Water",NA,70,"MG/L",NA,NA,NA,2018-03-01 14:37:16,NA,2,NA,1,1,"S","PARTNTID",NA,NA,4,"sample does not have an associated bay program method code"
"861",999,"GCWD","GCWD.NINRUN5.08","06/26/2012","12:00:00","TDS.1","M1",5153,"CMC","NTWQM",2012-06-26 12:00:00,0.1,"ISM",1,"Water",NA,35,"MG/L",NA,NA,NA,2018-03-01 14:36:23,NA,2,NA,1,1,"S","PARTNTID",NA,NA,4,"sample does not have an associated bay program method code"
"862",999,"GCWD","GCWD.UNTCOWRIV0.33","12/03/2012","12:00:00","TDS.1","M1",5333,"CMC","NTWQM",2012-12-03 12:00:00,0.1,"ISM",1,"Water",NA,70,"MG/L",NA,NA,NA,2018-03-01 14:37:17,NA,2,NA,1,1,"S","PARTNTID",NA,NA,4,"sample does not have an associated bay program method code"
"863",999,"LRA","ALLARM.LT9","04/12/2012","12:00:00","TDS.1","M1",3165,"CMC","NTWQM",2012-04-12 12:00:00,0.3,"ISM",1,"Water",NA,430,"MG/L",NA,NA,NA,2017-10-30 10:35:16,NA,2,NA,1,1,"S","PARTNTID",NA,NA,4,"sample does not have an associated bay program method code"
"864",999,"GCWD","GCWD.UNTFIRFORSINCRE0.24","01/08/2012","12:00:00","TDS.1","M1",5364,"CMC","NTWQM",2012-01-08 12:00:00,0.1,"ISM",1,"Water",NA,30,"MG/L",NA,NA,NA,2018-03-01 14:37:25,NA,2,NA,1,1,"S","PARTNTID",NA,NA,4,"sample does not have an associated bay program method code"
"865",999,"GCWD","GCWD.NINRUN5.08","07/09/2012","12:00:00","TDS.1","M1",5155,"CMC","NTWQM",2012-07-09 12:00:00,0.1,"ISM",1,"Water",NA,40,"MG/L",NA,NA,NA,2018-03-01 14:36:24,NA,2,NA,1,1,"S","PARTNTID",NA,NA,4,"sample does not have an associated bay program method code"
"866",999,"GCWD","GCWD.UNTFIRFORSINCRE0.24","01/24/2012","12:00:00","TDS.1","M1",5365,"CMC","NTWQM",2012-01-24 12:00:00,0.1,"ISM",1,"Water",NA,30,"MG/L",NA,NA,NA,2018-03-01 14:37:25,NA,2,NA,1,1,"S","PARTNTID",NA,NA,4,"sample does not have an associated bay program method code"
"867",999,"GCWD","GCWD.NINRUN5.08","07/18/2012","12:00:00","TDS.1","M1",5156,"CMC","NTWQM",2012-07-18 12:00:00,0.1,"ISM",1,"Water",NA,40,"MG/L",NA,NA,NA,2018-03-01 14:36:24,NA,2,NA,1,1,"S","PARTNTID",NA,NA,4,"sample does not have an associated bay program method code"
"868",999,"GCWD","GCWD.UNTFIRFORSINCRE0.24","07/10/2012","12:00:00","TDS.1","M1",5366,"CMC","NTWQM",2012-07-10 12:00:00,0.1,"ISM",1,"Water",NA,50,"MG/L",NA,NA,NA,2018-03-01 14:37:26,NA,2,NA,1,1,"S","PARTNTID",NA,NA,4,"sample does not have an associated bay program method code"
"869",999,"GCWD","GCWD.NINRUN5.08","07/23/2012","12:00:00","TDS.1","M1",5157,"CMC","NTWQM",2012-07-23 12:00:00,0.1,"ISM",1,"Water",NA,40,"MG/L",NA,NA,NA,2018-03-01 14:36:24,NA,2,NA,1,1,"S","PARTNTID",NA,NA,4,"sample does not have an associated bay program method code"
"870",999,"GCWD","GCWD.UNTGENFOR1.05","02/23/2012","12:00:00","TDS.1","M1",5367,"CMC","NTWQM",2012-02-23 12:00:00,0.1,"ISM",1,"Water",NA,30,"MG/L",NA,NA,NA,2018-03-01 14:37:26,NA,2,NA,1,1,"S","PARTNTID",NA,NA,4,"sample does not have an associated bay program method code"
"871",999,"GCWD","GCWD.NINRUN5.08","07/30/2012","12:00:00","TDS.1","M1",5158,"CMC","NTWQM",2012-07-30 12:00:00,0.1,"ISM",1,"Water",NA,50,"MG/L",NA,NA,NA,2018-03-01 14:36:24,NA,2,NA,1,1,"S","PARTNTID",NA,NA,4,"sample does not have an associated bay program method code"
"872",999,"LRA","ALLARM.LT8","08/15/2012","12:00:00","NO3N.3","M1",3184,"CMC","NTWQM",2012-08-15 12:00:00,0.3,"ISM",2,"Water",NA,2.2,"MG/L",NA,NA,NA,2017-10-30 10:36:06,NA,2,NA,1,1,"S","PARTNTID",NA,NA,4,"sample does not have an associated bay program method code"
"873",999,"GCWD","GCWD.NORBRACOWRIV0.04","01/01/2012","12:00:00","TDS.1","M1",5160,"CMC","NTWQM",2012-01-01 12:00:00,0.1,"ISM",1,"Water",NA,80,"MG/L",NA,NA,NA,2018-03-01 14:36:25,NA,2,NA,1,1,"S","PARTNTID",NA,NA,4,"sample does not have an associated bay program method code"
"874",999,"LRA","ALLARM.LT5","10/09/2012","12:00:00","NO3N.3","M1",3191,"CMC","NTWQM",2012-10-09 12:00:00,0.3,"ISM",2,"Water",NA,4.6,"MG/L",NA,NA,NA,2017-10-30 10:36:26,NA,2,NA,1,1,"S","PARTNTID",NA,NA,4,"sample does not have an associated bay program method code"
"875",999,"GCWD","GCWD.NORBRACOWRIV0.04","02/22/2012","12:00:00","TDS.1","M1",5161,"CMC","NTWQM",2012-02-22 12:00:00,0.1,"ISM",1,"Water",NA,90,"MG/L",NA,NA,NA,2018-03-01 14:36:25,NA,2,NA,1,1,"S","PARTNTID",NA,NA,4,"sample does not have an associated bay program method code"
"876",999,"LRA","ALLARM.LT6","10/09/2012","12:00:00","NO3N.3","M1",3192,"CMC","NTWQM",2012-10-09 12:00:00,0.3,"ISM",2,"Water",NA,4.5,"MG/L",NA,NA,NA,2017-10-30 10:36:29,NA,2,NA,1,1,"S","PARTNTID",NA,NA,4,"sample does not have an associated bay program method code"
"877",999,"GCWD","GCWD.NORBRACOWRIV0.04","11/30/2012","12:00:00","TDS.1","M1",5162,"CMC","NTWQM",2012-11-30 12:00:00,0.1,"ISM",1,"Water",NA,120,"MG/L",NA,NA,NA,2018-03-01 14:36:25,NA,2,NA,1,1,"S","PARTNTID",NA,NA,4,"sample does not have an associated bay program method code"
"878",999,"LRA","ALLARM.LT1","12/04/2012","12:00:00","TDS.1","M1",3197,"CMC","NTWQM",2012-12-04 12:00:00,0.3,"ISM",1,"Water",NA,380,"MG/L",NA,NA,NA,2017-10-30 10:36:43,NA,2,NA,1,1,"S","PARTNTID",NA,NA,4,"sample does not have an associated bay program method code"
"879",999,"GCWD","GCWD.PHORUN4.36","01/01/2012","12:00:00","TDS.1","M1",5172,"CMC","NTWQM",2012-01-01 12:00:00,0.1,"ISM",1,"Water",NA,40,"MG/L",NA,NA,NA,2018-03-01 14:36:28,NA,2,NA,1,1,"S","PARTNTID",NA,NA,4,"sample does not have an associated bay program method code"
"880",999,"LRA","ALLARM.LT2","12/04/2012","12:00:00","TDS.1","M1",3198,"CMC","NTWQM",2012-12-04 12:00:00,0.3,"ISM",1,"Water",NA,360,"MG/L",NA,NA,NA,2017-10-30 10:36:45,NA,2,NA,1,1,"S","PARTNTID",NA,NA,4,"sample does not have an associated bay program method code"
"881",999,"LRA","ALLARM.LT9","10/09/2012","12:00:00","NO3N.3","M1",3195,"CMC","NTWQM",2012-10-09 12:00:00,0.3,"ISM",2,"Water",NA,3.7,"MG/L",NA,NA,NA,2017-10-30 10:36:38,NA,2,NA,1,1,"S","PARTNTID",NA,NA,4,"sample does not have an associated bay program method code"
"882",999,"LRA","ALLARM.LT8","10/09/2012","12:00:00","TDS.1","M1",3194,"CMC","NTWQM",2012-10-09 12:00:00,0.3,"ISM",1,"Water",NA,420,"MG/L",NA,NA,NA,2017-10-30 10:36:35,NA,2,NA,1,1,"S","PARTNTID",NA,NA,4,"sample does not have an associated bay program method code"
"883",999,"GCWD","GCWD.SUNBRA0.76","04/12/2012","12:00:00","TDS.1","M1",5279,"CMC","NTWQM",2012-04-12 12:00:00,0.1,"ISM",1,"Water",NA,20,"MG/L",NA,NA,NA,2018-03-01 14:37:00,NA,2,NA,1,1,"S","PARTNTID",NA,NA,4,"sample does not have an associated bay program method code"
"884",999,"LRA","ALLARM.LT1","02/12/2012","12:00:00","TDS.1","M1",3147,"CMC","NTWQM",2012-02-12 12:00:00,0.3,"ISM",1,"Water",NA,400,"MG/L",NA,NA,NA,2017-10-30 10:34:27,NA,2,NA,1,1,"S","PARTNTID",NA,NA,4,"sample does not have an associated bay program method code"
"885",999,"LRA","ALLARM.LT10","02/12/2012","12:00:00","TDS.1","M1",3156,"CMC","NTWQM",2012-02-12 12:00:00,0.3,"ISM",1,"Water",NA,470,"MG/L",NA,NA,NA,2017-10-30 10:34:51,NA,2,NA,1,1,"S","PARTNTID",NA,NA,4,"sample does not have an associated bay program method code"
"886",999,"GCWD","GCWD.GERBRA4.32","11/04/2012","12:00:00","TDS.1","M1",4978,"CMC","NTWQM",2012-11-04 12:00:00,0.1,"ISM",1,"Water",NA,65,"MG/L",NA,NA,NA,2018-03-01 14:35:43,NA,2,NA,1,1,"S","PARTNTID",NA,NA,4,"sample does not have an associated bay program method code"
"887",999,"GCWD","GCWD.PHORUN4.36","05/28/2012","12:00:00","TDS.1","M1",5176,"CMC","NTWQM",2012-05-28 12:00:00,0.1,"ISM",1,"Water",NA,70,"MG/L",NA,NA,NA,2018-03-01 14:36:30,NA,2,NA,1,1,"S","PARTNTID",NA,NA,4,"sample does not have an associated bay program method code"
"888",999,"LRA","ALLARM.LT1","04/12/2012","12:00:00","NO3N.3","M1",3157,"CMC","NTWQM",2012-04-12 12:00:00,0.3,"ISM",2,"Water",NA,3.5,"MG/L",NA,NA,NA,2017-10-30 10:34:54,NA,2,NA,1,1,"S","PARTNTID",NA,NA,4,"sample does not have an associated bay program method code"
"889",999,"GCWD","GCWD.PHORUN4.36","06/15/2012","12:00:00","TDS.1","M1",5177,"CMC","NTWQM",2012-06-15 12:00:00,0.1,"ISM",1,"Water",NA,60,"MG/L",NA,NA,NA,2018-03-01 14:36:30,NA,2,NA,1,1,"S","PARTNTID",NA,NA,4,"sample does not have an associated bay program method code"
"890",999,"LRA","ALLARM.LT7","02/12/2012","12:00:00","NO3N.3","M1",3153,"CMC","NTWQM",2012-02-12 12:00:00,0.3,"ISM",2,"Water",NA,2.8,"MG/L",NA,NA,NA,2017-10-30 10:34:42,NA,2,NA,1,1,"S","PARTNTID",NA,NA,4,"sample does not have an associated bay program method code"
"891",999,"GCWD","GCWD.PHORUN4.36","09/16/2012","12:00:00","TDS.1","M1",5178,"CMC","NTWQM",2012-09-16 12:00:00,0.1,"ISM",1,"Water",NA,90,"MG/L",NA,NA,NA,2018-03-01 14:36:30,NA,2,NA,1,1,"S","PARTNTID",NA,NA,4,"sample does not have an associated bay program method code"
"892",999,"LRA","ALLARM.LT10","04/12/2012","12:00:00","TDS.1","M1",3166,"CMC","NTWQM",2012-04-12 12:00:00,0.3,"ISM",1,"Water",NA,430,"MG/L",NA,NA,NA,2017-10-30 10:35:18,NA,2,NA,1,1,"S","PARTNTID",NA,NA,4,"sample does not have an associated bay program method code"
"893",999,"GCWD","GCWD.PHORUN7.54","01/01/2012","12:00:00","TDS.1","M1",5198,"CMC","NTWQM",2012-01-01 12:00:00,0.1,"ISM",1,"Water",NA,40,"MG/L",NA,NA,NA,2018-03-01 14:36:36,NA,2,NA,1,1,"S","PARTNTID",NA,NA,4,"sample does not have an associated bay program method code"
"894",999,"LRA","ALLARM.LT3","04/12/2012","12:00:00","TDS.1","M1",3159,"CMC","NTWQM",2012-04-12 12:00:00,0.3,"ISM",1,"Water",NA,380,"MG/L",NA,NA,NA,2017-10-30 10:35:00,NA,2,NA,1,1,"S","PARTNTID",NA,NA,4,"sample does not have an associated bay program method code"
"895",999,"GCWD","GCWD.PHORUN7.54","02/23/2012","12:00:00","TDS.1","M1",5199,"CMC","NTWQM",2012-02-23 12:00:00,0.1,"ISM",1,"Water",NA,60,"MG/L",NA,NA,NA,2018-03-01 14:36:36,NA,2,NA,1,1,"S","PARTNTID",NA,NA,4,"sample does not have an associated bay program method code"
"896",999,"LRA","ALLARM.LT9","02/12/2012","12:00:00","TDS.1","M1",3155,"CMC","NTWQM",2012-02-12 12:00:00,0.3,"ISM",1,"Water",NA,450,"MG/L",NA,NA,NA,2017-10-30 10:34:48,NA,2,NA,1,1,"S","PARTNTID",NA,NA,4,"sample does not have an associated bay program method code"
"897",999,"GCWD","GCWD.PHORUN7.54","03/11/2012","12:00:00","TDS.1","M1",5200,"CMC","NTWQM",2012-03-11 12:00:00,0.1,"ISM",1,"Water",NA,40,"MG/L",NA,NA,NA,2018-03-01 14:36:36,NA,2,NA,1,1,"S","PARTNTID",NA,NA,4,"sample does not have an associated bay program method code"
"898",999,"LRA","ALLARM.LT1","06/12/2012","12:00:00","TDS.1","M1",3167,"CMC","NTWQM",2012-06-12 12:00:00,0.3,"ISM",1,"Water",NA,420,"MG/L",NA,NA,NA,2017-10-30 10:35:21,NA,2,NA,1,1,"S","PARTNTID",NA,NA,4,"sample does not have an associated bay program method code"
"899",999,"GCWD","GCWD.PHORUN7.54","04/15/2012","12:00:00","TDS.1","M1",5201,"CMC","NTWQM",2012-04-15 12:00:00,0.1,"ISM",1,"Water",NA,60,"MG/L",NA,NA,NA,2018-03-01 14:36:37,NA,2,NA,1,1,"S","PARTNTID",NA,NA,4,"sample does not have an associated bay program method code"
"900",999,"LRA","ALLARM.LT9","04/12/2012","12:00:00","NO3N.3","M1",3165,"CMC","NTWQM",2012-04-12 12:00:00,0.3,"ISM",2,"Water",NA,2.9,"MG/L",NA,NA,NA,2017-10-30 10:35:16,NA,2,NA,1,1,"S","PARTNTID",NA,NA,4,"sample does not have an associated bay program method code"
"901",999,"GCWD","GCWD.PHORUN7.54","05/28/2012","12:00:00","TDS.1","M1",5202,"CMC","NTWQM",2012-05-28 12:00:00,0.1,"ISM",1,"Water",NA,70,"MG/L",NA,NA,NA,2018-03-01 14:36:37,NA,2,NA,1,1,"S","PARTNTID",NA,NA,4,"sample does not have an associated bay program method code"
"902",999,"LRA","ALLARM.LT6","06/12/2012","12:00:00","NO3N.3","M1",3172,"CMC","NTWQM",2012-06-12 12:00:00,0.3,"ISM",2,"Water",NA,4.1,"MG/L",NA,NA,NA,2017-10-30 10:35:33,NA,2,NA,1,1,"S","PARTNTID",NA,NA,4,"sample does not have an associated bay program method code"
"903",999,"LRA","ALLARM.LT10","08/15/2012","12:00:00","NO3N.3","M1",3186,"CMC","NTWQM",2012-08-15 12:00:00,0.3,"ISM",2,"Water",NA,1.4,"MG/L",NA,NA,NA,2017-10-30 10:36:12,NA,2,NA,1,1,"S","PARTNTID",NA,NA,4,"sample does not have an associated bay program method code"
"904",999,"LRA","ALLARM.LT2","08/15/2012","12:00:00","NO3N.3","M1",3178,"CMC","NTWQM",2012-08-15 12:00:00,0.3,"ISM",2,"Water",NA,4,"MG/L",NA,NA,NA,2017-10-30 10:35:50,NA,2,NA,1,1,"S","PARTNTID",NA,NA,4,"sample does not have an associated bay program method code"
"905",999,"LRA","ALLARM.LT1","08/15/2012","12:00:00","TDS.1","M1",3177,"CMC","NTWQM",2012-08-15 12:00:00,0.3,"ISM",1,"Water",NA,390,"MG/L",NA,NA,NA,2017-10-30 10:35:47,NA,2,NA,1,1,"S","PARTNTID",NA,NA,4,"sample does not have an associated bay program method code"
"906",999,"LRA","ALLARM.LT4","08/15/2012","12:00:00","NO3N.3","M1",3180,"CMC","NTWQM",2012-08-15 12:00:00,0.3,"ISM",2,"Water",NA,3.1,"MG/L",NA,NA,NA,2017-10-30 10:35:55,NA,2,NA,1,1,"S","PARTNTID",NA,NA,4,"sample does not have an associated bay program method code"
"907",999,"LRA","ALLARM.LT9","06/12/2012","12:00:00","NO3N.3","M1",3175,"CMC","NTWQM",2012-06-12 12:00:00,0.3,"ISM",2,"Water",NA,2.4,"MG/L",NA,NA,NA,2017-10-30 10:35:41,NA,2,NA,1,1,"S","PARTNTID",NA,NA,4,"sample does not have an associated bay program method code"
"908",999,"LRA","ALLARM.LT3","08/15/2012","12:00:00","TDS.1","M1",3179,"CMC","NTWQM",2012-08-15 12:00:00,0.3,"ISM",1,"Water",NA,360,"MG/L",NA,NA,NA,2017-10-30 10:35:52,NA,2,NA,1,1,"S","PARTNTID",NA,NA,4,"sample does not have an associated bay program method code"
"909",999,"LRA","ALLARM.LT1","10/09/2012","12:00:00","NO3N.3","M1",3187,"CMC","NTWQM",2012-10-09 12:00:00,0.3,"ISM",2,"Water",NA,4.5,"MG/L",NA,NA,NA,2017-10-30 10:36:15,NA,2,NA,1,1,"S","PARTNTID",NA,NA,4,"sample does not have an associated bay program method code"
"910",999,"LRA","ALLARM.LT9","06/12/2012","12:00:00","TDS.1","M1",3175,"CMC","NTWQM",2012-06-12 12:00:00,0.3,"ISM",1,"Water",NA,450,"MG/L",NA,NA,NA,2017-10-30 10:35:41,NA,2,NA,1,1,"S","PARTNTID",NA,NA,4,"sample does not have an associated bay program method code"
"911",999,"LRA","ALLARM.LT1","10/09/2012","12:00:00","TDS.1","M1",3187,"CMC","NTWQM",2012-10-09 12:00:00,0.3,"ISM",1,"Water",NA,360,"MG/L",NA,NA,NA,2017-10-30 10:36:15,NA,2,NA,1,1,"S","PARTNTID",NA,NA,4,"sample does not have an associated bay program method code"
"912",999,"LRA","ALLARM.LT3","10/09/2012","12:00:00","NO3N.3","M1",3189,"CMC","NTWQM",2012-10-09 12:00:00,0.3,"ISM",2,"Water",NA,4.8,"MG/L",NA,NA,NA,2017-10-30 10:36:21,NA,2,NA,1,1,"S","PARTNTID",NA,NA,4,"sample does not have an associated bay program method code"
"913",999,"GCWD","GCWD.UKW006","03/31/2012","12:00:00","TDS.1","M1",5304,"CMC","NTWQM",2012-03-31 12:00:00,0.1,"ISM",1,"Water",NA,10,"MG/L",NA,NA,NA,2018-03-01 14:37:07,NA,2,NA,1,1,"S","PARTNTID",NA,NA,4,"sample does not have an associated bay program method code"
"914",999,"LRA","ALLARM.LT9","08/15/2012","12:00:00","NO3N.3","M1",3185,"CMC","NTWQM",2012-08-15 12:00:00,0.3,"ISM",2,"Water",NA,1.5,"MG/L",NA,NA,NA,2017-10-30 10:36:09,NA,2,NA,1,1,"S","PARTNTID",NA,NA,4,"sample does not have an associated bay program method code"
"915",999,"LRA","ALLARM.LT1","12/04/2012","12:00:00","NO3N.3","M1",3197,"CMC","NTWQM",2012-12-04 12:00:00,0.3,"ISM",2,"Water",NA,4.4,"MG/L",NA,NA,NA,2017-10-30 10:36:43,NA,2,NA,1,1,"S","PARTNTID",NA,NA,4,"sample does not have an associated bay program method code"
"916",999,"LRA","ALLARM.LT4","10/09/2012","12:00:00","TDS.1","M1",3190,"CMC","NTWQM",2012-10-09 12:00:00,0.3,"ISM",1,"Water",NA,390,"MG/L",NA,NA,NA,2017-10-30 10:36:23,NA,2,NA,1,1,"S","PARTNTID",NA,NA,4,"sample does not have an associated bay program method code"
"917",999,"LRA","ALLARM.LT9","08/15/2012","12:00:00","TDS.1","M1",3185,"CMC","NTWQM",2012-08-15 12:00:00,0.3,"ISM",1,"Water",NA,260,"MG/L",NA,NA,NA,2017-10-30 10:36:09,NA,2,NA,1,1,"S","PARTNTID",NA,NA,4,"sample does not have an associated bay program method code"
"918",999,"GCWD","GCWD.WILBOYRUN0.49","01/06/2012","12:00:00","TDS.1","M1",5401,"CMC","NTWQM",2012-01-06 12:00:00,0.1,"ISM",1,"Water",NA,20,"MG/L",NA,NA,NA,2018-03-01 14:37:39,NA,2,NA,1,1,"S","PARTNTID",NA,NA,4,"sample does not have an associated bay program method code"
"919",999,"LRA","ALLARM.LT3","12/04/2012","12:00:00","NO3N.3","M1",3199,"CMC","NTWQM",2012-12-04 12:00:00,0.3,"ISM",2,"Water",NA,4.6,"MG/L",NA,NA,NA,2017-10-30 10:36:48,NA,2,NA,1,1,"S","PARTNTID",NA,NA,4,"sample does not have an associated bay program method code"
"920",999,"GCWD","GCWD.WILBOYRUN0.49","02/03/2012","12:00:00","TDS.1","M1",5402,"CMC","NTWQM",2012-02-03 12:00:00,0.1,"ISM",1,"Water",NA,20,"MG/L",NA,NA,NA,2018-03-01 14:37:39,NA,2,NA,1,1,"S","PARTNTID",NA,NA,4,"sample does not have an associated bay program method code"
"921",999,"GCWD","GCWD.UKW006","08/28/2012","12:00:00","TDS.1","M1",5308,"CMC","NTWQM",2012-08-28 12:00:00,0.1,"ISM",1,"Water",NA,20,"MG/L",NA,NA,NA,2018-03-01 14:37:09,NA,2,NA,1,1,"S","PARTNTID",NA,NA,4,"sample does not have an associated bay program method code"
"922",999,"LRA","ALLARM.LT3","12/04/2012","12:00:00","TDS.1","M1",3199,"CMC","NTWQM",2012-12-04 12:00:00,0.3,"ISM",1,"Water",NA,390,"MG/L",NA,NA,NA,2017-10-30 10:36:48,NA,2,NA,1,1,"S","PARTNTID",NA,NA,4,"sample does not have an associated bay program method code"
"923",999,"GCWD","GCWD.UKW006","09/21/2012","12:00:00","TDS.1","M1",5309,"CMC","NTWQM",2012-09-21 12:00:00,0.1,"ISM",1,"Water",NA,20,"MG/L",NA,NA,NA,2018-03-01 14:37:09,NA,2,NA,1,1,"S","PARTNTID",NA,NA,4,"sample does not have an associated bay program method code"
"924",999,"LRA","ALLARM.LT9","10/09/2012","12:00:00","TDS.1","M1",3195,"CMC","NTWQM",2012-10-09 12:00:00,0.3,"ISM",1,"Water",NA,450,"MG/L",NA,NA,NA,2017-10-30 10:36:38,NA,2,NA,1,1,"S","PARTNTID",NA,NA,4,"sample does not have an associated bay program method code"
"925",999,"LRA","ALLARM.LT7","12/04/2012","12:00:00","NO3N.3","M1",3203,"CMC","NTWQM",2012-12-04 12:00:00,0.3,"ISM",2,"Water",NA,3.5,"MG/L",NA,NA,NA,2017-10-30 10:36:58,NA,2,NA,1,1,"S","PARTNTID",NA,NA,4,"sample does not have an associated bay program method code"
"926",999,"LRA","ALLARM.LT4","02/12/2012","12:00:00","NO3N.3","M1",3150,"CMC","NTWQM",2012-02-12 12:00:00,0.3,"ISM",2,"Water",NA,3.7,"MG/L",NA,NA,NA,2017-10-30 10:34:35,NA,2,NA,1,1,"S","PARTNTID",NA,NA,4,"sample does not have an associated bay program method code"
"927",999,"LRA","ALLARM.LT5","02/12/2012","12:00:00","NO3N.3","M1",3151,"CMC","NTWQM",2012-02-12 12:00:00,0.3,"ISM",2,"Water",NA,4.9,"MG/L",NA,NA,NA,2017-10-30 10:34:37,NA,2,NA,1,1,"S","PARTNTID",NA,NA,4,"sample does not have an associated bay program method code"
"928",999,"LRA","ALLARM.LT9","12/04/2012","12:00:00","NO3N.3","M1",3205,"CMC","NTWQM",2012-12-04 12:00:00,0.3,"ISM",2,"Water",NA,4.1,"MG/L",NA,NA,NA,2017-10-30 10:37:04,NA,2,NA,1,1,"S","PARTNTID",NA,NA,4,"sample does not have an associated bay program method code"
"929",999,"LRA","ALLARM.LT10","04/12/2012","12:00:00","NO3N.3","M1",3166,"CMC","NTWQM",2012-04-12 12:00:00,0.3,"ISM",2,"Water",NA,3,"MG/L",NA,NA,NA,2017-10-30 10:35:18,NA,2,NA,1,1,"S","PARTNTID",NA,NA,4,"sample does not have an associated bay program method code"
"930",999,"LRA","ALLARM.LT2","04/12/2012","12:00:00","NO3N.3","M1",3158,"CMC","NTWQM",2012-04-12 12:00:00,0.3,"ISM",2,"Water",NA,4.1,"MG/L",NA,NA,NA,2017-10-30 10:34:57,NA,2,NA,1,1,"S","PARTNTID",NA,NA,4,"sample does not have an associated bay program method code"
"931",999,"LRA","ALLARM.LT9","12/04/2012","12:00:00","TDS.1","M1",3205,"CMC","NTWQM",2012-12-04 12:00:00,0.3,"ISM",1,"Water",NA,430,"MG/L",NA,NA,NA,2017-10-30 10:37:04,NA,2,NA,1,1,"S","PARTNTID",NA,NA,4,"sample does not have an associated bay program method code"
"932",999,"LRA","ALLARM.LT8","02/12/2012","12:00:00","NO3N.3","M1",3154,"CMC","NTWQM",2012-02-12 12:00:00,0.3,"ISM",2,"Water",NA,3.3,"MG/L",NA,NA,NA,2017-10-30 10:34:45,NA,2,NA,1,1,"S","PARTNTID",NA,NA,4,"sample does not have an associated bay program method code"
"933",999,"LRA","ALLARM.LT4","04/12/2012","12:00:00","NO3N.3","M1",3160,"CMC","NTWQM",2012-04-12 12:00:00,0.3,"ISM",2,"Water",NA,3.4,"MG/L",NA,NA,NA,2017-10-30 10:35:03,NA,2,NA,1,1,"S","PARTNTID",NA,NA,4,"sample does not have an associated bay program method code"
"934",999,"LRA","ALLARM.LT5","04/12/2012","12:00:00","NO3N.3","M1",3161,"CMC","NTWQM",2012-04-12 12:00:00,0.3,"ISM",2,"Water",NA,3.5,"MG/L",NA,NA,NA,2017-10-30 10:35:05,NA,2,NA,1,1,"S","PARTNTID",NA,NA,4,"sample does not have an associated bay program method code"
"935",999,"LRA","ALLARM.LT8","02/12/2012","12:00:00","TDS.1","M1",3154,"CMC","NTWQM",2012-02-12 12:00:00,0.3,"ISM",1,"Water",NA,440,"MG/L",NA,NA,NA,2017-10-30 10:34:45,NA,2,NA,1,1,"S","PARTNTID",NA,NA,4,"sample does not have an associated bay program method code"
"936",999,"LRA","ALLARM.LT10","06/12/2012","12:00:00","NO3N.3","M1",3176,"CMC","NTWQM",2012-06-12 12:00:00,0.3,"ISM",2,"Water",NA,3.2,"MG/L",NA,NA,NA,2017-10-30 10:35:44,NA,2,NA,1,1,"S","PARTNTID",NA,NA,4,"sample does not have an associated bay program method code"
"937",999,"LRA","ALLARM.LT7","04/12/2012","12:00:00","NO3N.3","M1",3163,"CMC","NTWQM",2012-04-12 12:00:00,0.3,"ISM",2,"Water",NA,2.5,"MG/L",NA,NA,NA,2017-10-30 10:35:10,NA,2,NA,1,1,"S","PARTNTID",NA,NA,4,"sample does not have an associated bay program method code"
"938",999,"LRA","ALLARM.LT5","04/12/2012","12:00:00","TDS.1","M1",3161,"CMC","NTWQM",2012-04-12 12:00:00,0.3,"ISM",1,"Water",NA,390,"MG/L",NA,NA,NA,2017-10-30 10:35:05,NA,2,NA,1,1,"S","PARTNTID",NA,NA,4,"sample does not have an associated bay program method code"
"939",999,"LRA","ALLARM.LT10","06/12/2012","12:00:00","TDS.1","M1",3176,"CMC","NTWQM",2012-06-12 12:00:00,0.3,"ISM",1,"Water",NA,510,"MG/L",NA,NA,NA,2017-10-30 10:35:44,NA,2,NA,1,1,"S","PARTNTID",NA,NA,4,"sample does not have an associated bay program method code"
"940",999,"LRA","ALLARM.LT4","06/12/2012","12:00:00","NO3N.3","M1",3170,"CMC","NTWQM",2012-06-12 12:00:00,0.3,"ISM",2,"Water",NA,4.3,"MG/L",NA,NA,NA,2017-10-30 10:35:28,NA,2,NA,1,1,"S","PARTNTID",NA,NA,4,"sample does not have an associated bay program method code"
"941",999,"LRA","ALLARM.LT5","06/12/2012","12:00:00","NO3N.3","M1",3171,"CMC","NTWQM",2012-06-12 12:00:00,0.3,"ISM",2,"Water",NA,3.4,"MG/L",NA,NA,NA,2017-10-30 10:35:31,NA,2,NA,1,1,"S","PARTNTID",NA,NA,4,"sample does not have an associated bay program method code"
"942",999,"LRA","ALLARM.LT4","06/12/2012","12:00:00","TDS.1","M1",3170,"CMC","NTWQM",2012-06-12 12:00:00,0.3,"ISM",1,"Water",NA,410,"MG/L",NA,NA,NA,2017-10-30 10:35:28,NA,2,NA,1,1,"S","PARTNTID",NA,NA,4,"sample does not have an associated bay program method code"
"943",999,"GCWD","GCWD.WESBRAPINCRE14.64","03/31/2012","12:00:00","TDS.1","M1",5374,"CMC","NTWQM",2012-03-31 12:00:00,0.1,"ISM",1,"Water",NA,30,"MG/L",NA,NA,NA,2018-03-01 14:37:29,NA,2,NA,1,1,"S","PARTNTID",NA,NA,4,"sample does not have an associated bay program method code"
"944",999,"GCWD","GCWD.UKW006","05/08/2012","12:00:00","TDS.1","M1",5306,"CMC","NTWQM",2012-05-08 12:00:00,0.1,"ISM",1,"Water",NA,10,"MG/L",NA,NA,NA,2018-03-01 14:37:08,NA,2,NA,1,1,"S","PARTNTID",NA,NA,4,"sample does not have an associated bay program method code"
"945",999,"GCWD","GCWD.SUNBRA0.76","11/28/2012","12:00:00","TDS.1","M1",5290,"CMC","NTWQM",2012-11-28 12:00:00,0.1,"ISM",1,"Water",NA,10,"MG/L",NA,NA,NA,2018-03-01 14:37:03,NA,2,NA,1,1,"S","PARTNTID",NA,NA,4,"sample does not have an associated bay program method code"
"946",999,"LRA","ALLARM.LT8","06/12/2012","12:00:00","NO3N.3","M1",3174,"CMC","NTWQM",2012-06-12 12:00:00,0.3,"ISM",2,"Water",NA,2.9,"MG/L",NA,NA,NA,2017-10-30 10:35:38,NA,2,NA,1,1,"S","PARTNTID",NA,NA,4,"sample does not have an associated bay program method code"
"947",999,"LRA","ALLARM.LT2","08/15/2012","12:00:00","TDS.1","M1",3178,"CMC","NTWQM",2012-08-15 12:00:00,0.3,"ISM",1,"Water",NA,360,"MG/L",NA,NA,NA,2017-10-30 10:35:50,NA,2,NA,1,1,"S","PARTNTID",NA,NA,4,"sample does not have an associated bay program method code"
"948",999,"GCWD","GCWD.UKW006","01/14/2012","12:00:00","TDS.1","M1",5325,"CMC","NTWQM",2012-01-14 12:00:00,0.1,"ISM",1,"Water",NA,10,"MG/L",NA,NA,NA,2018-03-01 14:37:14,NA,2,NA,1,2,"VP","PARTNTID",NA,NA,4,"sample does not have an associated bay program method code"
"949",999,"LRA","ALLARM.LT4","08/15/2012","12:00:00","TDS.1","M1",3180,"CMC","NTWQM",2012-08-15 12:00:00,0.3,"ISM",1,"Water",NA,350,"MG/L",NA,NA,NA,2017-10-30 10:35:55,NA,2,NA,1,1,"S","PARTNTID",NA,NA,4,"sample does not have an associated bay program method code"
"950",999,"LRA","ALLARM.LT10","10/09/2012","12:00:00","NO3N.3","M1",3196,"CMC","NTWQM",2012-10-09 12:00:00,0.3,"ISM",2,"Water",NA,3.8,"MG/L",NA,NA,NA,2017-10-30 10:36:40,NA,2,NA,1,1,"S","PARTNTID",NA,NA,4,"sample does not have an associated bay program method code"
"951",999,"LRA","ALLARM.LT7","08/15/2012","12:00:00","NO3N.3","M1",3183,"CMC","NTWQM",2012-08-15 12:00:00,0.3,"ISM",2,"Water",NA,2,"MG/L",NA,NA,NA,2017-10-30 10:36:04,NA,2,NA,1,1,"S","PARTNTID",NA,NA,4,"sample does not have an associated bay program method code"
"952",999,"LRA","ALLARM.LT10","10/09/2012","12:00:00","TDS.1","M1",3196,"CMC","NTWQM",2012-10-09 12:00:00,0.3,"ISM",1,"Water",NA,460,"MG/L",NA,NA,NA,2017-10-30 10:36:40,NA,2,NA,1,1,"S","PARTNTID",NA,NA,4,"sample does not have an associated bay program method code"
"953",999,"LRA","ALLARM.LT6","08/15/2012","12:00:00","TDS.1","M1",3182,"CMC","NTWQM",2012-08-15 12:00:00,0.3,"ISM",1,"Water",NA,340,"MG/L",NA,NA,NA,2017-10-30 10:36:01,NA,2,NA,1,1,"S","PARTNTID",NA,NA,4,"sample does not have an associated bay program method code"
"954",999,"GCWD","GCWD.WESBRAPINCRE14.64","02/19/2012","12:00:00","TDS.1","M1",5373,"CMC","NTWQM",2012-02-19 12:00:00,0.1,"ISM",1,"Water",NA,10,"MG/L",NA,NA,NA,2018-03-01 14:37:29,NA,2,NA,1,1,"S","PARTNTID",NA,NA,4,"sample does not have an associated bay program method code"
"955",999,"GCWD","GCWD.UKW006","04/12/2012","12:00:00","TDS.1","M1",5305,"CMC","NTWQM",2012-04-12 12:00:00,0.1,"ISM",1,"Water",NA,20,"MG/L",NA,NA,NA,2018-03-01 14:37:08,NA,2,NA,1,1,"S","PARTNTID",NA,NA,4,"sample does not have an associated bay program method code"
"956",999,"LRA","ALLARM.LT6","02/12/2012","12:00:00","NO3N.3","M1",3152,"CMC","NTWQM",2012-02-12 12:00:00,0.3,"ISM",2,"Water",NA,3.2,"MG/L",NA,NA,NA,2017-10-30 10:34:40,NA,2,NA,1,1,"S","PARTNTID",NA,NA,4,"sample does not have an associated bay program method code"
"957",999,"LRA","ALLARM.LT8","12/04/2012","12:00:00","TDS.1","M1",3204,"CMC","NTWQM",2012-12-04 12:00:00,0.3,"ISM",1,"Water",NA,410,"MG/L",NA,NA,NA,2017-10-30 10:37:01,NA,2,NA,1,1,"S","PARTNTID",NA,NA,4,"sample does not have an associated bay program method code"
"958",999,"LRA","ALLARM.LT5","02/12/2012","12:00:00","TDS.1","M1",3151,"CMC","NTWQM",2012-02-12 12:00:00,0.3,"ISM",1,"Water",NA,410,"MG/L",NA,NA,NA,2017-10-30 10:34:37,NA,2,NA,1,1,"S","PARTNTID",NA,NA,4,"sample does not have an associated bay program method code"
"959",999,"GCWD","GCWD.UKW006","05/16/2012","12:00:00","TDS.1","M1",5307,"CMC","NTWQM",2012-05-16 12:00:00,0.1,"ISM",1,"Water",NA,15,"MG/L",NA,NA,NA,2018-03-01 14:37:08,NA,2,NA,1,1,"S","PARTNTID",NA,NA,4,"sample does not have an associated bay program method code"
"960",999,"LRA","ALLARM.LT6","10/09/2012","12:00:00","TDS.1","M1",3192,"CMC","NTWQM",2012-10-09 12:00:00,0.3,"ISM",1,"Water",NA,390,"MG/L",NA,NA,NA,2017-10-30 10:36:29,NA,2,NA,1,1,"S","PARTNTID",NA,NA,4,"sample does not have an associated bay program method code"
"961",999,"LRA","ALLARM.LT8","10/09/2012","12:00:00","NO3N.3","M1",3194,"CMC","NTWQM",2012-10-09 12:00:00,0.3,"ISM",2,"Water",NA,4.5,"MG/L",NA,NA,NA,2017-10-30 10:36:35,NA,2,NA,1,1,"S","PARTNTID",NA,NA,4,"sample does not have an associated bay program method code"
"962",999,"LRA","ALLARM.LT1","02/12/2012","12:00:00","NO3N.3","M1",3147,"CMC","NTWQM",2012-02-12 12:00:00,0.3,"ISM",2,"Water",NA,3.2,"MG/L",NA,NA,NA,2017-10-30 10:34:27,NA,2,NA,1,1,"S","PARTNTID",NA,NA,4,"sample does not have an associated bay program method code"
"963",999,"LRA","ALLARM.LT5","12/04/2012","12:00:00","NO3N.3","M1",3201,"CMC","NTWQM",2012-12-04 12:00:00,0.3,"ISM",2,"Water",NA,4.5,"MG/L",NA,NA,NA,2017-10-30 10:36:53,NA,2,NA,1,1,"S","PARTNTID",NA,NA,4,"sample does not have an associated bay program method code"
"964",999,"LRA","ALLARM.LT6","12/04/2012","12:00:00","NO3N.3","M1",3202,"CMC","NTWQM",2012-12-04 12:00:00,0.3,"ISM",2,"Water",NA,4.8,"MG/L",NA,NA,NA,2017-10-30 10:36:56,NA,2,NA,1,1,"S","PARTNTID",NA,NA,4,"sample does not have an associated bay program method code"
"965",999,"LRA","ALLARM.LT3","02/12/2012","12:00:00","NO3N.3","M1",3149,"CMC","NTWQM",2012-02-12 12:00:00,0.3,"ISM",2,"Water",NA,4.1,"MG/L",NA,NA,NA,2017-10-30 10:34:32,NA,2,NA,1,1,"S","PARTNTID",NA,NA,4,"sample does not have an associated bay program method code"
"966",999,"LRA","ALLARM.LT2","02/12/2012","12:00:00","TDS.1","M1",3148,"CMC","NTWQM",2012-02-12 12:00:00,0.3,"ISM",1,"Water",NA,390,"MG/L",NA,NA,NA,2017-10-30 10:34:30,NA,2,NA,1,1,"S","PARTNTID",NA,NA,4,"sample does not have an associated bay program method code"
"967",999,"LRA","ALLARM.LT8","12/04/2012","12:00:00","NO3N.3","M1",3204,"CMC","NTWQM",2012-12-04 12:00:00,0.3,"ISM",2,"Water",NA,4.2,"MG/L",NA,NA,NA,2017-10-30 10:37:01,NA,2,NA,1,1,"S","PARTNTID",NA,NA,4,"sample does not have an associated bay program method code"
"968",999,"LRA","ALLARM.LT7","12/04/2012","12:00:00","TDS.1","M1",3203,"CMC","NTWQM",2012-12-04 12:00:00,0.3,"ISM",1,"Water",NA,300,"MG/L",NA,NA,NA,2017-10-30 10:36:58,NA,2,NA,1,1,"S","PARTNTID",NA,NA,4,"sample does not have an associated bay program method code"
"969",999,"LRA","ALLARM.LT8","04/12/2012","12:00:00","TDS.1","M1",3164,"CMC","NTWQM",2012-04-12 12:00:00,0.3,"ISM",1,"Water",NA,410,"MG/L",NA,NA,NA,2017-10-30 10:35:13,NA,2,NA,1,1,"S","PARTNTID",NA,NA,4,"sample does not have an associated bay program method code"
"970",999,"LRA","ALLARM.LT3","10/09/2012","12:00:00","TDS.1","M1",3189,"CMC","NTWQM",2012-10-09 12:00:00,0.3,"ISM",1,"Water",NA,360,"MG/L",NA,NA,NA,2017-10-30 10:36:21,NA,2,NA,1,1,"S","PARTNTID",NA,NA,4,"sample does not have an associated bay program method code"
"971",999,"LRA","ALLARM.LT8","08/15/2012","12:00:00","TDS.1","M1",3184,"CMC","NTWQM",2012-08-15 12:00:00,0.3,"ISM",1,"Water",NA,340,"MG/L",NA,NA,NA,2017-10-30 10:36:06,NA,2,NA,1,1,"S","PARTNTID",NA,NA,4,"sample does not have an associated bay program method code"
"972",999,"LRA","ALLARM.LT1","04/12/2012","12:00:00","TDS.1","M1",3157,"CMC","NTWQM",2012-04-12 12:00:00,0.3,"ISM",1,"Water",NA,380,"MG/L",NA,NA,NA,2017-10-30 10:34:54,NA,2,NA,1,1,"S","PARTNTID",NA,NA,4,"sample does not have an associated bay program method code"
"973",999,"LRA","ALLARM.LT2","04/12/2012","12:00:00","TDS.1","M1",3158,"CMC","NTWQM",2012-04-12 12:00:00,0.3,"ISM",1,"Water",NA,370,"MG/L",NA,NA,NA,2017-10-30 10:34:57,NA,2,NA,1,1,"S","PARTNTID",NA,NA,4,"sample does not have an associated bay program method code"
"974",999,"LRA","ALLARM.LT9","02/12/2012","12:00:00","NO3N.3","M1",3155,"CMC","NTWQM",2012-02-12 12:00:00,0.3,"ISM",2,"Water",NA,3.1,"MG/L",NA,NA,NA,2017-10-30 10:34:48,NA,2,NA,1,1,"S","PARTNTID",NA,NA,4,"sample does not have an associated bay program method code"
"975",999,"LRA","ALLARM.LT5","08/15/2012","12:00:00","NO3N.3","M1",3181,"CMC","NTWQM",2012-08-15 12:00:00,0.3,"ISM",2,"Water",NA,2.8,"MG/L",NA,NA,NA,2017-10-30 10:35:58,NA,2,NA,1,1,"S","PARTNTID",NA,NA,4,"sample does not have an associated bay program method code"
"976",999,"LRA","ALLARM.LT1","06/12/2012","12:00:00","NO3N.3","M1",3167,"CMC","NTWQM",2012-06-12 12:00:00,0.3,"ISM",2,"Water",NA,4.7,"MG/L",NA,NA,NA,2017-10-30 10:35:21,NA,2,NA,1,1,"S","PARTNTID",NA,NA,4,"sample does not have an associated bay program method code"
"977",999,"LRA","ALLARM.LT2","06/12/2012","12:00:00","NO3N.3","M1",3168,"CMC","NTWQM",2012-06-12 12:00:00,0.3,"ISM",2,"Water",NA,3.4,"MG/L",NA,NA,NA,2017-10-30 10:35:23,NA,2,NA,1,1,"S","PARTNTID",NA,NA,4,"sample does not have an associated bay program method code"
"978",999,"LRA","ALLARM.LT2","10/09/2012","12:00:00","NO3N.3","M1",3188,"CMC","NTWQM",2012-10-09 12:00:00,0.3,"ISM",2,"Water",NA,4.6,"MG/L",NA,NA,NA,2017-10-30 10:36:18,NA,2,NA,1,1,"S","PARTNTID",NA,NA,4,"sample does not have an associated bay program method code"
"979",999,"LRA","ALLARM.LT8","04/12/2012","12:00:00","NO3N.3","M1",3164,"CMC","NTWQM",2012-04-12 12:00:00,0.3,"ISM",2,"Water",NA,3.2,"MG/L",NA,NA,NA,2017-10-30 10:35:13,NA,2,NA,1,1,"S","PARTNTID",NA,NA,4,"sample does not have an associated bay program method code"
"980",999,"LRA","ALLARM.LT2","06/12/2012","12:00:00","TDS.1","M1",3168,"CMC","NTWQM",2012-06-12 12:00:00,0.3,"ISM",1,"Water",NA,360,"MG/L",NA,NA,NA,2017-10-30 10:35:23,NA,2,NA,1,1,"S","PARTNTID",NA,NA,4,"sample does not have an associated bay program method code"
"981",999,"LRA","ALLARM.LT7","04/12/2012","12:00:00","TDS.1","M1",3163,"CMC","NTWQM",2012-04-12 12:00:00,0.3,"ISM",1,"Water",NA,420,"MG/L",NA,NA,NA,2017-10-30 10:35:10,NA,2,NA,1,1,"S","PARTNTID",NA,NA,4,"sample does not have an associated bay program method code"
"982",999,"LRA","ALLARM.LT2","10/09/2012","12:00:00","TDS.1","M1",3188,"CMC","NTWQM",2012-10-09 12:00:00,0.3,"ISM",1,"Water",NA,360,"MG/L",NA,NA,NA,2017-10-30 10:36:18,NA,2,NA,1,1,"S","PARTNTID",NA,NA,4,"sample does not have an associated bay program method code"
"983",999,"LRA","ALLARM.LT3","06/12/2012","12:00:00","TDS.1","M1",3169,"CMC","NTWQM",2012-06-12 12:00:00,0.3,"ISM",1,"Water",NA,380,"MG/L",NA,NA,NA,2017-10-30 10:35:26,NA,2,NA,1,1,"S","PARTNTID",NA,NA,4,"sample does not have an associated bay program method code"
"984",999,"LRA","ALLARM.LT4","02/12/2012","12:00:00","TDS.1","M1",3150,"CMC","NTWQM",2012-02-12 12:00:00,0.3,"ISM",1,"Water",NA,400,"MG/L",NA,NA,NA,2017-10-30 10:34:35,NA,2,NA,1,1,"S","PARTNTID",NA,NA,4,"sample does not have an associated bay program method code"
"985",999,"LRA","ALLARM.LT5","06/12/2012","12:00:00","TDS.1","M1",3171,"CMC","NTWQM",2012-06-12 12:00:00,0.3,"ISM",1,"Water",NA,390,"MG/L",NA,NA,NA,2017-10-30 10:35:31,NA,2,NA,1,1,"S","PARTNTID",NA,NA,4,"sample does not have an associated bay program method code"
"986",999,"LRA","ALLARM.LT3","08/15/2012","12:00:00","NO3N.3","M1",3179,"CMC","NTWQM",2012-08-15 12:00:00,0.3,"ISM",2,"Water",NA,3.3,"MG/L",NA,NA,NA,2017-10-30 10:35:52,NA,2,NA,1,1,"S","PARTNTID",NA,NA,4,"sample does not have an associated bay program method code"
"987",999,"LRA","ALLARM.LT6","06/12/2012","12:00:00","TDS.1","M1",3172,"CMC","NTWQM",2012-06-12 12:00:00,0.3,"ISM",1,"Water",NA,400,"MG/L",NA,NA,NA,2017-10-30 10:35:33,NA,2,NA,1,1,"S","PARTNTID",NA,NA,4,"sample does not have an associated bay program method code"
"988",999,"LRA","ALLARM.LT7","02/12/2012","12:00:00","TDS.1","M1",3153,"CMC","NTWQM",2012-02-12 12:00:00,0.3,"ISM",1,"Water",NA,440,"MG/L",NA,NA,NA,2017-10-30 10:34:42,NA,2,NA,1,1,"S","PARTNTID",NA,NA,4,"sample does not have an associated bay program method code"
"989",999,"LRA","ALLARM.LT8","06/12/2012","12:00:00","TDS.1","M1",3174,"CMC","NTWQM",2012-06-12 12:00:00,0.3,"ISM",1,"Water",NA,440,"MG/L",NA,NA,NA,2017-10-30 10:35:38,NA,2,NA,1,1,"S","PARTNTID",NA,NA,4,"sample does not have an associated bay program method code"
"990",999,"LRA","ALLARM.LT6","08/15/2012","12:00:00","NO3N.3","M1",3182,"CMC","NTWQM",2012-08-15 12:00:00,0.3,"ISM",2,"Water",NA,2.5,"MG/L",NA,NA,NA,2017-10-30 10:36:01,NA,2,NA,1,1,"S","PARTNTID",NA,NA,4,"sample does not have an associated bay program method code"
"991",999,"LRA","ALLARM.LT2","02/12/2012","12:00:00","NO3N.3","M1",3148,"CMC","NTWQM",2012-02-12 12:00:00,0.3,"ISM",2,"Water",NA,3.1,"MG/L",NA,NA,NA,2017-10-30 10:34:30,NA,2,NA,1,1,"S","PARTNTID",NA,NA,4,"sample does not have an associated bay program method code"
"992",999,"GCWD","GCWD.WESBRAPINCRE14.64","01/14/2012","12:00:00","TDS.1","M1",5372,"CMC","NTWQM",2012-01-14 12:00:00,0.1,"ISM",1,"Water",NA,20,"MG/L",NA,NA,NA,2018-03-01 14:37:29,NA,2,NA,1,1,"S","PARTNTID",NA,NA,4,"sample does not have an associated bay program method code"
"993",999,"LRA","ALLARM.LT5","12/04/2012","12:00:00","TDS.1","M1",3201,"CMC","NTWQM",2012-12-04 12:00:00,0.3,"ISM",1,"Water",NA,380,"MG/L",NA,NA,NA,2017-10-30 10:36:53,NA,2,NA,1,1,"S","PARTNTID",NA,NA,4,"sample does not have an associated bay program method code"
"994",999,"LRA","ALLARM.LT4","10/09/2012","12:00:00","NO3N.3","M1",3190,"CMC","NTWQM",2012-10-09 12:00:00,0.3,"ISM",2,"Water",NA,5,"MG/L",NA,NA,NA,2017-10-30 10:36:23,NA,2,NA,1,1,"S","PARTNTID",NA,NA,4,"sample does not have an associated bay program method code"
"995",999,"LRA","ALLARM.LT3","02/12/2012","12:00:00","TDS.1","M1",3149,"CMC","NTWQM",2012-02-12 12:00:00,0.3,"ISM",1,"Water",NA,390,"MG/L",NA,NA,NA,2017-10-30 10:34:32,NA,2,NA,1,1,"S","PARTNTID",NA,NA,4,"sample does not have an associated bay program method code"
"996",999,"LRA","ALLARM.LT10","12/04/2012","12:00:00","TDS.1","M1",3206,"CMC","NTWQM",2012-12-04 12:00:00,0.3,"ISM",1,"Water",NA,460,"MG/L",NA,NA,NA,2017-10-30 10:37:06,NA,2,NA,1,1,"S","PARTNTID",NA,NA,4,"sample does not have an associated bay program method code"
"997",999,"LRA","ALLARM.LT5","10/09/2012","12:00:00","TDS.1","M1",3191,"CMC","NTWQM",2012-10-09 12:00:00,0.3,"ISM",1,"Water",NA,390,"MG/L",NA,NA,NA,2017-10-30 10:36:26,NA,2,NA,1,1,"S","PARTNTID",NA,NA,4,"sample does not have an associated bay program method code"
"998",999,"LRA","ALLARM.LT7","10/09/2012","12:00:00","TDS.1","M1",3193,"CMC","NTWQM",2012-10-09 12:00:00,0.3,"ISM",1,"Water",NA,410,"MG/L",NA,NA,NA,2017-10-30 10:36:32,NA,2,NA,1,1,"S","PARTNTID",NA,NA,4,"sample does not have an associated bay program method code"
"999",999,"LRA","ALLARM.LT2","12/04/2012","12:00:00","NO3N.3","M1",3198,"CMC","NTWQM",2012-12-04 12:00:00,0.3,"ISM",2,"Water",NA,4.7,"MG/L",NA,NA,NA,2017-10-30 10:36:45,NA,2,NA,1,1,"S","PARTNTID",NA,NA,4,"sample does not have an associated bay program method code"
"1000",999,"LRA","ALLARM.LT4","04/12/2012","12:00:00","TDS.1","M1",3160,"CMC","NTWQM",2012-04-12 12:00:00,0.3,"ISM",1,"Water",NA,430,"MG/L",NA,NA,NA,2017-10-30 10:35:03,NA,2,NA,1,1,"S","PARTNTID",NA,NA,4,"sample does not have an associated bay program method code"
"1001",999,"LRA","ALLARM.LT4","12/04/2012","12:00:00","TDS.1","M1",3200,"CMC","NTWQM",2012-12-04 12:00:00,0.3,"ISM",1,"Water",NA,380,"MG/L",NA,NA,NA,2017-10-30 10:36:51,NA,2,NA,1,1,"S","PARTNTID",NA,NA,4,"sample does not have an associated bay program method code"
"1002",999,"LRA","ALLARM.LT3","06/12/2012","12:00:00","NO3N.3","M1",3169,"CMC","NTWQM",2012-06-12 12:00:00,0.3,"ISM",2,"Water",NA,4.8,"MG/L",NA,NA,NA,2017-10-30 10:35:26,NA,2,NA,1,1,"S","PARTNTID",NA,NA,4,"sample does not have an associated bay program method code"
"1003",999,"LRA","ALLARM.LT6","12/04/2012","12:00:00","TDS.1","M1",3202,"CMC","NTWQM",2012-12-04 12:00:00,0.3,"ISM",1,"Water",NA,380,"MG/L",NA,NA,NA,2017-10-30 10:36:56,NA,2,NA,1,1,"S","PARTNTID",NA,NA,4,"sample does not have an associated bay program method code"
"1004",999,"LRA","ALLARM.LT6","04/12/2012","12:00:00","TDS.1","M1",3162,"CMC","NTWQM",2012-04-12 12:00:00,0.3,"ISM",1,"Water",NA,390,"MG/L",NA,NA,NA,2017-10-30 10:35:08,NA,2,NA,1,1,"S","PARTNTID",NA,NA,4,"sample does not have an associated bay program method code"
"1005",999,"LRA","ALLARM.LT3","04/12/2012","12:00:00","NO3N.3","M1",3159,"CMC","NTWQM",2012-04-12 12:00:00,0.3,"ISM",2,"Water",NA,3.2,"MG/L",NA,NA,NA,2017-10-30 10:35:00,NA,2,NA,1,1,"S","PARTNTID",NA,NA,4,"sample does not have an associated bay program method code"
"1006",999,"LRA","ALLARM.LT6","04/12/2012","12:00:00","NO3N.3","M1",3162,"CMC","NTWQM",2012-04-12 12:00:00,0.3,"ISM",2,"Water",NA,3,"MG/L",NA,NA,NA,2017-10-30 10:35:08,NA,2,NA,1,1,"S","PARTNTID",NA,NA,4,"sample does not have an associated bay program method code"
"1007",999,"LRA","ALLARM.LT6","02/12/2012","12:00:00","TDS.1","M1",3152,"CMC","NTWQM",2012-02-12 12:00:00,0.3,"ISM",1,"Water",NA,430,"MG/L",NA,NA,NA,2017-10-30 10:34:40,NA,2,NA,1,1,"S","PARTNTID",NA,NA,4,"sample does not have an associated bay program method code"
"1008",999,"LRA","ALLARM.LT5","08/15/2012","12:00:00","TDS.1","M1",3181,"CMC","NTWQM",2012-08-15 12:00:00,0.3,"ISM",1,"Water",NA,350,"MG/L",NA,NA,NA,2017-10-30 10:35:58,NA,2,NA,1,1,"S","PARTNTID",NA,NA,4,"sample does not have an associated bay program method code"
