"","paramMethod","SOURCE","STATION","SAMPLE_DATE","SAMPLE_TIME","paramCode","SAMPLE_ID","EventId","AGENCY","PROGRAM","DateTime","DEPTH","SAMPLE_TYPE","TIER","Matrix","QUALIFIER","VALUE","UNITS","PROBLEM","LAB","labName","modifiedDate","detLimit","qaFlag","COMMENTS","count.x","count.y","LAYER","PROJECT","SampleAnalyticalMethodIdentifier","SubstanceIdentificationName","errorCode","errorName"
"390",999,"LRA","ALLARM.LT5","06/08/1996","12:00:00","NO3N.3","M1",952,"CMC","NTWQM",1996-06-08 12:00:00,0.3,"ISM",2,"Water",NA,7.5,"MG/L",NA,NA,NA,2017-10-27 14:53:41,NA,2,NA,1,1,"S","PARTNTID",NA,NA,4,"sample does not have an associated bay program method code"
"391",999,"LRA","ALLARM.LT1","05/04/1996","12:00:00","NO3N.3","M1",938,"CMC","NTWQM",1996-05-04 12:00:00,0.3,"ISM",2,"Water",NA,9,"MG/L",NA,NA,NA,2017-10-27 14:53:21,NA,2,NA,1,1,"S","PARTNTID",NA,NA,4,"sample does not have an associated bay program method code"
"392",999,"LRA","ALLARM.LT4","08/10/1996","12:00:00","TDS.1","M1",971,"CMC","NTWQM",1996-08-10 12:00:00,0.3,"ISM",1,"Water",NA,300,"MG/L",NA,NA,NA,2017-10-27 14:54:10,NA,2,NA,1,1,"S","PARTNTID",NA,NA,4,"sample does not have an associated bay program method code"
"393",999,"LRA","ALLARM.LT2","07/14/1996","12:00:00","NO3N.3","M1",959,"CMC","NTWQM",1996-07-14 12:00:00,0.3,"ISM",2,"Water",NA,5.2,"MG/L",NA,NA,NA,2017-10-27 14:53:52,NA,2,NA,1,1,"S","PARTNTID",NA,NA,4,"sample does not have an associated bay program method code"
"394",999,"LRA","ALLARM.LT1","05/04/1996","12:00:00","TDS.1","M1",938,"CMC","NTWQM",1996-05-04 12:00:00,0.3,"ISM",1,"Water",NA,310,"MG/L",NA,NA,NA,2017-10-27 14:53:21,NA,2,NA,1,1,"S","PARTNTID",NA,NA,4,"sample does not have an associated bay program method code"
"395",999,"LRA","ALLARM.LT6","10/14/1996","12:00:00","TDS.1","M1",993,"CMC","NTWQM",1996-10-14 12:00:00,0.3,"ISM",1,"Water",NA,350,"MG/L",NA,NA,NA,2017-10-27 14:54:47,NA,2,NA,1,1,"S","PARTNTID",NA,NA,4,"sample does not have an associated bay program method code"
"396",999,"LRA","ALLARM.LT2","07/14/1996","12:00:00","TDS.1","M1",959,"CMC","NTWQM",1996-07-14 12:00:00,0.3,"ISM",1,"Water",NA,270,"MG/L",NA,NA,NA,2017-10-27 14:53:52,NA,2,NA,1,1,"S","PARTNTID",NA,NA,4,"sample does not have an associated bay program method code"
"397",999,"LRA","ALLARM.LT1","06/08/1996","12:00:00","NO3N.3","M1",948,"CMC","NTWQM",1996-06-08 12:00:00,0.3,"ISM",2,"Water",NA,7.2,"MG/L",NA,NA,NA,2017-10-27 14:53:35,NA,2,NA,1,1,"S","PARTNTID",NA,NA,4,"sample does not have an associated bay program method code"
"398",999,"LRA","ALLARM.LT8","12/15/1996","12:00:00","TDS.1","M1",1015,"CMC","NTWQM",1996-12-15 12:00:00,0.3,"ISM",1,"Water",NA,390,"MG/L",NA,NA,NA,2017-10-27 14:55:25,NA,2,NA,1,1,"S","PARTNTID",NA,NA,4,"sample does not have an associated bay program method code"
"399",999,"LRA","ALLARM.LT4","09/13/1996","12:00:00","TDS.1","M1",981,"CMC","NTWQM",1996-09-13 12:00:00,0.3,"ISM",1,"Water",NA,300,"MG/L",NA,NA,NA,2017-10-27 14:54:27,NA,2,NA,1,1,"S","PARTNTID",NA,NA,4,"sample does not have an associated bay program method code"
"400",999,"LRA","ALLARM.LT1","06/08/1996","12:00:00","TDS.1","M1",948,"CMC","NTWQM",1996-06-08 12:00:00,0.3,"ISM",1,"Water",NA,320,"MG/L",NA,NA,NA,2017-10-27 14:53:35,NA,2,NA,1,1,"S","PARTNTID",NA,NA,4,"sample does not have an associated bay program method code"
"401",999,"LRA","ALLARM.LT9","05/04/1996","12:00:00","NO3N.3","M1",946,"CMC","NTWQM",1996-05-04 12:00:00,0.3,"ISM",2,"Water",NA,9,"MG/L",NA,NA,NA,2017-10-27 14:53:32,NA,2,NA,1,1,"S","PARTNTID",NA,NA,4,"sample does not have an associated bay program method code"
"402",999,"LRA","ALLARM.LT6","11/09/1996","12:00:00","TDS.1","M1",1003,"CMC","NTWQM",1996-11-09 12:00:00,0.3,"ISM",1,"Water",NA,310,"MG/L",NA,NA,NA,2017-10-27 14:55:04,NA,2,NA,1,1,"S","PARTNTID",NA,NA,4,"sample does not have an associated bay program method code"
"403",999,"LRA","ALLARM.LT2","08/10/1996","12:00:00","TDS.1","M1",969,"CMC","NTWQM",1996-08-10 12:00:00,0.3,"ISM",1,"Water",NA,270,"MG/L",NA,NA,NA,2017-10-27 14:54:07,NA,2,NA,1,1,"S","PARTNTID",NA,NA,4,"sample does not have an associated bay program method code"
"404",999,"LRA","ALLARM.LT1","07/14/1996","12:00:00","NO3N.3","M1",958,"CMC","NTWQM",1996-07-14 12:00:00,0.3,"ISM",2,"Water",NA,5,"MG/L",NA,NA,NA,2017-10-27 14:53:50,NA,2,NA,1,1,"S","PARTNTID",NA,NA,4,"sample does not have an associated bay program method code"
"405",999,"LRA","ALLARM.LT9","11/09/1996","12:00:00","TDS.1","M1",1006,"CMC","NTWQM",1996-11-09 12:00:00,0.3,"ISM",1,"Water",NA,350,"MG/L",NA,NA,NA,2017-10-27 14:55:09,NA,2,NA,1,1,"S","PARTNTID",NA,NA,4,"sample does not have an associated bay program method code"
"406",999,"LRA","ALLARM.LT4","10/14/1996","12:00:00","TDS.1","M1",991,"CMC","NTWQM",1996-10-14 12:00:00,0.3,"ISM",1,"Water",NA,340,"MG/L",NA,NA,NA,2017-10-27 14:54:43,NA,2,NA,1,1,"S","PARTNTID",NA,NA,4,"sample does not have an associated bay program method code"
"407",999,"LRA","ALLARM.LT1","07/14/1996","12:00:00","TDS.1","M1",958,"CMC","NTWQM",1996-07-14 12:00:00,0.3,"ISM",1,"Water",NA,260,"MG/L",NA,NA,NA,2017-10-27 14:53:50,NA,2,NA,1,1,"S","PARTNTID",NA,NA,4,"sample does not have an associated bay program method code"
"408",999,"LRA","ALLARM.LT3","07/14/1996","12:00:00","NO3N.3","M1",960,"CMC","NTWQM",1996-07-14 12:00:00,0.3,"ISM",2,"Water",NA,5.4,"MG/L",NA,NA,NA,2017-10-27 14:53:53,NA,2,NA,1,1,"S","PARTNTID",NA,NA,4,"sample does not have an associated bay program method code"
"409",999,"LRA","ALLARM.LT6","12/15/1996","12:00:00","TDS.1","M1",1013,"CMC","NTWQM",1996-12-15 12:00:00,0.3,"ISM",1,"Water",NA,350,"MG/L",NA,NA,NA,2017-10-27 14:55:21,NA,2,NA,1,1,"S","PARTNTID",NA,NA,4,"sample does not have an associated bay program method code"
"410",999,"LRA","ALLARM.LT2","09/13/1996","12:00:00","TDS.1","M1",979,"CMC","NTWQM",1996-09-13 12:00:00,0.3,"ISM",1,"Water",NA,280,"MG/L",NA,NA,NA,2017-10-27 14:54:23,NA,2,NA,1,1,"S","PARTNTID",NA,NA,4,"sample does not have an associated bay program method code"
"411",999,"LRA","ALLARM.LT1","08/10/1996","12:00:00","NO3N.3","M1",968,"CMC","NTWQM",1996-08-10 12:00:00,0.3,"ISM",2,"Water",NA,5,"MG/L",NA,NA,NA,2017-10-27 14:54:06,NA,2,NA,1,1,"S","PARTNTID",NA,NA,4,"sample does not have an associated bay program method code"
"412",999,"LRA","ALLARM.LT10","06/08/1996","12:00:00","NO3N.3","M1",957,"CMC","NTWQM",1996-06-08 12:00:00,0.3,"ISM",2,"Water",NA,7.8,"MG/L",NA,NA,NA,2017-10-27 14:53:49,NA,2,NA,1,1,"S","PARTNTID",NA,NA,4,"sample does not have an associated bay program method code"
"413",999,"LRA","ALLARM.LT4","11/09/1996","12:00:00","TDS.1","M1",1001,"CMC","NTWQM",1996-11-09 12:00:00,0.3,"ISM",1,"Water",NA,300,"MG/L",NA,NA,NA,2017-10-27 14:55:00,NA,2,NA,1,1,"S","PARTNTID",NA,NA,4,"sample does not have an associated bay program method code"
"414",999,"LRA","ALLARM.LT1","08/10/1996","12:00:00","TDS.1","M1",968,"CMC","NTWQM",1996-08-10 12:00:00,0.3,"ISM",1,"Water",NA,260,"MG/L",NA,NA,NA,2017-10-27 14:54:06,NA,2,NA,1,1,"S","PARTNTID",NA,NA,4,"sample does not have an associated bay program method code"
"415",999,"LRA","ALLARM.LT10","06/08/1996","12:00:00","TDS.1","M1",957,"CMC","NTWQM",1996-06-08 12:00:00,0.3,"ISM",1,"Water",NA,370,"MG/L",NA,NA,NA,2017-10-27 14:53:49,NA,2,NA,1,1,"S","PARTNTID",NA,NA,4,"sample does not have an associated bay program method code"
"416",999,"LRA","ALLARM.LT7","05/04/1996","12:00:00","TDS.1","M1",944,"CMC","NTWQM",1996-05-04 12:00:00,0.3,"ISM",1,"Water",NA,390,"MG/L",NA,NA,NA,2017-10-27 14:53:29,NA,2,NA,1,1,"S","PARTNTID",NA,NA,4,"sample does not have an associated bay program method code"
"417",999,"LRA","ALLARM.LT2","10/14/1996","12:00:00","TDS.1","M1",989,"CMC","NTWQM",1996-10-14 12:00:00,0.3,"ISM",1,"Water",NA,310,"MG/L",NA,NA,NA,2017-10-27 14:54:40,NA,2,NA,1,1,"S","PARTNTID",NA,NA,4,"sample does not have an associated bay program method code"
"418",999,"LRA","ALLARM.LT1","09/13/1996","12:00:00","NO3N.3","M1",978,"CMC","NTWQM",1996-09-13 12:00:00,0.3,"ISM",2,"Water",NA,5,"MG/L",NA,NA,NA,2017-10-27 14:54:22,NA,2,NA,1,1,"S","PARTNTID",NA,NA,4,"sample does not have an associated bay program method code"
"419",999,"LRA","ALLARM.LT7","06/08/1996","12:00:00","NO3N.3","M1",954,"CMC","NTWQM",1996-06-08 12:00:00,0.3,"ISM",2,"Water",NA,7.2,"MG/L",NA,NA,NA,2017-10-27 14:53:44,NA,2,NA,1,1,"S","PARTNTID",NA,NA,4,"sample does not have an associated bay program method code"
"420",999,"LRA","ALLARM.LT4","12/15/1996","12:00:00","TDS.1","M1",1011,"CMC","NTWQM",1996-12-15 12:00:00,0.3,"ISM",1,"Water",NA,340,"MG/L",NA,NA,NA,2017-10-27 14:55:18,NA,2,NA,1,1,"S","PARTNTID",NA,NA,4,"sample does not have an associated bay program method code"
"421",999,"LRA","ALLARM.LT1","09/13/1996","12:00:00","TDS.1","M1",978,"CMC","NTWQM",1996-09-13 12:00:00,0.3,"ISM",1,"Water",NA,280,"MG/L",NA,NA,NA,2017-10-27 14:54:22,NA,2,NA,1,1,"S","PARTNTID",NA,NA,4,"sample does not have an associated bay program method code"
"422",999,"LRA","ALLARM.LT7","06/08/1996","12:00:00","TDS.1","M1",954,"CMC","NTWQM",1996-06-08 12:00:00,0.3,"ISM",1,"Water",NA,320,"MG/L",NA,NA,NA,2017-10-27 14:53:44,NA,2,NA,1,1,"S","PARTNTID",NA,NA,4,"sample does not have an associated bay program method code"
"423",999,"LRA","ALLARM.LT4","07/14/1996","12:00:00","NO3N.3","M1",961,"CMC","NTWQM",1996-07-14 12:00:00,0.3,"ISM",2,"Water",NA,5.2,"MG/L",NA,NA,NA,2017-10-27 14:53:55,NA,2,NA,1,1,"S","PARTNTID",NA,NA,4,"sample does not have an associated bay program method code"
"424",999,"LRA","ALLARM.LT2","11/09/1996","12:00:00","TDS.1","M1",999,"CMC","NTWQM",1996-11-09 12:00:00,0.3,"ISM",1,"Water",NA,270,"MG/L",NA,NA,NA,2017-10-27 14:54:57,NA,2,NA,1,1,"S","PARTNTID",NA,NA,4,"sample does not have an associated bay program method code"
"425",999,"LRA","ALLARM.LT1","10/14/1996","12:00:00","NO3N.3","M1",988,"CMC","NTWQM",1996-10-14 12:00:00,0.3,"ISM",2,"Water",NA,5,"MG/L",NA,NA,NA,2017-10-27 14:54:38,NA,2,NA,1,1,"S","PARTNTID",NA,NA,4,"sample does not have an associated bay program method code"
"426",999,"LRA","ALLARM.LT7","07/14/1996","12:00:00","NO3N.3","M1",964,"CMC","NTWQM",1996-07-14 12:00:00,0.3,"ISM",2,"Water",NA,5.2,"MG/L",NA,NA,NA,2017-10-27 14:54:00,NA,2,NA,1,1,"S","PARTNTID",NA,NA,4,"sample does not have an associated bay program method code"
"427",999,"LRA","ALLARM.LT5","05/04/1996","12:00:00","TDS.1","M1",942,"CMC","NTWQM",1996-05-04 12:00:00,0.3,"ISM",1,"Water",NA,360,"MG/L",NA,NA,NA,2017-10-27 14:53:27,NA,2,NA,1,1,"S","PARTNTID",NA,NA,4,"sample does not have an associated bay program method code"
"428",999,"LRA","ALLARM.LT1","10/14/1996","12:00:00","TDS.1","M1",988,"CMC","NTWQM",1996-10-14 12:00:00,0.3,"ISM",1,"Water",NA,300,"MG/L",NA,NA,NA,2017-10-27 14:54:38,NA,2,NA,1,1,"S","PARTNTID",NA,NA,4,"sample does not have an associated bay program method code"
"429",999,"LRA","ALLARM.LT7","07/14/1996","12:00:00","TDS.1","M1",964,"CMC","NTWQM",1996-07-14 12:00:00,0.3,"ISM",1,"Water",NA,340,"MG/L",NA,NA,NA,2017-10-27 14:54:00,NA,2,NA,1,1,"S","PARTNTID",NA,NA,4,"sample does not have an associated bay program method code"
"430",999,"LRA","ALLARM.LT2","06/08/1996","12:00:00","TDS.1","M1",949,"CMC","NTWQM",1996-06-08 12:00:00,0.3,"ISM",1,"Water",NA,330,"MG/L",NA,NA,NA,2017-10-27 14:53:36,NA,2,NA,1,1,"S","PARTNTID",NA,NA,4,"sample does not have an associated bay program method code"
"431",999,"LRA","ALLARM.LT2","12/15/1996","12:00:00","TDS.1","M1",1009,"CMC","NTWQM",1996-12-15 12:00:00,0.3,"ISM",1,"Water",NA,300,"MG/L",NA,NA,NA,2017-10-27 14:55:14,NA,2,NA,1,1,"S","PARTNTID",NA,NA,4,"sample does not have an associated bay program method code"
"432",999,"LRA","ALLARM.LT1","11/09/1996","12:00:00","NO3N.3","M1",998,"CMC","NTWQM",1996-11-09 12:00:00,0.3,"ISM",2,"Water",NA,5.25,"MG/L",NA,NA,NA,2017-10-27 14:54:55,NA,2,NA,1,1,"S","PARTNTID",NA,NA,4,"sample does not have an associated bay program method code"
"433",999,"LRA","ALLARM.LT5","06/08/1996","12:00:00","TDS.1","M1",952,"CMC","NTWQM",1996-06-08 12:00:00,0.3,"ISM",1,"Water",NA,330,"MG/L",NA,NA,NA,2017-10-27 14:53:41,NA,2,NA,1,1,"S","PARTNTID",NA,NA,4,"sample does not have an associated bay program method code"
"434",999,"LRA","ALLARM.LT8","06/08/1996","12:00:00","NO3N.3","M1",955,"CMC","NTWQM",1996-06-08 12:00:00,0.3,"ISM",2,"Water",NA,7.2,"MG/L",NA,NA,NA,2017-10-27 14:53:46,NA,2,NA,1,1,"S","PARTNTID",NA,NA,4,"sample does not have an associated bay program method code"
"435",999,"LRA","ALLARM.LT1","11/09/1996","12:00:00","TDS.1","M1",998,"CMC","NTWQM",1996-11-09 12:00:00,0.3,"ISM",1,"Water",NA,270,"MG/L",NA,NA,NA,2017-10-27 14:54:55,NA,2,NA,1,1,"S","PARTNTID",NA,NA,4,"sample does not have an associated bay program method code"
"436",999,"LRA","ALLARM.LT7","08/10/1996","12:00:00","TDS.1","M1",974,"CMC","NTWQM",1996-08-10 12:00:00,0.3,"ISM",1,"Water",NA,320,"MG/L",NA,NA,NA,2017-10-27 14:54:15,NA,2,NA,1,1,"S","PARTNTID",NA,NA,4,"sample does not have an associated bay program method code"
"437",999,"LRA","ALLARM.LT5","07/14/1996","12:00:00","NO3N.3","M1",962,"CMC","NTWQM",1996-07-14 12:00:00,0.3,"ISM",2,"Water",NA,5,"MG/L",NA,NA,NA,2017-10-27 14:53:56,NA,2,NA,1,1,"S","PARTNTID",NA,NA,4,"sample does not have an associated bay program method code"
"438",999,"LRA","ALLARM.LT3","05/04/1996","12:00:00","TDS.1","M1",940,"CMC","NTWQM",1996-05-04 12:00:00,0.3,"ISM",1,"Water",NA,310,"MG/L",NA,NA,NA,2017-10-27 14:53:24,NA,2,NA,1,1,"S","PARTNTID",NA,NA,4,"sample does not have an associated bay program method code"
"439",999,"LRA","ALLARM.LT1","12/15/1996","12:00:00","NO3N.3","M1",1008,"CMC","NTWQM",1996-12-15 12:00:00,0.3,"ISM",2,"Water",NA,5,"MG/L",NA,NA,NA,2017-10-27 14:55:12,NA,2,NA,1,1,"S","PARTNTID",NA,NA,4,"sample does not have an associated bay program method code"
"440",999,"LRA","ALLARM.LT5","07/14/1996","12:00:00","TDS.1","M1",962,"CMC","NTWQM",1996-07-14 12:00:00,0.3,"ISM",1,"Water",NA,290,"MG/L",NA,NA,NA,2017-10-27 14:53:56,NA,2,NA,1,1,"S","PARTNTID",NA,NA,4,"sample does not have an associated bay program method code"
"441",999,"LRA","ALLARM.LT3","06/08/1996","12:00:00","NO3N.3","M1",950,"CMC","NTWQM",1996-06-08 12:00:00,0.3,"ISM",2,"Water",NA,7.8,"MG/L",NA,NA,NA,2017-10-27 14:53:38,NA,2,NA,1,1,"S","PARTNTID",NA,NA,4,"sample does not have an associated bay program method code"
"442",999,"LRA","ALLARM.LT1","12/15/1996","12:00:00","TDS.1","M1",1008,"CMC","NTWQM",1996-12-15 12:00:00,0.3,"ISM",1,"Water",NA,290,"MG/L",NA,NA,NA,2017-10-27 14:55:12,NA,2,NA,1,1,"S","PARTNTID",NA,NA,4,"sample does not have an associated bay program method code"
"443",999,"LRA","ALLARM.LT7","09/13/1996","12:00:00","TDS.1","M1",984,"CMC","NTWQM",1996-09-13 12:00:00,0.3,"ISM",1,"Water",NA,320,"MG/L",NA,NA,NA,2017-10-27 14:54:32,NA,2,NA,1,1,"S","PARTNTID",NA,NA,4,"sample does not have an associated bay program method code"
"444",999,"LRA","ALLARM.LT3","06/08/1996","12:00:00","TDS.1","M1",950,"CMC","NTWQM",1996-06-08 12:00:00,0.3,"ISM",1,"Water",NA,330,"MG/L",NA,NA,NA,2017-10-27 14:53:38,NA,2,NA,1,1,"S","PARTNTID",NA,NA,4,"sample does not have an associated bay program method code"
"445",999,"LRA","ALLARM.LT6","06/08/1996","12:00:00","NO3N.3","M1",953,"CMC","NTWQM",1996-06-08 12:00:00,0.3,"ISM",2,"Water",NA,7.5,"MG/L",NA,NA,NA,2017-10-27 14:53:42,NA,2,NA,1,1,"S","PARTNTID",NA,NA,4,"sample does not have an associated bay program method code"
"446",999,"LRA","ALLARM.LT10","05/04/1996","12:00:00","NO3N.3","M1",947,"CMC","NTWQM",1996-05-04 12:00:00,0.3,"ISM",2,"Water",NA,9,"MG/L",NA,NA,NA,2017-10-27 14:53:33,NA,2,NA,1,1,"S","PARTNTID",NA,NA,4,"sample does not have an associated bay program method code"
"447",999,"LRA","ALLARM.LT5","08/10/1996","12:00:00","TDS.1","M1",972,"CMC","NTWQM",1996-08-10 12:00:00,0.3,"ISM",1,"Water",NA,300,"MG/L",NA,NA,NA,2017-10-27 14:54:12,NA,2,NA,1,1,"S","PARTNTID",NA,NA,4,"sample does not have an associated bay program method code"
"448",999,"LRA","ALLARM.LT6","06/08/1996","12:00:00","TDS.1","M1",953,"CMC","NTWQM",1996-06-08 12:00:00,0.3,"ISM",1,"Water",NA,350,"MG/L",NA,NA,NA,2017-10-27 14:53:42,NA,2,NA,1,1,"S","PARTNTID",NA,NA,4,"sample does not have an associated bay program method code"
"449",999,"LRA","ALLARM.LT10","05/04/1996","12:00:00","TDS.1","M1",947,"CMC","NTWQM",1996-05-04 12:00:00,0.3,"ISM",1,"Water",NA,410,"MG/L",NA,NA,NA,2017-10-27 14:53:33,NA,2,NA,1,1,"S","PARTNTID",NA,NA,4,"sample does not have an associated bay program method code"
"450",999,"LRA","ALLARM.LT7","10/14/1996","12:00:00","TDS.1","M1",994,"CMC","NTWQM",1996-10-14 12:00:00,0.3,"ISM",1,"Water",NA,350,"MG/L",NA,NA,NA,2017-10-27 14:54:48,NA,2,NA,1,1,"S","PARTNTID",NA,NA,4,"sample does not have an associated bay program method code"
"451",999,"LRA","ALLARM.LT3","07/14/1996","12:00:00","TDS.1","M1",960,"CMC","NTWQM",1996-07-14 12:00:00,0.3,"ISM",1,"Water",NA,280,"MG/L",NA,NA,NA,2017-10-27 14:53:53,NA,2,NA,1,1,"S","PARTNTID",NA,NA,4,"sample does not have an associated bay program method code"
"452",999,"LRA","ALLARM.LT6","07/14/1996","12:00:00","NO3N.3","M1",963,"CMC","NTWQM",1996-07-14 12:00:00,0.3,"ISM",2,"Water",NA,5.2,"MG/L",NA,NA,NA,2017-10-27 14:53:58,NA,2,NA,1,1,"S","PARTNTID",NA,NA,4,"sample does not have an associated bay program method code"
"453",999,"LRA","ALLARM.LT4","05/04/1996","12:00:00","TDS.1","M1",941,"CMC","NTWQM",1996-05-04 12:00:00,0.3,"ISM",1,"Water",NA,360,"MG/L",NA,NA,NA,2017-10-27 14:53:25,NA,2,NA,1,1,"S","PARTNTID",NA,NA,4,"sample does not have an associated bay program method code"
"454",999,"LRA","ALLARM.LT5","09/13/1996","12:00:00","TDS.1","M1",982,"CMC","NTWQM",1996-09-13 12:00:00,0.3,"ISM",1,"Water",NA,310,"MG/L",NA,NA,NA,2017-10-27 14:54:28,NA,2,NA,1,1,"S","PARTNTID",NA,NA,4,"sample does not have an associated bay program method code"
"455",999,"LRA","ALLARM.LT6","07/14/1996","12:00:00","TDS.1","M1",963,"CMC","NTWQM",1996-07-14 12:00:00,0.3,"ISM",1,"Water",NA,320,"MG/L",NA,NA,NA,2017-10-27 14:53:58,NA,2,NA,1,1,"S","PARTNTID",NA,NA,4,"sample does not have an associated bay program method code"
"456",999,"LRA","ALLARM.LT4","06/08/1996","12:00:00","NO3N.3","M1",951,"CMC","NTWQM",1996-06-08 12:00:00,0.3,"ISM",2,"Water",NA,7.8,"MG/L",NA,NA,NA,2017-10-27 14:53:39,NA,2,NA,1,1,"S","PARTNTID",NA,NA,4,"sample does not have an associated bay program method code"
"457",999,"LRA","ALLARM.LT7","11/09/1996","12:00:00","TDS.1","M1",1004,"CMC","NTWQM",1996-11-09 12:00:00,0.3,"ISM",1,"Water",NA,340,"MG/L",NA,NA,NA,2017-10-27 14:55:05,NA,2,NA,1,1,"S","PARTNTID",NA,NA,4,"sample does not have an associated bay program method code"
"458",999,"LRA","ALLARM.LT3","08/10/1996","12:00:00","TDS.1","M1",970,"CMC","NTWQM",1996-08-10 12:00:00,0.3,"ISM",1,"Water",NA,280,"MG/L",NA,NA,NA,2017-10-27 14:54:09,NA,2,NA,1,1,"S","PARTNTID",NA,NA,4,"sample does not have an associated bay program method code"
"459",999,"LRA","ALLARM.LT10","07/14/1996","12:00:00","NO3N.3","M1",967,"CMC","NTWQM",1996-07-14 12:00:00,0.3,"ISM",2,"Water",NA,4.4,"MG/L",NA,NA,NA,2017-10-27 14:54:04,NA,2,NA,1,1,"S","PARTNTID",NA,NA,4,"sample does not have an associated bay program method code"
"460",999,"LRA","ALLARM.LT6","08/10/1996","12:00:00","NO3N.3","M1",973,"CMC","NTWQM",1996-08-10 12:00:00,0.3,"ISM",2,"Water",NA,5.5,"MG/L",NA,NA,NA,2017-10-27 14:54:14,NA,2,NA,1,1,"S","PARTNTID",NA,NA,4,"sample does not have an associated bay program method code"
"461",999,"LRA","ALLARM.LT5","10/14/1996","12:00:00","TDS.1","M1",992,"CMC","NTWQM",1996-10-14 12:00:00,0.3,"ISM",1,"Water",NA,340,"MG/L",NA,NA,NA,2017-10-27 14:54:45,NA,2,NA,1,1,"S","PARTNTID",NA,NA,4,"sample does not have an associated bay program method code"
"462",999,"LRA","ALLARM.LT10","07/14/1996","12:00:00","TDS.1","M1",967,"CMC","NTWQM",1996-07-14 12:00:00,0.3,"ISM",1,"Water",NA,380,"MG/L",NA,NA,NA,2017-10-27 14:54:04,NA,2,NA,1,1,"S","PARTNTID",NA,NA,4,"sample does not have an associated bay program method code"
"463",999,"LRA","ALLARM.LT3","09/13/1996","12:00:00","NO3N.3","M1",980,"CMC","NTWQM",1996-09-13 12:00:00,0.3,"ISM",2,"Water",NA,5.2,"MG/L",NA,NA,NA,2017-10-27 14:54:25,NA,2,NA,1,1,"S","PARTNTID",NA,NA,4,"sample does not have an associated bay program method code"
"464",999,"LRA","ALLARM.LT7","12/15/1996","12:00:00","TDS.1","M1",1014,"CMC","NTWQM",1996-12-15 12:00:00,0.3,"ISM",1,"Water",NA,380,"MG/L",NA,NA,NA,2017-10-27 14:55:23,NA,2,NA,1,1,"S","PARTNTID",NA,NA,4,"sample does not have an associated bay program method code"
"465",999,"LRA","ALLARM.LT3","09/13/1996","12:00:00","TDS.1","M1",980,"CMC","NTWQM",1996-09-13 12:00:00,0.3,"ISM",1,"Water",NA,300,"MG/L",NA,NA,NA,2017-10-27 14:54:25,NA,2,NA,1,1,"S","PARTNTID",NA,NA,4,"sample does not have an associated bay program method code"
"466",999,"LRA","ALLARM.LT10","08/10/1996","12:00:00","NO3N.3","M1",977,"CMC","NTWQM",1996-08-10 12:00:00,0.3,"ISM",2,"Water",NA,5.6,"MG/L",NA,NA,NA,2017-10-27 14:54:20,NA,2,NA,1,1,"S","PARTNTID",NA,NA,4,"sample does not have an associated bay program method code"
"467",999,"LRA","ALLARM.LT2","06/08/1996","12:00:00","NO3N.3","M1",949,"CMC","NTWQM",1996-06-08 12:00:00,0.3,"ISM",2,"Water",NA,9,"MG/L",NA,NA,NA,2017-10-27 14:53:36,NA,2,NA,1,1,"S","PARTNTID",NA,NA,4,"sample does not have an associated bay program method code"
"468",999,"LRA","ALLARM.LT5","11/09/1996","12:00:00","TDS.1","M1",1002,"CMC","NTWQM",1996-11-09 12:00:00,0.3,"ISM",1,"Water",NA,320,"MG/L",NA,NA,NA,2017-10-27 14:55:02,NA,2,NA,1,1,"S","PARTNTID",NA,NA,4,"sample does not have an associated bay program method code"
"469",999,"LRA","ALLARM.LT10","08/10/1996","12:00:00","TDS.1","M1",977,"CMC","NTWQM",1996-08-10 12:00:00,0.3,"ISM",1,"Water",NA,400,"MG/L",NA,NA,NA,2017-10-27 14:54:20,NA,2,NA,1,1,"S","PARTNTID",NA,NA,4,"sample does not have an associated bay program method code"
"470",999,"LRA","ALLARM.LT3","10/14/1996","12:00:00","NO3N.3","M1",990,"CMC","NTWQM",1996-10-14 12:00:00,0.3,"ISM",2,"Water",NA,5.2,"MG/L",NA,NA,NA,2017-10-27 14:54:41,NA,2,NA,1,1,"S","PARTNTID",NA,NA,4,"sample does not have an associated bay program method code"
"471",999,"LRA","ALLARM.LT8","05/04/1996","12:00:00","TDS.1","M1",945,"CMC","NTWQM",1996-05-04 12:00:00,0.3,"ISM",1,"Water",NA,400,"MG/L",NA,NA,NA,2017-10-27 14:53:31,NA,2,NA,1,1,"S","PARTNTID",NA,NA,4,"sample does not have an associated bay program method code"
"472",999,"LRA","ALLARM.LT3","10/14/1996","12:00:00","TDS.1","M1",990,"CMC","NTWQM",1996-10-14 12:00:00,0.3,"ISM",1,"Water",NA,320,"MG/L",NA,NA,NA,2017-10-27 14:54:41,NA,2,NA,1,1,"S","PARTNTID",NA,NA,4,"sample does not have an associated bay program method code"
"473",999,"LRA","ALLARM.LT10","09/13/1996","12:00:00","NO3N.3","M1",987,"CMC","NTWQM",1996-09-13 12:00:00,0.3,"ISM",2,"Water",NA,6.2,"MG/L",NA,NA,NA,2017-10-27 14:54:37,NA,2,NA,1,1,"S","PARTNTID",NA,NA,4,"sample does not have an associated bay program method code"
"474",999,"LRA","ALLARM.LT7","08/10/1996","12:00:00","NO3N.3","M1",974,"CMC","NTWQM",1996-08-10 12:00:00,0.3,"ISM",2,"Water",NA,5.5,"MG/L",NA,NA,NA,2017-10-27 14:54:15,NA,2,NA,1,1,"S","PARTNTID",NA,NA,4,"sample does not have an associated bay program method code"
"475",999,"LRA","ALLARM.LT5","12/15/1996","12:00:00","TDS.1","M1",1012,"CMC","NTWQM",1996-12-15 12:00:00,0.3,"ISM",1,"Water",NA,370,"MG/L",NA,NA,NA,2017-10-27 14:55:20,NA,2,NA,1,1,"S","PARTNTID",NA,NA,4,"sample does not have an associated bay program method code"
"476",999,"LRA","ALLARM.LT10","09/13/1996","12:00:00","TDS.1","M1",987,"CMC","NTWQM",1996-09-13 12:00:00,0.3,"ISM",1,"Water",NA,360,"MG/L",NA,NA,NA,2017-10-27 14:54:37,NA,2,NA,1,1,"S","PARTNTID",NA,NA,4,"sample does not have an associated bay program method code"
"477",999,"LRA","ALLARM.LT8","06/08/1996","12:00:00","TDS.1","M1",955,"CMC","NTWQM",1996-06-08 12:00:00,0.3,"ISM",1,"Water",NA,350,"MG/L",NA,NA,NA,2017-10-27 14:53:46,NA,2,NA,1,1,"S","PARTNTID",NA,NA,4,"sample does not have an associated bay program method code"
"478",999,"LRA","ALLARM.LT8","08/10/1996","12:00:00","TDS.1","M1",975,"CMC","NTWQM",1996-08-10 12:00:00,0.3,"ISM",1,"Water",NA,350,"MG/L",NA,NA,NA,2017-10-27 14:54:17,NA,2,NA,1,1,"S","PARTNTID",NA,NA,4,"sample does not have an associated bay program method code"
"479",999,"LRA","ALLARM.LT3","11/09/1996","12:00:00","TDS.1","M1",1000,"CMC","NTWQM",1996-11-09 12:00:00,0.3,"ISM",1,"Water",NA,290,"MG/L",NA,NA,NA,2017-10-27 14:54:58,NA,2,NA,1,1,"S","PARTNTID",NA,NA,4,"sample does not have an associated bay program method code"
"480",999,"LRA","ALLARM.LT10","10/14/1996","12:00:00","NO3N.3","M1",997,"CMC","NTWQM",1996-10-14 12:00:00,0.3,"ISM",2,"Water",NA,6,"MG/L",NA,NA,NA,2017-10-27 14:54:53,NA,2,NA,1,1,"S","PARTNTID",NA,NA,4,"sample does not have an associated bay program method code"
"481",999,"LRA","ALLARM.LT8","07/14/1996","12:00:00","NO3N.3","M1",965,"CMC","NTWQM",1996-07-14 12:00:00,0.3,"ISM",2,"Water",NA,5.2,"MG/L",NA,NA,NA,2017-10-27 14:54:01,NA,2,NA,1,1,"S","PARTNTID",NA,NA,4,"sample does not have an associated bay program method code"
"482",999,"LRA","ALLARM.LT6","05/04/1996","12:00:00","TDS.1","M1",943,"CMC","NTWQM",1996-05-04 12:00:00,0.3,"ISM",1,"Water",NA,360,"MG/L",NA,NA,NA,2017-10-27 14:53:28,NA,2,NA,1,1,"S","PARTNTID",NA,NA,4,"sample does not have an associated bay program method code"
"483",999,"LRA","ALLARM.LT10","10/14/1996","12:00:00","TDS.1","M1",997,"CMC","NTWQM",1996-10-14 12:00:00,0.3,"ISM",1,"Water",NA,430,"MG/L",NA,NA,NA,2017-10-27 14:54:53,NA,2,NA,1,1,"S","PARTNTID",NA,NA,4,"sample does not have an associated bay program method code"
"484",999,"LRA","ALLARM.LT8","07/14/1996","12:00:00","TDS.1","M1",965,"CMC","NTWQM",1996-07-14 12:00:00,0.3,"ISM",1,"Water",NA,360,"MG/L",NA,NA,NA,2017-10-27 14:54:01,NA,2,NA,1,1,"S","PARTNTID",NA,NA,4,"sample does not have an associated bay program method code"
"485",999,"LRA","ALLARM.LT9","05/04/1996","12:00:00","TDS.1","M1",946,"CMC","NTWQM",1996-05-04 12:00:00,0.3,"ISM",1,"Water",NA,390,"MG/L",NA,NA,NA,2017-10-27 14:53:32,NA,2,NA,1,1,"S","PARTNTID",NA,NA,4,"sample does not have an associated bay program method code"
"486",999,"LRA","ALLARM.LT3","12/15/1996","12:00:00","TDS.1","M1",1010,"CMC","NTWQM",1996-12-15 12:00:00,0.3,"ISM",1,"Water",NA,320,"MG/L",NA,NA,NA,2017-10-27 14:55:16,NA,2,NA,1,1,"S","PARTNTID",NA,NA,4,"sample does not have an associated bay program method code"
"487",999,"LRA","ALLARM.LT10","11/09/1996","12:00:00","NO3N.3","M1",1007,"CMC","NTWQM",1996-11-09 12:00:00,0.3,"ISM",2,"Water",NA,3.6,"MG/L",NA,NA,NA,2017-10-27 14:55:11,NA,2,NA,1,1,"S","PARTNTID",NA,NA,4,"sample does not have an associated bay program method code"
"488",999,"LRA","ALLARM.LT2","09/13/1996","12:00:00","NO3N.3","M1",979,"CMC","NTWQM",1996-09-13 12:00:00,0.3,"ISM",2,"Water",NA,5,"MG/L",NA,NA,NA,2017-10-27 14:54:23,NA,2,NA,1,1,"S","PARTNTID",NA,NA,4,"sample does not have an associated bay program method code"
"489",999,"LRA","ALLARM.LT8","08/10/1996","12:00:00","NO3N.3","M1",975,"CMC","NTWQM",1996-08-10 12:00:00,0.3,"ISM",2,"Water",NA,5.5,"MG/L",NA,NA,NA,2017-10-27 14:54:17,NA,2,NA,1,1,"S","PARTNTID",NA,NA,4,"sample does not have an associated bay program method code"
"490",999,"LRA","ALLARM.LT10","11/09/1996","12:00:00","TDS.1","M1",1007,"CMC","NTWQM",1996-11-09 12:00:00,0.3,"ISM",1,"Water",NA,360,"MG/L",NA,NA,NA,2017-10-27 14:55:11,NA,2,NA,1,1,"S","PARTNTID",NA,NA,4,"sample does not have an associated bay program method code"
"491",999,"LRA","ALLARM.LT2","05/04/1996","12:00:00","TDS.1","M1",939,"CMC","NTWQM",1996-05-04 12:00:00,0.3,"ISM",1,"Water",NA,300,"MG/L",NA,NA,NA,2017-10-27 14:53:23,NA,2,NA,1,1,"S","PARTNTID",NA,NA,4,"sample does not have an associated bay program method code"
"492",999,"LRA","ALLARM.LT5","09/13/1996","12:00:00","NO3N.3","M1",982,"CMC","NTWQM",1996-09-13 12:00:00,0.3,"ISM",2,"Water",NA,5.8,"MG/L",NA,NA,NA,2017-10-27 14:54:28,NA,2,NA,1,1,"S","PARTNTID",NA,NA,4,"sample does not have an associated bay program method code"
"493",999,"LRA","ALLARM.LT9","12/15/1996","12:00:00","TDS.1","M1",1016,"CMC","NTWQM",1996-12-15 12:00:00,0.3,"ISM",1,"Water",NA,390,"MG/L",NA,NA,NA,2017-10-27 14:55:27,NA,2,NA,1,1,"S","PARTNTID",NA,NA,4,"sample does not have an associated bay program method code"
"494",999,"LRA","ALLARM.LT10","12/15/1996","12:00:00","NO3N.3","M1",1017,"CMC","NTWQM",1996-12-15 12:00:00,0.3,"ISM",2,"Water",NA,6,"MG/L",NA,NA,NA,2017-10-27 14:55:28,NA,2,NA,1,1,"S","PARTNTID",NA,NA,4,"sample does not have an associated bay program method code"
"495",999,"LRA","ALLARM.LT2","10/14/1996","12:00:00","NO3N.3","M1",989,"CMC","NTWQM",1996-10-14 12:00:00,0.3,"ISM",2,"Water",NA,5,"MG/L",NA,NA,NA,2017-10-27 14:54:40,NA,2,NA,1,1,"S","PARTNTID",NA,NA,4,"sample does not have an associated bay program method code"
"496",999,"LRA","ALLARM.LT3","08/10/1996","12:00:00","NO3N.3","M1",970,"CMC","NTWQM",1996-08-10 12:00:00,0.3,"ISM",2,"Water",NA,5.2,"MG/L",NA,NA,NA,2017-10-27 14:54:09,NA,2,NA,1,1,"S","PARTNTID",NA,NA,4,"sample does not have an associated bay program method code"
"497",999,"LRA","ALLARM.LT10","12/15/1996","12:00:00","TDS.1","M1",1017,"CMC","NTWQM",1996-12-15 12:00:00,0.3,"ISM",1,"Water",NA,430,"MG/L",NA,NA,NA,2017-10-27 14:55:28,NA,2,NA,1,1,"S","PARTNTID",NA,NA,4,"sample does not have an associated bay program method code"
"498",999,"LRA","ALLARM.LT8","09/13/1996","12:00:00","TDS.1","M1",985,"CMC","NTWQM",1996-09-13 12:00:00,0.3,"ISM",1,"Water",NA,340,"MG/L",NA,NA,NA,2017-10-27 14:54:33,NA,2,NA,1,1,"S","PARTNTID",NA,NA,4,"sample does not have an associated bay program method code"
"499",999,"LRA","ALLARM.LT4","06/08/1996","12:00:00","TDS.1","M1",951,"CMC","NTWQM",1996-06-08 12:00:00,0.3,"ISM",1,"Water",NA,320,"MG/L",NA,NA,NA,2017-10-27 14:53:39,NA,2,NA,1,1,"S","PARTNTID",NA,NA,4,"sample does not have an associated bay program method code"
"500",999,"LRA","ALLARM.LT6","10/14/1996","12:00:00","NO3N.3","M1",993,"CMC","NTWQM",1996-10-14 12:00:00,0.3,"ISM",2,"Water",NA,5.4,"MG/L",NA,NA,NA,2017-10-27 14:54:47,NA,2,NA,1,1,"S","PARTNTID",NA,NA,4,"sample does not have an associated bay program method code"
"501",999,"LRA","ALLARM.LT2","05/04/1996","12:00:00","NO3N.3","M1",939,"CMC","NTWQM",1996-05-04 12:00:00,0.3,"ISM",2,"Water",NA,9,"MG/L",NA,NA,NA,2017-10-27 14:53:23,NA,2,NA,1,1,"S","PARTNTID",NA,NA,4,"sample does not have an associated bay program method code"
"502",999,"LRA","ALLARM.LT6","08/10/1996","12:00:00","TDS.1","M1",973,"CMC","NTWQM",1996-08-10 12:00:00,0.3,"ISM",1,"Water",NA,310,"MG/L",NA,NA,NA,2017-10-27 14:54:14,NA,2,NA,1,1,"S","PARTNTID",NA,NA,4,"sample does not have an associated bay program method code"
"503",999,"LRA","ALLARM.LT8","10/14/1996","12:00:00","NO3N.3","M1",995,"CMC","NTWQM",1996-10-14 12:00:00,0.3,"ISM",2,"Water",NA,5.5,"MG/L",NA,NA,NA,2017-10-27 14:54:50,NA,2,NA,1,1,"S","PARTNTID",NA,NA,4,"sample does not have an associated bay program method code"
"504",999,"LRA","ALLARM.LT4","09/13/1996","12:00:00","NO3N.3","M1",981,"CMC","NTWQM",1996-09-13 12:00:00,0.3,"ISM",2,"Water",NA,5.4,"MG/L",NA,NA,NA,2017-10-27 14:54:27,NA,2,NA,1,1,"S","PARTNTID",NA,NA,4,"sample does not have an associated bay program method code"
"505",999,"LRA","ALLARM.LT8","10/14/1996","12:00:00","TDS.1","M1",995,"CMC","NTWQM",1996-10-14 12:00:00,0.3,"ISM",1,"Water",NA,370,"MG/L",NA,NA,NA,2017-10-27 14:54:50,NA,2,NA,1,1,"S","PARTNTID",NA,NA,4,"sample does not have an associated bay program method code"
"506",999,"LRA","ALLARM.LT4","07/14/1996","12:00:00","TDS.1","M1",961,"CMC","NTWQM",1996-07-14 12:00:00,0.3,"ISM",1,"Water",NA,300,"MG/L",NA,NA,NA,2017-10-27 14:53:55,NA,2,NA,1,1,"S","PARTNTID",NA,NA,4,"sample does not have an associated bay program method code"
"507",999,"LRA","ALLARM.LT6","09/13/1996","12:00:00","NO3N.3","M1",983,"CMC","NTWQM",1996-09-13 12:00:00,0.3,"ISM",2,"Water",NA,6,"MG/L",NA,NA,NA,2017-10-27 14:54:30,NA,2,NA,1,1,"S","PARTNTID",NA,NA,4,"sample does not have an associated bay program method code"
"508",999,"LRA","ALLARM.LT2","08/10/1996","12:00:00","NO3N.3","M1",969,"CMC","NTWQM",1996-08-10 12:00:00,0.3,"ISM",2,"Water",NA,5,"MG/L",NA,NA,NA,2017-10-27 14:54:07,NA,2,NA,1,1,"S","PARTNTID",NA,NA,4,"sample does not have an associated bay program method code"
"509",999,"LRA","ALLARM.LT6","09/13/1996","12:00:00","TDS.1","M1",983,"CMC","NTWQM",1996-09-13 12:00:00,0.3,"ISM",1,"Water",NA,330,"MG/L",NA,NA,NA,2017-10-27 14:54:30,NA,2,NA,1,1,"S","PARTNTID",NA,NA,4,"sample does not have an associated bay program method code"
"510",999,"LRA","ALLARM.LT8","11/09/1996","12:00:00","NO3N.3","M1",1005,"CMC","NTWQM",1996-11-09 12:00:00,0.3,"ISM",2,"Water",NA,4.2,"MG/L",NA,NA,NA,2017-10-27 14:55:07,NA,2,NA,1,1,"S","PARTNTID",NA,NA,4,"sample does not have an associated bay program method code"
"511",999,"LRA","ALLARM.LT4","08/10/1996","12:00:00","NO3N.3","M1",971,"CMC","NTWQM",1996-08-10 12:00:00,0.3,"ISM",2,"Water",NA,5.2,"MG/L",NA,NA,NA,2017-10-27 14:54:10,NA,2,NA,1,1,"S","PARTNTID",NA,NA,4,"sample does not have an associated bay program method code"
"512",999,"LRA","ALLARM.LT8","11/09/1996","12:00:00","TDS.1","M1",1005,"CMC","NTWQM",1996-11-09 12:00:00,0.3,"ISM",1,"Water",NA,340,"MG/L",NA,NA,NA,2017-10-27 14:55:07,NA,2,NA,1,1,"S","PARTNTID",NA,NA,4,"sample does not have an associated bay program method code"
"513",999,"LRA","ALLARM.LT5","10/14/1996","12:00:00","NO3N.3","M1",992,"CMC","NTWQM",1996-10-14 12:00:00,0.3,"ISM",2,"Water",NA,5.2,"MG/L",NA,NA,NA,2017-10-27 14:54:45,NA,2,NA,1,1,"S","PARTNTID",NA,NA,4,"sample does not have an associated bay program method code"
"514",999,"LRA","ALLARM.LT6","12/15/1996","12:00:00","NO3N.3","M1",1013,"CMC","NTWQM",1996-12-15 12:00:00,0.3,"ISM",2,"Water",NA,5.6,"MG/L",NA,NA,NA,2017-10-27 14:55:21,NA,2,NA,1,1,"S","PARTNTID",NA,NA,4,"sample does not have an associated bay program method code"
"515",999,"LRA","ALLARM.LT7","10/14/1996","12:00:00","NO3N.3","M1",994,"CMC","NTWQM",1996-10-14 12:00:00,0.3,"ISM",2,"Water",NA,5.5,"MG/L",NA,NA,NA,2017-10-27 14:54:48,NA,2,NA,1,1,"S","PARTNTID",NA,NA,4,"sample does not have an associated bay program method code"
"516",999,"LRA","ALLARM.LT8","12/15/1996","12:00:00","NO3N.3","M1",1015,"CMC","NTWQM",1996-12-15 12:00:00,0.3,"ISM",2,"Water",NA,5.8,"MG/L",NA,NA,NA,2017-10-27 14:55:25,NA,2,NA,1,1,"S","PARTNTID",NA,NA,4,"sample does not have an associated bay program method code"
"517",999,"LRA","ALLARM.LT9","12/15/1996","12:00:00","NO3N.3","M1",1016,"CMC","NTWQM",1996-12-15 12:00:00,0.3,"ISM",2,"Water",NA,5.8,"MG/L",NA,NA,NA,2017-10-27 14:55:27,NA,2,NA,1,1,"S","PARTNTID",NA,NA,4,"sample does not have an associated bay program method code"
"518",999,"LRA","ALLARM.LT4","11/09/1996","12:00:00","NO3N.3","M1",1001,"CMC","NTWQM",1996-11-09 12:00:00,0.3,"ISM",2,"Water",NA,5.7,"MG/L",NA,NA,NA,2017-10-27 14:55:00,NA,2,NA,1,1,"S","PARTNTID",NA,NA,4,"sample does not have an associated bay program method code"
"519",999,"LRA","ALLARM.LT9","10/14/1996","12:00:00","TDS.1","M1",996,"CMC","NTWQM",1996-10-14 12:00:00,0.3,"ISM",1,"Water",NA,400,"MG/L",NA,NA,NA,2017-10-27 14:54:51,NA,2,NA,1,1,"S","PARTNTID",NA,NA,4,"sample does not have an associated bay program method code"
"520",999,"LRA","ALLARM.LT6","11/09/1996","12:00:00","NO3N.3","M1",1003,"CMC","NTWQM",1996-11-09 12:00:00,0.3,"ISM",2,"Water",NA,4.8,"MG/L",NA,NA,NA,2017-10-27 14:55:04,NA,2,NA,1,1,"S","PARTNTID",NA,NA,4,"sample does not have an associated bay program method code"
"521",999,"LRA","ALLARM.LT7","05/04/1996","12:00:00","NO3N.3","M1",944,"CMC","NTWQM",1996-05-04 12:00:00,0.3,"ISM",2,"Water",NA,9,"MG/L",NA,NA,NA,2017-10-27 14:53:29,NA,2,NA,1,1,"S","PARTNTID",NA,NA,4,"sample does not have an associated bay program method code"
"522",999,"LRA","ALLARM.LT7","11/09/1996","12:00:00","NO3N.3","M1",1004,"CMC","NTWQM",1996-11-09 12:00:00,0.3,"ISM",2,"Water",NA,4.8,"MG/L",NA,NA,NA,2017-10-27 14:55:05,NA,2,NA,1,1,"S","PARTNTID",NA,NA,4,"sample does not have an associated bay program method code"
"523",999,"LRA","ALLARM.LT9","11/09/1996","12:00:00","NO3N.3","M1",1006,"CMC","NTWQM",1996-11-09 12:00:00,0.3,"ISM",2,"Water",NA,4.2,"MG/L",NA,NA,NA,2017-10-27 14:55:09,NA,2,NA,1,1,"S","PARTNTID",NA,NA,4,"sample does not have an associated bay program method code"
"524",999,"LRA","ALLARM.LT4","10/14/1996","12:00:00","NO3N.3","M1",991,"CMC","NTWQM",1996-10-14 12:00:00,0.3,"ISM",2,"Water",NA,5.4,"MG/L",NA,NA,NA,2017-10-27 14:54:43,NA,2,NA,1,1,"S","PARTNTID",NA,NA,4,"sample does not have an associated bay program method code"
"525",999,"LRA","ALLARM.LT5","08/10/1996","12:00:00","NO3N.3","M1",972,"CMC","NTWQM",1996-08-10 12:00:00,0.3,"ISM",2,"Water",NA,5.6,"MG/L",NA,NA,NA,2017-10-27 14:54:12,NA,2,NA,1,1,"S","PARTNTID",NA,NA,4,"sample does not have an associated bay program method code"
"526",999,"LRA","ALLARM.LT9","09/13/1996","12:00:00","TDS.1","M1",986,"CMC","NTWQM",1996-09-13 12:00:00,0.3,"ISM",1,"Water",NA,310,"MG/L",NA,NA,NA,2017-10-27 14:54:35,NA,2,NA,1,1,"S","PARTNTID",NA,NA,4,"sample does not have an associated bay program method code"
"527",999,"LRA","ALLARM.LT5","12/15/1996","12:00:00","NO3N.3","M1",1012,"CMC","NTWQM",1996-12-15 12:00:00,0.3,"ISM",2,"Water",NA,5.2,"MG/L",NA,NA,NA,2017-10-27 14:55:20,NA,2,NA,1,1,"S","PARTNTID",NA,NA,4,"sample does not have an associated bay program method code"
"528",999,"LRA","ALLARM.LT9","06/08/1996","12:00:00","TDS.1","M1",956,"CMC","NTWQM",1996-06-08 12:00:00,0.3,"ISM",1,"Water",NA,340,"MG/L",NA,NA,NA,2017-10-27 14:53:47,NA,2,NA,1,1,"S","PARTNTID",NA,NA,4,"sample does not have an associated bay program method code"
"529",999,"LRA","ALLARM.LT9","06/08/1996","12:00:00","NO3N.3","M1",956,"CMC","NTWQM",1996-06-08 12:00:00,0.3,"ISM",2,"Water",NA,7.5,"MG/L",NA,NA,NA,2017-10-27 14:53:47,NA,2,NA,1,1,"S","PARTNTID",NA,NA,4,"sample does not have an associated bay program method code"
"530",999,"LRA","ALLARM.LT9","08/10/1996","12:00:00","NO3N.3","M1",976,"CMC","NTWQM",1996-08-10 12:00:00,0.3,"ISM",2,"Water",NA,5.6,"MG/L",NA,NA,NA,2017-10-27 14:54:18,NA,2,NA,1,1,"S","PARTNTID",NA,NA,4,"sample does not have an associated bay program method code"
"531",999,"LRA","ALLARM.LT3","11/09/1996","12:00:00","NO3N.3","M1",1000,"CMC","NTWQM",1996-11-09 12:00:00,0.3,"ISM",2,"Water",NA,5.25,"MG/L",NA,NA,NA,2017-10-27 14:54:58,NA,2,NA,1,1,"S","PARTNTID",NA,NA,4,"sample does not have an associated bay program method code"
"532",999,"LRA","ALLARM.LT8","09/13/1996","12:00:00","NO3N.3","M1",985,"CMC","NTWQM",1996-09-13 12:00:00,0.3,"ISM",2,"Water",NA,6,"MG/L",NA,NA,NA,2017-10-27 14:54:33,NA,2,NA,1,1,"S","PARTNTID",NA,NA,4,"sample does not have an associated bay program method code"
"533",999,"LRA","ALLARM.LT5","11/09/1996","12:00:00","NO3N.3","M1",1002,"CMC","NTWQM",1996-11-09 12:00:00,0.3,"ISM",2,"Water",NA,4.35,"MG/L",NA,NA,NA,2017-10-27 14:55:02,NA,2,NA,1,1,"S","PARTNTID",NA,NA,4,"sample does not have an associated bay program method code"
"534",999,"LRA","ALLARM.LT6","05/04/1996","12:00:00","NO3N.3","M1",943,"CMC","NTWQM",1996-05-04 12:00:00,0.3,"ISM",2,"Water",NA,9,"MG/L",NA,NA,NA,2017-10-27 14:53:28,NA,2,NA,1,1,"S","PARTNTID",NA,NA,4,"sample does not have an associated bay program method code"
"535",999,"LRA","ALLARM.LT7","09/13/1996","12:00:00","NO3N.3","M1",984,"CMC","NTWQM",1996-09-13 12:00:00,0.3,"ISM",2,"Water",NA,6,"MG/L",NA,NA,NA,2017-10-27 14:54:32,NA,2,NA,1,1,"S","PARTNTID",NA,NA,4,"sample does not have an associated bay program method code"
"536",999,"LRA","ALLARM.LT9","07/14/1996","12:00:00","TDS.1","M1",966,"CMC","NTWQM",1996-07-14 12:00:00,0.3,"ISM",1,"Water",NA,380,"MG/L",NA,NA,NA,2017-10-27 14:54:03,NA,2,NA,1,1,"S","PARTNTID",NA,NA,4,"sample does not have an associated bay program method code"
"537",999,"LRA","ALLARM.LT9","09/13/1996","12:00:00","NO3N.3","M1",986,"CMC","NTWQM",1996-09-13 12:00:00,0.3,"ISM",2,"Water",NA,6,"MG/L",NA,NA,NA,2017-10-27 14:54:35,NA,2,NA,1,1,"S","PARTNTID",NA,NA,4,"sample does not have an associated bay program method code"
"538",999,"LRA","ALLARM.LT4","12/15/1996","12:00:00","NO3N.3","M1",1011,"CMC","NTWQM",1996-12-15 12:00:00,0.3,"ISM",2,"Water",NA,5.2,"MG/L",NA,NA,NA,2017-10-27 14:55:18,NA,2,NA,1,1,"S","PARTNTID",NA,NA,4,"sample does not have an associated bay program method code"
"539",999,"LRA","ALLARM.LT3","05/04/1996","12:00:00","NO3N.3","M1",940,"CMC","NTWQM",1996-05-04 12:00:00,0.3,"ISM",2,"Water",NA,9,"MG/L",NA,NA,NA,2017-10-27 14:53:24,NA,2,NA,1,1,"S","PARTNTID",NA,NA,4,"sample does not have an associated bay program method code"
"540",999,"LRA","ALLARM.LT7","12/15/1996","12:00:00","NO3N.3","M1",1014,"CMC","NTWQM",1996-12-15 12:00:00,0.3,"ISM",2,"Water",NA,5.8,"MG/L",NA,NA,NA,2017-10-27 14:55:23,NA,2,NA,1,1,"S","PARTNTID",NA,NA,4,"sample does not have an associated bay program method code"
"541",999,"LRA","ALLARM.LT5","05/04/1996","12:00:00","NO3N.3","M1",942,"CMC","NTWQM",1996-05-04 12:00:00,0.3,"ISM",2,"Water",NA,9,"MG/L",NA,NA,NA,2017-10-27 14:53:27,NA,2,NA,1,1,"S","PARTNTID",NA,NA,4,"sample does not have an associated bay program method code"
"542",999,"LRA","ALLARM.LT2","11/09/1996","12:00:00","NO3N.3","M1",999,"CMC","NTWQM",1996-11-09 12:00:00,0.3,"ISM",2,"Water",NA,5.25,"MG/L",NA,NA,NA,2017-10-27 14:54:57,NA,2,NA,1,1,"S","PARTNTID",NA,NA,4,"sample does not have an associated bay program method code"
"543",999,"LRA","ALLARM.LT9","08/10/1996","12:00:00","TDS.1","M1",976,"CMC","NTWQM",1996-08-10 12:00:00,0.3,"ISM",1,"Water",NA,360,"MG/L",NA,NA,NA,2017-10-27 14:54:18,NA,2,NA,1,1,"S","PARTNTID",NA,NA,4,"sample does not have an associated bay program method code"
"544",999,"LRA","ALLARM.LT2","12/15/1996","12:00:00","NO3N.3","M1",1009,"CMC","NTWQM",1996-12-15 12:00:00,0.3,"ISM",2,"Water",NA,5,"MG/L",NA,NA,NA,2017-10-27 14:55:14,NA,2,NA,1,1,"S","PARTNTID",NA,NA,4,"sample does not have an associated bay program method code"
"545",999,"LRA","ALLARM.LT9","07/14/1996","12:00:00","NO3N.3","M1",966,"CMC","NTWQM",1996-07-14 12:00:00,0.3,"ISM",2,"Water",NA,4.8,"MG/L",NA,NA,NA,2017-10-27 14:54:03,NA,2,NA,1,1,"S","PARTNTID",NA,NA,4,"sample does not have an associated bay program method code"
"546",999,"LRA","ALLARM.LT3","12/15/1996","12:00:00","NO3N.3","M1",1010,"CMC","NTWQM",1996-12-15 12:00:00,0.3,"ISM",2,"Water",NA,5.1,"MG/L",NA,NA,NA,2017-10-27 14:55:16,NA,2,NA,1,1,"S","PARTNTID",NA,NA,4,"sample does not have an associated bay program method code"
"547",999,"LRA","ALLARM.LT4","05/04/1996","12:00:00","NO3N.3","M1",941,"CMC","NTWQM",1996-05-04 12:00:00,0.3,"ISM",2,"Water",NA,9,"MG/L",NA,NA,NA,2017-10-27 14:53:25,NA,2,NA,1,1,"S","PARTNTID",NA,NA,4,"sample does not have an associated bay program method code"
"548",999,"LRA","ALLARM.LT8","05/04/1996","12:00:00","NO3N.3","M1",945,"CMC","NTWQM",1996-05-04 12:00:00,0.3,"ISM",2,"Water",NA,9,"MG/L",NA,NA,NA,2017-10-27 14:53:31,NA,2,NA,1,1,"S","PARTNTID",NA,NA,4,"sample does not have an associated bay program method code"
"549",999,"LRA","ALLARM.LT9","10/14/1996","12:00:00","NO3N.3","M1",996,"CMC","NTWQM",1996-10-14 12:00:00,0.3,"ISM",2,"Water",NA,6,"MG/L",NA,NA,NA,2017-10-27 14:54:51,NA,2,NA,1,1,"S","PARTNTID",NA,NA,4,"sample does not have an associated bay program method code"
