"","paramMethod","SOURCE","STATION","SAMPLE_DATE","SAMPLE_TIME","paramCode","SAMPLE_ID","EventId","AGENCY","PROGRAM","DateTime","DEPTH","SAMPLE_TYPE","TIER","Matrix","QUALIFIER","VALUE","UNITS","PROBLEM","LAB","labName","modifiedDate","detLimit","qaFlag","COMMENTS","count.x","count.y","LAYER","PROJECT","SampleAnalyticalMethodIdentifier","SubstanceIdentificationName","errorCode","errorName"
"601",999,"LRA","ALLARM.LT2","11/01/1993","12:00:00","TDS.1","M1",699,"CMC","NTWQM",1993-11-01 12:00:00,0.3,"ISM",1,"Water",NA,270,"MG/L",NA,NA,NA,2017-10-27 14:49:18,NA,2,NA,1,1,"S","PARTNTID",NA,NA,4,"sample does not have an associated bay program method code"
"602",999,"LRA","ALLARM.LT1","01/01/1993","12:00:00","NO3N.3","M1",598,"CMC","NTWQM",1993-01-01 12:00:00,0.3,"ISM",2,"Water",NA,5.3,"MG/L",NA,NA,NA,2017-10-27 14:48:27,NA,2,NA,1,1,"S","PARTNTID",NA,NA,4,"sample does not have an associated bay program method code"
"603",999,"LRA","ALLARM.LT10","06/01/1993","12:00:00","TDS.1","M1",657,"CMC","NTWQM",1993-06-01 12:00:00,0.3,"ISM",1,"Water",NA,337,"MG/L",NA,NA,NA,2017-10-27 14:48:50,NA,2,NA,1,1,"S","PARTNTID",NA,NA,4,"sample does not have an associated bay program method code"
"604",999,"LRA","ALLARM.LT5","10/01/1993","12:00:00","TDS.1","M1",692,"CMC","NTWQM",1993-10-01 12:00:00,0.3,"ISM",1,"Water",NA,360,"MG/L",NA,NA,NA,2017-10-27 14:49:14,NA,2,NA,1,1,"S","PARTNTID",NA,NA,4,"sample does not have an associated bay program method code"
"605",999,"LRA","ALLARM.LT1","01/01/1993","12:00:00","TDS.1","M1",598,"CMC","NTWQM",1993-01-01 12:00:00,0.3,"ISM",1,"Water",NA,385,"MG/L",NA,NA,NA,2017-10-27 14:48:27,NA,2,NA,1,1,"S","PARTNTID",NA,NA,4,"sample does not have an associated bay program method code"
"606",999,"LRA","ALLARM.LT4","05/01/1993","12:00:00","TDS.1","M1",641,"CMC","NTWQM",1993-05-01 12:00:00,0.3,"ISM",1,"Water",NA,307,"MG/L",NA,NA,NA,2017-10-27 14:48:41,NA,2,NA,1,1,"S","PARTNTID",NA,NA,4,"sample does not have an associated bay program method code"
"607",999,"LRA","ALLARM.LT10","07/01/1993","12:00:00","NO3N.3","M1",667,"CMC","NTWQM",1993-07-01 12:00:00,0.3,"ISM",2,"Water",NA,4.5,"MG/L",NA,NA,NA,2017-10-27 14:48:56,NA,2,NA,1,1,"S","PARTNTID",NA,NA,4,"sample does not have an associated bay program method code"
"608",999,"LRA","ALLARM.LT2","12/01/1993","12:00:00","TDS.1","M1",709,"CMC","NTWQM",1993-12-01 12:00:00,0.3,"ISM",1,"Water",NA,315,"MG/L",NA,NA,NA,2017-10-27 14:49:25,NA,2,NA,1,1,"S","PARTNTID",NA,NA,4,"sample does not have an associated bay program method code"
"609",999,"LRA","ALLARM.LT1","02/01/1993","12:00:00","NO3N.3","M1",608,"CMC","NTWQM",1993-02-01 12:00:00,0.3,"ISM",2,"Water",NA,5.7,"MG/L",NA,NA,NA,2017-10-27 14:48:30,NA,2,NA,1,1,"S","PARTNTID",NA,NA,4,"sample does not have an associated bay program method code"
"610",999,"LRA","ALLARM.LT10","07/01/1993","12:00:00","TDS.1","M1",667,"CMC","NTWQM",1993-07-01 12:00:00,0.3,"ISM",1,"Water",NA,340,"MG/L",NA,NA,NA,2017-10-27 14:48:56,NA,2,NA,1,1,"S","PARTNTID",NA,NA,4,"sample does not have an associated bay program method code"
"611",999,"LRA","ALLARM.LT5","11/01/1993","12:00:00","TDS.1","M1",702,"CMC","NTWQM",1993-11-01 12:00:00,0.3,"ISM",1,"Water",NA,365,"MG/L",NA,NA,NA,2017-10-27 14:49:21,NA,2,NA,1,1,"S","PARTNTID",NA,NA,4,"sample does not have an associated bay program method code"
"612",999,"LRA","ALLARM.LT1","02/01/1993","12:00:00","TDS.1","M1",608,"CMC","NTWQM",1993-02-01 12:00:00,0.3,"ISM",1,"Water",NA,340,"MG/L",NA,NA,NA,2017-10-27 14:48:30,NA,2,NA,1,1,"S","PARTNTID",NA,NA,4,"sample does not have an associated bay program method code"
"613",999,"LRA","ALLARM.LT4","06/01/1993","12:00:00","TDS.1","M1",651,"CMC","NTWQM",1993-06-01 12:00:00,0.3,"ISM",1,"Water",NA,303,"MG/L",NA,NA,NA,2017-10-27 14:48:46,NA,2,NA,1,1,"S","PARTNTID",NA,NA,4,"sample does not have an associated bay program method code"
"614",999,"LRA","ALLARM.LT10","08/01/1993","12:00:00","NO3N.3","M1",677,"CMC","NTWQM",1993-08-01 12:00:00,0.3,"ISM",2,"Water",NA,4.7,"MG/L",NA,NA,NA,2017-10-27 14:49:03,NA,2,NA,1,1,"S","PARTNTID",NA,NA,4,"sample does not have an associated bay program method code"
"615",999,"LRA","ALLARM.LT3","01/01/1993","12:00:00","TDS.1","M1",600,"CMC","NTWQM",1993-01-01 12:00:00,0.3,"ISM",1,"Water",NA,290,"MG/L",NA,NA,NA,2017-10-27 14:48:28,NA,2,NA,1,1,"S","PARTNTID",NA,NA,4,"sample does not have an associated bay program method code"
"616",999,"LRA","ALLARM.LT1","03/01/1993","12:00:00","NO3N.3","M1",618,"CMC","NTWQM",1993-03-01 12:00:00,0.3,"ISM",2,"Water",NA,6.5,"MG/L",NA,NA,NA,2017-10-27 14:48:32,NA,2,NA,1,1,"S","PARTNTID",NA,NA,4,"sample does not have an associated bay program method code"
"617",999,"LRA","ALLARM.LT10","08/01/1993","12:00:00","TDS.1","M1",677,"CMC","NTWQM",1993-08-01 12:00:00,0.3,"ISM",1,"Water",NA,340,"MG/L",NA,NA,NA,2017-10-27 14:49:03,NA,2,NA,1,1,"S","PARTNTID",NA,NA,4,"sample does not have an associated bay program method code"
"618",999,"LRA","ALLARM.LT5","12/01/1993","12:00:00","TDS.1","M1",712,"CMC","NTWQM",1993-12-01 12:00:00,0.3,"ISM",1,"Water",NA,385,"MG/L",NA,NA,NA,2017-10-27 14:49:27,NA,2,NA,1,1,"S","PARTNTID",NA,NA,4,"sample does not have an associated bay program method code"
"619",999,"LRA","ALLARM.LT1","03/01/1993","12:00:00","TDS.1","M1",618,"CMC","NTWQM",1993-03-01 12:00:00,0.3,"ISM",1,"Water",NA,318,"MG/L",NA,NA,NA,2017-10-27 14:48:32,NA,2,NA,1,1,"S","PARTNTID",NA,NA,4,"sample does not have an associated bay program method code"
"620",999,"LRA","ALLARM.LT4","07/01/1993","12:00:00","TDS.1","M1",661,"CMC","NTWQM",1993-07-01 12:00:00,0.3,"ISM",1,"Water",NA,290,"MG/L",NA,NA,NA,2017-10-27 14:48:53,NA,2,NA,1,1,"S","PARTNTID",NA,NA,4,"sample does not have an associated bay program method code"
"621",999,"LRA","ALLARM.LT10","09/01/1993","12:00:00","NO3N.3","M1",687,"CMC","NTWQM",1993-09-01 12:00:00,0.3,"ISM",2,"Water",NA,5.5,"MG/L",NA,NA,NA,2017-10-27 14:49:10,NA,2,NA,1,1,"S","PARTNTID",NA,NA,4,"sample does not have an associated bay program method code"
"622",999,"LRA","ALLARM.LT3","02/01/1993","12:00:00","TDS.1","M1",610,"CMC","NTWQM",1993-02-01 12:00:00,0.3,"ISM",1,"Water",NA,317,"MG/L",NA,NA,NA,2017-10-27 14:48:30,NA,2,NA,1,1,"S","PARTNTID",NA,NA,4,"sample does not have an associated bay program method code"
"623",999,"LRA","ALLARM.LT1","04/01/1993","12:00:00","NO3N.3","M1",628,"CMC","NTWQM",1993-04-01 12:00:00,0.3,"ISM",2,"Water",NA,7.6,"MG/L",NA,NA,NA,2017-10-27 14:48:36,NA,2,NA,1,1,"S","PARTNTID",NA,NA,4,"sample does not have an associated bay program method code"
"624",999,"LRA","ALLARM.LT10","09/01/1993","12:00:00","TDS.1","M1",687,"CMC","NTWQM",1993-09-01 12:00:00,0.3,"ISM",1,"Water",NA,400,"MG/L",NA,NA,NA,2017-10-27 14:49:10,NA,2,NA,1,1,"S","PARTNTID",NA,NA,4,"sample does not have an associated bay program method code"
"625",999,"LRA","ALLARM.LT6","01/01/1993","12:00:00","TDS.1","M1",603,"CMC","NTWQM",1993-01-01 12:00:00,0.3,"ISM",1,"Water",NA,395,"MG/L",NA,NA,NA,2017-10-27 14:48:28,NA,2,NA,1,1,"S","PARTNTID",NA,NA,4,"sample does not have an associated bay program method code"
"626",999,"LRA","ALLARM.LT1","04/01/1993","12:00:00","TDS.1","M1",628,"CMC","NTWQM",1993-04-01 12:00:00,0.3,"ISM",1,"Water",NA,290,"MG/L",NA,NA,NA,2017-10-27 14:48:36,NA,2,NA,1,1,"S","PARTNTID",NA,NA,4,"sample does not have an associated bay program method code"
"627",999,"LRA","ALLARM.LT4","08/01/1993","12:00:00","TDS.1","M1",671,"CMC","NTWQM",1993-08-01 12:00:00,0.3,"ISM",1,"Water",NA,300,"MG/L",NA,NA,NA,2017-10-27 14:48:59,NA,2,NA,1,1,"S","PARTNTID",NA,NA,4,"sample does not have an associated bay program method code"
"628",999,"LRA","ALLARM.LT10","10/01/1993","12:00:00","NO3N.3","M1",697,"CMC","NTWQM",1993-10-01 12:00:00,0.3,"ISM",2,"Water",NA,3,"MG/L",NA,NA,NA,2017-10-27 14:49:17,NA,2,NA,1,1,"S","PARTNTID",NA,NA,4,"sample does not have an associated bay program method code"
"629",999,"LRA","ALLARM.LT3","03/01/1993","12:00:00","TDS.1","M1",620,"CMC","NTWQM",1993-03-01 12:00:00,0.3,"ISM",1,"Water",NA,280,"MG/L",NA,NA,NA,2017-10-27 14:48:33,NA,2,NA,1,1,"S","PARTNTID",NA,NA,4,"sample does not have an associated bay program method code"
"630",999,"LRA","ALLARM.LT1","05/01/1993","12:00:00","NO3N.3","M1",638,"CMC","NTWQM",1993-05-01 12:00:00,0.3,"ISM",2,"Water",NA,5.6,"MG/L",NA,NA,NA,2017-10-27 14:48:39,NA,2,NA,1,1,"S","PARTNTID",NA,NA,4,"sample does not have an associated bay program method code"
"631",999,"LRA","ALLARM.LT10","10/01/1993","12:00:00","TDS.1","M1",697,"CMC","NTWQM",1993-10-01 12:00:00,0.3,"ISM",1,"Water",NA,410,"MG/L",NA,NA,NA,2017-10-27 14:49:17,NA,2,NA,1,1,"S","PARTNTID",NA,NA,4,"sample does not have an associated bay program method code"
"632",999,"LRA","ALLARM.LT6","02/01/1993","12:00:00","TDS.1","M1",613,"CMC","NTWQM",1993-02-01 12:00:00,0.3,"ISM",1,"Water",NA,467,"MG/L",NA,NA,NA,2017-10-27 14:48:31,NA,2,NA,1,1,"S","PARTNTID",NA,NA,4,"sample does not have an associated bay program method code"
"633",999,"LRA","ALLARM.LT1","05/01/1993","12:00:00","TDS.1","M1",638,"CMC","NTWQM",1993-05-01 12:00:00,0.3,"ISM",1,"Water",NA,283,"MG/L",NA,NA,NA,2017-10-27 14:48:39,NA,2,NA,1,1,"S","PARTNTID",NA,NA,4,"sample does not have an associated bay program method code"
"634",999,"LRA","ALLARM.LT4","09/01/1993","12:00:00","TDS.1","M1",681,"CMC","NTWQM",1993-09-01 12:00:00,0.3,"ISM",1,"Water",NA,350,"MG/L",NA,NA,NA,2017-10-27 14:49:05,NA,2,NA,1,1,"S","PARTNTID",NA,NA,4,"sample does not have an associated bay program method code"
"635",999,"LRA","ALLARM.LT10","11/01/1993","12:00:00","NO3N.3","M1",707,"CMC","NTWQM",1993-11-01 12:00:00,0.3,"ISM",2,"Water",NA,3.3,"MG/L",NA,NA,NA,2017-10-27 14:49:24,NA,2,NA,1,1,"S","PARTNTID",NA,NA,4,"sample does not have an associated bay program method code"
"636",999,"LRA","ALLARM.LT3","04/01/1993","12:00:00","TDS.1","M1",630,"CMC","NTWQM",1993-04-01 12:00:00,0.3,"ISM",1,"Water",NA,315,"MG/L",NA,NA,NA,2017-10-27 14:48:37,NA,2,NA,1,1,"S","PARTNTID",NA,NA,4,"sample does not have an associated bay program method code"
"637",999,"LRA","ALLARM.LT1","06/01/1993","12:00:00","NO3N.3","M1",648,"CMC","NTWQM",1993-06-01 12:00:00,0.3,"ISM",2,"Water",NA,4.5,"MG/L",NA,NA,NA,2017-10-27 14:48:45,NA,2,NA,1,1,"S","PARTNTID",NA,NA,4,"sample does not have an associated bay program method code"
"638",999,"LRA","ALLARM.LT10","11/01/1993","12:00:00","TDS.1","M1",707,"CMC","NTWQM",1993-11-01 12:00:00,0.3,"ISM",1,"Water",NA,405,"MG/L",NA,NA,NA,2017-10-27 14:49:24,NA,2,NA,1,1,"S","PARTNTID",NA,NA,4,"sample does not have an associated bay program method code"
"639",999,"LRA","ALLARM.LT6","03/01/1993","12:00:00","TDS.1","M1",623,"CMC","NTWQM",1993-03-01 12:00:00,0.3,"ISM",1,"Water",NA,360,"MG/L",NA,NA,NA,2017-10-27 14:48:34,NA,2,NA,1,1,"S","PARTNTID",NA,NA,4,"sample does not have an associated bay program method code"
"640",999,"LRA","ALLARM.LT1","06/01/1993","12:00:00","TDS.1","M1",648,"CMC","NTWQM",1993-06-01 12:00:00,0.3,"ISM",1,"Water",NA,290,"MG/L",NA,NA,NA,2017-10-27 14:48:45,NA,2,NA,1,1,"S","PARTNTID",NA,NA,4,"sample does not have an associated bay program method code"
"641",999,"LRA","ALLARM.LT4","10/01/1993","12:00:00","TDS.1","M1",691,"CMC","NTWQM",1993-10-01 12:00:00,0.3,"ISM",1,"Water",NA,360,"MG/L",NA,NA,NA,2017-10-27 14:49:13,NA,2,NA,1,1,"S","PARTNTID",NA,NA,4,"sample does not have an associated bay program method code"
"642",999,"LRA","ALLARM.LT10","12/01/1993","12:00:00","NO3N.3","M1",717,"CMC","NTWQM",1993-12-01 12:00:00,0.3,"ISM",2,"Water",NA,2.3,"MG/L",NA,NA,NA,2017-10-27 14:49:32,NA,2,NA,1,1,"S","PARTNTID",NA,NA,4,"sample does not have an associated bay program method code"
"643",999,"LRA","ALLARM.LT3","05/01/1993","12:00:00","TDS.1","M1",640,"CMC","NTWQM",1993-05-01 12:00:00,0.3,"ISM",1,"Water",NA,300,"MG/L",NA,NA,NA,2017-10-27 14:48:40,NA,2,NA,1,1,"S","PARTNTID",NA,NA,4,"sample does not have an associated bay program method code"
"644",999,"LRA","ALLARM.LT1","07/01/1993","12:00:00","NO3N.3","M1",658,"CMC","NTWQM",1993-07-01 12:00:00,0.3,"ISM",2,"Water",NA,7.2,"MG/L",NA,NA,NA,2017-10-27 14:48:51,NA,2,NA,1,1,"S","PARTNTID",NA,NA,4,"sample does not have an associated bay program method code"
"645",999,"LRA","ALLARM.LT10","12/01/1993","12:00:00","TDS.1","M1",717,"CMC","NTWQM",1993-12-01 12:00:00,0.3,"ISM",1,"Water",NA,445,"MG/L",NA,NA,NA,2017-10-27 14:49:32,NA,2,NA,1,1,"S","PARTNTID",NA,NA,4,"sample does not have an associated bay program method code"
"646",999,"LRA","ALLARM.LT6","04/01/1993","12:00:00","TDS.1","M1",633,"CMC","NTWQM",1993-04-01 12:00:00,0.3,"ISM",1,"Water",NA,330,"MG/L",NA,NA,NA,2017-10-27 14:48:38,NA,2,NA,1,1,"S","PARTNTID",NA,NA,4,"sample does not have an associated bay program method code"
"647",999,"LRA","ALLARM.LT1","07/01/1993","12:00:00","TDS.1","M1",658,"CMC","NTWQM",1993-07-01 12:00:00,0.3,"ISM",1,"Water",NA,283,"MG/L",NA,NA,NA,2017-10-27 14:48:51,NA,2,NA,1,1,"S","PARTNTID",NA,NA,4,"sample does not have an associated bay program method code"
"648",999,"LRA","ALLARM.LT4","11/01/1993","12:00:00","TDS.1","M1",701,"CMC","NTWQM",1993-11-01 12:00:00,0.3,"ISM",1,"Water",NA,370,"MG/L",NA,NA,NA,2017-10-27 14:49:20,NA,2,NA,1,1,"S","PARTNTID",NA,NA,4,"sample does not have an associated bay program method code"
"649",999,"LRA","ALLARM.LT2","01/01/1993","12:00:00","NO3N.3","M1",599,"CMC","NTWQM",1993-01-01 12:00:00,0.3,"ISM",2,"Water",NA,5.9,"MG/L",NA,NA,NA,2017-10-27 14:48:28,NA,2,NA,1,1,"S","PARTNTID",NA,NA,4,"sample does not have an associated bay program method code"
"650",999,"LRA","ALLARM.LT3","06/01/1993","12:00:00","TDS.1","M1",650,"CMC","NTWQM",1993-06-01 12:00:00,0.3,"ISM",1,"Water",NA,297,"MG/L",NA,NA,NA,2017-10-27 14:48:46,NA,2,NA,1,1,"S","PARTNTID",NA,NA,4,"sample does not have an associated bay program method code"
"651",999,"LRA","ALLARM.LT1","08/01/1993","12:00:00","NO3N.3","M1",668,"CMC","NTWQM",1993-08-01 12:00:00,0.3,"ISM",2,"Water",NA,5.5,"MG/L",NA,NA,NA,2017-10-27 14:48:57,NA,2,NA,1,1,"S","PARTNTID",NA,NA,4,"sample does not have an associated bay program method code"
"652",999,"LRA","ALLARM.LT2","01/01/1993","12:00:00","TDS.1","M1",599,"CMC","NTWQM",1993-01-01 12:00:00,0.3,"ISM",1,"Water",NA,330,"MG/L",NA,NA,NA,2017-10-27 14:48:28,NA,2,NA,1,1,"S","PARTNTID",NA,NA,4,"sample does not have an associated bay program method code"
"653",999,"LRA","ALLARM.LT6","05/01/1993","12:00:00","TDS.1","M1",643,"CMC","NTWQM",1993-05-01 12:00:00,0.3,"ISM",1,"Water",NA,323,"MG/L",NA,NA,NA,2017-10-27 14:48:42,NA,2,NA,1,1,"S","PARTNTID",NA,NA,4,"sample does not have an associated bay program method code"
"654",999,"LRA","ALLARM.LT1","08/01/1993","12:00:00","TDS.1","M1",668,"CMC","NTWQM",1993-08-01 12:00:00,0.3,"ISM",1,"Water",NA,287,"MG/L",NA,NA,NA,2017-10-27 14:48:57,NA,2,NA,1,1,"S","PARTNTID",NA,NA,4,"sample does not have an associated bay program method code"
"655",999,"LRA","ALLARM.LT4","12/01/1993","12:00:00","TDS.1","M1",711,"CMC","NTWQM",1993-12-01 12:00:00,0.3,"ISM",1,"Water",NA,370,"MG/L",NA,NA,NA,2017-10-27 14:49:27,NA,2,NA,1,1,"S","PARTNTID",NA,NA,4,"sample does not have an associated bay program method code"
"656",999,"LRA","ALLARM.LT2","02/01/1993","12:00:00","NO3N.3","M1",609,"CMC","NTWQM",1993-02-01 12:00:00,0.3,"ISM",2,"Water",NA,6.7,"MG/L",NA,NA,NA,2017-10-27 14:48:30,NA,2,NA,1,1,"S","PARTNTID",NA,NA,4,"sample does not have an associated bay program method code"
"657",999,"LRA","ALLARM.LT3","07/01/1993","12:00:00","TDS.1","M1",660,"CMC","NTWQM",1993-07-01 12:00:00,0.3,"ISM",1,"Water",NA,290,"MG/L",NA,NA,NA,2017-10-27 14:48:52,NA,2,NA,1,1,"S","PARTNTID",NA,NA,4,"sample does not have an associated bay program method code"
"658",999,"LRA","ALLARM.LT1","09/01/1993","12:00:00","NO3N.3","M1",678,"CMC","NTWQM",1993-09-01 12:00:00,0.3,"ISM",2,"Water",NA,6,"MG/L",NA,NA,NA,2017-10-27 14:49:03,NA,2,NA,1,1,"S","PARTNTID",NA,NA,4,"sample does not have an associated bay program method code"
"659",999,"LRA","ALLARM.LT2","02/01/1993","12:00:00","TDS.1","M1",609,"CMC","NTWQM",1993-02-01 12:00:00,0.3,"ISM",1,"Water",NA,303,"MG/L",NA,NA,NA,2017-10-27 14:48:30,NA,2,NA,1,1,"S","PARTNTID",NA,NA,4,"sample does not have an associated bay program method code"
"660",999,"LRA","ALLARM.LT6","06/01/1993","12:00:00","TDS.1","M1",653,"CMC","NTWQM",1993-06-01 12:00:00,0.3,"ISM",1,"Water",NA,307,"MG/L",NA,NA,NA,2017-10-27 14:48:48,NA,2,NA,1,1,"S","PARTNTID",NA,NA,4,"sample does not have an associated bay program method code"
"661",999,"LRA","ALLARM.LT1","09/01/1993","12:00:00","TDS.1","M1",678,"CMC","NTWQM",1993-09-01 12:00:00,0.3,"ISM",1,"Water",NA,320,"MG/L",NA,NA,NA,2017-10-27 14:49:03,NA,2,NA,1,1,"S","PARTNTID",NA,NA,4,"sample does not have an associated bay program method code"
"662",999,"LRA","ALLARM.LT5","01/01/1993","12:00:00","TDS.1","M1",602,"CMC","NTWQM",1993-01-01 12:00:00,0.3,"ISM",1,"Water",NA,395,"MG/L",NA,NA,NA,2017-10-27 14:48:28,NA,2,NA,1,1,"S","PARTNTID",NA,NA,4,"sample does not have an associated bay program method code"
"663",999,"LRA","ALLARM.LT2","03/01/1993","12:00:00","NO3N.3","M1",619,"CMC","NTWQM",1993-03-01 12:00:00,0.3,"ISM",2,"Water",NA,7.3,"MG/L",NA,NA,NA,2017-10-27 14:48:32,NA,2,NA,1,1,"S","PARTNTID",NA,NA,4,"sample does not have an associated bay program method code"
"664",999,"LRA","ALLARM.LT3","08/01/1993","12:00:00","TDS.1","M1",670,"CMC","NTWQM",1993-08-01 12:00:00,0.3,"ISM",1,"Water",NA,297,"MG/L",NA,NA,NA,2017-10-27 14:48:58,NA,2,NA,1,1,"S","PARTNTID",NA,NA,4,"sample does not have an associated bay program method code"
"665",999,"LRA","ALLARM.LT1","10/01/1993","12:00:00","NO3N.3","M1",688,"CMC","NTWQM",1993-10-01 12:00:00,0.3,"ISM",2,"Water",NA,4.4,"MG/L",NA,NA,NA,2017-10-27 14:49:11,NA,2,NA,1,1,"S","PARTNTID",NA,NA,4,"sample does not have an associated bay program method code"
"666",999,"LRA","ALLARM.LT2","03/01/1993","12:00:00","TDS.1","M1",619,"CMC","NTWQM",1993-03-01 12:00:00,0.3,"ISM",1,"Water",NA,287,"MG/L",NA,NA,NA,2017-10-27 14:48:32,NA,2,NA,1,1,"S","PARTNTID",NA,NA,4,"sample does not have an associated bay program method code"
"667",999,"LRA","ALLARM.LT6","07/01/1993","12:00:00","TDS.1","M1",663,"CMC","NTWQM",1993-07-01 12:00:00,0.3,"ISM",1,"Water",NA,303,"MG/L",NA,NA,NA,2017-10-27 14:48:54,NA,2,NA,1,1,"S","PARTNTID",NA,NA,4,"sample does not have an associated bay program method code"
"668",999,"LRA","ALLARM.LT1","10/01/1993","12:00:00","TDS.1","M1",688,"CMC","NTWQM",1993-10-01 12:00:00,0.3,"ISM",1,"Water",NA,320,"MG/L",NA,NA,NA,2017-10-27 14:49:11,NA,2,NA,1,1,"S","PARTNTID",NA,NA,4,"sample does not have an associated bay program method code"
"669",999,"LRA","ALLARM.LT5","02/01/1993","12:00:00","TDS.1","M1",612,"CMC","NTWQM",1993-02-01 12:00:00,0.3,"ISM",1,"Water",NA,330,"MG/L",NA,NA,NA,2017-10-27 14:48:31,NA,2,NA,1,1,"S","PARTNTID",NA,NA,4,"sample does not have an associated bay program method code"
"670",999,"LRA","ALLARM.LT2","04/01/1993","12:00:00","NO3N.3","M1",629,"CMC","NTWQM",1993-04-01 12:00:00,0.3,"ISM",2,"Water",NA,5.8,"MG/L",NA,NA,NA,2017-10-27 14:48:36,NA,2,NA,1,1,"S","PARTNTID",NA,NA,4,"sample does not have an associated bay program method code"
"671",999,"LRA","ALLARM.LT3","09/01/1993","12:00:00","TDS.1","M1",680,"CMC","NTWQM",1993-09-01 12:00:00,0.3,"ISM",1,"Water",NA,337,"MG/L",NA,NA,NA,2017-10-27 14:49:05,NA,2,NA,1,1,"S","PARTNTID",NA,NA,4,"sample does not have an associated bay program method code"
"672",999,"LRA","ALLARM.LT1","11/01/1993","12:00:00","NO3N.3","M1",698,"CMC","NTWQM",1993-11-01 12:00:00,0.3,"ISM",2,"Water",NA,3.9,"MG/L",NA,NA,NA,2017-10-27 14:49:18,NA,2,NA,1,1,"S","PARTNTID",NA,NA,4,"sample does not have an associated bay program method code"
"673",999,"LRA","ALLARM.LT2","04/01/1993","12:00:00","TDS.1","M1",629,"CMC","NTWQM",1993-04-01 12:00:00,0.3,"ISM",1,"Water",NA,295,"MG/L",NA,NA,NA,2017-10-27 14:48:36,NA,2,NA,1,1,"S","PARTNTID",NA,NA,4,"sample does not have an associated bay program method code"
"674",999,"LRA","ALLARM.LT6","08/01/1993","12:00:00","TDS.1","M1",673,"CMC","NTWQM",1993-08-01 12:00:00,0.3,"ISM",1,"Water",NA,300,"MG/L",NA,NA,NA,2017-10-27 14:49:00,NA,2,NA,1,1,"S","PARTNTID",NA,NA,4,"sample does not have an associated bay program method code"
"675",999,"LRA","ALLARM.LT1","11/01/1993","12:00:00","TDS.1","M1",698,"CMC","NTWQM",1993-11-01 12:00:00,0.3,"ISM",1,"Water",NA,330,"MG/L",NA,NA,NA,2017-10-27 14:49:18,NA,2,NA,1,1,"S","PARTNTID",NA,NA,4,"sample does not have an associated bay program method code"
"676",999,"LRA","ALLARM.LT5","03/01/1993","12:00:00","TDS.1","M1",622,"CMC","NTWQM",1993-03-01 12:00:00,0.3,"ISM",1,"Water",NA,360,"MG/L",NA,NA,NA,2017-10-27 14:48:33,NA,2,NA,1,1,"S","PARTNTID",NA,NA,4,"sample does not have an associated bay program method code"
"677",999,"LRA","ALLARM.LT2","05/01/1993","12:00:00","NO3N.3","M1",639,"CMC","NTWQM",1993-05-01 12:00:00,0.3,"ISM",2,"Water",NA,5.3,"MG/L",NA,NA,NA,2017-10-27 14:48:40,NA,2,NA,1,1,"S","PARTNTID",NA,NA,4,"sample does not have an associated bay program method code"
"678",999,"LRA","ALLARM.LT3","10/01/1993","12:00:00","TDS.1","M1",690,"CMC","NTWQM",1993-10-01 12:00:00,0.3,"ISM",1,"Water",NA,340,"MG/L",NA,NA,NA,2017-10-27 14:49:12,NA,2,NA,1,1,"S","PARTNTID",NA,NA,4,"sample does not have an associated bay program method code"
"679",999,"LRA","ALLARM.LT1","12/01/1993","12:00:00","NO3N.3","M1",708,"CMC","NTWQM",1993-12-01 12:00:00,0.3,"ISM",2,"Water",NA,2.1,"MG/L",NA,NA,NA,2017-10-27 14:49:25,NA,2,NA,1,1,"S","PARTNTID",NA,NA,4,"sample does not have an associated bay program method code"
"680",999,"LRA","ALLARM.LT2","05/01/1993","12:00:00","TDS.1","M1",639,"CMC","NTWQM",1993-05-01 12:00:00,0.3,"ISM",1,"Water",NA,293,"MG/L",NA,NA,NA,2017-10-27 14:48:40,NA,2,NA,1,1,"S","PARTNTID",NA,NA,4,"sample does not have an associated bay program method code"
"681",999,"LRA","ALLARM.LT6","09/01/1993","12:00:00","TDS.1","M1",683,"CMC","NTWQM",1993-09-01 12:00:00,0.3,"ISM",1,"Water",NA,350,"MG/L",NA,NA,NA,2017-10-27 14:49:07,NA,2,NA,1,1,"S","PARTNTID",NA,NA,4,"sample does not have an associated bay program method code"
"682",999,"LRA","ALLARM.LT1","12/01/1993","12:00:00","TDS.1","M1",708,"CMC","NTWQM",1993-12-01 12:00:00,0.3,"ISM",1,"Water",NA,370,"MG/L",NA,NA,NA,2017-10-27 14:49:25,NA,2,NA,1,1,"S","PARTNTID",NA,NA,4,"sample does not have an associated bay program method code"
"683",999,"LRA","ALLARM.LT5","04/01/1993","12:00:00","TDS.1","M1",632,"CMC","NTWQM",1993-04-01 12:00:00,0.3,"ISM",1,"Water",NA,330,"MG/L",NA,NA,NA,2017-10-27 14:48:37,NA,2,NA,1,1,"S","PARTNTID",NA,NA,4,"sample does not have an associated bay program method code"
"684",999,"LRA","ALLARM.LT2","06/01/1993","12:00:00","NO3N.3","M1",649,"CMC","NTWQM",1993-06-01 12:00:00,0.3,"ISM",2,"Water",NA,3.5,"MG/L",NA,NA,NA,2017-10-27 14:48:45,NA,2,NA,1,1,"S","PARTNTID",NA,NA,4,"sample does not have an associated bay program method code"
"685",999,"LRA","ALLARM.LT3","11/01/1993","12:00:00","TDS.1","M1",700,"CMC","NTWQM",1993-11-01 12:00:00,0.3,"ISM",1,"Water",NA,360,"MG/L",NA,NA,NA,2017-10-27 14:49:19,NA,2,NA,1,1,"S","PARTNTID",NA,NA,4,"sample does not have an associated bay program method code"
"686",999,"LRA","ALLARM.LT10","01/01/1993","12:00:00","NO3N.3","M1",607,"CMC","NTWQM",1993-01-01 12:00:00,0.3,"ISM",2,"Water",NA,6,"MG/L",NA,NA,NA,2017-10-27 14:48:30,NA,2,NA,1,1,"S","PARTNTID",NA,NA,4,"sample does not have an associated bay program method code"
"687",999,"LRA","ALLARM.LT2","06/01/1993","12:00:00","TDS.1","M1",649,"CMC","NTWQM",1993-06-01 12:00:00,0.3,"ISM",1,"Water",NA,270,"MG/L",NA,NA,NA,2017-10-27 14:48:45,NA,2,NA,1,1,"S","PARTNTID",NA,NA,4,"sample does not have an associated bay program method code"
"688",999,"LRA","ALLARM.LT6","10/01/1993","12:00:00","TDS.1","M1",693,"CMC","NTWQM",1993-10-01 12:00:00,0.3,"ISM",1,"Water",NA,360,"MG/L",NA,NA,NA,2017-10-27 14:49:14,NA,2,NA,1,1,"S","PARTNTID",NA,NA,4,"sample does not have an associated bay program method code"
"689",999,"LRA","ALLARM.LT10","01/01/1993","12:00:00","TDS.1","M1",607,"CMC","NTWQM",1993-01-01 12:00:00,0.3,"ISM",1,"Water",NA,440,"MG/L",NA,NA,NA,2017-10-27 14:48:30,NA,2,NA,1,1,"S","PARTNTID",NA,NA,4,"sample does not have an associated bay program method code"
"690",999,"LRA","ALLARM.LT5","05/01/1993","12:00:00","TDS.1","M1",642,"CMC","NTWQM",1993-05-01 12:00:00,0.3,"ISM",1,"Water",NA,317,"MG/L",NA,NA,NA,2017-10-27 14:48:42,NA,2,NA,1,1,"S","PARTNTID",NA,NA,4,"sample does not have an associated bay program method code"
"691",999,"LRA","ALLARM.LT2","07/01/1993","12:00:00","NO3N.3","M1",659,"CMC","NTWQM",1993-07-01 12:00:00,0.3,"ISM",2,"Water",NA,7.5,"MG/L",NA,NA,NA,2017-10-27 14:48:51,NA,2,NA,1,1,"S","PARTNTID",NA,NA,4,"sample does not have an associated bay program method code"
"692",999,"LRA","ALLARM.LT3","12/01/1993","12:00:00","TDS.1","M1",710,"CMC","NTWQM",1993-12-01 12:00:00,0.3,"ISM",1,"Water",NA,280,"MG/L",NA,NA,NA,2017-10-27 14:49:26,NA,2,NA,1,1,"S","PARTNTID",NA,NA,4,"sample does not have an associated bay program method code"
"693",999,"LRA","ALLARM.LT10","02/01/1993","12:00:00","NO3N.3","M1",617,"CMC","NTWQM",1993-02-01 12:00:00,0.3,"ISM",2,"Water",NA,5.4,"MG/L",NA,NA,NA,2017-10-27 14:48:32,NA,2,NA,1,1,"S","PARTNTID",NA,NA,4,"sample does not have an associated bay program method code"
"694",999,"LRA","ALLARM.LT2","07/01/1993","12:00:00","TDS.1","M1",659,"CMC","NTWQM",1993-07-01 12:00:00,0.3,"ISM",1,"Water",NA,263,"MG/L",NA,NA,NA,2017-10-27 14:48:51,NA,2,NA,1,1,"S","PARTNTID",NA,NA,4,"sample does not have an associated bay program method code"
"695",999,"LRA","ALLARM.LT6","11/01/1993","12:00:00","TDS.1","M1",703,"CMC","NTWQM",1993-11-01 12:00:00,0.3,"ISM",1,"Water",NA,360,"MG/L",NA,NA,NA,2017-10-27 14:49:21,NA,2,NA,1,1,"S","PARTNTID",NA,NA,4,"sample does not have an associated bay program method code"
"696",999,"LRA","ALLARM.LT10","02/01/1993","12:00:00","TDS.1","M1",617,"CMC","NTWQM",1993-02-01 12:00:00,0.3,"ISM",1,"Water",NA,377,"MG/L",NA,NA,NA,2017-10-27 14:48:32,NA,2,NA,1,1,"S","PARTNTID",NA,NA,4,"sample does not have an associated bay program method code"
"697",999,"LRA","ALLARM.LT5","06/01/1993","12:00:00","TDS.1","M1",652,"CMC","NTWQM",1993-06-01 12:00:00,0.3,"ISM",1,"Water",NA,307,"MG/L",NA,NA,NA,2017-10-27 14:48:47,NA,2,NA,1,1,"S","PARTNTID",NA,NA,4,"sample does not have an associated bay program method code"
"698",999,"LRA","ALLARM.LT2","08/01/1993","12:00:00","NO3N.3","M1",669,"CMC","NTWQM",1993-08-01 12:00:00,0.3,"ISM",2,"Water",NA,5.4,"MG/L",NA,NA,NA,2017-10-27 14:48:58,NA,2,NA,1,1,"S","PARTNTID",NA,NA,4,"sample does not have an associated bay program method code"
"699",999,"LRA","ALLARM.LT4","01/01/1993","12:00:00","TDS.1","M1",601,"CMC","NTWQM",1993-01-01 12:00:00,0.3,"ISM",1,"Water",NA,385,"MG/L",NA,NA,NA,2017-10-27 14:48:28,NA,2,NA,1,1,"S","PARTNTID",NA,NA,4,"sample does not have an associated bay program method code"
"700",999,"LRA","ALLARM.LT10","03/01/1993","12:00:00","NO3N.3","M1",627,"CMC","NTWQM",1993-03-01 12:00:00,0.3,"ISM",2,"Water",NA,5.9,"MG/L",NA,NA,NA,2017-10-27 14:48:36,NA,2,NA,1,1,"S","PARTNTID",NA,NA,4,"sample does not have an associated bay program method code"
"701",999,"LRA","ALLARM.LT2","08/01/1993","12:00:00","TDS.1","M1",669,"CMC","NTWQM",1993-08-01 12:00:00,0.3,"ISM",1,"Water",NA,270,"MG/L",NA,NA,NA,2017-10-27 14:48:58,NA,2,NA,1,1,"S","PARTNTID",NA,NA,4,"sample does not have an associated bay program method code"
"702",999,"LRA","ALLARM.LT6","12/01/1993","12:00:00","TDS.1","M1",713,"CMC","NTWQM",1993-12-01 12:00:00,0.3,"ISM",1,"Water",NA,385,"MG/L",NA,NA,NA,2017-10-27 14:49:28,NA,2,NA,1,1,"S","PARTNTID",NA,NA,4,"sample does not have an associated bay program method code"
"703",999,"LRA","ALLARM.LT10","03/01/1993","12:00:00","TDS.1","M1",627,"CMC","NTWQM",1993-03-01 12:00:00,0.3,"ISM",1,"Water",NA,437,"MG/L",NA,NA,NA,2017-10-27 14:48:36,NA,2,NA,1,1,"S","PARTNTID",NA,NA,4,"sample does not have an associated bay program method code"
"704",999,"LRA","ALLARM.LT5","07/01/1993","12:00:00","TDS.1","M1",662,"CMC","NTWQM",1993-07-01 12:00:00,0.3,"ISM",1,"Water",NA,303,"MG/L",NA,NA,NA,2017-10-27 14:48:53,NA,2,NA,1,1,"S","PARTNTID",NA,NA,4,"sample does not have an associated bay program method code"
"705",999,"LRA","ALLARM.LT2","09/01/1993","12:00:00","NO3N.3","M1",679,"CMC","NTWQM",1993-09-01 12:00:00,0.3,"ISM",2,"Water",NA,6.1,"MG/L",NA,NA,NA,2017-10-27 14:49:04,NA,2,NA,1,1,"S","PARTNTID",NA,NA,4,"sample does not have an associated bay program method code"
"706",999,"LRA","ALLARM.LT4","02/01/1993","12:00:00","TDS.1","M1",611,"CMC","NTWQM",1993-02-01 12:00:00,0.3,"ISM",1,"Water",NA,333,"MG/L",NA,NA,NA,2017-10-27 14:48:30,NA,2,NA,1,1,"S","PARTNTID",NA,NA,4,"sample does not have an associated bay program method code"
"707",999,"LRA","ALLARM.LT10","04/01/1993","12:00:00","NO3N.3","M1",637,"CMC","NTWQM",1993-04-01 12:00:00,0.3,"ISM",2,"Water",NA,6.4,"MG/L",NA,NA,NA,2017-10-27 14:48:39,NA,2,NA,1,1,"S","PARTNTID",NA,NA,4,"sample does not have an associated bay program method code"
"708",999,"LRA","ALLARM.LT2","09/01/1993","12:00:00","TDS.1","M1",679,"CMC","NTWQM",1993-09-01 12:00:00,0.3,"ISM",1,"Water",NA,303,"MG/L",NA,NA,NA,2017-10-27 14:49:04,NA,2,NA,1,1,"S","PARTNTID",NA,NA,4,"sample does not have an associated bay program method code"
"709",999,"LRA","ALLARM.LT7","01/01/1993","12:00:00","TDS.1","M1",604,"CMC","NTWQM",1993-01-01 12:00:00,0.3,"ISM",1,"Water",NA,425,"MG/L",NA,NA,NA,2017-10-27 14:48:29,NA,2,NA,1,1,"S","PARTNTID",NA,NA,4,"sample does not have an associated bay program method code"
"710",999,"LRA","ALLARM.LT10","04/01/1993","12:00:00","TDS.1","M1",637,"CMC","NTWQM",1993-04-01 12:00:00,0.3,"ISM",1,"Water",NA,370,"MG/L",NA,NA,NA,2017-10-27 14:48:39,NA,2,NA,1,1,"S","PARTNTID",NA,NA,4,"sample does not have an associated bay program method code"
"711",999,"LRA","ALLARM.LT5","08/01/1993","12:00:00","TDS.1","M1",672,"CMC","NTWQM",1993-08-01 12:00:00,0.3,"ISM",1,"Water",NA,302,"MG/L",NA,NA,NA,2017-10-27 14:49:00,NA,2,NA,1,1,"S","PARTNTID",NA,NA,4,"sample does not have an associated bay program method code"
"712",999,"LRA","ALLARM.LT2","10/01/1993","12:00:00","NO3N.3","M1",689,"CMC","NTWQM",1993-10-01 12:00:00,0.3,"ISM",2,"Water",NA,5.6,"MG/L",NA,NA,NA,2017-10-27 14:49:11,NA,2,NA,1,1,"S","PARTNTID",NA,NA,4,"sample does not have an associated bay program method code"
"713",999,"LRA","ALLARM.LT4","03/01/1993","12:00:00","TDS.1","M1",621,"CMC","NTWQM",1993-03-01 12:00:00,0.3,"ISM",1,"Water",NA,347,"MG/L",NA,NA,NA,2017-10-27 14:48:33,NA,2,NA,1,1,"S","PARTNTID",NA,NA,4,"sample does not have an associated bay program method code"
"714",999,"LRA","ALLARM.LT10","05/01/1993","12:00:00","NO3N.3","M1",647,"CMC","NTWQM",1993-05-01 12:00:00,0.3,"ISM",2,"Water",NA,4.4,"MG/L",NA,NA,NA,2017-10-27 14:48:44,NA,2,NA,1,1,"S","PARTNTID",NA,NA,4,"sample does not have an associated bay program method code"
"715",999,"LRA","ALLARM.LT2","10/01/1993","12:00:00","TDS.1","M1",689,"CMC","NTWQM",1993-10-01 12:00:00,0.3,"ISM",1,"Water",NA,270,"MG/L",NA,NA,NA,2017-10-27 14:49:11,NA,2,NA,1,1,"S","PARTNTID",NA,NA,4,"sample does not have an associated bay program method code"
"716",999,"LRA","ALLARM.LT7","02/01/1993","12:00:00","TDS.1","M1",614,"CMC","NTWQM",1993-02-01 12:00:00,0.3,"ISM",1,"Water",NA,430,"MG/L",NA,NA,NA,2017-10-27 14:48:31,NA,2,NA,1,1,"S","PARTNTID",NA,NA,4,"sample does not have an associated bay program method code"
"717",999,"LRA","ALLARM.LT10","05/01/1993","12:00:00","TDS.1","M1",647,"CMC","NTWQM",1993-05-01 12:00:00,0.3,"ISM",1,"Water",NA,360,"MG/L",NA,NA,NA,2017-10-27 14:48:44,NA,2,NA,1,1,"S","PARTNTID",NA,NA,4,"sample does not have an associated bay program method code"
"718",999,"LRA","ALLARM.LT5","09/01/1993","12:00:00","TDS.1","M1",682,"CMC","NTWQM",1993-09-01 12:00:00,0.3,"ISM",1,"Water",NA,350,"MG/L",NA,NA,NA,2017-10-27 14:49:06,NA,2,NA,1,1,"S","PARTNTID",NA,NA,4,"sample does not have an associated bay program method code"
"719",999,"LRA","ALLARM.LT2","11/01/1993","12:00:00","NO3N.3","M1",699,"CMC","NTWQM",1993-11-01 12:00:00,0.3,"ISM",2,"Water",NA,4,"MG/L",NA,NA,NA,2017-10-27 14:49:18,NA,2,NA,1,1,"S","PARTNTID",NA,NA,4,"sample does not have an associated bay program method code"
"720",999,"LRA","ALLARM.LT4","04/01/1993","12:00:00","TDS.1","M1",631,"CMC","NTWQM",1993-04-01 12:00:00,0.3,"ISM",1,"Water",NA,325,"MG/L",NA,NA,NA,2017-10-27 14:48:37,NA,2,NA,1,1,"S","PARTNTID",NA,NA,4,"sample does not have an associated bay program method code"
"721",999,"LRA","ALLARM.LT10","06/01/1993","12:00:00","NO3N.3","M1",657,"CMC","NTWQM",1993-06-01 12:00:00,0.3,"ISM",2,"Water",NA,2.9,"MG/L",NA,NA,NA,2017-10-27 14:48:50,NA,2,NA,1,1,"S","PARTNTID",NA,NA,4,"sample does not have an associated bay program method code"
"722",999,"LRA","ALLARM.LT5","10/01/1993","12:00:00","NO3N.3","M1",692,"CMC","NTWQM",1993-10-01 12:00:00,0.3,"ISM",2,"Water",NA,4.4,"MG/L",NA,NA,NA,2017-10-27 14:49:14,NA,2,NA,1,1,"S","PARTNTID",NA,NA,4,"sample does not have an associated bay program method code"
"723",999,"LRA","ALLARM.LT7","03/01/1993","12:00:00","TDS.1","M1",624,"CMC","NTWQM",1993-03-01 12:00:00,0.3,"ISM",1,"Water",NA,373,"MG/L",NA,NA,NA,2017-10-27 14:48:34,NA,2,NA,1,1,"S","PARTNTID",NA,NA,4,"sample does not have an associated bay program method code"
"724",999,"LRA","ALLARM.LT4","05/01/1993","12:00:00","NO3N.3","M1",641,"CMC","NTWQM",1993-05-01 12:00:00,0.3,"ISM",2,"Water",NA,5.3,"MG/L",NA,NA,NA,2017-10-27 14:48:41,NA,2,NA,1,1,"S","PARTNTID",NA,NA,4,"sample does not have an associated bay program method code"
"725",999,"LRA","ALLARM.LT8","09/01/1993","12:00:00","NO3N.3","M1",685,"CMC","NTWQM",1993-09-01 12:00:00,0.3,"ISM",2,"Water",NA,5.6,"MG/L",NA,NA,NA,2017-10-27 14:49:08,NA,2,NA,1,1,"S","PARTNTID",NA,NA,4,"sample does not have an associated bay program method code"
"726",999,"LRA","ALLARM.LT2","12/01/1993","12:00:00","NO3N.3","M1",709,"CMC","NTWQM",1993-12-01 12:00:00,0.3,"ISM",2,"Water",NA,2.7,"MG/L",NA,NA,NA,2017-10-27 14:49:25,NA,2,NA,1,1,"S","PARTNTID",NA,NA,4,"sample does not have an associated bay program method code"
"727",999,"LRA","ALLARM.LT7","04/01/1993","12:00:00","NO3N.3","M1",634,"CMC","NTWQM",1993-04-01 12:00:00,0.3,"ISM",2,"Water",NA,5.4,"MG/L",NA,NA,NA,2017-10-27 14:48:38,NA,2,NA,1,1,"S","PARTNTID",NA,NA,4,"sample does not have an associated bay program method code"
"728",999,"LRA","ALLARM.LT8","09/01/1993","12:00:00","TDS.1","M1",685,"CMC","NTWQM",1993-09-01 12:00:00,0.3,"ISM",1,"Water",NA,393,"MG/L",NA,NA,NA,2017-10-27 14:49:08,NA,2,NA,1,1,"S","PARTNTID",NA,NA,4,"sample does not have an associated bay program method code"
"729",999,"LRA","ALLARM.LT5","11/01/1993","12:00:00","NO3N.3","M1",702,"CMC","NTWQM",1993-11-01 12:00:00,0.3,"ISM",2,"Water",NA,3,"MG/L",NA,NA,NA,2017-10-27 14:49:21,NA,2,NA,1,1,"S","PARTNTID",NA,NA,4,"sample does not have an associated bay program method code"
"730",999,"LRA","ALLARM.LT7","04/01/1993","12:00:00","TDS.1","M1",634,"CMC","NTWQM",1993-04-01 12:00:00,0.3,"ISM",1,"Water",NA,345,"MG/L",NA,NA,NA,2017-10-27 14:48:38,NA,2,NA,1,1,"S","PARTNTID",NA,NA,4,"sample does not have an associated bay program method code"
"731",999,"LRA","ALLARM.LT4","06/01/1993","12:00:00","NO3N.3","M1",651,"CMC","NTWQM",1993-06-01 12:00:00,0.3,"ISM",2,"Water",NA,2.1,"MG/L",NA,NA,NA,2017-10-27 14:48:46,NA,2,NA,1,1,"S","PARTNTID",NA,NA,4,"sample does not have an associated bay program method code"
"732",999,"LRA","ALLARM.LT8","10/01/1993","12:00:00","NO3N.3","M1",695,"CMC","NTWQM",1993-10-01 12:00:00,0.3,"ISM",2,"Water",NA,4.8,"MG/L",NA,NA,NA,2017-10-27 14:49:16,NA,2,NA,1,1,"S","PARTNTID",NA,NA,4,"sample does not have an associated bay program method code"
"733",999,"LRA","ALLARM.LT3","01/01/1993","12:00:00","NO3N.3","M1",600,"CMC","NTWQM",1993-01-01 12:00:00,0.3,"ISM",2,"Water",NA,6.2,"MG/L",NA,NA,NA,2017-10-27 14:48:28,NA,2,NA,1,1,"S","PARTNTID",NA,NA,4,"sample does not have an associated bay program method code"
"734",999,"LRA","ALLARM.LT7","05/01/1993","12:00:00","NO3N.3","M1",644,"CMC","NTWQM",1993-05-01 12:00:00,0.3,"ISM",2,"Water",NA,3.8,"MG/L",NA,NA,NA,2017-10-27 14:48:42,NA,2,NA,1,1,"S","PARTNTID",NA,NA,4,"sample does not have an associated bay program method code"
"735",999,"LRA","ALLARM.LT8","10/01/1993","12:00:00","TDS.1","M1",695,"CMC","NTWQM",1993-10-01 12:00:00,0.3,"ISM",1,"Water",NA,380,"MG/L",NA,NA,NA,2017-10-27 14:49:16,NA,2,NA,1,1,"S","PARTNTID",NA,NA,4,"sample does not have an associated bay program method code"
"736",999,"LRA","ALLARM.LT5","12/01/1993","12:00:00","NO3N.3","M1",712,"CMC","NTWQM",1993-12-01 12:00:00,0.3,"ISM",2,"Water",NA,2.5,"MG/L",NA,NA,NA,2017-10-27 14:49:27,NA,2,NA,1,1,"S","PARTNTID",NA,NA,4,"sample does not have an associated bay program method code"
"737",999,"LRA","ALLARM.LT7","05/01/1993","12:00:00","TDS.1","M1",644,"CMC","NTWQM",1993-05-01 12:00:00,0.3,"ISM",1,"Water",NA,323,"MG/L",NA,NA,NA,2017-10-27 14:48:42,NA,2,NA,1,1,"S","PARTNTID",NA,NA,4,"sample does not have an associated bay program method code"
"738",999,"LRA","ALLARM.LT4","07/01/1993","12:00:00","NO3N.3","M1",661,"CMC","NTWQM",1993-07-01 12:00:00,0.3,"ISM",2,"Water",NA,4.8,"MG/L",NA,NA,NA,2017-10-27 14:48:53,NA,2,NA,1,1,"S","PARTNTID",NA,NA,4,"sample does not have an associated bay program method code"
"739",999,"LRA","ALLARM.LT8","11/01/1993","12:00:00","NO3N.3","M1",705,"CMC","NTWQM",1993-11-01 12:00:00,0.3,"ISM",2,"Water",NA,2.9,"MG/L",NA,NA,NA,2017-10-27 14:49:23,NA,2,NA,1,1,"S","PARTNTID",NA,NA,4,"sample does not have an associated bay program method code"
"740",999,"LRA","ALLARM.LT3","02/01/1993","12:00:00","NO3N.3","M1",610,"CMC","NTWQM",1993-02-01 12:00:00,0.3,"ISM",2,"Water",NA,5.9,"MG/L",NA,NA,NA,2017-10-27 14:48:30,NA,2,NA,1,1,"S","PARTNTID",NA,NA,4,"sample does not have an associated bay program method code"
"741",999,"LRA","ALLARM.LT7","06/01/1993","12:00:00","NO3N.3","M1",654,"CMC","NTWQM",1993-06-01 12:00:00,0.3,"ISM",2,"Water",NA,3.4,"MG/L",NA,NA,NA,2017-10-27 14:48:48,NA,2,NA,1,1,"S","PARTNTID",NA,NA,4,"sample does not have an associated bay program method code"
"742",999,"LRA","ALLARM.LT8","11/01/1993","12:00:00","TDS.1","M1",705,"CMC","NTWQM",1993-11-01 12:00:00,0.3,"ISM",1,"Water",NA,395,"MG/L",NA,NA,NA,2017-10-27 14:49:23,NA,2,NA,1,1,"S","PARTNTID",NA,NA,4,"sample does not have an associated bay program method code"
"743",999,"LRA","ALLARM.LT6","01/01/1993","12:00:00","NO3N.3","M1",603,"CMC","NTWQM",1993-01-01 12:00:00,0.3,"ISM",2,"Water",NA,5.7,"MG/L",NA,NA,NA,2017-10-27 14:48:28,NA,2,NA,1,1,"S","PARTNTID",NA,NA,4,"sample does not have an associated bay program method code"
"744",999,"LRA","ALLARM.LT7","06/01/1993","12:00:00","TDS.1","M1",654,"CMC","NTWQM",1993-06-01 12:00:00,0.3,"ISM",1,"Water",NA,310,"MG/L",NA,NA,NA,2017-10-27 14:48:48,NA,2,NA,1,1,"S","PARTNTID",NA,NA,4,"sample does not have an associated bay program method code"
"745",999,"LRA","ALLARM.LT4","08/01/1993","12:00:00","NO3N.3","M1",671,"CMC","NTWQM",1993-08-01 12:00:00,0.3,"ISM",2,"Water",NA,5.2,"MG/L",NA,NA,NA,2017-10-27 14:48:59,NA,2,NA,1,1,"S","PARTNTID",NA,NA,4,"sample does not have an associated bay program method code"
"746",999,"LRA","ALLARM.LT8","12/01/1993","12:00:00","NO3N.3","M1",715,"CMC","NTWQM",1993-12-01 12:00:00,0.3,"ISM",2,"Water",NA,2.9,"MG/L",NA,NA,NA,2017-10-27 14:49:30,NA,2,NA,1,1,"S","PARTNTID",NA,NA,4,"sample does not have an associated bay program method code"
"747",999,"LRA","ALLARM.LT3","03/01/1993","12:00:00","NO3N.3","M1",620,"CMC","NTWQM",1993-03-01 12:00:00,0.3,"ISM",2,"Water",NA,6.3,"MG/L",NA,NA,NA,2017-10-27 14:48:33,NA,2,NA,1,1,"S","PARTNTID",NA,NA,4,"sample does not have an associated bay program method code"
"748",999,"LRA","ALLARM.LT7","07/01/1993","12:00:00","NO3N.3","M1",664,"CMC","NTWQM",1993-07-01 12:00:00,0.3,"ISM",2,"Water",NA,4.3,"MG/L",NA,NA,NA,2017-10-27 14:48:54,NA,2,NA,1,1,"S","PARTNTID",NA,NA,4,"sample does not have an associated bay program method code"
"749",999,"LRA","ALLARM.LT8","12/01/1993","12:00:00","TDS.1","M1",715,"CMC","NTWQM",1993-12-01 12:00:00,0.3,"ISM",1,"Water",NA,440,"MG/L",NA,NA,NA,2017-10-27 14:49:30,NA,2,NA,1,1,"S","PARTNTID",NA,NA,4,"sample does not have an associated bay program method code"
"750",999,"LRA","ALLARM.LT6","02/01/1993","12:00:00","NO3N.3","M1",613,"CMC","NTWQM",1993-02-01 12:00:00,0.3,"ISM",2,"Water",NA,6,"MG/L",NA,NA,NA,2017-10-27 14:48:31,NA,2,NA,1,1,"S","PARTNTID",NA,NA,4,"sample does not have an associated bay program method code"
"751",999,"LRA","ALLARM.LT7","07/01/1993","12:00:00","TDS.1","M1",664,"CMC","NTWQM",1993-07-01 12:00:00,0.3,"ISM",1,"Water",NA,303,"MG/L",NA,NA,NA,2017-10-27 14:48:54,NA,2,NA,1,1,"S","PARTNTID",NA,NA,4,"sample does not have an associated bay program method code"
"752",999,"LRA","ALLARM.LT4","09/01/1993","12:00:00","NO3N.3","M1",681,"CMC","NTWQM",1993-09-01 12:00:00,0.3,"ISM",2,"Water",NA,5.7,"MG/L",NA,NA,NA,2017-10-27 14:49:05,NA,2,NA,1,1,"S","PARTNTID",NA,NA,4,"sample does not have an associated bay program method code"
"753",999,"LRA","ALLARM.LT9","01/01/1993","12:00:00","NO3N.3","M1",606,"CMC","NTWQM",1993-01-01 12:00:00,0.3,"ISM",2,"Water",NA,6.1,"MG/L",NA,NA,NA,2017-10-27 14:48:29,NA,2,NA,1,1,"S","PARTNTID",NA,NA,4,"sample does not have an associated bay program method code"
"754",999,"LRA","ALLARM.LT3","04/01/1993","12:00:00","NO3N.3","M1",630,"CMC","NTWQM",1993-04-01 12:00:00,0.3,"ISM",2,"Water",NA,8.8,"MG/L",NA,NA,NA,2017-10-27 14:48:37,NA,2,NA,1,1,"S","PARTNTID",NA,NA,4,"sample does not have an associated bay program method code"
"755",999,"LRA","ALLARM.LT7","08/01/1993","12:00:00","NO3N.3","M1",674,"CMC","NTWQM",1993-08-01 12:00:00,0.3,"ISM",2,"Water",NA,4.8,"MG/L",NA,NA,NA,2017-10-27 14:49:01,NA,2,NA,1,1,"S","PARTNTID",NA,NA,4,"sample does not have an associated bay program method code"
"756",999,"LRA","ALLARM.LT9","01/01/1993","12:00:00","TDS.1","M1",606,"CMC","NTWQM",1993-01-01 12:00:00,0.3,"ISM",1,"Water",NA,475,"MG/L",NA,NA,NA,2017-10-27 14:48:29,NA,2,NA,1,1,"S","PARTNTID",NA,NA,4,"sample does not have an associated bay program method code"
"757",999,"LRA","ALLARM.LT6","03/01/1993","12:00:00","NO3N.3","M1",623,"CMC","NTWQM",1993-03-01 12:00:00,0.3,"ISM",2,"Water",NA,6.7,"MG/L",NA,NA,NA,2017-10-27 14:48:34,NA,2,NA,1,1,"S","PARTNTID",NA,NA,4,"sample does not have an associated bay program method code"
"758",999,"LRA","ALLARM.LT7","08/01/1993","12:00:00","TDS.1","M1",674,"CMC","NTWQM",1993-08-01 12:00:00,0.3,"ISM",1,"Water",NA,312,"MG/L",NA,NA,NA,2017-10-27 14:49:01,NA,2,NA,1,1,"S","PARTNTID",NA,NA,4,"sample does not have an associated bay program method code"
"759",999,"LRA","ALLARM.LT4","10/01/1993","12:00:00","NO3N.3","M1",691,"CMC","NTWQM",1993-10-01 12:00:00,0.3,"ISM",2,"Water",NA,4.8,"MG/L",NA,NA,NA,2017-10-27 14:49:13,NA,2,NA,1,1,"S","PARTNTID",NA,NA,4,"sample does not have an associated bay program method code"
"760",999,"LRA","ALLARM.LT9","02/01/1993","12:00:00","NO3N.3","M1",616,"CMC","NTWQM",1993-02-01 12:00:00,0.3,"ISM",2,"Water",NA,6,"MG/L",NA,NA,NA,2017-10-27 14:48:32,NA,2,NA,1,1,"S","PARTNTID",NA,NA,4,"sample does not have an associated bay program method code"
"761",999,"LRA","ALLARM.LT3","05/01/1993","12:00:00","NO3N.3","M1",640,"CMC","NTWQM",1993-05-01 12:00:00,0.3,"ISM",2,"Water",NA,5.7,"MG/L",NA,NA,NA,2017-10-27 14:48:40,NA,2,NA,1,1,"S","PARTNTID",NA,NA,4,"sample does not have an associated bay program method code"
"762",999,"LRA","ALLARM.LT7","09/01/1993","12:00:00","NO3N.3","M1",684,"CMC","NTWQM",1993-09-01 12:00:00,0.3,"ISM",2,"Water",NA,4.6,"MG/L",NA,NA,NA,2017-10-27 14:49:08,NA,2,NA,1,1,"S","PARTNTID",NA,NA,4,"sample does not have an associated bay program method code"
"763",999,"LRA","ALLARM.LT9","02/01/1993","12:00:00","TDS.1","M1",616,"CMC","NTWQM",1993-02-01 12:00:00,0.3,"ISM",1,"Water",NA,360,"MG/L",NA,NA,NA,2017-10-27 14:48:32,NA,2,NA,1,1,"S","PARTNTID",NA,NA,4,"sample does not have an associated bay program method code"
"764",999,"LRA","ALLARM.LT6","04/01/1993","12:00:00","NO3N.3","M1",633,"CMC","NTWQM",1993-04-01 12:00:00,0.3,"ISM",2,"Water",NA,5.4,"MG/L",NA,NA,NA,2017-10-27 14:48:38,NA,2,NA,1,1,"S","PARTNTID",NA,NA,4,"sample does not have an associated bay program method code"
"765",999,"LRA","ALLARM.LT7","09/01/1993","12:00:00","TDS.1","M1",684,"CMC","NTWQM",1993-09-01 12:00:00,0.3,"ISM",1,"Water",NA,333,"MG/L",NA,NA,NA,2017-10-27 14:49:08,NA,2,NA,1,1,"S","PARTNTID",NA,NA,4,"sample does not have an associated bay program method code"
"766",999,"LRA","ALLARM.LT4","11/01/1993","12:00:00","NO3N.3","M1",701,"CMC","NTWQM",1993-11-01 12:00:00,0.3,"ISM",2,"Water",NA,3.6,"MG/L",NA,NA,NA,2017-10-27 14:49:20,NA,2,NA,1,1,"S","PARTNTID",NA,NA,4,"sample does not have an associated bay program method code"
"767",999,"LRA","ALLARM.LT9","03/01/1993","12:00:00","NO3N.3","M1",626,"CMC","NTWQM",1993-03-01 12:00:00,0.3,"ISM",2,"Water",NA,6.7,"MG/L",NA,NA,NA,2017-10-27 14:48:35,NA,2,NA,1,1,"S","PARTNTID",NA,NA,4,"sample does not have an associated bay program method code"
"768",999,"LRA","ALLARM.LT3","06/01/1993","12:00:00","NO3N.3","M1",650,"CMC","NTWQM",1993-06-01 12:00:00,0.3,"ISM",2,"Water",NA,3.1,"MG/L",NA,NA,NA,2017-10-27 14:48:46,NA,2,NA,1,1,"S","PARTNTID",NA,NA,4,"sample does not have an associated bay program method code"
"769",999,"LRA","ALLARM.LT7","10/01/1993","12:00:00","NO3N.3","M1",694,"CMC","NTWQM",1993-10-01 12:00:00,0.3,"ISM",2,"Water",NA,4.8,"MG/L",NA,NA,NA,2017-10-27 14:49:15,NA,2,NA,1,1,"S","PARTNTID",NA,NA,4,"sample does not have an associated bay program method code"
"770",999,"LRA","ALLARM.LT9","03/01/1993","12:00:00","TDS.1","M1",626,"CMC","NTWQM",1993-03-01 12:00:00,0.3,"ISM",1,"Water",NA,407,"MG/L",NA,NA,NA,2017-10-27 14:48:35,NA,2,NA,1,1,"S","PARTNTID",NA,NA,4,"sample does not have an associated bay program method code"
"771",999,"LRA","ALLARM.LT6","05/01/1993","12:00:00","NO3N.3","M1",643,"CMC","NTWQM",1993-05-01 12:00:00,0.3,"ISM",2,"Water",NA,4.4,"MG/L",NA,NA,NA,2017-10-27 14:48:42,NA,2,NA,1,1,"S","PARTNTID",NA,NA,4,"sample does not have an associated bay program method code"
"772",999,"LRA","ALLARM.LT7","10/01/1993","12:00:00","TDS.1","M1",694,"CMC","NTWQM",1993-10-01 12:00:00,0.3,"ISM",1,"Water",NA,370,"MG/L",NA,NA,NA,2017-10-27 14:49:15,NA,2,NA,1,1,"S","PARTNTID",NA,NA,4,"sample does not have an associated bay program method code"
"773",999,"LRA","ALLARM.LT4","12/01/1993","12:00:00","NO3N.3","M1",711,"CMC","NTWQM",1993-12-01 12:00:00,0.3,"ISM",2,"Water",NA,2.5,"MG/L",NA,NA,NA,2017-10-27 14:49:27,NA,2,NA,1,1,"S","PARTNTID",NA,NA,4,"sample does not have an associated bay program method code"
"774",999,"LRA","ALLARM.LT9","04/01/1993","12:00:00","NO3N.3","M1",636,"CMC","NTWQM",1993-04-01 12:00:00,0.3,"ISM",2,"Water",NA,4.9,"MG/L",NA,NA,NA,2017-10-27 14:48:39,NA,2,NA,1,1,"S","PARTNTID",NA,NA,4,"sample does not have an associated bay program method code"
"775",999,"LRA","ALLARM.LT3","07/01/1993","12:00:00","NO3N.3","M1",660,"CMC","NTWQM",1993-07-01 12:00:00,0.3,"ISM",2,"Water",NA,4.8,"MG/L",NA,NA,NA,2017-10-27 14:48:52,NA,2,NA,1,1,"S","PARTNTID",NA,NA,4,"sample does not have an associated bay program method code"
"776",999,"LRA","ALLARM.LT7","11/01/1993","12:00:00","NO3N.3","M1",704,"CMC","NTWQM",1993-11-01 12:00:00,0.3,"ISM",2,"Water",NA,2.9,"MG/L",NA,NA,NA,2017-10-27 14:49:22,NA,2,NA,1,1,"S","PARTNTID",NA,NA,4,"sample does not have an associated bay program method code"
"777",999,"LRA","ALLARM.LT9","04/01/1993","12:00:00","TDS.1","M1",636,"CMC","NTWQM",1993-04-01 12:00:00,0.3,"ISM",1,"Water",NA,345,"MG/L",NA,NA,NA,2017-10-27 14:48:39,NA,2,NA,1,1,"S","PARTNTID",NA,NA,4,"sample does not have an associated bay program method code"
"778",999,"LRA","ALLARM.LT6","06/01/1993","12:00:00","NO3N.3","M1",653,"CMC","NTWQM",1993-06-01 12:00:00,0.3,"ISM",2,"Water",NA,3.2,"MG/L",NA,NA,NA,2017-10-27 14:48:48,NA,2,NA,1,1,"S","PARTNTID",NA,NA,4,"sample does not have an associated bay program method code"
"779",999,"LRA","ALLARM.LT7","11/01/1993","12:00:00","TDS.1","M1",704,"CMC","NTWQM",1993-11-01 12:00:00,0.3,"ISM",1,"Water",NA,375,"MG/L",NA,NA,NA,2017-10-27 14:49:22,NA,2,NA,1,1,"S","PARTNTID",NA,NA,4,"sample does not have an associated bay program method code"
"780",999,"LRA","ALLARM.LT5","01/01/1993","12:00:00","NO3N.3","M1",602,"CMC","NTWQM",1993-01-01 12:00:00,0.3,"ISM",2,"Water",NA,6.05,"MG/L",NA,NA,NA,2017-10-27 14:48:28,NA,2,NA,1,1,"S","PARTNTID",NA,NA,4,"sample does not have an associated bay program method code"
"781",999,"LRA","ALLARM.LT9","05/01/1993","12:00:00","NO3N.3","M1",646,"CMC","NTWQM",1993-05-01 12:00:00,0.3,"ISM",2,"Water",NA,3.8,"MG/L",NA,NA,NA,2017-10-27 14:48:43,NA,2,NA,1,1,"S","PARTNTID",NA,NA,4,"sample does not have an associated bay program method code"
"782",999,"LRA","ALLARM.LT3","08/01/1993","12:00:00","NO3N.3","M1",670,"CMC","NTWQM",1993-08-01 12:00:00,0.3,"ISM",2,"Water",NA,4.9,"MG/L",NA,NA,NA,2017-10-27 14:48:58,NA,2,NA,1,1,"S","PARTNTID",NA,NA,4,"sample does not have an associated bay program method code"
"783",999,"LRA","ALLARM.LT7","12/01/1993","12:00:00","NO3N.3","M1",714,"CMC","NTWQM",1993-12-01 12:00:00,0.3,"ISM",2,"Water",NA,2.6,"MG/L",NA,NA,NA,2017-10-27 14:49:29,NA,2,NA,1,1,"S","PARTNTID",NA,NA,4,"sample does not have an associated bay program method code"
"784",999,"LRA","ALLARM.LT9","05/01/1993","12:00:00","TDS.1","M1",646,"CMC","NTWQM",1993-05-01 12:00:00,0.3,"ISM",1,"Water",NA,343,"MG/L",NA,NA,NA,2017-10-27 14:48:43,NA,2,NA,1,1,"S","PARTNTID",NA,NA,4,"sample does not have an associated bay program method code"
"785",999,"LRA","ALLARM.LT6","07/01/1993","12:00:00","NO3N.3","M1",663,"CMC","NTWQM",1993-07-01 12:00:00,0.3,"ISM",2,"Water",NA,4.2,"MG/L",NA,NA,NA,2017-10-27 14:48:54,NA,2,NA,1,1,"S","PARTNTID",NA,NA,4,"sample does not have an associated bay program method code"
"786",999,"LRA","ALLARM.LT7","12/01/1993","12:00:00","TDS.1","M1",714,"CMC","NTWQM",1993-12-01 12:00:00,0.3,"ISM",1,"Water",NA,395,"MG/L",NA,NA,NA,2017-10-27 14:49:29,NA,2,NA,1,1,"S","PARTNTID",NA,NA,4,"sample does not have an associated bay program method code"
"787",999,"LRA","ALLARM.LT5","02/01/1993","12:00:00","NO3N.3","M1",612,"CMC","NTWQM",1993-02-01 12:00:00,0.3,"ISM",2,"Water",NA,6.3,"MG/L",NA,NA,NA,2017-10-27 14:48:31,NA,2,NA,1,1,"S","PARTNTID",NA,NA,4,"sample does not have an associated bay program method code"
"788",999,"LRA","ALLARM.LT9","06/01/1993","12:00:00","NO3N.3","M1",656,"CMC","NTWQM",1993-06-01 12:00:00,0.3,"ISM",2,"Water",NA,2.9,"MG/L",NA,NA,NA,2017-10-27 14:48:49,NA,2,NA,1,1,"S","PARTNTID",NA,NA,4,"sample does not have an associated bay program method code"
"789",999,"LRA","ALLARM.LT3","09/01/1993","12:00:00","NO3N.3","M1",680,"CMC","NTWQM",1993-09-01 12:00:00,0.3,"ISM",2,"Water",NA,6,"MG/L",NA,NA,NA,2017-10-27 14:49:05,NA,2,NA,1,1,"S","PARTNTID",NA,NA,4,"sample does not have an associated bay program method code"
"790",999,"LRA","ALLARM.LT8","01/01/1993","12:00:00","NO3N.3","M1",605,"CMC","NTWQM",1993-01-01 12:00:00,0.3,"ISM",2,"Water",NA,5.6,"MG/L",NA,NA,NA,2017-10-27 14:48:29,NA,2,NA,1,1,"S","PARTNTID",NA,NA,4,"sample does not have an associated bay program method code"
"791",999,"LRA","ALLARM.LT9","06/01/1993","12:00:00","TDS.1","M1",656,"CMC","NTWQM",1993-06-01 12:00:00,0.3,"ISM",1,"Water",NA,330,"MG/L",NA,NA,NA,2017-10-27 14:48:49,NA,2,NA,1,1,"S","PARTNTID",NA,NA,4,"sample does not have an associated bay program method code"
"792",999,"LRA","ALLARM.LT6","08/01/1993","12:00:00","NO3N.3","M1",673,"CMC","NTWQM",1993-08-01 12:00:00,0.3,"ISM",2,"Water",NA,5.4,"MG/L",NA,NA,NA,2017-10-27 14:49:00,NA,2,NA,1,1,"S","PARTNTID",NA,NA,4,"sample does not have an associated bay program method code"
"793",999,"LRA","ALLARM.LT8","01/01/1993","12:00:00","TDS.1","M1",605,"CMC","NTWQM",1993-01-01 12:00:00,0.3,"ISM",1,"Water",NA,510,"MG/L",NA,NA,NA,2017-10-27 14:48:29,NA,2,NA,1,1,"S","PARTNTID",NA,NA,4,"sample does not have an associated bay program method code"
"794",999,"LRA","ALLARM.LT5","03/01/1993","12:00:00","NO3N.3","M1",622,"CMC","NTWQM",1993-03-01 12:00:00,0.3,"ISM",2,"Water",NA,5.3,"MG/L",NA,NA,NA,2017-10-27 14:48:33,NA,2,NA,1,1,"S","PARTNTID",NA,NA,4,"sample does not have an associated bay program method code"
"795",999,"LRA","ALLARM.LT9","07/01/1993","12:00:00","NO3N.3","M1",666,"CMC","NTWQM",1993-07-01 12:00:00,0.3,"ISM",2,"Water",NA,5.3,"MG/L",NA,NA,NA,2017-10-27 14:48:56,NA,2,NA,1,1,"S","PARTNTID",NA,NA,4,"sample does not have an associated bay program method code"
"796",999,"LRA","ALLARM.LT3","10/01/1993","12:00:00","NO3N.3","M1",690,"CMC","NTWQM",1993-10-01 12:00:00,0.3,"ISM",2,"Water",NA,5.2,"MG/L",NA,NA,NA,2017-10-27 14:49:12,NA,2,NA,1,1,"S","PARTNTID",NA,NA,4,"sample does not have an associated bay program method code"
"797",999,"LRA","ALLARM.LT8","02/01/1993","12:00:00","NO3N.3","M1",615,"CMC","NTWQM",1993-02-01 12:00:00,0.3,"ISM",2,"Water",NA,6.5,"MG/L",NA,NA,NA,2017-10-27 14:48:31,NA,2,NA,1,1,"S","PARTNTID",NA,NA,4,"sample does not have an associated bay program method code"
"798",999,"LRA","ALLARM.LT9","07/01/1993","12:00:00","TDS.1","M1",666,"CMC","NTWQM",1993-07-01 12:00:00,0.3,"ISM",1,"Water",NA,337,"MG/L",NA,NA,NA,2017-10-27 14:48:56,NA,2,NA,1,1,"S","PARTNTID",NA,NA,4,"sample does not have an associated bay program method code"
"799",999,"LRA","ALLARM.LT6","09/01/1993","12:00:00","NO3N.3","M1",683,"CMC","NTWQM",1993-09-01 12:00:00,0.3,"ISM",2,"Water",NA,5.3,"MG/L",NA,NA,NA,2017-10-27 14:49:07,NA,2,NA,1,1,"S","PARTNTID",NA,NA,4,"sample does not have an associated bay program method code"
"800",999,"LRA","ALLARM.LT8","02/01/1993","12:00:00","TDS.1","M1",615,"CMC","NTWQM",1993-02-01 12:00:00,0.3,"ISM",1,"Water",NA,370,"MG/L",NA,NA,NA,2017-10-27 14:48:31,NA,2,NA,1,1,"S","PARTNTID",NA,NA,4,"sample does not have an associated bay program method code"
"801",999,"LRA","ALLARM.LT5","04/01/1993","12:00:00","NO3N.3","M1",632,"CMC","NTWQM",1993-04-01 12:00:00,0.3,"ISM",2,"Water",NA,6.2,"MG/L",NA,NA,NA,2017-10-27 14:48:37,NA,2,NA,1,1,"S","PARTNTID",NA,NA,4,"sample does not have an associated bay program method code"
"802",999,"LRA","ALLARM.LT9","08/01/1993","12:00:00","NO3N.3","M1",676,"CMC","NTWQM",1993-08-01 12:00:00,0.3,"ISM",2,"Water",NA,4.8,"MG/L",NA,NA,NA,2017-10-27 14:49:02,NA,2,NA,1,1,"S","PARTNTID",NA,NA,4,"sample does not have an associated bay program method code"
"803",999,"LRA","ALLARM.LT3","11/01/1993","12:00:00","NO3N.3","M1",700,"CMC","NTWQM",1993-11-01 12:00:00,0.3,"ISM",2,"Water",NA,3.3,"MG/L",NA,NA,NA,2017-10-27 14:49:19,NA,2,NA,1,1,"S","PARTNTID",NA,NA,4,"sample does not have an associated bay program method code"
"804",999,"LRA","ALLARM.LT8","03/01/1993","12:00:00","NO3N.3","M1",625,"CMC","NTWQM",1993-03-01 12:00:00,0.3,"ISM",2,"Water",NA,5.7,"MG/L",NA,NA,NA,2017-10-27 14:48:35,NA,2,NA,1,1,"S","PARTNTID",NA,NA,4,"sample does not have an associated bay program method code"
"805",999,"LRA","ALLARM.LT9","08/01/1993","12:00:00","TDS.1","M1",676,"CMC","NTWQM",1993-08-01 12:00:00,0.3,"ISM",1,"Water",NA,345,"MG/L",NA,NA,NA,2017-10-27 14:49:02,NA,2,NA,1,1,"S","PARTNTID",NA,NA,4,"sample does not have an associated bay program method code"
"806",999,"LRA","ALLARM.LT6","10/01/1993","12:00:00","NO3N.3","M1",693,"CMC","NTWQM",1993-10-01 12:00:00,0.3,"ISM",2,"Water",NA,4.8,"MG/L",NA,NA,NA,2017-10-27 14:49:14,NA,2,NA,1,1,"S","PARTNTID",NA,NA,4,"sample does not have an associated bay program method code"
"807",999,"LRA","ALLARM.LT8","03/01/1993","12:00:00","TDS.1","M1",625,"CMC","NTWQM",1993-03-01 12:00:00,0.3,"ISM",1,"Water",NA,413,"MG/L",NA,NA,NA,2017-10-27 14:48:35,NA,2,NA,1,1,"S","PARTNTID",NA,NA,4,"sample does not have an associated bay program method code"
"808",999,"LRA","ALLARM.LT5","05/01/1993","12:00:00","NO3N.3","M1",642,"CMC","NTWQM",1993-05-01 12:00:00,0.3,"ISM",2,"Water",NA,4.3,"MG/L",NA,NA,NA,2017-10-27 14:48:42,NA,2,NA,1,1,"S","PARTNTID",NA,NA,4,"sample does not have an associated bay program method code"
"809",999,"LRA","ALLARM.LT9","09/01/1993","12:00:00","NO3N.3","M1",686,"CMC","NTWQM",1993-09-01 12:00:00,0.3,"ISM",2,"Water",NA,5.9,"MG/L",NA,NA,NA,2017-10-27 14:49:09,NA,2,NA,1,1,"S","PARTNTID",NA,NA,4,"sample does not have an associated bay program method code"
"810",999,"LRA","ALLARM.LT3","12/01/1993","12:00:00","NO3N.3","M1",710,"CMC","NTWQM",1993-12-01 12:00:00,0.3,"ISM",2,"Water",NA,2.6,"MG/L",NA,NA,NA,2017-10-27 14:49:26,NA,2,NA,1,1,"S","PARTNTID",NA,NA,4,"sample does not have an associated bay program method code"
"811",999,"LRA","ALLARM.LT8","04/01/1993","12:00:00","NO3N.3","M1",635,"CMC","NTWQM",1993-04-01 12:00:00,0.3,"ISM",2,"Water",NA,4.6,"MG/L",NA,NA,NA,2017-10-27 14:48:38,NA,2,NA,1,1,"S","PARTNTID",NA,NA,4,"sample does not have an associated bay program method code"
"812",999,"LRA","ALLARM.LT9","09/01/1993","12:00:00","TDS.1","M1",686,"CMC","NTWQM",1993-09-01 12:00:00,0.3,"ISM",1,"Water",NA,407,"MG/L",NA,NA,NA,2017-10-27 14:49:09,NA,2,NA,1,1,"S","PARTNTID",NA,NA,4,"sample does not have an associated bay program method code"
"813",999,"LRA","ALLARM.LT6","11/01/1993","12:00:00","NO3N.3","M1",703,"CMC","NTWQM",1993-11-01 12:00:00,0.3,"ISM",2,"Water",NA,3.4,"MG/L",NA,NA,NA,2017-10-27 14:49:21,NA,2,NA,1,1,"S","PARTNTID",NA,NA,4,"sample does not have an associated bay program method code"
"814",999,"LRA","ALLARM.LT8","04/01/1993","12:00:00","TDS.1","M1",635,"CMC","NTWQM",1993-04-01 12:00:00,0.3,"ISM",1,"Water",NA,350,"MG/L",NA,NA,NA,2017-10-27 14:48:38,NA,2,NA,1,1,"S","PARTNTID",NA,NA,4,"sample does not have an associated bay program method code"
"815",999,"LRA","ALLARM.LT5","06/01/1993","12:00:00","NO3N.3","M1",652,"CMC","NTWQM",1993-06-01 12:00:00,0.3,"ISM",2,"Water",NA,3.4,"MG/L",NA,NA,NA,2017-10-27 14:48:47,NA,2,NA,1,1,"S","PARTNTID",NA,NA,4,"sample does not have an associated bay program method code"
"816",999,"LRA","ALLARM.LT9","10/01/1993","12:00:00","NO3N.3","M1",696,"CMC","NTWQM",1993-10-01 12:00:00,0.3,"ISM",2,"Water",NA,4,"MG/L",NA,NA,NA,2017-10-27 14:49:16,NA,2,NA,1,1,"S","PARTNTID",NA,NA,4,"sample does not have an associated bay program method code"
"817",999,"LRA","ALLARM.LT4","01/01/1993","12:00:00","NO3N.3","M1",601,"CMC","NTWQM",1993-01-01 12:00:00,0.3,"ISM",2,"Water",NA,6.2,"MG/L",NA,NA,NA,2017-10-27 14:48:28,NA,2,NA,1,1,"S","PARTNTID",NA,NA,4,"sample does not have an associated bay program method code"
"818",999,"LRA","ALLARM.LT8","05/01/1993","12:00:00","NO3N.3","M1",645,"CMC","NTWQM",1993-05-01 12:00:00,0.3,"ISM",2,"Water",NA,3.5,"MG/L",NA,NA,NA,2017-10-27 14:48:43,NA,2,NA,1,1,"S","PARTNTID",NA,NA,4,"sample does not have an associated bay program method code"
"819",999,"LRA","ALLARM.LT9","10/01/1993","12:00:00","TDS.1","M1",696,"CMC","NTWQM",1993-10-01 12:00:00,0.3,"ISM",1,"Water",NA,390,"MG/L",NA,NA,NA,2017-10-27 14:49:16,NA,2,NA,1,1,"S","PARTNTID",NA,NA,4,"sample does not have an associated bay program method code"
"820",999,"LRA","ALLARM.LT6","12/01/1993","12:00:00","NO3N.3","M1",713,"CMC","NTWQM",1993-12-01 12:00:00,0.3,"ISM",2,"Water",NA,2.5,"MG/L",NA,NA,NA,2017-10-27 14:49:28,NA,2,NA,1,1,"S","PARTNTID",NA,NA,4,"sample does not have an associated bay program method code"
"821",999,"LRA","ALLARM.LT8","05/01/1993","12:00:00","TDS.1","M1",645,"CMC","NTWQM",1993-05-01 12:00:00,0.3,"ISM",1,"Water",NA,343,"MG/L",NA,NA,NA,2017-10-27 14:48:43,NA,2,NA,1,1,"S","PARTNTID",NA,NA,4,"sample does not have an associated bay program method code"
"822",999,"LRA","ALLARM.LT5","07/01/1993","12:00:00","NO3N.3","M1",662,"CMC","NTWQM",1993-07-01 12:00:00,0.3,"ISM",2,"Water",NA,4.9,"MG/L",NA,NA,NA,2017-10-27 14:48:53,NA,2,NA,1,1,"S","PARTNTID",NA,NA,4,"sample does not have an associated bay program method code"
"823",999,"LRA","ALLARM.LT9","11/01/1993","12:00:00","NO3N.3","M1",706,"CMC","NTWQM",1993-11-01 12:00:00,0.3,"ISM",2,"Water",NA,3.3,"MG/L",NA,NA,NA,2017-10-27 14:49:24,NA,2,NA,1,1,"S","PARTNTID",NA,NA,4,"sample does not have an associated bay program method code"
"824",999,"LRA","ALLARM.LT4","02/01/1993","12:00:00","NO3N.3","M1",611,"CMC","NTWQM",1993-02-01 12:00:00,0.3,"ISM",2,"Water",NA,4.8,"MG/L",NA,NA,NA,2017-10-27 14:48:30,NA,2,NA,1,1,"S","PARTNTID",NA,NA,4,"sample does not have an associated bay program method code"
"825",999,"LRA","ALLARM.LT8","06/01/1993","12:00:00","NO3N.3","M1",655,"CMC","NTWQM",1993-06-01 12:00:00,0.3,"ISM",2,"Water",NA,3,"MG/L",NA,NA,NA,2017-10-27 14:48:49,NA,2,NA,1,1,"S","PARTNTID",NA,NA,4,"sample does not have an associated bay program method code"
"826",999,"LRA","ALLARM.LT9","11/01/1993","12:00:00","TDS.1","M1",706,"CMC","NTWQM",1993-11-01 12:00:00,0.3,"ISM",1,"Water",NA,405,"MG/L",NA,NA,NA,2017-10-27 14:49:24,NA,2,NA,1,1,"S","PARTNTID",NA,NA,4,"sample does not have an associated bay program method code"
"827",999,"LRA","ALLARM.LT7","01/01/1993","12:00:00","NO3N.3","M1",604,"CMC","NTWQM",1993-01-01 12:00:00,0.3,"ISM",2,"Water",NA,3.05,"MG/L",NA,NA,NA,2017-10-27 14:48:29,NA,2,NA,1,1,"S","PARTNTID",NA,NA,4,"sample does not have an associated bay program method code"
"828",999,"LRA","ALLARM.LT8","06/01/1993","12:00:00","TDS.1","M1",655,"CMC","NTWQM",1993-06-01 12:00:00,0.3,"ISM",1,"Water",NA,327,"MG/L",NA,NA,NA,2017-10-27 14:48:49,NA,2,NA,1,1,"S","PARTNTID",NA,NA,4,"sample does not have an associated bay program method code"
"829",999,"LRA","ALLARM.LT5","08/01/1993","12:00:00","NO3N.3","M1",672,"CMC","NTWQM",1993-08-01 12:00:00,0.3,"ISM",2,"Water",NA,4.6,"MG/L",NA,NA,NA,2017-10-27 14:49:00,NA,2,NA,1,1,"S","PARTNTID",NA,NA,4,"sample does not have an associated bay program method code"
"830",999,"LRA","ALLARM.LT9","12/01/1993","12:00:00","NO3N.3","M1",716,"CMC","NTWQM",1993-12-01 12:00:00,0.3,"ISM",2,"Water",NA,2.2,"MG/L",NA,NA,NA,2017-10-27 14:49:31,NA,2,NA,1,1,"S","PARTNTID",NA,NA,4,"sample does not have an associated bay program method code"
"831",999,"LRA","ALLARM.LT4","03/01/1993","12:00:00","NO3N.3","M1",621,"CMC","NTWQM",1993-03-01 12:00:00,0.3,"ISM",2,"Water",NA,7.3,"MG/L",NA,NA,NA,2017-10-27 14:48:33,NA,2,NA,1,1,"S","PARTNTID",NA,NA,4,"sample does not have an associated bay program method code"
"832",999,"LRA","ALLARM.LT8","07/01/1993","12:00:00","NO3N.3","M1",665,"CMC","NTWQM",1993-07-01 12:00:00,0.3,"ISM",2,"Water",NA,4.8,"MG/L",NA,NA,NA,2017-10-27 14:48:55,NA,2,NA,1,1,"S","PARTNTID",NA,NA,4,"sample does not have an associated bay program method code"
"833",999,"LRA","ALLARM.LT9","12/01/1993","12:00:00","TDS.1","M1",716,"CMC","NTWQM",1993-12-01 12:00:00,0.3,"ISM",1,"Water",NA,425,"MG/L",NA,NA,NA,2017-10-27 14:49:31,NA,2,NA,1,1,"S","PARTNTID",NA,NA,4,"sample does not have an associated bay program method code"
"834",999,"LRA","ALLARM.LT7","02/01/1993","12:00:00","NO3N.3","M1",614,"CMC","NTWQM",1993-02-01 12:00:00,0.3,"ISM",2,"Water",NA,5.8,"MG/L",NA,NA,NA,2017-10-27 14:48:31,NA,2,NA,1,1,"S","PARTNTID",NA,NA,4,"sample does not have an associated bay program method code"
"835",999,"LRA","ALLARM.LT8","07/01/1993","12:00:00","TDS.1","M1",665,"CMC","NTWQM",1993-07-01 12:00:00,0.3,"ISM",1,"Water",NA,330,"MG/L",NA,NA,NA,2017-10-27 14:48:55,NA,2,NA,1,1,"S","PARTNTID",NA,NA,4,"sample does not have an associated bay program method code"
"836",999,"LRA","ALLARM.LT5","09/01/1993","12:00:00","NO3N.3","M1",682,"CMC","NTWQM",1993-09-01 12:00:00,0.3,"ISM",2,"Water",NA,4.9,"MG/L",NA,NA,NA,2017-10-27 14:49:06,NA,2,NA,1,1,"S","PARTNTID",NA,NA,4,"sample does not have an associated bay program method code"
"837",999,"LRA","ALLARM.LT7","03/01/1993","12:00:00","NO3N.3","M1",624,"CMC","NTWQM",1993-03-01 12:00:00,0.3,"ISM",2,"Water",NA,5.3,"MG/L",NA,NA,NA,2017-10-27 14:48:34,NA,2,NA,1,1,"S","PARTNTID",NA,NA,4,"sample does not have an associated bay program method code"
"838",999,"LRA","ALLARM.LT4","04/01/1993","12:00:00","NO3N.3","M1",631,"CMC","NTWQM",1993-04-01 12:00:00,0.3,"ISM",2,"Water",NA,5,"MG/L",NA,NA,NA,2017-10-27 14:48:37,NA,2,NA,1,1,"S","PARTNTID",NA,NA,4,"sample does not have an associated bay program method code"
"839",999,"LRA","ALLARM.LT8","08/01/1993","12:00:00","NO3N.3","M1",675,"CMC","NTWQM",1993-08-01 12:00:00,0.3,"ISM",2,"Water",NA,4,"MG/L",NA,NA,NA,2017-10-27 14:49:01,NA,2,NA,1,1,"S","PARTNTID",NA,NA,4,"sample does not have an associated bay program method code"
"840",999,"LRA","ALLARM.LT8","08/01/1993","12:00:00","TDS.1","M1",675,"CMC","NTWQM",1993-08-01 12:00:00,0.3,"ISM",1,"Water",NA,342,"MG/L",NA,NA,NA,2017-10-27 14:49:01,NA,2,NA,1,1,"S","PARTNTID",NA,NA,4,"sample does not have an associated bay program method code"
