"","paramMethod","SOURCE","STATION","SAMPLE_DATE","SAMPLE_TIME","paramCode","SAMPLE_ID","EventId","AGENCY","PROGRAM","DateTime","DEPTH","SAMPLE_TYPE","TIER","Matrix","QUALIFIER","VALUE","UNITS","PROBLEM","LAB","labName","detLimit","qaFlag","COMMENTS","count.x","count.y","LAYER","PROJECT","SampleAnalyticalMethodIdentifier","SubstanceIdentificationName"
"911",999,"ALLARM","ALLARM.LT3","06/28/2000","12:00:00","TDS.1","M1",1430,"CMC","NTWQM",2000-06-28 12:00:00,0.1,"ISM","1","Water",NA,300,"MG/L",NA,NA,NA,NA,2,NA,1,1,"S","PARTNTID",NA,NA
"912",999,"ALLARM","ALLARM.LT5","03/28/2000","12:00:00","TDS.1","M1",1402,"CMC","NTWQM",2000-03-28 12:00:00,0.1,"ISM","1","Water",NA,70,"MG/L",NA,NA,NA,NA,2,NA,1,1,"S","PARTNTID",NA,NA
"913",999,"ALLARM","ALLARM.LT4","01/31/2000","12:00:00","TDS.1","M1",1381,"CMC","NTWQM",2000-01-31 12:00:00,0.1,"ISM","1","Water",NA,150,"MG/L",NA,NA,NA,NA,2,NA,1,1,"S","PARTNTID",NA,NA
"914",999,"ALLARM","ALLARM.LT6","12/07/2000","12:00:00","TDS.1","M1",1493,"CMC","NTWQM",2000-12-07 12:00:00,0.1,"ISM","1","Water",NA,260,"MG/L",NA,NA,NA,NA,2,NA,1,1,"S","PARTNTID",NA,NA
"915",999,"ALLARM","ALLARM.LT1","01/31/2000","12:00:00","TDS.1","M1",1378,"CMC","NTWQM",2000-01-31 12:00:00,0.1,"ISM","1","Water",NA,160,"MG/L",NA,NA,NA,NA,2,NA,1,1,"S","PARTNTID",NA,NA
"916",999,"ALLARM","ALLARM.LT10","10/26/2000","12:00:00","TDS.1","M1",1477,"CMC","NTWQM",2000-10-26 12:00:00,0.1,"ISM","1","Water",NA,320,"MG/L",NA,NA,NA,NA,2,NA,1,1,"S","PARTNTID",NA,NA
"917",999,"ALLARM","ALLARM.LT3","07/25/2000","12:00:00","TDS.1","M1",1440,"CMC","NTWQM",2000-07-25 12:00:00,0.1,"ISM","1","Water",NA,250,"MG/L",NA,NA,NA,NA,2,NA,1,1,"S","PARTNTID",NA,NA
"918",999,"ALLARM","ALLARM.LT9","12/07/2000","12:00:00","TDS.1","M1",1496,"CMC","NTWQM",2000-12-07 12:00:00,0.1,"ISM","1","Water",NA,280,"MG/L",NA,NA,NA,NA,2,NA,1,1,"S","PARTNTID",NA,NA
"919",999,"ALLARM","ALLARM.LT4","02/26/2000","12:00:00","TDS.1","M1",1391,"CMC","NTWQM",2000-02-26 12:00:00,0.1,"ISM","1","Water",NA,170,"MG/L",NA,NA,NA,NA,2,NA,1,1,"S","PARTNTID",NA,NA
"920",999,"ALLARM","ALLARM.LT7","01/31/2000","12:00:00","TDS.1","M1",1384,"CMC","NTWQM",2000-01-31 12:00:00,0.1,"ISM","1","Water",NA,110,"MG/L",NA,NA,NA,NA,2,NA,1,1,"S","PARTNTID",NA,NA
"921",999,"ALLARM","ALLARM.LT1","02/26/2000","12:00:00","TDS.1","M1",1388,"CMC","NTWQM",2000-02-26 12:00:00,0.1,"ISM","1","Water",NA,170,"MG/L",NA,NA,NA,NA,2,NA,1,1,"S","PARTNTID",NA,NA
"922",999,"ALLARM","ALLARM.LT10","11/17/2000","12:00:00","TDS.1","M1",1487,"CMC","NTWQM",2000-11-17 12:00:00,0.1,"ISM","1","Water",NA,340,"MG/L",NA,NA,NA,NA,2,NA,1,1,"S","PARTNTID",NA,NA
"923",999,"ALLARM","ALLARM.LT3","08/31/2000","12:00:00","TDS.1","M1",1450,"CMC","NTWQM",2000-08-31 12:00:00,0.1,"ISM","1","Water",NA,240,"MG/L",NA,NA,NA,NA,2,NA,1,1,"S","PARTNTID",NA,NA
"924",999,"ALLARM","ALLARM.LT4","03/28/2000","12:00:00","TDS.1","M1",1401,"CMC","NTWQM",2000-03-28 12:00:00,0.1,"ISM","1","Water",NA,130,"MG/L",NA,NA,NA,NA,2,NA,1,1,"S","PARTNTID",NA,NA
"925",999,"ALLARM","ALLARM.LT5","12/07/2000","12:00:00","TDS.1","M1",1492,"CMC","NTWQM",2000-12-07 12:00:00,0.1,"ISM","1","Water",NA,270,"MG/L",NA,NA,NA,NA,2,NA,1,1,"S","PARTNTID",NA,NA
"926",999,"ALLARM","ALLARM.LT7","02/26/2000","12:00:00","TDS.1","M1",1394,"CMC","NTWQM",2000-02-26 12:00:00,0.1,"ISM","1","Water",NA,200,"MG/L",NA,NA,NA,NA,2,NA,1,1,"S","PARTNTID",NA,NA
"927",999,"ALLARM","ALLARM.LT1","03/28/2000","12:00:00","TDS.1","M1",1398,"CMC","NTWQM",2000-03-28 12:00:00,0.1,"ISM","1","Water",NA,170,"MG/L",NA,NA,NA,NA,2,NA,1,1,"S","PARTNTID",NA,NA
"928",999,"ALLARM","ALLARM.LT10","12/07/2000","12:00:00","TDS.1","M1",1497,"CMC","NTWQM",2000-12-07 12:00:00,0.1,"ISM","1","Water",NA,300,"MG/L",NA,NA,NA,NA,2,NA,1,1,"S","PARTNTID",NA,NA
"929",999,"ALLARM","ALLARM.LT3","09/28/2000","12:00:00","TDS.1","M1",1460,"CMC","NTWQM",2000-09-28 12:00:00,0.1,"ISM","1","Water",NA,250,"MG/L",NA,NA,NA,NA,2,NA,1,1,"S","PARTNTID",NA,NA
"930",999,"ALLARM","ALLARM.LT5","06/28/2000","12:00:00","TDS.1","M1",1432,"CMC","NTWQM",2000-06-28 12:00:00,0.1,"ISM","1","Water",NA,290,"MG/L",NA,NA,NA,NA,2,NA,1,1,"S","PARTNTID",NA,NA
"931",999,"ALLARM","ALLARM.LT7","03/28/2000","12:00:00","TDS.1","M1",1404,"CMC","NTWQM",2000-03-28 12:00:00,0.1,"ISM","1","Water",NA,10,"MG/L",NA,NA,NA,NA,2,NA,1,1,"S","PARTNTID",NA,NA
"932",999,"ALLARM","ALLARM.LT7","10/26/2000","12:00:00","TDS.1","M1",1474,"CMC","NTWQM",2000-10-26 12:00:00,0.1,"ISM","1","Water",NA,270,"MG/L",NA,NA,NA,NA,2,NA,1,1,"S","PARTNTID",NA,NA
"933",999,"ALLARM","ALLARM.LT10","06/28/2000","12:00:00","TDS.1","M1",1437,"CMC","NTWQM",2000-06-28 12:00:00,0.1,"ISM","1","Water",NA,330,"MG/L",NA,NA,NA,NA,2,NA,1,1,"S","PARTNTID",NA,NA
"934",999,"ALLARM","ALLARM.LT2","01/31/2000","12:00:00","TDS.1","M1",1379,"CMC","NTWQM",2000-01-31 12:00:00,0.1,"ISM","1","Water",NA,150,"MG/L",NA,NA,NA,NA,2,NA,1,1,"S","PARTNTID",NA,NA
"935",999,"ALLARM","ALLARM.LT3","10/26/2000","12:00:00","TDS.1","M1",1470,"CMC","NTWQM",2000-10-26 12:00:00,0.1,"ISM","1","Water",NA,250,"MG/L",NA,NA,NA,NA,2,NA,1,1,"S","PARTNTID",NA,NA
"936",999,"ALLARM","ALLARM.LT5","07/25/2000","12:00:00","TDS.1","M1",1442,"CMC","NTWQM",2000-07-25 12:00:00,0.1,"ISM","1","Water",NA,250,"MG/L",NA,NA,NA,NA,2,NA,1,1,"S","PARTNTID",NA,NA
"937",999,"ALLARM","ALLARM.LT6","02/26/2000","12:00:00","TDS.1","M1",1393,"CMC","NTWQM",2000-02-26 12:00:00,0.1,"ISM","1","Water",NA,170,"MG/L",NA,NA,NA,NA,2,NA,1,1,"S","PARTNTID",NA,NA
"938",999,"ALLARM","ALLARM.LT1","05/31/2000","12:00:00","TDS.1","M1",1418,"CMC","NTWQM",2000-05-31 12:00:00,0.1,"ISM","1","Water",NA,270,"MG/L",NA,NA,NA,NA,2,NA,1,1,"S","PARTNTID",NA,NA
"939",999,"ALLARM","ALLARM.LT10","07/25/2000","12:00:00","TDS.1","M1",1447,"CMC","NTWQM",2000-07-25 12:00:00,0.1,"ISM","1","Water",NA,330,"MG/L",NA,NA,NA,NA,2,NA,1,1,"S","PARTNTID",NA,NA
"940",999,"ALLARM","ALLARM.LT2","02/26/2000","12:00:00","TDS.1","M1",1389,"CMC","NTWQM",2000-02-26 12:00:00,0.1,"ISM","1","Water",NA,170,"MG/L",NA,NA,NA,NA,2,NA,1,1,"S","PARTNTID",NA,NA
"941",999,"ALLARM","ALLARM.LT3","11/17/2000","12:00:00","TDS.1","M1",1480,"CMC","NTWQM",2000-11-17 12:00:00,0.1,"ISM","1","Water",NA,260,"MG/L",NA,NA,NA,NA,2,NA,1,1,"S","PARTNTID",NA,NA
"942",999,"ALLARM","ALLARM.LT5","01/31/2000","12:00:00","TDS.1","M1",1382,"CMC","NTWQM",2000-01-31 12:00:00,0.1,"ISM","1","Water",NA,180,"MG/L",NA,NA,NA,NA,2,NA,1,1,"S","PARTNTID",NA,NA
"943",999,"ALLARM","ALLARM.LT6","03/28/2000","12:00:00","TDS.1","M1",1403,"CMC","NTWQM",2000-03-28 12:00:00,0.1,"ISM","1","Water",NA,20,"MG/L",NA,NA,NA,NA,2,NA,1,1,"S","PARTNTID",NA,NA
"944",999,"ALLARM","ALLARM.LT1","06/28/2000","12:00:00","TDS.1","M1",1428,"CMC","NTWQM",2000-06-28 12:00:00,0.1,"ISM","1","Water",NA,310,"MG/L",NA,NA,NA,NA,2,NA,1,1,"S","PARTNTID",NA,NA
"945",999,"ALLARM","ALLARM.LT2","03/28/2000","12:00:00","TDS.1","M1",1399,"CMC","NTWQM",2000-03-28 12:00:00,0.1,"ISM","1","Water",NA,160,"MG/L",NA,NA,NA,NA,2,NA,1,1,"S","PARTNTID",NA,NA
"946",999,"ALLARM","ALLARM.LT10","01/31/2000","12:00:00","TDS.1","M1",1387,"CMC","NTWQM",2000-01-31 12:00:00,0.1,"ISM","1","Water",NA,150,"MG/L",NA,NA,NA,NA,2,NA,1,1,"S","PARTNTID",NA,NA
"947",999,"ALLARM","ALLARM.LT3","12/07/2000","12:00:00","TDS.1","M1",1490,"CMC","NTWQM",2000-12-07 12:00:00,0.1,"ISM","1","Water",NA,270,"MG/L",NA,NA,NA,NA,2,NA,1,1,"S","PARTNTID",NA,NA
"948",999,"ALLARM","ALLARM.LT5","02/26/2000","12:00:00","TDS.1","M1",1392,"CMC","NTWQM",2000-02-26 12:00:00,0.1,"ISM","1","Water",NA,170,"MG/L",NA,NA,NA,NA,2,NA,1,1,"S","PARTNTID",NA,NA
"949",999,"ALLARM","ALLARM.LT8","01/31/2000","12:00:00","TDS.1","M1",1385,"CMC","NTWQM",2000-01-31 12:00:00,0.1,"ISM","1","Water",NA,120,"MG/L",NA,NA,NA,NA,2,NA,1,1,"S","PARTNTID",NA,NA
"950",999,"ALLARM","ALLARM.LT1","07/25/2000","12:00:00","TDS.1","M1",1438,"CMC","NTWQM",2000-07-25 12:00:00,0.1,"ISM","1","Water",NA,260,"MG/L",NA,NA,NA,NA,2,NA,1,1,"S","PARTNTID",NA,NA
"951",999,"ALLARM","ALLARM.LT2","11/17/2000","12:00:00","TDS.1","M1",1479,"CMC","NTWQM",2000-11-17 12:00:00,0.1,"ISM","1","Water",NA,230,"MG/L",NA,NA,NA,NA,2,NA,1,1,"S","PARTNTID",NA,NA
"952",999,"ALLARM","ALLARM.LT10","02/26/2000","12:00:00","TDS.1","M1",1397,"CMC","NTWQM",2000-02-26 12:00:00,0.1,"ISM","1","Water",NA,170,"MG/L",NA,NA,NA,NA,2,NA,1,1,"S","PARTNTID",NA,NA
"953",999,"ALLARM","ALLARM.LT4","08/31/2000","12:00:00","TDS.1","M1",1451,"CMC","NTWQM",2000-08-31 12:00:00,0.1,"ISM","1","Water",NA,250,"MG/L",NA,NA,NA,NA,2,NA,1,1,"S","PARTNTID",NA,NA
"954",999,"ALLARM","ALLARM.LT5","10/26/2000","12:00:00","TDS.1","M1",1472,"CMC","NTWQM",2000-10-26 12:00:00,0.1,"ISM","1","Water",NA,250,"MG/L",NA,NA,NA,NA,2,NA,1,1,"S","PARTNTID",NA,NA
"955",999,"ALLARM","ALLARM.LT8","02/26/2000","12:00:00","TDS.1","M1",1395,"CMC","NTWQM",2000-02-26 12:00:00,0.1,"ISM","1","Water",NA,110,"MG/L",NA,NA,NA,NA,2,NA,1,1,"S","PARTNTID",NA,NA
"956",999,"ALLARM","ALLARM.LT1","08/31/2000","12:00:00","TDS.1","M1",1448,"CMC","NTWQM",2000-08-31 12:00:00,0.1,"ISM","1","Water",NA,240,"MG/L",NA,NA,NA,NA,2,NA,1,1,"S","PARTNTID",NA,NA
"957",999,"ALLARM","ALLARM.LT2","12/07/2000","12:00:00","TDS.1","M1",1489,"CMC","NTWQM",2000-12-07 12:00:00,0.1,"ISM","1","Water",NA,230,"MG/L",NA,NA,NA,NA,2,NA,1,1,"S","PARTNTID",NA,NA
"958",999,"ALLARM","ALLARM.LT9","05/31/2000","12:00:00","TDS.1","M1",1426,"CMC","NTWQM",2000-05-31 12:00:00,0.1,"ISM","1","Water",NA,360,"MG/L",NA,NA,NA,NA,2,NA,1,1,"S","PARTNTID",NA,NA
"959",999,"ALLARM","ALLARM.LT4","09/28/2000","12:00:00","TDS.1","M1",1461,"CMC","NTWQM",2000-09-28 12:00:00,0.1,"ISM","1","Water",NA,250,"MG/L",NA,NA,NA,NA,2,NA,1,1,"S","PARTNTID",NA,NA
"960",999,"ALLARM","ALLARM.LT5","11/17/2000","12:00:00","TDS.1","M1",1482,"CMC","NTWQM",2000-11-17 12:00:00,0.1,"ISM","1","Water",NA,260,"MG/L",NA,NA,NA,NA,2,NA,1,1,"S","PARTNTID",NA,NA
"961",999,"ALLARM","ALLARM.LT7","08/31/2000","12:00:00","TDS.1","M1",1454,"CMC","NTWQM",2000-08-31 12:00:00,0.1,"ISM","1","Water",NA,270,"MG/L",NA,NA,NA,NA,2,NA,1,1,"S","PARTNTID",NA,NA
"962",999,"ALLARM","ALLARM.LT1","09/28/2000","12:00:00","TDS.1","M1",1458,"CMC","NTWQM",2000-09-28 12:00:00,0.1,"ISM","1","Water",NA,240,"MG/L",NA,NA,NA,NA,2,NA,1,1,"S","PARTNTID",NA,NA
"963",999,"ALLARM","ALLARM.LT3","01/31/2000","12:00:00","TDS.1","M1",1380,"CMC","NTWQM",2000-01-31 12:00:00,0.1,"ISM","1","Water",NA,150,"MG/L",NA,NA,NA,NA,2,NA,1,1,"S","PARTNTID",NA,NA
"964",999,"ALLARM","ALLARM.LT5","05/31/2000","12:00:00","TDS.1","M1",1422,"CMC","NTWQM",2000-05-31 12:00:00,0.1,"ISM","1","Water",NA,310,"MG/L",NA,NA,NA,NA,2,NA,1,1,"S","PARTNTID",NA,NA
"965",999,"ALLARM","ALLARM.LT4","10/26/2000","12:00:00","TDS.1","M1",1471,"CMC","NTWQM",2000-10-26 12:00:00,0.1,"ISM","1","Water",NA,240,"MG/L",NA,NA,NA,NA,2,NA,1,1,"S","PARTNTID",NA,NA
"966",999,"ALLARM","ALLARM.LT7","09/28/2000","12:00:00","TDS.1","M1",1464,"CMC","NTWQM",2000-09-28 12:00:00,0.1,"ISM","1","Water",NA,260,"MG/L",NA,NA,NA,NA,2,NA,1,1,"S","PARTNTID",NA,NA
"967",999,"ALLARM","ALLARM.LT10","05/31/2000","12:00:00","TDS.1","M1",1427,"CMC","NTWQM",2000-05-31 12:00:00,0.1,"ISM","1","Water",NA,330,"MG/L",NA,NA,NA,NA,2,NA,1,1,"S","PARTNTID",NA,NA
"968",999,"ALLARM","ALLARM.LT1","10/26/2000","12:00:00","TDS.1","M1",1468,"CMC","NTWQM",2000-10-26 12:00:00,0.1,"ISM","1","Water",NA,230,"MG/L",NA,NA,NA,NA,2,NA,1,1,"S","PARTNTID",NA,NA
"969",999,"ALLARM","ALLARM.LT3","02/26/2000","12:00:00","TDS.1","M1",1390,"CMC","NTWQM",2000-02-26 12:00:00,0.1,"ISM","1","Water",NA,160,"MG/L",NA,NA,NA,NA,2,NA,1,1,"S","PARTNTID",NA,NA
"970",999,"ALLARM","ALLARM.LT9","07/25/2000","12:00:00","TDS.1","M1",1446,"CMC","NTWQM",2000-07-25 12:00:00,0.1,"ISM","1","Water",NA,290,"MG/L",NA,NA,NA,NA,2,NA,1,1,"S","PARTNTID",NA,NA
"971",999,"ALLARM","ALLARM.LT6","01/31/2000","12:00:00","TDS.1","M1",1383,"CMC","NTWQM",2000-01-31 12:00:00,0.1,"ISM","1","Water",NA,50,"MG/L",NA,NA,NA,NA,2,NA,1,1,"S","PARTNTID",NA,NA
"972",999,"ALLARM","ALLARM.LT6","08/31/2000","12:00:00","TDS.1","M1",1453,"CMC","NTWQM",2000-08-31 12:00:00,0.1,"ISM","1","Water",NA,250,"MG/L",NA,NA,NA,NA,2,NA,1,1,"S","PARTNTID",NA,NA
"973",999,"ALLARM","ALLARM.LT3","05/31/2000","12:00:00","TDS.1","M1",1420,"CMC","NTWQM",2000-05-31 12:00:00,0.1,"ISM","1","Water",NA,280,"MG/L",NA,NA,NA,NA,2,NA,1,1,"S","PARTNTID",NA,NA
"974",999,"ALLARM","ALLARM.LT1","11/17/2000","12:00:00","TDS.1","M1",1478,"CMC","NTWQM",2000-11-17 12:00:00,0.1,"ISM","1","Water",NA,240,"MG/L",NA,NA,NA,NA,2,NA,1,1,"S","PARTNTID",NA,NA
"975",999,"ALLARM","ALLARM.LT4","05/31/2000","12:00:00","TDS.1","M1",1421,"CMC","NTWQM",2000-05-31 12:00:00,0.1,"ISM","1","Water",NA,290,"MG/L",NA,NA,NA,NA,2,NA,1,1,"S","PARTNTID",NA,NA
"976",999,"ALLARM","ALLARM.LT9","08/31/2000","12:00:00","TDS.1","M1",1456,"CMC","NTWQM",2000-08-31 12:00:00,0.1,"ISM","1","Water",NA,280,"MG/L",NA,NA,NA,NA,2,NA,1,1,"S","PARTNTID",NA,NA
"977",999,"ALLARM","ALLARM.LT4","12/07/2000","12:00:00","TDS.1","M1",1491,"CMC","NTWQM",2000-12-07 12:00:00,0.1,"ISM","1","Water",NA,280,"MG/L",NA,NA,NA,NA,2,NA,1,1,"S","PARTNTID",NA,NA
"978",999,"ALLARM","ALLARM.LT7","11/17/2000","12:00:00","TDS.1","M1",1484,"CMC","NTWQM",2000-11-17 12:00:00,0.1,"ISM","1","Water",NA,280,"MG/L",NA,NA,NA,NA,2,NA,1,1,"S","PARTNTID",NA,NA
"979",999,"ALLARM","ALLARM.LT8","09/28/2000","12:00:00","TDS.1","M1",1465,"CMC","NTWQM",2000-09-28 12:00:00,0.1,"ISM","1","Water",NA,270,"MG/L",NA,NA,NA,NA,2,NA,1,1,"S","PARTNTID",NA,NA
"980",999,"ALLARM","ALLARM.LT1","12/07/2000","12:00:00","TDS.1","M1",1488,"CMC","NTWQM",2000-12-07 12:00:00,0.1,"ISM","1","Water",NA,250,"MG/L",NA,NA,NA,NA,2,NA,1,1,"S","PARTNTID",NA,NA
"981",999,"ALLARM","ALLARM.LT4","06/28/2000","12:00:00","TDS.1","M1",1431,"CMC","NTWQM",2000-06-28 12:00:00,0.1,"ISM","1","Water",NA,290,"MG/L",NA,NA,NA,NA,2,NA,1,1,"S","PARTNTID",NA,NA
"982",999,"ALLARM","ALLARM.LT5","08/31/2000","12:00:00","TDS.1","M1",1452,"CMC","NTWQM",2000-08-31 12:00:00,0.1,"ISM","1","Water",NA,240,"MG/L",NA,NA,NA,NA,2,NA,1,1,"S","PARTNTID",NA,NA
"983",999,"ALLARM","ALLARM.LT6","10/26/2000","12:00:00","TDS.1","M1",1473,"CMC","NTWQM",2000-10-26 12:00:00,0.1,"ISM","1","Water",NA,250,"MG/L",NA,NA,NA,NA,2,NA,1,1,"S","PARTNTID",NA,NA
"984",999,"ALLARM","ALLARM.LT7","12/07/2000","12:00:00","TDS.1","M1",1494,"CMC","NTWQM",2000-12-07 12:00:00,0.1,"ISM","1","Water",NA,270,"MG/L",NA,NA,NA,NA,2,NA,1,1,"S","PARTNTID",NA,NA
"985",999,"ALLARM","ALLARM.LT10","08/31/2000","12:00:00","TDS.1","M1",1457,"CMC","NTWQM",2000-08-31 12:00:00,0.1,"ISM","1","Water",NA,290,"MG/L",NA,NA,NA,NA,2,NA,1,1,"S","PARTNTID",NA,NA
"986",999,"ALLARM","ALLARM.LT8","11/17/2000","12:00:00","TDS.1","M1",1485,"CMC","NTWQM",2000-11-17 12:00:00,0.1,"ISM","1","Water",NA,290,"MG/L",NA,NA,NA,NA,2,NA,1,1,"S","PARTNTID",NA,NA
"987",999,"ALLARM","ALLARM.LT4","07/25/2000","12:00:00","TDS.1","M1",1441,"CMC","NTWQM",2000-07-25 12:00:00,0.1,"ISM","1","Water",NA,250,"MG/L",NA,NA,NA,NA,2,NA,1,1,"S","PARTNTID",NA,NA
"988",999,"ALLARM","ALLARM.LT5","09/28/2000","12:00:00","TDS.1","M1",1462,"CMC","NTWQM",2000-09-28 12:00:00,0.1,"ISM","1","Water",NA,260,"MG/L",NA,NA,NA,NA,2,NA,1,1,"S","PARTNTID",NA,NA
"989",999,"ALLARM","ALLARM.LT6","11/17/2000","12:00:00","TDS.1","M1",1483,"CMC","NTWQM",2000-11-17 12:00:00,0.1,"ISM","1","Water",NA,260,"MG/L",NA,NA,NA,NA,2,NA,1,1,"S","PARTNTID",NA,NA
"990",999,"ALLARM","ALLARM.LT6","05/31/2000","12:00:00","TDS.1","M1",1423,"CMC","NTWQM",2000-05-31 12:00:00,0.1,"ISM","1","Water",NA,310,"MG/L",NA,NA,NA,NA,2,NA,1,1,"S","PARTNTID",NA,NA
"991",999,"ALLARM","ALLARM.LT10","09/28/2000","12:00:00","TDS.1","M1",1467,"CMC","NTWQM",2000-09-28 12:00:00,0.1,"ISM","1","Water",NA,280,"MG/L",NA,NA,NA,NA,2,NA,1,1,"S","PARTNTID",NA,NA
"992",999,"ALLARM","ALLARM.LT6","09/28/2000","12:00:00","TDS.1","M1",1463,"CMC","NTWQM",2000-09-28 12:00:00,0.1,"ISM","1","Water",NA,250,"MG/L",NA,NA,NA,NA,2,NA,1,1,"S","PARTNTID",NA,NA
"993",999,"ALLARM","ALLARM.LT9","11/17/2000","12:00:00","TDS.1","M1",1486,"CMC","NTWQM",2000-11-17 12:00:00,0.1,"ISM","1","Water",NA,270,"MG/L",NA,NA,NA,NA,2,NA,1,1,"S","PARTNTID",NA,NA
"994",999,"ALLARM","ALLARM.LT4","11/17/2000","12:00:00","TDS.1","M1",1481,"CMC","NTWQM",2000-11-17 12:00:00,0.1,"ISM","1","Water",NA,270,"MG/L",NA,NA,NA,NA,2,NA,1,1,"S","PARTNTID",NA,NA
"995",999,"ALLARM","ALLARM.LT7","07/25/2000","12:00:00","TDS.1","M1",1444,"CMC","NTWQM",2000-07-25 12:00:00,0.1,"ISM","1","Water",NA,260,"MG/L",NA,NA,NA,NA,2,NA,1,1,"S","PARTNTID",NA,NA
"996",999,"ALLARM","ALLARM.LT8","12/07/2000","12:00:00","TDS.1","M1",1495,"CMC","NTWQM",2000-12-07 12:00:00,0.1,"ISM","1","Water",NA,260,"MG/L",NA,NA,NA,NA,2,NA,1,1,"S","PARTNTID",NA,NA
"997",999,"ALLARM","ALLARM.LT2","05/31/2000","12:00:00","TDS.1","M1",1419,"CMC","NTWQM",2000-05-31 12:00:00,0.1,"ISM","1","Water",NA,260,"MG/L",NA,NA,NA,NA,2,NA,1,1,"S","PARTNTID",NA,NA
"998",999,"ALLARM","ALLARM.LT3","03/28/2000","12:00:00","TDS.1","M1",1400,"CMC","NTWQM",2000-03-28 12:00:00,0.1,"ISM","1","Water",NA,160,"MG/L",NA,NA,NA,NA,2,NA,1,1,"S","PARTNTID",NA,NA
"999",999,"ALLARM","ALLARM.LT7","06/28/2000","12:00:00","TDS.1","M1",1434,"CMC","NTWQM",2000-06-28 12:00:00,0.1,"ISM","1","Water",NA,310,"MG/L",NA,NA,NA,NA,2,NA,1,1,"S","PARTNTID",NA,NA
"1000",999,"ALLARM","ALLARM.LT6","06/28/2000","12:00:00","TDS.1","M1",1433,"CMC","NTWQM",2000-06-28 12:00:00,0.1,"ISM","1","Water",NA,300,"MG/L",NA,NA,NA,NA,2,NA,1,1,"S","PARTNTID",NA,NA
"1001",999,"ALLARM","ALLARM.LT8","06/28/2000","12:00:00","TDS.1","M1",1435,"CMC","NTWQM",2000-06-28 12:00:00,0.1,"ISM","1","Water",NA,310,"MG/L",NA,NA,NA,NA,2,NA,1,1,"S","PARTNTID",NA,NA
"1002",999,"ALLARM","ALLARM.LT6","07/25/2000","12:00:00","TDS.1","M1",1443,"CMC","NTWQM",2000-07-25 12:00:00,0.1,"ISM","1","Water",NA,260,"MG/L",NA,NA,NA,NA,2,NA,1,1,"S","PARTNTID",NA,NA
"1003",999,"ALLARM","ALLARM.LT8","07/25/2000","12:00:00","TDS.1","M1",1445,"CMC","NTWQM",2000-07-25 12:00:00,0.1,"ISM","1","Water",NA,280,"MG/L",NA,NA,NA,NA,2,NA,1,1,"S","PARTNTID",NA,NA
"1004",999,"ALLARM","ALLARM.LT9","06/28/2000","12:00:00","TDS.1","M1",1436,"CMC","NTWQM",2000-06-28 12:00:00,0.1,"ISM","1","Water",NA,330,"MG/L",NA,NA,NA,NA,2,NA,1,1,"S","PARTNTID",NA,NA
"1005",999,"ALLARM","ALLARM.LT9","09/28/2000","12:00:00","TDS.1","M1",1466,"CMC","NTWQM",2000-09-28 12:00:00,0.1,"ISM","1","Water",NA,280,"MG/L",NA,NA,NA,NA,2,NA,1,1,"S","PARTNTID",NA,NA
"1006",999,"ALLARM","ALLARM.LT7","05/31/2000","12:00:00","TDS.1","M1",1424,"CMC","NTWQM",2000-05-31 12:00:00,0.1,"ISM","1","Water",NA,320,"MG/L",NA,NA,NA,NA,2,NA,1,1,"S","PARTNTID",NA,NA
"1007",999,"ALLARM","ALLARM.LT8","08/31/2000","12:00:00","TDS.1","M1",1455,"CMC","NTWQM",2000-08-31 12:00:00,0.1,"ISM","1","Water",NA,270,"MG/L",NA,NA,NA,NA,2,NA,1,1,"S","PARTNTID",NA,NA
"1008",999,"ALLARM","ALLARM.LT8","05/31/2000","12:00:00","TDS.1","M1",1425,"CMC","NTWQM",2000-05-31 12:00:00,0.1,"ISM","1","Water",NA,350,"MG/L",NA,NA,NA,NA,2,NA,1,1,"S","PARTNTID",NA,NA
"1009",999,"ALLARM","ALLARM.LT2","06/28/2000","12:00:00","TDS.1","M1",1429,"CMC","NTWQM",2000-06-28 12:00:00,0.1,"ISM","1","Water",NA,300,"MG/L",NA,NA,NA,NA,2,NA,1,1,"S","PARTNTID",NA,NA
"1010",999,"ALLARM","ALLARM.LT9","10/26/2000","12:00:00","TDS.1","M1",1476,"CMC","NTWQM",2000-10-26 12:00:00,0.1,"ISM","1","Water",NA,280,"MG/L",NA,NA,NA,NA,2,NA,1,1,"S","PARTNTID",NA,NA
"1011",999,"ALLARM","ALLARM.LT2","07/25/2000","12:00:00","TDS.1","M1",1439,"CMC","NTWQM",2000-07-25 12:00:00,0.1,"ISM","1","Water",NA,250,"MG/L",NA,NA,NA,NA,2,NA,1,1,"S","PARTNTID",NA,NA
"1012",999,"ALLARM","ALLARM.LT9","01/31/2000","12:00:00","TDS.1","M1",1386,"CMC","NTWQM",2000-01-31 12:00:00,0.1,"ISM","1","Water",NA,120,"MG/L",NA,NA,NA,NA,2,NA,1,1,"S","PARTNTID",NA,NA
"1013",999,"ALLARM","ALLARM.LT9","02/26/2000","12:00:00","TDS.1","M1",1396,"CMC","NTWQM",2000-02-26 12:00:00,0.1,"ISM","1","Water",NA,160,"MG/L",NA,NA,NA,NA,2,NA,1,1,"S","PARTNTID",NA,NA
"1014",999,"ALLARM","ALLARM.LT2","09/28/2000","12:00:00","TDS.1","M1",1459,"CMC","NTWQM",2000-09-28 12:00:00,0.1,"ISM","1","Water",NA,240,"MG/L",NA,NA,NA,NA,2,NA,1,1,"S","PARTNTID",NA,NA
"1015",999,"ALLARM","ALLARM.LT2","08/31/2000","12:00:00","TDS.1","M1",1449,"CMC","NTWQM",2000-08-31 12:00:00,0.1,"ISM","1","Water",NA,250,"MG/L",NA,NA,NA,NA,2,NA,1,1,"S","PARTNTID",NA,NA
