"","paramMethod","SOURCE","STATION","SAMPLE_DATE","SAMPLE_TIME","paramCode","SAMPLE_ID","EventId","AGENCY","PROGRAM","DateTime","DEPTH","SAMPLE_TYPE","TIER","Matrix","QUALIFIER","VALUE","UNITS","PROBLEM","LAB","labName","detLimit","qaFlag","COMMENTS","count.x","count.y","LAYER","PROJECT","SampleAnalyticalMethodIdentifier","SubstanceIdentificationName"
"464",189,"ALLARM","ALLARM.LT4","09/28/2000","12:00:00","OP.5","S1",1461,"CMC","NTWQM",2000-09-28 12:00:00,0.1,"D","2","Water",NA,0.01,"MG/L",NA,"ACARL","ALLARM Community Aquatic Research Laboratory",0.02,2,NA,1,1,"S","PARTNTID","L02 ","PO4F"
"467",189,"ALLARM","ALLARM.LT7","03/28/2000","12:00:00","OP.5","S1",1404,"CMC","NTWQM",2000-03-28 12:00:00,0.1,"D","2","Water",NA,0.01,"MG/L",NA,"ACARL","ALLARM Community Aquatic Research Laboratory",0.02,2,NA,1,1,"S","PARTNTID","L02 ","PO4F"
"469",189,"ALLARM","ALLARM.LT1","09/28/2000","12:00:00","OP.5","S1",1458,"CMC","NTWQM",2000-09-28 12:00:00,0.1,"D","2","Water",NA,0.01,"MG/L",NA,"ACARL","ALLARM Community Aquatic Research Laboratory",0.02,2,NA,1,1,"S","PARTNTID","L02 ","PO4F"
"474",189,"ALLARM","ALLARM.LT4","01/31/2000","12:00:00","OP.5","S1",1381,"CMC","NTWQM",2000-01-31 12:00:00,0.1,"D","2","Water",NA,0.01,"MG/L",NA,"ACARL","ALLARM Community Aquatic Research Laboratory",0.02,2,NA,1,1,"S","PARTNTID","L02 ","PO4F"
"479",189,"ALLARM","ALLARM.LT2","01/31/2000","12:00:00","OP.5","S1",1379,"CMC","NTWQM",2000-01-31 12:00:00,0.1,"D","2","Water",NA,0.01,"MG/L",NA,"ACARL","ALLARM Community Aquatic Research Laboratory",0.02,2,NA,1,1,"S","PARTNTID","L02 ","PO4F"
"481",189,"ALLARM","ALLARM.LT5","04/24/2000","12:00:00","OP.5","S1",1412,"CMC","NTWQM",2000-04-24 12:00:00,0.1,"D","2","Water",NA,0.01,"MG/L",NA,"ACARL","ALLARM Community Aquatic Research Laboratory",0.02,2,NA,1,1,"S","PARTNTID","L02 ","PO4F"
"495",189,"ALLARM","ALLARM.LT8","01/31/2000","12:00:00","OP.5","S1",1385,"CMC","NTWQM",2000-01-31 12:00:00,0.1,"D","2","Water",NA,0.01,"MG/L",NA,"ACARL","ALLARM Community Aquatic Research Laboratory",0.02,2,NA,1,1,"S","PARTNTID","L02 ","PO4F"
"506",189,"ALLARM","ALLARM.LT8","03/28/2000","12:00:00","OP.5","S1",1405,"CMC","NTWQM",2000-03-28 12:00:00,0.1,"D","2","Water",NA,0.01,"MG/L",NA,"ACARL","ALLARM Community Aquatic Research Laboratory",0.02,2,NA,1,1,"S","PARTNTID","L02 ","PO4F"
"507",189,"ALLARM","ALLARM.LT10","04/24/2000","12:00:00","OP.5","S1",1417,"CMC","NTWQM",2000-04-24 12:00:00,0.1,"D","2","Water",NA,0.01,"MG/L",NA,"ACARL","ALLARM Community Aquatic Research Laboratory",0.02,2,NA,1,1,"S","PARTNTID","L02 ","PO4F"
"520",189,"ALLARM","ALLARM.LT9","01/31/2000","12:00:00","OP.5","S1",1386,"CMC","NTWQM",2000-01-31 12:00:00,0.1,"D","2","Water",NA,0.01,"MG/L",NA,"ACARL","ALLARM Community Aquatic Research Laboratory",0.02,2,NA,1,1,"S","PARTNTID","L02 ","PO4F"
"538",189,"ALLARM","ALLARM.LT3","06/28/2000","12:00:00","OP.5","S1",1430,"CMC","NTWQM",2000-06-28 12:00:00,0.1,"D","2","Water",NA,0.01,"MG/L",NA,"ACARL","ALLARM Community Aquatic Research Laboratory",0.02,2,NA,1,1,"S","PARTNTID","L02 ","PO4F"
"542",189,"ALLARM","ALLARM.LT1","01/31/2000","12:00:00","OP.5","S1",1378,"CMC","NTWQM",2000-01-31 12:00:00,0.1,"D","2","Water",NA,0.01,"MG/L",NA,"ACARL","ALLARM Community Aquatic Research Laboratory",0.02,2,NA,1,1,"S","PARTNTID","L02 ","PO4F"
"544",189,"ALLARM","ALLARM.LT3","07/25/2000","12:00:00","OP.5","S1",1440,"CMC","NTWQM",2000-07-25 12:00:00,0.1,"D","2","Water",NA,0.01,"MG/L",NA,"ACARL","ALLARM Community Aquatic Research Laboratory",0.02,2,NA,1,1,"S","PARTNTID","L02 ","PO4F"
"555",189,"ALLARM","ALLARM.LT2","07/25/2000","12:00:00","OP.5","S1",1439,"CMC","NTWQM",2000-07-25 12:00:00,0.1,"D","2","Water",NA,0.01,"MG/L",NA,"ACARL","ALLARM Community Aquatic Research Laboratory",0.02,2,NA,1,1,"S","PARTNTID","L02 ","PO4F"
"570",189,"ALLARM","ALLARM.LT7","12/07/2000","12:00:00","OP.5","S1",1494,"CMC","NTWQM",2000-12-07 12:00:00,0.1,"D","2","Water",NA,0.01,"MG/L",NA,"ACARL","ALLARM Community Aquatic Research Laboratory",0.02,2,NA,1,1,"S","PARTNTID","L02 ","PO4F"
"590",189,"ALLARM","ALLARM.LT3","01/31/2000","12:00:00","OP.5","S1",1380,"CMC","NTWQM",2000-01-31 12:00:00,0.1,"D","2","Water",NA,0.01,"MG/L",NA,"ACARL","ALLARM Community Aquatic Research Laboratory",0.02,2,NA,1,1,"S","PARTNTID","L02 ","PO4F"
"595",189,"ALLARM","ALLARM.LT1","03/28/2000","12:00:00","OP.5","S1",1398,"CMC","NTWQM",2000-03-28 12:00:00,0.1,"D","2","Water",NA,0.01,"MG/L",NA,"ACARL","ALLARM Community Aquatic Research Laboratory",0.02,2,NA,1,1,"S","PARTNTID","L02 ","PO4F"
"628",189,"ALLARM","ALLARM.LT7","01/31/2000","12:00:00","OP.5","S1",1384,"CMC","NTWQM",2000-01-31 12:00:00,0.1,"D","2","Water",NA,0.01,"MG/L",NA,"ACARL","ALLARM Community Aquatic Research Laboratory",0.02,2,NA,1,1,"S","PARTNTID","L02 ","PO4F"
"638",189,"ALLARM","ALLARM.LT4","04/24/2000","12:00:00","OP.5","S1",1411,"CMC","NTWQM",2000-04-24 12:00:00,0.1,"D","2","Water",NA,0.01,"MG/L",NA,"ACARL","ALLARM Community Aquatic Research Laboratory",0.02,2,NA,1,1,"S","PARTNTID","L02 ","PO4F"
"663",189,"ALLARM","ALLARM.LT2","03/28/2000","12:00:00","OP.5","S1",1399,"CMC","NTWQM",2000-03-28 12:00:00,0.1,"D","2","Water",NA,0.01,"MG/L",NA,"ACARL","ALLARM Community Aquatic Research Laboratory",0.02,2,NA,1,1,"S","PARTNTID","L02 ","PO4F"
"669",189,"ALLARM","ALLARM.LT1","04/24/2000","12:00:00","OP.5","S1",1408,"CMC","NTWQM",2000-04-24 12:00:00,0.1,"D","2","Water",NA,0.01,"MG/L",NA,"ACARL","ALLARM Community Aquatic Research Laboratory",0.02,2,NA,1,1,"S","PARTNTID","L02 ","PO4F"
"671",189,"ALLARM","ALLARM.LT9","09/28/2000","12:00:00","OP.5","S1",1466,"CMC","NTWQM",2000-09-28 12:00:00,0.1,"D","2","Water",NA,0.01,"MG/L",NA,"ACARL","ALLARM Community Aquatic Research Laboratory",0.02,2,NA,1,1,"S","PARTNTID","L02 ","PO4F"
"673",189,"ALLARM","ALLARM.LT9","04/24/2000","12:00:00","OP.5","S1",1416,"CMC","NTWQM",2000-04-24 12:00:00,0.1,"D","2","Water",NA,0.01,"MG/L",NA,"ACARL","ALLARM Community Aquatic Research Laboratory",0.02,2,NA,1,1,"S","PARTNTID","L02 ","PO4F"
