"","paramMethod","SOURCE","STATION","SAMPLE_DATE","SAMPLE_TIME","paramCode","SAMPLE_ID","EventId","AGENCY","PROGRAM","DateTime","DEPTH","SAMPLE_TYPE","TIER","Matrix","QUALIFIER","VALUE","UNITS","PROBLEM","LAB","labName","detLimit","qaFlag","COMMENTS","count.x","count.y","LAYER","PROJECT","SampleAnalyticalMethodIdentifier","SubstanceIdentificationName"
"344",999,"GCWD","GCWD.CALCRE0.11","05/19/2015","12:00:00","TDS.1","M1",4750,"CMC","NTWQM",2015-05-19 12:00:00,0.1,"ISM",1,"Water",NA,60,"MG/L",NA,NA,NA,NA,2,NA,1,1,"S","PARTNTID",NA,NA
"345",999,"GCWD","GCWD.LAURUN0.06","12/11/2015","12:00:00","TDS.1","M1",5082,"CMC","NTWQM",2015-12-11 12:00:00,0.1,"ISM",1,"Water",NA,40,"MG/L",NA,NA,NA,NA,2,NA,1,2,"VP","PARTNTID",NA,NA
"346",999,"ALLARM","ALLARM.LT6","10/08/2015","15:10:00","TDS.1","M1",492,"CMC","NTWQM",2015-10-08 15:10:00,0.1,"ISM",1,"Water",NA,410,"MG/L",NA,NA,NA,NA,2,NA,1,1,"S","PARTNTID",NA,NA
"347",999,"ALLARM","ALLARM.LT3","06/02/2015","09:11:00","TDS.1","M1",472,"CMC","NTWQM",2015-06-02 09:11:00,0.1,"ISM",1,"Water",NA,370,"MG/L",NA,NA,NA,NA,2,NA,1,1,"S","PARTNTID",NA,NA
"348",999,"ALLARM","ALLARM.LT1","02/06/2015","14:05:00","TDS.1","M1",458,"CMC","NTWQM",2015-02-06 14:05:00,0.1,"ISM",1,"Water",NA,430,"MG/L",NA,NA,NA,NA,2,NA,1,1,"S","PARTNTID",NA,NA
"349",999,"GCWD","GCWD.CALCRE0.11","12/11/2015","12:00:00","TDS.1","M1",4759,"CMC","NTWQM",2015-12-11 12:00:00,0.1,"ISM",1,"Water",NA,40,"MG/L",NA,NA,NA,NA,2,NA,1,2,"VP","PARTNTID",NA,NA
"350",999,"GCWD","GCWD.CALCRE0.11","12/11/2015","12:00:00","TDS.1","M1",4759,"CMC","NTWQM",2015-12-11 12:00:00,0.1,"ISM",1,"Water",NA,40,"MG/L",NA,NA,NA,NA,2,NA,1,2,"VP","PARTNTID",NA,NA
"351",999,"ALLARM","ALLARM.LT5","10/08/2015","14:45:00","TDS.1","M1",486,"CMC","NTWQM",2015-10-08 14:45:00,0.1,"ISM",1,"Water",NA,400,"MG/L",NA,NA,NA,NA,2,NA,1,1,"S","PARTNTID",NA,NA
"352",999,"ALLARM","ALLARM.LT6","12/04/2015","15:25:00","TDS.1","M1",493,"CMC","NTWQM",2015-12-04 15:25:00,0.1,"ISM",1,"Water",NA,420,"MG/L",NA,NA,NA,NA,2,NA,1,1,"S","PARTNTID",NA,NA
"353",999,"ALLARM","ALLARM.LT3","08/19/2015","08:30:00","TDS.1","M1",473,"CMC","NTWQM",2015-08-19 08:30:00,0.1,"ISM",1,"Water",NA,410,"MG/L",NA,NA,NA,NA,2,NA,1,1,"S","PARTNTID",NA,NA
"354",999,"ALLARM","ALLARM.LT1","04/17/2015","13:50:00","TDS.1","M1",459,"CMC","NTWQM",2015-04-17 13:50:00,0.1,"ISM",1,"Water",NA,380,"MG/L",NA,NA,NA,NA,2,NA,1,1,"S","PARTNTID",NA,NA
"355",999,"ALLARM","ALLARM.LT4","10/08/2015","14:25:00","TDS.1","M1",480,"CMC","NTWQM",2015-10-08 14:25:00,0.1,"ISM",1,"Water",NA,410,"MG/L",NA,NA,NA,NA,2,NA,1,1,"S","PARTNTID",NA,NA
"356",999,"GCWD","GCWD.GENFOR10.77","11/11/2015","12:00:00","TDS.1","M1",4939,"CMC","NTWQM",2015-11-11 12:00:00,0.1,"ISM",1,"Water",NA,30,"MG/L",NA,NA,NA,NA,2,NA,1,1,"S","PARTNTID",NA,NA
"357",999,"ALLARM","ALLARM.LT5","12/04/2015","15:10:00","TDS.1","M1",487,"CMC","NTWQM",2015-12-04 15:10:00,0.1,"ISM",1,"Water",NA,410,"MG/L",NA,NA,NA,NA,2,NA,1,1,"S","PARTNTID",NA,NA
"358",999,"ALLARM","ALLARM.LT7","02/06/2015","15:30:00","TDS.1","M1",494,"CMC","NTWQM",2015-02-06 15:30:00,0.1,"ISM",1,"Water",NA,470,"MG/L",NA,NA,NA,NA,2,NA,1,1,"S","PARTNTID",NA,NA
"359",999,"ALLARM","ALLARM.LT3","10/08/2015","13:45:00","TDS.1","M1",474,"CMC","NTWQM",2015-10-08 13:45:00,0.1,"ISM",1,"Water",NA,410,"MG/L",NA,NA,NA,NA,2,NA,1,1,"S","PARTNTID",NA,NA
"360",999,"ALLARM","ALLARM.LT1","06/02/2015","08:55:00","TDS.1","M1",460,"CMC","NTWQM",2015-06-02 08:55:00,0.1,"ISM",1,"Water",NA,400,"MG/L",NA,NA,NA,NA,2,NA,1,1,"S","PARTNTID",NA,NA
"361",999,"ALLARM","ALLARM.LT4","12/04/2015","14:40:00","TDS.1","M1",481,"CMC","NTWQM",2015-12-04 14:40:00,0.1,"ISM",1,"Water",NA,450,"MG/L",NA,NA,NA,NA,2,NA,1,1,"S","PARTNTID",NA,NA
"362",999,"ALLARM","ALLARM.LT10","08/19/2015","16:00:00","TDS.1","M1",515,"CMC","NTWQM",2015-08-19 16:00:00,0.1,"ISM",1,"Water",NA,470,"MG/L",NA,NA,NA,NA,2,NA,1,1,"S","PARTNTID",NA,NA
"363",999,"GCWD","GCWD.GENFOR9.31","12/11/2015","12:00:00","TDS.1","M1",4947,"CMC","NTWQM",2015-12-11 12:00:00,0.1,"ISM",1,"Water",NA,30,"MG/L",NA,NA,NA,NA,2,NA,1,2,"VP","PARTNTID",NA,NA
"364",999,"ALLARM","ALLARM.LT7","04/17/2015","15:23:00","TDS.1","M1",495,"CMC","NTWQM",2015-04-17 15:23:00,0.1,"ISM",1,"Water",NA,410,"MG/L",NA,NA,NA,NA,2,NA,1,1,"S","PARTNTID",NA,NA
"365",999,"ALLARM","ALLARM.LT3","12/04/2015","13:55:00","TDS.1","M1",475,"CMC","NTWQM",2015-12-04 13:55:00,0.1,"ISM",1,"Water",NA,400,"MG/L",NA,NA,NA,NA,2,NA,1,1,"S","PARTNTID",NA,NA
"366",999,"ALLARM","ALLARM.LT1","08/19/2015","08:00:00","TDS.1","M1",461,"CMC","NTWQM",2015-08-19 08:00:00,0.1,"ISM",1,"Water",NA,370,"MG/L",NA,NA,NA,NA,2,NA,1,1,"S","PARTNTID",NA,NA
"367",999,"ALLARM","ALLARM.LT5","02/06/2015","15:08:00","TDS.1","M1",482,"CMC","NTWQM",2015-02-06 15:08:00,0.1,"ISM",1,"Water",NA,430,"MG/L",NA,NA,NA,NA,2,NA,1,1,"S","PARTNTID",NA,NA
"368",999,"GCWD","GCWD.GERBRA4.32","02/08/2015","12:00:00","TDS.1","M1",5068,"CMC","NTWQM",2015-02-08 12:00:00,0.1,"ISM",1,"Water",NA,90,"MG/L",NA,NA,NA,NA,2,NA,1,1,"S","PARTNTID",NA,NA
"369",999,"ALLARM","ALLARM.LT6","04/17/2015","15:12:00","TDS.1","M1",489,"CMC","NTWQM",2015-04-17 15:12:00,0.1,"ISM",1,"Water",NA,380,"MG/L",NA,NA,NA,NA,2,NA,1,1,"S","PARTNTID",NA,NA
"370",999,"ALLARM","ALLARM.LT7","06/02/2015","10:20:00","TDS.1","M1",496,"CMC","NTWQM",2015-06-02 10:20:00,0.1,"ISM",1,"Water",NA,430,"MG/L",NA,NA,NA,NA,2,NA,1,1,"S","PARTNTID",NA,NA
"371",999,"ALLARM","ALLARM.LT4","02/06/2015","14:49:00","TDS.1","M1",476,"CMC","NTWQM",2015-02-06 14:49:00,0.1,"ISM",1,"Water",NA,440,"MG/L",NA,NA,NA,NA,2,NA,1,1,"S","PARTNTID",NA,NA
"372",999,"ALLARM","ALLARM.LT1","10/08/2015","13:55:00","TDS.1","M1",462,"CMC","NTWQM",2015-10-08 13:55:00,0.1,"ISM",1,"Water",NA,410,"MG/L",NA,NA,NA,NA,2,NA,1,1,"S","PARTNTID",NA,NA
"373",999,"ALLARM","ALLARM.LT5","04/17/2015","15:00:00","TDS.1","M1",483,"CMC","NTWQM",2015-04-17 15:00:00,0.1,"ISM",1,"Water",NA,380,"MG/L",NA,NA,NA,NA,2,NA,1,1,"S","PARTNTID",NA,NA
"374",999,"GCWD","GCWD.GERBRA4.32","03/23/2015","12:00:00","TDS.1","M1",5071,"CMC","NTWQM",2015-03-23 12:00:00,0.1,"ISM",1,"Water",NA,70,"MG/L",NA,NA,NA,NA,2,NA,1,1,"S","PARTNTID",NA,NA
"375",999,"GCWD","GCWD.PHORUN4.36","12/11/2015","12:00:00","TDS.1","M1",5193,"CMC","NTWQM",2015-12-11 12:00:00,0.1,"ISM",1,"Water",NA,50,"MG/L",NA,NA,NA,NA,2,NA,1,2,"VP","PARTNTID",NA,NA
"376",999,"ALLARM","ALLARM.LT7","08/19/2015","12:00:00","TDS.1","M1",497,"CMC","NTWQM",2015-08-19 12:00:00,0.1,"ISM",1,"Water",NA,440,"MG/L",NA,NA,NA,NA,2,NA,1,1,"S","PARTNTID",NA,NA
"377",999,"ALLARM","ALLARM.LT4","04/17/2015","14:39:00","TDS.1","M1",477,"CMC","NTWQM",2015-04-17 14:39:00,0.1,"ISM",1,"Water",NA,430,"MG/L",NA,NA,NA,NA,2,NA,1,1,"S","PARTNTID",NA,NA
"378",999,"ALLARM","ALLARM.LT1","12/04/2015","14:05:00","TDS.1","M1",463,"CMC","NTWQM",2015-12-04 14:05:00,0.1,"ISM",1,"Water",NA,400,"MG/L",NA,NA,NA,NA,2,NA,1,1,"S","PARTNTID",NA,NA
"379",999,"ALLARM","ALLARM.LT5","06/02/2015","09:50:00","TDS.1","M1",484,"CMC","NTWQM",2015-06-02 09:50:00,0.1,"ISM",1,"Water",NA,390,"MG/L",NA,NA,NA,NA,2,NA,1,1,"S","PARTNTID",NA,NA
"380",999,"ALLARM","ALLARM.LT2","02/06/2015","14:11:00","TDS.1","M1",464,"CMC","NTWQM",2015-02-06 14:11:00,0.1,"ISM",1,"Water",NA,380,"MG/L",NA,NA,NA,NA,2,NA,1,1,"S","PARTNTID",NA,NA
"381",999,"GCWD","GCWD.LAURUN0.06","11/11/2015","12:00:00","TDS.1","M1",5085,"CMC","NTWQM",2015-11-11 12:00:00,0.1,"ISM",1,"Water",NA,30,"MG/L",NA,NA,NA,NA,2,NA,1,2,"VP","PARTNTID",NA,NA
"382",999,"ALLARM","ALLARM.LT7","10/08/2015","15:25:00","TDS.1","M1",498,"CMC","NTWQM",2015-10-08 15:25:00,0.1,"ISM",1,"Water",NA,440,"MG/L",NA,NA,NA,NA,2,NA,1,1,"S","PARTNTID",NA,NA
"383",999,"ALLARM","ALLARM.LT4","06/02/2015","09:34:00","TDS.1","M1",478,"CMC","NTWQM",2015-06-02 09:34:00,0.1,"ISM",1,"Water",NA,410,"MG/L",NA,NA,NA,NA,2,NA,1,1,"S","PARTNTID",NA,NA
"384",999,"ALLARM","ALLARM.LT10","02/06/2015","16:03:00","TDS.1","M1",512,"CMC","NTWQM",2015-02-06 16:03:00,0.1,"ISM",1,"Water",NA,520,"MG/L",NA,NA,NA,NA,2,NA,1,1,"S","PARTNTID",NA,NA
"385",999,"ALLARM","ALLARM.LT5","08/19/2015","09:20:00","TDS.1","M1",485,"CMC","NTWQM",2015-08-19 09:20:00,0.1,"ISM",1,"Water",NA,410,"MG/L",NA,NA,NA,NA,2,NA,1,1,"S","PARTNTID",NA,NA
"386",999,"GCWD","GCWD.LAURUN0.06","12/11/2015","12:00:00","TDS.1","M1",5082,"CMC","NTWQM",2015-12-11 12:00:00,0.1,"ISM",1,"Water",NA,40,"MG/L",NA,NA,NA,NA,2,NA,1,2,"VP","PARTNTID",NA,NA
"387",999,"GCWD","GCWD.CALCRE0.11","11/11/2015","12:00:00","TDS.1","M1",4751,"CMC","NTWQM",2015-11-11 12:00:00,0.1,"ISM",1,"Water",NA,40,"MG/L",NA,NA,NA,NA,2,NA,1,1,"S","PARTNTID",NA,NA
"388",999,"ALLARM","ALLARM.LT7","12/04/2015","15:40:00","TDS.1","M1",499,"CMC","NTWQM",2015-12-04 15:40:00,0.1,"ISM",1,"Water",NA,460,"MG/L",NA,NA,NA,NA,2,NA,1,1,"S","PARTNTID",NA,NA
"389",999,"ALLARM","ALLARM.LT4","08/19/2015","12:00:00","TDS.1","M1",479,"CMC","NTWQM",2015-08-19 12:00:00,0.1,"ISM",1,"Water",NA,400,"MG/L",NA,NA,NA,NA,2,NA,1,1,"S","PARTNTID",NA,NA
"390",999,"ALLARM","ALLARM.LT10","04/17/2015","15:56:00","TDS.1","M1",513,"CMC","NTWQM",2015-04-17 15:56:00,0.1,"ISM",1,"Water",NA,480,"MG/L",NA,NA,NA,NA,2,NA,1,1,"S","PARTNTID",NA,NA
"391",999,"GCWD","GCWD.LITPHORUN0.02","05/19/2015","12:00:00","TDS.1","M1",5109,"CMC","NTWQM",2015-05-19 12:00:00,0.1,"ISM",1,"Water",NA,70,"MG/L",NA,NA,NA,NA,2,NA,1,1,"S","PARTNTID",NA,NA
"392",999,"GCWD","GCWD.LITPHORUN0.02","11/11/2015","12:00:00","TDS.1","M1",5110,"CMC","NTWQM",2015-11-11 12:00:00,0.1,"ISM",1,"Water",NA,40,"MG/L",NA,NA,NA,NA,2,NA,1,1,"S","PARTNTID",NA,NA
"393",999,"GCWD","GCWD.GENFOR10.77","04/06/2015","12:00:00","TDS.1","M1",4937,"CMC","NTWQM",2015-04-06 12:00:00,0.1,"ISM",1,"Water",NA,30,"MG/L",NA,NA,NA,NA,2,NA,1,1,"S","PARTNTID",NA,NA
"394",999,"ALLARM","ALLARM.LT8","02/06/2015","15:45:00","TDS.1","M1",500,"CMC","NTWQM",2015-02-06 15:45:00,0.1,"ISM",1,"Water",NA,470,"MG/L",NA,NA,NA,NA,2,NA,1,1,"S","PARTNTID",NA,NA
"395",999,"GCWD","GCWD.GENFOR10.77","05/19/2015","12:00:00","TDS.1","M1",4938,"CMC","NTWQM",2015-05-19 12:00:00,0.1,"ISM",1,"Water",NA,40,"MG/L",NA,NA,NA,NA,2,NA,1,1,"S","PARTNTID",NA,NA
"396",999,"ALLARM","ALLARM.LT10","06/02/2015","22:40:00","TDS.1","M1",514,"CMC","NTWQM",2015-06-02 22:40:00,0.1,"ISM",1,"Water",NA,490,"MG/L",NA,NA,NA,NA,2,NA,1,1,"S","PARTNTID",NA,NA
"397",999,"GCWD","GCWD.LITPHORUN0.02","12/11/2015","12:00:00","TDS.1","M1",5111,"CMC","NTWQM",2015-12-11 12:00:00,0.1,"ISM",1,"Water",NA,60,"MG/L",NA,NA,NA,NA,2,NA,1,2,"VP","PARTNTID",NA,NA
"398",999,"GCWD","GCWD.LONRUN4.13","12/30/2015","12:00:00","TDS.1","M1",5423,"CMC","NTWQM",2015-12-30 12:00:00,0.1,"ISM",1,"Water",NA,60,"MG/L",NA,NA,NA,NA,2,NA,1,1,"S","PARTNTID",NA,NA
"399",999,"ALLARM","ALLARM.LT8","08/19/2015","12:00:00","TDS.1","M1",503,"CMC","NTWQM",2015-08-19 12:00:00,0.1,"ISM",1,"Water",NA,440,"MG/L",NA,NA,NA,NA,2,NA,1,1,"S","PARTNTID",NA,NA
"400",999,"ALLARM","ALLARM.LT8","04/17/2015","15:33:00","TDS.1","M1",501,"CMC","NTWQM",2015-04-17 15:33:00,0.1,"ISM",1,"Water",NA,400,"MG/L",NA,NA,NA,NA,2,NA,1,1,"S","PARTNTID",NA,NA
"401",999,"GCWD","GCWD.GENFOR10.77","12/11/2015","12:00:00","TDS.1","M1",4940,"CMC","NTWQM",2015-12-11 12:00:00,0.1,"ISM",1,"Water",NA,30,"MG/L",NA,NA,NA,NA,2,NA,1,2,"VP","PARTNTID",NA,NA
"402",999,"ALLARM","ALLARM.LT9","06/02/2015","10:40:00","TDS.1","M1",508,"CMC","NTWQM",2015-06-02 10:40:00,0.1,"ISM",1,"Water",NA,460,"MG/L",NA,NA,NA,NA,2,NA,1,1,"S","PARTNTID",NA,NA
"403",999,"ALLARM","ALLARM.LT6","02/06/2015","15:21:00","TDS.1","M1",488,"CMC","NTWQM",2015-02-06 15:21:00,0.1,"ISM",1,"Water",NA,430,"MG/L",NA,NA,NA,NA,2,NA,1,1,"S","PARTNTID",NA,NA
"404",999,"GCWD","GCWD.MILCRE1.67","12/12/2015","12:00:00","TDS.1","M1",5453,"CMC","NTWQM",2015-12-12 12:00:00,0.1,"ISM",1,"Water",NA,110,"MG/L",NA,NA,NA,NA,2,NA,1,1,"S","PARTNTID",NA,NA
"405",999,"GCWD","GCWD.GENFOR9.31","12/11/2015","12:00:00","TDS.1","M1",4947,"CMC","NTWQM",2015-12-11 12:00:00,0.1,"ISM",1,"Water",NA,30,"MG/L",NA,NA,NA,NA,2,NA,1,2,"VP","PARTNTID",NA,NA
"406",999,"ALLARM","ALLARM.LT8","06/02/2015","10:30:00","TDS.1","M1",502,"CMC","NTWQM",2015-06-02 10:30:00,0.1,"ISM",1,"Water",NA,450,"MG/L",NA,NA,NA,NA,2,NA,1,1,"S","PARTNTID",NA,NA
"407",999,"GCWD","GCWD.GERBRA4.32","01/25/2015","12:00:00","TDS.1","M1",5067,"CMC","NTWQM",2015-01-25 12:00:00,0.1,"ISM",1,"Water",NA,80,"MG/L",NA,NA,NA,NA,2,NA,1,1,"S","PARTNTID",NA,NA
"408",999,"ALLARM","ALLARM.LT10","10/08/2015","16:15:00","TDS.1","M1",516,"CMC","NTWQM",2015-10-08 16:15:00,0.1,"ISM",1,"Water",NA,480,"MG/L",NA,NA,NA,NA,2,NA,1,1,"S","PARTNTID",NA,NA
"409",999,"GCWD","GCWD.PHORUN4.36","04/06/2015","12:00:00","TDS.1","M1",5190,"CMC","NTWQM",2015-04-06 12:00:00,0.1,"ISM",1,"Water",NA,40,"MG/L",NA,NA,NA,NA,2,NA,1,1,"S","PARTNTID",NA,NA
"410",999,"GCWD","GCWD.PHORUN4.36","05/19/2015","12:00:00","TDS.1","M1",5191,"CMC","NTWQM",2015-05-19 12:00:00,0.1,"ISM",1,"Water",NA,60,"MG/L",NA,NA,NA,NA,2,NA,1,1,"S","PARTNTID",NA,NA
"411",999,"GCWD","GCWD.GERBRA4.32","02/19/2015","12:00:00","TDS.1","M1",5069,"CMC","NTWQM",2015-02-19 12:00:00,0.1,"ISM",1,"Water",NA,160,"MG/L",NA,NA,NA,NA,2,NA,1,1,"S","PARTNTID",NA,NA
"412",999,"ALLARM","ALLARM.LT2","08/19/2015","08:15:00","TDS.1","M1",467,"CMC","NTWQM",2015-08-19 08:15:00,0.1,"ISM",1,"Water",NA,370,"MG/L",NA,NA,NA,NA,2,NA,1,1,"S","PARTNTID",NA,NA
"413",999,"GCWD","GCWD.GERBRA4.32","03/16/2015","12:00:00","TDS.1","M1",5070,"CMC","NTWQM",2015-03-16 12:00:00,0.1,"ISM",1,"Water",NA,90,"MG/L",NA,NA,NA,NA,2,NA,1,1,"S","PARTNTID",NA,NA
"414",999,"ALLARM","ALLARM.LT10","12/04/2015","12:00:00","TDS.1","M1",517,"CMC","NTWQM",2015-12-04 12:00:00,0.1,"ISM",1,"Water",NA,510,"MG/L",NA,NA,NA,NA,2,NA,1,1,"S","PARTNTID",NA,NA
"415",999,"ALLARM","ALLARM.LT6","06/02/2015","10:08:00","TDS.1","M1",490,"CMC","NTWQM",2015-06-02 10:08:00,0.1,"ISM",1,"Water",NA,410,"MG/L",NA,NA,NA,NA,2,NA,1,1,"S","PARTNTID",NA,NA
"416",999,"GCWD","GCWD.PHORUN4.36","12/11/2015","12:00:00","TDS.1","M1",5193,"CMC","NTWQM",2015-12-11 12:00:00,0.1,"ISM",1,"Water",NA,50,"MG/L",NA,NA,NA,NA,2,NA,1,2,"VP","PARTNTID",NA,NA
"417",999,"GCWD","GCWD.GERBRA4.32","03/29/2015","12:00:00","TDS.1","M1",5072,"CMC","NTWQM",2015-03-29 12:00:00,0.1,"ISM",1,"Water",NA,70,"MG/L",NA,NA,NA,NA,2,NA,1,1,"S","PARTNTID",NA,NA
"418",999,"ALLARM","ALLARM.LT8","10/08/2015","15:40:00","TDS.1","M1",504,"CMC","NTWQM",2015-10-08 15:40:00,0.1,"ISM",1,"Water",NA,450,"MG/L",NA,NA,NA,NA,2,NA,1,1,"S","PARTNTID",NA,NA
"419",999,"GCWD","GCWD.GERBRA4.32","04/04/2015","12:00:00","TDS.1","M1",5073,"CMC","NTWQM",2015-04-04 12:00:00,0.1,"ISM",1,"Water",NA,70,"MG/L",NA,NA,NA,NA,2,NA,1,1,"S","PARTNTID",NA,NA
"420",999,"ALLARM","ALLARM.LT9","12/04/2015","16:00:00","TDS.1","M1",511,"CMC","NTWQM",2015-12-04 16:00:00,0.1,"ISM",1,"Water",NA,490,"MG/L",NA,NA,NA,NA,2,NA,1,1,"S","PARTNTID",NA,NA
"421",999,"ALLARM","ALLARM.LT6","08/19/2015","12:00:00","TDS.1","M1",491,"CMC","NTWQM",2015-08-19 12:00:00,0.1,"ISM",1,"Water",NA,410,"MG/L",NA,NA,NA,NA,2,NA,1,1,"S","PARTNTID",NA,NA
"422",999,"GCWD","GCWD.PHORUN7.54","11/11/2015","12:00:00","TDS.1","M1",5219,"CMC","NTWQM",2015-11-11 12:00:00,0.1,"ISM",1,"Water",NA,30,"MG/L",NA,NA,NA,NA,2,NA,1,1,"S","PARTNTID",NA,NA
"423",999,"GCWD","GCWD.CALCRE0.11","04/06/2015","12:00:00","TDS.1","M1",4749,"CMC","NTWQM",2015-04-06 12:00:00,0.1,"ISM",1,"Water",NA,40,"MG/L",NA,NA,NA,NA,2,NA,1,1,"S","PARTNTID",NA,NA
"424",999,"ALLARM","ALLARM.LT8","12/04/2015","15:50:00","TDS.1","M1",505,"CMC","NTWQM",2015-12-04 15:50:00,0.1,"ISM",1,"Water",NA,470,"MG/L",NA,NA,NA,NA,2,NA,1,1,"S","PARTNTID",NA,NA
"425",999,"GCWD","GCWD.LITPHORUN0.02","04/06/2015","12:00:00","TDS.1","M1",5108,"CMC","NTWQM",2015-04-06 12:00:00,0.1,"ISM",1,"Water",NA,40,"MG/L",NA,NA,NA,NA,2,NA,1,1,"S","PARTNTID",NA,NA
"426",999,"ALLARM","ALLARM.LT2","04/17/2015","14:06:00","TDS.1","M1",465,"CMC","NTWQM",2015-04-17 14:06:00,0.1,"ISM",1,"Water",NA,350,"MG/L",NA,NA,NA,NA,2,NA,1,1,"S","PARTNTID",NA,NA
"427",999,"GCWD","GCWD.UNTPHORUN0.05TEMP","12/11/2015","12:00:00","TDS.1","M1",5368,"CMC","NTWQM",2015-12-11 12:00:00,0.1,"ISM",1,"Water",NA,30,"MG/L",NA,NA,NA,NA,2,NA,1,2,"VP","PARTNTID",NA,NA
"428",999,"GCWD","GCWD.MILCRE1.08","10/27/2015","12:00:00","TDS.1","M1",5477,"CMC","NTWQM",2015-10-27 12:00:00,0.1,"ISM",1,"Water",NA,240,"MG/L",NA,NA,NA,NA,2,NA,1,1,"S","PARTNTID",NA,NA
"429",999,"GCWD","GCWD.PHORUN7.54","04/06/2015","12:00:00","TDS.1","M1",5217,"CMC","NTWQM",2015-04-06 12:00:00,0.1,"ISM",1,"Water",NA,30,"MG/L",NA,NA,NA,NA,2,NA,1,1,"S","PARTNTID",NA,NA
"430",999,"ALLARM","ALLARM.LT9","02/06/2015","15:54:00","TDS.1","M1",506,"CMC","NTWQM",2015-02-06 15:54:00,0.1,"ISM",1,"Water",NA,490,"MG/L",NA,NA,NA,NA,2,NA,1,1,"S","PARTNTID",NA,NA
"431",999,"ALLARM","ALLARM.LT2","10/08/2015","13:55:00","TDS.1","M1",468,"CMC","NTWQM",2015-10-08 13:55:00,0.1,"ISM",1,"Water",NA,370,"MG/L",NA,NA,NA,NA,2,NA,1,1,"S","PARTNTID",NA,NA
"432",999,"ALLARM","ALLARM.LT2","06/02/2015","09:02:00","TDS.1","M1",466,"CMC","NTWQM",2015-06-02 09:02:00,0.1,"ISM",1,"Water",NA,360,"MG/L",NA,NA,NA,NA,2,NA,1,1,"S","PARTNTID",NA,NA
"433",999,"ALLARM","ALLARM.LT2","12/04/2015","14:10:00","TDS.1","M1",469,"CMC","NTWQM",2015-12-04 14:10:00,0.1,"ISM",1,"Water",NA,370,"MG/L",NA,NA,NA,NA,2,NA,1,1,"S","PARTNTID",NA,NA
"434",999,"GCWD","GCWD.MILCRE2.32","12/12/2015","12:00:00","TDS.1","M1",5439,"CMC","NTWQM",2015-12-12 12:00:00,0.1,"ISM",1,"Water",NA,120,"MG/L",NA,NA,NA,NA,2,NA,1,1,"S","PARTNTID",NA,NA
"435",999,"ALLARM","ALLARM.LT9","08/19/2015","12:00:00","TDS.1","M1",509,"CMC","NTWQM",2015-08-19 12:00:00,0.1,"ISM",1,"Water",NA,490,"MG/L",NA,NA,NA,NA,2,NA,1,1,"S","PARTNTID",NA,NA
"436",999,"ALLARM","ALLARM.LT9","04/17/2015","15:43:00","TDS.1","M1",507,"CMC","NTWQM",2015-04-17 15:43:00,0.1,"ISM",1,"Water",NA,440,"MG/L",NA,NA,NA,NA,2,NA,1,1,"S","PARTNTID",NA,NA
"437",999,"ALLARM","ALLARM.LT9","10/08/2015","15:50:00","TDS.1","M1",510,"CMC","NTWQM",2015-10-08 15:50:00,0.1,"ISM",1,"Water",NA,470,"MG/L",NA,NA,NA,NA,2,NA,1,1,"S","PARTNTID",NA,NA
"438",999,"GCWD","GCWD.LAURUN0.06","11/11/2015","12:00:00","TDS.1","M1",5085,"CMC","NTWQM",2015-11-11 12:00:00,0.1,"ISM",1,"Water",NA,30,"MG/L",NA,NA,NA,NA,2,NA,1,2,"VP","PARTNTID",NA,NA
"439",999,"GCWD","GCWD.MILCRE1.08","12/12/2015","12:00:00","TDS.1","M1",5466,"CMC","NTWQM",2015-12-12 12:00:00,0.1,"ISM",1,"Water",NA,92,"MG/L",NA,NA,NA,NA,2,NA,1,1,"S","PARTNTID",NA,NA
"440",999,"GCWD","GCWD.GENFOR10.77","12/11/2015","12:00:00","TDS.1","M1",4940,"CMC","NTWQM",2015-12-11 12:00:00,0.1,"ISM",1,"Water",NA,30,"MG/L",NA,NA,NA,NA,2,NA,1,2,"VP","PARTNTID",NA,NA
"441",999,"ALLARM","ALLARM.LT3","04/17/2015","14:16:00","TDS.1","M1",471,"CMC","NTWQM",2015-04-17 14:16:00,0.1,"ISM",1,"Water",NA,370,"MG/L",NA,NA,NA,NA,2,NA,1,1,"S","PARTNTID",NA,NA
"442",999,"GCWD","GCWD.UNTPHORUN0.05TEMP","12/11/2015","12:00:00","TDS.1","M1",5368,"CMC","NTWQM",2015-12-11 12:00:00,0.1,"ISM",1,"Water",NA,30,"MG/L",NA,NA,NA,NA,2,NA,1,2,"VP","PARTNTID",NA,NA
"443",999,"GCWD","GCWD.LITPHORUN0.02","12/11/2015","12:00:00","TDS.1","M1",5111,"CMC","NTWQM",2015-12-11 12:00:00,0.1,"ISM",1,"Water",NA,60,"MG/L",NA,NA,NA,NA,2,NA,1,2,"VP","PARTNTID",NA,NA
"444",999,"GCWD","GCWD.PHORUN7.54","05/19/2015","12:00:00","TDS.1","M1",5218,"CMC","NTWQM",2015-05-19 12:00:00,0.1,"ISM",1,"Water",NA,50,"MG/L",NA,NA,NA,NA,2,NA,1,1,"S","PARTNTID",NA,NA
"445",999,"GCWD","GCWD.PHORUN4.36","11/11/2015","12:00:00","TDS.1","M1",5192,"CMC","NTWQM",2015-11-11 12:00:00,0.1,"ISM",1,"Water",NA,30,"MG/L",NA,NA,NA,NA,2,NA,1,1,"S","PARTNTID",NA,NA
"446",999,"ALLARM","ALLARM.LT3","02/06/2015","14:21:00","TDS.1","M1",470,"CMC","NTWQM",2015-02-06 14:21:00,0.1,"ISM",1,"Water",NA,430,"MG/L",NA,NA,NA,NA,2,NA,1,1,"S","PARTNTID",NA,NA
