"","paramMethod","SOURCE","STATION","SAMPLE_DATE","SAMPLE_TIME","paramCode","SAMPLE_ID","EventId","AGENCY","PROGRAM","DateTime","DEPTH","SAMPLE_TYPE","TIER","Matrix","QUALIFIER","VALUE","UNITS","PROBLEM","LAB","labName","detLimit","qaFlag","COMMENTS","count.x","count.y","LAYER","PROJECT","SampleAnalyticalMethodIdentifier","SubstanceIdentificationName"
"186",189,"ALLARM","ALLARM.LT4","10/08/2015","14:25:00","OP.5","S1",480,"CMC","NTWQM",2015-10-08 14:25:00,0.1,"D",2,"Water",NA,0.01,"MG/L",NA,"ACARL","ALLARM Community Aquatic Research Laboratory",0.02,2,NA,1,1,"S","PARTNTID","L02 ","PO4F"
"190",189,"ALLARM","ALLARM.LT4","04/17/2015","14:39:00","OP.5","S1",477,"CMC","NTWQM",2015-04-17 14:39:00,0.1,"D",2,"Water",NA,0,"MG/L",NA,"ACARL","ALLARM Community Aquatic Research Laboratory",0.02,2,NA,1,1,"S","PARTNTID","L02 ","PO4F"
"208",189,"ALLARM","ALLARM.LT1","04/17/2015","13:50:00","OP.5","S1",459,"CMC","NTWQM",2015-04-17 13:50:00,0.1,"D",2,"Water",NA,0,"MG/L",NA,"ACARL","ALLARM Community Aquatic Research Laboratory",0.02,2,NA,1,1,"S","PARTNTID","L02 ","PO4F"
"231",189,"ALLARM","ALLARM.LT7","04/17/2015","15:23:00","OP.5","S1",495,"CMC","NTWQM",2015-04-17 15:23:00,0.1,"D",2,"Water",NA,0,"MG/L",NA,"ACARL","ALLARM Community Aquatic Research Laboratory",0.02,2,NA,1,1,"S","PARTNTID","L02 ","PO4F"
