"paramMethod","SOURCE","STATION","SAMPLE_DATE","SAMPLE_TIME","paramCode","SAMPLE_ID","EventId","AGENCY","PROGRAM","DateTime","DEPTH","SAMPLE_TYPE","TIER","Matrix","QUALIFIER","VALUE","UNITS","PROBLEM","LAB","labName","detLimit","qaFlag","COMMENTS","count.x","count.y","LAYER","PROJECT","SampleAnalyticalMethodIdentifier","SubstanceIdentificationName"
48,"ALLARM","ALLARM.LT1","02/06/2015","14:05:00","DO.2","M1",458,"CMC","NTWQM",2015-02-06 14:05:00,0.1,"ISM",2,"Water",NA,11.5,"MG/L",NA,NA,NA,NA,2,NA,1,1,"S","PARTNTID","F01 ","DO"
48,"ALLARM","ALLARM.LT10","08/19/2015","16:00:00","DO.2","M1",515,"CMC","NTWQM",2015-08-19 16:00:00,0.1,"ISM",2,"Water",NA,9.8,"MG/L",NA,NA,NA,NA,2,NA,1,1,"S","PARTNTID","F01 ","DO"
48,"ALLARM","ALLARM.LT6","02/06/2015","15:21:00","DO.2","M1",488,"CMC","NTWQM",2015-02-06 15:21:00,0.1,"ISM",2,"Water",NA,14.1,"MG/L",NA,NA,NA,NA,2,NA,1,1,"S","PARTNTID","F01 ","DO"
48,"ALLARM","ALLARM.LT1","08/19/2015","08:00:00","DO.2","M1",461,"CMC","NTWQM",2015-08-19 08:00:00,0.1,"ISM",2,"Water",NA,8.6,"MG/L",NA,NA,NA,NA,2,NA,1,1,"S","PARTNTID","F01 ","DO"
48,"ALLARM","ALLARM.LT2","08/19/2015","08:15:00","DO.2","M1",467,"CMC","NTWQM",2015-08-19 08:15:00,0.1,"ISM",2,"Water",NA,9.7,"MG/L",NA,NA,NA,NA,2,NA,1,1,"S","PARTNTID","F01 ","DO"
48,"ALLARM","ALLARM.LT4","10/08/2015","14:25:00","DO.2","M1",480,"CMC","NTWQM",2015-10-08 14:25:00,0.1,"ISM",2,"Water",NA,13.5,"MG/L",NA,NA,NA,NA,2,NA,1,1,"S","PARTNTID","F01 ","DO"
48,"ALLARM","ALLARM.LT6","04/17/2015","15:12:00","DO.2","M1",489,"CMC","NTWQM",2015-04-17 15:12:00,0.1,"ISM",2,"Water",NA,13.9,"MG/L",NA,NA,NA,NA,2,NA,1,1,"S","PARTNTID","F01 ","DO"
48,"ALLARM","ALLARM.LT5","12/04/2015","15:10:00","DO.2","M1",487,"CMC","NTWQM",2015-12-04 15:10:00,0.1,"ISM",2,"Water",NA,14,"MG/L",NA,NA,NA,NA,2,NA,1,1,"S","PARTNTID","F01 ","DO"
48,"ALLARM","ALLARM.LT6","06/02/2015","10:08:00","DO.2","M1",490,"CMC","NTWQM",2015-06-02 10:08:00,0.1,"ISM",2,"Water",NA,9.9,"MG/L",NA,NA,NA,NA,2,NA,1,1,"S","PARTNTID","F01 ","DO"
48,"ALLARM","ALLARM.LT3","02/06/2015","14:21:00","DO.2","M1",470,"CMC","NTWQM",2015-02-06 14:21:00,0.1,"ISM",2,"Water",NA,12.3,"MG/L",NA,NA,NA,NA,2,NA,1,1,"S","PARTNTID","F01 ","DO"
48,"ALLARM","ALLARM.LT6","08/19/2015","12:00:00","DO.2","M1",491,"CMC","NTWQM",2015-08-19 12:00:00,0.1,"ISM",2,"Water",NA,9.2,"MG/L",NA,NA,NA,NA,2,NA,1,1,"S","PARTNTID","F01 ","DO"
48,"ALLARM","ALLARM.LT2","06/02/2015","09:02:00","DO.2","M1",466,"CMC","NTWQM",2015-06-02 09:02:00,0.1,"ISM",2,"Water",NA,10,"MG/L",NA,NA,NA,NA,2,NA,1,1,"S","PARTNTID","F01 ","DO"
48,"ALLARM","ALLARM.LT1","12/04/2015","14:05:00","DO.2","M1",463,"CMC","NTWQM",2015-12-04 14:05:00,0.1,"ISM",2,"Water",NA,11,"MG/L",NA,NA,NA,NA,2,NA,1,1,"S","PARTNTID","F01 ","DO"
48,"ALLARM","ALLARM.LT10","02/06/2015","16:03:00","DO.2","M1",512,"CMC","NTWQM",2015-02-06 16:03:00,0.1,"ISM",2,"Water",NA,13.7,"MG/L",NA,NA,NA,NA,2,NA,1,1,"S","PARTNTID","F01 ","DO"
48,"ALLARM","ALLARM.LT3","10/08/2015","13:45:00","DO.2","M1",474,"CMC","NTWQM",2015-10-08 13:45:00,0.1,"ISM",2,"Water",NA,10.8,"MG/L",NA,NA,NA,NA,2,NA,1,1,"S","PARTNTID","F01 ","DO"
48,"ALLARM","ALLARM.LT3","04/17/2015","14:16:00","DO.2","M1",471,"CMC","NTWQM",2015-04-17 14:16:00,0.1,"ISM",2,"Water",NA,13.4,"MG/L",NA,NA,NA,NA,2,NA,1,1,"S","PARTNTID","F01 ","DO"
48,"ALLARM","ALLARM.LT2","12/04/2015","14:10:00","DO.2","M1",469,"CMC","NTWQM",2015-12-04 14:10:00,0.1,"ISM",2,"Water",NA,11.4,"MG/L",NA,NA,NA,NA,2,NA,1,1,"S","PARTNTID","F01 ","DO"
48,"ALLARM","ALLARM.LT3","06/02/2015","09:11:00","DO.2","M1",472,"CMC","NTWQM",2015-06-02 09:11:00,0.1,"ISM",2,"Water",NA,10.2,"MG/L",NA,NA,NA,NA,2,NA,1,1,"S","PARTNTID","F01 ","DO"
48,"ALLARM","ALLARM.LT7","12/04/2015","15:40:00","DO.2","M1",499,"CMC","NTWQM",2015-12-04 15:40:00,0.1,"ISM",2,"Water",NA,10.8,"MG/L",NA,NA,NA,NA,2,NA,1,1,"S","PARTNTID","F01 ","DO"
48,"ALLARM","ALLARM.LT5","04/17/2015","15:00:00","DO.2","M1",483,"CMC","NTWQM",2015-04-17 15:00:00,0.1,"ISM",2,"Water",NA,14.6,"MG/L",NA,NA,NA,NA,2,NA,1,1,"S","PARTNTID","F01 ","DO"
48,"ALLARM","ALLARM.LT5","10/08/2015","14:45:00","DO.2","M1",486,"CMC","NTWQM",2015-10-08 14:45:00,0.1,"ISM",2,"Water",NA,14.4,"MG/L",NA,NA,NA,NA,2,NA,1,1,"S","PARTNTID","F01 ","DO"
48,"ALLARM","ALLARM.LT9","02/06/2015","15:54:00","DO.2","M1",506,"CMC","NTWQM",2015-02-06 15:54:00,0.1,"ISM",2,"Water",NA,13.8,"MG/L",NA,NA,NA,NA,2,NA,1,1,"S","PARTNTID","F01 ","DO"
48,"ALLARM","ALLARM.LT6","12/04/2015","15:25:00","DO.2","M1",493,"CMC","NTWQM",2015-12-04 15:25:00,0.1,"ISM",2,"Water",NA,13.3,"MG/L",NA,NA,NA,NA,2,NA,1,1,"S","PARTNTID","F01 ","DO"
48,"ALLARM","ALLARM.LT3","08/19/2015","08:30:00","DO.2","M1",473,"CMC","NTWQM",2015-08-19 08:30:00,0.1,"ISM",2,"Water",NA,8.5,"MG/L",NA,NA,NA,NA,2,NA,1,1,"S","PARTNTID","F01 ","DO"
48,"ALLARM","ALLARM.LT1","04/17/2015","13:50:00","DO.2","M1",459,"CMC","NTWQM",2015-04-17 13:50:00,0.1,"ISM",2,"Water",NA,13.3,"MG/L",NA,NA,NA,NA,2,NA,1,1,"S","PARTNTID","F01 ","DO"
48,"ALLARM","ALLARM.LT8","02/06/2015","15:45:00","DO.2","M1",500,"CMC","NTWQM",2015-02-06 15:45:00,0.1,"ISM",2,"Water",NA,13.2,"MG/L",NA,NA,NA,NA,2,NA,1,1,"S","PARTNTID","F01 ","DO"
48,"ALLARM","ALLARM.LT10","06/02/2015","22:40:00","DO.2","M1",514,"CMC","NTWQM",2015-06-02 22:40:00,0.1,"ISM",2,"Water",NA,10.6,"MG/L",NA,NA,NA,NA,2,NA,1,1,"S","PARTNTID","F01 ","DO"
48,"ALLARM","ALLARM.LT4","02/06/2015","14:49:00","DO.2","M1",476,"CMC","NTWQM",2015-02-06 14:49:00,0.1,"ISM",2,"Water",NA,14.7,"MG/L",NA,NA,NA,NA,2,NA,1,1,"S","PARTNTID","F01 ","DO"
48,"ALLARM","ALLARM.LT7","06/02/2015","10:20:00","DO.2","M1",496,"CMC","NTWQM",2015-06-02 10:20:00,0.1,"ISM",2,"Water",NA,9,"MG/L",NA,NA,NA,NA,2,NA,1,1,"S","PARTNTID","F01 ","DO"
48,"ALLARM","ALLARM.LT4","12/04/2015","14:40:00","DO.2","M1",481,"CMC","NTWQM",2015-12-04 14:40:00,0.1,"ISM",2,"Water",NA,11.3,"MG/L",NA,NA,NA,NA,2,NA,1,1,"S","PARTNTID","F01 ","DO"
48,"ALLARM","ALLARM.LT1","06/02/2015","08:55:00","DO.2","M1",460,"CMC","NTWQM",2015-06-02 08:55:00,0.1,"ISM",2,"Water",NA,10.1,"MG/L",NA,NA,NA,NA,2,NA,1,1,"S","PARTNTID","F01 ","DO"
48,"ALLARM","ALLARM.LT8","04/17/2015","15:33:00","DO.2","M1",501,"CMC","NTWQM",2015-04-17 15:33:00,0.1,"ISM",2,"Water",NA,12.4,"MG/L",NA,NA,NA,NA,2,NA,1,1,"S","PARTNTID","F01 ","DO"
48,"ALLARM","ALLARM.LT9","06/02/2015","10:40:00","DO.2","M1",508,"CMC","NTWQM",2015-06-02 10:40:00,0.1,"ISM",2,"Water",NA,10.9,"MG/L",NA,NA,NA,NA,2,NA,1,1,"S","PARTNTID","F01 ","DO"
48,"ALLARM","ALLARM.LT2","10/08/2015","13:55:00","DO.2","M1",468,"CMC","NTWQM",2015-10-08 13:55:00,0.1,"ISM",2,"Water",NA,10.5,"MG/L",NA,NA,NA,NA,2,NA,1,1,"S","PARTNTID","F01 ","DO"
48,"ALLARM","ALLARM.LT3","12/04/2015","13:55:00","DO.2","M1",475,"CMC","NTWQM",2015-12-04 13:55:00,0.1,"ISM",2,"Water",NA,11.2,"MG/L",NA,NA,NA,NA,2,NA,1,1,"S","PARTNTID","F01 ","DO"
48,"ALLARM","ALLARM.LT7","04/17/2015","15:23:00","DO.2","M1",495,"CMC","NTWQM",2015-04-17 15:23:00,0.1,"ISM",2,"Water",NA,11.5,"MG/L",NA,NA,NA,NA,2,NA,1,1,"S","PARTNTID","F01 ","DO"
48,"ALLARM","ALLARM.LT5","02/06/2015","15:08:00","DO.2","M1",482,"CMC","NTWQM",2015-02-06 15:08:00,0.1,"ISM",2,"Water",NA,14.1,"MG/L",NA,NA,NA,NA,2,NA,1,1,"S","PARTNTID","F01 ","DO"
48,"ALLARM","ALLARM.LT8","06/02/2015","10:30:00","DO.2","M1",502,"CMC","NTWQM",2015-06-02 10:30:00,0.1,"ISM",2,"Water",NA,10,"MG/L",NA,NA,NA,NA,2,NA,1,1,"S","PARTNTID","F01 ","DO"
48,"ALLARM","ALLARM.LT10","10/08/2015","16:15:00","DO.2","M1",516,"CMC","NTWQM",2015-10-08 16:15:00,0.1,"ISM",2,"Water",NA,11.1,"MG/L",NA,NA,NA,NA,2,NA,1,1,"S","PARTNTID","F01 ","DO"
48,"ALLARM","ALLARM.LT4","06/02/2015","09:34:00","DO.2","M1",478,"CMC","NTWQM",2015-06-02 09:34:00,0.1,"ISM",2,"Water",NA,10.3,"MG/L",NA,NA,NA,NA,2,NA,1,1,"S","PARTNTID","F01 ","DO"
48,"ALLARM","ALLARM.LT7","10/08/2015","15:25:00","DO.2","M1",498,"CMC","NTWQM",2015-10-08 15:25:00,0.1,"ISM",2,"Water",NA,10.2,"MG/L",NA,NA,NA,NA,2,NA,1,1,"S","PARTNTID","F01 ","DO"
48,"ALLARM","ALLARM.LT5","08/19/2015","09:20:00","DO.2","M1",485,"CMC","NTWQM",2015-08-19 09:20:00,0.1,"ISM",2,"Water",NA,9.6,"MG/L",NA,NA,NA,NA,2,NA,1,1,"S","PARTNTID","F01 ","DO"
48,"ALLARM","ALLARM.LT1","10/08/2015","13:55:00","DO.2","M1",462,"CMC","NTWQM",2015-10-08 13:55:00,0.1,"ISM",2,"Water",NA,10.3,"MG/L",NA,NA,NA,NA,2,NA,1,1,"S","PARTNTID","F01 ","DO"
48,"ALLARM","ALLARM.LT8","08/19/2015","12:00:00","DO.2","M1",503,"CMC","NTWQM",2015-08-19 12:00:00,0.1,"ISM",2,"Water",NA,9.5,"MG/L",NA,NA,NA,NA,2,NA,1,1,"S","PARTNTID","F01 ","DO"
48,"ALLARM","ALLARM.LT10","12/04/2015","12:00:00","DO.2","M1",517,"CMC","NTWQM",2015-12-04 12:00:00,0.1,"ISM",2,"Water",NA,11.8,"MG/L",NA,NA,NA,NA,2,NA,1,1,"S","PARTNTID","F01 ","DO"
48,"ALLARM","ALLARM.LT9","10/08/2015","15:50:00","DO.2","M1",510,"CMC","NTWQM",2015-10-08 15:50:00,0.1,"ISM",2,"Water",NA,12.5,"MG/L",NA,NA,NA,NA,2,NA,1,1,"S","PARTNTID","F01 ","DO"
48,"ALLARM","ALLARM.LT4","04/17/2015","14:39:00","DO.2","M1",477,"CMC","NTWQM",2015-04-17 14:39:00,0.1,"ISM",2,"Water",NA,13.1,"MG/L",NA,NA,NA,NA,2,NA,1,1,"S","PARTNTID","F01 ","DO"
48,"ALLARM","ALLARM.LT7","08/19/2015","12:00:00","DO.2","M1",497,"CMC","NTWQM",2015-08-19 12:00:00,0.1,"ISM",2,"Water",NA,9.5,"MG/L",NA,NA,NA,NA,2,NA,1,1,"S","PARTNTID","F01 ","DO"
48,"ALLARM","ALLARM.LT8","10/08/2015","15:40:00","DO.2","M1",504,"CMC","NTWQM",2015-10-08 15:40:00,0.1,"ISM",2,"Water",NA,10.7,"MG/L",NA,NA,NA,NA,2,NA,1,1,"S","PARTNTID","F01 ","DO"
48,"ALLARM","ALLARM.LT5","06/02/2015","09:50:00","DO.2","M1",484,"CMC","NTWQM",2015-06-02 09:50:00,0.1,"ISM",2,"Water",NA,11.1,"MG/L",NA,NA,NA,NA,2,NA,1,1,"S","PARTNTID","F01 ","DO"
48,"ALLARM","ALLARM.LT2","02/06/2015","14:11:00","DO.2","M1",464,"CMC","NTWQM",2015-02-06 14:11:00,0.1,"ISM",2,"Water",NA,12.5,"MG/L",NA,NA,NA,NA,2,NA,1,1,"S","PARTNTID","F01 ","DO"
48,"ALLARM","ALLARM.LT9","12/04/2015","16:00:00","DO.2","M1",511,"CMC","NTWQM",2015-12-04 16:00:00,0.1,"ISM",2,"Water",NA,11.6,"MG/L",NA,NA,NA,NA,2,NA,1,1,"S","PARTNTID","F01 ","DO"
48,"ALLARM","ALLARM.LT9","08/19/2015","12:00:00","DO.2","M1",509,"CMC","NTWQM",2015-08-19 12:00:00,0.1,"ISM",2,"Water",NA,9.8,"MG/L",NA,NA,NA,NA,2,NA,1,1,"S","PARTNTID","F01 ","DO"
48,"ALLARM","ALLARM.LT9","04/17/2015","15:43:00","DO.2","M1",507,"CMC","NTWQM",2015-04-17 15:43:00,0.1,"ISM",2,"Water",NA,13,"MG/L",NA,NA,NA,NA,2,NA,1,1,"S","PARTNTID","F01 ","DO"
48,"ALLARM","ALLARM.LT8","12/04/2015","15:50:00","DO.2","M1",505,"CMC","NTWQM",2015-12-04 15:50:00,0.1,"ISM",2,"Water",NA,11.3,"MG/L",NA,NA,NA,NA,2,NA,1,1,"S","PARTNTID","F01 ","DO"
48,"ALLARM","ALLARM.LT2","04/17/2015","14:06:00","DO.2","M1",465,"CMC","NTWQM",2015-04-17 14:06:00,0.1,"ISM",2,"Water",NA,13.6,"MG/L",NA,NA,NA,NA,2,NA,1,1,"S","PARTNTID","F01 ","DO"
48,"ALLARM","ALLARM.LT6","10/08/2015","15:10:00","DO.2","M1",492,"CMC","NTWQM",2015-10-08 15:10:00,0.1,"ISM",2,"Water",NA,12.1,"MG/L",NA,NA,NA,NA,2,NA,1,1,"S","PARTNTID","F01 ","DO"
48,"ALLARM","ALLARM.LT4","08/19/2015","12:00:00","DO.2","M1",479,"CMC","NTWQM",2015-08-19 12:00:00,0.1,"ISM",2,"Water",NA,9.1,"MG/L",NA,NA,NA,NA,2,NA,1,1,"S","PARTNTID","F01 ","DO"
48,"ALLARM","ALLARM.LT10","04/17/2015","15:56:00","DO.2","M1",513,"CMC","NTWQM",2015-04-17 15:56:00,0.1,"ISM",2,"Water",NA,11.3,"MG/L",NA,NA,NA,NA,2,NA,1,1,"S","PARTNTID","F01 ","DO"
48,"ALLARM","ALLARM.LT7","02/06/2015","15:30:00","DO.2","M1",494,"CMC","NTWQM",2015-02-06 15:30:00,0.1,"ISM",2,"Water",NA,12.6,"MG/L",NA,NA,NA,NA,2,NA,1,1,"S","PARTNTID","F01 ","DO"
144,"ALLARM","ALLARM.LT2","08/19/2015","08:15:00","NO3N.4","S1",467,"CMC","NTWQM",2015-08-19 08:15:00,0.1,"D",2,"Water",NA,4.8,"MG/L",NA,"ACARL","ALLARM Community Aquatic Research Laboratory",0.1,2,NA,1,1,"S","PARTNTID","L02 ","NO23W"
144,"ALLARM","ALLARM.LT9","10/08/2015","15:50:00","NO3N.4","S1",510,"CMC","NTWQM",2015-10-08 15:50:00,0.1,"D",2,"Water",NA,3.4,"MG/L",NA,"ACARL","ALLARM Community Aquatic Research Laboratory",0.1,2,NA,1,1,"S","PARTNTID","L02 ","NO23W"
144,"ALLARM","ALLARM.LT2","06/02/2015","09:02:00","NO3N.4","S1",466,"CMC","NTWQM",2015-06-02 09:02:00,0.1,"D",2,"Water",NA,4.9,"MG/L",NA,"ACARL","ALLARM Community Aquatic Research Laboratory",0.1,2,NA,1,1,"S","PARTNTID","L02 ","NO23W"
144,"ALLARM","ALLARM.LT3","12/04/2015","13:55:00","NO3N.4","S1",475,"CMC","NTWQM",2015-12-04 13:55:00,0.1,"D",2,"Water",NA,4.8,"MG/L",NA,"ACARL","ALLARM Community Aquatic Research Laboratory",0.1,2,NA,1,1,"S","PARTNTID","L02 ","NO23W"
144,"ALLARM","ALLARM.LT9","12/04/2015","16:00:00","NO3N.4","S1",511,"CMC","NTWQM",2015-12-04 16:00:00,0.1,"D",2,"Water",NA,3.2,"MG/L",NA,"ACARL","ALLARM Community Aquatic Research Laboratory",0.1,2,NA,1,1,"S","PARTNTID","L02 ","NO23W"
144,"ALLARM","ALLARM.LT9","02/06/2015","15:54:00","NO3N.4","S1",506,"CMC","NTWQM",2015-02-06 15:54:00,0.1,"D",2,"Water",NA,4.9,"MG/L",NA,"ACARL","ALLARM Community Aquatic Research Laboratory",0.1,2,NA,1,1,"S","PARTNTID","L02 ","NO23W"
144,"ALLARM","ALLARM.LT9","04/17/2015","15:43:00","NO3N.4","S1",507,"CMC","NTWQM",2015-04-17 15:43:00,0.1,"D",2,"Water",NA,3.6,"MG/L",NA,"ACARL","ALLARM Community Aquatic Research Laboratory",0.1,2,NA,1,1,"S","PARTNTID","L02 ","NO23W"
144,"ALLARM","ALLARM.LT4","10/08/2015","14:25:00","NO3N.4","S1",480,"CMC","NTWQM",2015-10-08 14:25:00,0.1,"D",2,"Water",NA,4.4,"MG/L",NA,"ACARL","ALLARM Community Aquatic Research Laboratory",0.1,2,NA,1,1,"S","PARTNTID","L02 ","NO23W"
144,"ALLARM","ALLARM.LT5","12/04/2015","15:10:00","NO3N.4","S1",487,"CMC","NTWQM",2015-12-04 15:10:00,0.1,"D",2,"Water",NA,3.7,"MG/L",NA,"ACARL","ALLARM Community Aquatic Research Laboratory",0.1,2,NA,1,1,"S","PARTNTID","L02 ","NO23W"
144,"ALLARM","ALLARM.LT9","08/19/2015","12:00:00","NO3N.4","S1",509,"CMC","NTWQM",2015-08-19 12:00:00,0.1,"D",2,"Water",NA,3.9,"MG/L",NA,"ACARL","ALLARM Community Aquatic Research Laboratory",0.1,2,NA,1,1,"S","PARTNTID","L02 ","NO23W"
144,"ALLARM","ALLARM.LT1","06/02/2015","08:55:00","NO3N.4","S1",460,"CMC","NTWQM",2015-06-02 08:55:00,0.1,"D",2,"Water",NA,5.2,"MG/L",NA,"ACARL","ALLARM Community Aquatic Research Laboratory",0.1,2,NA,1,1,"S","PARTNTID","L02 ","NO23W"
144,"ALLARM","ALLARM.LT1","02/06/2015","14:05:00","NO3N.4","S1",458,"CMC","NTWQM",2015-02-06 14:05:00,0.1,"D",2,"Water",NA,5.2,"MG/L",NA,"ACARL","ALLARM Community Aquatic Research Laboratory",0.1,2,NA,1,1,"S","PARTNTID","L02 ","NO23W"
144,"ALLARM","ALLARM.LT10","08/19/2015","16:00:00","NO3N.4","S1",515,"CMC","NTWQM",2015-08-19 16:00:00,0.1,"D",2,"Water",NA,3.6,"MG/L",NA,"ACARL","ALLARM Community Aquatic Research Laboratory",0.1,2,NA,1,1,"S","PARTNTID","L02 ","NO23W"
144,"ALLARM","ALLARM.LT9","06/02/2015","10:40:00","NO3N.4","S1",508,"CMC","NTWQM",2015-06-02 10:40:00,0.1,"D",2,"Water",NA,2.8,"MG/L",NA,"ACARL","ALLARM Community Aquatic Research Laboratory",0.1,2,NA,1,1,"S","PARTNTID","L02 ","NO23W"
144,"ALLARM","ALLARM.LT2","10/08/2015","13:55:00","NO3N.4","S1",468,"CMC","NTWQM",2015-10-08 13:55:00,0.1,"D",2,"Water",NA,4.6,"MG/L",NA,"ACARL","ALLARM Community Aquatic Research Laboratory",0.1,2,NA,1,1,"S","PARTNTID","L02 ","NO23W"
144,"ALLARM","ALLARM.LT7","04/17/2015","15:23:00","NO3N.4","S1",495,"CMC","NTWQM",2015-04-17 15:23:00,0.1,"D",2,"Water",NA,3.5,"MG/L",NA,"ACARL","ALLARM Community Aquatic Research Laboratory",0.1,2,NA,1,1,"S","PARTNTID","L02 ","NO23W"
144,"ALLARM","ALLARM.LT4","04/17/2015","14:39:00","NO3N.4","S1",477,"CMC","NTWQM",2015-04-17 14:39:00,0.1,"D",2,"Water",NA,3.8,"MG/L",NA,"ACARL","ALLARM Community Aquatic Research Laboratory",0.1,2,NA,1,1,"S","PARTNTID","L02 ","NO23W"
144,"ALLARM","ALLARM.LT1","04/17/2015","13:50:00","NO3N.4","S1",459,"CMC","NTWQM",2015-04-17 13:50:00,0.1,"D",2,"Water",NA,4.9,"MG/L",NA,"ACARL","ALLARM Community Aquatic Research Laboratory",0.1,2,NA,1,1,"S","PARTNTID","L02 ","NO23W"
144,"ALLARM","ALLARM.LT8","02/06/2015","15:45:00","NO3N.4","S1",500,"CMC","NTWQM",2015-02-06 15:45:00,0.1,"D",2,"Water",NA,4.7,"MG/L",NA,"ACARL","ALLARM Community Aquatic Research Laboratory",0.1,2,NA,1,1,"S","PARTNTID","L02 ","NO23W"
144,"ALLARM","ALLARM.LT5","02/06/2015","15:08:00","NO3N.4","S1",482,"CMC","NTWQM",2015-02-06 15:08:00,0.1,"D",2,"Water",NA,5.8,"MG/L",NA,"ACARL","ALLARM Community Aquatic Research Laboratory",0.1,2,NA,1,1,"S","PARTNTID","L02 ","NO23W"
144,"ALLARM","ALLARM.LT2","12/04/2015","14:10:00","NO3N.4","S1",469,"CMC","NTWQM",2015-12-04 14:10:00,0.1,"D",2,"Water",NA,4.7,"MG/L",NA,"ACARL","ALLARM Community Aquatic Research Laboratory",0.1,2,NA,1,1,"S","PARTNTID","L02 ","NO23W"
144,"ALLARM","ALLARM.LT7","06/02/2015","10:20:00","NO3N.4","S1",496,"CMC","NTWQM",2015-06-02 10:20:00,0.1,"D",2,"Water",NA,3.6,"MG/L",NA,"ACARL","ALLARM Community Aquatic Research Laboratory",0.1,2,NA,1,1,"S","PARTNTID","L02 ","NO23W"
144,"ALLARM","ALLARM.LT1","10/08/2015","13:55:00","NO3N.4","S1",462,"CMC","NTWQM",2015-10-08 13:55:00,0.1,"D",2,"Water",NA,5.1,"MG/L",NA,"ACARL","ALLARM Community Aquatic Research Laboratory",0.1,2,NA,1,1,"S","PARTNTID","L02 ","NO23W"
144,"ALLARM","ALLARM.LT8","08/19/2015","12:00:00","NO3N.4","S1",503,"CMC","NTWQM",2015-08-19 12:00:00,0.1,"D",2,"Water",NA,3.8,"MG/L",NA,"ACARL","ALLARM Community Aquatic Research Laboratory",0.1,2,NA,1,1,"S","PARTNTID","L02 ","NO23W"
144,"ALLARM","ALLARM.LT8","04/17/2015","15:33:00","NO3N.4","S1",501,"CMC","NTWQM",2015-04-17 15:33:00,0.1,"D",2,"Water",NA,3.7,"MG/L",NA,"ACARL","ALLARM Community Aquatic Research Laboratory",0.1,2,NA,1,1,"S","PARTNTID","L02 ","NO23W"
144,"ALLARM","ALLARM.LT5","04/17/2015","15:00:00","NO3N.4","S1",483,"CMC","NTWQM",2015-04-17 15:00:00,0.1,"D",2,"Water",NA,4,"MG/L",NA,"ACARL","ALLARM Community Aquatic Research Laboratory",0.1,2,NA,1,1,"S","PARTNTID","L02 ","NO23W"
144,"ALLARM","ALLARM.LT3","02/06/2015","14:21:00","NO3N.4","S1",470,"CMC","NTWQM",2015-02-06 14:21:00,0.1,"D",2,"Water",NA,5.2,"MG/L",NA,"ACARL","ALLARM Community Aquatic Research Laboratory",0.1,2,NA,1,1,"S","PARTNTID","L02 ","NO23W"
144,"ALLARM","ALLARM.LT7","08/19/2015","12:00:00","NO3N.4","S1",497,"CMC","NTWQM",2015-08-19 12:00:00,0.1,"D",2,"Water",NA,3.9,"MG/L",NA,"ACARL","ALLARM Community Aquatic Research Laboratory",0.1,2,NA,1,1,"S","PARTNTID","L02 ","NO23W"
144,"ALLARM","ALLARM.LT1","12/04/2015","14:05:00","NO3N.4","S1",463,"CMC","NTWQM",2015-12-04 14:05:00,0.1,"D",2,"Water",NA,4.6,"MG/L",NA,"ACARL","ALLARM Community Aquatic Research Laboratory",0.1,2,NA,1,1,"S","PARTNTID","L02 ","NO23W"
144,"ALLARM","ALLARM.LT5","10/08/2015","14:45:00","NO3N.4","S1",486,"CMC","NTWQM",2015-10-08 14:45:00,0.1,"D",2,"Water",NA,4.1,"MG/L",NA,"ACARL","ALLARM Community Aquatic Research Laboratory",0.1,2,NA,1,1,"S","PARTNTID","L02 ","NO23W"
144,"ALLARM","ALLARM.LT1","08/19/2015","08:00:00","NO3N.4","S1",461,"CMC","NTWQM",2015-08-19 08:00:00,0.1,"D",2,"Water",NA,5,"MG/L",NA,"ACARL","ALLARM Community Aquatic Research Laboratory",0.1,2,NA,1,1,"S","PARTNTID","L02 ","NO23W"
144,"ALLARM","ALLARM.LT5","06/02/2015","09:50:00","NO3N.4","S1",484,"CMC","NTWQM",2015-06-02 09:50:00,0.1,"D",2,"Water",NA,4.3,"MG/L",NA,"ACARL","ALLARM Community Aquatic Research Laboratory",0.1,2,NA,1,1,"S","PARTNTID","L02 ","NO23W"
144,"ALLARM","ALLARM.LT3","04/17/2015","14:16:00","NO3N.4","S1",471,"CMC","NTWQM",2015-04-17 14:16:00,0.1,"D",2,"Water",NA,4.2,"MG/L",NA,"ACARL","ALLARM Community Aquatic Research Laboratory",0.1,2,NA,1,1,"S","PARTNTID","L02 ","NO23W"
144,"ALLARM","ALLARM.LT7","10/08/2015","15:25:00","NO3N.4","S1",498,"CMC","NTWQM",2015-10-08 15:25:00,0.1,"D",2,"Water",NA,4,"MG/L",NA,"ACARL","ALLARM Community Aquatic Research Laboratory",0.1,2,NA,1,1,"S","PARTNTID","L02 ","NO23W"
144,"ALLARM","ALLARM.LT4","06/02/2015","09:34:00","NO3N.4","S1",478,"CMC","NTWQM",2015-06-02 09:34:00,0.1,"D",2,"Water",NA,4.5,"MG/L",NA,"ACARL","ALLARM Community Aquatic Research Laboratory",0.1,2,NA,1,1,"S","PARTNTID","L02 ","NO23W"
144,"ALLARM","ALLARM.LT10","02/06/2015","16:03:00","NO3N.4","S1",512,"CMC","NTWQM",2015-02-06 16:03:00,0.1,"D",2,"Water",NA,4.4,"MG/L",NA,"ACARL","ALLARM Community Aquatic Research Laboratory",0.1,2,NA,1,1,"S","PARTNTID","L02 ","NO23W"
144,"ALLARM","ALLARM.LT2","04/17/2015","14:06:00","NO3N.4","S1",465,"CMC","NTWQM",2015-04-17 14:06:00,0.1,"D",2,"Water",NA,4.3,"MG/L",NA,"ACARL","ALLARM Community Aquatic Research Laboratory",0.1,2,NA,1,1,"S","PARTNTID","L02 ","NO23W"
144,"ALLARM","ALLARM.LT5","08/19/2015","09:20:00","NO3N.4","S1",485,"CMC","NTWQM",2015-08-19 09:20:00,0.1,"D",2,"Water",NA,4.3,"MG/L",NA,"ACARL","ALLARM Community Aquatic Research Laboratory",0.1,2,NA,1,1,"S","PARTNTID","L02 ","NO23W"
144,"ALLARM","ALLARM.LT6","10/08/2015","15:10:00","NO3N.4","S1",492,"CMC","NTWQM",2015-10-08 15:10:00,0.1,"D",2,"Water",NA,4.1,"MG/L",NA,"ACARL","ALLARM Community Aquatic Research Laboratory",0.1,2,NA,1,1,"S","PARTNTID","L02 ","NO23W"
144,"ALLARM","ALLARM.LT3","06/02/2015","09:11:00","NO3N.4","S1",472,"CMC","NTWQM",2015-06-02 09:11:00,0.1,"D",2,"Water",NA,4.4,"MG/L",NA,"ACARL","ALLARM Community Aquatic Research Laboratory",0.1,2,NA,1,1,"S","PARTNTID","L02 ","NO23W"
144,"ALLARM","ALLARM.LT10","04/17/2015","15:56:00","NO3N.4","S1",513,"CMC","NTWQM",2015-04-17 15:56:00,0.1,"D",2,"Water",NA,3.1,"MG/L",NA,"ACARL","ALLARM Community Aquatic Research Laboratory",0.1,2,NA,1,1,"S","PARTNTID","L02 ","NO23W"
144,"ALLARM","ALLARM.LT4","08/19/2015","12:00:00","NO3N.4","S1",479,"CMC","NTWQM",2015-08-19 12:00:00,0.1,"D",2,"Water",NA,4.3,"MG/L",NA,"ACARL","ALLARM Community Aquatic Research Laboratory",0.1,2,NA,1,1,"S","PARTNTID","L02 ","NO23W"
144,"ALLARM","ALLARM.LT10","06/02/2015","22:40:00","NO3N.4","S1",514,"CMC","NTWQM",2015-06-02 22:40:00,0.1,"D",2,"Water",NA,2.5,"MG/L",NA,"ACARL","ALLARM Community Aquatic Research Laboratory",0.1,2,NA,1,1,"S","PARTNTID","L02 ","NO23W"
144,"ALLARM","ALLARM.LT6","04/17/2015","15:12:00","NO3N.4","S1",489,"CMC","NTWQM",2015-04-17 15:12:00,0.1,"D",2,"Water",NA,4.1,"MG/L",NA,"ACARL","ALLARM Community Aquatic Research Laboratory",0.1,2,NA,1,1,"S","PARTNTID","L02 ","NO23W"
144,"ALLARM","ALLARM.LT6","12/04/2015","15:25:00","NO3N.4","S1",493,"CMC","NTWQM",2015-12-04 15:25:00,0.1,"D",2,"Water",NA,4.4,"MG/L",NA,"ACARL","ALLARM Community Aquatic Research Laboratory",0.1,2,NA,1,1,"S","PARTNTID","L02 ","NO23W"
144,"ALLARM","ALLARM.LT3","08/19/2015","08:30:00","NO3N.4","S1",473,"CMC","NTWQM",2015-08-19 08:30:00,0.1,"D",2,"Water",NA,4.4,"MG/L",NA,"ACARL","ALLARM Community Aquatic Research Laboratory",0.1,2,NA,1,1,"S","PARTNTID","L02 ","NO23W"
144,"ALLARM","ALLARM.LT4","02/06/2015","14:49:00","NO3N.4","S1",476,"CMC","NTWQM",2015-02-06 14:49:00,0.1,"D",2,"Water",NA,5.8,"MG/L",NA,"ACARL","ALLARM Community Aquatic Research Laboratory",0.1,2,NA,1,1,"S","PARTNTID","L02 ","NO23W"
144,"ALLARM","ALLARM.LT3","10/08/2015","13:45:00","NO3N.4","S1",474,"CMC","NTWQM",2015-10-08 13:45:00,0.1,"D",2,"Water",NA,4.4,"MG/L",NA,"ACARL","ALLARM Community Aquatic Research Laboratory",0.1,2,NA,1,1,"S","PARTNTID","L02 ","NO23W"
144,"ALLARM","ALLARM.LT10","12/04/2015","12:00:00","NO3N.4","S1",517,"CMC","NTWQM",2015-12-04 12:00:00,0.1,"D",2,"Water",NA,3,"MG/L",NA,"ACARL","ALLARM Community Aquatic Research Laboratory",0.1,2,NA,1,1,"S","PARTNTID","L02 ","NO23W"
144,"ALLARM","ALLARM.LT7","02/06/2015","15:30:00","NO3N.4","S1",494,"CMC","NTWQM",2015-02-06 15:30:00,0.1,"D",2,"Water",NA,4.8,"MG/L",NA,"ACARL","ALLARM Community Aquatic Research Laboratory",0.1,2,NA,1,1,"S","PARTNTID","L02 ","NO23W"
144,"ALLARM","ALLARM.LT6","02/06/2015","15:21:00","NO3N.4","S1",488,"CMC","NTWQM",2015-02-06 15:21:00,0.1,"D",2,"Water",NA,5.9,"MG/L",NA,"ACARL","ALLARM Community Aquatic Research Laboratory",0.1,2,NA,1,1,"S","PARTNTID","L02 ","NO23W"
144,"ALLARM","ALLARM.LT6","08/19/2015","12:00:00","NO3N.4","S1",491,"CMC","NTWQM",2015-08-19 12:00:00,0.1,"D",2,"Water",NA,3.9,"MG/L",NA,"ACARL","ALLARM Community Aquatic Research Laboratory",0.1,2,NA,1,1,"S","PARTNTID","L02 ","NO23W"
144,"ALLARM","ALLARM.LT4","12/04/2015","14:40:00","NO3N.4","S1",481,"CMC","NTWQM",2015-12-04 14:40:00,0.1,"D",2,"Water",NA,4.1,"MG/L",NA,"ACARL","ALLARM Community Aquatic Research Laboratory",0.1,2,NA,1,1,"S","PARTNTID","L02 ","NO23W"
144,"ALLARM","ALLARM.LT10","10/08/2015","16:15:00","NO3N.4","S1",516,"CMC","NTWQM",2015-10-08 16:15:00,0.1,"D",2,"Water",NA,3.3,"MG/L",NA,"ACARL","ALLARM Community Aquatic Research Laboratory",0.1,2,NA,1,1,"S","PARTNTID","L02 ","NO23W"
144,"ALLARM","ALLARM.LT7","12/04/2015","15:40:00","NO3N.4","S1",499,"CMC","NTWQM",2015-12-04 15:40:00,0.1,"D",2,"Water",NA,3.6,"MG/L",NA,"ACARL","ALLARM Community Aquatic Research Laboratory",0.1,2,NA,1,1,"S","PARTNTID","L02 ","NO23W"
144,"ALLARM","ALLARM.LT8","06/02/2015","10:30:00","NO3N.4","S1",502,"CMC","NTWQM",2015-06-02 10:30:00,0.1,"D",2,"Water",NA,3.3,"MG/L",NA,"ACARL","ALLARM Community Aquatic Research Laboratory",0.1,2,NA,1,1,"S","PARTNTID","L02 ","NO23W"
144,"ALLARM","ALLARM.LT8","12/04/2015","15:50:00","NO3N.4","S1",505,"CMC","NTWQM",2015-12-04 15:50:00,0.1,"D",2,"Water",NA,3.6,"MG/L",NA,"ACARL","ALLARM Community Aquatic Research Laboratory",0.1,2,NA,1,1,"S","PARTNTID","L02 ","NO23W"
144,"ALLARM","ALLARM.LT8","10/08/2015","15:40:00","NO3N.4","S1",504,"CMC","NTWQM",2015-10-08 15:40:00,0.1,"D",2,"Water",NA,4,"MG/L",NA,"ACARL","ALLARM Community Aquatic Research Laboratory",0.1,2,NA,1,1,"S","PARTNTID","L02 ","NO23W"
144,"ALLARM","ALLARM.LT6","06/02/2015","10:08:00","NO3N.4","S1",490,"CMC","NTWQM",2015-06-02 10:08:00,0.1,"D",2,"Water",NA,4.6,"MG/L",NA,"ACARL","ALLARM Community Aquatic Research Laboratory",0.1,2,NA,1,1,"S","PARTNTID","L02 ","NO23W"
144,"ALLARM","ALLARM.LT2","02/06/2015","14:11:00","NO3N.4","S1",464,"CMC","NTWQM",2015-02-06 14:11:00,0.1,"D",2,"Water",NA,5.7,"MG/L",NA,"ACARL","ALLARM Community Aquatic Research Laboratory",0.1,2,NA,1,1,"S","PARTNTID","L02 ","NO23W"
171,"ALLARM","ALLARM.LT5","08/19/2015","09:20:00","PH.1","M1",485,"CMC","NTWQM",2015-08-19 09:20:00,0.1,"ISM",2,"Water",NA,7.5,"SU",NA,NA,NA,NA,2,NA,1,1,"S","PARTNTID","F01 ","PH"
171,"ALLARM","ALLARM.LT9","06/02/2015","10:40:00","PH.1","M1",508,"CMC","NTWQM",2015-06-02 10:40:00,0.1,"ISM",2,"Water",NA,7.4,"SU",NA,NA,NA,NA,2,NA,1,1,"S","PARTNTID","F01 ","PH"
171,"ALLARM","ALLARM.LT3","02/06/2015","14:21:00","PH.1","M1",470,"CMC","NTWQM",2015-02-06 14:21:00,0.1,"ISM",2,"Water",NA,7.7,"SU",NA,NA,NA,NA,2,NA,1,1,"S","PARTNTID","F01 ","PH"
171,"ALLARM","ALLARM.LT10","04/17/2015","15:56:00","PH.1","M1",513,"CMC","NTWQM",2015-04-17 15:56:00,0.1,"ISM",2,"Water",NA,8,"SU",NA,NA,NA,NA,2,NA,1,1,"S","PARTNTID","F01 ","PH"
171,"ALLARM","ALLARM.LT10","06/02/2015","22:40:00","PH.1","M1",514,"CMC","NTWQM",2015-06-02 22:40:00,0.1,"ISM",2,"Water",NA,7.6,"SU",NA,NA,NA,NA,2,NA,1,1,"S","PARTNTID","F01 ","PH"
171,"ALLARM","ALLARM.LT2","06/02/2015","09:02:00","PH.1","M1",466,"CMC","NTWQM",2015-06-02 09:02:00,0.1,"ISM",2,"Water",NA,7.3,"SU",NA,NA,NA,NA,2,NA,1,1,"S","PARTNTID","F01 ","PH"
171,"ALLARM","ALLARM.LT6","12/04/2015","15:25:00","PH.1","M1",493,"CMC","NTWQM",2015-12-04 15:25:00,0.1,"ISM",2,"Water",NA,8.1,"SU",NA,NA,NA,NA,2,NA,1,1,"S","PARTNTID","F01 ","PH"
171,"ALLARM","ALLARM.LT9","12/04/2015","16:00:00","PH.1","M1",511,"CMC","NTWQM",2015-12-04 16:00:00,0.1,"ISM",2,"Water",NA,7.8,"SU",NA,NA,NA,NA,2,NA,1,1,"S","PARTNTID","F01 ","PH"
171,"ALLARM","ALLARM.LT9","08/19/2015","12:00:00","PH.1","M1",509,"CMC","NTWQM",2015-08-19 12:00:00,0.1,"ISM",2,"Water",NA,7.8,"SU",NA,NA,NA,NA,2,NA,1,1,"S","PARTNTID","F01 ","PH"
171,"ALLARM","ALLARM.LT5","02/06/2015","15:08:00","PH.1","M1",482,"CMC","NTWQM",2015-02-06 15:08:00,0.1,"ISM",2,"Water",NA,8.1,"SU",NA,NA,NA,NA,2,NA,1,1,"S","PARTNTID","F01 ","PH"
171,"ALLARM","ALLARM.LT9","04/17/2015","15:43:00","PH.1","M1",507,"CMC","NTWQM",2015-04-17 15:43:00,0.1,"ISM",2,"Water",NA,7.9,"SU",NA,NA,NA,NA,2,NA,1,1,"S","PARTNTID","F01 ","PH"
171,"ALLARM","ALLARM.LT2","08/19/2015","08:15:00","PH.1","M1",467,"CMC","NTWQM",2015-08-19 08:15:00,0.1,"ISM",2,"Water",NA,7.3,"SU",NA,NA,NA,NA,2,NA,1,1,"S","PARTNTID","F01 ","PH"
171,"ALLARM","ALLARM.LT7","02/06/2015","15:30:00","PH.1","M1",494,"CMC","NTWQM",2015-02-06 15:30:00,0.1,"ISM",2,"Water",NA,7.9,"SU",NA,NA,NA,NA,2,NA,1,1,"S","PARTNTID","F01 ","PH"
171,"ALLARM","ALLARM.LT3","10/08/2015","13:45:00","PH.1","M1",474,"CMC","NTWQM",2015-10-08 13:45:00,0.1,"ISM",2,"Water",NA,7.8,"SU",NA,NA,NA,NA,2,NA,1,1,"S","PARTNTID","F01 ","PH"
171,"ALLARM","ALLARM.LT9","10/08/2015","15:50:00","PH.1","M1",510,"CMC","NTWQM",2015-10-08 15:50:00,0.1,"ISM",2,"Water",NA,8,"SU",NA,NA,NA,NA,2,NA,1,1,"S","PARTNTID","F01 ","PH"
171,"ALLARM","ALLARM.LT7","12/04/2015","15:40:00","PH.1","M1",499,"CMC","NTWQM",2015-12-04 15:40:00,0.1,"ISM",2,"Water",NA,7.9,"SU",NA,NA,NA,NA,2,NA,1,1,"S","PARTNTID","F01 ","PH"
171,"ALLARM","ALLARM.LT4","12/04/2015","14:40:00","PH.1","M1",481,"CMC","NTWQM",2015-12-04 14:40:00,0.1,"ISM",2,"Water",NA,7.7,"SU",NA,NA,NA,NA,2,NA,1,1,"S","PARTNTID","F01 ","PH"
171,"ALLARM","ALLARM.LT9","02/06/2015","15:54:00","PH.1","M1",506,"CMC","NTWQM",2015-02-06 15:54:00,0.1,"ISM",2,"Water",NA,7.9,"SU",NA,NA,NA,NA,2,NA,1,1,"S","PARTNTID","F01 ","PH"
171,"ALLARM","ALLARM.LT1","12/04/2015","14:05:00","PH.1","M1",463,"CMC","NTWQM",2015-12-04 14:05:00,0.1,"ISM",2,"Water",NA,7.6,"SU",NA,NA,NA,NA,2,NA,1,1,"S","PARTNTID","F01 ","PH"
171,"ALLARM","ALLARM.LT1","08/19/2015","08:00:00","PH.1","M1",461,"CMC","NTWQM",2015-08-19 08:00:00,0.1,"ISM",2,"Water",NA,7.3,"SU",NA,NA,NA,NA,2,NA,1,1,"S","PARTNTID","F01 ","PH"
171,"ALLARM","ALLARM.LT1","04/17/2015","13:50:00","PH.1","M1",459,"CMC","NTWQM",2015-04-17 13:50:00,0.1,"ISM",2,"Water",NA,7.1,"SU",NA,NA,NA,NA,2,NA,1,1,"S","PARTNTID","F01 ","PH"
171,"ALLARM","ALLARM.LT8","02/06/2015","15:45:00","PH.1","M1",500,"CMC","NTWQM",2015-02-06 15:45:00,0.1,"ISM",2,"Water",NA,8,"SU",NA,NA,NA,NA,2,NA,1,1,"S","PARTNTID","F01 ","PH"
171,"ALLARM","ALLARM.LT3","04/17/2015","14:16:00","PH.1","M1",471,"CMC","NTWQM",2015-04-17 14:16:00,0.1,"ISM",2,"Water",NA,7.4,"SU",NA,NA,NA,NA,2,NA,1,1,"S","PARTNTID","F01 ","PH"
171,"ALLARM","ALLARM.LT2","12/04/2015","14:10:00","PH.1","M1",469,"CMC","NTWQM",2015-12-04 14:10:00,0.1,"ISM",2,"Water",NA,8,"SU",NA,NA,NA,NA,2,NA,1,1,"S","PARTNTID","F01 ","PH"
171,"ALLARM","ALLARM.LT7","06/02/2015","10:20:00","PH.1","M1",496,"CMC","NTWQM",2015-06-02 10:20:00,0.1,"ISM",2,"Water",NA,7.4,"SU",NA,NA,NA,NA,2,NA,1,1,"S","PARTNTID","F01 ","PH"
171,"ALLARM","ALLARM.LT1","10/08/2015","13:55:00","PH.1","M1",462,"CMC","NTWQM",2015-10-08 13:55:00,0.1,"ISM",2,"Water",NA,7.8,"SU",NA,NA,NA,NA,2,NA,1,1,"S","PARTNTID","F01 ","PH"
171,"ALLARM","ALLARM.LT8","08/19/2015","12:00:00","PH.1","M1",503,"CMC","NTWQM",2015-08-19 12:00:00,0.1,"ISM",2,"Water",NA,7.5,"SU",NA,NA,NA,NA,2,NA,1,1,"S","PARTNTID","F01 ","PH"
171,"ALLARM","ALLARM.LT1","06/02/2015","08:55:00","PH.1","M1",460,"CMC","NTWQM",2015-06-02 08:55:00,0.1,"ISM",2,"Water",NA,7.1,"SU",NA,NA,NA,NA,2,NA,1,1,"S","PARTNTID","F01 ","PH"
171,"ALLARM","ALLARM.LT5","04/17/2015","15:00:00","PH.1","M1",483,"CMC","NTWQM",2015-04-17 15:00:00,0.1,"ISM",2,"Water",NA,7.9,"SU",NA,NA,NA,NA,2,NA,1,1,"S","PARTNTID","F01 ","PH"
171,"ALLARM","ALLARM.LT6","06/02/2015","10:08:00","PH.1","M1",490,"CMC","NTWQM",2015-06-02 10:08:00,0.1,"ISM",2,"Water",NA,7.4,"SU",NA,NA,NA,NA,2,NA,1,1,"S","PARTNTID","F01 ","PH"
171,"ALLARM","ALLARM.LT2","10/08/2015","13:55:00","PH.1","M1",468,"CMC","NTWQM",2015-10-08 13:55:00,0.1,"ISM",2,"Water",NA,8,"SU",NA,NA,NA,NA,2,NA,1,1,"S","PARTNTID","F01 ","PH"
171,"ALLARM","ALLARM.LT4","08/19/2015","12:00:00","PH.1","M1",479,"CMC","NTWQM",2015-08-19 12:00:00,0.1,"ISM",2,"Water",NA,7.5,"SU",NA,NA,NA,NA,2,NA,1,1,"S","PARTNTID","F01 ","PH"
171,"ALLARM","ALLARM.LT8","10/08/2015","15:40:00","PH.1","M1",504,"CMC","NTWQM",2015-10-08 15:40:00,0.1,"ISM",2,"Water",NA,7.8,"SU",NA,NA,NA,NA,2,NA,1,1,"S","PARTNTID","F01 ","PH"
171,"ALLARM","ALLARM.LT8","06/02/2015","10:30:00","PH.1","M1",502,"CMC","NTWQM",2015-06-02 10:30:00,0.1,"ISM",2,"Water",NA,7.4,"SU",NA,NA,NA,NA,2,NA,1,1,"S","PARTNTID","F01 ","PH"
171,"ALLARM","ALLARM.LT5","06/02/2015","09:50:00","PH.1","M1",484,"CMC","NTWQM",2015-06-02 09:50:00,0.1,"ISM",2,"Water",NA,7.3,"SU",NA,NA,NA,NA,2,NA,1,1,"S","PARTNTID","F01 ","PH"
171,"ALLARM","ALLARM.LT3","08/19/2015","08:30:00","PH.1","M1",473,"CMC","NTWQM",2015-08-19 08:30:00,0.1,"ISM",2,"Water",NA,7.3,"SU",NA,NA,NA,NA,2,NA,1,1,"S","PARTNTID","F01 ","PH"
171,"ALLARM","ALLARM.LT4","10/08/2015","14:25:00","PH.1","M1",480,"CMC","NTWQM",2015-10-08 14:25:00,0.1,"ISM",2,"Water",NA,8,"SU",NA,NA,NA,NA,2,NA,1,1,"S","PARTNTID","F01 ","PH"
171,"ALLARM","ALLARM.LT10","02/06/2015","16:03:00","PH.1","M1",512,"CMC","NTWQM",2015-02-06 16:03:00,0.1,"ISM",2,"Water",NA,8,"SU",NA,NA,NA,NA,2,NA,1,1,"S","PARTNTID","F01 ","PH"
171,"ALLARM","ALLARM.LT8","12/04/2015","15:50:00","PH.1","M1",505,"CMC","NTWQM",2015-12-04 15:50:00,0.1,"ISM",2,"Water",NA,7.8,"SU",NA,NA,NA,NA,2,NA,1,1,"S","PARTNTID","F01 ","PH"
171,"ALLARM","ALLARM.LT4","06/02/2015","09:34:00","PH.1","M1",478,"CMC","NTWQM",2015-06-02 09:34:00,0.1,"ISM",2,"Water",NA,7.1,"SU",NA,NA,NA,NA,2,NA,1,1,"S","PARTNTID","F01 ","PH"
171,"ALLARM","ALLARM.LT6","10/08/2015","15:10:00","PH.1","M1",492,"CMC","NTWQM",2015-10-08 15:10:00,0.1,"ISM",2,"Water",NA,7.8,"SU",NA,NA,NA,NA,2,NA,1,1,"S","PARTNTID","F01 ","PH"
171,"ALLARM","ALLARM.LT1","02/06/2015","14:05:00","PH.1","M1",458,"CMC","NTWQM",2015-02-06 14:05:00,0.1,"ISM",2,"Water",NA,7.4,"SU",NA,NA,NA,NA,2,NA,1,1,"S","PARTNTID","F01 ","PH"
171,"ALLARM","ALLARM.LT3","06/02/2015","09:11:00","PH.1","M1",472,"CMC","NTWQM",2015-06-02 09:11:00,0.1,"ISM",2,"Water",NA,7.3,"SU",NA,NA,NA,NA,2,NA,1,1,"S","PARTNTID","F01 ","PH"
171,"ALLARM","ALLARM.LT3","12/04/2015","13:55:00","PH.1","M1",475,"CMC","NTWQM",2015-12-04 13:55:00,0.1,"ISM",2,"Water",NA,7.8,"SU",NA,NA,NA,NA,2,NA,1,1,"S","PARTNTID","F01 ","PH"
171,"ALLARM","ALLARM.LT6","02/06/2015","15:21:00","PH.1","M1",488,"CMC","NTWQM",2015-02-06 15:21:00,0.1,"ISM",2,"Water",NA,8.2,"SU",NA,NA,NA,NA,2,NA,1,1,"S","PARTNTID","F01 ","PH"
171,"ALLARM","ALLARM.LT5","10/08/2015","14:45:00","PH.1","M1",486,"CMC","NTWQM",2015-10-08 14:45:00,0.1,"ISM",2,"Water",NA,8,"SU",NA,NA,NA,NA,2,NA,1,1,"S","PARTNTID","F01 ","PH"
171,"ALLARM","ALLARM.LT7","04/17/2015","15:23:00","PH.1","M1",495,"CMC","NTWQM",2015-04-17 15:23:00,0.1,"ISM",2,"Water",NA,7.8,"SU",NA,NA,NA,NA,2,NA,1,1,"S","PARTNTID","F01 ","PH"
171,"ALLARM","ALLARM.LT5","12/04/2015","15:10:00","PH.1","M1",487,"CMC","NTWQM",2015-12-04 15:10:00,0.1,"ISM",2,"Water",NA,8.1,"SU",NA,NA,NA,NA,2,NA,1,1,"S","PARTNTID","F01 ","PH"
171,"ALLARM","ALLARM.LT10","10/08/2015","16:15:00","PH.1","M1",516,"CMC","NTWQM",2015-10-08 16:15:00,0.1,"ISM",2,"Water",NA,7.8,"SU",NA,NA,NA,NA,2,NA,1,1,"S","PARTNTID","F01 ","PH"
171,"ALLARM","ALLARM.LT6","08/19/2015","12:00:00","PH.1","M1",491,"CMC","NTWQM",2015-08-19 12:00:00,0.1,"ISM",2,"Water",NA,8,"SU",NA,NA,NA,NA,2,NA,1,1,"S","PARTNTID","F01 ","PH"
171,"ALLARM","ALLARM.LT6","04/17/2015","15:12:00","PH.1","M1",489,"CMC","NTWQM",2015-04-17 15:12:00,0.1,"ISM",2,"Water",NA,8,"SU",NA,NA,NA,NA,2,NA,1,1,"S","PARTNTID","F01 ","PH"
171,"ALLARM","ALLARM.LT10","08/19/2015","16:00:00","PH.1","M1",515,"CMC","NTWQM",2015-08-19 16:00:00,0.1,"ISM",2,"Water",NA,8,"SU",NA,NA,NA,NA,2,NA,1,1,"S","PARTNTID","F01 ","PH"
171,"ALLARM","ALLARM.LT2","02/06/2015","14:11:00","PH.1","M1",464,"CMC","NTWQM",2015-02-06 14:11:00,0.1,"ISM",2,"Water",NA,7.9,"SU",NA,NA,NA,NA,2,NA,1,1,"S","PARTNTID","F01 ","PH"
171,"ALLARM","ALLARM.LT4","02/06/2015","14:49:00","PH.1","M1",476,"CMC","NTWQM",2015-02-06 14:49:00,0.1,"ISM",2,"Water",NA,7.9,"SU",NA,NA,NA,NA,2,NA,1,1,"S","PARTNTID","F01 ","PH"
171,"ALLARM","ALLARM.LT8","04/17/2015","15:33:00","PH.1","M1",501,"CMC","NTWQM",2015-04-17 15:33:00,0.1,"ISM",2,"Water",NA,7.8,"SU",NA,NA,NA,NA,2,NA,1,1,"S","PARTNTID","F01 ","PH"
171,"ALLARM","ALLARM.LT4","04/17/2015","14:39:00","PH.1","M1",477,"CMC","NTWQM",2015-04-17 14:39:00,0.1,"ISM",2,"Water",NA,7.5,"SU",NA,NA,NA,NA,2,NA,1,1,"S","PARTNTID","F01 ","PH"
171,"ALLARM","ALLARM.LT7","10/08/2015","15:25:00","PH.1","M1",498,"CMC","NTWQM",2015-10-08 15:25:00,0.1,"ISM",2,"Water",NA,7.8,"SU",NA,NA,NA,NA,2,NA,1,1,"S","PARTNTID","F01 ","PH"
171,"ALLARM","ALLARM.LT7","08/19/2015","12:00:00","PH.1","M1",497,"CMC","NTWQM",2015-08-19 12:00:00,0.1,"ISM",2,"Water",NA,7.5,"SU",NA,NA,NA,NA,2,NA,1,1,"S","PARTNTID","F01 ","PH"
171,"ALLARM","ALLARM.LT10","12/04/2015","12:00:00","PH.1","M1",517,"CMC","NTWQM",2015-12-04 12:00:00,0.1,"ISM",2,"Water",NA,8.1,"SU",NA,NA,NA,NA,2,NA,1,1,"S","PARTNTID","F01 ","PH"
171,"ALLARM","ALLARM.LT2","04/17/2015","14:06:00","PH.1","M1",465,"CMC","NTWQM",2015-04-17 14:06:00,0.1,"ISM",2,"Water",NA,7.7,"SU",NA,NA,NA,NA,2,NA,1,1,"S","PARTNTID","F01 ","PH"
189,"ALLARM","ALLARM.LT10","06/02/2015","22:40:00","OP.5","S1",514,"CMC","NTWQM",2015-06-02 22:40:00,0.1,"D",2,"Water",NA,0.15,"MG/L",NA,"ACARL","ALLARM Community Aquatic Research Laboratory",0.02,2,NA,1,1,"S","PARTNTID","L02 ","PO4F"
189,"ALLARM","ALLARM.LT1","06/02/2015","08:55:00","OP.5","S1",460,"CMC","NTWQM",2015-06-02 08:55:00,0.1,"D",2,"Water",NA,0.15,"MG/L",NA,"ACARL","ALLARM Community Aquatic Research Laboratory",0.02,2,NA,1,1,"S","PARTNTID","L02 ","PO4F"
189,"ALLARM","ALLARM.LT2","10/08/2015","13:55:00","OP.5","S1",468,"CMC","NTWQM",2015-10-08 13:55:00,0.1,"D",2,"Water",NA,0.03,"MG/L",NA,"ACARL","ALLARM Community Aquatic Research Laboratory",0.02,2,NA,1,1,"S","PARTNTID","L02 ","PO4F"
189,"ALLARM","ALLARM.LT6","04/17/2015","15:12:00","OP.5","S1",489,"CMC","NTWQM",2015-04-17 15:12:00,0.1,"D",2,"Water",NA,0.03,"MG/L",NA,"ACARL","ALLARM Community Aquatic Research Laboratory",0.02,2,NA,1,1,"S","PARTNTID","L02 ","PO4F"
189,"ALLARM","ALLARM.LT10","04/17/2015","15:56:00","OP.5","S1",513,"CMC","NTWQM",2015-04-17 15:56:00,0.1,"D",2,"Water",NA,0.02,"MG/L",NA,"ACARL","ALLARM Community Aquatic Research Laboratory",0.02,2,NA,1,1,"S","PARTNTID","L02 ","PO4F"
189,"ALLARM","ALLARM.LT4","10/08/2015","14:25:00","OP.5","S1",480,"CMC","NTWQM",2015-10-08 14:25:00,0.1,"D",2,"Water",NA,0.01,"MG/L",NA,"ACARL","ALLARM Community Aquatic Research Laboratory",0.02,2,NA,1,1,"S","PARTNTID","L02 ","PO4F"
189,"ALLARM","ALLARM.LT5","04/17/2015","15:00:00","OP.5","S1",483,"CMC","NTWQM",2015-04-17 15:00:00,0.1,"D",2,"Water",NA,0.06,"MG/L",NA,"ACARL","ALLARM Community Aquatic Research Laboratory",0.02,2,NA,1,1,"S","PARTNTID","L02 ","PO4F"
189,"ALLARM","ALLARM.LT6","02/06/2015","15:21:00","OP.5","S1",488,"CMC","NTWQM",2015-02-06 15:21:00,0.1,"D",2,"Water",NA,0.03,"MG/L",NA,"ACARL","ALLARM Community Aquatic Research Laboratory",0.02,2,NA,1,1,"S","PARTNTID","L02 ","PO4F"
189,"ALLARM","ALLARM.LT3","02/06/2015","14:21:00","OP.5","S1",470,"CMC","NTWQM",2015-02-06 14:21:00,0.1,"D",2,"Water",NA,0.14,"MG/L",NA,"ACARL","ALLARM Community Aquatic Research Laboratory",0.02,2,NA,1,1,"S","PARTNTID","L02 ","PO4F"
189,"ALLARM","ALLARM.LT4","04/17/2015","14:39:00","OP.5","S1",477,"CMC","NTWQM",2015-04-17 14:39:00,0.1,"D",2,"Water",NA,0,"MG/L",NA,"ACARL","ALLARM Community Aquatic Research Laboratory",0.02,2,NA,1,1,"S","PARTNTID","L02 ","PO4F"
189,"ALLARM","ALLARM.LT5","10/08/2015","14:45:00","OP.5","S1",486,"CMC","NTWQM",2015-10-08 14:45:00,0.1,"D",2,"Water",NA,0.03,"MG/L",NA,"ACARL","ALLARM Community Aquatic Research Laboratory",0.02,2,NA,1,1,"S","PARTNTID","L02 ","PO4F"
189,"ALLARM","ALLARM.LT2","08/19/2015","08:15:00","OP.5","S1",467,"CMC","NTWQM",2015-08-19 08:15:00,0.1,"D",2,"Water",NA,0.08,"MG/L",NA,"ACARL","ALLARM Community Aquatic Research Laboratory",0.02,2,NA,1,1,"S","PARTNTID","L02 ","PO4F"
189,"ALLARM","ALLARM.LT5","02/06/2015","15:08:00","OP.5","S1",482,"CMC","NTWQM",2015-02-06 15:08:00,0.1,"D",2,"Water",NA,0.09,"MG/L",NA,"ACARL","ALLARM Community Aquatic Research Laboratory",0.02,2,NA,1,1,"S","PARTNTID","L02 ","PO4F"
189,"ALLARM","ALLARM.LT6","08/19/2015","12:00:00","OP.5","S1",491,"CMC","NTWQM",2015-08-19 12:00:00,0.1,"D",2,"Water",NA,0.04,"MG/L",NA,"ACARL","ALLARM Community Aquatic Research Laboratory",0.02,2,NA,1,1,"S","PARTNTID","L02 ","PO4F"
189,"ALLARM","ALLARM.LT3","04/17/2015","14:16:00","OP.5","S1",471,"CMC","NTWQM",2015-04-17 14:16:00,0.1,"D",2,"Water",NA,0.02,"MG/L",NA,"ACARL","ALLARM Community Aquatic Research Laboratory",0.02,2,NA,1,1,"S","PARTNTID","L02 ","PO4F"
189,"ALLARM","ALLARM.LT2","12/04/2015","14:10:00","OP.5","S1",469,"CMC","NTWQM",2015-12-04 14:10:00,0.1,"D",2,"Water",NA,0.11,"MG/L",NA,"ACARL","ALLARM Community Aquatic Research Laboratory",0.02,2,NA,1,1,"S","PARTNTID","L02 ","PO4F"
189,"ALLARM","ALLARM.LT4","06/02/2015","09:34:00","OP.5","S1",478,"CMC","NTWQM",2015-06-02 09:34:00,0.1,"D",2,"Water",NA,0.04,"MG/L",NA,"ACARL","ALLARM Community Aquatic Research Laboratory",0.02,2,NA,1,1,"S","PARTNTID","L02 ","PO4F"
189,"ALLARM","ALLARM.LT5","08/19/2015","09:20:00","OP.5","S1",485,"CMC","NTWQM",2015-08-19 09:20:00,0.1,"D",2,"Water",NA,0.06,"MG/L",NA,"ACARL","ALLARM Community Aquatic Research Laboratory",0.02,2,NA,1,1,"S","PARTNTID","L02 ","PO4F"
189,"ALLARM","ALLARM.LT2","04/17/2015","14:06:00","OP.5","S1",465,"CMC","NTWQM",2015-04-17 14:06:00,0.1,"D",2,"Water",NA,0.02,"MG/L",NA,"ACARL","ALLARM Community Aquatic Research Laboratory",0.02,2,NA,1,1,"S","PARTNTID","L02 ","PO4F"
189,"ALLARM","ALLARM.LT3","06/02/2015","09:11:00","OP.5","S1",472,"CMC","NTWQM",2015-06-02 09:11:00,0.1,"D",2,"Water",NA,0.04,"MG/L",NA,"ACARL","ALLARM Community Aquatic Research Laboratory",0.02,2,NA,1,1,"S","PARTNTID","L02 ","PO4F"
189,"ALLARM","ALLARM.LT6","06/02/2015","10:08:00","OP.5","S1",490,"CMC","NTWQM",2015-06-02 10:08:00,0.1,"D",2,"Water",NA,0.03,"MG/L",NA,"ACARL","ALLARM Community Aquatic Research Laboratory",0.02,2,NA,1,1,"S","PARTNTID","L02 ","PO4F"
189,"ALLARM","ALLARM.LT4","08/19/2015","12:00:00","OP.5","S1",479,"CMC","NTWQM",2015-08-19 12:00:00,0.1,"D",2,"Water",NA,0.09,"MG/L",NA,"ACARL","ALLARM Community Aquatic Research Laboratory",0.02,2,NA,1,1,"S","PARTNTID","L02 ","PO4F"
189,"ALLARM","ALLARM.LT7","12/04/2015","15:40:00","OP.5","S1",499,"CMC","NTWQM",2015-12-04 15:40:00,0.1,"D",2,"Water",NA,0.11,"MG/L",NA,"ACARL","ALLARM Community Aquatic Research Laboratory",0.02,2,NA,1,1,"S","PARTNTID","L02 ","PO4F"
189,"ALLARM","ALLARM.LT9","02/06/2015","15:54:00","OP.5","S1",506,"CMC","NTWQM",2015-02-06 15:54:00,0.1,"D",2,"Water",NA,0.08,"MG/L",NA,"ACARL","ALLARM Community Aquatic Research Laboratory",0.02,2,NA,1,1,"S","PARTNTID","L02 ","PO4F"
189,"ALLARM","ALLARM.LT5","06/02/2015","09:50:00","OP.5","S1",484,"CMC","NTWQM",2015-06-02 09:50:00,0.1,"D",2,"Water",NA,0.15,"MG/L",NA,"ACARL","ALLARM Community Aquatic Research Laboratory",0.02,2,NA,1,1,"S","PARTNTID","L02 ","PO4F"
189,"ALLARM","ALLARM.LT3","08/19/2015","08:30:00","OP.5","S1",473,"CMC","NTWQM",2015-08-19 08:30:00,0.1,"D",2,"Water",NA,0.06,"MG/L",NA,"ACARL","ALLARM Community Aquatic Research Laboratory",0.02,2,NA,1,1,"S","PARTNTID","L02 ","PO4F"
189,"ALLARM","ALLARM.LT6","12/04/2015","15:25:00","OP.5","S1",493,"CMC","NTWQM",2015-12-04 15:25:00,0.1,"D",2,"Water",NA,0.14,"MG/L",NA,"ACARL","ALLARM Community Aquatic Research Laboratory",0.02,2,NA,1,1,"S","PARTNTID","L02 ","PO4F"
189,"ALLARM","ALLARM.LT1","04/17/2015","13:50:00","OP.5","S1",459,"CMC","NTWQM",2015-04-17 13:50:00,0.1,"D",2,"Water",NA,0,"MG/L",NA,"ACARL","ALLARM Community Aquatic Research Laboratory",0.02,2,NA,1,1,"S","PARTNTID","L02 ","PO4F"
189,"ALLARM","ALLARM.LT8","02/06/2015","15:45:00","OP.5","S1",500,"CMC","NTWQM",2015-02-06 15:45:00,0.1,"D",2,"Water",NA,0.03,"MG/L",NA,"ACARL","ALLARM Community Aquatic Research Laboratory",0.02,2,NA,1,1,"S","PARTNTID","L02 ","PO4F"
189,"ALLARM","ALLARM.LT5","12/04/2015","15:10:00","OP.5","S1",487,"CMC","NTWQM",2015-12-04 15:10:00,0.1,"D",2,"Water",NA,0.1,"MG/L",NA,"ACARL","ALLARM Community Aquatic Research Laboratory",0.02,2,NA,1,1,"S","PARTNTID","L02 ","PO4F"
189,"ALLARM","ALLARM.LT4","02/06/2015","14:49:00","OP.5","S1",476,"CMC","NTWQM",2015-02-06 14:49:00,0.1,"D",2,"Water",NA,0.03,"MG/L",NA,"ACARL","ALLARM Community Aquatic Research Laboratory",0.02,2,NA,1,1,"S","PARTNTID","L02 ","PO4F"
189,"ALLARM","ALLARM.LT3","10/08/2015","13:45:00","OP.5","S1",474,"CMC","NTWQM",2015-10-08 13:45:00,0.1,"D",2,"Water",NA,0.07,"MG/L",NA,"ACARL","ALLARM Community Aquatic Research Laboratory",0.02,2,NA,1,1,"S","PARTNTID","L02 ","PO4F"
189,"ALLARM","ALLARM.LT7","02/06/2015","15:30:00","OP.5","S1",494,"CMC","NTWQM",2015-02-06 15:30:00,0.1,"D",2,"Water",NA,0.09,"MG/L",NA,"ACARL","ALLARM Community Aquatic Research Laboratory",0.02,2,NA,1,1,"S","PARTNTID","L02 ","PO4F"
189,"ALLARM","ALLARM.LT4","12/04/2015","14:40:00","OP.5","S1",481,"CMC","NTWQM",2015-12-04 14:40:00,0.1,"D",2,"Water",NA,0.11,"MG/L",NA,"ACARL","ALLARM Community Aquatic Research Laboratory",0.02,2,NA,1,1,"S","PARTNTID","L02 ","PO4F"
189,"ALLARM","ALLARM.LT8","04/17/2015","15:33:00","OP.5","S1",501,"CMC","NTWQM",2015-04-17 15:33:00,0.1,"D",2,"Water",NA,0.04,"MG/L",NA,"ACARL","ALLARM Community Aquatic Research Laboratory",0.02,2,NA,1,1,"S","PARTNTID","L02 ","PO4F"
189,"ALLARM","ALLARM.LT10","08/19/2015","16:00:00","OP.5","S1",515,"CMC","NTWQM",2015-08-19 16:00:00,0.1,"D",2,"Water",NA,0.04,"MG/L",NA,"ACARL","ALLARM Community Aquatic Research Laboratory",0.02,2,NA,1,1,"S","PARTNTID","L02 ","PO4F"
189,"ALLARM","ALLARM.LT9","06/02/2015","10:40:00","OP.5","S1",508,"CMC","NTWQM",2015-06-02 10:40:00,0.1,"D",2,"Water",NA,0.06,"MG/L",NA,"ACARL","ALLARM Community Aquatic Research Laboratory",0.02,2,NA,1,1,"S","PARTNTID","L02 ","PO4F"
189,"ALLARM","ALLARM.LT2","06/02/2015","09:02:00","OP.5","S1",466,"CMC","NTWQM",2015-06-02 09:02:00,0.1,"D",2,"Water",NA,0.09,"MG/L",NA,"ACARL","ALLARM Community Aquatic Research Laboratory",0.02,2,NA,1,1,"S","PARTNTID","L02 ","PO4F"
189,"ALLARM","ALLARM.LT3","12/04/2015","13:55:00","OP.5","S1",475,"CMC","NTWQM",2015-12-04 13:55:00,0.1,"D",2,"Water",NA,0.1,"MG/L",NA,"ACARL","ALLARM Community Aquatic Research Laboratory",0.02,2,NA,1,1,"S","PARTNTID","L02 ","PO4F"
189,"ALLARM","ALLARM.LT1","08/19/2015","08:00:00","OP.5","S1",461,"CMC","NTWQM",2015-08-19 08:00:00,0.1,"D",2,"Water",NA,0.07,"MG/L",NA,"ACARL","ALLARM Community Aquatic Research Laboratory",0.02,2,NA,1,1,"S","PARTNTID","L02 ","PO4F"
189,"ALLARM","ALLARM.LT8","06/02/2015","10:30:00","OP.5","S1",502,"CMC","NTWQM",2015-06-02 10:30:00,0.1,"D",2,"Water",NA,0.2,"MG/L",NA,"ACARL","ALLARM Community Aquatic Research Laboratory",0.02,2,NA,1,1,"S","PARTNTID","L02 ","PO4F"
189,"ALLARM","ALLARM.LT10","10/08/2015","16:15:00","OP.5","S1",516,"CMC","NTWQM",2015-10-08 16:15:00,0.1,"D",2,"Water",NA,0.04,"MG/L",NA,"ACARL","ALLARM Community Aquatic Research Laboratory",0.02,2,NA,1,1,"S","PARTNTID","L02 ","PO4F"
189,"ALLARM","ALLARM.LT7","10/08/2015","15:25:00","OP.5","S1",498,"CMC","NTWQM",2015-10-08 15:25:00,0.1,"D",2,"Water",NA,0.04,"MG/L",NA,"ACARL","ALLARM Community Aquatic Research Laboratory",0.02,2,NA,1,1,"S","PARTNTID","L02 ","PO4F"
189,"ALLARM","ALLARM.LT9","04/17/2015","15:43:00","OP.5","S1",507,"CMC","NTWQM",2015-04-17 15:43:00,0.1,"D",2,"Water",NA,0.06,"MG/L",NA,"ACARL","ALLARM Community Aquatic Research Laboratory",0.02,2,NA,1,1,"S","PARTNTID","L02 ","PO4F"
189,"ALLARM","ALLARM.LT7","06/02/2015","10:20:00","OP.5","S1",496,"CMC","NTWQM",2015-06-02 10:20:00,0.1,"D",2,"Water",NA,0.03,"MG/L",NA,"ACARL","ALLARM Community Aquatic Research Laboratory",0.02,2,NA,1,1,"S","PARTNTID","L02 ","PO4F"
189,"ALLARM","ALLARM.LT1","10/08/2015","13:55:00","OP.5","S1",462,"CMC","NTWQM",2015-10-08 13:55:00,0.1,"D",2,"Water",NA,0.03,"MG/L",NA,"ACARL","ALLARM Community Aquatic Research Laboratory",0.02,2,NA,1,1,"S","PARTNTID","L02 ","PO4F"
189,"ALLARM","ALLARM.LT8","08/19/2015","12:00:00","OP.5","S1",503,"CMC","NTWQM",2015-08-19 12:00:00,0.1,"D",2,"Water",NA,0.06,"MG/L",NA,"ACARL","ALLARM Community Aquatic Research Laboratory",0.02,2,NA,1,1,"S","PARTNTID","L02 ","PO4F"
189,"ALLARM","ALLARM.LT10","12/04/2015","12:00:00","OP.5","S1",517,"CMC","NTWQM",2015-12-04 12:00:00,0.1,"D",2,"Water",NA,0.12,"MG/L",NA,"ACARL","ALLARM Community Aquatic Research Laboratory",0.02,2,NA,1,1,"S","PARTNTID","L02 ","PO4F"
189,"ALLARM","ALLARM.LT1","02/06/2015","14:05:00","OP.5","S1",458,"CMC","NTWQM",2015-02-06 14:05:00,0.1,"D",2,"Water",NA,0.1,"MG/L",NA,"ACARL","ALLARM Community Aquatic Research Laboratory",0.02,2,NA,1,1,"S","PARTNTID","L02 ","PO4F"
189,"ALLARM","ALLARM.LT2","02/06/2015","14:11:00","OP.5","S1",464,"CMC","NTWQM",2015-02-06 14:11:00,0.1,"D",2,"Water",NA,0.11,"MG/L",NA,"ACARL","ALLARM Community Aquatic Research Laboratory",0.02,2,NA,1,1,"S","PARTNTID","L02 ","PO4F"
189,"ALLARM","ALLARM.LT7","04/17/2015","15:23:00","OP.5","S1",495,"CMC","NTWQM",2015-04-17 15:23:00,0.1,"D",2,"Water",NA,0,"MG/L",NA,"ACARL","ALLARM Community Aquatic Research Laboratory",0.02,2,NA,1,1,"S","PARTNTID","L02 ","PO4F"
189,"ALLARM","ALLARM.LT1","12/04/2015","14:05:00","OP.5","S1",463,"CMC","NTWQM",2015-12-04 14:05:00,0.1,"D",2,"Water",NA,0.07,"MG/L",NA,"ACARL","ALLARM Community Aquatic Research Laboratory",0.02,2,NA,1,1,"S","PARTNTID","L02 ","PO4F"
189,"ALLARM","ALLARM.LT8","10/08/2015","15:40:00","OP.5","S1",504,"CMC","NTWQM",2015-10-08 15:40:00,0.1,"D",2,"Water",NA,0.06,"MG/L",NA,"ACARL","ALLARM Community Aquatic Research Laboratory",0.02,2,NA,1,1,"S","PARTNTID","L02 ","PO4F"
189,"ALLARM","ALLARM.LT10","02/06/2015","16:03:00","OP.5","S1",512,"CMC","NTWQM",2015-02-06 16:03:00,0.1,"D",2,"Water",NA,0.19,"MG/L",NA,"ACARL","ALLARM Community Aquatic Research Laboratory",0.02,2,NA,1,1,"S","PARTNTID","L02 ","PO4F"
189,"ALLARM","ALLARM.LT9","12/04/2015","16:00:00","OP.5","S1",511,"CMC","NTWQM",2015-12-04 16:00:00,0.1,"D",2,"Water",NA,0.1,"MG/L",NA,"ACARL","ALLARM Community Aquatic Research Laboratory",0.02,2,NA,1,1,"S","PARTNTID","L02 ","PO4F"
189,"ALLARM","ALLARM.LT9","08/19/2015","12:00:00","OP.5","S1",509,"CMC","NTWQM",2015-08-19 12:00:00,0.1,"D",2,"Water",NA,0.04,"MG/L",NA,"ACARL","ALLARM Community Aquatic Research Laboratory",0.02,2,NA,1,1,"S","PARTNTID","L02 ","PO4F"
189,"ALLARM","ALLARM.LT6","10/08/2015","15:10:00","OP.5","S1",492,"CMC","NTWQM",2015-10-08 15:10:00,0.1,"D",2,"Water",NA,0.04,"MG/L",NA,"ACARL","ALLARM Community Aquatic Research Laboratory",0.02,2,NA,1,1,"S","PARTNTID","L02 ","PO4F"
189,"ALLARM","ALLARM.LT9","10/08/2015","15:50:00","OP.5","S1",510,"CMC","NTWQM",2015-10-08 15:50:00,0.1,"D",2,"Water",NA,0.05,"MG/L",NA,"ACARL","ALLARM Community Aquatic Research Laboratory",0.02,2,NA,1,1,"S","PARTNTID","L02 ","PO4F"
189,"ALLARM","ALLARM.LT8","12/04/2015","15:50:00","OP.5","S1",505,"CMC","NTWQM",2015-12-04 15:50:00,0.1,"D",2,"Water",NA,0.12,"MG/L",NA,"ACARL","ALLARM Community Aquatic Research Laboratory",0.02,2,NA,1,1,"S","PARTNTID","L02 ","PO4F"
189,"ALLARM","ALLARM.LT7","08/19/2015","12:00:00","OP.5","S1",497,"CMC","NTWQM",2015-08-19 12:00:00,0.1,"D",2,"Water",NA,0.04,"MG/L",NA,"ACARL","ALLARM Community Aquatic Research Laboratory",0.02,2,NA,1,1,"S","PARTNTID","L02 ","PO4F"
242,"GCWD","GCWD.CALCRE0.11","05/19/2015","12:00:00","CO.1","M1",4750,"CMC","NTWQM",2015-05-19 12:00:00,0.1,"ISM",2,"Water",NA,86,"US/CM",NA,NA,NA,NA,2,NA,1,1,"S","PARTNTID","F02 ","SPCOND"
242,"GCWD","GCWD.GERBRA4.32","03/16/2015","12:00:00","CO.1","M1",5070,"CMC","NTWQM",2015-03-16 12:00:00,0.1,"ISM",2,"Water",NA,138,"US/CM",NA,NA,NA,NA,2,NA,1,1,"S","PARTNTID","F02 ","SPCOND"
242,"GCWD","GCWD.CALCRE0.11","04/06/2015","12:00:00","CO.1","M1",4749,"CMC","NTWQM",2015-04-06 12:00:00,0.1,"ISM",2,"Water",NA,64,"US/CM",NA,NA,NA,NA,2,NA,1,1,"S","PARTNTID","F02 ","SPCOND"
242,"GCWD","GCWD.CALCRE0.11","12/11/2015","12:00:00","CO.1","M1",4759,"CMC","NTWQM",2015-12-11 12:00:00,0.1,"ISM",2,"Water",NA,73,"US/CM",NA,NA,NA,NA,2,NA,1,2,"VP","PARTNTID","F02 ","SPCOND"
242,"GCWD","GCWD.CALCRE0.11","12/11/2015","12:00:00","CO.1","M1",4759,"CMC","NTWQM",2015-12-11 12:00:00,0.1,"ISM",2,"Water",NA,73,"US/CM",NA,NA,NA,NA,2,NA,1,2,"VP","PARTNTID","F02 ","SPCOND"
242,"GCWD","GCWD.LITPHORUN0.02","05/19/2015","12:00:00","CO.1","M1",5109,"CMC","NTWQM",2015-05-19 12:00:00,0.1,"ISM",2,"Water",NA,112,"US/CM",NA,NA,NA,NA,2,NA,1,1,"S","PARTNTID","F02 ","SPCOND"
242,"GCWD","GCWD.GENFOR10.77","04/06/2015","12:00:00","CO.1","M1",4937,"CMC","NTWQM",2015-04-06 12:00:00,0.1,"ISM",2,"Water",NA,45,"US/CM",NA,NA,NA,NA,2,NA,1,1,"S","PARTNTID","F02 ","SPCOND"
242,"GCWD","GCWD.GERBRA4.32","01/25/2015","12:00:00","CO.1","M1",5067,"CMC","NTWQM",2015-01-25 12:00:00,0.1,"ISM",2,"Water",NA,127,"US/CM",NA,NA,NA,NA,2,NA,1,1,"S","PARTNTID","F02 ","SPCOND"
242,"GCWD","GCWD.GENFOR10.77","05/19/2015","12:00:00","CO.1","M1",4938,"CMC","NTWQM",2015-05-19 12:00:00,0.1,"ISM",2,"Water",NA,66,"US/CM",NA,NA,NA,NA,2,NA,1,1,"S","PARTNTID","F02 ","SPCOND"
242,"GCWD","GCWD.GERBRA4.32","02/08/2015","12:00:00","CO.1","M1",5068,"CMC","NTWQM",2015-02-08 12:00:00,0.1,"ISM",2,"Water",NA,138,"US/CM",NA,NA,NA,NA,2,NA,1,1,"S","PARTNTID","F02 ","SPCOND"
242,"GCWD","GCWD.LITPHORUN0.02","12/11/2015","12:00:00","CO.1","M1",5111,"CMC","NTWQM",2015-12-11 12:00:00,0.1,"ISM",2,"Water",NA,97,"US/CM",NA,NA,NA,NA,2,NA,1,2,"VP","PARTNTID","F02 ","SPCOND"
242,"GCWD","GCWD.GERBRA4.32","02/19/2015","12:00:00","CO.1","M1",5069,"CMC","NTWQM",2015-02-19 12:00:00,0.1,"ISM",2,"Water",NA,238,"US/CM",NA,NA,NA,NA,2,NA,1,1,"S","PARTNTID","F02 ","SPCOND"
242,"GCWD","GCWD.GENFOR10.77","12/11/2015","12:00:00","CO.1","M1",4940,"CMC","NTWQM",2015-12-11 12:00:00,0.1,"ISM",2,"Water",NA,55,"US/CM",NA,NA,NA,NA,2,NA,1,2,"VP","PARTNTID","F02 ","SPCOND"
242,"GCWD","GCWD.LAURUN0.06","12/11/2015","12:00:00","CO.1","M1",5082,"CMC","NTWQM",2015-12-11 12:00:00,0.1,"ISM",2,"Water",NA,60,"US/CM",NA,NA,NA,NA,2,NA,1,2,"VP","PARTNTID","F02 ","SPCOND"
242,"GCWD","GCWD.GENFOR10.77","12/11/2015","12:00:00","CO.1","M1",4940,"CMC","NTWQM",2015-12-11 12:00:00,0.1,"ISM",2,"Water",NA,55,"US/CM",NA,NA,NA,NA,2,NA,1,2,"VP","PARTNTID","F02 ","SPCOND"
242,"GCWD","GCWD.GERBRA4.32","03/23/2015","12:00:00","CO.1","M1",5071,"CMC","NTWQM",2015-03-23 12:00:00,0.1,"ISM",2,"Water",NA,107,"US/CM",NA,NA,NA,NA,2,NA,1,1,"S","PARTNTID","F02 ","SPCOND"
242,"GCWD","GCWD.GENFOR9.31","12/11/2015","12:00:00","CO.1","M1",4947,"CMC","NTWQM",2015-12-11 12:00:00,0.1,"ISM",2,"Water",NA,55,"US/CM",NA,NA,NA,NA,2,NA,1,2,"VP","PARTNTID","F02 ","SPCOND"
242,"GCWD","GCWD.MILCRE1.08","12/12/2015","12:00:00","CO.1","M1",5466,"CMC","NTWQM",2015-12-12 12:00:00,0.1,"ISM",2,"Water",NA,142,"US/CM",NA,NA,NA,NA,2,NA,1,1,"S","PARTNTID","F02 ","SPCOND"
242,"GCWD","GCWD.GENFOR9.31","12/11/2015","12:00:00","CO.1","M1",4947,"CMC","NTWQM",2015-12-11 12:00:00,0.1,"ISM",2,"Water",NA,55,"US/CM",NA,NA,NA,NA,2,NA,1,2,"VP","PARTNTID","F02 ","SPCOND"
242,"GCWD","GCWD.GERBRA4.32","04/04/2015","12:00:00","CO.1","M1",5073,"CMC","NTWQM",2015-04-04 12:00:00,0.1,"ISM",2,"Water",NA,101,"US/CM",NA,NA,NA,NA,2,NA,1,1,"S","PARTNTID","F02 ","SPCOND"
242,"GCWD","GCWD.LITPHORUN0.02","11/11/2015","12:00:00","CO.1","M1",5110,"CMC","NTWQM",2015-11-11 12:00:00,0.1,"ISM",2,"Water",NA,65,"US/CM",NA,NA,NA,NA,2,NA,1,1,"S","PARTNTID","F02 ","SPCOND"
242,"GCWD","GCWD.LAURUN0.06","11/11/2015","12:00:00","CO.1","M1",5085,"CMC","NTWQM",2015-11-11 12:00:00,0.1,"ISM",2,"Water",NA,47,"US/CM",NA,NA,NA,NA,2,NA,1,2,"VP","PARTNTID","F02 ","SPCOND"
242,"GCWD","GCWD.LITPHORUN0.02","12/11/2015","12:00:00","CO.1","M1",5111,"CMC","NTWQM",2015-12-11 12:00:00,0.1,"ISM",2,"Water",NA,97,"US/CM",NA,NA,NA,NA,2,NA,1,2,"VP","PARTNTID","F02 ","SPCOND"
242,"GCWD","GCWD.PHORUN4.36","04/06/2015","12:00:00","CO.1","M1",5190,"CMC","NTWQM",2015-04-06 12:00:00,0.1,"ISM",2,"Water",NA,61,"US/CM",NA,NA,NA,NA,2,NA,1,1,"S","PARTNTID","F02 ","SPCOND"
242,"GCWD","GCWD.GENFOR10.77","11/11/2015","12:00:00","CO.1","M1",4939,"CMC","NTWQM",2015-11-11 12:00:00,0.1,"ISM",2,"Water",NA,44,"US/CM",NA,NA,NA,NA,2,NA,1,1,"S","PARTNTID","F02 ","SPCOND"
242,"GCWD","GCWD.LAURUN0.06","12/11/2015","12:00:00","CO.1","M1",5082,"CMC","NTWQM",2015-12-11 12:00:00,0.1,"ISM",2,"Water",NA,60,"US/CM",NA,NA,NA,NA,2,NA,1,2,"VP","PARTNTID","F02 ","SPCOND"
242,"GCWD","GCWD.LONRUN4.13","12/30/2015","12:00:00","CO.1","M1",5423,"CMC","NTWQM",2015-12-30 12:00:00,0.1,"ISM",2,"Water",NA,85,"US/CM",NA,NA,NA,NA,2,NA,1,1,"S","PARTNTID","F02 ","SPCOND"
242,"GCWD","GCWD.PHORUN4.36","11/11/2015","12:00:00","CO.1","M1",5192,"CMC","NTWQM",2015-11-11 12:00:00,0.1,"ISM",2,"Water",NA,56,"US/CM",NA,NA,NA,NA,2,NA,1,1,"S","PARTNTID","F02 ","SPCOND"
242,"GCWD","GCWD.MILCRE1.08","10/27/2015","12:00:00","CO.1","M1",5477,"CMC","NTWQM",2015-10-27 12:00:00,0.1,"ISM",2,"Water",NA,346,"US/CM",NA,NA,NA,NA,2,NA,1,1,"S","PARTNTID","F02 ","SPCOND"
242,"GCWD","GCWD.LITPHORUN0.02","04/06/2015","12:00:00","CO.1","M1",5108,"CMC","NTWQM",2015-04-06 12:00:00,0.1,"ISM",2,"Water",NA,67,"US/CM",NA,NA,NA,NA,2,NA,1,1,"S","PARTNTID","F02 ","SPCOND"
242,"GCWD","GCWD.PHORUN4.36","12/11/2015","12:00:00","CO.1","M1",5193,"CMC","NTWQM",2015-12-11 12:00:00,0.1,"ISM",2,"Water",NA,75,"US/CM",NA,NA,NA,NA,2,NA,1,2,"VP","PARTNTID","F02 ","SPCOND"
242,"GCWD","GCWD.GERBRA4.32","03/29/2015","12:00:00","CO.1","M1",5072,"CMC","NTWQM",2015-03-29 12:00:00,0.1,"ISM",2,"Water",NA,113,"US/CM",NA,NA,NA,NA,2,NA,1,1,"S","PARTNTID","F02 ","SPCOND"
242,"GCWD","GCWD.MILCRE1.67","12/12/2015","12:00:00","CO.1","M1",5453,"CMC","NTWQM",2015-12-12 12:00:00,0.1,"ISM",2,"Water",NA,162,"US/CM",NA,NA,NA,NA,2,NA,1,1,"S","PARTNTID","F02 ","SPCOND"
242,"GCWD","GCWD.PHORUN7.54","04/06/2015","12:00:00","CO.1","M1",5217,"CMC","NTWQM",2015-04-06 12:00:00,0.1,"ISM",2,"Water",NA,62,"US/CM",NA,NA,NA,NA,2,NA,1,1,"S","PARTNTID","F02 ","SPCOND"
242,"GCWD","GCWD.MILCRE2.32","12/12/2015","12:00:00","CO.1","M1",5439,"CMC","NTWQM",2015-12-12 12:00:00,0.1,"ISM",2,"Water",NA,179,"US/CM",NA,NA,NA,NA,2,NA,1,1,"S","PARTNTID","F02 ","SPCOND"
242,"GCWD","GCWD.PHORUN7.54","05/19/2015","12:00:00","CO.1","M1",5218,"CMC","NTWQM",2015-05-19 12:00:00,0.1,"ISM",2,"Water",NA,85,"US/CM",NA,NA,NA,NA,2,NA,1,1,"S","PARTNTID","F02 ","SPCOND"
242,"GCWD","GCWD.LAURUN0.06","11/11/2015","12:00:00","CO.1","M1",5085,"CMC","NTWQM",2015-11-11 12:00:00,0.1,"ISM",2,"Water",NA,47,"US/CM",NA,NA,NA,NA,2,NA,1,2,"VP","PARTNTID","F02 ","SPCOND"
242,"GCWD","GCWD.PHORUN7.54","11/11/2015","12:00:00","CO.1","M1",5219,"CMC","NTWQM",2015-11-11 12:00:00,0.1,"ISM",2,"Water",NA,54,"US/CM",NA,NA,NA,NA,2,NA,1,1,"S","PARTNTID","F02 ","SPCOND"
242,"GCWD","GCWD.PHORUN4.36","05/19/2015","12:00:00","CO.1","M1",5191,"CMC","NTWQM",2015-05-19 12:00:00,0.1,"ISM",2,"Water",NA,91,"US/CM",NA,NA,NA,NA,2,NA,1,1,"S","PARTNTID","F02 ","SPCOND"
242,"GCWD","GCWD.UNTPHORUN0.05TEMP","12/11/2015","12:00:00","CO.1","M1",5368,"CMC","NTWQM",2015-12-11 12:00:00,0.1,"ISM",2,"Water",NA,50,"US/CM",NA,NA,NA,NA,2,NA,1,2,"VP","PARTNTID","F02 ","SPCOND"
242,"GCWD","GCWD.UNTPHORUN0.05TEMP","12/11/2015","12:00:00","CO.1","M1",5368,"CMC","NTWQM",2015-12-11 12:00:00,0.1,"ISM",2,"Water",NA,50,"US/CM",NA,NA,NA,NA,2,NA,1,2,"VP","PARTNTID","F02 ","SPCOND"
242,"GCWD","GCWD.CALCRE0.11","11/11/2015","12:00:00","CO.1","M1",4751,"CMC","NTWQM",2015-11-11 12:00:00,0.1,"ISM",2,"Water",NA,58,"US/CM",NA,NA,NA,NA,2,NA,1,1,"S","PARTNTID","F02 ","SPCOND"
242,"GCWD","GCWD.PHORUN4.36","12/11/2015","12:00:00","CO.1","M1",5193,"CMC","NTWQM",2015-12-11 12:00:00,0.1,"ISM",2,"Water",NA,75,"US/CM",NA,NA,NA,NA,2,NA,1,2,"VP","PARTNTID","F02 ","SPCOND"
413,"ALLARM","ALLARM.LT9","06/02/2015","10:40:00","WT.3","M1",508,"CMC","NTWQM",2015-06-02 10:40:00,0.1,"ISM",2,"Water",NA,13.3,"DEG C",NA,NA,NA,NA,2,NA,1,1,"S","PARTNTID","F01 ","WTEMP"
413,"ALLARM","ALLARM.LT6","08/19/2015","12:00:00","WT.3","M1",491,"CMC","NTWQM",2015-08-19 12:00:00,0.1,"ISM",2,"Water",NA,13.5,"DEG C",NA,NA,NA,NA,2,NA,1,1,"S","PARTNTID","F01 ","WTEMP"
413,"ALLARM","ALLARM.LT2","02/06/2015","14:11:00","WT.3","M1",464,"CMC","NTWQM",2015-02-06 14:11:00,0.1,"ISM",2,"Water",NA,10,"DEG C",NA,NA,NA,NA,2,NA,1,1,"S","PARTNTID","F01 ","WTEMP"
413,"ALLARM","ALLARM.LT3","06/02/2015","09:11:00","WT.3","M1",472,"CMC","NTWQM",2015-06-02 09:11:00,0.1,"ISM",2,"Water",NA,12.7,"DEG C",NA,NA,NA,NA,2,NA,1,1,"S","PARTNTID","F01 ","WTEMP"
413,"ALLARM","ALLARM.LT4","06/02/2015","09:34:00","WT.3","M1",478,"CMC","NTWQM",2015-06-02 09:34:00,0.1,"ISM",2,"Water",NA,12.5,"DEG C",NA,NA,NA,NA,2,NA,1,1,"S","PARTNTID","F01 ","WTEMP"
413,"ALLARM","ALLARM.LT10","06/02/2015","22:40:00","WT.3","M1",514,"CMC","NTWQM",2015-06-02 22:40:00,0.1,"ISM",2,"Water",NA,13.6,"DEG C",NA,NA,NA,NA,2,NA,1,1,"S","PARTNTID","F01 ","WTEMP"
413,"ALLARM","ALLARM.LT5","12/04/2015","15:10:00","WT.3","M1",487,"CMC","NTWQM",2015-12-04 15:10:00,0.1,"ISM",2,"Water",NA,10.1,"DEG C",NA,NA,NA,NA,2,NA,1,1,"S","PARTNTID","F01 ","WTEMP"
413,"ALLARM","ALLARM.LT1","04/17/2015","13:50:00","WT.3","M1",459,"CMC","NTWQM",2015-04-17 13:50:00,0.1,"ISM",2,"Water",NA,13.6,"DEG C",NA,NA,NA,NA,2,NA,1,1,"S","PARTNTID","F01 ","WTEMP"
413,"ALLARM","ALLARM.LT1","06/02/2015","08:55:00","WT.3","M1",460,"CMC","NTWQM",2015-06-02 08:55:00,0.1,"ISM",2,"Water",NA,11.5,"DEG C",NA,NA,NA,NA,2,NA,1,1,"S","PARTNTID","F01 ","WTEMP"
413,"ALLARM","ALLARM.LT5","04/17/2015","15:00:00","WT.3","M1",483,"CMC","NTWQM",2015-04-17 15:00:00,0.1,"ISM",2,"Water",NA,16.4,"DEG C",NA,NA,NA,NA,2,NA,1,1,"S","PARTNTID","F01 ","WTEMP"
413,"ALLARM","ALLARM.LT10","08/19/2015","16:00:00","WT.3","M1",515,"CMC","NTWQM",2015-08-19 16:00:00,0.1,"ISM",2,"Water",NA,15.7,"DEG C",NA,NA,NA,NA,2,NA,1,1,"S","PARTNTID","F01 ","WTEMP"
413,"ALLARM","ALLARM.LT6","06/02/2015","10:08:00","WT.3","M1",490,"CMC","NTWQM",2015-06-02 10:08:00,0.1,"ISM",2,"Water",NA,12.7,"DEG C",NA,NA,NA,NA,2,NA,1,1,"S","PARTNTID","F01 ","WTEMP"
413,"ALLARM","ALLARM.LT1","10/08/2015","13:55:00","WT.3","M1",462,"CMC","NTWQM",2015-10-08 13:55:00,0.1,"ISM",2,"Water",NA,12.1,"DEG C",NA,NA,NA,NA,2,NA,1,1,"S","PARTNTID","F01 ","WTEMP"
413,"ALLARM","ALLARM.LT5","10/08/2015","14:45:00","WT.3","M1",486,"CMC","NTWQM",2015-10-08 14:45:00,0.1,"ISM",2,"Water",NA,14.5,"DEG C",NA,NA,NA,NA,2,NA,1,1,"S","PARTNTID","F01 ","WTEMP"
413,"ALLARM","ALLARM.LT1","12/04/2015","14:05:00","WT.3","M1",463,"CMC","NTWQM",2015-12-04 14:05:00,0.1,"ISM",2,"Water",NA,10.7,"DEG C",NA,NA,NA,NA,2,NA,1,1,"S","PARTNTID","F01 ","WTEMP"
413,"ALLARM","ALLARM.LT1","08/19/2015","08:00:00","WT.3","M1",461,"CMC","NTWQM",2015-08-19 08:00:00,0.1,"ISM",2,"Water",NA,12.4,"DEG C",NA,NA,NA,NA,2,NA,1,1,"S","PARTNTID","F01 ","WTEMP"
413,"ALLARM","ALLARM.LT10","04/17/2015","15:56:00","WT.3","M1",513,"CMC","NTWQM",2015-04-17 15:56:00,0.1,"ISM",2,"Water",NA,16.5,"DEG C",NA,NA,NA,NA,2,NA,1,1,"S","PARTNTID","F01 ","WTEMP"
413,"ALLARM","ALLARM.LT10","10/08/2015","16:15:00","WT.3","M1",516,"CMC","NTWQM",2015-10-08 16:15:00,0.1,"ISM",2,"Water",NA,14.6,"DEG C",NA,NA,NA,NA,2,NA,1,1,"S","PARTNTID","F01 ","WTEMP"
413,"ALLARM","ALLARM.LT6","04/17/2015","15:12:00","WT.3","M1",489,"CMC","NTWQM",2015-04-17 15:12:00,0.1,"ISM",2,"Water",NA,16.2,"DEG C",NA,NA,NA,NA,2,NA,1,1,"S","PARTNTID","F01 ","WTEMP"
413,"ALLARM","ALLARM.LT9","04/17/2015","15:43:00","WT.3","M1",507,"CMC","NTWQM",2015-04-17 15:43:00,0.1,"ISM",2,"Water",NA,16.2,"DEG C",NA,NA,NA,NA,2,NA,1,1,"S","PARTNTID","F01 ","WTEMP"
413,"ALLARM","ALLARM.LT9","12/04/2015","16:00:00","WT.3","M1",511,"CMC","NTWQM",2015-12-04 16:00:00,0.1,"ISM",2,"Water",NA,10,"DEG C",NA,NA,NA,NA,2,NA,1,1,"S","PARTNTID","F01 ","WTEMP"
413,"ALLARM","ALLARM.LT10","02/06/2015","16:03:00","WT.3","M1",512,"CMC","NTWQM",2015-02-06 16:03:00,0.1,"ISM",2,"Water",NA,6.5,"DEG C",NA,NA,NA,NA,2,NA,1,1,"S","PARTNTID","F01 ","WTEMP"
413,"ALLARM","ALLARM.LT6","10/08/2015","15:10:00","WT.3","M1",492,"CMC","NTWQM",2015-10-08 15:10:00,0.1,"ISM",2,"Water",NA,13.9,"DEG C",NA,NA,NA,NA,2,NA,1,1,"S","PARTNTID","F01 ","WTEMP"
413,"ALLARM","ALLARM.LT8","04/17/2015","15:33:00","WT.3","M1",501,"CMC","NTWQM",2015-04-17 15:33:00,0.1,"ISM",2,"Water",NA,15.8,"DEG C",NA,NA,NA,NA,2,NA,1,1,"S","PARTNTID","F01 ","WTEMP"
413,"ALLARM","ALLARM.LT7","12/04/2015","15:40:00","WT.3","M1",499,"CMC","NTWQM",2015-12-04 15:40:00,0.1,"ISM",2,"Water",NA,9.9,"DEG C",NA,NA,NA,NA,2,NA,1,1,"S","PARTNTID","F01 ","WTEMP"
413,"ALLARM","ALLARM.LT1","02/06/2015","14:05:00","WT.3","M1",458,"CMC","NTWQM",2015-02-06 14:05:00,0.1,"ISM",2,"Water",NA,10.5,"DEG C",NA,NA,NA,NA,2,NA,1,1,"S","PARTNTID","F01 ","WTEMP"
413,"ALLARM","ALLARM.LT9","02/06/2015","15:54:00","WT.3","M1",506,"CMC","NTWQM",2015-02-06 15:54:00,0.1,"ISM",2,"Water",NA,7,"DEG C",NA,NA,NA,NA,2,NA,1,1,"S","PARTNTID","F01 ","WTEMP"
413,"ALLARM","ALLARM.LT7","04/17/2015","15:23:00","WT.3","M1",495,"CMC","NTWQM",2015-04-17 15:23:00,0.1,"ISM",2,"Water",NA,15.6,"DEG C",NA,NA,NA,NA,2,NA,1,1,"S","PARTNTID","F01 ","WTEMP"
413,"ALLARM","ALLARM.LT6","12/04/2015","15:25:00","WT.3","M1",493,"CMC","NTWQM",2015-12-04 15:25:00,0.1,"ISM",2,"Water",NA,9.5,"DEG C",NA,NA,NA,NA,2,NA,1,1,"S","PARTNTID","F01 ","WTEMP"
413,"ALLARM","ALLARM.LT8","06/02/2015","10:30:00","WT.3","M1",502,"CMC","NTWQM",2015-06-02 10:30:00,0.1,"ISM",2,"Water",NA,13,"DEG C",NA,NA,NA,NA,2,NA,1,1,"S","PARTNTID","F01 ","WTEMP"
413,"ALLARM","ALLARM.LT3","08/19/2015","08:30:00","WT.3","M1",473,"CMC","NTWQM",2015-08-19 08:30:00,0.1,"ISM",2,"Water",NA,11.7,"DEG C",NA,NA,NA,NA,2,NA,1,1,"S","PARTNTID","F01 ","WTEMP"
413,"ALLARM","ALLARM.LT8","02/06/2015","15:45:00","WT.3","M1",500,"CMC","NTWQM",2015-02-06 15:45:00,0.1,"ISM",2,"Water",NA,7.1,"DEG C",NA,NA,NA,NA,2,NA,1,1,"S","PARTNTID","F01 ","WTEMP"
413,"ALLARM","ALLARM.LT7","10/08/2015","15:25:00","WT.3","M1",498,"CMC","NTWQM",2015-10-08 15:25:00,0.1,"ISM",2,"Water",NA,13.4,"DEG C",NA,NA,NA,NA,2,NA,1,1,"S","PARTNTID","F01 ","WTEMP"
413,"ALLARM","ALLARM.LT7","06/02/2015","10:20:00","WT.3","M1",496,"CMC","NTWQM",2015-06-02 10:20:00,0.1,"ISM",2,"Water",NA,12.9,"DEG C",NA,NA,NA,NA,2,NA,1,1,"S","PARTNTID","F01 ","WTEMP"
413,"ALLARM","ALLARM.LT2","08/19/2015","08:15:00","WT.3","M1",467,"CMC","NTWQM",2015-08-19 08:15:00,0.1,"ISM",2,"Water",NA,11.9,"DEG C",NA,NA,NA,NA,2,NA,1,1,"S","PARTNTID","F01 ","WTEMP"
413,"ALLARM","ALLARM.LT7","02/06/2015","15:30:00","WT.3","M1",494,"CMC","NTWQM",2015-02-06 15:30:00,0.1,"ISM",2,"Water",NA,7.5,"DEG C",NA,NA,NA,NA,2,NA,1,1,"S","PARTNTID","F01 ","WTEMP"
413,"ALLARM","ALLARM.LT2","04/17/2015","14:06:00","WT.3","M1",465,"CMC","NTWQM",2015-04-17 14:06:00,0.1,"ISM",2,"Water",NA,15,"DEG C",NA,NA,NA,NA,2,NA,1,1,"S","PARTNTID","F01 ","WTEMP"
413,"ALLARM","ALLARM.LT9","10/08/2015","15:50:00","WT.3","M1",510,"CMC","NTWQM",2015-10-08 15:50:00,0.1,"ISM",2,"Water",NA,14.4,"DEG C",NA,NA,NA,NA,2,NA,1,1,"S","PARTNTID","F01 ","WTEMP"
413,"ALLARM","ALLARM.LT4","12/04/2015","14:40:00","WT.3","M1",481,"CMC","NTWQM",2015-12-04 14:40:00,0.1,"ISM",2,"Water",NA,10.8,"DEG C",NA,NA,NA,NA,2,NA,1,1,"S","PARTNTID","F01 ","WTEMP"
413,"ALLARM","ALLARM.LT6","02/06/2015","15:21:00","WT.3","M1",488,"CMC","NTWQM",2015-02-06 15:21:00,0.1,"ISM",2,"Water",NA,8,"DEG C",NA,NA,NA,NA,2,NA,1,1,"S","PARTNTID","F01 ","WTEMP"
413,"ALLARM","ALLARM.LT4","08/19/2015","12:00:00","WT.3","M1",479,"CMC","NTWQM",2015-08-19 12:00:00,0.1,"ISM",2,"Water",NA,12.9,"DEG C",NA,NA,NA,NA,2,NA,1,1,"S","PARTNTID","F01 ","WTEMP"
413,"ALLARM","ALLARM.LT8","10/08/2015","15:40:00","WT.3","M1",504,"CMC","NTWQM",2015-10-08 15:40:00,0.1,"ISM",2,"Water",NA,13.7,"DEG C",NA,NA,NA,NA,2,NA,1,1,"S","PARTNTID","F01 ","WTEMP"
413,"ALLARM","ALLARM.LT2","06/02/2015","09:02:00","WT.3","M1",466,"CMC","NTWQM",2015-06-02 09:02:00,0.1,"ISM",2,"Water",NA,11.6,"DEG C",NA,NA,NA,NA,2,NA,1,1,"S","PARTNTID","F01 ","WTEMP"
413,"ALLARM","ALLARM.LT5","06/02/2015","09:50:00","WT.3","M1",484,"CMC","NTWQM",2015-06-02 09:50:00,0.1,"ISM",2,"Water",NA,12.6,"DEG C",NA,NA,NA,NA,2,NA,1,1,"S","PARTNTID","F01 ","WTEMP"
413,"ALLARM","ALLARM.LT9","08/19/2015","12:00:00","WT.3","M1",509,"CMC","NTWQM",2015-08-19 12:00:00,0.1,"ISM",2,"Water",NA,14.7,"DEG C",NA,NA,NA,NA,2,NA,1,1,"S","PARTNTID","F01 ","WTEMP"
413,"ALLARM","ALLARM.LT5","02/06/2015","15:08:00","WT.3","M1",482,"CMC","NTWQM",2015-02-06 15:08:00,0.1,"ISM",2,"Water",NA,9.3,"DEG C",NA,NA,NA,NA,2,NA,1,1,"S","PARTNTID","F01 ","WTEMP"
413,"ALLARM","ALLARM.LT4","10/08/2015","14:25:00","WT.3","M1",480,"CMC","NTWQM",2015-10-08 14:25:00,0.1,"ISM",2,"Water",NA,13.9,"DEG C",NA,NA,NA,NA,2,NA,1,1,"S","PARTNTID","F01 ","WTEMP"
413,"ALLARM","ALLARM.LT2","12/04/2015","14:10:00","WT.3","M1",469,"CMC","NTWQM",2015-12-04 14:10:00,0.1,"ISM",2,"Water",NA,10.4,"DEG C",NA,NA,NA,NA,2,NA,1,1,"S","PARTNTID","F01 ","WTEMP"
413,"ALLARM","ALLARM.LT8","08/19/2015","12:00:00","WT.3","M1",503,"CMC","NTWQM",2015-08-19 12:00:00,0.1,"ISM",2,"Water",NA,14.2,"DEG C",NA,NA,NA,NA,2,NA,1,1,"S","PARTNTID","F01 ","WTEMP"
413,"ALLARM","ALLARM.LT4","02/06/2015","14:49:00","WT.3","M1",476,"CMC","NTWQM",2015-02-06 14:49:00,0.1,"ISM",2,"Water",NA,9.4,"DEG C",NA,NA,NA,NA,2,NA,1,1,"S","PARTNTID","F01 ","WTEMP"
413,"ALLARM","ALLARM.LT3","10/08/2015","13:45:00","WT.3","M1",474,"CMC","NTWQM",2015-10-08 13:45:00,0.1,"ISM",2,"Water",NA,12.6,"DEG C",NA,NA,NA,NA,2,NA,1,1,"S","PARTNTID","F01 ","WTEMP"
413,"ALLARM","ALLARM.LT10","12/04/2015","12:00:00","WT.3","M1",517,"CMC","NTWQM",2015-12-04 12:00:00,0.1,"ISM",2,"Water",NA,9.7,"DEG C",NA,NA,NA,NA,2,NA,1,1,"S","PARTNTID","F01 ","WTEMP"
413,"ALLARM","ALLARM.LT7","08/19/2015","12:00:00","WT.3","M1",497,"CMC","NTWQM",2015-08-19 12:00:00,0.1,"ISM",2,"Water",NA,13.8,"DEG C",NA,NA,NA,NA,2,NA,1,1,"S","PARTNTID","F01 ","WTEMP"
413,"ALLARM","ALLARM.LT3","02/06/2015","14:21:00","WT.3","M1",470,"CMC","NTWQM",2015-02-06 14:21:00,0.1,"ISM",2,"Water",NA,9.8,"DEG C",NA,NA,NA,NA,2,NA,1,1,"S","PARTNTID","F01 ","WTEMP"
413,"ALLARM","ALLARM.LT2","10/08/2015","13:55:00","WT.3","M1",468,"CMC","NTWQM",2015-10-08 13:55:00,0.1,"ISM",2,"Water",NA,13.3,"DEG C",NA,NA,NA,NA,2,NA,1,1,"S","PARTNTID","F01 ","WTEMP"
413,"ALLARM","ALLARM.LT4","04/17/2015","14:39:00","WT.3","M1",477,"CMC","NTWQM",2015-04-17 14:39:00,0.1,"ISM",2,"Water",NA,15.6,"DEG C",NA,NA,NA,NA,2,NA,1,1,"S","PARTNTID","F01 ","WTEMP"
413,"ALLARM","ALLARM.LT3","12/04/2015","13:55:00","WT.3","M1",475,"CMC","NTWQM",2015-12-04 13:55:00,0.1,"ISM",2,"Water",NA,10.5,"DEG C",NA,NA,NA,NA,2,NA,1,1,"S","PARTNTID","F01 ","WTEMP"
413,"ALLARM","ALLARM.LT8","12/04/2015","15:50:00","WT.3","M1",505,"CMC","NTWQM",2015-12-04 15:50:00,0.1,"ISM",2,"Water",NA,9.8,"DEG C",NA,NA,NA,NA,2,NA,1,1,"S","PARTNTID","F01 ","WTEMP"
413,"ALLARM","ALLARM.LT3","04/17/2015","14:16:00","WT.3","M1",471,"CMC","NTWQM",2015-04-17 14:16:00,0.1,"ISM",2,"Water",NA,14.3,"DEG C",NA,NA,NA,NA,2,NA,1,1,"S","PARTNTID","F01 ","WTEMP"
413,"ALLARM","ALLARM.LT5","08/19/2015","09:20:00","WT.3","M1",485,"CMC","NTWQM",2015-08-19 09:20:00,0.1,"ISM",2,"Water",NA,13,"DEG C",NA,NA,NA,NA,2,NA,1,1,"S","PARTNTID","F01 ","WTEMP"
999,"GCWD","GCWD.CALCRE0.11","05/19/2015","12:00:00","TDS.1","M1",4750,"CMC","NTWQM",2015-05-19 12:00:00,0.1,"ISM",1,"Water",NA,60,"MG/L",NA,NA,NA,NA,2,NA,1,1,"S","PARTNTID",NA,NA
999,"GCWD","GCWD.LAURUN0.06","12/11/2015","12:00:00","TDS.1","M1",5082,"CMC","NTWQM",2015-12-11 12:00:00,0.1,"ISM",1,"Water",NA,40,"MG/L",NA,NA,NA,NA,2,NA,1,2,"VP","PARTNTID",NA,NA
999,"ALLARM","ALLARM.LT6","10/08/2015","15:10:00","TDS.1","M1",492,"CMC","NTWQM",2015-10-08 15:10:00,0.1,"ISM",1,"Water",NA,410,"MG/L",NA,NA,NA,NA,2,NA,1,1,"S","PARTNTID",NA,NA
999,"ALLARM","ALLARM.LT3","06/02/2015","09:11:00","TDS.1","M1",472,"CMC","NTWQM",2015-06-02 09:11:00,0.1,"ISM",1,"Water",NA,370,"MG/L",NA,NA,NA,NA,2,NA,1,1,"S","PARTNTID",NA,NA
999,"ALLARM","ALLARM.LT1","02/06/2015","14:05:00","TDS.1","M1",458,"CMC","NTWQM",2015-02-06 14:05:00,0.1,"ISM",1,"Water",NA,430,"MG/L",NA,NA,NA,NA,2,NA,1,1,"S","PARTNTID",NA,NA
999,"GCWD","GCWD.CALCRE0.11","12/11/2015","12:00:00","TDS.1","M1",4759,"CMC","NTWQM",2015-12-11 12:00:00,0.1,"ISM",1,"Water",NA,40,"MG/L",NA,NA,NA,NA,2,NA,1,2,"VP","PARTNTID",NA,NA
999,"GCWD","GCWD.CALCRE0.11","12/11/2015","12:00:00","TDS.1","M1",4759,"CMC","NTWQM",2015-12-11 12:00:00,0.1,"ISM",1,"Water",NA,40,"MG/L",NA,NA,NA,NA,2,NA,1,2,"VP","PARTNTID",NA,NA
999,"ALLARM","ALLARM.LT5","10/08/2015","14:45:00","TDS.1","M1",486,"CMC","NTWQM",2015-10-08 14:45:00,0.1,"ISM",1,"Water",NA,400,"MG/L",NA,NA,NA,NA,2,NA,1,1,"S","PARTNTID",NA,NA
999,"ALLARM","ALLARM.LT6","12/04/2015","15:25:00","TDS.1","M1",493,"CMC","NTWQM",2015-12-04 15:25:00,0.1,"ISM",1,"Water",NA,420,"MG/L",NA,NA,NA,NA,2,NA,1,1,"S","PARTNTID",NA,NA
999,"ALLARM","ALLARM.LT3","08/19/2015","08:30:00","TDS.1","M1",473,"CMC","NTWQM",2015-08-19 08:30:00,0.1,"ISM",1,"Water",NA,410,"MG/L",NA,NA,NA,NA,2,NA,1,1,"S","PARTNTID",NA,NA
999,"ALLARM","ALLARM.LT1","04/17/2015","13:50:00","TDS.1","M1",459,"CMC","NTWQM",2015-04-17 13:50:00,0.1,"ISM",1,"Water",NA,380,"MG/L",NA,NA,NA,NA,2,NA,1,1,"S","PARTNTID",NA,NA
999,"ALLARM","ALLARM.LT4","10/08/2015","14:25:00","TDS.1","M1",480,"CMC","NTWQM",2015-10-08 14:25:00,0.1,"ISM",1,"Water",NA,410,"MG/L",NA,NA,NA,NA,2,NA,1,1,"S","PARTNTID",NA,NA
999,"GCWD","GCWD.GENFOR10.77","11/11/2015","12:00:00","TDS.1","M1",4939,"CMC","NTWQM",2015-11-11 12:00:00,0.1,"ISM",1,"Water",NA,30,"MG/L",NA,NA,NA,NA,2,NA,1,1,"S","PARTNTID",NA,NA
999,"ALLARM","ALLARM.LT5","12/04/2015","15:10:00","TDS.1","M1",487,"CMC","NTWQM",2015-12-04 15:10:00,0.1,"ISM",1,"Water",NA,410,"MG/L",NA,NA,NA,NA,2,NA,1,1,"S","PARTNTID",NA,NA
999,"ALLARM","ALLARM.LT7","02/06/2015","15:30:00","TDS.1","M1",494,"CMC","NTWQM",2015-02-06 15:30:00,0.1,"ISM",1,"Water",NA,470,"MG/L",NA,NA,NA,NA,2,NA,1,1,"S","PARTNTID",NA,NA
999,"ALLARM","ALLARM.LT3","10/08/2015","13:45:00","TDS.1","M1",474,"CMC","NTWQM",2015-10-08 13:45:00,0.1,"ISM",1,"Water",NA,410,"MG/L",NA,NA,NA,NA,2,NA,1,1,"S","PARTNTID",NA,NA
999,"ALLARM","ALLARM.LT1","06/02/2015","08:55:00","TDS.1","M1",460,"CMC","NTWQM",2015-06-02 08:55:00,0.1,"ISM",1,"Water",NA,400,"MG/L",NA,NA,NA,NA,2,NA,1,1,"S","PARTNTID",NA,NA
999,"ALLARM","ALLARM.LT4","12/04/2015","14:40:00","TDS.1","M1",481,"CMC","NTWQM",2015-12-04 14:40:00,0.1,"ISM",1,"Water",NA,450,"MG/L",NA,NA,NA,NA,2,NA,1,1,"S","PARTNTID",NA,NA
999,"ALLARM","ALLARM.LT10","08/19/2015","16:00:00","TDS.1","M1",515,"CMC","NTWQM",2015-08-19 16:00:00,0.1,"ISM",1,"Water",NA,470,"MG/L",NA,NA,NA,NA,2,NA,1,1,"S","PARTNTID",NA,NA
999,"GCWD","GCWD.GENFOR9.31","12/11/2015","12:00:00","TDS.1","M1",4947,"CMC","NTWQM",2015-12-11 12:00:00,0.1,"ISM",1,"Water",NA,30,"MG/L",NA,NA,NA,NA,2,NA,1,2,"VP","PARTNTID",NA,NA
999,"ALLARM","ALLARM.LT7","04/17/2015","15:23:00","TDS.1","M1",495,"CMC","NTWQM",2015-04-17 15:23:00,0.1,"ISM",1,"Water",NA,410,"MG/L",NA,NA,NA,NA,2,NA,1,1,"S","PARTNTID",NA,NA
999,"ALLARM","ALLARM.LT3","12/04/2015","13:55:00","TDS.1","M1",475,"CMC","NTWQM",2015-12-04 13:55:00,0.1,"ISM",1,"Water",NA,400,"MG/L",NA,NA,NA,NA,2,NA,1,1,"S","PARTNTID",NA,NA
999,"ALLARM","ALLARM.LT1","08/19/2015","08:00:00","TDS.1","M1",461,"CMC","NTWQM",2015-08-19 08:00:00,0.1,"ISM",1,"Water",NA,370,"MG/L",NA,NA,NA,NA,2,NA,1,1,"S","PARTNTID",NA,NA
999,"ALLARM","ALLARM.LT5","02/06/2015","15:08:00","TDS.1","M1",482,"CMC","NTWQM",2015-02-06 15:08:00,0.1,"ISM",1,"Water",NA,430,"MG/L",NA,NA,NA,NA,2,NA,1,1,"S","PARTNTID",NA,NA
999,"GCWD","GCWD.GERBRA4.32","02/08/2015","12:00:00","TDS.1","M1",5068,"CMC","NTWQM",2015-02-08 12:00:00,0.1,"ISM",1,"Water",NA,90,"MG/L",NA,NA,NA,NA,2,NA,1,1,"S","PARTNTID",NA,NA
999,"ALLARM","ALLARM.LT6","04/17/2015","15:12:00","TDS.1","M1",489,"CMC","NTWQM",2015-04-17 15:12:00,0.1,"ISM",1,"Water",NA,380,"MG/L",NA,NA,NA,NA,2,NA,1,1,"S","PARTNTID",NA,NA
999,"ALLARM","ALLARM.LT7","06/02/2015","10:20:00","TDS.1","M1",496,"CMC","NTWQM",2015-06-02 10:20:00,0.1,"ISM",1,"Water",NA,430,"MG/L",NA,NA,NA,NA,2,NA,1,1,"S","PARTNTID",NA,NA
999,"ALLARM","ALLARM.LT4","02/06/2015","14:49:00","TDS.1","M1",476,"CMC","NTWQM",2015-02-06 14:49:00,0.1,"ISM",1,"Water",NA,440,"MG/L",NA,NA,NA,NA,2,NA,1,1,"S","PARTNTID",NA,NA
999,"ALLARM","ALLARM.LT1","10/08/2015","13:55:00","TDS.1","M1",462,"CMC","NTWQM",2015-10-08 13:55:00,0.1,"ISM",1,"Water",NA,410,"MG/L",NA,NA,NA,NA,2,NA,1,1,"S","PARTNTID",NA,NA
999,"ALLARM","ALLARM.LT5","04/17/2015","15:00:00","TDS.1","M1",483,"CMC","NTWQM",2015-04-17 15:00:00,0.1,"ISM",1,"Water",NA,380,"MG/L",NA,NA,NA,NA,2,NA,1,1,"S","PARTNTID",NA,NA
999,"GCWD","GCWD.GERBRA4.32","03/23/2015","12:00:00","TDS.1","M1",5071,"CMC","NTWQM",2015-03-23 12:00:00,0.1,"ISM",1,"Water",NA,70,"MG/L",NA,NA,NA,NA,2,NA,1,1,"S","PARTNTID",NA,NA
999,"GCWD","GCWD.PHORUN4.36","12/11/2015","12:00:00","TDS.1","M1",5193,"CMC","NTWQM",2015-12-11 12:00:00,0.1,"ISM",1,"Water",NA,50,"MG/L",NA,NA,NA,NA,2,NA,1,2,"VP","PARTNTID",NA,NA
999,"ALLARM","ALLARM.LT7","08/19/2015","12:00:00","TDS.1","M1",497,"CMC","NTWQM",2015-08-19 12:00:00,0.1,"ISM",1,"Water",NA,440,"MG/L",NA,NA,NA,NA,2,NA,1,1,"S","PARTNTID",NA,NA
999,"ALLARM","ALLARM.LT4","04/17/2015","14:39:00","TDS.1","M1",477,"CMC","NTWQM",2015-04-17 14:39:00,0.1,"ISM",1,"Water",NA,430,"MG/L",NA,NA,NA,NA,2,NA,1,1,"S","PARTNTID",NA,NA
999,"ALLARM","ALLARM.LT1","12/04/2015","14:05:00","TDS.1","M1",463,"CMC","NTWQM",2015-12-04 14:05:00,0.1,"ISM",1,"Water",NA,400,"MG/L",NA,NA,NA,NA,2,NA,1,1,"S","PARTNTID",NA,NA
999,"ALLARM","ALLARM.LT5","06/02/2015","09:50:00","TDS.1","M1",484,"CMC","NTWQM",2015-06-02 09:50:00,0.1,"ISM",1,"Water",NA,390,"MG/L",NA,NA,NA,NA,2,NA,1,1,"S","PARTNTID",NA,NA
999,"ALLARM","ALLARM.LT2","02/06/2015","14:11:00","TDS.1","M1",464,"CMC","NTWQM",2015-02-06 14:11:00,0.1,"ISM",1,"Water",NA,380,"MG/L",NA,NA,NA,NA,2,NA,1,1,"S","PARTNTID",NA,NA
999,"GCWD","GCWD.LAURUN0.06","11/11/2015","12:00:00","TDS.1","M1",5085,"CMC","NTWQM",2015-11-11 12:00:00,0.1,"ISM",1,"Water",NA,30,"MG/L",NA,NA,NA,NA,2,NA,1,2,"VP","PARTNTID",NA,NA
999,"ALLARM","ALLARM.LT7","10/08/2015","15:25:00","TDS.1","M1",498,"CMC","NTWQM",2015-10-08 15:25:00,0.1,"ISM",1,"Water",NA,440,"MG/L",NA,NA,NA,NA,2,NA,1,1,"S","PARTNTID",NA,NA
999,"ALLARM","ALLARM.LT4","06/02/2015","09:34:00","TDS.1","M1",478,"CMC","NTWQM",2015-06-02 09:34:00,0.1,"ISM",1,"Water",NA,410,"MG/L",NA,NA,NA,NA,2,NA,1,1,"S","PARTNTID",NA,NA
999,"ALLARM","ALLARM.LT10","02/06/2015","16:03:00","TDS.1","M1",512,"CMC","NTWQM",2015-02-06 16:03:00,0.1,"ISM",1,"Water",NA,520,"MG/L",NA,NA,NA,NA,2,NA,1,1,"S","PARTNTID",NA,NA
999,"ALLARM","ALLARM.LT5","08/19/2015","09:20:00","TDS.1","M1",485,"CMC","NTWQM",2015-08-19 09:20:00,0.1,"ISM",1,"Water",NA,410,"MG/L",NA,NA,NA,NA,2,NA,1,1,"S","PARTNTID",NA,NA
999,"GCWD","GCWD.LAURUN0.06","12/11/2015","12:00:00","TDS.1","M1",5082,"CMC","NTWQM",2015-12-11 12:00:00,0.1,"ISM",1,"Water",NA,40,"MG/L",NA,NA,NA,NA,2,NA,1,2,"VP","PARTNTID",NA,NA
999,"GCWD","GCWD.CALCRE0.11","11/11/2015","12:00:00","TDS.1","M1",4751,"CMC","NTWQM",2015-11-11 12:00:00,0.1,"ISM",1,"Water",NA,40,"MG/L",NA,NA,NA,NA,2,NA,1,1,"S","PARTNTID",NA,NA
999,"ALLARM","ALLARM.LT7","12/04/2015","15:40:00","TDS.1","M1",499,"CMC","NTWQM",2015-12-04 15:40:00,0.1,"ISM",1,"Water",NA,460,"MG/L",NA,NA,NA,NA,2,NA,1,1,"S","PARTNTID",NA,NA
999,"ALLARM","ALLARM.LT4","08/19/2015","12:00:00","TDS.1","M1",479,"CMC","NTWQM",2015-08-19 12:00:00,0.1,"ISM",1,"Water",NA,400,"MG/L",NA,NA,NA,NA,2,NA,1,1,"S","PARTNTID",NA,NA
999,"ALLARM","ALLARM.LT10","04/17/2015","15:56:00","TDS.1","M1",513,"CMC","NTWQM",2015-04-17 15:56:00,0.1,"ISM",1,"Water",NA,480,"MG/L",NA,NA,NA,NA,2,NA,1,1,"S","PARTNTID",NA,NA
999,"GCWD","GCWD.LITPHORUN0.02","05/19/2015","12:00:00","TDS.1","M1",5109,"CMC","NTWQM",2015-05-19 12:00:00,0.1,"ISM",1,"Water",NA,70,"MG/L",NA,NA,NA,NA,2,NA,1,1,"S","PARTNTID",NA,NA
999,"GCWD","GCWD.LITPHORUN0.02","11/11/2015","12:00:00","TDS.1","M1",5110,"CMC","NTWQM",2015-11-11 12:00:00,0.1,"ISM",1,"Water",NA,40,"MG/L",NA,NA,NA,NA,2,NA,1,1,"S","PARTNTID",NA,NA
999,"GCWD","GCWD.GENFOR10.77","04/06/2015","12:00:00","TDS.1","M1",4937,"CMC","NTWQM",2015-04-06 12:00:00,0.1,"ISM",1,"Water",NA,30,"MG/L",NA,NA,NA,NA,2,NA,1,1,"S","PARTNTID",NA,NA
999,"ALLARM","ALLARM.LT8","02/06/2015","15:45:00","TDS.1","M1",500,"CMC","NTWQM",2015-02-06 15:45:00,0.1,"ISM",1,"Water",NA,470,"MG/L",NA,NA,NA,NA,2,NA,1,1,"S","PARTNTID",NA,NA
999,"GCWD","GCWD.GENFOR10.77","05/19/2015","12:00:00","TDS.1","M1",4938,"CMC","NTWQM",2015-05-19 12:00:00,0.1,"ISM",1,"Water",NA,40,"MG/L",NA,NA,NA,NA,2,NA,1,1,"S","PARTNTID",NA,NA
999,"ALLARM","ALLARM.LT10","06/02/2015","22:40:00","TDS.1","M1",514,"CMC","NTWQM",2015-06-02 22:40:00,0.1,"ISM",1,"Water",NA,490,"MG/L",NA,NA,NA,NA,2,NA,1,1,"S","PARTNTID",NA,NA
999,"GCWD","GCWD.LITPHORUN0.02","12/11/2015","12:00:00","TDS.1","M1",5111,"CMC","NTWQM",2015-12-11 12:00:00,0.1,"ISM",1,"Water",NA,60,"MG/L",NA,NA,NA,NA,2,NA,1,2,"VP","PARTNTID",NA,NA
999,"GCWD","GCWD.LONRUN4.13","12/30/2015","12:00:00","TDS.1","M1",5423,"CMC","NTWQM",2015-12-30 12:00:00,0.1,"ISM",1,"Water",NA,60,"MG/L",NA,NA,NA,NA,2,NA,1,1,"S","PARTNTID",NA,NA
999,"ALLARM","ALLARM.LT8","08/19/2015","12:00:00","TDS.1","M1",503,"CMC","NTWQM",2015-08-19 12:00:00,0.1,"ISM",1,"Water",NA,440,"MG/L",NA,NA,NA,NA,2,NA,1,1,"S","PARTNTID",NA,NA
999,"ALLARM","ALLARM.LT8","04/17/2015","15:33:00","TDS.1","M1",501,"CMC","NTWQM",2015-04-17 15:33:00,0.1,"ISM",1,"Water",NA,400,"MG/L",NA,NA,NA,NA,2,NA,1,1,"S","PARTNTID",NA,NA
999,"GCWD","GCWD.GENFOR10.77","12/11/2015","12:00:00","TDS.1","M1",4940,"CMC","NTWQM",2015-12-11 12:00:00,0.1,"ISM",1,"Water",NA,30,"MG/L",NA,NA,NA,NA,2,NA,1,2,"VP","PARTNTID",NA,NA
999,"ALLARM","ALLARM.LT9","06/02/2015","10:40:00","TDS.1","M1",508,"CMC","NTWQM",2015-06-02 10:40:00,0.1,"ISM",1,"Water",NA,460,"MG/L",NA,NA,NA,NA,2,NA,1,1,"S","PARTNTID",NA,NA
999,"ALLARM","ALLARM.LT6","02/06/2015","15:21:00","TDS.1","M1",488,"CMC","NTWQM",2015-02-06 15:21:00,0.1,"ISM",1,"Water",NA,430,"MG/L",NA,NA,NA,NA,2,NA,1,1,"S","PARTNTID",NA,NA
999,"GCWD","GCWD.MILCRE1.67","12/12/2015","12:00:00","TDS.1","M1",5453,"CMC","NTWQM",2015-12-12 12:00:00,0.1,"ISM",1,"Water",NA,110,"MG/L",NA,NA,NA,NA,2,NA,1,1,"S","PARTNTID",NA,NA
999,"GCWD","GCWD.GENFOR9.31","12/11/2015","12:00:00","TDS.1","M1",4947,"CMC","NTWQM",2015-12-11 12:00:00,0.1,"ISM",1,"Water",NA,30,"MG/L",NA,NA,NA,NA,2,NA,1,2,"VP","PARTNTID",NA,NA
999,"ALLARM","ALLARM.LT8","06/02/2015","10:30:00","TDS.1","M1",502,"CMC","NTWQM",2015-06-02 10:30:00,0.1,"ISM",1,"Water",NA,450,"MG/L",NA,NA,NA,NA,2,NA,1,1,"S","PARTNTID",NA,NA
999,"GCWD","GCWD.GERBRA4.32","01/25/2015","12:00:00","TDS.1","M1",5067,"CMC","NTWQM",2015-01-25 12:00:00,0.1,"ISM",1,"Water",NA,80,"MG/L",NA,NA,NA,NA,2,NA,1,1,"S","PARTNTID",NA,NA
999,"ALLARM","ALLARM.LT10","10/08/2015","16:15:00","TDS.1","M1",516,"CMC","NTWQM",2015-10-08 16:15:00,0.1,"ISM",1,"Water",NA,480,"MG/L",NA,NA,NA,NA,2,NA,1,1,"S","PARTNTID",NA,NA
999,"GCWD","GCWD.PHORUN4.36","04/06/2015","12:00:00","TDS.1","M1",5190,"CMC","NTWQM",2015-04-06 12:00:00,0.1,"ISM",1,"Water",NA,40,"MG/L",NA,NA,NA,NA,2,NA,1,1,"S","PARTNTID",NA,NA
999,"GCWD","GCWD.PHORUN4.36","05/19/2015","12:00:00","TDS.1","M1",5191,"CMC","NTWQM",2015-05-19 12:00:00,0.1,"ISM",1,"Water",NA,60,"MG/L",NA,NA,NA,NA,2,NA,1,1,"S","PARTNTID",NA,NA
999,"GCWD","GCWD.GERBRA4.32","02/19/2015","12:00:00","TDS.1","M1",5069,"CMC","NTWQM",2015-02-19 12:00:00,0.1,"ISM",1,"Water",NA,160,"MG/L",NA,NA,NA,NA,2,NA,1,1,"S","PARTNTID",NA,NA
999,"ALLARM","ALLARM.LT2","08/19/2015","08:15:00","TDS.1","M1",467,"CMC","NTWQM",2015-08-19 08:15:00,0.1,"ISM",1,"Water",NA,370,"MG/L",NA,NA,NA,NA,2,NA,1,1,"S","PARTNTID",NA,NA
999,"GCWD","GCWD.GERBRA4.32","03/16/2015","12:00:00","TDS.1","M1",5070,"CMC","NTWQM",2015-03-16 12:00:00,0.1,"ISM",1,"Water",NA,90,"MG/L",NA,NA,NA,NA,2,NA,1,1,"S","PARTNTID",NA,NA
999,"ALLARM","ALLARM.LT10","12/04/2015","12:00:00","TDS.1","M1",517,"CMC","NTWQM",2015-12-04 12:00:00,0.1,"ISM",1,"Water",NA,510,"MG/L",NA,NA,NA,NA,2,NA,1,1,"S","PARTNTID",NA,NA
999,"ALLARM","ALLARM.LT6","06/02/2015","10:08:00","TDS.1","M1",490,"CMC","NTWQM",2015-06-02 10:08:00,0.1,"ISM",1,"Water",NA,410,"MG/L",NA,NA,NA,NA,2,NA,1,1,"S","PARTNTID",NA,NA
999,"GCWD","GCWD.PHORUN4.36","12/11/2015","12:00:00","TDS.1","M1",5193,"CMC","NTWQM",2015-12-11 12:00:00,0.1,"ISM",1,"Water",NA,50,"MG/L",NA,NA,NA,NA,2,NA,1,2,"VP","PARTNTID",NA,NA
999,"GCWD","GCWD.GERBRA4.32","03/29/2015","12:00:00","TDS.1","M1",5072,"CMC","NTWQM",2015-03-29 12:00:00,0.1,"ISM",1,"Water",NA,70,"MG/L",NA,NA,NA,NA,2,NA,1,1,"S","PARTNTID",NA,NA
999,"ALLARM","ALLARM.LT8","10/08/2015","15:40:00","TDS.1","M1",504,"CMC","NTWQM",2015-10-08 15:40:00,0.1,"ISM",1,"Water",NA,450,"MG/L",NA,NA,NA,NA,2,NA,1,1,"S","PARTNTID",NA,NA
999,"GCWD","GCWD.GERBRA4.32","04/04/2015","12:00:00","TDS.1","M1",5073,"CMC","NTWQM",2015-04-04 12:00:00,0.1,"ISM",1,"Water",NA,70,"MG/L",NA,NA,NA,NA,2,NA,1,1,"S","PARTNTID",NA,NA
999,"ALLARM","ALLARM.LT9","12/04/2015","16:00:00","TDS.1","M1",511,"CMC","NTWQM",2015-12-04 16:00:00,0.1,"ISM",1,"Water",NA,490,"MG/L",NA,NA,NA,NA,2,NA,1,1,"S","PARTNTID",NA,NA
999,"ALLARM","ALLARM.LT6","08/19/2015","12:00:00","TDS.1","M1",491,"CMC","NTWQM",2015-08-19 12:00:00,0.1,"ISM",1,"Water",NA,410,"MG/L",NA,NA,NA,NA,2,NA,1,1,"S","PARTNTID",NA,NA
999,"GCWD","GCWD.PHORUN7.54","11/11/2015","12:00:00","TDS.1","M1",5219,"CMC","NTWQM",2015-11-11 12:00:00,0.1,"ISM",1,"Water",NA,30,"MG/L",NA,NA,NA,NA,2,NA,1,1,"S","PARTNTID",NA,NA
999,"GCWD","GCWD.CALCRE0.11","04/06/2015","12:00:00","TDS.1","M1",4749,"CMC","NTWQM",2015-04-06 12:00:00,0.1,"ISM",1,"Water",NA,40,"MG/L",NA,NA,NA,NA,2,NA,1,1,"S","PARTNTID",NA,NA
999,"ALLARM","ALLARM.LT8","12/04/2015","15:50:00","TDS.1","M1",505,"CMC","NTWQM",2015-12-04 15:50:00,0.1,"ISM",1,"Water",NA,470,"MG/L",NA,NA,NA,NA,2,NA,1,1,"S","PARTNTID",NA,NA
999,"GCWD","GCWD.LITPHORUN0.02","04/06/2015","12:00:00","TDS.1","M1",5108,"CMC","NTWQM",2015-04-06 12:00:00,0.1,"ISM",1,"Water",NA,40,"MG/L",NA,NA,NA,NA,2,NA,1,1,"S","PARTNTID",NA,NA
999,"ALLARM","ALLARM.LT2","04/17/2015","14:06:00","TDS.1","M1",465,"CMC","NTWQM",2015-04-17 14:06:00,0.1,"ISM",1,"Water",NA,350,"MG/L",NA,NA,NA,NA,2,NA,1,1,"S","PARTNTID",NA,NA
999,"GCWD","GCWD.UNTPHORUN0.05TEMP","12/11/2015","12:00:00","TDS.1","M1",5368,"CMC","NTWQM",2015-12-11 12:00:00,0.1,"ISM",1,"Water",NA,30,"MG/L",NA,NA,NA,NA,2,NA,1,2,"VP","PARTNTID",NA,NA
999,"GCWD","GCWD.MILCRE1.08","10/27/2015","12:00:00","TDS.1","M1",5477,"CMC","NTWQM",2015-10-27 12:00:00,0.1,"ISM",1,"Water",NA,240,"MG/L",NA,NA,NA,NA,2,NA,1,1,"S","PARTNTID",NA,NA
999,"GCWD","GCWD.PHORUN7.54","04/06/2015","12:00:00","TDS.1","M1",5217,"CMC","NTWQM",2015-04-06 12:00:00,0.1,"ISM",1,"Water",NA,30,"MG/L",NA,NA,NA,NA,2,NA,1,1,"S","PARTNTID",NA,NA
999,"ALLARM","ALLARM.LT9","02/06/2015","15:54:00","TDS.1","M1",506,"CMC","NTWQM",2015-02-06 15:54:00,0.1,"ISM",1,"Water",NA,490,"MG/L",NA,NA,NA,NA,2,NA,1,1,"S","PARTNTID",NA,NA
999,"ALLARM","ALLARM.LT2","10/08/2015","13:55:00","TDS.1","M1",468,"CMC","NTWQM",2015-10-08 13:55:00,0.1,"ISM",1,"Water",NA,370,"MG/L",NA,NA,NA,NA,2,NA,1,1,"S","PARTNTID",NA,NA
999,"ALLARM","ALLARM.LT2","06/02/2015","09:02:00","TDS.1","M1",466,"CMC","NTWQM",2015-06-02 09:02:00,0.1,"ISM",1,"Water",NA,360,"MG/L",NA,NA,NA,NA,2,NA,1,1,"S","PARTNTID",NA,NA
999,"ALLARM","ALLARM.LT2","12/04/2015","14:10:00","TDS.1","M1",469,"CMC","NTWQM",2015-12-04 14:10:00,0.1,"ISM",1,"Water",NA,370,"MG/L",NA,NA,NA,NA,2,NA,1,1,"S","PARTNTID",NA,NA
999,"GCWD","GCWD.MILCRE2.32","12/12/2015","12:00:00","TDS.1","M1",5439,"CMC","NTWQM",2015-12-12 12:00:00,0.1,"ISM",1,"Water",NA,120,"MG/L",NA,NA,NA,NA,2,NA,1,1,"S","PARTNTID",NA,NA
999,"ALLARM","ALLARM.LT9","08/19/2015","12:00:00","TDS.1","M1",509,"CMC","NTWQM",2015-08-19 12:00:00,0.1,"ISM",1,"Water",NA,490,"MG/L",NA,NA,NA,NA,2,NA,1,1,"S","PARTNTID",NA,NA
999,"ALLARM","ALLARM.LT9","04/17/2015","15:43:00","TDS.1","M1",507,"CMC","NTWQM",2015-04-17 15:43:00,0.1,"ISM",1,"Water",NA,440,"MG/L",NA,NA,NA,NA,2,NA,1,1,"S","PARTNTID",NA,NA
999,"ALLARM","ALLARM.LT9","10/08/2015","15:50:00","TDS.1","M1",510,"CMC","NTWQM",2015-10-08 15:50:00,0.1,"ISM",1,"Water",NA,470,"MG/L",NA,NA,NA,NA,2,NA,1,1,"S","PARTNTID",NA,NA
999,"GCWD","GCWD.LAURUN0.06","11/11/2015","12:00:00","TDS.1","M1",5085,"CMC","NTWQM",2015-11-11 12:00:00,0.1,"ISM",1,"Water",NA,30,"MG/L",NA,NA,NA,NA,2,NA,1,2,"VP","PARTNTID",NA,NA
999,"GCWD","GCWD.MILCRE1.08","12/12/2015","12:00:00","TDS.1","M1",5466,"CMC","NTWQM",2015-12-12 12:00:00,0.1,"ISM",1,"Water",NA,92,"MG/L",NA,NA,NA,NA,2,NA,1,1,"S","PARTNTID",NA,NA
999,"GCWD","GCWD.GENFOR10.77","12/11/2015","12:00:00","TDS.1","M1",4940,"CMC","NTWQM",2015-12-11 12:00:00,0.1,"ISM",1,"Water",NA,30,"MG/L",NA,NA,NA,NA,2,NA,1,2,"VP","PARTNTID",NA,NA
999,"ALLARM","ALLARM.LT3","04/17/2015","14:16:00","TDS.1","M1",471,"CMC","NTWQM",2015-04-17 14:16:00,0.1,"ISM",1,"Water",NA,370,"MG/L",NA,NA,NA,NA,2,NA,1,1,"S","PARTNTID",NA,NA
999,"GCWD","GCWD.UNTPHORUN0.05TEMP","12/11/2015","12:00:00","TDS.1","M1",5368,"CMC","NTWQM",2015-12-11 12:00:00,0.1,"ISM",1,"Water",NA,30,"MG/L",NA,NA,NA,NA,2,NA,1,2,"VP","PARTNTID",NA,NA
999,"GCWD","GCWD.LITPHORUN0.02","12/11/2015","12:00:00","TDS.1","M1",5111,"CMC","NTWQM",2015-12-11 12:00:00,0.1,"ISM",1,"Water",NA,60,"MG/L",NA,NA,NA,NA,2,NA,1,2,"VP","PARTNTID",NA,NA
999,"GCWD","GCWD.PHORUN7.54","05/19/2015","12:00:00","TDS.1","M1",5218,"CMC","NTWQM",2015-05-19 12:00:00,0.1,"ISM",1,"Water",NA,50,"MG/L",NA,NA,NA,NA,2,NA,1,1,"S","PARTNTID",NA,NA
999,"GCWD","GCWD.PHORUN4.36","11/11/2015","12:00:00","TDS.1","M1",5192,"CMC","NTWQM",2015-11-11 12:00:00,0.1,"ISM",1,"Water",NA,30,"MG/L",NA,NA,NA,NA,2,NA,1,1,"S","PARTNTID",NA,NA
999,"ALLARM","ALLARM.LT3","02/06/2015","14:21:00","TDS.1","M1",470,"CMC","NTWQM",2015-02-06 14:21:00,0.1,"ISM",1,"Water",NA,430,"MG/L",NA,NA,NA,NA,2,NA,1,1,"S","PARTNTID",NA,NA
