"","paramMethod","SOURCE","STATION","SAMPLE_DATE","SAMPLE_TIME","paramCode","SAMPLE_ID","EventId","AGENCY","PROGRAM","DateTime","DEPTH","SAMPLE_TYPE","TIER","Matrix","QUALIFIER","VALUE","UNITS","PROBLEM","LAB","labName","detLimit","qaFlag","COMMENTS","count.x","count.y","LAYER","PROJECT","SampleAnalyticalMethodIdentifier","SubstanceIdentificationName"
"429",189,"ALLARM","ALLARM.LT8","09/03/2003","12:00:00","OP.5","S1",1874,"CMC","NTWQM",2003-09-03 12:00:00,0.1,"D",2,"Water",NA,0,"MG/L",NA,"ACARL","ALLARM Community Aquatic Research Laboratory",0.02,2,NA,1,1,"S","PARTNTID","L02 ","PO4F"
"431",189,"ALLARM","ALLARM.LT1","03/25/2003","12:00:00","OP.5","S1",1795,"CMC","NTWQM",2003-03-25 12:00:00,0.1,"D",2,"Water",NA,0,"MG/L",NA,"ACARL","ALLARM Community Aquatic Research Laboratory",0.02,2,NA,1,1,"S","PARTNTID","L02 ","PO4F"
"434",189,"ALLARM","ALLARM.LT1","09/03/2003","12:00:00","OP.5","S1",1867,"CMC","NTWQM",2003-09-03 12:00:00,0.1,"D",2,"Water",NA,0,"MG/L",NA,"ACARL","ALLARM Community Aquatic Research Laboratory",0.02,2,NA,1,1,"S","PARTNTID","L02 ","PO4F"
"438",189,"ALLARM","ALLARM.LT2","10/22/2003","12:00:00","OP.5","S1",1880,"CMC","NTWQM",2003-10-22 12:00:00,0.1,"D",2,"Water",NA,0,"MG/L",NA,"ACARL","ALLARM Community Aquatic Research Laboratory",0.02,2,NA,1,1,"S","PARTNTID","L02 ","PO4F"
"443",189,"ALLARM","ALLARM.LT4","01/03/2003","12:00:00","OP.5","S1",1774,"CMC","NTWQM",2003-01-03 12:00:00,0.1,"D",2,"Water",NA,0,"MG/L",NA,"ACARL","ALLARM Community Aquatic Research Laboratory",0.02,2,NA,1,1,"S","PARTNTID","L02 ","PO4F"
"444",189,"ALLARM","ALLARM.LT7","04/29/2003","12:00:00","OP.5","S1",1813,"CMC","NTWQM",2003-04-29 12:00:00,0.1,"D",2,"Water",NA,0,"MG/L",NA,"ACARL","ALLARM Community Aquatic Research Laboratory",0.02,2,NA,1,1,"S","PARTNTID","L02 ","PO4F"
"452",189,"ALLARM","ALLARM.LT7","01/03/2003","12:00:00","OP.5","S1",1777,"CMC","NTWQM",2003-01-03 12:00:00,0.1,"D",2,"Water",NA,0,"MG/L",NA,"ACARL","ALLARM Community Aquatic Research Laboratory",0.02,2,NA,1,1,"S","PARTNTID","L02 ","PO4F"
"455",189,"ALLARM","ALLARM.LT3","09/03/2003","12:00:00","OP.5","S1",1869,"CMC","NTWQM",2003-09-03 12:00:00,0.1,"D",2,"Water",NA,0,"MG/L",NA,"ACARL","ALLARM Community Aquatic Research Laboratory",0.02,2,NA,1,1,"S","PARTNTID","L02 ","PO4F"
"456",189,"ALLARM","ALLARM.LT9","03/25/2003","12:00:00","OP.5","S1",1803,"CMC","NTWQM",2003-03-25 12:00:00,0.1,"D",2,"Water",NA,0,"MG/L",NA,"ACARL","ALLARM Community Aquatic Research Laboratory",0.02,2,NA,1,1,"S","PARTNTID","L02 ","PO4F"
"460",189,"ALLARM","ALLARM.LT6","10/22/2003","12:00:00","OP.5","S1",1884,"CMC","NTWQM",2003-10-22 12:00:00,0.1,"D",2,"Water",NA,0,"MG/L",NA,"ACARL","ALLARM Community Aquatic Research Laboratory",0.02,2,NA,1,1,"S","PARTNTID","L02 ","PO4F"
"464",189,"ALLARM","ALLARM.LT7","03/25/2003","12:00:00","OP.5","S1",1801,"CMC","NTWQM",2003-03-25 12:00:00,0.1,"D",2,"Water",NA,0,"MG/L",NA,"ACARL","ALLARM Community Aquatic Research Laboratory",0.02,2,NA,1,1,"S","PARTNTID","L02 ","PO4F"
"465",189,"ALLARM","ALLARM.LT4","03/25/2003","12:00:00","OP.5","S1",1798,"CMC","NTWQM",2003-03-25 12:00:00,0.1,"D",2,"Water",NA,0,"MG/L",NA,"ACARL","ALLARM Community Aquatic Research Laboratory",0.02,2,NA,1,1,"S","PARTNTID","L02 ","PO4F"
"466",189,"ALLARM","ALLARM.LT6","04/29/2003","12:00:00","OP.5","S1",1812,"CMC","NTWQM",2003-04-29 12:00:00,0.1,"D",2,"Water",NA,0,"MG/L",NA,"ACARL","ALLARM Community Aquatic Research Laboratory",0.02,2,NA,1,1,"S","PARTNTID","L02 ","PO4F"
"472",189,"ALLARM","ALLARM.LT4","04/29/2003","12:00:00","OP.5","S1",1810,"CMC","NTWQM",2003-04-29 12:00:00,0.1,"D",2,"Water",NA,0,"MG/L",NA,"ACARL","ALLARM Community Aquatic Research Laboratory",0.02,2,NA,1,1,"S","PARTNTID","L02 ","PO4F"
"476",189,"ALLARM","ALLARM.MG2","03/25/2003","12:00:00","OP.5","S1",1806,"CMC","NTWQM",2003-03-25 12:00:00,0.1,"D",2,"Water",NA,0,"MG/L",NA,"ACARL","ALLARM Community Aquatic Research Laboratory",0.02,2,NA,1,1,"S","PARTNTID","L02 ","PO4F"
"482",189,"ALLARM","ALLARM.MG2","04/29/2003","12:00:00","OP.5","S1",1818,"CMC","NTWQM",2003-04-29 12:00:00,0.1,"D",2,"Water",NA,0,"MG/L",NA,"ACARL","ALLARM Community Aquatic Research Laboratory",0.02,2,NA,1,1,"S","PARTNTID","L02 ","PO4F"
"485",189,"ALLARM","ALLARM.MG1","03/25/2003","12:00:00","OP.5","S1",1805,"CMC","NTWQM",2003-03-25 12:00:00,0.1,"D",2,"Water",NA,0,"MG/L",NA,"ACARL","ALLARM Community Aquatic Research Laboratory",0.02,2,NA,1,1,"S","PARTNTID","L02 ","PO4F"
"489",189,"ALLARM","ALLARM.MG2","12/11/2003","12:00:00","OP.5","S1",1914,"CMC","NTWQM",2003-12-11 12:00:00,0.1,"D",2,"Water",NA,0,"MG/L",NA,"ACARL","ALLARM Community Aquatic Research Laboratory",0.02,2,NA,1,1,"S","PARTNTID","L02 ","PO4F"
"491",189,"ALLARM","ALLARM.MG1","04/29/2003","12:00:00","OP.5","S1",1817,"CMC","NTWQM",2003-04-29 12:00:00,0.1,"D",2,"Water",NA,0,"MG/L",NA,"ACARL","ALLARM Community Aquatic Research Laboratory",0.02,2,NA,1,1,"S","PARTNTID","L02 ","PO4F"
"492",189,"ALLARM","ALLARM.LT10","01/03/2003","12:00:00","OP.5","S1",1780,"CMC","NTWQM",2003-01-03 12:00:00,0.1,"D",2,"Water",NA,0,"MG/L",NA,"ACARL","ALLARM Community Aquatic Research Laboratory",0.02,2,NA,1,1,"S","PARTNTID","L02 ","PO4F"
"494",189,"ALLARM","ALLARM.LT8","01/03/2003","12:00:00","OP.5","S1",1778,"CMC","NTWQM",2003-01-03 12:00:00,0.1,"D",2,"Water",NA,0,"MG/L",NA,"ACARL","ALLARM Community Aquatic Research Laboratory",0.02,2,NA,1,1,"S","PARTNTID","L02 ","PO4F"
"502",189,"ALLARM","ALLARM.LT3","01/03/2003","12:00:00","OP.5","S1",1773,"CMC","NTWQM",2003-01-03 12:00:00,0.1,"D",2,"Water",NA,0,"MG/L",NA,"ACARL","ALLARM Community Aquatic Research Laboratory",0.02,2,NA,1,1,"S","PARTNTID","L02 ","PO4F"
"503",189,"ALLARM","ALLARM.LT5","04/29/2003","12:00:00","OP.5","S1",1811,"CMC","NTWQM",2003-04-29 12:00:00,0.1,"D",2,"Water",NA,0,"MG/L",NA,"ACARL","ALLARM Community Aquatic Research Laboratory",0.02,2,NA,1,1,"S","PARTNTID","L02 ","PO4F"
"506",189,"ALLARM","ALLARM.LT2","09/03/2003","12:00:00","OP.5","S1",1868,"CMC","NTWQM",2003-09-03 12:00:00,0.1,"D",2,"Water",NA,0,"MG/L",NA,"ACARL","ALLARM Community Aquatic Research Laboratory",0.02,2,NA,1,1,"S","PARTNTID","L02 ","PO4F"
"511",189,"ALLARM","ALLARM.LT2","01/03/2003","12:00:00","OP.5","S1",1772,"CMC","NTWQM",2003-01-03 12:00:00,0.1,"D",2,"Water",NA,0,"MG/L",NA,"ACARL","ALLARM Community Aquatic Research Laboratory",0.02,2,NA,1,1,"S","PARTNTID","L02 ","PO4F"
"523",189,"ALLARM","ALLARM.LT2","03/25/2003","12:00:00","OP.5","S1",1796,"CMC","NTWQM",2003-03-25 12:00:00,0.1,"D",2,"Water",NA,0,"MG/L",NA,"ACARL","ALLARM Community Aquatic Research Laboratory",0.02,2,NA,1,1,"S","PARTNTID","L02 ","PO4F"
"525",189,"ALLARM","ALLARM.LT7","11/19/2003","12:00:00","OP.5","S1",1897,"CMC","NTWQM",2003-11-19 12:00:00,0.1,"D",2,"Water",NA,0,"MG/L",NA,"ACARL","ALLARM Community Aquatic Research Laboratory",0.02,2,NA,1,1,"S","PARTNTID","L02 ","PO4F"
"527",189,"ALLARM","ALLARM.LT6","03/25/2003","12:00:00","OP.5","S1",1800,"CMC","NTWQM",2003-03-25 12:00:00,0.1,"D",2,"Water",NA,0,"MG/L",NA,"ACARL","ALLARM Community Aquatic Research Laboratory",0.02,2,NA,1,1,"S","PARTNTID","L02 ","PO4F"
"530",189,"ALLARM","ALLARM.LT6","01/03/2003","12:00:00","OP.5","S1",1776,"CMC","NTWQM",2003-01-03 12:00:00,0.1,"D",2,"Water",NA,0,"MG/L",NA,"ACARL","ALLARM Community Aquatic Research Laboratory",0.02,2,NA,1,1,"S","PARTNTID","L02 ","PO4F"
"532",189,"ALLARM","ALLARM.MG2","01/03/2003","12:00:00","OP.5","S1",1782,"CMC","NTWQM",2003-01-03 12:00:00,0.1,"D",2,"Water",NA,0,"MG/L",NA,"ACARL","ALLARM Community Aquatic Research Laboratory",0.02,2,NA,1,1,"S","PARTNTID","L02 ","PO4F"
"534",189,"ALLARM","ALLARM.LT8","03/25/2003","12:00:00","OP.5","S1",1802,"CMC","NTWQM",2003-03-25 12:00:00,0.1,"D",2,"Water",NA,0,"MG/L",NA,"ACARL","ALLARM Community Aquatic Research Laboratory",0.02,2,NA,1,1,"S","PARTNTID","L02 ","PO4F"
"539",189,"ALLARM","ALLARM.MG1","12/11/2003","12:00:00","OP.5","S1",1913,"CMC","NTWQM",2003-12-11 12:00:00,0.1,"D",2,"Water",NA,0,"MG/L",NA,"ACARL","ALLARM Community Aquatic Research Laboratory",0.02,2,NA,1,1,"S","PARTNTID","L02 ","PO4F"
"542",189,"ALLARM","ALLARM.LT4","09/03/2003","12:00:00","OP.5","S1",1870,"CMC","NTWQM",2003-09-03 12:00:00,0.1,"D",2,"Water",NA,0,"MG/L",NA,"ACARL","ALLARM Community Aquatic Research Laboratory",0.02,2,NA,1,1,"S","PARTNTID","L02 ","PO4F"
"543",189,"ALLARM","ALLARM.LT1","01/03/2003","12:00:00","OP.5","S1",1771,"CMC","NTWQM",2003-01-03 12:00:00,0.1,"D",2,"Water",NA,0,"MG/L",NA,"ACARL","ALLARM Community Aquatic Research Laboratory",0.02,2,NA,1,1,"S","PARTNTID","L02 ","PO4F"
"544",189,"ALLARM","ALLARM.MG1","01/03/2003","12:00:00","OP.5","S1",1781,"CMC","NTWQM",2003-01-03 12:00:00,0.1,"D",2,"Water",NA,0,"MG/L",NA,"ACARL","ALLARM Community Aquatic Research Laboratory",0.02,2,NA,1,1,"S","PARTNTID","L02 ","PO4F"
"547",189,"ALLARM","ALLARM.LT3","04/29/2003","12:00:00","OP.5","S1",1809,"CMC","NTWQM",2003-04-29 12:00:00,0.1,"D",2,"Water",NA,0,"MG/L",NA,"ACARL","ALLARM Community Aquatic Research Laboratory",0.02,2,NA,1,1,"S","PARTNTID","L02 ","PO4F"
"548",189,"ALLARM","ALLARM.LT4","12/11/2003","12:00:00","OP.5","S1",1906,"CMC","NTWQM",2003-12-11 12:00:00,0.1,"D",2,"Water",NA,0,"MG/L",NA,"ACARL","ALLARM Community Aquatic Research Laboratory",0.02,2,NA,1,1,"S","PARTNTID","L02 ","PO4F"
"552",189,"ALLARM","ALLARM.LT10","04/29/2003","12:00:00","OP.5","S1",1816,"CMC","NTWQM",2003-04-29 12:00:00,0.1,"D",2,"Water",NA,0,"MG/L",NA,"ACARL","ALLARM Community Aquatic Research Laboratory",0.02,2,NA,1,1,"S","PARTNTID","L02 ","PO4F"
"557",189,"ALLARM","ALLARM.LT5","01/03/2003","12:00:00","OP.5","S1",1775,"CMC","NTWQM",2003-01-03 12:00:00,0.1,"D",2,"Water",NA,0,"MG/L",NA,"ACARL","ALLARM Community Aquatic Research Laboratory",0.02,2,NA,1,1,"S","PARTNTID","L02 ","PO4F"
"559",189,"ALLARM","ALLARM.LT10","03/25/2003","12:00:00","OP.5","S1",1804,"CMC","NTWQM",2003-03-25 12:00:00,0.1,"D",2,"Water",NA,0,"MG/L",NA,"ACARL","ALLARM Community Aquatic Research Laboratory",0.02,2,NA,1,1,"S","PARTNTID","L02 ","PO4F"
