"","paramMethod","SOURCE","STATION","SAMPLE_DATE","SAMPLE_TIME","paramCode","SAMPLE_ID","EventId","AGENCY","PROGRAM","DateTime","DEPTH","SAMPLE_TYPE","TIER","Matrix","QUALIFIER","VALUE","UNITS","PROBLEM","LAB","labName","detLimit","qaFlag","COMMENTS","count.x","count.y","LAYER","PROJECT","SampleAnalyticalMethodIdentifier","SubstanceIdentificationName"
"713",999,"ALLARM","ALLARM.LT1","07/28/2003","12:00:00","TDS.1","M1",1843,"CMC","NTWQM",2003-07-28 12:00:00,0.1,"ISM",1,"Water",NA,260,"MG/L",NA,NA,NA,NA,2,NA,1,1,"S","PARTNTID",NA,NA
"714",999,"ALLARM","ALLARM.LT5","01/03/2003","12:00:00","TDS.1","M1",1775,"CMC","NTWQM",2003-01-03 12:00:00,0.1,"ISM",1,"Water",NA,310,"MG/L",NA,NA,NA,NA,2,NA,1,1,"S","PARTNTID",NA,NA
"715",999,"ALLARM","ALLARM.LT3","05/03/2003","12:00:00","TDS.1","M1",1821,"CMC","NTWQM",2003-05-03 12:00:00,0.1,"ISM",1,"Water",NA,230,"MG/L",NA,NA,NA,NA,2,NA,1,1,"S","PARTNTID",NA,NA
"716",999,"ALLARM","ALLARM.LT10","09/03/2003","12:00:00","TDS.1","M1",1876,"CMC","NTWQM",2003-09-03 12:00:00,0.1,"ISM",1,"Water",NA,320,"MG/L",NA,NA,NA,NA,2,NA,1,1,"S","PARTNTID",NA,NA
"717",999,"ALLARM","ALLARM.LT1","01/03/2003","12:00:00","TDS.1","M1",1771,"CMC","NTWQM",2003-01-03 12:00:00,0.1,"ISM",1,"Water",NA,260,"MG/L",NA,NA,NA,NA,2,NA,1,1,"S","PARTNTID",NA,NA
"718",999,"ALLARM","ALLARM.LT6","10/22/2003","12:00:00","TDS.1","M1",1884,"CMC","NTWQM",2003-10-22 12:00:00,0.1,"ISM",1,"Water",NA,270,"MG/L",NA,NA,NA,NA,2,NA,1,1,"S","PARTNTID",NA,NA
"719",999,"ALLARM","ALLARM.LT1","08/27/2003","12:00:00","TDS.1","M1",1855,"CMC","NTWQM",2003-08-27 12:00:00,0.1,"ISM",1,"Water",NA,230,"MG/L",NA,NA,NA,NA,2,NA,1,1,"S","PARTNTID",NA,NA
"720",999,"ALLARM","ALLARM.LT5","02/25/2003","12:00:00","TDS.1","M1",1787,"CMC","NTWQM",2003-02-25 12:00:00,0.1,"ISM",1,"Water",NA,260,"MG/L",NA,NA,NA,NA,2,NA,1,1,"S","PARTNTID",NA,NA
"721",999,"ALLARM","ALLARM.LT3","06/26/2003","12:00:00","TDS.1","M1",1833,"CMC","NTWQM",2003-06-26 12:00:00,0.1,"ISM",1,"Water",NA,220,"MG/L",NA,NA,NA,NA,2,NA,1,1,"S","PARTNTID",NA,NA
"722",999,"ALLARM","ALLARM.LT10","10/22/2003","12:00:00","TDS.1","M1",1888,"CMC","NTWQM",2003-10-22 12:00:00,0.1,"ISM",1,"Water",NA,320,"MG/L",NA,NA,NA,NA,2,NA,1,1,"S","PARTNTID",NA,NA
"723",999,"ALLARM","ALLARM.LT1","02/25/2003","12:00:00","TDS.1","M1",1783,"CMC","NTWQM",2003-02-25 12:00:00,0.1,"ISM",1,"Water",NA,280,"MG/L",NA,NA,NA,NA,2,NA,1,1,"S","PARTNTID",NA,NA
"724",999,"ALLARM","ALLARM.LT8","08/27/2003","12:00:00","TDS.1","M1",1862,"CMC","NTWQM",2003-08-27 12:00:00,0.1,"ISM",1,"Water",NA,270,"MG/L",NA,NA,NA,NA,2,NA,1,1,"S","PARTNTID",NA,NA
"725",999,"ALLARM","ALLARM.LT1","09/03/2003","12:00:00","TDS.1","M1",1867,"CMC","NTWQM",2003-09-03 12:00:00,0.1,"ISM",1,"Water",NA,250,"MG/L",NA,NA,NA,NA,2,NA,1,1,"S","PARTNTID",NA,NA
"726",999,"ALLARM","ALLARM.LT5","03/25/2003","12:00:00","TDS.1","M1",1799,"CMC","NTWQM",2003-03-25 12:00:00,0.1,"ISM",1,"Water",NA,240,"MG/L",NA,NA,NA,NA,2,NA,1,1,"S","PARTNTID",NA,NA
"727",999,"ALLARM","ALLARM.LT3","07/28/2003","12:00:00","TDS.1","M1",1845,"CMC","NTWQM",2003-07-28 12:00:00,0.1,"ISM",1,"Water",NA,250,"MG/L",NA,NA,NA,NA,2,NA,1,1,"S","PARTNTID",NA,NA
"728",999,"ALLARM","ALLARM.LT10","11/19/2003","12:00:00","TDS.1","M1",1900,"CMC","NTWQM",2003-11-19 12:00:00,0.1,"ISM",1,"Water",NA,330,"MG/L",NA,NA,NA,NA,2,NA,1,1,"S","PARTNTID",NA,NA
"729",999,"ALLARM","ALLARM.LT1","03/25/2003","12:00:00","TDS.1","M1",1795,"CMC","NTWQM",2003-03-25 12:00:00,0.1,"ISM",1,"Water",NA,240,"MG/L",NA,NA,NA,NA,2,NA,1,1,"S","PARTNTID",NA,NA
"730",999,"ALLARM","ALLARM.LT8","09/03/2003","12:00:00","TDS.1","M1",1874,"CMC","NTWQM",2003-09-03 12:00:00,0.1,"ISM",1,"Water",NA,290,"MG/L",NA,NA,NA,NA,2,NA,1,1,"S","PARTNTID",NA,NA
"731",999,"ALLARM","ALLARM.LT1","10/22/2003","12:00:00","TDS.1","M1",1879,"CMC","NTWQM",2003-10-22 12:00:00,0.1,"ISM",1,"Water",NA,240,"MG/L",NA,NA,NA,NA,2,NA,1,1,"S","PARTNTID",NA,NA
"732",999,"ALLARM","ALLARM.LT5","04/29/2003","12:00:00","TDS.1","M1",1811,"CMC","NTWQM",2003-04-29 12:00:00,0.1,"ISM",1,"Water",NA,250,"MG/L",NA,NA,NA,NA,2,NA,1,1,"S","PARTNTID",NA,NA
"733",999,"ALLARM","ALLARM.LT3","08/27/2003","12:00:00","TDS.1","M1",1857,"CMC","NTWQM",2003-08-27 12:00:00,0.1,"ISM",1,"Water",NA,240,"MG/L",NA,NA,NA,NA,2,NA,1,1,"S","PARTNTID",NA,NA
"734",999,"ALLARM","ALLARM.LT10","12/11/2003","12:00:00","TDS.1","M1",1912,"CMC","NTWQM",2003-12-11 12:00:00,0.1,"ISM",1,"Water",NA,280,"MG/L",NA,NA,NA,NA,2,NA,1,1,"S","PARTNTID",NA,NA
"735",999,"ALLARM","ALLARM.LT1","04/29/2003","12:00:00","TDS.1","M1",1807,"CMC","NTWQM",2003-04-29 12:00:00,0.1,"ISM",1,"Water",NA,240,"MG/L",NA,NA,NA,NA,2,NA,1,1,"S","PARTNTID",NA,NA
"736",999,"ALLARM","ALLARM.LT8","10/22/2003","12:00:00","TDS.1","M1",1886,"CMC","NTWQM",2003-10-22 12:00:00,0.1,"ISM",1,"Water",NA,300,"MG/L",NA,NA,NA,NA,2,NA,1,1,"S","PARTNTID",NA,NA
"737",999,"ALLARM","ALLARM.LT1","11/19/2003","12:00:00","TDS.1","M1",1891,"CMC","NTWQM",2003-11-19 12:00:00,0.1,"ISM",1,"Water",NA,280,"MG/L",NA,NA,NA,NA,2,NA,1,1,"S","PARTNTID",NA,NA
"738",999,"ALLARM","ALLARM.LT5","05/03/2003","12:00:00","TDS.1","M1",1823,"CMC","NTWQM",2003-05-03 12:00:00,0.1,"ISM",1,"Water",NA,250,"MG/L",NA,NA,NA,NA,2,NA,1,1,"S","PARTNTID",NA,NA
"739",999,"ALLARM","ALLARM.LT3","09/03/2003","12:00:00","TDS.1","M1",1869,"CMC","NTWQM",2003-09-03 12:00:00,0.1,"ISM",1,"Water",NA,250,"MG/L",NA,NA,NA,NA,2,NA,1,1,"S","PARTNTID",NA,NA
"740",999,"ALLARM","ALLARM.LT2","01/03/2003","12:00:00","TDS.1","M1",1772,"CMC","NTWQM",2003-01-03 12:00:00,0.1,"ISM",1,"Water",NA,270,"MG/L",NA,NA,NA,NA,2,NA,1,1,"S","PARTNTID",NA,NA
"741",999,"ALLARM","ALLARM.LT1","05/03/2003","12:00:00","TDS.1","M1",1819,"CMC","NTWQM",2003-05-03 12:00:00,0.1,"ISM",1,"Water",NA,240,"MG/L",NA,NA,NA,NA,2,NA,1,1,"S","PARTNTID",NA,NA
"742",999,"ALLARM","ALLARM.LT8","11/19/2003","12:00:00","TDS.1","M1",1898,"CMC","NTWQM",2003-11-19 12:00:00,0.1,"ISM",1,"Water",NA,170,"MG/L",NA,NA,NA,NA,2,NA,1,1,"S","PARTNTID",NA,NA
"743",999,"ALLARM","ALLARM.LT1","12/11/2003","12:00:00","TDS.1","M1",1903,"CMC","NTWQM",2003-12-11 12:00:00,0.1,"ISM",1,"Water",NA,220,"MG/L",NA,NA,NA,NA,2,NA,1,1,"S","PARTNTID",NA,NA
"744",999,"ALLARM","ALLARM.LT5","06/26/2003","12:00:00","TDS.1","M1",1835,"CMC","NTWQM",2003-06-26 12:00:00,0.1,"ISM",1,"Water",NA,230,"MG/L",NA,NA,NA,NA,2,NA,1,1,"S","PARTNTID",NA,NA
"745",999,"ALLARM","ALLARM.LT3","10/22/2003","12:00:00","TDS.1","M1",1881,"CMC","NTWQM",2003-10-22 12:00:00,0.1,"ISM",1,"Water",NA,260,"MG/L",NA,NA,NA,NA,2,NA,1,1,"S","PARTNTID",NA,NA
"746",999,"ALLARM","ALLARM.LT2","02/25/2003","12:00:00","TDS.1","M1",1784,"CMC","NTWQM",2003-02-25 12:00:00,0.1,"ISM",1,"Water",NA,240,"MG/L",NA,NA,NA,NA,2,NA,1,1,"S","PARTNTID",NA,NA
"747",999,"ALLARM","ALLARM.LT1","06/26/2003","12:00:00","TDS.1","M1",1831,"CMC","NTWQM",2003-06-26 12:00:00,0.1,"ISM",1,"Water",NA,220,"MG/L",NA,NA,NA,NA,2,NA,1,1,"S","PARTNTID",NA,NA
"748",999,"ALLARM","ALLARM.LT8","12/11/2003","12:00:00","TDS.1","M1",1910,"CMC","NTWQM",2003-12-11 12:00:00,0.1,"ISM",1,"Water",NA,300,"MG/L",NA,NA,NA,NA,2,NA,1,1,"S","PARTNTID",NA,NA
"749",999,"ALLARM","ALLARM.LT10","01/03/2003","12:00:00","TDS.1","M1",1780,"CMC","NTWQM",2003-01-03 12:00:00,0.1,"ISM",1,"Water",NA,340,"MG/L",NA,NA,NA,NA,2,NA,1,1,"S","PARTNTID",NA,NA
"750",999,"ALLARM","ALLARM.LT5","07/28/2003","12:00:00","TDS.1","M1",1847,"CMC","NTWQM",2003-07-28 12:00:00,0.1,"ISM",1,"Water",NA,250,"MG/L",NA,NA,NA,NA,2,NA,1,1,"S","PARTNTID",NA,NA
"751",999,"ALLARM","ALLARM.LT3","11/19/2003","12:00:00","TDS.1","M1",1893,"CMC","NTWQM",2003-11-19 12:00:00,0.1,"ISM",1,"Water",NA,290,"MG/L",NA,NA,NA,NA,2,NA,1,1,"S","PARTNTID",NA,NA
"752",999,"ALLARM","ALLARM.LT2","03/25/2003","12:00:00","TDS.1","M1",1796,"CMC","NTWQM",2003-03-25 12:00:00,0.1,"ISM",1,"Water",NA,230,"MG/L",NA,NA,NA,NA,2,NA,1,1,"S","PARTNTID",NA,NA
"753",999,"ALLARM","ALLARM.LT4","06/26/2003","12:00:00","TDS.1","M1",1834,"CMC","NTWQM",2003-06-26 12:00:00,0.1,"ISM",1,"Water",NA,220,"MG/L",NA,NA,NA,NA,2,NA,1,1,"S","PARTNTID",NA,NA
"754",999,"ALLARM","ALLARM.LT9","01/03/2003","12:00:00","TDS.1","M1",1779,"CMC","NTWQM",2003-01-03 12:00:00,0.1,"ISM",1,"Water",NA,340,"MG/L",NA,NA,NA,NA,2,NA,1,1,"S","PARTNTID",NA,NA
"755",999,"ALLARM","ALLARM.LT10","02/25/2003","12:00:00","TDS.1","M1",1792,"CMC","NTWQM",2003-02-25 12:00:00,0.1,"ISM",1,"Water",NA,310,"MG/L",NA,NA,NA,NA,2,NA,1,1,"S","PARTNTID",NA,NA
"756",999,"ALLARM","ALLARM.LT5","08/27/2003","12:00:00","TDS.1","M1",1859,"CMC","NTWQM",2003-08-27 12:00:00,0.1,"ISM",1,"Water",NA,240,"MG/L",NA,NA,NA,NA,2,NA,1,1,"S","PARTNTID",NA,NA
"757",999,"ALLARM","ALLARM.LT3","12/11/2003","12:00:00","TDS.1","M1",1905,"CMC","NTWQM",2003-12-11 12:00:00,0.1,"ISM",1,"Water",NA,260,"MG/L",NA,NA,NA,NA,2,NA,1,1,"S","PARTNTID",NA,NA
"758",999,"ALLARM","ALLARM.LT2","04/29/2003","12:00:00","TDS.1","M1",1808,"CMC","NTWQM",2003-04-29 12:00:00,0.1,"ISM",1,"Water",NA,230,"MG/L",NA,NA,NA,NA,2,NA,1,1,"S","PARTNTID",NA,NA
"759",999,"ALLARM","ALLARM.LT4","07/28/2003","12:00:00","TDS.1","M1",1846,"CMC","NTWQM",2003-07-28 12:00:00,0.1,"ISM",1,"Water",NA,250,"MG/L",NA,NA,NA,NA,2,NA,1,1,"S","PARTNTID",NA,NA
"760",999,"ALLARM","ALLARM.LT9","02/25/2003","12:00:00","TDS.1","M1",1791,"CMC","NTWQM",2003-02-25 12:00:00,0.1,"ISM",1,"Water",NA,310,"MG/L",NA,NA,NA,NA,2,NA,1,1,"S","PARTNTID",NA,NA
"761",999,"ALLARM","ALLARM.LT10","03/25/2003","12:00:00","TDS.1","M1",1804,"CMC","NTWQM",2003-03-25 12:00:00,0.1,"ISM",1,"Water",NA,340,"MG/L",NA,NA,NA,NA,2,NA,1,1,"S","PARTNTID",NA,NA
"762",999,"ALLARM","ALLARM.LT5","09/03/2003","12:00:00","TDS.1","M1",1871,"CMC","NTWQM",2003-09-03 12:00:00,0.1,"ISM",1,"Water",NA,250,"MG/L",NA,NA,NA,NA,2,NA,1,1,"S","PARTNTID",NA,NA
"763",999,"ALLARM","ALLARM.LT4","01/03/2003","12:00:00","TDS.1","M1",1774,"CMC","NTWQM",2003-01-03 12:00:00,0.1,"ISM",1,"Water",NA,310,"MG/L",NA,NA,NA,NA,2,NA,1,1,"S","PARTNTID",NA,NA
"764",999,"ALLARM","ALLARM.LT2","05/03/2003","12:00:00","TDS.1","M1",1820,"CMC","NTWQM",2003-05-03 12:00:00,0.1,"ISM",1,"Water",NA,240,"MG/L",NA,NA,NA,NA,2,NA,1,1,"S","PARTNTID",NA,NA
"765",999,"ALLARM","ALLARM.LT4","08/27/2003","12:00:00","TDS.1","M1",1858,"CMC","NTWQM",2003-08-27 12:00:00,0.1,"ISM",1,"Water",NA,250,"MG/L",NA,NA,NA,NA,2,NA,1,1,"S","PARTNTID",NA,NA
"766",999,"ALLARM","ALLARM.LT9","03/25/2003","12:00:00","TDS.1","M1",1803,"CMC","NTWQM",2003-03-25 12:00:00,0.1,"ISM",1,"Water",NA,310,"MG/L",NA,NA,NA,NA,2,NA,1,1,"S","PARTNTID",NA,NA
"767",999,"ALLARM","ALLARM.LT10","04/29/2003","12:00:00","TDS.1","M1",1816,"CMC","NTWQM",2003-04-29 12:00:00,0.1,"ISM",1,"Water",NA,290,"MG/L",NA,NA,NA,NA,2,NA,1,1,"S","PARTNTID",NA,NA
"768",999,"ALLARM","ALLARM.LT5","10/22/2003","12:00:00","TDS.1","M1",1883,"CMC","NTWQM",2003-10-22 12:00:00,0.1,"ISM",1,"Water",NA,260,"MG/L",NA,NA,NA,NA,2,NA,1,1,"S","PARTNTID",NA,NA
"769",999,"ALLARM","ALLARM.LT4","02/25/2003","12:00:00","TDS.1","M1",1786,"CMC","NTWQM",2003-02-25 12:00:00,0.1,"ISM",1,"Water",NA,270,"MG/L",NA,NA,NA,NA,2,NA,1,1,"S","PARTNTID",NA,NA
"770",999,"ALLARM","ALLARM.LT2","06/26/2003","12:00:00","TDS.1","M1",1832,"CMC","NTWQM",2003-06-26 12:00:00,0.1,"ISM",1,"Water",NA,210,"MG/L",NA,NA,NA,NA,2,NA,1,1,"S","PARTNTID",NA,NA
"771",999,"ALLARM","ALLARM.LT4","09/03/2003","12:00:00","TDS.1","M1",1870,"CMC","NTWQM",2003-09-03 12:00:00,0.1,"ISM",1,"Water",NA,260,"MG/L",NA,NA,NA,NA,2,NA,1,1,"S","PARTNTID",NA,NA
"772",999,"ALLARM","ALLARM.LT9","04/29/2003","12:00:00","TDS.1","M1",1815,"CMC","NTWQM",2003-04-29 12:00:00,0.1,"ISM",1,"Water",NA,340,"MG/L",NA,NA,NA,NA,2,NA,1,1,"S","PARTNTID",NA,NA
"773",999,"ALLARM","ALLARM.LT10","05/03/2003","12:00:00","TDS.1","M1",1828,"CMC","NTWQM",2003-05-03 12:00:00,0.1,"ISM",1,"Water",NA,290,"MG/L",NA,NA,NA,NA,2,NA,1,1,"S","PARTNTID",NA,NA
"774",999,"ALLARM","ALLARM.LT5","11/19/2003","12:00:00","TDS.1","M1",1895,"CMC","NTWQM",2003-11-19 12:00:00,0.1,"ISM",1,"Water",NA,310,"MG/L",NA,NA,NA,NA,2,NA,1,1,"S","PARTNTID",NA,NA
"775",999,"ALLARM","ALLARM.LT4","03/25/2003","12:00:00","TDS.1","M1",1798,"CMC","NTWQM",2003-03-25 12:00:00,0.1,"ISM",1,"Water",NA,250,"MG/L",NA,NA,NA,NA,2,NA,1,1,"S","PARTNTID",NA,NA
"776",999,"ALLARM","ALLARM.LT2","07/28/2003","12:00:00","TDS.1","M1",1844,"CMC","NTWQM",2003-07-28 12:00:00,0.1,"ISM",1,"Water",NA,250,"MG/L",NA,NA,NA,NA,2,NA,1,1,"S","PARTNTID",NA,NA
"777",999,"ALLARM","ALLARM.LT4","10/22/2003","12:00:00","TDS.1","M1",1882,"CMC","NTWQM",2003-10-22 12:00:00,0.1,"ISM",1,"Water",NA,270,"MG/L",NA,NA,NA,NA,2,NA,1,1,"S","PARTNTID",NA,NA
"778",999,"ALLARM","ALLARM.LT9","05/03/2003","12:00:00","TDS.1","M1",1827,"CMC","NTWQM",2003-05-03 12:00:00,0.1,"ISM",1,"Water",NA,270,"MG/L",NA,NA,NA,NA,2,NA,1,1,"S","PARTNTID",NA,NA
"779",999,"ALLARM","ALLARM.LT5","12/11/2003","12:00:00","TDS.1","M1",1907,"CMC","NTWQM",2003-12-11 12:00:00,0.1,"ISM",1,"Water",NA,290,"MG/L",NA,NA,NA,NA,2,NA,1,1,"S","PARTNTID",NA,NA
"780",999,"ALLARM","ALLARM.MG2","02/25/2003","12:00:00","TDS.1","M1",1794,"CMC","NTWQM",2003-02-25 12:00:00,0.1,"ISM",1,"Water",NA,250,"MG/L",NA,NA,NA,NA,2,NA,1,1,"S","PARTNTID",NA,NA
"781",999,"ALLARM","ALLARM.LT4","04/29/2003","12:00:00","TDS.1","M1",1810,"CMC","NTWQM",2003-04-29 12:00:00,0.1,"ISM",1,"Water",NA,240,"MG/L",NA,NA,NA,NA,2,NA,1,1,"S","PARTNTID",NA,NA
"782",999,"ALLARM","ALLARM.LT2","08/27/2003","12:00:00","TDS.1","M1",1856,"CMC","NTWQM",2003-08-27 12:00:00,0.1,"ISM",1,"Water",NA,220,"MG/L",NA,NA,NA,NA,2,NA,1,1,"S","PARTNTID",NA,NA
"783",999,"ALLARM","ALLARM.LT4","11/19/2003","12:00:00","TDS.1","M1",1894,"CMC","NTWQM",2003-11-19 12:00:00,0.1,"ISM",1,"Water",NA,310,"MG/L",NA,NA,NA,NA,2,NA,1,1,"S","PARTNTID",NA,NA
"784",999,"ALLARM","ALLARM.LT9","06/26/2003","12:00:00","TDS.1","M1",1839,"CMC","NTWQM",2003-06-26 12:00:00,0.1,"ISM",1,"Water",NA,240,"MG/L",NA,NA,NA,NA,2,NA,1,1,"S","PARTNTID",NA,NA
"785",999,"ALLARM","ALLARM.LT6","01/03/2003","12:00:00","TDS.1","M1",1776,"CMC","NTWQM",2003-01-03 12:00:00,0.1,"ISM",1,"Water",NA,320,"MG/L",NA,NA,NA,NA,2,NA,1,1,"S","PARTNTID",NA,NA
"786",999,"ALLARM","ALLARM.MG2","03/25/2003","12:00:00","TDS.1","M1",1806,"CMC","NTWQM",2003-03-25 12:00:00,0.1,"ISM",1,"Water",NA,440,"MG/L",NA,NA,NA,NA,2,NA,1,1,"S","PARTNTID",NA,NA
"787",999,"ALLARM","ALLARM.LT4","05/03/2003","12:00:00","TDS.1","M1",1822,"CMC","NTWQM",2003-05-03 12:00:00,0.1,"ISM",1,"Water",NA,240,"MG/L",NA,NA,NA,NA,2,NA,1,1,"S","PARTNTID",NA,NA
"788",999,"ALLARM","ALLARM.LT2","09/03/2003","12:00:00","TDS.1","M1",1868,"CMC","NTWQM",2003-09-03 12:00:00,0.1,"ISM",1,"Water",NA,230,"MG/L",NA,NA,NA,NA,2,NA,1,1,"S","PARTNTID",NA,NA
"789",999,"ALLARM","ALLARM.LT4","12/11/2003","12:00:00","TDS.1","M1",1906,"CMC","NTWQM",2003-12-11 12:00:00,0.1,"ISM",1,"Water",NA,280,"MG/L",NA,NA,NA,NA,2,NA,1,1,"S","PARTNTID",NA,NA
"790",999,"ALLARM","ALLARM.LT9","07/28/2003","12:00:00","TDS.1","M1",1851,"CMC","NTWQM",2003-07-28 12:00:00,0.1,"ISM",1,"Water",NA,310,"MG/L",NA,NA,NA,NA,2,NA,1,1,"S","PARTNTID",NA,NA
"791",999,"ALLARM","ALLARM.LT6","02/25/2003","12:00:00","TDS.1","M1",1788,"CMC","NTWQM",2003-02-25 12:00:00,0.1,"ISM",1,"Water",NA,260,"MG/L",NA,NA,NA,NA,2,NA,1,1,"S","PARTNTID",NA,NA
"792",999,"ALLARM","ALLARM.MG2","04/29/2003","12:00:00","TDS.1","M1",1818,"CMC","NTWQM",2003-04-29 12:00:00,0.1,"ISM",1,"Water",NA,350,"MG/L",NA,NA,NA,NA,2,NA,1,1,"S","PARTNTID",NA,NA
"793",999,"ALLARM","ALLARM.LT6","09/03/2003","12:00:00","TDS.1","M1",1872,"CMC","NTWQM",2003-09-03 12:00:00,0.1,"ISM",1,"Water",NA,270,"MG/L",NA,NA,NA,NA,2,NA,1,1,"S","PARTNTID",NA,NA
"794",999,"ALLARM","ALLARM.LT2","10/22/2003","12:00:00","TDS.1","M1",1880,"CMC","NTWQM",2003-10-22 12:00:00,0.1,"ISM",1,"Water",NA,240,"MG/L",NA,NA,NA,NA,2,NA,1,1,"S","PARTNTID",NA,NA
"795",999,"ALLARM","ALLARM.MG2","11/19/2003","12:00:00","TDS.1","M1",1902,"CMC","NTWQM",2003-11-19 12:00:00,0.1,"ISM",1,"Water",NA,50,"MG/L",NA,NA,NA,NA,2,NA,1,1,"S","PARTNTID",NA,NA
"796",999,"ALLARM","ALLARM.LT9","08/27/2003","12:00:00","TDS.1","M1",1863,"CMC","NTWQM",2003-08-27 12:00:00,0.1,"ISM",1,"Water",NA,270,"MG/L",NA,NA,NA,NA,2,NA,1,1,"S","PARTNTID",NA,NA
"797",999,"ALLARM","ALLARM.LT6","03/25/2003","12:00:00","TDS.1","M1",1800,"CMC","NTWQM",2003-03-25 12:00:00,0.1,"ISM",1,"Water",NA,280,"MG/L",NA,NA,NA,NA,2,NA,1,1,"S","PARTNTID",NA,NA
"798",999,"ALLARM","ALLARM.MG2","05/03/2003","12:00:00","TDS.1","M1",1830,"CMC","NTWQM",2003-05-03 12:00:00,0.1,"ISM",1,"Water",NA,410,"MG/L",NA,NA,NA,NA,2,NA,1,1,"S","PARTNTID",NA,NA
"799",999,"ALLARM","ALLARM.LT8","07/28/2003","12:00:00","TDS.1","M1",1850,"CMC","NTWQM",2003-07-28 12:00:00,0.1,"ISM",1,"Water",NA,280,"MG/L",NA,NA,NA,NA,2,NA,1,1,"S","PARTNTID",NA,NA
"800",999,"ALLARM","ALLARM.LT2","11/19/2003","12:00:00","TDS.1","M1",1892,"CMC","NTWQM",2003-11-19 12:00:00,0.1,"ISM",1,"Water",NA,270,"MG/L",NA,NA,NA,NA,2,NA,1,1,"S","PARTNTID",NA,NA
"801",999,"ALLARM","ALLARM.MG1","06/26/2003","12:00:00","TDS.1","M1",1841,"CMC","NTWQM",2003-06-26 12:00:00,0.1,"ISM",1,"Water",NA,380,"MG/L",NA,NA,NA,NA,2,NA,1,1,"S","PARTNTID",NA,NA
"802",999,"ALLARM","ALLARM.LT9","09/03/2003","12:00:00","TDS.1","M1",1875,"CMC","NTWQM",2003-09-03 12:00:00,0.1,"ISM",1,"Water",NA,310,"MG/L",NA,NA,NA,NA,2,NA,1,1,"S","PARTNTID",NA,NA
"803",999,"ALLARM","ALLARM.LT6","04/29/2003","12:00:00","TDS.1","M1",1812,"CMC","NTWQM",2003-04-29 12:00:00,0.1,"ISM",1,"Water",NA,260,"MG/L",NA,NA,NA,NA,2,NA,1,1,"S","PARTNTID",NA,NA
"804",999,"ALLARM","ALLARM.MG2","06/26/2003","12:00:00","TDS.1","M1",1842,"CMC","NTWQM",2003-06-26 12:00:00,0.1,"ISM",1,"Water",NA,370,"MG/L",NA,NA,NA,NA,2,NA,1,1,"S","PARTNTID",NA,NA
"805",999,"ALLARM","ALLARM.LT3","02/25/2003","12:00:00","TDS.1","M1",1785,"CMC","NTWQM",2003-02-25 12:00:00,0.1,"ISM",1,"Water",NA,270,"MG/L",NA,NA,NA,NA,2,NA,1,1,"S","PARTNTID",NA,NA
"806",999,"ALLARM","ALLARM.LT2","12/11/2003","12:00:00","TDS.1","M1",1904,"CMC","NTWQM",2003-12-11 12:00:00,0.1,"ISM",1,"Water",NA,250,"MG/L",NA,NA,NA,NA,2,NA,1,1,"S","PARTNTID",NA,NA
"807",999,"ALLARM","ALLARM.MG1","07/28/2003","12:00:00","TDS.1","M1",1853,"CMC","NTWQM",2003-07-28 12:00:00,0.1,"ISM",1,"Water",NA,420,"MG/L",NA,NA,NA,NA,2,NA,1,1,"S","PARTNTID",NA,NA
"808",999,"ALLARM","ALLARM.LT9","10/22/2003","12:00:00","TDS.1","M1",1887,"CMC","NTWQM",2003-10-22 12:00:00,0.1,"ISM",1,"Water",NA,310,"MG/L",NA,NA,NA,NA,2,NA,1,1,"S","PARTNTID",NA,NA
"809",999,"ALLARM","ALLARM.LT6","05/03/2003","12:00:00","TDS.1","M1",1824,"CMC","NTWQM",2003-05-03 12:00:00,0.1,"ISM",1,"Water",NA,260,"MG/L",NA,NA,NA,NA,2,NA,1,1,"S","PARTNTID",NA,NA
"810",999,"ALLARM","ALLARM.MG2","07/28/2003","12:00:00","TDS.1","M1",1854,"CMC","NTWQM",2003-07-28 12:00:00,0.1,"ISM",1,"Water",NA,440,"MG/L",NA,NA,NA,NA,2,NA,1,1,"S","PARTNTID",NA,NA
"811",999,"ALLARM","ALLARM.LT3","03/25/2003","12:00:00","TDS.1","M1",1797,"CMC","NTWQM",2003-03-25 12:00:00,0.1,"ISM",1,"Water",NA,230,"MG/L",NA,NA,NA,NA,2,NA,1,1,"S","PARTNTID",NA,NA
"812",999,"ALLARM","ALLARM.LT3","01/03/2003","12:00:00","TDS.1","M1",1773,"CMC","NTWQM",2003-01-03 12:00:00,0.1,"ISM",1,"Water",NA,300,"MG/L",NA,NA,NA,NA,2,NA,1,1,"S","PARTNTID",NA,NA
"813",999,"ALLARM","ALLARM.MG1","08/27/2003","12:00:00","TDS.1","M1",1865,"CMC","NTWQM",2003-08-27 12:00:00,0.1,"ISM",1,"Water",NA,400,"MG/L",NA,NA,NA,NA,2,NA,1,1,"S","PARTNTID",NA,NA
"814",999,"ALLARM","ALLARM.LT6","08/27/2003","12:00:00","TDS.1","M1",1860,"CMC","NTWQM",2003-08-27 12:00:00,0.1,"ISM",1,"Water",NA,250,"MG/L",NA,NA,NA,NA,2,NA,1,1,"S","PARTNTID",NA,NA
"815",999,"ALLARM","ALLARM.LT6","06/26/2003","12:00:00","TDS.1","M1",1836,"CMC","NTWQM",2003-06-26 12:00:00,0.1,"ISM",1,"Water",NA,240,"MG/L",NA,NA,NA,NA,2,NA,1,1,"S","PARTNTID",NA,NA
"816",999,"ALLARM","ALLARM.MG2","08/27/2003","12:00:00","TDS.1","M1",1866,"CMC","NTWQM",2003-08-27 12:00:00,0.1,"ISM",1,"Water",NA,390,"MG/L",NA,NA,NA,NA,2,NA,1,1,"S","PARTNTID",NA,NA
"817",999,"ALLARM","ALLARM.LT3","04/29/2003","12:00:00","TDS.1","M1",1809,"CMC","NTWQM",2003-04-29 12:00:00,0.1,"ISM",1,"Water",NA,240,"MG/L",NA,NA,NA,NA,2,NA,1,1,"S","PARTNTID",NA,NA
"818",999,"ALLARM","ALLARM.LT10","08/27/2003","12:00:00","TDS.1","M1",1864,"CMC","NTWQM",2003-08-27 12:00:00,0.1,"ISM",1,"Water",NA,290,"MG/L",NA,NA,NA,NA,2,NA,1,1,"S","PARTNTID",NA,NA
"819",999,"ALLARM","ALLARM.LT10","06/26/2003","12:00:00","TDS.1","M1",1840,"CMC","NTWQM",2003-06-26 12:00:00,0.1,"ISM",1,"Water",NA,280,"MG/L",NA,NA,NA,NA,2,NA,1,1,"S","PARTNTID",NA,NA
"820",999,"ALLARM","ALLARM.LT7","06/26/2003","12:00:00","TDS.1","M1",1837,"CMC","NTWQM",2003-06-26 12:00:00,0.1,"ISM",1,"Water",NA,250,"MG/L",NA,NA,NA,NA,2,NA,1,1,"S","PARTNTID",NA,NA
"821",999,"ALLARM","ALLARM.LT6","07/28/2003","12:00:00","TDS.1","M1",1848,"CMC","NTWQM",2003-07-28 12:00:00,0.1,"ISM",1,"Water",NA,250,"MG/L",NA,NA,NA,NA,2,NA,1,1,"S","PARTNTID",NA,NA
"822",999,"ALLARM","ALLARM.MG2","09/03/2003","12:00:00","TDS.1","M1",1878,"CMC","NTWQM",2003-09-03 12:00:00,0.1,"ISM",1,"Water",NA,390,"MG/L",NA,NA,NA,NA,2,NA,1,1,"S","PARTNTID",NA,NA
"823",999,"ALLARM","ALLARM.MG1","03/25/2003","12:00:00","TDS.1","M1",1805,"CMC","NTWQM",2003-03-25 12:00:00,0.1,"ISM",1,"Water",NA,440,"MG/L",NA,NA,NA,NA,2,NA,1,1,"S","PARTNTID",NA,NA
"824",999,"ALLARM","ALLARM.LT6","12/11/2003","12:00:00","TDS.1","M1",1908,"CMC","NTWQM",2003-12-11 12:00:00,0.1,"ISM",1,"Water",NA,280,"MG/L",NA,NA,NA,NA,2,NA,1,1,"S","PARTNTID",NA,NA
"825",999,"ALLARM","ALLARM.LT10","07/28/2003","12:00:00","TDS.1","M1",1852,"CMC","NTWQM",2003-07-28 12:00:00,0.1,"ISM",1,"Water",NA,340,"MG/L",NA,NA,NA,NA,2,NA,1,1,"S","PARTNTID",NA,NA
"826",999,"ALLARM","ALLARM.LT7","07/28/2003","12:00:00","TDS.1","M1",1849,"CMC","NTWQM",2003-07-28 12:00:00,0.1,"ISM",1,"Water",NA,280,"MG/L",NA,NA,NA,NA,2,NA,1,1,"S","PARTNTID",NA,NA
"827",999,"ALLARM","ALLARM.LT7","05/03/2003","12:00:00","TDS.1","M1",1825,"CMC","NTWQM",2003-05-03 12:00:00,0.1,"ISM",1,"Water",NA,270,"MG/L",NA,NA,NA,NA,2,NA,1,1,"S","PARTNTID",NA,NA
"828",999,"ALLARM","ALLARM.MG2","10/22/2003","12:00:00","TDS.1","M1",1890,"CMC","NTWQM",2003-10-22 12:00:00,0.1,"ISM",1,"Water",NA,420,"MG/L",NA,NA,NA,NA,2,NA,1,1,"S","PARTNTID",NA,NA
"829",999,"ALLARM","ALLARM.MG1","04/29/2003","12:00:00","TDS.1","M1",1817,"CMC","NTWQM",2003-04-29 12:00:00,0.1,"ISM",1,"Water",NA,390,"MG/L",NA,NA,NA,NA,2,NA,1,1,"S","PARTNTID",NA,NA
"830",999,"ALLARM","ALLARM.MG1","11/19/2003","12:00:00","TDS.1","M1",1901,"CMC","NTWQM",2003-11-19 12:00:00,0.1,"ISM",1,"Water",NA,40,"MG/L",NA,NA,NA,NA,2,NA,1,1,"S","PARTNTID",NA,NA
"831",999,"ALLARM","ALLARM.LT6","11/19/2003","12:00:00","TDS.1","M1",1896,"CMC","NTWQM",2003-11-19 12:00:00,0.1,"ISM",1,"Water",NA,130,"MG/L",NA,NA,NA,NA,2,NA,1,1,"S","PARTNTID",NA,NA
"832",999,"ALLARM","ALLARM.MG1","09/03/2003","12:00:00","TDS.1","M1",1877,"CMC","NTWQM",2003-09-03 12:00:00,0.1,"ISM",1,"Water",NA,410,"MG/L",NA,NA,NA,NA,2,NA,1,1,"S","PARTNTID",NA,NA
"833",999,"ALLARM","ALLARM.LT8","04/29/2003","12:00:00","TDS.1","M1",1814,"CMC","NTWQM",2003-04-29 12:00:00,0.1,"ISM",1,"Water",NA,280,"MG/L",NA,NA,NA,NA,2,NA,1,1,"S","PARTNTID",NA,NA
"834",999,"ALLARM","ALLARM.LT7","04/29/2003","12:00:00","TDS.1","M1",1813,"CMC","NTWQM",2003-04-29 12:00:00,0.1,"ISM",1,"Water",NA,280,"MG/L",NA,NA,NA,NA,2,NA,1,1,"S","PARTNTID",NA,NA
"835",999,"ALLARM","ALLARM.MG1","05/03/2003","12:00:00","TDS.1","M1",1829,"CMC","NTWQM",2003-05-03 12:00:00,0.1,"ISM",1,"Water",NA,420,"MG/L",NA,NA,NA,NA,2,NA,1,1,"S","PARTNTID",NA,NA
"836",999,"ALLARM","ALLARM.MG1","12/11/2003","12:00:00","TDS.1","M1",1913,"CMC","NTWQM",2003-12-11 12:00:00,0.1,"ISM",1,"Water",NA,440,"MG/L",NA,NA,NA,NA,2,NA,1,1,"S","PARTNTID",NA,NA
"837",999,"ALLARM","ALLARM.LT9","11/19/2003","12:00:00","TDS.1","M1",1899,"CMC","NTWQM",2003-11-19 12:00:00,0.1,"ISM",1,"Water",NA,290,"MG/L",NA,NA,NA,NA,2,NA,1,1,"S","PARTNTID",NA,NA
"838",999,"ALLARM","ALLARM.MG1","10/22/2003","12:00:00","TDS.1","M1",1889,"CMC","NTWQM",2003-10-22 12:00:00,0.1,"ISM",1,"Water",NA,420,"MG/L",NA,NA,NA,NA,2,NA,1,1,"S","PARTNTID",NA,NA
"839",999,"ALLARM","ALLARM.LT7","12/11/2003","12:00:00","TDS.1","M1",1909,"CMC","NTWQM",2003-12-11 12:00:00,0.1,"ISM",1,"Water",NA,310,"MG/L",NA,NA,NA,NA,2,NA,1,1,"S","PARTNTID",NA,NA
"840",999,"ALLARM","ALLARM.MG1","01/03/2003","12:00:00","TDS.1","M1",1781,"CMC","NTWQM",2003-01-03 12:00:00,0.1,"ISM",1,"Water",NA,530,"MG/L",NA,NA,NA,NA,2,NA,1,1,"S","PARTNTID",NA,NA
"841",999,"ALLARM","ALLARM.LT7","08/27/2003","12:00:00","TDS.1","M1",1861,"CMC","NTWQM",2003-08-27 12:00:00,0.1,"ISM",1,"Water",NA,270,"MG/L",NA,NA,NA,NA,2,NA,1,1,"S","PARTNTID",NA,NA
"842",999,"ALLARM","ALLARM.MG2","01/03/2003","12:00:00","TDS.1","M1",1782,"CMC","NTWQM",2003-01-03 12:00:00,0.1,"ISM",1,"Water",NA,500,"MG/L",NA,NA,NA,NA,2,NA,1,1,"S","PARTNTID",NA,NA
"843",999,"ALLARM","ALLARM.LT7","01/03/2003","12:00:00","TDS.1","M1",1777,"CMC","NTWQM",2003-01-03 12:00:00,0.1,"ISM",1,"Water",NA,350,"MG/L",NA,NA,NA,NA,2,NA,1,1,"S","PARTNTID",NA,NA
"844",999,"ALLARM","ALLARM.LT7","10/22/2003","12:00:00","TDS.1","M1",1885,"CMC","NTWQM",2003-10-22 12:00:00,0.1,"ISM",1,"Water",NA,300,"MG/L",NA,NA,NA,NA,2,NA,1,1,"S","PARTNTID",NA,NA
"845",999,"ALLARM","ALLARM.LT7","02/25/2003","12:00:00","TDS.1","M1",1789,"CMC","NTWQM",2003-02-25 12:00:00,0.1,"ISM",1,"Water",NA,280,"MG/L",NA,NA,NA,NA,2,NA,1,1,"S","PARTNTID",NA,NA
"846",999,"ALLARM","ALLARM.MG2","12/11/2003","12:00:00","TDS.1","M1",1914,"CMC","NTWQM",2003-12-11 12:00:00,0.1,"ISM",1,"Water",NA,420,"MG/L",NA,NA,NA,NA,2,NA,1,1,"S","PARTNTID",NA,NA
"847",999,"ALLARM","ALLARM.LT9","12/11/2003","12:00:00","TDS.1","M1",1911,"CMC","NTWQM",2003-12-11 12:00:00,0.1,"ISM",1,"Water",NA,290,"MG/L",NA,NA,NA,NA,2,NA,1,1,"S","PARTNTID",NA,NA
"848",999,"ALLARM","ALLARM.LT8","06/26/2003","12:00:00","TDS.1","M1",1838,"CMC","NTWQM",2003-06-26 12:00:00,0.1,"ISM",1,"Water",NA,250,"MG/L",NA,NA,NA,NA,2,NA,1,1,"S","PARTNTID",NA,NA
"849",999,"ALLARM","ALLARM.LT8","03/25/2003","12:00:00","TDS.1","M1",1802,"CMC","NTWQM",2003-03-25 12:00:00,0.1,"ISM",1,"Water",NA,310,"MG/L",NA,NA,NA,NA,2,NA,1,1,"S","PARTNTID",NA,NA
"850",999,"ALLARM","ALLARM.LT8","01/03/2003","12:00:00","TDS.1","M1",1778,"CMC","NTWQM",2003-01-03 12:00:00,0.1,"ISM",1,"Water",NA,330,"MG/L",NA,NA,NA,NA,2,NA,1,1,"S","PARTNTID",NA,NA
"851",999,"ALLARM","ALLARM.LT7","09/03/2003","12:00:00","TDS.1","M1",1873,"CMC","NTWQM",2003-09-03 12:00:00,0.1,"ISM",1,"Water",NA,270,"MG/L",NA,NA,NA,NA,2,NA,1,1,"S","PARTNTID",NA,NA
"852",999,"ALLARM","ALLARM.LT8","05/03/2003","12:00:00","TDS.1","M1",1826,"CMC","NTWQM",2003-05-03 12:00:00,0.1,"ISM",1,"Water",NA,260,"MG/L",NA,NA,NA,NA,2,NA,1,1,"S","PARTNTID",NA,NA
"853",999,"ALLARM","ALLARM.LT7","03/25/2003","12:00:00","TDS.1","M1",1801,"CMC","NTWQM",2003-03-25 12:00:00,0.1,"ISM",1,"Water",NA,270,"MG/L",NA,NA,NA,NA,2,NA,1,1,"S","PARTNTID",NA,NA
"854",999,"ALLARM","ALLARM.LT8","02/25/2003","12:00:00","TDS.1","M1",1790,"CMC","NTWQM",2003-02-25 12:00:00,0.1,"ISM",1,"Water",NA,330,"MG/L",NA,NA,NA,NA,2,NA,1,1,"S","PARTNTID",NA,NA
