"","Code","OrganizationFormalName","MailingAddress","SupplementalMailingAddress","MailingAddressCityName","State","MailingAddressPostalCode","Telephone"
"1","CMC","Chesapeake Monitoring Cooperative","612 Hull Street ","Suite 101C","Richmond","VA","23224","804 793 8785"
"11","ALLARM","LeTort Regional Authority","415 Franklin Street",NA,"Carlisle","PA","17013","717 245 1565"
"61","GCWD","God's Country Water Dogs","28 N College St PO Box 1773",NA,"Carlisle","PA",NA,"717 245 1565"
"262","AWA","Antietam Watershed Association","28 N College St PO Box 1773",NA,"Carlisle","PA","17013","717 245 1565"
