"","paramMethod","SOURCE","STATION","SAMPLE_DATE","SAMPLE_TIME","paramCode","SAMPLE_ID","EventId","AGENCY","PROGRAM","DateTime","DEPTH","SAMPLE_TYPE","TIER","Matrix","QUALIFIER","VALUE","UNITS","PROBLEM","LAB","labName","detLimit","qaFlag","COMMENTS","count.x","count.y","LAYER","PROJECT","SampleAnalyticalMethodIdentifier","SubstanceIdentificationName"
"645",999,"ALLARM","ALLARM.LT3","04/13/2013","12:00:00","TDS.1","M1",3219,"CMC","NTWQM",2013-04-13 12:00:00,0.1,"ISM","1","Water",NA,370,"MG/L",NA,NA,NA,NA,2,NA,1,1,"S","PARTNTID",NA,NA
"646",999,"GCWD","GCWD.GERBRA4.32","02/18/2013","12:00:00","TDS.1","M1",4990,"CMC","NTWQM",2013-02-18 12:00:00,0.1,"ISM","1","Water",NA,70,"MG/L",NA,NA,NA,NA,2,NA,1,1,"S","PARTNTID",NA,NA
"647",999,"GCWD","GCWD.UKW006","05/16/2013","12:00:00","TDS.1","M1",5315,"CMC","NTWQM",2013-05-16 12:00:00,0.1,"ISM","1","Water",NA,20,"MG/L",NA,NA,NA,NA,2,NA,1,1,"S","PARTNTID",NA,NA
"648",999,"GCWD","GCWD.GERBRA4.32","03/09/2013","12:00:00","TDS.1","M1",4991,"CMC","NTWQM",2013-03-09 12:00:00,0.1,"ISM","1","Water",NA,110,"MG/L",NA,NA,NA,NA,2,NA,1,1,"S","PARTNTID",NA,NA
"649",999,"ALLARM","ALLARM.LT1","02/15/2013","12:00:00","TDS.1","M1",3207,"CMC","NTWQM",2013-02-15 12:00:00,0.1,"ISM","1","Water",NA,400,"MG/L",NA,NA,NA,NA,2,NA,1,1,"S","PARTNTID",NA,NA
"650",999,"ALLARM","ALLARM.LT9","06/06/2013","12:00:00","TDS.1","M1",3235,"CMC","NTWQM",2013-06-06 12:00:00,0.1,"ISM","1","Water",NA,440,"MG/L",NA,NA,NA,NA,2,NA,1,1,"S","PARTNTID",NA,NA
"651",999,"ALLARM","ALLARM.LT3","06/06/2013","12:00:00","TDS.1","M1",3229,"CMC","NTWQM",2013-06-06 12:00:00,0.1,"ISM","1","Water",NA,400,"MG/L",NA,NA,NA,NA,2,NA,1,1,"S","PARTNTID",NA,NA
"652",999,"GCWD","GCWD.GERBRA4.32","03/24/2013","12:00:00","TDS.1","M1",4993,"CMC","NTWQM",2013-03-24 12:00:00,0.1,"ISM","1","Water",NA,80,"MG/L",NA,NA,NA,NA,2,NA,1,1,"S","PARTNTID",NA,NA
"653",999,"GCWD","GCWD.UKW006","08/13/2013","12:00:00","TDS.1","M1",5318,"CMC","NTWQM",2013-08-13 12:00:00,0.1,"ISM","1","Water",NA,20,"MG/L",NA,NA,NA,NA,2,NA,1,1,"S","PARTNTID",NA,NA
"654",999,"GCWD","GCWD.GERBRA4.32","03/30/2013","12:00:00","TDS.1","M1",4994,"CMC","NTWQM",2013-03-30 12:00:00,0.1,"ISM","1","Water",NA,90,"MG/L",NA,NA,NA,NA,2,NA,1,1,"S","PARTNTID",NA,NA
"655",999,"ALLARM","ALLARM.LT1","04/13/2013","12:00:00","TDS.1","M1",3217,"CMC","NTWQM",2013-04-13 12:00:00,0.1,"ISM","1","Water",NA,370,"MG/L",NA,NA,NA,NA,2,NA,1,1,"S","PARTNTID",NA,NA
"656",999,"ALLARM","ALLARM.LT3","08/13/2013","12:00:00","TDS.1","M1",3239,"CMC","NTWQM",2013-08-13 12:00:00,0.1,"ISM","1","Water",NA,390,"MG/L",NA,NA,NA,NA,2,NA,1,1,"S","PARTNTID",NA,NA
"657",999,"GCWD","GCWD.UKW006","10/30/2013","12:00:00","TDS.1","M1",5320,"CMC","NTWQM",2013-10-30 12:00:00,0.1,"ISM","1","Water",NA,20,"MG/L",NA,NA,NA,NA,2,NA,1,1,"S","PARTNTID",NA,NA
"658",999,"GCWD","GCWD.GERBRA4.32","04/13/2013","12:00:00","TDS.1","M1",4996,"CMC","NTWQM",2013-04-13 12:00:00,0.1,"ISM","1","Water",NA,65,"MG/L",NA,NA,NA,NA,2,NA,1,1,"S","PARTNTID",NA,NA
"659",999,"GCWD","GCWD.UKW029","09/05/2013","12:00:00","TDS.1","M1",5491,"CMC","NTWQM",2013-09-05 12:00:00,0.1,"ISM","1","Water",NA,20,"MG/L",NA,NA,NA,NA,2,NA,1,1,"S","PARTNTID",NA,NA
"660",999,"GCWD","GCWD.GERBRA4.32","04/20/2013","12:00:00","TDS.1","M1",4997,"CMC","NTWQM",2013-04-20 12:00:00,0.1,"ISM","1","Water",NA,70,"MG/L",NA,NA,NA,NA,2,NA,1,1,"S","PARTNTID",NA,NA
"661",999,"ALLARM","ALLARM.LT1","06/06/2013","12:00:00","TDS.1","M1",3227,"CMC","NTWQM",2013-06-06 12:00:00,0.1,"ISM","1","Water",NA,410,"MG/L",NA,NA,NA,NA,2,NA,1,1,"S","PARTNTID",NA,NA
"662",999,"ALLARM","ALLARM.LT3","10/25/2013","12:00:00","TDS.1","M1",3249,"CMC","NTWQM",2013-10-25 12:00:00,0.1,"ISM","1","Water",NA,420,"MG/L",NA,NA,NA,NA,2,NA,1,1,"S","PARTNTID",NA,NA
"663",999,"GCWD","GCWD.UKW029","10/11/2013","12:00:00","TDS.1","M1",5493,"CMC","NTWQM",2013-10-11 12:00:00,0.1,"ISM","1","Water",NA,20,"MG/L",NA,NA,NA,NA,2,NA,1,1,"S","PARTNTID",NA,NA
"664",999,"GCWD","GCWD.GERBRA4.32","05/04/2013","12:00:00","TDS.1","M1",4999,"CMC","NTWQM",2013-05-04 12:00:00,0.1,"ISM","1","Water",NA,75,"MG/L",NA,NA,NA,NA,2,NA,1,1,"S","PARTNTID",NA,NA
"665",999,"GCWD","GCWD.UKW030","09/05/2013","12:00:00","TDS.1","M1",5494,"CMC","NTWQM",2013-09-05 12:00:00,0.1,"ISM","1","Water",NA,140,"MG/L",NA,NA,NA,NA,2,NA,1,1,"S","PARTNTID",NA,NA
"666",999,"GCWD","GCWD.GERBRA4.32","05/13/2013","12:00:00","TDS.1","M1",5000,"CMC","NTWQM",2013-05-13 12:00:00,0.1,"ISM","1","Water",NA,70,"MG/L",NA,NA,NA,NA,2,NA,1,1,"S","PARTNTID",NA,NA
"667",999,"ALLARM","ALLARM.LT1","08/13/2013","12:00:00","TDS.1","M1",3237,"CMC","NTWQM",2013-08-13 12:00:00,0.1,"ISM","1","Water",NA,400,"MG/L",NA,NA,NA,NA,2,NA,1,1,"S","PARTNTID",NA,NA
"668",999,"GCWD","GCWD.GERBRA4.32","05/19/2013","12:00:00","TDS.1","M1",5001,"CMC","NTWQM",2013-05-19 12:00:00,0.1,"ISM","1","Water",NA,70,"MG/L",NA,NA,NA,NA,2,NA,1,1,"S","PARTNTID",NA,NA
"669",999,"GCWD","GCWD.UNTBALRUN0.23","09/05/2013","12:00:00","TDS.1","M1",5496,"CMC","NTWQM",2013-09-05 12:00:00,0.1,"ISM","1","Water",NA,150,"MG/L",NA,NA,NA,NA,2,NA,1,1,"S","PARTNTID",NA,NA
"670",999,"ALLARM","ALLARM.LT3","12/06/2013","12:00:00","TDS.1","M1",3259,"CMC","NTWQM",2013-12-06 12:00:00,0.1,"ISM","1","Water",NA,410,"MG/L",NA,NA,NA,NA,2,NA,1,1,"S","PARTNTID",NA,NA
"671",999,"ALLARM","ALLARM.LT6","12/06/2013","12:00:00","TDS.1","M1",3262,"CMC","NTWQM",2013-12-06 12:00:00,0.1,"ISM","1","Water",NA,340,"MG/L",NA,NA,NA,NA,2,NA,1,2,"VP","PARTNTID",NA,NA
"672",999,"ALLARM","ALLARM.LT9","12/06/2013","12:00:00","TDS.1","M1",3265,"CMC","NTWQM",2013-12-06 12:00:00,0.1,"ISM","1","Water",NA,450,"MG/L",NA,NA,NA,NA,2,NA,1,2,"VP","PARTNTID",NA,NA
"673",999,"ALLARM","ALLARM.LT1","10/25/2013","12:00:00","TDS.1","M1",3247,"CMC","NTWQM",2013-10-25 12:00:00,0.1,"ISM","1","Water",NA,420,"MG/L",NA,NA,NA,NA,2,NA,1,1,"S","PARTNTID",NA,NA
"674",999,"GCWD","GCWD.GERBRA4.32","06/08/2013","12:00:00","TDS.1","M1",5004,"CMC","NTWQM",2013-06-08 12:00:00,0.1,"ISM","1","Water",NA,90,"MG/L",NA,NA,NA,NA,2,NA,1,1,"S","PARTNTID",NA,NA
"675",999,"GCWD","GCWD.BALRUN1.44","10/11/2013","12:00:00","TDS.1","M1",5409,"CMC","NTWQM",2013-10-11 12:00:00,0.1,"ISM","1","Water",NA,60,"MG/L",NA,NA,NA,NA,2,NA,1,1,"S","PARTNTID",NA,NA
"676",999,"ALLARM","ALLARM.LT4","02/15/2013","12:00:00","TDS.1","M1",3210,"CMC","NTWQM",2013-02-15 12:00:00,0.1,"ISM","1","Water",NA,460,"MG/L",NA,NA,NA,NA,2,NA,1,1,"S","PARTNTID",NA,NA
"677",999,"GCWD","GCWD.BALRUN4.02","09/05/2013","12:00:00","TDS.1","M1",5410,"CMC","NTWQM",2013-09-05 12:00:00,0.1,"ISM","1","Water",NA,20,"MG/L",NA,NA,NA,NA,2,NA,1,1,"S","PARTNTID",NA,NA
"678",999,"ALLARM","ALLARM.LT7","02/15/2013","12:00:00","TDS.1","M1",3213,"CMC","NTWQM",2013-02-15 12:00:00,0.1,"ISM","1","Water",NA,440,"MG/L",NA,NA,NA,NA,2,NA,1,1,"S","PARTNTID",NA,NA
"679",999,"ALLARM","ALLARM.LT1","12/06/2013","12:00:00","TDS.1","M1",3257,"CMC","NTWQM",2013-12-06 12:00:00,0.1,"ISM","1","Water",NA,390,"MG/L",NA,NA,NA,NA,2,NA,1,1,"S","PARTNTID",NA,NA
"680",999,"GCWD","GCWD.GERBRA4.32","06/29/2013","12:00:00","TDS.1","M1",5007,"CMC","NTWQM",2013-06-29 12:00:00,0.1,"ISM","1","Water",NA,80,"MG/L",NA,NA,NA,NA,2,NA,1,1,"S","PARTNTID",NA,NA
"681",999,"GCWD","GCWD.BALRUN4.02","10/11/2013","12:00:00","TDS.1","M1",5412,"CMC","NTWQM",2013-10-11 12:00:00,0.1,"ISM","1","Water",NA,20,"MG/L",NA,NA,NA,NA,2,NA,1,1,"S","PARTNTID",NA,NA
"682",999,"ALLARM","ALLARM.LT4","04/13/2013","12:00:00","TDS.1","M1",3220,"CMC","NTWQM",2013-04-13 12:00:00,0.1,"ISM","1","Water",NA,440,"MG/L",NA,NA,NA,NA,2,NA,1,1,"S","PARTNTID",NA,NA
"683",999,"GCWD","GCWD.BEEFLARUN0.12","01/27/2013","12:00:00","TDS.1","M1",4665,"CMC","NTWQM",2013-01-27 12:00:00,0.1,"ISM","1","Water",NA,20,"MG/L",NA,NA,NA,NA,2,NA,1,1,"S","PARTNTID",NA,NA
"684",999,"ALLARM","ALLARM.LT7","04/13/2013","12:00:00","TDS.1","M1",3223,"CMC","NTWQM",2013-04-13 12:00:00,0.1,"ISM","1","Water",NA,390,"MG/L",NA,NA,NA,NA,2,NA,1,1,"S","PARTNTID",NA,NA
"685",999,"ALLARM","ALLARM.LT10","02/15/2013","12:00:00","TDS.1","M1",3216,"CMC","NTWQM",2013-02-15 12:00:00,0.1,"ISM","1","Water",NA,520,"MG/L",NA,NA,NA,NA,2,NA,1,1,"S","PARTNTID",NA,NA
"686",999,"GCWD","GCWD.GERBRA4.32","07/21/2013","12:00:00","TDS.1","M1",5010,"CMC","NTWQM",2013-07-21 12:00:00,0.1,"ISM","1","Water",NA,90,"MG/L",NA,NA,NA,NA,2,NA,1,1,"S","PARTNTID",NA,NA
"687",999,"GCWD","GCWD.BEEFLARUN0.12","04/21/2013","12:00:00","TDS.1","M1",4667,"CMC","NTWQM",2013-04-21 12:00:00,0.1,"ISM","1","Water",NA,20,"MG/L",NA,NA,NA,NA,2,NA,1,1,"S","PARTNTID",NA,NA
"688",999,"ALLARM","ALLARM.LT4","06/06/2013","12:00:00","TDS.1","M1",3230,"CMC","NTWQM",2013-06-06 12:00:00,0.1,"ISM","1","Water",NA,400,"MG/L",NA,NA,NA,NA,2,NA,1,1,"S","PARTNTID",NA,NA
"689",999,"GCWD","GCWD.BEEFLARUN0.12","05/16/2013","12:00:00","TDS.1","M1",4668,"CMC","NTWQM",2013-05-16 12:00:00,0.1,"ISM","1","Water",NA,10,"MG/L",NA,NA,NA,NA,2,NA,1,1,"S","PARTNTID",NA,NA
"690",999,"ALLARM","ALLARM.LT7","06/06/2013","12:00:00","TDS.1","M1",3233,"CMC","NTWQM",2013-06-06 12:00:00,0.1,"ISM","1","Water",NA,430,"MG/L",NA,NA,NA,NA,2,NA,1,1,"S","PARTNTID",NA,NA
"691",999,"ALLARM","ALLARM.LT10","04/13/2013","12:00:00","TDS.1","M1",3226,"CMC","NTWQM",2013-04-13 12:00:00,0.1,"ISM","1","Water",NA,450,"MG/L",NA,NA,NA,NA,2,NA,1,1,"S","PARTNTID",NA,NA
"692",999,"GCWD","GCWD.GERBRA4.32","08/18/2013","12:00:00","TDS.1","M1",5013,"CMC","NTWQM",2013-08-18 12:00:00,0.1,"ISM","1","Water",NA,110,"MG/L",NA,NA,NA,NA,2,NA,1,1,"S","PARTNTID",NA,NA
"693",999,"ALLARM","ALLARM.LT4","08/13/2013","12:00:00","TDS.1","M1",3240,"CMC","NTWQM",2013-08-13 12:00:00,0.1,"ISM","1","Water",NA,390,"MG/L",NA,NA,NA,NA,2,NA,1,1,"S","PARTNTID",NA,NA
"694",999,"GCWD","GCWD.GERBRA4.32","08/24/2013","12:00:00","TDS.1","M1",5014,"CMC","NTWQM",2013-08-24 12:00:00,0.1,"ISM","1","Water",NA,110,"MG/L",NA,NA,NA,NA,2,NA,1,1,"S","PARTNTID",NA,NA
"695",999,"GCWD","GCWD.BEEFLARUN0.12","08/13/2013","12:00:00","TDS.1","M1",4671,"CMC","NTWQM",2013-08-13 12:00:00,0.1,"ISM","1","Water",NA,20,"MG/L",NA,NA,NA,NA,2,NA,1,1,"S","PARTNTID",NA,NA
"696",999,"ALLARM","ALLARM.LT10","06/06/2013","12:00:00","TDS.1","M1",3236,"CMC","NTWQM",2013-06-06 12:00:00,0.1,"ISM","1","Water",NA,450,"MG/L",NA,NA,NA,NA,2,NA,1,1,"S","PARTNTID",NA,NA
"697",999,"GCWD","GCWD.BEEFLARUN0.12","09/17/2013","12:00:00","TDS.1","M1",4672,"CMC","NTWQM",2013-09-17 12:00:00,0.1,"ISM","1","Water",NA,20,"MG/L",NA,NA,NA,NA,2,NA,1,1,"S","PARTNTID",NA,NA
"698",999,"GCWD","GCWD.GERBRA4.32","09/08/2013","12:00:00","TDS.1","M1",5016,"CMC","NTWQM",2013-09-08 12:00:00,0.1,"ISM","1","Water",NA,110,"MG/L",NA,NA,NA,NA,2,NA,1,1,"S","PARTNTID",NA,NA
"699",999,"ALLARM","ALLARM.LT4","10/25/2013","12:00:00","TDS.1","M1",3250,"CMC","NTWQM",2013-10-25 12:00:00,0.1,"ISM","1","Water",NA,420,"MG/L",NA,NA,NA,NA,2,NA,1,1,"S","PARTNTID",NA,NA
"700",999,"GCWD","GCWD.GERBRA4.32","09/15/2013","12:00:00","TDS.1","M1",5017,"CMC","NTWQM",2013-09-15 12:00:00,0.1,"ISM","1","Water",NA,110,"MG/L",NA,NA,NA,NA,2,NA,1,1,"S","PARTNTID",NA,NA
"701",999,"GCWD","GCWD.BIGMOORUN5.78","03/24/2013","12:00:00","TDS.1","M1",4710,"CMC","NTWQM",2013-03-24 12:00:00,0.1,"ISM","1","Water",NA,40,"MG/L",NA,NA,NA,NA,2,NA,1,1,"S","PARTNTID",NA,NA
"702",999,"ALLARM","ALLARM.LT10","08/13/2013","12:00:00","TDS.1","M1",3246,"CMC","NTWQM",2013-08-13 12:00:00,0.1,"ISM","1","Water",NA,450,"MG/L",NA,NA,NA,NA,2,NA,1,1,"S","PARTNTID",NA,NA
"703",999,"GCWD","GCWD.CALCRE0.11","02/25/2013","12:00:00","TDS.1","M1",4753,"CMC","NTWQM",2013-02-25 12:00:00,0.1,"ISM","1","Water",NA,60,"MG/L",NA,NA,NA,NA,2,NA,1,1,"S","PARTNTID",NA,NA
"704",999,"GCWD","GCWD.GERBRA4.32","10/05/2013","12:00:00","TDS.1","M1",5019,"CMC","NTWQM",2013-10-05 12:00:00,0.1,"ISM","1","Water",NA,100,"MG/L",NA,NA,NA,NA,2,NA,1,1,"S","PARTNTID",NA,NA
"705",999,"GCWD","GCWD.CALCRE0.11","04/04/2013","12:00:00","TDS.1","M1",4754,"CMC","NTWQM",2013-04-04 12:00:00,0.1,"ISM","1","Water",NA,50,"MG/L",NA,NA,NA,NA,2,NA,1,1,"S","PARTNTID",NA,NA
"706",999,"GCWD","GCWD.GERBRA4.32","10/14/2013","12:00:00","TDS.1","M1",5020,"CMC","NTWQM",2013-10-14 12:00:00,0.1,"ISM","1","Water",NA,95,"MG/L",NA,NA,NA,NA,2,NA,1,1,"S","PARTNTID",NA,NA
"707",999,"ALLARM","ALLARM.LT10","10/25/2013","12:00:00","TDS.1","M1",3256,"CMC","NTWQM",2013-10-25 12:00:00,0.1,"ISM","1","Water",NA,470,"MG/L",NA,NA,NA,NA,2,NA,1,1,"S","PARTNTID",NA,NA
"708",999,"GCWD","GCWD.GERBRA4.32","10/20/2013","12:00:00","TDS.1","M1",5021,"CMC","NTWQM",2013-10-20 12:00:00,0.1,"ISM","1","Water",NA,80,"MG/L",NA,NA,NA,NA,2,NA,1,1,"S","PARTNTID",NA,NA
"709",999,"ALLARM","ALLARM.LT4","12/06/2013","12:00:00","TDS.1","M1",3260,"CMC","NTWQM",2013-12-06 12:00:00,0.1,"ISM","1","Water",NA,400,"MG/L",NA,NA,NA,NA,2,NA,1,2,"VP","PARTNTID",NA,NA
"710",999,"ALLARM","ALLARM.LT4","12/06/2013","12:00:00","TDS.1","M1",3260,"CMC","NTWQM",2013-12-06 12:00:00,0.1,"ISM","1","Water",NA,400,"MG/L",NA,NA,NA,NA,2,NA,1,2,"VP","PARTNTID",NA,NA
"711",999,"GCWD","GCWD.CALCRE0.11","09/09/2013","12:00:00","TDS.1","M1",4758,"CMC","NTWQM",2013-09-09 12:00:00,0.1,"ISM","1","Water",NA,70,"MG/L",NA,NA,NA,NA,2,NA,1,1,"S","PARTNTID",NA,NA
"712",999,"ALLARM","ALLARM.LT7","12/06/2013","12:00:00","TDS.1","M1",3263,"CMC","NTWQM",2013-12-06 12:00:00,0.1,"ISM","1","Water",NA,410,"MG/L",NA,NA,NA,NA,2,NA,1,2,"VP","PARTNTID",NA,NA
"713",999,"ALLARM","ALLARM.LT7","12/06/2013","12:00:00","TDS.1","M1",3263,"CMC","NTWQM",2013-12-06 12:00:00,0.1,"ISM","1","Water",NA,410,"MG/L",NA,NA,NA,NA,2,NA,1,2,"VP","PARTNTID",NA,NA
"714",999,"GCWD","GCWD.GERBRA4.32","11/17/2013","12:00:00","TDS.1","M1",5024,"CMC","NTWQM",2013-11-17 12:00:00,0.1,"ISM","1","Water",NA,90,"MG/L",NA,NA,NA,NA,2,NA,1,1,"S","PARTNTID",NA,NA
"715",999,"GCWD","GCWD.COWRIV34.68","03/30/2013","12:00:00","TDS.1","M1",4784,"CMC","NTWQM",2013-03-30 12:00:00,0.1,"ISM","1","Water",NA,90,"MG/L",NA,NA,NA,NA,2,NA,1,1,"S","PARTNTID",NA,NA
"716",999,"GCWD","GCWD.GERBRA4.32","12/01/2013","12:00:00","TDS.1","M1",5025,"CMC","NTWQM",2013-12-01 12:00:00,0.1,"ISM","1","Water",NA,60,"MG/L",NA,NA,NA,NA,2,NA,1,1,"S","PARTNTID",NA,NA
"717",999,"ALLARM","ALLARM.LT10","12/06/2013","12:00:00","TDS.1","M1",3266,"CMC","NTWQM",2013-12-06 12:00:00,0.1,"ISM","1","Water",NA,470,"MG/L",NA,NA,NA,NA,2,NA,1,2,"VP","PARTNTID",NA,NA
"718",999,"ALLARM","ALLARM.LT10","12/06/2013","12:00:00","TDS.1","M1",3266,"CMC","NTWQM",2013-12-06 12:00:00,0.1,"ISM","1","Water",NA,470,"MG/L",NA,NA,NA,NA,2,NA,1,2,"VP","PARTNTID",NA,NA
"719",999,"GCWD","GCWD.COWRIV34.68","07/14/2013","12:00:00","TDS.1","M1",4786,"CMC","NTWQM",2013-07-14 12:00:00,0.1,"ISM","1","Water",NA,150,"MG/L",NA,NA,NA,NA,2,NA,1,1,"S","PARTNTID",NA,NA
"720",999,"ALLARM","ALLARM.LT8","02/15/2013","12:00:00","TDS.1","M1",3214,"CMC","NTWQM",2013-02-15 12:00:00,0.1,"ISM","1","Water",NA,430,"MG/L",NA,NA,NA,NA,2,NA,1,1,"S","PARTNTID",NA,NA
"721",999,"GCWD","GCWD.COWRIV34.68","09/03/2013","12:00:00","TDS.1","M1",4788,"CMC","NTWQM",2013-09-03 12:00:00,0.1,"ISM","1","Water",NA,170,"MG/L",NA,NA,NA,NA,2,NA,1,1,"S","PARTNTID",NA,NA
"722",999,"GCWD","GCWD.GERBRA4.32","12/30/2013","12:00:00","TDS.1","M1",5028,"CMC","NTWQM",2013-12-30 12:00:00,0.1,"ISM","1","Water",NA,90,"MG/L",NA,NA,NA,NA,2,NA,1,1,"S","PARTNTID",NA,NA
"723",999,"ALLARM","ALLARM.LT5","04/13/2013","12:00:00","TDS.1","M1",3221,"CMC","NTWQM",2013-04-13 12:00:00,0.1,"ISM","1","Water",NA,370,"MG/L",NA,NA,NA,NA,2,NA,1,1,"S","PARTNTID",NA,NA
"724",999,"GCWD","GCWD.HEIRUN0.01","09/05/2013","12:00:00","TDS.1","M1",5414,"CMC","NTWQM",2013-09-05 12:00:00,0.1,"ISM","1","Water",NA,170,"MG/L",NA,NA,NA,NA,2,NA,1,1,"S","PARTNTID",NA,NA
"725",999,"ALLARM","ALLARM.LT2","02/15/2013","12:00:00","TDS.1","M1",3208,"CMC","NTWQM",2013-02-15 12:00:00,0.1,"ISM","1","Water",NA,400,"MG/L",NA,NA,NA,NA,2,NA,1,1,"S","PARTNTID",NA,NA
"726",999,"ALLARM","ALLARM.LT8","04/13/2013","12:00:00","TDS.1","M1",3224,"CMC","NTWQM",2013-04-13 12:00:00,0.1,"ISM","1","Water",NA,410,"MG/L",NA,NA,NA,NA,2,NA,1,1,"S","PARTNTID",NA,NA
"727",999,"GCWD","GCWD.DODHOLRUN0.32","02/26/2013","12:00:00","TDS.1","M1",4799,"CMC","NTWQM",2013-02-26 12:00:00,0.1,"ISM","1","Water",NA,50,"MG/L",NA,NA,NA,NA,2,NA,1,1,"S","PARTNTID",NA,NA
"728",999,"GCWD","GCWD.HEIRUN0.01","10/11/2013","12:00:00","TDS.1","M1",5416,"CMC","NTWQM",2013-10-11 12:00:00,0.1,"ISM","1","Water",NA,220,"MG/L",NA,NA,NA,NA,2,NA,1,1,"S","PARTNTID",NA,NA
"729",999,"ALLARM","ALLARM.LT5","06/06/2013","12:00:00","TDS.1","M1",3231,"CMC","NTWQM",2013-06-06 12:00:00,0.1,"ISM","1","Water",NA,410,"MG/L",NA,NA,NA,NA,2,NA,1,1,"S","PARTNTID",NA,NA
"730",999,"GCWD","GCWD.HEIRUN1.68","09/05/2013","12:00:00","TDS.1","M1",5417,"CMC","NTWQM",2013-09-05 12:00:00,0.1,"ISM","1","Water",NA,180,"MG/L",NA,NA,NA,NA,2,NA,1,1,"S","PARTNTID",NA,NA
"731",999,"ALLARM","ALLARM.LT2","04/13/2013","12:00:00","TDS.1","M1",3218,"CMC","NTWQM",2013-04-13 12:00:00,0.1,"ISM","1","Water",NA,350,"MG/L",NA,NA,NA,NA,2,NA,1,1,"S","PARTNTID",NA,NA
"732",999,"ALLARM","ALLARM.LT8","06/06/2013","12:00:00","TDS.1","M1",3234,"CMC","NTWQM",2013-06-06 12:00:00,0.1,"ISM","1","Water",NA,430,"MG/L",NA,NA,NA,NA,2,NA,1,1,"S","PARTNTID",NA,NA
"733",999,"GCWD","GCWD.DODHOLRUN0.32","06/26/2013","12:00:00","TDS.1","M1",4802,"CMC","NTWQM",2013-06-26 12:00:00,0.1,"ISM","1","Water",NA,60,"MG/L",NA,NA,NA,NA,2,NA,1,1,"S","PARTNTID",NA,NA
"734",999,"GCWD","GCWD.HEIRUN1.68","10/11/2013","12:00:00","TDS.1","M1",5419,"CMC","NTWQM",2013-10-11 12:00:00,0.1,"ISM","1","Water",NA,310,"MG/L",NA,NA,NA,NA,2,NA,1,1,"S","PARTNTID",NA,NA
"735",999,"ALLARM","ALLARM.LT5","08/13/2013","12:00:00","TDS.1","M1",3241,"CMC","NTWQM",2013-08-13 12:00:00,0.1,"ISM","1","Water",NA,390,"MG/L",NA,NA,NA,NA,2,NA,1,1,"S","PARTNTID",NA,NA
"736",999,"GCWD","GCWD.LICRUN0.19","09/05/2013","12:00:00","TDS.1","M1",5420,"CMC","NTWQM",2013-09-05 12:00:00,0.1,"ISM","1","Water",NA,70,"MG/L",NA,NA,NA,NA,2,NA,1,1,"S","PARTNTID",NA,NA
"737",999,"ALLARM","ALLARM.LT2","06/06/2013","12:00:00","TDS.1","M1",3228,"CMC","NTWQM",2013-06-06 12:00:00,0.1,"ISM","1","Water",NA,380,"MG/L",NA,NA,NA,NA,2,NA,1,1,"S","PARTNTID",NA,NA
"738",999,"GCWD","GCWD.LICRUN0.19","10/01/2013","12:00:00","TDS.1","M1",5421,"CMC","NTWQM",2013-10-01 12:00:00,0.1,"ISM","1","Water",NA,70,"MG/L",NA,NA,NA,NA,2,NA,1,1,"S","PARTNTID",NA,NA
"739",999,"GCWD","GCWD.DODHOLRUN0.32","10/03/2013","12:00:00","TDS.1","M1",4805,"CMC","NTWQM",2013-10-03 12:00:00,0.1,"ISM","1","Water",NA,40,"MG/L",NA,NA,NA,NA,2,NA,1,1,"S","PARTNTID",NA,NA
"740",999,"GCWD","GCWD.LICRUN0.19","10/11/2013","12:00:00","TDS.1","M1",5422,"CMC","NTWQM",2013-10-11 12:00:00,0.1,"ISM","1","Water",NA,60,"MG/L",NA,NA,NA,NA,2,NA,1,1,"S","PARTNTID",NA,NA
"741",999,"ALLARM","ALLARM.LT5","10/25/2013","12:00:00","TDS.1","M1",3251,"CMC","NTWQM",2013-10-25 12:00:00,0.1,"ISM","1","Water",NA,410,"MG/L",NA,NA,NA,NA,2,NA,1,1,"S","PARTNTID",NA,NA
"742",999,"ALLARM","ALLARM.LT2","08/13/2013","12:00:00","TDS.1","M1",3238,"CMC","NTWQM",2013-08-13 12:00:00,0.1,"ISM","1","Water",NA,370,"MG/L",NA,NA,NA,NA,2,NA,1,1,"S","PARTNTID",NA,NA
"743",999,"GCWD","GCWD.DODHOLRUN0.32","12/28/2013","12:00:00","TDS.1","M1",4807,"CMC","NTWQM",2013-12-28 12:00:00,0.1,"ISM","1","Water",NA,60,"MG/L",NA,NA,NA,NA,2,NA,1,2,"VP","PARTNTID",NA,NA
"744",999,"GCWD","GCWD.LITPHORUN0.02","04/04/2013","12:00:00","TDS.1","M1",5098,"CMC","NTWQM",2013-04-04 12:00:00,0.1,"ISM","1","Water",NA,60,"MG/L",NA,NA,NA,NA,2,NA,1,1,"S","PARTNTID",NA,NA
"745",999,"GCWD","GCWD.GENFOR10.77","02/25/2013","12:00:00","TDS.1","M1",4927,"CMC","NTWQM",2013-02-25 12:00:00,0.1,"ISM","1","Water",NA,40,"MG/L",NA,NA,NA,NA,2,NA,1,1,"S","PARTNTID",NA,NA
"746",999,"GCWD","GCWD.LITPHORUN0.02","06/15/2013","12:00:00","TDS.1","M1",5099,"CMC","NTWQM",2013-06-15 12:00:00,0.1,"ISM","1","Water",NA,80,"MG/L",NA,NA,NA,NA,2,NA,1,1,"S","PARTNTID",NA,NA
"747",999,"GCWD","GCWD.GENFOR10.77","04/04/2013","12:00:00","TDS.1","M1",4928,"CMC","NTWQM",2013-04-04 12:00:00,0.1,"ISM","1","Water",NA,30,"MG/L",NA,NA,NA,NA,2,NA,1,1,"S","PARTNTID",NA,NA
"748",999,"ALLARM","ALLARM.LT2","10/25/2013","12:00:00","TDS.1","M1",3248,"CMC","NTWQM",2013-10-25 12:00:00,0.1,"ISM","1","Water",NA,390,"MG/L",NA,NA,NA,NA,2,NA,1,1,"S","PARTNTID",NA,NA
"749",999,"GCWD","GCWD.GENFOR10.77","06/15/2013","12:00:00","TDS.1","M1",4929,"CMC","NTWQM",2013-06-15 12:00:00,0.1,"ISM","1","Water",NA,40,"MG/L",NA,NA,NA,NA,2,NA,1,1,"S","PARTNTID",NA,NA
"750",999,"ALLARM","ALLARM.LT5","12/06/2013","12:00:00","TDS.1","M1",3261,"CMC","NTWQM",2013-12-06 12:00:00,0.1,"ISM","1","Water",NA,390,"MG/L",NA,NA,NA,NA,2,NA,1,2,"VP","PARTNTID",NA,NA
"751",999,"ALLARM","ALLARM.LT5","12/06/2013","12:00:00","TDS.1","M1",3261,"CMC","NTWQM",2013-12-06 12:00:00,0.1,"ISM","1","Water",NA,390,"MG/L",NA,NA,NA,NA,2,NA,1,2,"VP","PARTNTID",NA,NA
"752",999,"ALLARM","ALLARM.LT8","12/06/2013","12:00:00","TDS.1","M1",3264,"CMC","NTWQM",2013-12-06 12:00:00,0.1,"ISM","1","Water",NA,420,"MG/L",NA,NA,NA,NA,2,NA,1,2,"VP","PARTNTID",NA,NA
"753",999,"GCWD","GCWD.GENFOR10.77","09/09/2013","12:00:00","TDS.1","M1",4931,"CMC","NTWQM",2013-09-09 12:00:00,0.1,"ISM","1","Water",NA,50,"MG/L",NA,NA,NA,NA,2,NA,1,1,"S","PARTNTID",NA,NA
"754",999,"ALLARM","ALLARM.LT2","12/06/2013","12:00:00","TDS.1","M1",3258,"CMC","NTWQM",2013-12-06 12:00:00,0.1,"ISM","1","Water",NA,370,"MG/L",NA,NA,NA,NA,2,NA,1,1,"S","PARTNTID",NA,NA
"755",999,"GCWD","GCWD.GENFOR10.77","11/04/2013","12:00:00","TDS.1","M1",4932,"CMC","NTWQM",2013-11-04 12:00:00,0.1,"ISM","1","Water",NA,40,"MG/L",NA,NA,NA,NA,2,NA,1,1,"S","PARTNTID",NA,NA
"756",999,"GCWD","GCWD.MARCRE0.05","03/30/2013","12:00:00","TDS.1","M1",5122,"CMC","NTWQM",2013-03-30 12:00:00,0.1,"ISM","1","Water",NA,60,"MG/L",NA,NA,NA,NA,2,NA,1,1,"S","PARTNTID",NA,NA
"757",999,"GCWD","GCWD.GERBRA4.32","01/05/2013","12:00:00","TDS.1","M1",4985,"CMC","NTWQM",2013-01-05 12:00:00,0.1,"ISM","1","Water",NA,63,"MG/L",NA,NA,NA,NA,2,NA,1,1,"S","PARTNTID",NA,NA
"758",999,"ALLARM","ALLARM.LT6","02/15/2013","12:00:00","TDS.1","M1",3212,"CMC","NTWQM",2013-02-15 12:00:00,0.1,"ISM","1","Water",NA,410,"MG/L",NA,NA,NA,NA,2,NA,1,1,"S","PARTNTID",NA,NA
"759",999,"ALLARM","ALLARM.LT9","02/15/2013","12:00:00","TDS.1","M1",3215,"CMC","NTWQM",2013-02-15 12:00:00,0.1,"ISM","1","Water",NA,460,"MG/L",NA,NA,NA,NA,2,NA,1,1,"S","PARTNTID",NA,NA
"760",999,"ALLARM","ALLARM.LT3","02/15/2013","12:00:00","TDS.1","M1",3209,"CMC","NTWQM",2013-02-15 12:00:00,0.1,"ISM","1","Water",NA,410,"MG/L",NA,NA,NA,NA,2,NA,1,1,"S","PARTNTID",NA,NA
"761",999,"GCWD","GCWD.GERBRA4.32","01/19/2013","12:00:00","TDS.1","M1",4987,"CMC","NTWQM",2013-01-19 12:00:00,0.1,"ISM","1","Water",NA,60,"MG/L",NA,NA,NA,NA,2,NA,1,1,"S","PARTNTID",NA,NA
"762",999,"GCWD","GCWD.MARCRE0.05","07/14/2013","12:00:00","TDS.1","M1",5125,"CMC","NTWQM",2013-07-14 12:00:00,0.1,"ISM","1","Water",NA,80,"MG/L",NA,NA,NA,NA,2,NA,1,1,"S","PARTNTID",NA,NA
"763",999,"GCWD","GCWD.GERBRA4.32","01/26/2013","12:00:00","TDS.1","M1",4988,"CMC","NTWQM",2013-01-26 12:00:00,0.1,"ISM","1","Water",NA,70,"MG/L",NA,NA,NA,NA,2,NA,1,1,"S","PARTNTID",NA,NA
"764",999,"ALLARM","ALLARM.LT6","04/13/2013","12:00:00","TDS.1","M1",3222,"CMC","NTWQM",2013-04-13 12:00:00,0.1,"ISM","1","Water",NA,390,"MG/L",NA,NA,NA,NA,2,NA,1,1,"S","PARTNTID",NA,NA
"765",999,"ALLARM","ALLARM.LT9","04/13/2013","12:00:00","TDS.1","M1",3225,"CMC","NTWQM",2013-04-13 12:00:00,0.1,"ISM","1","Water",NA,480,"MG/L",NA,NA,NA,NA,2,NA,1,1,"S","PARTNTID",NA,NA
"766",999,"GCWD","GCWD.UKW006","04/21/2013","12:00:00","TDS.1","M1",5314,"CMC","NTWQM",2013-04-21 12:00:00,0.1,"ISM","1","Water",NA,15,"MG/L",NA,NA,NA,NA,2,NA,1,1,"S","PARTNTID",NA,NA
"767",999,"GCWD","GCWD.MARCRE10.99","09/05/2013","12:00:00","TDS.1","M1",5432,"CMC","NTWQM",2013-09-05 12:00:00,0.1,"ISM","1","Water",NA,360,"MG/L",NA,NA,NA,NA,2,NA,1,1,"S","PARTNTID",NA,NA
"768",999,"GCWD","GCWD.UNTBALRUN2.18","09/05/2013","12:00:00","TDS.1","M1",5505,"CMC","NTWQM",2013-09-05 12:00:00,0.1,"ISM","1","Water",NA,140,"MG/L",NA,NA,NA,NA,2,NA,1,1,"S","PARTNTID",NA,NA
"769",999,"GCWD","GCWD.MARCRE10.99","09/29/2013","12:00:00","TDS.1","M1",5433,"CMC","NTWQM",2013-09-29 12:00:00,0.1,"ISM","1","Water",NA,430,"MG/L",NA,NA,NA,NA,2,NA,1,1,"S","PARTNTID",NA,NA
"770",999,"ALLARM","ALLARM.LT6","06/06/2013","12:00:00","TDS.1","M1",3232,"CMC","NTWQM",2013-06-06 12:00:00,0.1,"ISM","1","Water",NA,400,"MG/L",NA,NA,NA,NA,2,NA,1,1,"S","PARTNTID",NA,NA
"771",999,"GCWD","GCWD.GERBRA4.32","03/17/2013","12:00:00","TDS.1","M1",4992,"CMC","NTWQM",2013-03-17 12:00:00,0.1,"ISM","1","Water",NA,55,"MG/L",NA,NA,NA,NA,2,NA,1,1,"S","PARTNTID",NA,NA
"772",999,"GCWD","GCWD.UKW006","07/16/2013","12:00:00","TDS.1","M1",5317,"CMC","NTWQM",2013-07-16 12:00:00,0.1,"ISM","1","Water",NA,20,"MG/L",NA,NA,NA,NA,2,NA,1,1,"S","PARTNTID",NA,NA
"773",999,"GCWD","GCWD.MARCRE6.38","09/05/2013","12:00:00","TDS.1","M1",5435,"CMC","NTWQM",2013-09-05 12:00:00,0.1,"ISM","1","Water",NA,220,"MG/L",NA,NA,NA,NA,2,NA,1,1,"S","PARTNTID",NA,NA
"774",999,"GCWD","GCWD.BEEFLARUN0.12","07/16/2013","12:00:00","TDS.1","M1",4670,"CMC","NTWQM",2013-07-16 12:00:00,0.1,"ISM","1","Water",NA,20,"MG/L",NA,NA,NA,NA,2,NA,1,1,"S","PARTNTID",NA,NA
"775",999,"GCWD","GCWD.MARCRE6.38","10/01/2013","12:00:00","TDS.1","M1",5436,"CMC","NTWQM",2013-10-01 12:00:00,0.1,"ISM","1","Water",NA,290,"MG/L",NA,NA,NA,NA,2,NA,1,1,"S","PARTNTID",NA,NA
"776",999,"ALLARM","ALLARM.LT6","08/13/2013","12:00:00","TDS.1","M1",3242,"CMC","NTWQM",2013-08-13 12:00:00,0.1,"ISM","1","Water",NA,400,"MG/L",NA,NA,NA,NA,2,NA,1,1,"S","PARTNTID",NA,NA
"777",999,"ALLARM","ALLARM.LT9","08/13/2013","12:00:00","TDS.1","M1",3245,"CMC","NTWQM",2013-08-13 12:00:00,0.1,"ISM","1","Water",NA,460,"MG/L",NA,NA,NA,NA,2,NA,1,1,"S","PARTNTID",NA,NA
"778",999,"GCWD","GCWD.UNTCOWRIV0.33","06/26/2013","12:00:00","TDS.1","M1",5337,"CMC","NTWQM",2013-06-26 12:00:00,0.1,"ISM","1","Water",NA,70,"MG/L",NA,NA,NA,NA,2,NA,1,1,"S","PARTNTID",NA,NA
"779",999,"GCWD","GCWD.MILRUN0.01","09/05/2013","12:00:00","TDS.1","M1",5480,"CMC","NTWQM",2013-09-05 12:00:00,0.1,"ISM","1","Water",NA,30,"MG/L",NA,NA,NA,NA,2,NA,1,1,"S","PARTNTID",NA,NA
"780",999,"GCWD","GCWD.BEEFLARUN0.12","10/30/2013","12:00:00","TDS.1","M1",4673,"CMC","NTWQM",2013-10-30 12:00:00,0.1,"ISM","1","Water",NA,10,"MG/L",NA,NA,NA,NA,2,NA,1,1,"S","PARTNTID",NA,NA
"781",999,"GCWD","GCWD.MILRUN0.01","10/01/2013","12:00:00","TDS.1","M1",5481,"CMC","NTWQM",2013-10-01 12:00:00,0.1,"ISM","1","Water",NA,40,"MG/L",NA,NA,NA,NA,2,NA,1,1,"S","PARTNTID",NA,NA
"782",999,"ALLARM","ALLARM.LT6","10/25/2013","12:00:00","TDS.1","M1",3252,"CMC","NTWQM",2013-10-25 12:00:00,0.1,"ISM","1","Water",NA,420,"MG/L",NA,NA,NA,NA,2,NA,1,1,"S","PARTNTID",NA,NA
"783",999,"ALLARM","ALLARM.LT9","10/25/2013","12:00:00","TDS.1","M1",3255,"CMC","NTWQM",2013-10-25 12:00:00,0.1,"ISM","1","Water",NA,460,"MG/L",NA,NA,NA,NA,2,NA,1,1,"S","PARTNTID",NA,NA
"784",999,"GCWD","GCWD.UNTCOWRIV0.33","10/03/2013","12:00:00","TDS.1","M1",5340,"CMC","NTWQM",2013-10-03 12:00:00,0.1,"ISM","1","Water",NA,80,"MG/L",NA,NA,NA,NA,2,NA,1,1,"S","PARTNTID",NA,NA
"785",999,"GCWD","GCWD.MOOHOLRUN0.06","02/26/2013","12:00:00","TDS.1","M1",5137,"CMC","NTWQM",2013-02-26 12:00:00,0.1,"ISM","1","Water",NA,60,"MG/L",NA,NA,NA,NA,2,NA,1,1,"S","PARTNTID",NA,NA
"786",999,"GCWD","GCWD.UNTNORBRO0.71","09/05/2013","12:00:00","TDS.1","M1",5507,"CMC","NTWQM",2013-09-05 12:00:00,0.1,"ISM","1","Water",NA,200,"MG/L",NA,NA,NA,NA,2,NA,1,1,"S","PARTNTID",NA,NA
"787",999,"GCWD","GCWD.MOOHOLRUN0.06","04/04/2013","12:00:00","TDS.1","M1",5138,"CMC","NTWQM",2013-04-04 12:00:00,0.1,"ISM","1","Water",NA,50,"MG/L",NA,NA,NA,NA,2,NA,1,1,"S","PARTNTID",NA,NA
"788",999,"GCWD","GCWD.UKW030","10/02/2013","12:00:00","TDS.1","M1",5495,"CMC","NTWQM",2013-10-02 12:00:00,0.1,"ISM","1","Water",NA,140,"MG/L",NA,NA,NA,NA,2,NA,1,1,"S","PARTNTID",NA,NA
"789",999,"GCWD","GCWD.MOOHOLRUN0.06","05/07/2013","12:00:00","TDS.1","M1",5139,"CMC","NTWQM",2013-05-07 12:00:00,0.1,"ISM","1","Water",NA,60,"MG/L",NA,NA,NA,NA,2,NA,1,1,"S","PARTNTID",NA,NA
"790",999,"GCWD","GCWD.CALCRE0.11","07/29/2013","12:00:00","TDS.1","M1",4756,"CMC","NTWQM",2013-07-29 12:00:00,0.1,"ISM","1","Water",NA,70,"MG/L",NA,NA,NA,NA,2,NA,1,1,"S","PARTNTID",NA,NA
"791",999,"ALLARM","ALLARM.LT6","12/06/2013","12:00:00","TDS.1","M1",3262,"CMC","NTWQM",2013-12-06 12:00:00,0.1,"ISM","1","Water",NA,340,"MG/L",NA,NA,NA,NA,2,NA,1,2,"VP","PARTNTID",NA,NA
"792",999,"GCWD","GCWD.BALRUN1.44","09/05/2013","12:00:00","TDS.1","M1",5407,"CMC","NTWQM",2013-09-05 12:00:00,0.1,"ISM","1","Water",NA,70,"MG/L",NA,NA,NA,NA,2,NA,1,1,"S","PARTNTID",NA,NA
"793",999,"GCWD","GCWD.GERBRA4.32","06/01/2013","12:00:00","TDS.1","M1",5003,"CMC","NTWQM",2013-06-01 12:00:00,0.1,"ISM","1","Water",NA,70,"MG/L",NA,NA,NA,NA,2,NA,1,1,"S","PARTNTID",NA,NA
"794",999,"ALLARM","ALLARM.LT9","12/06/2013","12:00:00","TDS.1","M1",3265,"CMC","NTWQM",2013-12-06 12:00:00,0.1,"ISM","1","Water",NA,450,"MG/L",NA,NA,NA,NA,2,NA,1,2,"VP","PARTNTID",NA,NA
"795",999,"GCWD","GCWD.MOOHOLRUN0.06","08/20/2013","12:00:00","TDS.1","M1",5142,"CMC","NTWQM",2013-08-20 12:00:00,0.1,"ISM","1","Water",NA,100,"MG/L",NA,NA,NA,NA,2,NA,1,1,"S","PARTNTID",NA,NA
"796",999,"GCWD","GCWD.UNTBALRUN0.95","09/05/2013","12:00:00","TDS.1","M1",5499,"CMC","NTWQM",2013-09-05 12:00:00,0.1,"ISM","1","Water",NA,130,"MG/L",NA,NA,NA,NA,2,NA,1,1,"S","PARTNTID",NA,NA
"797",999,"GCWD","GCWD.GERBRA4.32","06/15/2013","12:00:00","TDS.1","M1",5005,"CMC","NTWQM",2013-06-15 12:00:00,0.1,"ISM","1","Water",NA,70,"MG/L",NA,NA,NA,NA,2,NA,1,1,"S","PARTNTID",NA,NA
"798",999,"GCWD","GCWD.UNTBALRUN0.95","09/29/2013","12:00:00","TDS.1","M1",5500,"CMC","NTWQM",2013-09-29 12:00:00,0.1,"ISM","1","Water",NA,130,"MG/L",NA,NA,NA,NA,2,NA,1,1,"S","PARTNTID",NA,NA
"799",999,"GCWD","GCWD.GERBRA4.32","06/22/2013","12:00:00","TDS.1","M1",5006,"CMC","NTWQM",2013-06-22 12:00:00,0.1,"ISM","1","Water",NA,80,"MG/L",NA,NA,NA,NA,2,NA,1,1,"S","PARTNTID",NA,NA
"800",999,"GCWD","GCWD.BALRUN4.02","09/29/2013","12:00:00","TDS.1","M1",5411,"CMC","NTWQM",2013-09-29 12:00:00,0.1,"ISM","1","Water",NA,20,"MG/L",NA,NA,NA,NA,2,NA,1,1,"S","PARTNTID",NA,NA
"801",999,"GCWD","GCWD.NORBRACOWRIV0.04","07/14/2013","12:00:00","TDS.1","M1",5165,"CMC","NTWQM",2013-07-14 12:00:00,0.1,"ISM","1","Water",NA,130,"MG/L",NA,NA,NA,NA,2,NA,1,1,"S","PARTNTID",NA,NA
"802",999,"GCWD","GCWD.UNTBALRUN2.17","09/05/2013","12:00:00","TDS.1","M1",5502,"CMC","NTWQM",2013-09-05 12:00:00,0.1,"ISM","1","Water",NA,170,"MG/L",NA,NA,NA,NA,2,NA,1,1,"S","PARTNTID",NA,NA
"803",999,"GCWD","GCWD.GERBRA4.32","07/06/2013","12:00:00","TDS.1","M1",5008,"CMC","NTWQM",2013-07-06 12:00:00,0.1,"ISM","1","Water",NA,95,"MG/L",NA,NA,NA,NA,2,NA,1,1,"S","PARTNTID",NA,NA
"804",999,"GCWD","GCWD.UNTBALRUN2.17","10/02/2013","12:00:00","TDS.1","M1",5503,"CMC","NTWQM",2013-10-02 12:00:00,0.1,"ISM","1","Water",NA,160,"MG/L",NA,NA,NA,NA,2,NA,1,1,"S","PARTNTID",NA,NA
"805",999,"GCWD","GCWD.GERBRA4.32","07/15/2013","12:00:00","TDS.1","M1",5009,"CMC","NTWQM",2013-07-15 12:00:00,0.1,"ISM","1","Water",NA,90,"MG/L",NA,NA,NA,NA,2,NA,1,1,"S","PARTNTID",NA,NA
"806",999,"GCWD","GCWD.BEEFLARUN0.12","03/10/2013","12:00:00","TDS.1","M1",4666,"CMC","NTWQM",2013-03-10 12:00:00,0.1,"ISM","1","Water",NA,20,"MG/L",NA,NA,NA,NA,2,NA,1,1,"S","PARTNTID",NA,NA
"807",999,"GCWD","GCWD.PAIRUN0.53","09/05/2013","12:00:00","TDS.1","M1",5483,"CMC","NTWQM",2013-09-05 12:00:00,0.1,"ISM","1","Water",NA,60,"MG/L",NA,NA,NA,NA,2,NA,1,1,"S","PARTNTID",NA,NA
"808",999,"GCWD","GCWD.SOUBRAPINCRE0.17","01/27/2013","12:00:00","TDS.1","M1",5265,"CMC","NTWQM",2013-01-27 12:00:00,0.1,"ISM","1","Water",NA,60,"MG/L",NA,NA,NA,NA,2,NA,1,1,"S","PARTNTID",NA,NA
"809",999,"GCWD","GCWD.GERBRA4.32","08/05/2013","12:00:00","TDS.1","M1",5011,"CMC","NTWQM",2013-08-05 12:00:00,0.1,"ISM","1","Water",NA,90,"MG/L",NA,NA,NA,NA,2,NA,1,1,"S","PARTNTID",NA,NA
"810",999,"GCWD","GCWD.UNTBALRUN2.18","10/02/2013","12:00:00","TDS.1","M1",5506,"CMC","NTWQM",2013-10-02 12:00:00,0.1,"ISM","1","Water",NA,140,"MG/L",NA,NA,NA,NA,2,NA,1,1,"S","PARTNTID",NA,NA
"811",999,"GCWD","GCWD.GERBRA4.32","08/17/2013","12:00:00","TDS.1","M1",5012,"CMC","NTWQM",2013-08-17 12:00:00,0.1,"ISM","1","Water",NA,105,"MG/L",NA,NA,NA,NA,2,NA,1,1,"S","PARTNTID",NA,NA
"812",999,"GCWD","GCWD.BEEFLARUN0.12","06/12/2013","12:00:00","TDS.1","M1",4669,"CMC","NTWQM",2013-06-12 12:00:00,0.1,"ISM","1","Water",NA,20,"MG/L",NA,NA,NA,NA,2,NA,1,1,"S","PARTNTID",NA,NA
"813",999,"GCWD","GCWD.PHORUN4.36","02/25/2013","12:00:00","TDS.1","M1",5179,"CMC","NTWQM",2013-02-25 12:00:00,0.1,"ISM","1","Water",NA,60,"MG/L",NA,NA,NA,NA,2,NA,1,1,"S","PARTNTID",NA,NA
"814",999,"GCWD","GCWD.SOUBRAPINCRE0.17","05/16/2013","12:00:00","TDS.1","M1",5268,"CMC","NTWQM",2013-05-16 12:00:00,0.1,"ISM","1","Water",NA,60,"MG/L",NA,NA,NA,NA,2,NA,1,1,"S","PARTNTID",NA,NA
"815",999,"GCWD","GCWD.PHORUN4.36","04/04/2013","12:00:00","TDS.1","M1",5180,"CMC","NTWQM",2013-04-04 12:00:00,0.1,"ISM","1","Water",NA,50,"MG/L",NA,NA,NA,NA,2,NA,1,1,"S","PARTNTID",NA,NA
"816",999,"GCWD","GCWD.UNTCOWRIV0.33","05/07/2013","12:00:00","TDS.1","M1",5336,"CMC","NTWQM",2013-05-07 12:00:00,0.1,"ISM","1","Water",NA,50,"MG/L",NA,NA,NA,NA,2,NA,1,1,"S","PARTNTID",NA,NA
"817",999,"ALLARM","ALLARM.LT7","08/13/2013","12:00:00","TDS.1","M1",3243,"CMC","NTWQM",2013-08-13 12:00:00,0.1,"ISM","1","Water",NA,430,"MG/L",NA,NA,NA,NA,2,NA,1,1,"S","PARTNTID",NA,NA
"818",999,"ALLARM","ALLARM.LT8","08/13/2013","12:00:00","TDS.1","M1",3244,"CMC","NTWQM",2013-08-13 12:00:00,0.1,"ISM","1","Water",NA,430,"MG/L",NA,NA,NA,NA,2,NA,1,1,"S","PARTNTID",NA,NA
"819",999,"GCWD","GCWD.PHORUN4.36","07/29/2013","12:00:00","TDS.1","M1",5182,"CMC","NTWQM",2013-07-29 12:00:00,0.1,"ISM","1","Water",NA,70,"MG/L",NA,NA,NA,NA,2,NA,1,1,"S","PARTNTID",NA,NA
"820",999,"GCWD","GCWD.GERBRA4.32","11/02/2013","12:00:00","TDS.1","M1",5023,"CMC","NTWQM",2013-11-02 12:00:00,0.1,"ISM","1","Water",NA,80,"MG/L",NA,NA,NA,NA,2,NA,1,1,"S","PARTNTID",NA,NA
"821",999,"GCWD","GCWD.PHORUN4.36","09/09/2013","12:00:00","TDS.1","M1",5183,"CMC","NTWQM",2013-09-09 12:00:00,0.1,"ISM","1","Water",NA,90,"MG/L",NA,NA,NA,NA,2,NA,1,1,"S","PARTNTID",NA,NA
"822",999,"GCWD","GCWD.UNTCOWRIV0.33","08/20/2013","12:00:00","TDS.1","M1",5339,"CMC","NTWQM",2013-08-20 12:00:00,0.1,"ISM","1","Water",NA,80,"MG/L",NA,NA,NA,NA,2,NA,1,1,"S","PARTNTID",NA,NA
"823",999,"ALLARM","ALLARM.LT7","10/25/2013","12:00:00","TDS.1","M1",3253,"CMC","NTWQM",2013-10-25 12:00:00,0.1,"ISM","1","Water",NA,450,"MG/L",NA,NA,NA,NA,2,NA,1,1,"S","PARTNTID",NA,NA
"824",999,"GCWD","GCWD.GERBRA4.32","04/27/2013","12:00:00","TDS.1","M1",4998,"CMC","NTWQM",2013-04-27 12:00:00,0.1,"ISM","1","Water",NA,70,"MG/L",NA,NA,NA,NA,2,NA,1,1,"S","PARTNTID",NA,NA
"825",999,"GCWD","GCWD.PHORUN7.54","02/25/2013","12:00:00","TDS.1","M1",5206,"CMC","NTWQM",2013-02-25 12:00:00,0.1,"ISM","1","Water",NA,60,"MG/L",NA,NA,NA,NA,2,NA,1,1,"S","PARTNTID",NA,NA
"826",999,"GCWD","GCWD.SOUBRAPINCRE0.17","11/13/2013","12:00:00","TDS.1","M1",5273,"CMC","NTWQM",2013-11-13 12:00:00,0.1,"ISM","1","Water",NA,80,"MG/L",NA,NA,NA,NA,2,NA,1,1,"S","PARTNTID",NA,NA
"827",999,"GCWD","GCWD.PHORUN7.54","04/04/2013","12:00:00","TDS.1","M1",5207,"CMC","NTWQM",2013-04-04 12:00:00,0.1,"ISM","1","Water",NA,40,"MG/L",NA,NA,NA,NA,2,NA,1,1,"S","PARTNTID",NA,NA
"828",999,"GCWD","GCWD.CALCRE0.11","06/15/2013","12:00:00","TDS.1","M1",4755,"CMC","NTWQM",2013-06-15 12:00:00,0.1,"ISM","1","Water",NA,50,"MG/L",NA,NA,NA,NA,2,NA,1,1,"S","PARTNTID",NA,NA
"829",999,"GCWD","GCWD.PHORUN7.54","06/15/2013","12:00:00","TDS.1","M1",5208,"CMC","NTWQM",2013-06-15 12:00:00,0.1,"ISM","1","Water",NA,60,"MG/L",NA,NA,NA,NA,2,NA,1,1,"S","PARTNTID",NA,NA
"830",999,"GCWD","GCWD.SUNBRA0.76","03/13/2013","12:00:00","TDS.1","M1",5293,"CMC","NTWQM",2013-03-13 12:00:00,0.1,"ISM","1","Water",NA,20,"MG/L",NA,NA,NA,NA,2,NA,1,1,"S","PARTNTID",NA,NA
"831",999,"GCWD","GCWD.GERBRA4.32","10/27/2013","12:00:00","TDS.1","M1",5022,"CMC","NTWQM",2013-10-27 12:00:00,0.1,"ISM","1","Water",NA,80,"MG/L",NA,NA,NA,NA,2,NA,1,1,"S","PARTNTID",NA,NA
"832",999,"ALLARM","ALLARM.LT8","12/06/2013","12:00:00","TDS.1","M1",3264,"CMC","NTWQM",2013-12-06 12:00:00,0.1,"ISM","1","Water",NA,420,"MG/L",NA,NA,NA,NA,2,NA,1,2,"VP","PARTNTID",NA,NA
"833",999,"GCWD","GCWD.CROCRE13.23","10/01/2013","12:00:00","TDS.1","M1",5413,"CMC","NTWQM",2013-10-01 12:00:00,0.1,"ISM","1","Water",NA,190,"MG/L",NA,NA,NA,NA,2,NA,1,1,"S","PARTNTID",NA,NA
"834",999,"GCWD","GCWD.CALCRE0.11","11/04/2013","12:00:00","TDS.1","M1",4752,"CMC","NTWQM",2013-11-04 12:00:00,0.1,"ISM","1","Water",NA,60,"MG/L",NA,NA,NA,NA,2,NA,1,1,"S","PARTNTID",NA,NA
"835",999,"GCWD","GCWD.PHORUN7.54","11/04/2013","12:00:00","TDS.1","M1",5211,"CMC","NTWQM",2013-11-04 12:00:00,0.1,"ISM","1","Water",NA,70,"MG/L",NA,NA,NA,NA,2,NA,1,1,"S","PARTNTID",NA,NA
"836",999,"GCWD","GCWD.SUNBRA0.76","07/20/2013","12:00:00","TDS.1","M1",5296,"CMC","NTWQM",2013-07-20 12:00:00,0.1,"ISM","1","Water",NA,30,"MG/L",NA,NA,NA,NA,2,NA,1,1,"S","PARTNTID",NA,NA
"837",999,"GCWD","GCWD.PINCRE64.20","09/05/2013","12:00:00","TDS.1","M1",5486,"CMC","NTWQM",2013-09-05 12:00:00,0.1,"ISM","1","Water",NA,50,"MG/L",NA,NA,NA,NA,2,NA,1,1,"S","PARTNTID",NA,NA
"838",999,"ALLARM","ALLARM.LT5","02/15/2013","12:00:00","TDS.1","M1",3211,"CMC","NTWQM",2013-02-15 12:00:00,0.1,"ISM","1","Water",NA,400,"MG/L",NA,NA,NA,NA,2,NA,1,1,"S","PARTNTID",NA,NA
"839",999,"GCWD","GCWD.GERBRA4.32","12/08/2013","12:00:00","TDS.1","M1",5026,"CMC","NTWQM",2013-12-08 12:00:00,0.1,"ISM","1","Water",NA,70,"MG/L",NA,NA,NA,NA,2,NA,1,1,"S","PARTNTID",NA,NA
"840",999,"GCWD","GCWD.GERBRA4.32","01/13/2013","12:00:00","TDS.1","M1",4986,"CMC","NTWQM",2013-01-13 12:00:00,0.1,"ISM","1","Water",NA,90,"MG/L",NA,NA,NA,NA,2,NA,1,1,"S","PARTNTID",NA,NA
"841",999,"GCWD","GCWD.GERBRA4.32","12/23/2013","12:00:00","TDS.1","M1",5027,"CMC","NTWQM",2013-12-23 12:00:00,0.1,"ISM","1","Water",NA,60,"MG/L",NA,NA,NA,NA,2,NA,1,1,"S","PARTNTID",NA,NA
"842",999,"GCWD","GCWD.PINCRE64.21","09/05/2013","12:00:00","TDS.1","M1",5488,"CMC","NTWQM",2013-09-05 12:00:00,0.1,"ISM","1","Water",NA,60,"MG/L",NA,NA,NA,NA,2,NA,1,1,"S","PARTNTID",NA,NA
"843",999,"GCWD","GCWD.PINCRE64.21","10/01/2013","12:00:00","TDS.1","M1",5489,"CMC","NTWQM",2013-10-01 12:00:00,0.1,"ISM","1","Water",NA,50,"MG/L",NA,NA,NA,NA,2,NA,1,1,"S","PARTNTID",NA,NA
"844",999,"GCWD","GCWD.COWRIV34.68","12/12/2013","12:00:00","TDS.1","M1",4787,"CMC","NTWQM",2013-12-12 12:00:00,0.1,"ISM","1","Water",NA,110,"MG/L",NA,NA,NA,NA,2,NA,1,1,"S","PARTNTID",NA,NA
"845",999,"GCWD","GCWD.PINCRE64.21","10/11/2013","12:00:00","TDS.1","M1",5490,"CMC","NTWQM",2013-10-11 12:00:00,0.1,"ISM","1","Water",NA,50,"MG/L",NA,NA,NA,NA,2,NA,1,1,"S","PARTNTID",NA,NA
"846",999,"GCWD","GCWD.SOUBRAPINCRE0.17","08/13/2013","12:00:00","TDS.1","M1",5271,"CMC","NTWQM",2013-08-13 12:00:00,0.1,"ISM","1","Water",NA,100,"MG/L",NA,NA,NA,NA,2,NA,1,1,"S","PARTNTID",NA,NA
"847",999,"GCWD","GCWD.HEIRUN0.01","10/01/2013","12:00:00","TDS.1","M1",5415,"CMC","NTWQM",2013-10-01 12:00:00,0.1,"ISM","1","Water",NA,180,"MG/L",NA,NA,NA,NA,2,NA,1,1,"S","PARTNTID",NA,NA
"848",999,"GCWD","GCWD.SOUBRAPINCRE0.17","09/17/2013","12:00:00","TDS.1","M1",5272,"CMC","NTWQM",2013-09-17 12:00:00,0.1,"ISM","1","Water",NA,100,"MG/L",NA,NA,NA,NA,2,NA,1,1,"S","PARTNTID",NA,NA
"849",999,"GCWD","GCWD.SOUBRAPINCRE0.17","03/10/2013","12:00:00","TDS.1","M1",5266,"CMC","NTWQM",2013-03-10 12:00:00,0.1,"ISM","1","Water",NA,90,"MG/L",NA,NA,NA,NA,2,NA,1,1,"S","PARTNTID",NA,NA
"850",999,"GCWD","GCWD.DODHOLRUN0.32","04/04/2013","12:00:00","TDS.1","M1",4800,"CMC","NTWQM",2013-04-04 12:00:00,0.1,"ISM","1","Water",NA,40,"MG/L",NA,NA,NA,NA,2,NA,1,1,"S","PARTNTID",NA,NA
"851",999,"GCWD","GCWD.SOUBRAPINCRE0.17","04/21/2013","12:00:00","TDS.1","M1",5267,"CMC","NTWQM",2013-04-21 12:00:00,0.1,"ISM","1","Water",NA,50,"MG/L",NA,NA,NA,NA,2,NA,1,1,"S","PARTNTID",NA,NA
"852",999,"GCWD","GCWD.DODHOLRUN0.32","05/07/2013","12:00:00","TDS.1","M1",4801,"CMC","NTWQM",2013-05-07 12:00:00,0.1,"ISM","1","Water",NA,50,"MG/L",NA,NA,NA,NA,2,NA,1,1,"S","PARTNTID",NA,NA
"853",999,"GCWD","GCWD.HEIRUN1.68","10/01/2013","12:00:00","TDS.1","M1",5418,"CMC","NTWQM",2013-10-01 12:00:00,0.1,"ISM","1","Water",NA,180,"MG/L",NA,NA,NA,NA,2,NA,1,1,"S","PARTNTID",NA,NA
"854",999,"GCWD","GCWD.SUNBRA0.76","02/28/2013","12:00:00","TDS.1","M1",5292,"CMC","NTWQM",2013-02-28 12:00:00,0.1,"ISM","1","Water",NA,20,"MG/L",NA,NA,NA,NA,2,NA,1,1,"S","PARTNTID",NA,NA
"855",999,"GCWD","GCWD.SOUBRAPINCRE0.17","06/12/2013","12:00:00","TDS.1","M1",5269,"CMC","NTWQM",2013-06-12 12:00:00,0.1,"ISM","1","Water",NA,80,"MG/L",NA,NA,NA,NA,2,NA,1,1,"S","PARTNTID",NA,NA
"856",999,"GCWD","GCWD.DODHOLRUN0.32","07/30/2013","12:00:00","TDS.1","M1",4803,"CMC","NTWQM",2013-07-30 12:00:00,0.1,"ISM","1","Water",NA,50,"MG/L",NA,NA,NA,NA,2,NA,1,1,"S","PARTNTID",NA,NA
"857",999,"GCWD","GCWD.SOUBRAPINCRE0.17","07/16/2013","12:00:00","TDS.1","M1",5270,"CMC","NTWQM",2013-07-16 12:00:00,0.1,"ISM","1","Water",NA,80,"MG/L",NA,NA,NA,NA,2,NA,1,1,"S","PARTNTID",NA,NA
"858",999,"GCWD","GCWD.GERBRA4.32","04/07/2013","12:00:00","TDS.1","M1",4995,"CMC","NTWQM",2013-04-07 12:00:00,0.1,"ISM","1","Water",NA,70,"MG/L",NA,NA,NA,NA,2,NA,1,1,"S","PARTNTID",NA,NA
"859",999,"GCWD","GCWD.GERBRA4.32","05/27/2013","12:00:00","TDS.1","M1",5002,"CMC","NTWQM",2013-05-27 12:00:00,0.1,"ISM","1","Water",NA,80,"MG/L",NA,NA,NA,NA,2,NA,1,1,"S","PARTNTID",NA,NA
"860",999,"GCWD","GCWD.LITPHORUN0.02","11/05/2013","12:00:00","TDS.1","M1",5102,"CMC","NTWQM",2013-11-05 12:00:00,0.1,"ISM","1","Water",NA,90,"MG/L",NA,NA,NA,NA,2,NA,1,1,"S","PARTNTID",NA,NA
"861",999,"GCWD","GCWD.MOOHOLRUN0.06","07/30/2013","12:00:00","TDS.1","M1",5141,"CMC","NTWQM",2013-07-30 12:00:00,0.1,"ISM","1","Water",NA,90,"MG/L",NA,NA,NA,NA,2,NA,1,1,"S","PARTNTID",NA,NA
"862",999,"GCWD","GCWD.MARCRE0.05","02/26/2013","12:00:00","TDS.1","M1",5121,"CMC","NTWQM",2013-02-26 12:00:00,0.1,"ISM","1","Water",NA,60,"MG/L",NA,NA,NA,NA,2,NA,1,1,"S","PARTNTID",NA,NA
"863",999,"ALLARM","ALLARM.LT8","10/25/2013","12:00:00","TDS.1","M1",3254,"CMC","NTWQM",2013-10-25 12:00:00,0.1,"ISM","1","Water",NA,450,"MG/L",NA,NA,NA,NA,2,NA,1,1,"S","PARTNTID",NA,NA
"864",999,"GCWD","GCWD.GERBRA4.32","09/22/2013","12:00:00","TDS.1","M1",5018,"CMC","NTWQM",2013-09-22 12:00:00,0.1,"ISM","1","Water",NA,100,"MG/L",NA,NA,NA,NA,2,NA,1,1,"S","PARTNTID",NA,NA
"865",999,"GCWD","GCWD.SUNBRA0.76","01/30/2013","12:00:00","TDS.1","M1",5291,"CMC","NTWQM",2013-01-30 12:00:00,0.1,"ISM","1","Water",NA,10,"MG/L",NA,NA,NA,NA,2,NA,1,1,"S","PARTNTID",NA,NA
"866",999,"GCWD","GCWD.MARCRE0.05","05/07/2013","12:00:00","TDS.1","M1",5123,"CMC","NTWQM",2013-05-07 12:00:00,0.1,"ISM","1","Water",NA,60,"MG/L",NA,NA,NA,NA,2,NA,1,1,"S","PARTNTID",NA,NA
"867",999,"GCWD","GCWD.NORBRACOWRIV0.04","06/04/2013","12:00:00","TDS.1","M1",5164,"CMC","NTWQM",2013-06-04 12:00:00,0.1,"ISM","1","Water",NA,82,"MG/L",NA,NA,NA,NA,2,NA,1,1,"S","PARTNTID",NA,NA
"868",999,"GCWD","GCWD.MARCRE0.05","06/04/2013","12:00:00","TDS.1","M1",5124,"CMC","NTWQM",2013-06-04 12:00:00,0.1,"ISM","1","Water",NA,50,"MG/L",NA,NA,NA,NA,2,NA,1,1,"S","PARTNTID",NA,NA
"869",999,"GCWD","GCWD.LITPHORUN0.02","07/29/2013","12:00:00","TDS.1","M1",5100,"CMC","NTWQM",2013-07-29 12:00:00,0.1,"ISM","1","Water",NA,90,"MG/L",NA,NA,NA,NA,2,NA,1,1,"S","PARTNTID",NA,NA
"870",999,"GCWD","GCWD.UKW006","01/27/2013","12:00:00","TDS.1","M1",5312,"CMC","NTWQM",2013-01-27 12:00:00,0.1,"ISM","1","Water",NA,20,"MG/L",NA,NA,NA,NA,2,NA,1,1,"S","PARTNTID",NA,NA
"871",999,"GCWD","GCWD.LITPHORUN0.02","09/09/2013","12:00:00","TDS.1","M1",5101,"CMC","NTWQM",2013-09-09 12:00:00,0.1,"ISM","1","Water",NA,120,"MG/L",NA,NA,NA,NA,2,NA,1,1,"S","PARTNTID",NA,NA
"872",999,"GCWD","GCWD.MARCRE0.05","09/03/2013","12:00:00","TDS.1","M1",5126,"CMC","NTWQM",2013-09-03 12:00:00,0.1,"ISM","1","Water",NA,90,"MG/L",NA,NA,NA,NA,2,NA,1,1,"S","PARTNTID",NA,NA
"873",999,"GCWD","GCWD.GERBRA4.32","02/09/2013","12:00:00","TDS.1","M1",4989,"CMC","NTWQM",2013-02-09 12:00:00,0.1,"ISM","1","Water",NA,70,"MG/L",NA,NA,NA,NA,2,NA,1,1,"S","PARTNTID",NA,NA
"874",999,"GCWD","GCWD.UNTBALRUN2.17","10/11/2013","12:00:00","TDS.1","M1",5504,"CMC","NTWQM",2013-10-11 12:00:00,0.1,"ISM","1","Water",NA,160,"MG/L",NA,NA,NA,NA,2,NA,1,1,"S","PARTNTID",NA,NA
"875",999,"GCWD","GCWD.UNTCOWRIV0.33","07/30/2013","12:00:00","TDS.1","M1",5338,"CMC","NTWQM",2013-07-30 12:00:00,0.1,"ISM","1","Water",NA,80,"MG/L",NA,NA,NA,NA,2,NA,1,1,"S","PARTNTID",NA,NA
"876",999,"GCWD","GCWD.UNTBALRUN0.23","10/11/2013","12:00:00","TDS.1","M1",5498,"CMC","NTWQM",2013-10-11 12:00:00,0.1,"ISM","1","Water",NA,160,"MG/L",NA,NA,NA,NA,2,NA,1,1,"S","PARTNTID",NA,NA
"877",999,"GCWD","GCWD.SUNBRA0.76","08/22/2013","12:00:00","TDS.1","M1",5297,"CMC","NTWQM",2013-08-22 12:00:00,0.1,"ISM","1","Water",NA,30,"MG/L",NA,NA,NA,NA,2,NA,1,1,"S","PARTNTID",NA,NA
"878",999,"GCWD","GCWD.NORBRACOWRIV0.04","03/30/2013","12:00:00","TDS.1","M1",5163,"CMC","NTWQM",2013-03-30 12:00:00,0.1,"ISM","1","Water",NA,70,"MG/L",NA,NA,NA,NA,2,NA,1,1,"S","PARTNTID",NA,NA
"879",999,"GCWD","GCWD.MARCRE10.99","10/11/2013","12:00:00","TDS.1","M1",5434,"CMC","NTWQM",2013-10-11 12:00:00,0.1,"ISM","1","Water",NA,210,"MG/L",NA,NA,NA,NA,2,NA,1,1,"S","PARTNTID",NA,NA
"880",999,"GCWD","GCWD.UNTCOWRIV0.33","02/26/2013","12:00:00","TDS.1","M1",5334,"CMC","NTWQM",2013-02-26 12:00:00,0.1,"ISM","1","Water",NA,60,"MG/L",NA,NA,NA,NA,2,NA,1,1,"S","PARTNTID",NA,NA
"881",999,"GCWD","GCWD.PINCRE64.20","10/01/2013","12:00:00","TDS.1","M1",5487,"CMC","NTWQM",2013-10-01 12:00:00,0.1,"ISM","1","Water",NA,50,"MG/L",NA,NA,NA,NA,2,NA,1,1,"S","PARTNTID",NA,NA
"882",999,"GCWD","GCWD.SUNBRA0.76","11/14/2013","12:00:00","TDS.1","M1",5299,"CMC","NTWQM",2013-11-14 12:00:00,0.1,"ISM","1","Water",NA,20,"MG/L",NA,NA,NA,NA,2,NA,1,1,"S","PARTNTID",NA,NA
"883",999,"GCWD","GCWD.UNTNORBRO0.71","10/01/2013","12:00:00","TDS.1","M1",5508,"CMC","NTWQM",2013-10-01 12:00:00,0.1,"ISM","1","Water",NA,210,"MG/L",NA,NA,NA,NA,2,NA,1,1,"S","PARTNTID",NA,NA
"884",999,"GCWD","GCWD.NORBRACOWRIV0.04","09/03/2013","12:00:00","TDS.1","M1",5166,"CMC","NTWQM",2013-09-03 12:00:00,0.1,"ISM","1","Water",NA,150,"MG/L",NA,NA,NA,NA,2,NA,1,1,"S","PARTNTID",NA,NA
"885",999,"GCWD","GCWD.GERBRA4.32","08/31/2013","12:00:00","TDS.1","M1",5015,"CMC","NTWQM",2013-08-31 12:00:00,0.1,"ISM","1","Water",NA,110,"MG/L",NA,NA,NA,NA,2,NA,1,1,"S","PARTNTID",NA,NA
"886",999,"GCWD","GCWD.DODHOLRUN0.32","08/20/2013","12:00:00","TDS.1","M1",4804,"CMC","NTWQM",2013-08-20 12:00:00,0.1,"ISM","1","Water",NA,70,"MG/L",NA,NA,NA,NA,2,NA,1,1,"S","PARTNTID",NA,NA
"887",999,"GCWD","GCWD.UNTBALRUN0.23","09/29/2013","12:00:00","TDS.1","M1",5497,"CMC","NTWQM",2013-09-29 12:00:00,0.1,"ISM","1","Water",NA,160,"MG/L",NA,NA,NA,NA,2,NA,1,1,"S","PARTNTID",NA,NA
"888",999,"GCWD","GCWD.PHORUN7.54","09/09/2013","12:00:00","TDS.1","M1",5210,"CMC","NTWQM",2013-09-09 12:00:00,0.1,"ISM","1","Water",NA,90,"MG/L",NA,NA,NA,NA,2,NA,1,1,"S","PARTNTID",NA,NA
"889",999,"GCWD","GCWD.BALRUN1.44","09/29/2013","12:00:00","TDS.1","M1",5408,"CMC","NTWQM",2013-09-29 12:00:00,0.1,"ISM","1","Water",NA,60,"MG/L",NA,NA,NA,NA,2,NA,1,1,"S","PARTNTID",NA,NA
"890",999,"GCWD","GCWD.PAIRUN0.53","10/01/2013","12:00:00","TDS.1","M1",5484,"CMC","NTWQM",2013-10-01 12:00:00,0.1,"ISM","1","Water",NA,60,"MG/L",NA,NA,NA,NA,2,NA,1,1,"S","PARTNTID",NA,NA
"891",999,"GCWD","GCWD.UKW006","06/12/2013","12:00:00","TDS.1","M1",5316,"CMC","NTWQM",2013-06-12 12:00:00,0.1,"ISM","1","Water",NA,20,"MG/L",NA,NA,NA,NA,2,NA,1,1,"S","PARTNTID",NA,NA
"892",999,"GCWD","GCWD.MILRUN0.01","10/11/2013","12:00:00","TDS.1","M1",5482,"CMC","NTWQM",2013-10-11 12:00:00,0.1,"ISM","1","Water",NA,40,"MG/L",NA,NA,NA,NA,2,NA,1,1,"S","PARTNTID",NA,NA
"893",999,"GCWD","GCWD.COWRIV34.68","06/04/2013","12:00:00","TDS.1","M1",4785,"CMC","NTWQM",2013-06-04 12:00:00,0.1,"ISM","1","Water",NA,100,"MG/L",NA,NA,NA,NA,2,NA,1,1,"S","PARTNTID",NA,NA
"894",999,"GCWD","GCWD.LITPHORUN0.02","02/25/2013","12:00:00","TDS.1","M1",5097,"CMC","NTWQM",2013-02-25 12:00:00,0.1,"ISM","1","Water",NA,80,"MG/L",NA,NA,NA,NA,2,NA,1,1,"S","PARTNTID",NA,NA
"895",999,"GCWD","GCWD.UNTCOWRIV0.33","04/04/2013","12:00:00","TDS.1","M1",5335,"CMC","NTWQM",2013-04-04 12:00:00,0.1,"ISM","1","Water",NA,40,"MG/L",NA,NA,NA,NA,2,NA,1,1,"S","PARTNTID",NA,NA
"896",999,"GCWD","GCWD.NORBRACOWRIV0.04","12/12/2013","12:00:00","TDS.1","M1",5167,"CMC","NTWQM",2013-12-12 12:00:00,0.1,"ISM","1","Water",NA,89,"MG/L",NA,NA,NA,NA,2,NA,1,1,"S","PARTNTID",NA,NA
"897",999,"GCWD","GCWD.UKW006","09/17/2013","12:00:00","TDS.1","M1",5319,"CMC","NTWQM",2013-09-17 12:00:00,0.1,"ISM","1","Water",NA,40,"MG/L",NA,NA,NA,NA,2,NA,1,1,"S","PARTNTID",NA,NA
"898",999,"GCWD","GCWD.UNTNORBRO0.71","10/11/2013","12:00:00","TDS.1","M1",5509,"CMC","NTWQM",2013-10-11 12:00:00,0.1,"ISM","1","Water",NA,200,"MG/L",NA,NA,NA,NA,2,NA,1,1,"S","PARTNTID",NA,NA
"899",999,"GCWD","GCWD.PHORUN7.54","07/29/2013","12:00:00","TDS.1","M1",5209,"CMC","NTWQM",2013-07-29 12:00:00,0.1,"ISM","1","Water",NA,80,"MG/L",NA,NA,NA,NA,2,NA,1,1,"S","PARTNTID",NA,NA
"900",999,"GCWD","GCWD.DODHOLRUN0.32","12/28/2013","12:00:00","TDS.1","M1",4807,"CMC","NTWQM",2013-12-28 12:00:00,0.1,"ISM","1","Water",NA,60,"MG/L",NA,NA,NA,NA,2,NA,1,2,"VP","PARTNTID",NA,NA
"901",999,"GCWD","GCWD.GENFOR10.77","07/29/2013","12:00:00","TDS.1","M1",4930,"CMC","NTWQM",2013-07-29 12:00:00,0.1,"ISM","1","Water",NA,40,"MG/L",NA,NA,NA,NA,2,NA,1,1,"S","PARTNTID",NA,NA
"902",999,"GCWD","GCWD.SUNBRA0.76","05/25/2013","12:00:00","TDS.1","M1",5295,"CMC","NTWQM",2013-05-25 12:00:00,0.1,"ISM","1","Water",NA,20,"MG/L",NA,NA,NA,NA,2,NA,1,1,"S","PARTNTID",NA,NA
"903",999,"GCWD","GCWD.UKW029","09/29/2013","12:00:00","TDS.1","M1",5492,"CMC","NTWQM",2013-09-29 12:00:00,0.1,"ISM","1","Water",NA,20,"MG/L",NA,NA,NA,NA,2,NA,1,1,"S","PARTNTID",NA,NA
"904",999,"GCWD","GCWD.UNTBALRUN0.95","10/11/2013","12:00:00","TDS.1","M1",5501,"CMC","NTWQM",2013-10-11 12:00:00,0.1,"ISM","1","Water",NA,130,"MG/L",NA,NA,NA,NA,2,NA,1,1,"S","PARTNTID",NA,NA
"905",999,"GCWD","GCWD.MARCRE6.38","10/11/2013","12:00:00","TDS.1","M1",5437,"CMC","NTWQM",2013-10-11 12:00:00,0.1,"ISM","1","Water",NA,190,"MG/L",NA,NA,NA,NA,2,NA,1,1,"S","PARTNTID",NA,NA
"906",999,"GCWD","GCWD.PAIRUN0.53","10/11/2013","12:00:00","TDS.1","M1",5485,"CMC","NTWQM",2013-10-11 12:00:00,0.1,"ISM","1","Water",NA,50,"MG/L",NA,NA,NA,NA,2,NA,1,1,"S","PARTNTID",NA,NA
"907",999,"GCWD","GCWD.MOOHOLRUN0.06","06/26/2013","12:00:00","TDS.1","M1",5140,"CMC","NTWQM",2013-06-26 12:00:00,0.1,"ISM","1","Water",NA,80,"MG/L",NA,NA,NA,NA,2,NA,1,1,"S","PARTNTID",NA,NA
"908",999,"GCWD","GCWD.SUNBRA0.76","10/14/2013","12:00:00","TDS.1","M1",5298,"CMC","NTWQM",2013-10-14 12:00:00,0.1,"ISM","1","Water",NA,20,"MG/L",NA,NA,NA,NA,2,NA,1,1,"S","PARTNTID",NA,NA
"909",999,"GCWD","GCWD.UKW006","03/10/2013","12:00:00","TDS.1","M1",5313,"CMC","NTWQM",2013-03-10 12:00:00,0.1,"ISM","1","Water",NA,20,"MG/L",NA,NA,NA,NA,2,NA,1,1,"S","PARTNTID",NA,NA
"910",999,"GCWD","GCWD.PHORUN4.36","11/04/2013","12:00:00","TDS.1","M1",5184,"CMC","NTWQM",2013-11-04 12:00:00,0.1,"ISM","1","Water",NA,70,"MG/L",NA,NA,NA,NA,2,NA,1,1,"S","PARTNTID",NA,NA
"911",999,"GCWD","GCWD.SUNBRA0.76","04/02/2013","12:00:00","TDS.1","M1",5294,"CMC","NTWQM",2013-04-02 12:00:00,0.1,"ISM","1","Water",NA,20,"MG/L",NA,NA,NA,NA,2,NA,1,1,"S","PARTNTID",NA,NA
"912",999,"GCWD","GCWD.PHORUN4.36","06/15/2013","12:00:00","TDS.1","M1",5181,"CMC","NTWQM",2013-06-15 12:00:00,0.1,"ISM","1","Water",NA,60,"MG/L",NA,NA,NA,NA,2,NA,1,1,"S","PARTNTID",NA,NA
