"","paramMethod","SOURCE","STATION","SAMPLE_DATE","SAMPLE_TIME","paramCode","SAMPLE_ID","EventId","AGENCY","PROGRAM","DateTime","DEPTH","SAMPLE_TYPE","TIER","Matrix","QUALIFIER","VALUE","UNITS","PROBLEM","LAB","labName","detLimit","qaFlag","COMMENTS","count.x","count.y","LAYER","PROJECT","SampleAnalyticalMethodIdentifier","SubstanceIdentificationName"
"212",189,"ALLARM","ALLARM.LT8","12/06/2013","12:00:00","OP.5","S1",3264,"CMC","NTWQM",2013-12-06 12:00:00,0.1,"D","2","Water",NA,0,"MG/L",NA,"ACARL","ALLARM Community Aquatic Research Laboratory",0.02,2,NA,1,1,"S","PARTNTID","L02 ","PO4F"
"218",189,"ALLARM","ALLARM.LT10","12/06/2013","12:00:00","OP.5","S1",3266,"CMC","NTWQM",2013-12-06 12:00:00,0.1,"D","2","Water",NA,0.01,"MG/L",NA,"ACARL","ALLARM Community Aquatic Research Laboratory",0.02,2,NA,1,2,"VP","PARTNTID","L02 ","PO4F"
"222",189,"ALLARM","ALLARM.LT3","02/15/2013","12:00:00","OP.5","S1",3209,"CMC","NTWQM",2013-02-15 12:00:00,0.1,"D","2","Water",NA,0.015,"MG/L",NA,"ACARL","ALLARM Community Aquatic Research Laboratory",0.02,2,NA,1,1,"S","PARTNTID","L02 ","PO4F"
"226",189,"ALLARM","ALLARM.LT6","12/06/2013","12:00:00","OP.5","S1",3262,"CMC","NTWQM",2013-12-06 12:00:00,0.1,"D","2","Water",NA,0,"MG/L",NA,"ACARL","ALLARM Community Aquatic Research Laboratory",0.02,2,NA,1,1,"S","PARTNTID","L02 ","PO4F"
"232",189,"ALLARM","ALLARM.LT1","02/15/2013","12:00:00","OP.5","S1",3207,"CMC","NTWQM",2013-02-15 12:00:00,0.1,"D","2","Water",NA,0.005,"MG/L",NA,"ACARL","ALLARM Community Aquatic Research Laboratory",0.02,2,NA,1,1,"S","PARTNTID","L02 ","PO4F"
"233",189,"ALLARM","ALLARM.LT9","06/06/2013","12:00:00","OP.5","S1",3235,"CMC","NTWQM",2013-06-06 12:00:00,0.1,"D","2","Water",NA,0.01,"MG/L",NA,"ACARL","ALLARM Community Aquatic Research Laboratory",0.02,2,NA,1,1,"S","PARTNTID","L02 ","PO4F"
"235",189,"ALLARM","ALLARM.LT7","02/15/2013","12:00:00","OP.5","S1",3213,"CMC","NTWQM",2013-02-15 12:00:00,0.1,"D","2","Water",NA,0.005,"MG/L",NA,"ACARL","ALLARM Community Aquatic Research Laboratory",0.02,2,NA,1,1,"S","PARTNTID","L02 ","PO4F"
"246",189,"ALLARM","ALLARM.LT10","12/06/2013","12:00:00","OP.5","S1",3266,"CMC","NTWQM",2013-12-06 12:00:00,0.1,"D","2","Water",NA,0.01,"MG/L",NA,"ACARL","ALLARM Community Aquatic Research Laboratory",0.02,2,NA,1,2,"VP","PARTNTID","L02 ","PO4F"
"253",189,"ALLARM","ALLARM.LT7","08/13/2013","12:00:00","OP.5","S1",3243,"CMC","NTWQM",2013-08-13 12:00:00,0.1,"D","2","Water",NA,0.01,"MG/L",NA,"ACARL","ALLARM Community Aquatic Research Laboratory",0.02,2,NA,1,1,"S","PARTNTID","L02 ","PO4F"
"256",189,"ALLARM","ALLARM.LT5","12/06/2013","12:00:00","OP.5","S1",3261,"CMC","NTWQM",2013-12-06 12:00:00,0.1,"D","2","Water",NA,0,"MG/L",NA,"ACARL","ALLARM Community Aquatic Research Laboratory",0.02,2,NA,1,1,"S","PARTNTID","L02 ","PO4F"
