"","Code","Latitude","Longitude","NameLong","Description","Datum"
"1","ALLARM.LT1",40.17663,-77.18537,"LeTort Spring Run 6.51","LeTort Site 1","NAD83"
"2","ALLARM.LT10",40.23487,-77.14193,"LeTort Spring Run 0.04","LeTort Site 10","NAD83"
"3","ALLARM.LT2",40.17667,-77.18507,"UNT to LeTort Spring Run 0.01","LeTort Site 2","NAD83"
"4","ALLARM.LT3",40.17999,-77.18692,"LeTort Spring Run 6.24","LeTort Site 3","NAD83"
"5","ALLARM.LT4",40.18844,-77.18606,"LeTort Spring Run 5.56","LeTort Site 4","NAD83"
"6","ALLARM.LT5",40.19528,-77.18423,"LeTort Spring Run 5.05","LeTort Site 5","NAD83"
"7","ALLARM.LT6",40.20792,-77.18104,"LeTort Spring Run 4.05","LeTort Site 6","NAD83"
"8","ALLARM.LT7",40.21418,-77.16883,"LeTort Spring Run 3.05","LeTort Site 7","NAD83"
"9","ALLARM.LT8",40.21847,-77.16003,"LeTort Spring Run 2.34","LeTort Site 8","NAD83"
"10","ALLARM.LT9",40.22429,-77.14928,"LeTort Spring Run 1.53","LeTort Site 9","NAD83"
"11","AWA.AS",39.805725,-77.574917,NA,"Aden Spring","NAD83"
"12","AWA.ATAS",39.788233,-77.487814,NA,"AT Antietam Shelter","NAD83"
"13","AWA.B",39.765053,-77.516044,NA,"Brookdale","NAD83"
"14","AWA.BF",39.831244,-77.570878,"Blueberry Farm","Blueberry Farm","NAD83"
"15","AWA.BP",39.724967,-77.588817,"Baumgardner Property","Baumgardner Property","NAD83"
"16","AWA.BR",39.75468,-77.505228,"Bailey's Run","Bailey's Run","NAD83"
"17","AWA.BV",39.720703,-77.500192,"Buena Vista","Buena Vista","NAD83"
"18","AWA.GP",39.731672,-77.540817,"George Property","George Property","NAD83"
"19","AWA.H",39.734247,-77.540569,"Henicle","Henicle","NAD83"
"20","AWA.HB",39.810403,-77.576394,"Hess Benedict","Hess Benedict","NAD83"
"21","AWA.IBR",39.724881,-77.605128,"Iron Bridges Rd","Iron Bridges Rd","NAD83"
"22","AWA.MASP",39.839708,-77.537533,"Mont Alto State Park","Mont Alto State Park","NAD83"
"23","AWA.MR",39.741172,-77.491586,"Mackey Run","Mackey Run","NAD83"
"24","AWA.MRR",39.737619,-77.568983,"Mouth-Red Run","Mouth-Red Run","NAD83"
"25","AWA.ND1",39.786453,-77.602325,"Nicodemus Dam 1","Nicodemus Dam 1","NAD83"
"26","AWA.ND1d",39.786453,-77.602325,"Nicodemus Dam 1 downstream","Nicodemus Dam 1 downstream","NAD83"
"27","AWA.ND2",39.787736,-77.603375,"Nicodemus Dam 2","Nicodemus Dam 2","NAD83"
"28","AWA.ND2u",39.787736,-77.603375,"Nicodemus Dam 2 upstream","Nicodemus Dam 2 upstream","NAD83"
"29","AWA.OCP",39.751283,-77.601036,"Owls Club Picnic","Owls Club Picnic","NAD83"
"30","AWA.R",39.745025,-77.559425,"Renfrew","Renfrew","NAD83"
"31","AWA.RR1",39.739406,-77.481092,NA,"Red Run #1","NAD83"
"32","AWA.RR2",39.741603,-77.491469,NA,"Red Run #2","NAD83"
"33","AWA.RRP",39.740386,-77.519908,NA,"Red Run Park","NAD83"
"34","AWA.TRS",39.764094,-77.607036,NA,"Tick Ridge Springs","NAD83"
"35","AWA.WASD",39.737858,-77.569172,"Unnamed Tributary","WASD Unnamed trib","NAD83"
"36","AWA.WBS",39.853353,-77.517319,"W Branch Source","W Branch Source","NAD83"
"37","AWA.WTMA",39.727578,-77.590798,"WTMA Sewer Plant Trib","WTMA Sewer Plant Trib","NAD83"
"38","GCWD.BALRUN1.44",41.7947,-77.30473,"Baldwin Run 1.44","Baldwin Run 1.44","NAD83"
"39","GCWD.BALRUN4.02",41.81431667,-77.34078,"Baldwin Run 4.02","Baldwin Run 4.02","NAD83"
"40","GCWD.BEEFLARUN0.12",41.72041667,-77.68421667,"Beech Flats Run 0.12","Beech Flats Run 0.12","NAD83"
"41","GCWD.BIGMOORUN5.78",41.7069,-77.97625,"Big Moores Run 5.78","Big Moores Run 5.78","NAD83"
"42","GCWD.CALCRE0.11",41.846317,-77.702733,"California Creek 0.11","California Creek 0.11","NAD83"
"43","GCWD.COWRIV34.68",41.92933,-77.628583,"Cowanesque River 34.68","Cowanesque River 34.68","NAD83"
"44","GCWD.CROCRE13.23",41.84242,-77.27702,"Crooked Creek 12.23","Crooked Creek 12.23","NAD83"
"45","GCWD.DODHOLRUN0.32",41.9225,-77.62645,"Dodge Hollow Run 0.32","Dodge Hollow Run 0.32","NAD83"
"46","GCWD.GENFOR10.77",41.84637,-77.7018,"Genesee Forks 10.77","Genesee Forks 10.77","NAD83"
"47","GCWD.GERBRA4.32",41.64688889,-77.65480556,"Germania Branch 4.32","Germania Branch 4.32","NAD83"
"48","GCWD.HEIRUN0.01",41.77267,-77.3549,"Heise Run 0.01","Heise Run 0.01","NAD83"
"49","GCWD.HEIRUN1.68",41.75006667,-77.34817,"Heise Run 1.68","Heise Run 1.68","NAD83"
"50","GCWD.LICRUN0.19",41.74223333,-77.53732,"Lick Run 0.19","Lick Run 0.19","NAD83"
"51","GCWD.LITPHORUN0.02",41.81168,-77.62345,"Little Phoenix Run 0.02","Little Phoenix Run 0.02","NAD83"
"52","GCWD.MARCRE0.05",41.94638,-77.685317,"Marsh Creek 0.05","Marsh Creek 0.05","NAD83"
"53","GCWD.MARCRE10.99",41.77943,-77.31009,"Marsh Creek 10.99","Marsh Creek 10.99","NAD83"
"54","GCWD.MARCRE6.38",41.772838,-77.35508,"Marsh Creek 6.38","Marsh Creek 6.38","NAD83"
"55","GCWD.MILRUN0.01",41.75211667,-77.50378,"Mill Run 0.01","Mill Run 0.01","NAD83"
"56","GCWD.MOOHOLRUN0.06",41.91678333,-77.62438333,"Moore Hollow Run 0.06","Moore Hollow Run 0.06","NAD83"
"57","GCWD.NORBRACOWRIV0.04",41.94142,-77.64935,"North Branch Cowanesque River 0.94","North Branch Cowanesque River 0.94","NAD83"
"58","GCWD.PAIRUN0.53",41.74135,-77.49783,"Painter Run 0.53","Painter Run 0.53","NAD83"
"59","GCWD.PHORUN4.36",41.79868333,-77.61605,"Phoenix Run 4.36","Phoenix Run 4.36","NAD83"
"60","GCWD.PHORUN7.54",41.8358,-77.63815,"Phoenix Run 7.54","Phoenix Run 7.54","NAD83"
"61","GCWD.PINCRE64.20",41.75203333,-77.5038,"Pine Creek 64.20","Pine Creek 64.20","NAD83"
"62","GCWD.PINCRE64.21",41.75211667,-77.50397,"Pine Creek 64.21","Pine Creek 64.21","NAD83"
"63","GCWD.SOUBRAPINCRE0.17",41.732133,-77.64145,"South Branch Pine Creek 0.17","South Branch Pine Creek 0.17","NAD83"
"64","GCWD.SUNBRA0.76",41.68773333,-77.801,"Sunken Branch 0.76","Sunken Branch 0.76","NAD83"
"65","GCWD.UKW006",41.70792,-77.693633,"Unknown Water 006","Unknown Water 006","NAD83"
"66","GCWD.UKW029",41.80456667,-77.29553,"Unknown Water 029","Unknown Water 029","NAD83"
"67","GCWD.UKW030",41.81018333,-77.28352,"Unknown Water 030","Unknown Water 030","NAD83"
"68","GCWD.UNTBALRUN0.23",41.79036667,-77.30237,"UNT Baldwin Run 0.23","UNT Baldwin Run 0.23","NAD83"
"69","GCWD.UNTBALRUN0.95",41.797433,-77.29553,"UNT Baldwin Run 0.95","UNT Baldwin Run 0.95","NAD83"
"70","GCWD.UNTBALRUN2.17",41.8107,-77.28607,"UNT Baldwin Run 2.17","UNT Baldwin Run 2.17","NAD83"
"71","GCWD.UNTBALRUN2.18",41.80983333,-77.28518,"UNT Baldwin Run 2.18","UNT Baldwin Run 2.17","NAD83"
"72","GCWD.UNTCOWRIV0.33",41.90963,-77.612,"UNT Cowanesque River 0.33","UNT Cowanesque River (Teed Hollow) 0.33","NAD83"
"73","GCWD.UNTNORBRO0.71",41.82465,-77.2801,"UNT Norris Brook 0.71","UNT Norris Brook 0.71","NAD83"
