"","paramMethod","SOURCE","STATION","SAMPLE_DATE","SAMPLE_TIME","paramCode","SAMPLE_ID","EventId","AGENCY","PROGRAM","DateTime","DEPTH","SAMPLE_TYPE","TIER","Matrix","QUALIFIER","VALUE","UNITS","PROBLEM","LAB","labName","detLimit","qaFlag","COMMENTS","count.x","count.y","LAYER","PROJECT","SampleAnalyticalMethodIdentifier","SubstanceIdentificationName"
"400",999,"ALLARM","ALLARM.LT1","11/09/1996","12:00:00","TDS.1","M1",998,"CMC","NTWQM",1996-11-09 12:00:00,0.1,"ISM",1,"Water",NA,270,"MG/L",NA,NA,NA,NA,2,NA,1,1,"S","PARTNTID",NA,NA
"401",999,"ALLARM","ALLARM.LT7","09/13/1996","12:00:00","TDS.1","M1",984,"CMC","NTWQM",1996-09-13 12:00:00,0.1,"ISM",1,"Water",NA,320,"MG/L",NA,NA,NA,NA,2,NA,1,1,"S","PARTNTID",NA,NA
"402",999,"ALLARM","ALLARM.LT5","05/04/1996","12:00:00","TDS.1","M1",942,"CMC","NTWQM",1996-05-04 12:00:00,0.1,"ISM",1,"Water",NA,360,"MG/L",NA,NA,NA,NA,2,NA,1,1,"S","PARTNTID",NA,NA
"403",999,"ALLARM","ALLARM.LT2","09/13/1996","12:00:00","TDS.1","M1",979,"CMC","NTWQM",1996-09-13 12:00:00,0.1,"ISM",1,"Water",NA,280,"MG/L",NA,NA,NA,NA,2,NA,1,1,"S","PARTNTID",NA,NA
"404",999,"ALLARM","ALLARM.LT1","05/04/1996","12:00:00","TDS.1","M1",938,"CMC","NTWQM",1996-05-04 12:00:00,0.1,"ISM",1,"Water",NA,310,"MG/L",NA,NA,NA,NA,2,NA,1,1,"S","PARTNTID",NA,NA
"405",999,"ALLARM","ALLARM.LT3","08/10/1996","12:00:00","TDS.1","M1",970,"CMC","NTWQM",1996-08-10 12:00:00,0.1,"ISM",1,"Water",NA,280,"MG/L",NA,NA,NA,NA,2,NA,1,1,"S","PARTNTID",NA,NA
"406",999,"ALLARM","ALLARM.LT1","12/15/1996","12:00:00","TDS.1","M1",1008,"CMC","NTWQM",1996-12-15 12:00:00,0.1,"ISM",1,"Water",NA,290,"MG/L",NA,NA,NA,NA,2,NA,1,1,"S","PARTNTID",NA,NA
"407",999,"ALLARM","ALLARM.LT7","10/14/1996","12:00:00","TDS.1","M1",994,"CMC","NTWQM",1996-10-14 12:00:00,0.1,"ISM",1,"Water",NA,350,"MG/L",NA,NA,NA,NA,2,NA,1,1,"S","PARTNTID",NA,NA
"408",999,"ALLARM","ALLARM.LT5","06/08/1996","12:00:00","TDS.1","M1",952,"CMC","NTWQM",1996-06-08 12:00:00,0.1,"ISM",1,"Water",NA,330,"MG/L",NA,NA,NA,NA,2,NA,1,1,"S","PARTNTID",NA,NA
"409",999,"ALLARM","ALLARM.LT2","10/14/1996","12:00:00","TDS.1","M1",989,"CMC","NTWQM",1996-10-14 12:00:00,0.1,"ISM",1,"Water",NA,310,"MG/L",NA,NA,NA,NA,2,NA,1,1,"S","PARTNTID",NA,NA
"410",999,"ALLARM","ALLARM.LT1","06/08/1996","12:00:00","TDS.1","M1",948,"CMC","NTWQM",1996-06-08 12:00:00,0.1,"ISM",1,"Water",NA,320,"MG/L",NA,NA,NA,NA,2,NA,1,1,"S","PARTNTID",NA,NA
"411",999,"ALLARM","ALLARM.LT3","09/13/1996","12:00:00","TDS.1","M1",980,"CMC","NTWQM",1996-09-13 12:00:00,0.1,"ISM",1,"Water",NA,300,"MG/L",NA,NA,NA,NA,2,NA,1,1,"S","PARTNTID",NA,NA
"412",999,"ALLARM","ALLARM.LT10","05/04/1996","12:00:00","TDS.1","M1",947,"CMC","NTWQM",1996-05-04 12:00:00,0.1,"ISM",1,"Water",NA,410,"MG/L",NA,NA,NA,NA,2,NA,1,1,"S","PARTNTID",NA,NA
"413",999,"ALLARM","ALLARM.LT7","11/09/1996","12:00:00","TDS.1","M1",1004,"CMC","NTWQM",1996-11-09 12:00:00,0.1,"ISM",1,"Water",NA,340,"MG/L",NA,NA,NA,NA,2,NA,1,1,"S","PARTNTID",NA,NA
"414",999,"ALLARM","ALLARM.LT5","07/14/1996","12:00:00","TDS.1","M1",962,"CMC","NTWQM",1996-07-14 12:00:00,0.1,"ISM",1,"Water",NA,290,"MG/L",NA,NA,NA,NA,2,NA,1,1,"S","PARTNTID",NA,NA
"415",999,"ALLARM","ALLARM.LT2","11/09/1996","12:00:00","TDS.1","M1",999,"CMC","NTWQM",1996-11-09 12:00:00,0.1,"ISM",1,"Water",NA,270,"MG/L",NA,NA,NA,NA,2,NA,1,1,"S","PARTNTID",NA,NA
"416",999,"ALLARM","ALLARM.LT1","07/14/1996","12:00:00","TDS.1","M1",958,"CMC","NTWQM",1996-07-14 12:00:00,0.1,"ISM",1,"Water",NA,260,"MG/L",NA,NA,NA,NA,2,NA,1,1,"S","PARTNTID",NA,NA
"417",999,"ALLARM","ALLARM.LT3","10/14/1996","12:00:00","TDS.1","M1",990,"CMC","NTWQM",1996-10-14 12:00:00,0.1,"ISM",1,"Water",NA,320,"MG/L",NA,NA,NA,NA,2,NA,1,1,"S","PARTNTID",NA,NA
"418",999,"ALLARM","ALLARM.LT10","06/08/1996","12:00:00","TDS.1","M1",957,"CMC","NTWQM",1996-06-08 12:00:00,0.1,"ISM",1,"Water",NA,370,"MG/L",NA,NA,NA,NA,2,NA,1,1,"S","PARTNTID",NA,NA
"419",999,"ALLARM","ALLARM.LT7","12/15/1996","12:00:00","TDS.1","M1",1014,"CMC","NTWQM",1996-12-15 12:00:00,0.1,"ISM",1,"Water",NA,380,"MG/L",NA,NA,NA,NA,2,NA,1,1,"S","PARTNTID",NA,NA
"420",999,"ALLARM","ALLARM.LT5","08/10/1996","12:00:00","TDS.1","M1",972,"CMC","NTWQM",1996-08-10 12:00:00,0.1,"ISM",1,"Water",NA,300,"MG/L",NA,NA,NA,NA,2,NA,1,1,"S","PARTNTID",NA,NA
"421",999,"ALLARM","ALLARM.LT2","12/15/1996","12:00:00","TDS.1","M1",1009,"CMC","NTWQM",1996-12-15 12:00:00,0.1,"ISM",1,"Water",NA,300,"MG/L",NA,NA,NA,NA,2,NA,1,1,"S","PARTNTID",NA,NA
"422",999,"ALLARM","ALLARM.LT1","08/10/1996","12:00:00","TDS.1","M1",968,"CMC","NTWQM",1996-08-10 12:00:00,0.1,"ISM",1,"Water",NA,260,"MG/L",NA,NA,NA,NA,2,NA,1,1,"S","PARTNTID",NA,NA
"423",999,"ALLARM","ALLARM.LT3","11/09/1996","12:00:00","TDS.1","M1",1000,"CMC","NTWQM",1996-11-09 12:00:00,0.1,"ISM",1,"Water",NA,290,"MG/L",NA,NA,NA,NA,2,NA,1,1,"S","PARTNTID",NA,NA
"424",999,"ALLARM","ALLARM.LT10","07/14/1996","12:00:00","TDS.1","M1",967,"CMC","NTWQM",1996-07-14 12:00:00,0.1,"ISM",1,"Water",NA,380,"MG/L",NA,NA,NA,NA,2,NA,1,1,"S","PARTNTID",NA,NA
"425",999,"ALLARM","ALLARM.LT8","05/04/1996","12:00:00","TDS.1","M1",945,"CMC","NTWQM",1996-05-04 12:00:00,0.1,"ISM",1,"Water",NA,400,"MG/L",NA,NA,NA,NA,2,NA,1,1,"S","PARTNTID",NA,NA
"426",999,"ALLARM","ALLARM.LT5","09/13/1996","12:00:00","TDS.1","M1",982,"CMC","NTWQM",1996-09-13 12:00:00,0.1,"ISM",1,"Water",NA,310,"MG/L",NA,NA,NA,NA,2,NA,1,1,"S","PARTNTID",NA,NA
"427",999,"ALLARM","ALLARM.LT3","05/04/1996","12:00:00","TDS.1","M1",940,"CMC","NTWQM",1996-05-04 12:00:00,0.1,"ISM",1,"Water",NA,310,"MG/L",NA,NA,NA,NA,2,NA,1,1,"S","PARTNTID",NA,NA
"428",999,"ALLARM","ALLARM.LT1","09/13/1996","12:00:00","TDS.1","M1",978,"CMC","NTWQM",1996-09-13 12:00:00,0.1,"ISM",1,"Water",NA,280,"MG/L",NA,NA,NA,NA,2,NA,1,1,"S","PARTNTID",NA,NA
"429",999,"ALLARM","ALLARM.LT3","12/15/1996","12:00:00","TDS.1","M1",1010,"CMC","NTWQM",1996-12-15 12:00:00,0.1,"ISM",1,"Water",NA,320,"MG/L",NA,NA,NA,NA,2,NA,1,1,"S","PARTNTID",NA,NA
"430",999,"ALLARM","ALLARM.LT10","08/10/1996","12:00:00","TDS.1","M1",977,"CMC","NTWQM",1996-08-10 12:00:00,0.1,"ISM",1,"Water",NA,400,"MG/L",NA,NA,NA,NA,2,NA,1,1,"S","PARTNTID",NA,NA
"431",999,"ALLARM","ALLARM.LT8","06/08/1996","12:00:00","TDS.1","M1",955,"CMC","NTWQM",1996-06-08 12:00:00,0.1,"ISM",1,"Water",NA,350,"MG/L",NA,NA,NA,NA,2,NA,1,1,"S","PARTNTID",NA,NA
"432",999,"ALLARM","ALLARM.LT5","10/14/1996","12:00:00","TDS.1","M1",992,"CMC","NTWQM",1996-10-14 12:00:00,0.1,"ISM",1,"Water",NA,340,"MG/L",NA,NA,NA,NA,2,NA,1,1,"S","PARTNTID",NA,NA
"433",999,"ALLARM","ALLARM.LT3","06/08/1996","12:00:00","TDS.1","M1",950,"CMC","NTWQM",1996-06-08 12:00:00,0.1,"ISM",1,"Water",NA,330,"MG/L",NA,NA,NA,NA,2,NA,1,1,"S","PARTNTID",NA,NA
"434",999,"ALLARM","ALLARM.LT1","10/14/1996","12:00:00","TDS.1","M1",988,"CMC","NTWQM",1996-10-14 12:00:00,0.1,"ISM",1,"Water",NA,300,"MG/L",NA,NA,NA,NA,2,NA,1,1,"S","PARTNTID",NA,NA
"435",999,"ALLARM","ALLARM.LT4","05/04/1996","12:00:00","TDS.1","M1",941,"CMC","NTWQM",1996-05-04 12:00:00,0.1,"ISM",1,"Water",NA,360,"MG/L",NA,NA,NA,NA,2,NA,1,1,"S","PARTNTID",NA,NA
"436",999,"ALLARM","ALLARM.LT10","09/13/1996","12:00:00","TDS.1","M1",987,"CMC","NTWQM",1996-09-13 12:00:00,0.1,"ISM",1,"Water",NA,360,"MG/L",NA,NA,NA,NA,2,NA,1,1,"S","PARTNTID",NA,NA
"437",999,"ALLARM","ALLARM.LT8","07/14/1996","12:00:00","TDS.1","M1",965,"CMC","NTWQM",1996-07-14 12:00:00,0.1,"ISM",1,"Water",NA,360,"MG/L",NA,NA,NA,NA,2,NA,1,1,"S","PARTNTID",NA,NA
"438",999,"ALLARM","ALLARM.LT5","11/09/1996","12:00:00","TDS.1","M1",1002,"CMC","NTWQM",1996-11-09 12:00:00,0.1,"ISM",1,"Water",NA,320,"MG/L",NA,NA,NA,NA,2,NA,1,1,"S","PARTNTID",NA,NA
"439",999,"ALLARM","ALLARM.LT3","07/14/1996","12:00:00","TDS.1","M1",960,"CMC","NTWQM",1996-07-14 12:00:00,0.1,"ISM",1,"Water",NA,280,"MG/L",NA,NA,NA,NA,2,NA,1,1,"S","PARTNTID",NA,NA
"440",999,"ALLARM","ALLARM.LT6","10/14/1996","12:00:00","TDS.1","M1",993,"CMC","NTWQM",1996-10-14 12:00:00,0.1,"ISM",1,"Water",NA,350,"MG/L",NA,NA,NA,NA,2,NA,1,1,"S","PARTNTID",NA,NA
"441",999,"ALLARM","ALLARM.LT4","06/08/1996","12:00:00","TDS.1","M1",951,"CMC","NTWQM",1996-06-08 12:00:00,0.1,"ISM",1,"Water",NA,320,"MG/L",NA,NA,NA,NA,2,NA,1,1,"S","PARTNTID",NA,NA
"442",999,"ALLARM","ALLARM.LT10","10/14/1996","12:00:00","TDS.1","M1",997,"CMC","NTWQM",1996-10-14 12:00:00,0.1,"ISM",1,"Water",NA,430,"MG/L",NA,NA,NA,NA,2,NA,1,1,"S","PARTNTID",NA,NA
"443",999,"ALLARM","ALLARM.LT8","08/10/1996","12:00:00","TDS.1","M1",975,"CMC","NTWQM",1996-08-10 12:00:00,0.1,"ISM",1,"Water",NA,350,"MG/L",NA,NA,NA,NA,2,NA,1,1,"S","PARTNTID",NA,NA
"444",999,"ALLARM","ALLARM.LT5","12/15/1996","12:00:00","TDS.1","M1",1012,"CMC","NTWQM",1996-12-15 12:00:00,0.1,"ISM",1,"Water",NA,370,"MG/L",NA,NA,NA,NA,2,NA,1,1,"S","PARTNTID",NA,NA
"445",999,"ALLARM","ALLARM.LT7","05/04/1996","12:00:00","TDS.1","M1",944,"CMC","NTWQM",1996-05-04 12:00:00,0.1,"ISM",1,"Water",NA,390,"MG/L",NA,NA,NA,NA,2,NA,1,1,"S","PARTNTID",NA,NA
"446",999,"ALLARM","ALLARM.LT6","11/09/1996","12:00:00","TDS.1","M1",1003,"CMC","NTWQM",1996-11-09 12:00:00,0.1,"ISM",1,"Water",NA,310,"MG/L",NA,NA,NA,NA,2,NA,1,1,"S","PARTNTID",NA,NA
"447",999,"ALLARM","ALLARM.LT4","07/14/1996","12:00:00","TDS.1","M1",961,"CMC","NTWQM",1996-07-14 12:00:00,0.1,"ISM",1,"Water",NA,300,"MG/L",NA,NA,NA,NA,2,NA,1,1,"S","PARTNTID",NA,NA
"448",999,"ALLARM","ALLARM.LT10","11/09/1996","12:00:00","TDS.1","M1",1007,"CMC","NTWQM",1996-11-09 12:00:00,0.1,"ISM",1,"Water",NA,360,"MG/L",NA,NA,NA,NA,2,NA,1,1,"S","PARTNTID",NA,NA
"449",999,"ALLARM","ALLARM.LT8","09/13/1996","12:00:00","TDS.1","M1",985,"CMC","NTWQM",1996-09-13 12:00:00,0.1,"ISM",1,"Water",NA,340,"MG/L",NA,NA,NA,NA,2,NA,1,1,"S","PARTNTID",NA,NA
"450",999,"ALLARM","ALLARM.LT6","05/04/1996","12:00:00","TDS.1","M1",943,"CMC","NTWQM",1996-05-04 12:00:00,0.1,"ISM",1,"Water",NA,360,"MG/L",NA,NA,NA,NA,2,NA,1,1,"S","PARTNTID",NA,NA
"451",999,"ALLARM","ALLARM.LT7","06/08/1996","12:00:00","TDS.1","M1",954,"CMC","NTWQM",1996-06-08 12:00:00,0.1,"ISM",1,"Water",NA,320,"MG/L",NA,NA,NA,NA,2,NA,1,1,"S","PARTNTID",NA,NA
"452",999,"ALLARM","ALLARM.LT6","12/15/1996","12:00:00","TDS.1","M1",1013,"CMC","NTWQM",1996-12-15 12:00:00,0.1,"ISM",1,"Water",NA,350,"MG/L",NA,NA,NA,NA,2,NA,1,1,"S","PARTNTID",NA,NA
"453",999,"ALLARM","ALLARM.LT4","08/10/1996","12:00:00","TDS.1","M1",971,"CMC","NTWQM",1996-08-10 12:00:00,0.1,"ISM",1,"Water",NA,300,"MG/L",NA,NA,NA,NA,2,NA,1,1,"S","PARTNTID",NA,NA
"454",999,"ALLARM","ALLARM.LT10","12/15/1996","12:00:00","TDS.1","M1",1017,"CMC","NTWQM",1996-12-15 12:00:00,0.1,"ISM",1,"Water",NA,430,"MG/L",NA,NA,NA,NA,2,NA,1,1,"S","PARTNTID",NA,NA
"455",999,"ALLARM","ALLARM.LT8","10/14/1996","12:00:00","TDS.1","M1",995,"CMC","NTWQM",1996-10-14 12:00:00,0.1,"ISM",1,"Water",NA,370,"MG/L",NA,NA,NA,NA,2,NA,1,1,"S","PARTNTID",NA,NA
"456",999,"ALLARM","ALLARM.LT6","06/08/1996","12:00:00","TDS.1","M1",953,"CMC","NTWQM",1996-06-08 12:00:00,0.1,"ISM",1,"Water",NA,350,"MG/L",NA,NA,NA,NA,2,NA,1,1,"S","PARTNTID",NA,NA
"457",999,"ALLARM","ALLARM.LT7","07/14/1996","12:00:00","TDS.1","M1",964,"CMC","NTWQM",1996-07-14 12:00:00,0.1,"ISM",1,"Water",NA,340,"MG/L",NA,NA,NA,NA,2,NA,1,1,"S","PARTNTID",NA,NA
"458",999,"ALLARM","ALLARM.LT4","11/09/1996","12:00:00","TDS.1","M1",1001,"CMC","NTWQM",1996-11-09 12:00:00,0.1,"ISM",1,"Water",NA,300,"MG/L",NA,NA,NA,NA,2,NA,1,1,"S","PARTNTID",NA,NA
"459",999,"ALLARM","ALLARM.LT4","09/13/1996","12:00:00","TDS.1","M1",981,"CMC","NTWQM",1996-09-13 12:00:00,0.1,"ISM",1,"Water",NA,300,"MG/L",NA,NA,NA,NA,2,NA,1,1,"S","PARTNTID",NA,NA
"460",999,"ALLARM","ALLARM.LT2","05/04/1996","12:00:00","TDS.1","M1",939,"CMC","NTWQM",1996-05-04 12:00:00,0.1,"ISM",1,"Water",NA,300,"MG/L",NA,NA,NA,NA,2,NA,1,1,"S","PARTNTID",NA,NA
"461",999,"ALLARM","ALLARM.LT8","11/09/1996","12:00:00","TDS.1","M1",1005,"CMC","NTWQM",1996-11-09 12:00:00,0.1,"ISM",1,"Water",NA,340,"MG/L",NA,NA,NA,NA,2,NA,1,1,"S","PARTNTID",NA,NA
"462",999,"ALLARM","ALLARM.LT6","07/14/1996","12:00:00","TDS.1","M1",963,"CMC","NTWQM",1996-07-14 12:00:00,0.1,"ISM",1,"Water",NA,320,"MG/L",NA,NA,NA,NA,2,NA,1,1,"S","PARTNTID",NA,NA
"463",999,"ALLARM","ALLARM.LT7","08/10/1996","12:00:00","TDS.1","M1",974,"CMC","NTWQM",1996-08-10 12:00:00,0.1,"ISM",1,"Water",NA,320,"MG/L",NA,NA,NA,NA,2,NA,1,1,"S","PARTNTID",NA,NA
"464",999,"ALLARM","ALLARM.LT4","12/15/1996","12:00:00","TDS.1","M1",1011,"CMC","NTWQM",1996-12-15 12:00:00,0.1,"ISM",1,"Water",NA,340,"MG/L",NA,NA,NA,NA,2,NA,1,1,"S","PARTNTID",NA,NA
"465",999,"ALLARM","ALLARM.LT4","10/14/1996","12:00:00","TDS.1","M1",991,"CMC","NTWQM",1996-10-14 12:00:00,0.1,"ISM",1,"Water",NA,340,"MG/L",NA,NA,NA,NA,2,NA,1,1,"S","PARTNTID",NA,NA
"466",999,"ALLARM","ALLARM.LT2","06/08/1996","12:00:00","TDS.1","M1",949,"CMC","NTWQM",1996-06-08 12:00:00,0.1,"ISM",1,"Water",NA,330,"MG/L",NA,NA,NA,NA,2,NA,1,1,"S","PARTNTID",NA,NA
"467",999,"ALLARM","ALLARM.LT8","12/15/1996","12:00:00","TDS.1","M1",1015,"CMC","NTWQM",1996-12-15 12:00:00,0.1,"ISM",1,"Water",NA,390,"MG/L",NA,NA,NA,NA,2,NA,1,1,"S","PARTNTID",NA,NA
"468",999,"ALLARM","ALLARM.LT6","08/10/1996","12:00:00","TDS.1","M1",973,"CMC","NTWQM",1996-08-10 12:00:00,0.1,"ISM",1,"Water",NA,310,"MG/L",NA,NA,NA,NA,2,NA,1,1,"S","PARTNTID",NA,NA
"469",999,"ALLARM","ALLARM.LT9","11/09/1996","12:00:00","TDS.1","M1",1006,"CMC","NTWQM",1996-11-09 12:00:00,0.1,"ISM",1,"Water",NA,350,"MG/L",NA,NA,NA,NA,2,NA,1,1,"S","PARTNTID",NA,NA
"470",999,"ALLARM","ALLARM.LT9","09/13/1996","12:00:00","TDS.1","M1",986,"CMC","NTWQM",1996-09-13 12:00:00,0.1,"ISM",1,"Water",NA,310,"MG/L",NA,NA,NA,NA,2,NA,1,1,"S","PARTNTID",NA,NA
"471",999,"ALLARM","ALLARM.LT9","07/14/1996","12:00:00","TDS.1","M1",966,"CMC","NTWQM",1996-07-14 12:00:00,0.1,"ISM",1,"Water",NA,380,"MG/L",NA,NA,NA,NA,2,NA,1,1,"S","PARTNTID",NA,NA
"472",999,"ALLARM","ALLARM.LT9","05/04/1996","12:00:00","TDS.1","M1",946,"CMC","NTWQM",1996-05-04 12:00:00,0.1,"ISM",1,"Water",NA,390,"MG/L",NA,NA,NA,NA,2,NA,1,1,"S","PARTNTID",NA,NA
"473",999,"ALLARM","ALLARM.LT2","07/14/1996","12:00:00","TDS.1","M1",959,"CMC","NTWQM",1996-07-14 12:00:00,0.1,"ISM",1,"Water",NA,270,"MG/L",NA,NA,NA,NA,2,NA,1,1,"S","PARTNTID",NA,NA
"474",999,"ALLARM","ALLARM.LT6","09/13/1996","12:00:00","TDS.1","M1",983,"CMC","NTWQM",1996-09-13 12:00:00,0.1,"ISM",1,"Water",NA,330,"MG/L",NA,NA,NA,NA,2,NA,1,1,"S","PARTNTID",NA,NA
"475",999,"ALLARM","ALLARM.LT9","12/15/1996","12:00:00","TDS.1","M1",1016,"CMC","NTWQM",1996-12-15 12:00:00,0.1,"ISM",1,"Water",NA,390,"MG/L",NA,NA,NA,NA,2,NA,1,1,"S","PARTNTID",NA,NA
"476",999,"ALLARM","ALLARM.LT9","10/14/1996","12:00:00","TDS.1","M1",996,"CMC","NTWQM",1996-10-14 12:00:00,0.1,"ISM",1,"Water",NA,400,"MG/L",NA,NA,NA,NA,2,NA,1,1,"S","PARTNTID",NA,NA
"477",999,"ALLARM","ALLARM.LT9","08/10/1996","12:00:00","TDS.1","M1",976,"CMC","NTWQM",1996-08-10 12:00:00,0.1,"ISM",1,"Water",NA,360,"MG/L",NA,NA,NA,NA,2,NA,1,1,"S","PARTNTID",NA,NA
"478",999,"ALLARM","ALLARM.LT9","06/08/1996","12:00:00","TDS.1","M1",956,"CMC","NTWQM",1996-06-08 12:00:00,0.1,"ISM",1,"Water",NA,340,"MG/L",NA,NA,NA,NA,2,NA,1,1,"S","PARTNTID",NA,NA
"479",999,"ALLARM","ALLARM.LT2","08/10/1996","12:00:00","TDS.1","M1",969,"CMC","NTWQM",1996-08-10 12:00:00,0.1,"ISM",1,"Water",NA,270,"MG/L",NA,NA,NA,NA,2,NA,1,1,"S","PARTNTID",NA,NA
