"","paramMethod","SOURCE","STATION","SAMPLE_DATE","SAMPLE_TIME","paramCode","SAMPLE_ID","EventId","AGENCY","PROGRAM","DateTime","DEPTH","SAMPLE_TYPE","TIER","Matrix","QUALIFIER","VALUE","UNITS","PROBLEM","LAB","labName","detLimit","qaFlag","COMMENTS","count.x","count.y","LAYER","PROJECT","SampleAnalyticalMethodIdentifier","SubstanceIdentificationName"
"245",189,"ALLARM","ALLARM.LT1","12/15/1996","12:00:00","OP.5","S1",1008,"CMC","NTWQM",1996-12-15 12:00:00,0.1,"D",2,"Water",NA,0,"MG/L",NA,"ACARL","ALLARM Community Aquatic Research Laboratory",0.02,2,NA,1,1,"S","PARTNTID","L02 ","PO4F"
"247",189,"ALLARM","ALLARM.LT1","10/14/1996","12:00:00","OP.5","S1",988,"CMC","NTWQM",1996-10-14 12:00:00,0.1,"D",2,"Water",NA,0,"MG/L",NA,"ACARL","ALLARM Community Aquatic Research Laboratory",0.02,2,NA,1,1,"S","PARTNTID","L02 ","PO4F"
"250",189,"ALLARM","ALLARM.LT2","10/14/1996","12:00:00","OP.5","S1",989,"CMC","NTWQM",1996-10-14 12:00:00,0.1,"D",2,"Water",NA,0,"MG/L",NA,"ACARL","ALLARM Community Aquatic Research Laboratory",0.02,2,NA,1,1,"S","PARTNTID","L02 ","PO4F"
"252",189,"ALLARM","ALLARM.LT5","11/09/1996","12:00:00","OP.5","S1",1002,"CMC","NTWQM",1996-11-09 12:00:00,0.1,"D",2,"Water",NA,0,"MG/L",NA,"ACARL","ALLARM Community Aquatic Research Laboratory",0.02,2,NA,1,1,"S","PARTNTID","L02 ","PO4F"
"253",189,"ALLARM","ALLARM.LT1","11/09/1996","12:00:00","OP.5","S1",998,"CMC","NTWQM",1996-11-09 12:00:00,0.1,"D",2,"Water",NA,0,"MG/L",NA,"ACARL","ALLARM Community Aquatic Research Laboratory",0.02,2,NA,1,1,"S","PARTNTID","L02 ","PO4F"
"255",189,"ALLARM","ALLARM.LT1","07/14/1996","12:00:00","OP.5","S1",958,"CMC","NTWQM",1996-07-14 12:00:00,0.1,"D",2,"Water",NA,0,"MG/L",NA,"ACARL","ALLARM Community Aquatic Research Laboratory",0.02,2,NA,1,1,"S","PARTNTID","L02 ","PO4F"
"256",189,"ALLARM","ALLARM.LT2","11/09/1996","12:00:00","OP.5","S1",999,"CMC","NTWQM",1996-11-09 12:00:00,0.1,"D",2,"Water",NA,0,"MG/L",NA,"ACARL","ALLARM Community Aquatic Research Laboratory",0.02,2,NA,1,1,"S","PARTNTID","L02 ","PO4F"
"258",189,"ALLARM","ALLARM.LT5","12/15/1996","12:00:00","OP.5","S1",1012,"CMC","NTWQM",1996-12-15 12:00:00,0.1,"D",2,"Water",NA,0,"MG/L",NA,"ACARL","ALLARM Community Aquatic Research Laboratory",0.02,2,NA,1,1,"S","PARTNTID","L02 ","PO4F"
"261",189,"ALLARM","ALLARM.LT7","10/14/1996","12:00:00","OP.5","S1",994,"CMC","NTWQM",1996-10-14 12:00:00,0.1,"D",2,"Water",NA,0,"MG/L",NA,"ACARL","ALLARM Community Aquatic Research Laboratory",0.02,2,NA,1,1,"S","PARTNTID","L02 ","PO4F"
"262",189,"ALLARM","ALLARM.LT2","12/15/1996","12:00:00","OP.5","S1",1009,"CMC","NTWQM",1996-12-15 12:00:00,0.1,"D",2,"Water",NA,0,"MG/L",NA,"ACARL","ALLARM Community Aquatic Research Laboratory",0.02,2,NA,1,1,"S","PARTNTID","L02 ","PO4F"
"267",189,"ALLARM","ALLARM.LT7","11/09/1996","12:00:00","OP.5","S1",1004,"CMC","NTWQM",1996-11-09 12:00:00,0.1,"D",2,"Water",NA,0,"MG/L",NA,"ACARL","ALLARM Community Aquatic Research Laboratory",0.02,2,NA,1,1,"S","PARTNTID","L02 ","PO4F"
"270",189,"ALLARM","ALLARM.LT3","12/15/1996","12:00:00","OP.5","S1",1010,"CMC","NTWQM",1996-12-15 12:00:00,0.1,"D",2,"Water",NA,0,"MG/L",NA,"ACARL","ALLARM Community Aquatic Research Laboratory",0.02,2,NA,1,1,"S","PARTNTID","L02 ","PO4F"
"271",189,"ALLARM","ALLARM.LT3","10/14/1996","12:00:00","OP.5","S1",990,"CMC","NTWQM",1996-10-14 12:00:00,0.1,"D",2,"Water",NA,0,"MG/L",NA,"ACARL","ALLARM Community Aquatic Research Laboratory",0.02,2,NA,1,1,"S","PARTNTID","L02 ","PO4F"
"273",189,"ALLARM","ALLARM.LT5","10/14/1996","12:00:00","OP.5","S1",992,"CMC","NTWQM",1996-10-14 12:00:00,0.1,"D",2,"Water",NA,0,"MG/L",NA,"ACARL","ALLARM Community Aquatic Research Laboratory",0.02,2,NA,1,1,"S","PARTNTID","L02 ","PO4F"
"277",189,"ALLARM","ALLARM.LT3","11/09/1996","12:00:00","OP.5","S1",1000,"CMC","NTWQM",1996-11-09 12:00:00,0.1,"D",2,"Water",NA,0,"MG/L",NA,"ACARL","ALLARM Community Aquatic Research Laboratory",0.02,2,NA,1,1,"S","PARTNTID","L02 ","PO4F"
"282",189,"ALLARM","ALLARM.LT6","10/14/1996","12:00:00","OP.5","S1",993,"CMC","NTWQM",1996-10-14 12:00:00,0.1,"D",2,"Water",NA,0,"MG/L",NA,"ACARL","ALLARM Community Aquatic Research Laboratory",0.02,2,NA,1,1,"S","PARTNTID","L02 ","PO4F"
"288",189,"ALLARM","ALLARM.LT6","11/09/1996","12:00:00","OP.5","S1",1003,"CMC","NTWQM",1996-11-09 12:00:00,0.1,"D",2,"Water",NA,0,"MG/L",NA,"ACARL","ALLARM Community Aquatic Research Laboratory",0.02,2,NA,1,1,"S","PARTNTID","L02 ","PO4F"
"292",189,"ALLARM","ALLARM.LT4","10/14/1996","12:00:00","OP.5","S1",991,"CMC","NTWQM",1996-10-14 12:00:00,0.1,"D",2,"Water",NA,0,"MG/L",NA,"ACARL","ALLARM Community Aquatic Research Laboratory",0.02,2,NA,1,1,"S","PARTNTID","L02 ","PO4F"
"296",189,"ALLARM","ALLARM.LT8","10/14/1996","12:00:00","OP.5","S1",995,"CMC","NTWQM",1996-10-14 12:00:00,0.1,"D",2,"Water",NA,0,"MG/L",NA,"ACARL","ALLARM Community Aquatic Research Laboratory",0.02,2,NA,1,1,"S","PARTNTID","L02 ","PO4F"
"298",189,"ALLARM","ALLARM.LT4","11/09/1996","12:00:00","OP.5","S1",1001,"CMC","NTWQM",1996-11-09 12:00:00,0.1,"D",2,"Water",NA,0,"MG/L",NA,"ACARL","ALLARM Community Aquatic Research Laboratory",0.02,2,NA,1,1,"S","PARTNTID","L02 ","PO4F"
"302",189,"ALLARM","ALLARM.LT8","11/09/1996","12:00:00","OP.5","S1",1005,"CMC","NTWQM",1996-11-09 12:00:00,0.1,"D",2,"Water",NA,0,"MG/L",NA,"ACARL","ALLARM Community Aquatic Research Laboratory",0.02,2,NA,1,1,"S","PARTNTID","L02 ","PO4F"
"303",189,"ALLARM","ALLARM.LT9","10/14/1996","12:00:00","OP.5","S1",996,"CMC","NTWQM",1996-10-14 12:00:00,0.1,"D",2,"Water",NA,0,"MG/L",NA,"ACARL","ALLARM Community Aquatic Research Laboratory",0.02,2,NA,1,1,"S","PARTNTID","L02 ","PO4F"
"304",189,"ALLARM","ALLARM.LT4","12/15/1996","12:00:00","OP.5","S1",1011,"CMC","NTWQM",1996-12-15 12:00:00,0.1,"D",2,"Water",NA,0,"MG/L",NA,"ACARL","ALLARM Community Aquatic Research Laboratory",0.02,2,NA,1,1,"S","PARTNTID","L02 ","PO4F"
"309",189,"ALLARM","ALLARM.LT9","11/09/1996","12:00:00","OP.5","S1",1006,"CMC","NTWQM",1996-11-09 12:00:00,0.1,"D",2,"Water",NA,0,"MG/L",NA,"ACARL","ALLARM Community Aquatic Research Laboratory",0.02,2,NA,1,1,"S","PARTNTID","L02 ","PO4F"
"310",189,"ALLARM","ALLARM.LT10","10/14/1996","12:00:00","OP.5","S1",997,"CMC","NTWQM",1996-10-14 12:00:00,0.1,"D",2,"Water",NA,0,"MG/L",NA,"ACARL","ALLARM Community Aquatic Research Laboratory",0.02,2,NA,1,1,"S","PARTNTID","L02 ","PO4F"
"319",189,"ALLARM","ALLARM.LT10","12/15/1996","12:00:00","OP.5","S1",1017,"CMC","NTWQM",1996-12-15 12:00:00,0.1,"D",2,"Water",NA,0,"MG/L",NA,"ACARL","ALLARM Community Aquatic Research Laboratory",0.02,2,NA,1,1,"S","PARTNTID","L02 ","PO4F"
