"paramMethod","SOURCE","STATION","SAMPLE_DATE","SAMPLE_TIME","paramCode","SAMPLE_ID","EventId","AGENCY","PROGRAM","DateTime","DEPTH","SAMPLE_TYPE","TIER","Matrix","QUALIFIER","VALUE","UNITS","PROBLEM","LAB","labName","detLimit","qaFlag","COMMENTS","count.x","count.y","LAYER","PROJECT","SampleAnalyticalMethodIdentifier","SubstanceIdentificationName"
48,"ALLARM","ALLARM.LT1","05/04/1996","12:00:00","DO.2","M1",938,"CMC","NTWQM",1996-05-04 12:00:00,0.1,"ISM",2,"Water",NA,10.5,"MG/L",NA,NA,NA,NA,2,NA,1,1,"S","PARTNTID","F01 ","DO"
48,"ALLARM","ALLARM.LT3","08/10/1996","12:00:00","DO.2","M1",970,"CMC","NTWQM",1996-08-10 12:00:00,0.1,"ISM",2,"Water",NA,10.5,"MG/L",NA,NA,NA,NA,2,NA,1,1,"S","PARTNTID","F01 ","DO"
48,"ALLARM","ALLARM.LT3","06/08/1996","12:00:00","DO.2","M1",950,"CMC","NTWQM",1996-06-08 12:00:00,0.1,"ISM",2,"Water",NA,10.8,"MG/L",NA,NA,NA,NA,2,NA,1,1,"S","PARTNTID","F01 ","DO"
48,"ALLARM","ALLARM.LT2","12/15/1996","12:00:00","DO.2","M1",1009,"CMC","NTWQM",1996-12-15 12:00:00,0.1,"ISM",2,"Water",NA,11.3,"MG/L",NA,NA,NA,NA,2,NA,1,1,"S","PARTNTID","F01 ","DO"
48,"ALLARM","ALLARM.LT2","10/14/1996","12:00:00","DO.2","M1",989,"CMC","NTWQM",1996-10-14 12:00:00,0.1,"ISM",2,"Water",NA,10.2,"MG/L",NA,NA,NA,NA,2,NA,1,1,"S","PARTNTID","F01 ","DO"
48,"ALLARM","ALLARM.LT5","06/08/1996","12:00:00","DO.2","M1",952,"CMC","NTWQM",1996-06-08 12:00:00,0.1,"ISM",2,"Water",NA,12.4,"MG/L",NA,NA,NA,NA,2,NA,1,1,"S","PARTNTID","F01 ","DO"
48,"ALLARM","ALLARM.LT4","12/15/1996","12:00:00","DO.2","M1",1011,"CMC","NTWQM",1996-12-15 12:00:00,0.1,"ISM",2,"Water",NA,11.4,"MG/L",NA,NA,NA,NA,2,NA,1,1,"S","PARTNTID","F01 ","DO"
48,"ALLARM","ALLARM.LT3","09/13/1996","12:00:00","DO.2","M1",980,"CMC","NTWQM",1996-09-13 12:00:00,0.1,"ISM",2,"Water",NA,10.5,"MG/L",NA,NA,NA,NA,2,NA,1,1,"S","PARTNTID","F01 ","DO"
48,"ALLARM","ALLARM.LT3","07/14/1996","12:00:00","DO.2","M1",960,"CMC","NTWQM",1996-07-14 12:00:00,0.1,"ISM",2,"Water",NA,11.2,"MG/L",NA,NA,NA,NA,2,NA,1,1,"S","PARTNTID","F01 ","DO"
48,"ALLARM","ALLARM.LT3","05/04/1996","12:00:00","DO.2","M1",940,"CMC","NTWQM",1996-05-04 12:00:00,0.1,"ISM",2,"Water",NA,11,"MG/L",NA,NA,NA,NA,2,NA,1,1,"S","PARTNTID","F01 ","DO"
48,"ALLARM","ALLARM.LT2","11/09/1996","12:00:00","DO.2","M1",999,"CMC","NTWQM",1996-11-09 12:00:00,0.1,"ISM",2,"Water",NA,9.6,"MG/L",NA,NA,NA,NA,2,NA,1,1,"S","PARTNTID","F01 ","DO"
48,"ALLARM","ALLARM.LT5","07/14/1996","12:00:00","DO.2","M1",962,"CMC","NTWQM",1996-07-14 12:00:00,0.1,"ISM",2,"Water",NA,10.2,"MG/L",NA,NA,NA,NA,2,NA,1,1,"S","PARTNTID","F01 ","DO"
48,"ALLARM","ALLARM.LT5","05/04/1996","12:00:00","DO.2","M1",942,"CMC","NTWQM",1996-05-04 12:00:00,0.1,"ISM",2,"Water",NA,11,"MG/L",NA,NA,NA,NA,2,NA,1,1,"S","PARTNTID","F01 ","DO"
48,"ALLARM","ALLARM.LT3","10/14/1996","12:00:00","DO.2","M1",990,"CMC","NTWQM",1996-10-14 12:00:00,0.1,"ISM",2,"Water",NA,10.3,"MG/L",NA,NA,NA,NA,2,NA,1,1,"S","PARTNTID","F01 ","DO"
48,"ALLARM","ALLARM.LT10","06/08/1996","12:00:00","DO.2","M1",957,"CMC","NTWQM",1996-06-08 12:00:00,0.1,"ISM",2,"Water",NA,10.6,"MG/L",NA,NA,NA,NA,2,NA,1,1,"S","PARTNTID","F01 ","DO"
48,"ALLARM","ALLARM.LT1","12/15/1996","12:00:00","DO.2","M1",1008,"CMC","NTWQM",1996-12-15 12:00:00,0.1,"ISM",2,"Water",NA,11.3,"MG/L",NA,NA,NA,NA,2,NA,1,1,"S","PARTNTID","F01 ","DO"
48,"ALLARM","ALLARM.LT4","07/14/1996","12:00:00","DO.2","M1",961,"CMC","NTWQM",1996-07-14 12:00:00,0.1,"ISM",2,"Water",NA,10.9,"MG/L",NA,NA,NA,NA,2,NA,1,1,"S","PARTNTID","F01 ","DO"
48,"ALLARM","ALLARM.LT5","08/10/1996","12:00:00","DO.2","M1",972,"CMC","NTWQM",1996-08-10 12:00:00,0.1,"ISM",2,"Water",NA,10,"MG/L",NA,NA,NA,NA,2,NA,1,1,"S","PARTNTID","F01 ","DO"
48,"ALLARM","ALLARM.LT1","08/10/1996","12:00:00","DO.2","M1",968,"CMC","NTWQM",1996-08-10 12:00:00,0.1,"ISM",2,"Water",NA,10.4,"MG/L",NA,NA,NA,NA,2,NA,1,1,"S","PARTNTID","F01 ","DO"
48,"ALLARM","ALLARM.LT1","06/08/1996","12:00:00","DO.2","M1",948,"CMC","NTWQM",1996-06-08 12:00:00,0.1,"ISM",2,"Water",NA,11,"MG/L",NA,NA,NA,NA,2,NA,1,1,"S","PARTNTID","F01 ","DO"
48,"ALLARM","ALLARM.LT10","07/14/1996","12:00:00","DO.2","M1",967,"CMC","NTWQM",1996-07-14 12:00:00,0.1,"ISM",2,"Water",NA,11.5,"MG/L",NA,NA,NA,NA,2,NA,1,1,"S","PARTNTID","F01 ","DO"
48,"ALLARM","ALLARM.LT10","05/04/1996","12:00:00","DO.2","M1",947,"CMC","NTWQM",1996-05-04 12:00:00,0.1,"ISM",2,"Water",NA,11.8,"MG/L",NA,NA,NA,NA,2,NA,1,1,"S","PARTNTID","F01 ","DO"
48,"ALLARM","ALLARM.LT4","08/10/1996","12:00:00","DO.2","M1",971,"CMC","NTWQM",1996-08-10 12:00:00,0.1,"ISM",2,"Water",NA,10.5,"MG/L",NA,NA,NA,NA,2,NA,1,1,"S","PARTNTID","F01 ","DO"
48,"ALLARM","ALLARM.LT5","09/13/1996","12:00:00","DO.2","M1",982,"CMC","NTWQM",1996-09-13 12:00:00,0.1,"ISM",2,"Water",NA,10.2,"MG/L",NA,NA,NA,NA,2,NA,1,1,"S","PARTNTID","F01 ","DO"
48,"ALLARM","ALLARM.LT1","09/13/1996","12:00:00","DO.2","M1",978,"CMC","NTWQM",1996-09-13 12:00:00,0.1,"ISM",2,"Water",NA,10,"MG/L",NA,NA,NA,NA,2,NA,1,1,"S","PARTNTID","F01 ","DO"
48,"ALLARM","ALLARM.LT1","07/14/1996","12:00:00","DO.2","M1",958,"CMC","NTWQM",1996-07-14 12:00:00,0.1,"ISM",2,"Water",NA,10.2,"MG/L",NA,NA,NA,NA,2,NA,1,1,"S","PARTNTID","F01 ","DO"
48,"ALLARM","ALLARM.LT10","08/10/1996","12:00:00","DO.2","M1",977,"CMC","NTWQM",1996-08-10 12:00:00,0.1,"ISM",2,"Water",NA,10.3,"MG/L",NA,NA,NA,NA,2,NA,1,1,"S","PARTNTID","F01 ","DO"
48,"ALLARM","ALLARM.LT4","11/09/1996","12:00:00","DO.2","M1",1001,"CMC","NTWQM",1996-11-09 12:00:00,0.1,"ISM",2,"Water",NA,9.6,"MG/L",NA,NA,NA,NA,2,NA,1,1,"S","PARTNTID","F01 ","DO"
48,"ALLARM","ALLARM.LT4","09/13/1996","12:00:00","DO.2","M1",981,"CMC","NTWQM",1996-09-13 12:00:00,0.1,"ISM",2,"Water",NA,10,"MG/L",NA,NA,NA,NA,2,NA,1,1,"S","PARTNTID","F01 ","DO"
48,"ALLARM","ALLARM.LT5","10/14/1996","12:00:00","DO.2","M1",992,"CMC","NTWQM",1996-10-14 12:00:00,0.1,"ISM",2,"Water",NA,10.2,"MG/L",NA,NA,NA,NA,2,NA,1,1,"S","PARTNTID","F01 ","DO"
48,"ALLARM","ALLARM.LT1","10/14/1996","12:00:00","DO.2","M1",988,"CMC","NTWQM",1996-10-14 12:00:00,0.1,"ISM",2,"Water",NA,10.2,"MG/L",NA,NA,NA,NA,2,NA,1,1,"S","PARTNTID","F01 ","DO"
48,"ALLARM","ALLARM.LT4","05/04/1996","12:00:00","DO.2","M1",941,"CMC","NTWQM",1996-05-04 12:00:00,0.1,"ISM",2,"Water",NA,10.8,"MG/L",NA,NA,NA,NA,2,NA,1,1,"S","PARTNTID","F01 ","DO"
48,"ALLARM","ALLARM.LT3","11/09/1996","12:00:00","DO.2","M1",1000,"CMC","NTWQM",1996-11-09 12:00:00,0.1,"ISM",2,"Water",NA,9.7,"MG/L",NA,NA,NA,NA,2,NA,1,1,"S","PARTNTID","F01 ","DO"
48,"ALLARM","ALLARM.LT10","09/13/1996","12:00:00","DO.2","M1",987,"CMC","NTWQM",1996-09-13 12:00:00,0.1,"ISM",2,"Water",NA,10,"MG/L",NA,NA,NA,NA,2,NA,1,1,"S","PARTNTID","F01 ","DO"
48,"ALLARM","ALLARM.LT4","10/14/1996","12:00:00","DO.2","M1",991,"CMC","NTWQM",1996-10-14 12:00:00,0.1,"ISM",2,"Water",NA,10.3,"MG/L",NA,NA,NA,NA,2,NA,1,1,"S","PARTNTID","F01 ","DO"
48,"ALLARM","ALLARM.LT5","11/09/1996","12:00:00","DO.2","M1",1002,"CMC","NTWQM",1996-11-09 12:00:00,0.1,"ISM",2,"Water",NA,11.4,"MG/L",NA,NA,NA,NA,2,NA,1,1,"S","PARTNTID","F01 ","DO"
48,"ALLARM","ALLARM.LT1","11/09/1996","12:00:00","DO.2","M1",998,"CMC","NTWQM",1996-11-09 12:00:00,0.1,"ISM",2,"Water",NA,9.4,"MG/L",NA,NA,NA,NA,2,NA,1,1,"S","PARTNTID","F01 ","DO"
48,"ALLARM","ALLARM.LT4","06/08/1996","12:00:00","DO.2","M1",951,"CMC","NTWQM",1996-06-08 12:00:00,0.1,"ISM",2,"Water",NA,10.8,"MG/L",NA,NA,NA,NA,2,NA,1,1,"S","PARTNTID","F01 ","DO"
48,"ALLARM","ALLARM.LT3","12/15/1996","12:00:00","DO.2","M1",1010,"CMC","NTWQM",1996-12-15 12:00:00,0.1,"ISM",2,"Water",NA,11.4,"MG/L",NA,NA,NA,NA,2,NA,1,1,"S","PARTNTID","F01 ","DO"
48,"ALLARM","ALLARM.LT10","10/14/1996","12:00:00","DO.2","M1",997,"CMC","NTWQM",1996-10-14 12:00:00,0.1,"ISM",2,"Water",NA,10.5,"MG/L",NA,NA,NA,NA,2,NA,1,1,"S","PARTNTID","F01 ","DO"
48,"ALLARM","ALLARM.LT2","09/13/1996","12:00:00","DO.2","M1",979,"CMC","NTWQM",1996-09-13 12:00:00,0.1,"ISM",2,"Water",NA,10,"MG/L",NA,NA,NA,NA,2,NA,1,1,"S","PARTNTID","F01 ","DO"
48,"ALLARM","ALLARM.LT5","12/15/1996","12:00:00","DO.2","M1",1012,"CMC","NTWQM",1996-12-15 12:00:00,0.1,"ISM",2,"Water",NA,10.2,"MG/L",NA,NA,NA,NA,2,NA,1,1,"S","PARTNTID","F01 ","DO"
48,"ALLARM","ALLARM.LT7","05/04/1996","12:00:00","DO.2","M1",944,"CMC","NTWQM",1996-05-04 12:00:00,0.1,"ISM",2,"Water",NA,11.2,"MG/L",NA,NA,NA,NA,2,NA,1,1,"S","PARTNTID","F01 ","DO"
48,"ALLARM","ALLARM.LT6","11/09/1996","12:00:00","DO.2","M1",1003,"CMC","NTWQM",1996-11-09 12:00:00,0.1,"ISM",2,"Water",NA,9.6,"MG/L",NA,NA,NA,NA,2,NA,1,1,"S","PARTNTID","F01 ","DO"
48,"ALLARM","ALLARM.LT7","10/14/1996","12:00:00","DO.2","M1",994,"CMC","NTWQM",1996-10-14 12:00:00,0.1,"ISM",2,"Water",NA,10.4,"MG/L",NA,NA,NA,NA,2,NA,1,1,"S","PARTNTID","F01 ","DO"
48,"ALLARM","ALLARM.LT10","11/09/1996","12:00:00","DO.2","M1",1007,"CMC","NTWQM",1996-11-09 12:00:00,0.1,"ISM",2,"Water",NA,9,"MG/L",NA,NA,NA,NA,2,NA,1,1,"S","PARTNTID","F01 ","DO"
48,"ALLARM","ALLARM.LT8","09/13/1996","12:00:00","DO.2","M1",985,"CMC","NTWQM",1996-09-13 12:00:00,0.1,"ISM",2,"Water",NA,10.5,"MG/L",NA,NA,NA,NA,2,NA,1,1,"S","PARTNTID","F01 ","DO"
48,"ALLARM","ALLARM.LT6","05/04/1996","12:00:00","DO.2","M1",943,"CMC","NTWQM",1996-05-04 12:00:00,0.1,"ISM",2,"Water",NA,11.1,"MG/L",NA,NA,NA,NA,2,NA,1,1,"S","PARTNTID","F01 ","DO"
48,"ALLARM","ALLARM.LT7","06/08/1996","12:00:00","DO.2","M1",954,"CMC","NTWQM",1996-06-08 12:00:00,0.1,"ISM",2,"Water",NA,10.8,"MG/L",NA,NA,NA,NA,2,NA,1,1,"S","PARTNTID","F01 ","DO"
48,"ALLARM","ALLARM.LT6","12/15/1996","12:00:00","DO.2","M1",1013,"CMC","NTWQM",1996-12-15 12:00:00,0.1,"ISM",2,"Water",NA,11.4,"MG/L",NA,NA,NA,NA,2,NA,1,1,"S","PARTNTID","F01 ","DO"
48,"ALLARM","ALLARM.LT7","11/09/1996","12:00:00","DO.2","M1",1004,"CMC","NTWQM",1996-11-09 12:00:00,0.1,"ISM",2,"Water",NA,8.4,"MG/L",NA,NA,NA,NA,2,NA,1,1,"S","PARTNTID","F01 ","DO"
48,"ALLARM","ALLARM.LT10","12/15/1996","12:00:00","DO.2","M1",1017,"CMC","NTWQM",1996-12-15 12:00:00,0.1,"ISM",2,"Water",NA,11.3,"MG/L",NA,NA,NA,NA,2,NA,1,1,"S","PARTNTID","F01 ","DO"
48,"ALLARM","ALLARM.LT8","10/14/1996","12:00:00","DO.2","M1",995,"CMC","NTWQM",1996-10-14 12:00:00,0.1,"ISM",2,"Water",NA,10.4,"MG/L",NA,NA,NA,NA,2,NA,1,1,"S","PARTNTID","F01 ","DO"
48,"ALLARM","ALLARM.LT6","06/08/1996","12:00:00","DO.2","M1",953,"CMC","NTWQM",1996-06-08 12:00:00,0.1,"ISM",2,"Water",NA,10.9,"MG/L",NA,NA,NA,NA,2,NA,1,1,"S","PARTNTID","F01 ","DO"
48,"ALLARM","ALLARM.LT7","07/14/1996","12:00:00","DO.2","M1",964,"CMC","NTWQM",1996-07-14 12:00:00,0.1,"ISM",2,"Water",NA,11.2,"MG/L",NA,NA,NA,NA,2,NA,1,1,"S","PARTNTID","F01 ","DO"
48,"ALLARM","ALLARM.LT8","06/08/1996","12:00:00","DO.2","M1",955,"CMC","NTWQM",1996-06-08 12:00:00,0.1,"ISM",2,"Water",NA,10.4,"MG/L",NA,NA,NA,NA,2,NA,1,1,"S","PARTNTID","F01 ","DO"
48,"ALLARM","ALLARM.LT7","12/15/1996","12:00:00","DO.2","M1",1014,"CMC","NTWQM",1996-12-15 12:00:00,0.1,"ISM",2,"Water",NA,11.3,"MG/L",NA,NA,NA,NA,2,NA,1,1,"S","PARTNTID","F01 ","DO"
48,"ALLARM","ALLARM.LT2","05/04/1996","12:00:00","DO.2","M1",939,"CMC","NTWQM",1996-05-04 12:00:00,0.1,"ISM",2,"Water",NA,10.7,"MG/L",NA,NA,NA,NA,2,NA,1,1,"S","PARTNTID","F01 ","DO"
48,"ALLARM","ALLARM.LT8","11/09/1996","12:00:00","DO.2","M1",1005,"CMC","NTWQM",1996-11-09 12:00:00,0.1,"ISM",2,"Water",NA,8.8,"MG/L",NA,NA,NA,NA,2,NA,1,1,"S","PARTNTID","F01 ","DO"
48,"ALLARM","ALLARM.LT6","07/14/1996","12:00:00","DO.2","M1",963,"CMC","NTWQM",1996-07-14 12:00:00,0.1,"ISM",2,"Water",NA,12.4,"MG/L",NA,NA,NA,NA,2,NA,1,1,"S","PARTNTID","F01 ","DO"
48,"ALLARM","ALLARM.LT7","08/10/1996","12:00:00","DO.2","M1",974,"CMC","NTWQM",1996-08-10 12:00:00,0.1,"ISM",2,"Water",NA,10.4,"MG/L",NA,NA,NA,NA,2,NA,1,1,"S","PARTNTID","F01 ","DO"
48,"ALLARM","ALLARM.LT8","07/14/1996","12:00:00","DO.2","M1",965,"CMC","NTWQM",1996-07-14 12:00:00,0.1,"ISM",2,"Water",NA,11.5,"MG/L",NA,NA,NA,NA,2,NA,1,1,"S","PARTNTID","F01 ","DO"
48,"ALLARM","ALLARM.LT8","05/04/1996","12:00:00","DO.2","M1",945,"CMC","NTWQM",1996-05-04 12:00:00,0.1,"ISM",2,"Water",NA,10.6,"MG/L",NA,NA,NA,NA,2,NA,1,1,"S","PARTNTID","F01 ","DO"
48,"ALLARM","ALLARM.LT2","06/08/1996","12:00:00","DO.2","M1",949,"CMC","NTWQM",1996-06-08 12:00:00,0.1,"ISM",2,"Water",NA,11,"MG/L",NA,NA,NA,NA,2,NA,1,1,"S","PARTNTID","F01 ","DO"
48,"ALLARM","ALLARM.LT8","12/15/1996","12:00:00","DO.2","M1",1015,"CMC","NTWQM",1996-12-15 12:00:00,0.1,"ISM",2,"Water",NA,11.3,"MG/L",NA,NA,NA,NA,2,NA,1,1,"S","PARTNTID","F01 ","DO"
48,"ALLARM","ALLARM.LT6","08/10/1996","12:00:00","DO.2","M1",973,"CMC","NTWQM",1996-08-10 12:00:00,0.1,"ISM",2,"Water",NA,10.4,"MG/L",NA,NA,NA,NA,2,NA,1,1,"S","PARTNTID","F01 ","DO"
48,"ALLARM","ALLARM.LT7","09/13/1996","12:00:00","DO.2","M1",984,"CMC","NTWQM",1996-09-13 12:00:00,0.1,"ISM",2,"Water",NA,10.2,"MG/L",NA,NA,NA,NA,2,NA,1,1,"S","PARTNTID","F01 ","DO"
48,"ALLARM","ALLARM.LT8","08/10/1996","12:00:00","DO.2","M1",975,"CMC","NTWQM",1996-08-10 12:00:00,0.1,"ISM",2,"Water",NA,10.4,"MG/L",NA,NA,NA,NA,2,NA,1,1,"S","PARTNTID","F01 ","DO"
48,"ALLARM","ALLARM.LT9","07/14/1996","12:00:00","DO.2","M1",966,"CMC","NTWQM",1996-07-14 12:00:00,0.1,"ISM",2,"Water",NA,10.6,"MG/L",NA,NA,NA,NA,2,NA,1,1,"S","PARTNTID","F01 ","DO"
48,"ALLARM","ALLARM.LT2","07/14/1996","12:00:00","DO.2","M1",959,"CMC","NTWQM",1996-07-14 12:00:00,0.1,"ISM",2,"Water",NA,10.6,"MG/L",NA,NA,NA,NA,2,NA,1,1,"S","PARTNTID","F01 ","DO"
48,"ALLARM","ALLARM.LT9","08/10/1996","12:00:00","DO.2","M1",976,"CMC","NTWQM",1996-08-10 12:00:00,0.1,"ISM",2,"Water",NA,11.5,"MG/L",NA,NA,NA,NA,2,NA,1,1,"S","PARTNTID","F01 ","DO"
48,"ALLARM","ALLARM.LT6","09/13/1996","12:00:00","DO.2","M1",983,"CMC","NTWQM",1996-09-13 12:00:00,0.1,"ISM",2,"Water",NA,9.5,"MG/L",NA,NA,NA,NA,2,NA,1,1,"S","PARTNTID","F01 ","DO"
48,"ALLARM","ALLARM.LT9","12/15/1996","12:00:00","DO.2","M1",1016,"CMC","NTWQM",1996-12-15 12:00:00,0.1,"ISM",2,"Water",NA,8.8,"MG/L",NA,NA,NA,NA,2,NA,1,1,"S","PARTNTID","F01 ","DO"
48,"ALLARM","ALLARM.LT9","10/14/1996","12:00:00","DO.2","M1",996,"CMC","NTWQM",1996-10-14 12:00:00,0.1,"ISM",2,"Water",NA,10.5,"MG/L",NA,NA,NA,NA,2,NA,1,1,"S","PARTNTID","F01 ","DO"
48,"ALLARM","ALLARM.LT9","06/08/1996","12:00:00","DO.2","M1",956,"CMC","NTWQM",1996-06-08 12:00:00,0.1,"ISM",2,"Water",NA,11,"MG/L",NA,NA,NA,NA,2,NA,1,1,"S","PARTNTID","F01 ","DO"
48,"ALLARM","ALLARM.LT2","08/10/1996","12:00:00","DO.2","M1",969,"CMC","NTWQM",1996-08-10 12:00:00,0.1,"ISM",2,"Water",NA,10.4,"MG/L",NA,NA,NA,NA,2,NA,1,1,"S","PARTNTID","F01 ","DO"
48,"ALLARM","ALLARM.LT6","10/14/1996","12:00:00","DO.2","M1",993,"CMC","NTWQM",1996-10-14 12:00:00,0.1,"ISM",2,"Water",NA,10.3,"MG/L",NA,NA,NA,NA,2,NA,1,1,"S","PARTNTID","F01 ","DO"
48,"ALLARM","ALLARM.LT9","11/09/1996","12:00:00","DO.2","M1",1006,"CMC","NTWQM",1996-11-09 12:00:00,0.1,"ISM",2,"Water",NA,10.4,"MG/L",NA,NA,NA,NA,2,NA,1,1,"S","PARTNTID","F01 ","DO"
48,"ALLARM","ALLARM.LT9","09/13/1996","12:00:00","DO.2","M1",986,"CMC","NTWQM",1996-09-13 12:00:00,0.1,"ISM",2,"Water",NA,10.5,"MG/L",NA,NA,NA,NA,2,NA,1,1,"S","PARTNTID","F01 ","DO"
144,"ALLARM","ALLARM.LT5","10/14/1996","12:00:00","NO3N.4","S1",992,"CMC","NTWQM",1996-10-14 12:00:00,0.1,"D",2,"Water",NA,5.2,"MG/L",NA,"ACARL","ALLARM Community Aquatic Research Laboratory",0.1,2,NA,1,1,"S","PARTNTID","L02 ","NO23W"
144,"ALLARM","ALLARM.LT1","11/09/1996","12:00:00","NO3N.4","S1",998,"CMC","NTWQM",1996-11-09 12:00:00,0.1,"D",2,"Water",NA,5.25,"MG/L",NA,"ACARL","ALLARM Community Aquatic Research Laboratory",0.1,2,NA,1,1,"S","PARTNTID","L02 ","NO23W"
144,"ALLARM","ALLARM.LT1","05/04/1996","12:00:00","NO3N.4","S1",938,"CMC","NTWQM",1996-05-04 12:00:00,0.1,"D",2,"Water",NA,9,"MG/L",NA,"ACARL","ALLARM Community Aquatic Research Laboratory",0.1,2,NA,1,1,"S","PARTNTID","L02 ","NO23W"
144,"ALLARM","ALLARM.LT5","12/15/1996","12:00:00","NO3N.4","S1",1012,"CMC","NTWQM",1996-12-15 12:00:00,0.1,"D",2,"Water",NA,5.2,"MG/L",NA,"ACARL","ALLARM Community Aquatic Research Laboratory",0.1,2,NA,1,1,"S","PARTNTID","L02 ","NO23W"
144,"ALLARM","ALLARM.LT3","08/10/1996","12:00:00","NO3N.4","S1",970,"CMC","NTWQM",1996-08-10 12:00:00,0.1,"D",2,"Water",NA,5.2,"MG/L",NA,"ACARL","ALLARM Community Aquatic Research Laboratory",0.1,2,NA,1,1,"S","PARTNTID","L02 ","NO23W"
144,"ALLARM","ALLARM.LT1","12/15/1996","12:00:00","NO3N.4","S1",1008,"CMC","NTWQM",1996-12-15 12:00:00,0.1,"D",2,"Water",NA,5,"MG/L",NA,"ACARL","ALLARM Community Aquatic Research Laboratory",0.1,2,NA,1,1,"S","PARTNTID","L02 ","NO23W"
144,"ALLARM","ALLARM.LT1","10/14/1996","12:00:00","NO3N.4","S1",988,"CMC","NTWQM",1996-10-14 12:00:00,0.1,"D",2,"Water",NA,5,"MG/L",NA,"ACARL","ALLARM Community Aquatic Research Laboratory",0.1,2,NA,1,1,"S","PARTNTID","L02 ","NO23W"
144,"ALLARM","ALLARM.LT1","08/10/1996","12:00:00","NO3N.4","S1",968,"CMC","NTWQM",1996-08-10 12:00:00,0.1,"D",2,"Water",NA,5,"MG/L",NA,"ACARL","ALLARM Community Aquatic Research Laboratory",0.1,2,NA,1,1,"S","PARTNTID","L02 ","NO23W"
144,"ALLARM","ALLARM.LT1","06/08/1996","12:00:00","NO3N.4","S1",948,"CMC","NTWQM",1996-06-08 12:00:00,0.1,"D",2,"Water",NA,7.2,"MG/L",NA,"ACARL","ALLARM Community Aquatic Research Laboratory",0.1,2,NA,1,1,"S","PARTNTID","L02 ","NO23W"
144,"ALLARM","ALLARM.LT6","05/04/1996","12:00:00","NO3N.4","S1",943,"CMC","NTWQM",1996-05-04 12:00:00,0.1,"D",2,"Water",NA,9,"MG/L",NA,"ACARL","ALLARM Community Aquatic Research Laboratory",0.1,2,NA,1,1,"S","PARTNTID","L02 ","NO23W"
144,"ALLARM","ALLARM.LT5","11/09/1996","12:00:00","NO3N.4","S1",1002,"CMC","NTWQM",1996-11-09 12:00:00,0.1,"D",2,"Water",NA,4.35,"MG/L",NA,"ACARL","ALLARM Community Aquatic Research Laboratory",0.1,2,NA,1,1,"S","PARTNTID","L02 ","NO23W"
144,"ALLARM","ALLARM.LT10","05/04/1996","12:00:00","NO3N.4","S1",947,"CMC","NTWQM",1996-05-04 12:00:00,0.1,"D",2,"Water",NA,9,"MG/L",NA,"ACARL","ALLARM Community Aquatic Research Laboratory",0.1,2,NA,1,1,"S","PARTNTID","L02 ","NO23W"
144,"ALLARM","ALLARM.LT10","12/15/1996","12:00:00","NO3N.4","S1",1017,"CMC","NTWQM",1996-12-15 12:00:00,0.1,"D",2,"Water",NA,6,"MG/L",NA,"ACARL","ALLARM Community Aquatic Research Laboratory",0.1,2,NA,1,1,"S","PARTNTID","L02 ","NO23W"
144,"ALLARM","ALLARM.LT1","09/13/1996","12:00:00","NO3N.4","S1",978,"CMC","NTWQM",1996-09-13 12:00:00,0.1,"D",2,"Water",NA,5,"MG/L",NA,"ACARL","ALLARM Community Aquatic Research Laboratory",0.1,2,NA,1,1,"S","PARTNTID","L02 ","NO23W"
144,"ALLARM","ALLARM.LT1","07/14/1996","12:00:00","NO3N.4","S1",958,"CMC","NTWQM",1996-07-14 12:00:00,0.1,"D",2,"Water",NA,5,"MG/L",NA,"ACARL","ALLARM Community Aquatic Research Laboratory",0.1,2,NA,1,1,"S","PARTNTID","L02 ","NO23W"
144,"ALLARM","ALLARM.LT6","06/08/1996","12:00:00","NO3N.4","S1",953,"CMC","NTWQM",1996-06-08 12:00:00,0.1,"D",2,"Water",NA,7.5,"MG/L",NA,"ACARL","ALLARM Community Aquatic Research Laboratory",0.1,2,NA,1,1,"S","PARTNTID","L02 ","NO23W"
144,"ALLARM","ALLARM.LT3","10/14/1996","12:00:00","NO3N.4","S1",990,"CMC","NTWQM",1996-10-14 12:00:00,0.1,"D",2,"Water",NA,5.2,"MG/L",NA,"ACARL","ALLARM Community Aquatic Research Laboratory",0.1,2,NA,1,1,"S","PARTNTID","L02 ","NO23W"
144,"ALLARM","ALLARM.LT10","06/08/1996","12:00:00","NO3N.4","S1",957,"CMC","NTWQM",1996-06-08 12:00:00,0.1,"D",2,"Water",NA,7.8,"MG/L",NA,"ACARL","ALLARM Community Aquatic Research Laboratory",0.1,2,NA,1,1,"S","PARTNTID","L02 ","NO23W"
144,"ALLARM","ALLARM.LT2","05/04/1996","12:00:00","NO3N.4","S1",939,"CMC","NTWQM",1996-05-04 12:00:00,0.1,"D",2,"Water",NA,9,"MG/L",NA,"ACARL","ALLARM Community Aquatic Research Laboratory",0.1,2,NA,1,1,"S","PARTNTID","L02 ","NO23W"
144,"ALLARM","ALLARM.LT10","11/09/1996","12:00:00","NO3N.4","S1",1007,"CMC","NTWQM",1996-11-09 12:00:00,0.1,"D",2,"Water",NA,3.6,"MG/L",NA,"ACARL","ALLARM Community Aquatic Research Laboratory",0.1,2,NA,1,1,"S","PARTNTID","L02 ","NO23W"
144,"ALLARM","ALLARM.LT5","06/08/1996","12:00:00","NO3N.4","S1",952,"CMC","NTWQM",1996-06-08 12:00:00,0.1,"D",2,"Water",NA,7.5,"MG/L",NA,"ACARL","ALLARM Community Aquatic Research Laboratory",0.1,2,NA,1,1,"S","PARTNTID","L02 ","NO23W"
144,"ALLARM","ALLARM.LT6","07/14/1996","12:00:00","NO3N.4","S1",963,"CMC","NTWQM",1996-07-14 12:00:00,0.1,"D",2,"Water",NA,5.2,"MG/L",NA,"ACARL","ALLARM Community Aquatic Research Laboratory",0.1,2,NA,1,1,"S","PARTNTID","L02 ","NO23W"
144,"ALLARM","ALLARM.LT3","11/09/1996","12:00:00","NO3N.4","S1",1000,"CMC","NTWQM",1996-11-09 12:00:00,0.1,"D",2,"Water",NA,5.25,"MG/L",NA,"ACARL","ALLARM Community Aquatic Research Laboratory",0.1,2,NA,1,1,"S","PARTNTID","L02 ","NO23W"
144,"ALLARM","ALLARM.LT3","09/13/1996","12:00:00","NO3N.4","S1",980,"CMC","NTWQM",1996-09-13 12:00:00,0.1,"D",2,"Water",NA,5.2,"MG/L",NA,"ACARL","ALLARM Community Aquatic Research Laboratory",0.1,2,NA,1,1,"S","PARTNTID","L02 ","NO23W"
144,"ALLARM","ALLARM.LT2","06/08/1996","12:00:00","NO3N.4","S1",949,"CMC","NTWQM",1996-06-08 12:00:00,0.1,"D",2,"Water",NA,9,"MG/L",NA,"ACARL","ALLARM Community Aquatic Research Laboratory",0.1,2,NA,1,1,"S","PARTNTID","L02 ","NO23W"
144,"ALLARM","ALLARM.LT5","09/13/1996","12:00:00","NO3N.4","S1",982,"CMC","NTWQM",1996-09-13 12:00:00,0.1,"D",2,"Water",NA,5.8,"MG/L",NA,"ACARL","ALLARM Community Aquatic Research Laboratory",0.1,2,NA,1,1,"S","PARTNTID","L02 ","NO23W"
144,"ALLARM","ALLARM.LT5","07/14/1996","12:00:00","NO3N.4","S1",962,"CMC","NTWQM",1996-07-14 12:00:00,0.1,"D",2,"Water",NA,5,"MG/L",NA,"ACARL","ALLARM Community Aquatic Research Laboratory",0.1,2,NA,1,1,"S","PARTNTID","L02 ","NO23W"
144,"ALLARM","ALLARM.LT6","08/10/1996","12:00:00","NO3N.4","S1",973,"CMC","NTWQM",1996-08-10 12:00:00,0.1,"D",2,"Water",NA,5.5,"MG/L",NA,"ACARL","ALLARM Community Aquatic Research Laboratory",0.1,2,NA,1,1,"S","PARTNTID","L02 ","NO23W"
144,"ALLARM","ALLARM.LT3","12/15/1996","12:00:00","NO3N.4","S1",1010,"CMC","NTWQM",1996-12-15 12:00:00,0.1,"D",2,"Water",NA,5.1,"MG/L",NA,"ACARL","ALLARM Community Aquatic Research Laboratory",0.1,2,NA,1,1,"S","PARTNTID","L02 ","NO23W"
144,"ALLARM","ALLARM.LT10","08/10/1996","12:00:00","NO3N.4","S1",977,"CMC","NTWQM",1996-08-10 12:00:00,0.1,"D",2,"Water",NA,5.6,"MG/L",NA,"ACARL","ALLARM Community Aquatic Research Laboratory",0.1,2,NA,1,1,"S","PARTNTID","L02 ","NO23W"
144,"ALLARM","ALLARM.LT2","07/14/1996","12:00:00","NO3N.4","S1",959,"CMC","NTWQM",1996-07-14 12:00:00,0.1,"D",2,"Water",NA,5.2,"MG/L",NA,"ACARL","ALLARM Community Aquatic Research Laboratory",0.1,2,NA,1,1,"S","PARTNTID","L02 ","NO23W"
144,"ALLARM","ALLARM.LT9","05/04/1996","12:00:00","NO3N.4","S1",946,"CMC","NTWQM",1996-05-04 12:00:00,0.1,"D",2,"Water",NA,9,"MG/L",NA,"ACARL","ALLARM Community Aquatic Research Laboratory",0.1,2,NA,1,1,"S","PARTNTID","L02 ","NO23W"
144,"ALLARM","ALLARM.LT5","08/10/1996","12:00:00","NO3N.4","S1",972,"CMC","NTWQM",1996-08-10 12:00:00,0.1,"D",2,"Water",NA,5.6,"MG/L",NA,"ACARL","ALLARM Community Aquatic Research Laboratory",0.1,2,NA,1,1,"S","PARTNTID","L02 ","NO23W"
144,"ALLARM","ALLARM.LT6","09/13/1996","12:00:00","NO3N.4","S1",983,"CMC","NTWQM",1996-09-13 12:00:00,0.1,"D",2,"Water",NA,6,"MG/L",NA,"ACARL","ALLARM Community Aquatic Research Laboratory",0.1,2,NA,1,1,"S","PARTNTID","L02 ","NO23W"
144,"ALLARM","ALLARM.LT10","09/13/1996","12:00:00","NO3N.4","S1",987,"CMC","NTWQM",1996-09-13 12:00:00,0.1,"D",2,"Water",NA,6.2,"MG/L",NA,"ACARL","ALLARM Community Aquatic Research Laboratory",0.1,2,NA,1,1,"S","PARTNTID","L02 ","NO23W"
144,"ALLARM","ALLARM.LT7","08/10/1996","12:00:00","NO3N.4","S1",974,"CMC","NTWQM",1996-08-10 12:00:00,0.1,"D",2,"Water",NA,5.5,"MG/L",NA,"ACARL","ALLARM Community Aquatic Research Laboratory",0.1,2,NA,1,1,"S","PARTNTID","L02 ","NO23W"
144,"ALLARM","ALLARM.LT10","07/14/1996","12:00:00","NO3N.4","S1",967,"CMC","NTWQM",1996-07-14 12:00:00,0.1,"D",2,"Water",NA,4.4,"MG/L",NA,"ACARL","ALLARM Community Aquatic Research Laboratory",0.1,2,NA,1,1,"S","PARTNTID","L02 ","NO23W"
144,"ALLARM","ALLARM.LT9","06/08/1996","12:00:00","NO3N.4","S1",956,"CMC","NTWQM",1996-06-08 12:00:00,0.1,"D",2,"Water",NA,7.5,"MG/L",NA,"ACARL","ALLARM Community Aquatic Research Laboratory",0.1,2,NA,1,1,"S","PARTNTID","L02 ","NO23W"
144,"ALLARM","ALLARM.LT3","07/14/1996","12:00:00","NO3N.4","S1",960,"CMC","NTWQM",1996-07-14 12:00:00,0.1,"D",2,"Water",NA,5.4,"MG/L",NA,"ACARL","ALLARM Community Aquatic Research Laboratory",0.1,2,NA,1,1,"S","PARTNTID","L02 ","NO23W"
144,"ALLARM","ALLARM.LT6","10/14/1996","12:00:00","NO3N.4","S1",993,"CMC","NTWQM",1996-10-14 12:00:00,0.1,"D",2,"Water",NA,5.4,"MG/L",NA,"ACARL","ALLARM Community Aquatic Research Laboratory",0.1,2,NA,1,1,"S","PARTNTID","L02 ","NO23W"
144,"ALLARM","ALLARM.LT10","10/14/1996","12:00:00","NO3N.4","S1",997,"CMC","NTWQM",1996-10-14 12:00:00,0.1,"D",2,"Water",NA,6,"MG/L",NA,"ACARL","ALLARM Community Aquatic Research Laboratory",0.1,2,NA,1,1,"S","PARTNTID","L02 ","NO23W"
144,"ALLARM","ALLARM.LT7","09/13/1996","12:00:00","NO3N.4","S1",984,"CMC","NTWQM",1996-09-13 12:00:00,0.1,"D",2,"Water",NA,6,"MG/L",NA,"ACARL","ALLARM Community Aquatic Research Laboratory",0.1,2,NA,1,1,"S","PARTNTID","L02 ","NO23W"
144,"ALLARM","ALLARM.LT2","09/13/1996","12:00:00","NO3N.4","S1",979,"CMC","NTWQM",1996-09-13 12:00:00,0.1,"D",2,"Water",NA,5,"MG/L",NA,"ACARL","ALLARM Community Aquatic Research Laboratory",0.1,2,NA,1,1,"S","PARTNTID","L02 ","NO23W"
144,"ALLARM","ALLARM.LT9","07/14/1996","12:00:00","NO3N.4","S1",966,"CMC","NTWQM",1996-07-14 12:00:00,0.1,"D",2,"Water",NA,4.8,"MG/L",NA,"ACARL","ALLARM Community Aquatic Research Laboratory",0.1,2,NA,1,1,"S","PARTNTID","L02 ","NO23W"
144,"ALLARM","ALLARM.LT7","05/04/1996","12:00:00","NO3N.4","S1",944,"CMC","NTWQM",1996-05-04 12:00:00,0.1,"D",2,"Water",NA,9,"MG/L",NA,"ACARL","ALLARM Community Aquatic Research Laboratory",0.1,2,NA,1,1,"S","PARTNTID","L02 ","NO23W"
144,"ALLARM","ALLARM.LT6","11/09/1996","12:00:00","NO3N.4","S1",1003,"CMC","NTWQM",1996-11-09 12:00:00,0.1,"D",2,"Water",NA,4.8,"MG/L",NA,"ACARL","ALLARM Community Aquatic Research Laboratory",0.1,2,NA,1,1,"S","PARTNTID","L02 ","NO23W"
144,"ALLARM","ALLARM.LT7","12/15/1996","12:00:00","NO3N.4","S1",1014,"CMC","NTWQM",1996-12-15 12:00:00,0.1,"D",2,"Water",NA,5.8,"MG/L",NA,"ACARL","ALLARM Community Aquatic Research Laboratory",0.1,2,NA,1,1,"S","PARTNTID","L02 ","NO23W"
144,"ALLARM","ALLARM.LT7","10/14/1996","12:00:00","NO3N.4","S1",994,"CMC","NTWQM",1996-10-14 12:00:00,0.1,"D",2,"Water",NA,5.5,"MG/L",NA,"ACARL","ALLARM Community Aquatic Research Laboratory",0.1,2,NA,1,1,"S","PARTNTID","L02 ","NO23W"
144,"ALLARM","ALLARM.LT2","10/14/1996","12:00:00","NO3N.4","S1",989,"CMC","NTWQM",1996-10-14 12:00:00,0.1,"D",2,"Water",NA,5,"MG/L",NA,"ACARL","ALLARM Community Aquatic Research Laboratory",0.1,2,NA,1,1,"S","PARTNTID","L02 ","NO23W"
144,"ALLARM","ALLARM.LT9","08/10/1996","12:00:00","NO3N.4","S1",976,"CMC","NTWQM",1996-08-10 12:00:00,0.1,"D",2,"Water",NA,5.6,"MG/L",NA,"ACARL","ALLARM Community Aquatic Research Laboratory",0.1,2,NA,1,1,"S","PARTNTID","L02 ","NO23W"
144,"ALLARM","ALLARM.LT7","06/08/1996","12:00:00","NO3N.4","S1",954,"CMC","NTWQM",1996-06-08 12:00:00,0.1,"D",2,"Water",NA,7.2,"MG/L",NA,"ACARL","ALLARM Community Aquatic Research Laboratory",0.1,2,NA,1,1,"S","PARTNTID","L02 ","NO23W"
144,"ALLARM","ALLARM.LT6","12/15/1996","12:00:00","NO3N.4","S1",1013,"CMC","NTWQM",1996-12-15 12:00:00,0.1,"D",2,"Water",NA,5.6,"MG/L",NA,"ACARL","ALLARM Community Aquatic Research Laboratory",0.1,2,NA,1,1,"S","PARTNTID","L02 ","NO23W"
144,"ALLARM","ALLARM.LT8","05/04/1996","12:00:00","NO3N.4","S1",945,"CMC","NTWQM",1996-05-04 12:00:00,0.1,"D",2,"Water",NA,9,"MG/L",NA,"ACARL","ALLARM Community Aquatic Research Laboratory",0.1,2,NA,1,1,"S","PARTNTID","L02 ","NO23W"
144,"ALLARM","ALLARM.LT7","11/09/1996","12:00:00","NO3N.4","S1",1004,"CMC","NTWQM",1996-11-09 12:00:00,0.1,"D",2,"Water",NA,4.8,"MG/L",NA,"ACARL","ALLARM Community Aquatic Research Laboratory",0.1,2,NA,1,1,"S","PARTNTID","L02 ","NO23W"
144,"ALLARM","ALLARM.LT2","11/09/1996","12:00:00","NO3N.4","S1",999,"CMC","NTWQM",1996-11-09 12:00:00,0.1,"D",2,"Water",NA,5.25,"MG/L",NA,"ACARL","ALLARM Community Aquatic Research Laboratory",0.1,2,NA,1,1,"S","PARTNTID","L02 ","NO23W"
144,"ALLARM","ALLARM.LT9","09/13/1996","12:00:00","NO3N.4","S1",986,"CMC","NTWQM",1996-09-13 12:00:00,0.1,"D",2,"Water",NA,6,"MG/L",NA,"ACARL","ALLARM Community Aquatic Research Laboratory",0.1,2,NA,1,1,"S","PARTNTID","L02 ","NO23W"
144,"ALLARM","ALLARM.LT7","07/14/1996","12:00:00","NO3N.4","S1",964,"CMC","NTWQM",1996-07-14 12:00:00,0.1,"D",2,"Water",NA,5.2,"MG/L",NA,"ACARL","ALLARM Community Aquatic Research Laboratory",0.1,2,NA,1,1,"S","PARTNTID","L02 ","NO23W"
144,"ALLARM","ALLARM.LT8","08/10/1996","12:00:00","NO3N.4","S1",975,"CMC","NTWQM",1996-08-10 12:00:00,0.1,"D",2,"Water",NA,5.5,"MG/L",NA,"ACARL","ALLARM Community Aquatic Research Laboratory",0.1,2,NA,1,1,"S","PARTNTID","L02 ","NO23W"
144,"ALLARM","ALLARM.LT8","06/08/1996","12:00:00","NO3N.4","S1",955,"CMC","NTWQM",1996-06-08 12:00:00,0.1,"D",2,"Water",NA,7.2,"MG/L",NA,"ACARL","ALLARM Community Aquatic Research Laboratory",0.1,2,NA,1,1,"S","PARTNTID","L02 ","NO23W"
144,"ALLARM","ALLARM.LT3","06/08/1996","12:00:00","NO3N.4","S1",950,"CMC","NTWQM",1996-06-08 12:00:00,0.1,"D",2,"Water",NA,7.8,"MG/L",NA,"ACARL","ALLARM Community Aquatic Research Laboratory",0.1,2,NA,1,1,"S","PARTNTID","L02 ","NO23W"
144,"ALLARM","ALLARM.LT2","12/15/1996","12:00:00","NO3N.4","S1",1009,"CMC","NTWQM",1996-12-15 12:00:00,0.1,"D",2,"Water",NA,5,"MG/L",NA,"ACARL","ALLARM Community Aquatic Research Laboratory",0.1,2,NA,1,1,"S","PARTNTID","L02 ","NO23W"
144,"ALLARM","ALLARM.LT9","10/14/1996","12:00:00","NO3N.4","S1",996,"CMC","NTWQM",1996-10-14 12:00:00,0.1,"D",2,"Water",NA,6,"MG/L",NA,"ACARL","ALLARM Community Aquatic Research Laboratory",0.1,2,NA,1,1,"S","PARTNTID","L02 ","NO23W"
144,"ALLARM","ALLARM.LT4","05/04/1996","12:00:00","NO3N.4","S1",941,"CMC","NTWQM",1996-05-04 12:00:00,0.1,"D",2,"Water",NA,9,"MG/L",NA,"ACARL","ALLARM Community Aquatic Research Laboratory",0.1,2,NA,1,1,"S","PARTNTID","L02 ","NO23W"
144,"ALLARM","ALLARM.LT2","08/10/1996","12:00:00","NO3N.4","S1",969,"CMC","NTWQM",1996-08-10 12:00:00,0.1,"D",2,"Water",NA,5,"MG/L",NA,"ACARL","ALLARM Community Aquatic Research Laboratory",0.1,2,NA,1,1,"S","PARTNTID","L02 ","NO23W"
144,"ALLARM","ALLARM.LT8","07/14/1996","12:00:00","NO3N.4","S1",965,"CMC","NTWQM",1996-07-14 12:00:00,0.1,"D",2,"Water",NA,5.2,"MG/L",NA,"ACARL","ALLARM Community Aquatic Research Laboratory",0.1,2,NA,1,1,"S","PARTNTID","L02 ","NO23W"
144,"ALLARM","ALLARM.LT4","12/15/1996","12:00:00","NO3N.4","S1",1011,"CMC","NTWQM",1996-12-15 12:00:00,0.1,"D",2,"Water",NA,5.2,"MG/L",NA,"ACARL","ALLARM Community Aquatic Research Laboratory",0.1,2,NA,1,1,"S","PARTNTID","L02 ","NO23W"
144,"ALLARM","ALLARM.LT3","05/04/1996","12:00:00","NO3N.4","S1",940,"CMC","NTWQM",1996-05-04 12:00:00,0.1,"D",2,"Water",NA,9,"MG/L",NA,"ACARL","ALLARM Community Aquatic Research Laboratory",0.1,2,NA,1,1,"S","PARTNTID","L02 ","NO23W"
144,"ALLARM","ALLARM.LT9","11/09/1996","12:00:00","NO3N.4","S1",1006,"CMC","NTWQM",1996-11-09 12:00:00,0.1,"D",2,"Water",NA,4.2,"MG/L",NA,"ACARL","ALLARM Community Aquatic Research Laboratory",0.1,2,NA,1,1,"S","PARTNTID","L02 ","NO23W"
144,"ALLARM","ALLARM.LT4","06/08/1996","12:00:00","NO3N.4","S1",951,"CMC","NTWQM",1996-06-08 12:00:00,0.1,"D",2,"Water",NA,7.8,"MG/L",NA,"ACARL","ALLARM Community Aquatic Research Laboratory",0.1,2,NA,1,1,"S","PARTNTID","L02 ","NO23W"
144,"ALLARM","ALLARM.LT5","05/04/1996","12:00:00","NO3N.4","S1",942,"CMC","NTWQM",1996-05-04 12:00:00,0.1,"D",2,"Water",NA,9,"MG/L",NA,"ACARL","ALLARM Community Aquatic Research Laboratory",0.1,2,NA,1,1,"S","PARTNTID","L02 ","NO23W"
144,"ALLARM","ALLARM.LT4","07/14/1996","12:00:00","NO3N.4","S1",961,"CMC","NTWQM",1996-07-14 12:00:00,0.1,"D",2,"Water",NA,5.2,"MG/L",NA,"ACARL","ALLARM Community Aquatic Research Laboratory",0.1,2,NA,1,1,"S","PARTNTID","L02 ","NO23W"
144,"ALLARM","ALLARM.LT8","11/09/1996","12:00:00","NO3N.4","S1",1005,"CMC","NTWQM",1996-11-09 12:00:00,0.1,"D",2,"Water",NA,4.2,"MG/L",NA,"ACARL","ALLARM Community Aquatic Research Laboratory",0.1,2,NA,1,1,"S","PARTNTID","L02 ","NO23W"
144,"ALLARM","ALLARM.LT4","11/09/1996","12:00:00","NO3N.4","S1",1001,"CMC","NTWQM",1996-11-09 12:00:00,0.1,"D",2,"Water",NA,5.7,"MG/L",NA,"ACARL","ALLARM Community Aquatic Research Laboratory",0.1,2,NA,1,1,"S","PARTNTID","L02 ","NO23W"
144,"ALLARM","ALLARM.LT9","12/15/1996","12:00:00","NO3N.4","S1",1016,"CMC","NTWQM",1996-12-15 12:00:00,0.1,"D",2,"Water",NA,5.8,"MG/L",NA,"ACARL","ALLARM Community Aquatic Research Laboratory",0.1,2,NA,1,1,"S","PARTNTID","L02 ","NO23W"
144,"ALLARM","ALLARM.LT8","10/14/1996","12:00:00","NO3N.4","S1",995,"CMC","NTWQM",1996-10-14 12:00:00,0.1,"D",2,"Water",NA,5.5,"MG/L",NA,"ACARL","ALLARM Community Aquatic Research Laboratory",0.1,2,NA,1,1,"S","PARTNTID","L02 ","NO23W"
144,"ALLARM","ALLARM.LT4","10/14/1996","12:00:00","NO3N.4","S1",991,"CMC","NTWQM",1996-10-14 12:00:00,0.1,"D",2,"Water",NA,5.4,"MG/L",NA,"ACARL","ALLARM Community Aquatic Research Laboratory",0.1,2,NA,1,1,"S","PARTNTID","L02 ","NO23W"
144,"ALLARM","ALLARM.LT8","09/13/1996","12:00:00","NO3N.4","S1",985,"CMC","NTWQM",1996-09-13 12:00:00,0.1,"D",2,"Water",NA,6,"MG/L",NA,"ACARL","ALLARM Community Aquatic Research Laboratory",0.1,2,NA,1,1,"S","PARTNTID","L02 ","NO23W"
144,"ALLARM","ALLARM.LT8","12/15/1996","12:00:00","NO3N.4","S1",1015,"CMC","NTWQM",1996-12-15 12:00:00,0.1,"D",2,"Water",NA,5.8,"MG/L",NA,"ACARL","ALLARM Community Aquatic Research Laboratory",0.1,2,NA,1,1,"S","PARTNTID","L02 ","NO23W"
144,"ALLARM","ALLARM.LT4","09/13/1996","12:00:00","NO3N.4","S1",981,"CMC","NTWQM",1996-09-13 12:00:00,0.1,"D",2,"Water",NA,5.4,"MG/L",NA,"ACARL","ALLARM Community Aquatic Research Laboratory",0.1,2,NA,1,1,"S","PARTNTID","L02 ","NO23W"
144,"ALLARM","ALLARM.LT4","08/10/1996","12:00:00","NO3N.4","S1",971,"CMC","NTWQM",1996-08-10 12:00:00,0.1,"D",2,"Water",NA,5.2,"MG/L",NA,"ACARL","ALLARM Community Aquatic Research Laboratory",0.1,2,NA,1,1,"S","PARTNTID","L02 ","NO23W"
171,"ALLARM","ALLARM.LT2","08/10/1996","12:00:00","PH.1","M1",969,"CMC","NTWQM",1996-08-10 12:00:00,0.1,"ISM",2,"Water",NA,7.5,"SU",NA,NA,NA,NA,2,NA,1,1,"S","PARTNTID","F01 ","PH"
171,"ALLARM","ALLARM.LT1","05/04/1996","12:00:00","PH.1","M1",938,"CMC","NTWQM",1996-05-04 12:00:00,0.1,"ISM",2,"Water",NA,5.9,"SU",NA,NA,NA,NA,2,NA,1,1,"S","PARTNTID","F01 ","PH"
171,"ALLARM","ALLARM.LT1","08/10/1996","12:00:00","PH.1","M1",968,"CMC","NTWQM",1996-08-10 12:00:00,0.1,"ISM",2,"Water",NA,7.5,"SU",NA,NA,NA,NA,2,NA,1,1,"S","PARTNTID","F01 ","PH"
171,"ALLARM","ALLARM.LT1","09/13/1996","12:00:00","PH.1","M1",978,"CMC","NTWQM",1996-09-13 12:00:00,0.1,"ISM",2,"Water",NA,7.7,"SU",NA,NA,NA,NA,2,NA,1,1,"S","PARTNTID","F01 ","PH"
171,"ALLARM","ALLARM.LT9","06/08/1996","12:00:00","PH.1","M1",956,"CMC","NTWQM",1996-06-08 12:00:00,0.1,"ISM",2,"Water",NA,6,"SU",NA,NA,NA,NA,2,NA,1,1,"S","PARTNTID","F01 ","PH"
171,"ALLARM","ALLARM.LT2","09/13/1996","12:00:00","PH.1","M1",979,"CMC","NTWQM",1996-09-13 12:00:00,0.1,"ISM",2,"Water",NA,7.7,"SU",NA,NA,NA,NA,2,NA,1,1,"S","PARTNTID","F01 ","PH"
171,"ALLARM","ALLARM.LT9","07/14/1996","12:00:00","PH.1","M1",966,"CMC","NTWQM",1996-07-14 12:00:00,0.1,"ISM",2,"Water",NA,7.5,"SU",NA,NA,NA,NA,2,NA,1,1,"S","PARTNTID","F01 ","PH"
171,"ALLARM","ALLARM.LT9","05/04/1996","12:00:00","PH.1","M1",946,"CMC","NTWQM",1996-05-04 12:00:00,0.1,"ISM",2,"Water",NA,6,"SU",NA,NA,NA,NA,2,NA,1,1,"S","PARTNTID","F01 ","PH"
171,"ALLARM","ALLARM.LT1","07/14/1996","12:00:00","PH.1","M1",958,"CMC","NTWQM",1996-07-14 12:00:00,0.1,"ISM",2,"Water",NA,7.45,"SU",NA,NA,NA,NA,2,NA,1,1,"S","PARTNTID","F01 ","PH"
171,"ALLARM","ALLARM.LT1","10/14/1996","12:00:00","PH.1","M1",988,"CMC","NTWQM",1996-10-14 12:00:00,0.1,"ISM",2,"Water",NA,7.5,"SU",NA,NA,NA,NA,2,NA,1,1,"S","PARTNTID","F01 ","PH"
171,"ALLARM","ALLARM.LT10","11/09/1996","12:00:00","PH.1","M1",1007,"CMC","NTWQM",1996-11-09 12:00:00,0.1,"ISM",2,"Water",NA,7.4,"SU",NA,NA,NA,NA,2,NA,1,1,"S","PARTNTID","F01 ","PH"
171,"ALLARM","ALLARM.LT1","06/08/1996","12:00:00","PH.1","M1",948,"CMC","NTWQM",1996-06-08 12:00:00,0.1,"ISM",2,"Water",NA,6,"SU",NA,NA,NA,NA,2,NA,1,1,"S","PARTNTID","F01 ","PH"
171,"ALLARM","ALLARM.LT9","08/10/1996","12:00:00","PH.1","M1",976,"CMC","NTWQM",1996-08-10 12:00:00,0.1,"ISM",2,"Water",NA,7.7,"SU",NA,NA,NA,NA,2,NA,1,1,"S","PARTNTID","F01 ","PH"
171,"ALLARM","ALLARM.LT3","09/13/1996","12:00:00","PH.1","M1",980,"CMC","NTWQM",1996-09-13 12:00:00,0.1,"ISM",2,"Water",NA,7.5,"SU",NA,NA,NA,NA,2,NA,1,1,"S","PARTNTID","F01 ","PH"
171,"ALLARM","ALLARM.LT3","07/14/1996","12:00:00","PH.1","M1",960,"CMC","NTWQM",1996-07-14 12:00:00,0.1,"ISM",2,"Water",NA,7.5,"SU",NA,NA,NA,NA,2,NA,1,1,"S","PARTNTID","F01 ","PH"
171,"ALLARM","ALLARM.LT1","11/09/1996","12:00:00","PH.1","M1",998,"CMC","NTWQM",1996-11-09 12:00:00,0.1,"ISM",2,"Water",NA,7.45,"SU",NA,NA,NA,NA,2,NA,1,1,"S","PARTNTID","F01 ","PH"
171,"ALLARM","ALLARM.LT10","12/15/1996","12:00:00","PH.1","M1",1017,"CMC","NTWQM",1996-12-15 12:00:00,0.1,"ISM",2,"Water",NA,7.7,"SU",NA,NA,NA,NA,2,NA,1,1,"S","PARTNTID","F01 ","PH"
171,"ALLARM","ALLARM.LT10","10/14/1996","12:00:00","PH.1","M1",997,"CMC","NTWQM",1996-10-14 12:00:00,0.1,"ISM",2,"Water",NA,7.8,"SU",NA,NA,NA,NA,2,NA,1,1,"S","PARTNTID","F01 ","PH"
171,"ALLARM","ALLARM.LT9","09/13/1996","12:00:00","PH.1","M1",986,"CMC","NTWQM",1996-09-13 12:00:00,0.1,"ISM",2,"Water",NA,7,"SU",NA,NA,NA,NA,2,NA,1,1,"S","PARTNTID","F01 ","PH"
171,"ALLARM","ALLARM.LT3","10/14/1996","12:00:00","PH.1","M1",990,"CMC","NTWQM",1996-10-14 12:00:00,0.1,"ISM",2,"Water",NA,7.6,"SU",NA,NA,NA,NA,2,NA,1,1,"S","PARTNTID","F01 ","PH"
171,"ALLARM","ALLARM.LT3","08/10/1996","12:00:00","PH.1","M1",970,"CMC","NTWQM",1996-08-10 12:00:00,0.1,"ISM",2,"Water",NA,7.5,"SU",NA,NA,NA,NA,2,NA,1,1,"S","PARTNTID","F01 ","PH"
171,"ALLARM","ALLARM.LT1","12/15/1996","12:00:00","PH.1","M1",1008,"CMC","NTWQM",1996-12-15 12:00:00,0.1,"ISM",2,"Water",NA,7.6,"SU",NA,NA,NA,NA,2,NA,1,1,"S","PARTNTID","F01 ","PH"
171,"ALLARM","ALLARM.LT2","05/04/1996","12:00:00","PH.1","M1",939,"CMC","NTWQM",1996-05-04 12:00:00,0.1,"ISM",2,"Water",NA,6,"SU",NA,NA,NA,NA,2,NA,1,1,"S","PARTNTID","F01 ","PH"
171,"ALLARM","ALLARM.LT2","12/15/1996","12:00:00","PH.1","M1",1009,"CMC","NTWQM",1996-12-15 12:00:00,0.1,"ISM",2,"Water",NA,7.6,"SU",NA,NA,NA,NA,2,NA,1,1,"S","PARTNTID","F01 ","PH"
171,"ALLARM","ALLARM.LT2","10/14/1996","12:00:00","PH.1","M1",989,"CMC","NTWQM",1996-10-14 12:00:00,0.1,"ISM",2,"Water",NA,7.5,"SU",NA,NA,NA,NA,2,NA,1,1,"S","PARTNTID","F01 ","PH"
171,"ALLARM","ALLARM.LT3","11/09/1996","12:00:00","PH.1","M1",1000,"CMC","NTWQM",1996-11-09 12:00:00,0.1,"ISM",2,"Water",NA,7.74,"SU",NA,NA,NA,NA,2,NA,1,1,"S","PARTNTID","F01 ","PH"
171,"ALLARM","ALLARM.LT10","07/14/1996","12:00:00","PH.1","M1",967,"CMC","NTWQM",1996-07-14 12:00:00,0.1,"ISM",2,"Water",NA,7.7,"SU",NA,NA,NA,NA,2,NA,1,1,"S","PARTNTID","F01 ","PH"
171,"ALLARM","ALLARM.LT10","05/04/1996","12:00:00","PH.1","M1",947,"CMC","NTWQM",1996-05-04 12:00:00,0.1,"ISM",2,"Water",NA,6.3,"SU",NA,NA,NA,NA,2,NA,1,1,"S","PARTNTID","F01 ","PH"
171,"ALLARM","ALLARM.LT2","06/08/1996","12:00:00","PH.1","M1",949,"CMC","NTWQM",1996-06-08 12:00:00,0.1,"ISM",2,"Water",NA,6.1,"SU",NA,NA,NA,NA,2,NA,1,1,"S","PARTNTID","F01 ","PH"
171,"ALLARM","ALLARM.LT3","05/04/1996","12:00:00","PH.1","M1",940,"CMC","NTWQM",1996-05-04 12:00:00,0.1,"ISM",2,"Water",NA,6.3,"SU",NA,NA,NA,NA,2,NA,1,1,"S","PARTNTID","F01 ","PH"
171,"ALLARM","ALLARM.LT2","11/09/1996","12:00:00","PH.1","M1",999,"CMC","NTWQM",1996-11-09 12:00:00,0.1,"ISM",2,"Water",NA,7.7,"SU",NA,NA,NA,NA,2,NA,1,1,"S","PARTNTID","F01 ","PH"
171,"ALLARM","ALLARM.LT3","12/15/1996","12:00:00","PH.1","M1",1010,"CMC","NTWQM",1996-12-15 12:00:00,0.1,"ISM",2,"Water",NA,7.6,"SU",NA,NA,NA,NA,2,NA,1,1,"S","PARTNTID","F01 ","PH"
171,"ALLARM","ALLARM.LT10","08/10/1996","12:00:00","PH.1","M1",977,"CMC","NTWQM",1996-08-10 12:00:00,0.1,"ISM",2,"Water",NA,7.7,"SU",NA,NA,NA,NA,2,NA,1,1,"S","PARTNTID","F01 ","PH"
171,"ALLARM","ALLARM.LT10","06/08/1996","12:00:00","PH.1","M1",957,"CMC","NTWQM",1996-06-08 12:00:00,0.1,"ISM",2,"Water",NA,6.2,"SU",NA,NA,NA,NA,2,NA,1,1,"S","PARTNTID","F01 ","PH"
171,"ALLARM","ALLARM.LT2","07/14/1996","12:00:00","PH.1","M1",959,"CMC","NTWQM",1996-07-14 12:00:00,0.1,"ISM",2,"Water",NA,7.6,"SU",NA,NA,NA,NA,2,NA,1,1,"S","PARTNTID","F01 ","PH"
171,"ALLARM","ALLARM.LT3","06/08/1996","12:00:00","PH.1","M1",950,"CMC","NTWQM",1996-06-08 12:00:00,0.1,"ISM",2,"Water",NA,6.1,"SU",NA,NA,NA,NA,2,NA,1,1,"S","PARTNTID","F01 ","PH"
171,"ALLARM","ALLARM.LT6","09/13/1996","12:00:00","PH.1","M1",983,"CMC","NTWQM",1996-09-13 12:00:00,0.1,"ISM",2,"Water",NA,7.7,"SU",NA,NA,NA,NA,2,NA,1,1,"S","PARTNTID","F01 ","PH"
171,"ALLARM","ALLARM.LT9","10/14/1996","12:00:00","PH.1","M1",996,"CMC","NTWQM",1996-10-14 12:00:00,0.1,"ISM",2,"Water",NA,7.7,"SU",NA,NA,NA,NA,2,NA,1,1,"S","PARTNTID","F01 ","PH"
171,"ALLARM","ALLARM.LT10","09/13/1996","12:00:00","PH.1","M1",987,"CMC","NTWQM",1996-09-13 12:00:00,0.1,"ISM",2,"Water",NA,7.6,"SU",NA,NA,NA,NA,2,NA,1,1,"S","PARTNTID","F01 ","PH"
171,"ALLARM","ALLARM.LT4","12/15/1996","12:00:00","PH.1","M1",1011,"CMC","NTWQM",1996-12-15 12:00:00,0.1,"ISM",2,"Water",NA,7.7,"SU",NA,NA,NA,NA,2,NA,1,1,"S","PARTNTID","F01 ","PH"
171,"ALLARM","ALLARM.LT8","07/14/1996","12:00:00","PH.1","M1",965,"CMC","NTWQM",1996-07-14 12:00:00,0.1,"ISM",2,"Water",NA,7.6,"SU",NA,NA,NA,NA,2,NA,1,1,"S","PARTNTID","F01 ","PH"
171,"ALLARM","ALLARM.LT5","11/09/1996","12:00:00","PH.1","M1",1002,"CMC","NTWQM",1996-11-09 12:00:00,0.1,"ISM",2,"Water",NA,7.2,"SU",NA,NA,NA,NA,2,NA,1,1,"S","PARTNTID","F01 ","PH"
171,"ALLARM","ALLARM.LT6","10/14/1996","12:00:00","PH.1","M1",993,"CMC","NTWQM",1996-10-14 12:00:00,0.1,"ISM",2,"Water",NA,7.6,"SU",NA,NA,NA,NA,2,NA,1,1,"S","PARTNTID","F01 ","PH"
171,"ALLARM","ALLARM.LT9","11/09/1996","12:00:00","PH.1","M1",1006,"CMC","NTWQM",1996-11-09 12:00:00,0.1,"ISM",2,"Water",NA,7.39,"SU",NA,NA,NA,NA,2,NA,1,1,"S","PARTNTID","F01 ","PH"
171,"ALLARM","ALLARM.LT7","09/13/1996","12:00:00","PH.1","M1",984,"CMC","NTWQM",1996-09-13 12:00:00,0.1,"ISM",2,"Water",NA,7.4,"SU",NA,NA,NA,NA,2,NA,1,1,"S","PARTNTID","F01 ","PH"
171,"ALLARM","ALLARM.LT5","05/04/1996","12:00:00","PH.1","M1",942,"CMC","NTWQM",1996-05-04 12:00:00,0.1,"ISM",2,"Water",NA,6,"SU",NA,NA,NA,NA,2,NA,1,1,"S","PARTNTID","F01 ","PH"
171,"ALLARM","ALLARM.LT8","08/10/1996","12:00:00","PH.1","M1",975,"CMC","NTWQM",1996-08-10 12:00:00,0.1,"ISM",2,"Water",NA,7.6,"SU",NA,NA,NA,NA,2,NA,1,1,"S","PARTNTID","F01 ","PH"
171,"ALLARM","ALLARM.LT5","12/15/1996","12:00:00","PH.1","M1",1012,"CMC","NTWQM",1996-12-15 12:00:00,0.1,"ISM",2,"Water",NA,7.7,"SU",NA,NA,NA,NA,2,NA,1,1,"S","PARTNTID","F01 ","PH"
171,"ALLARM","ALLARM.LT6","11/09/1996","12:00:00","PH.1","M1",1003,"CMC","NTWQM",1996-11-09 12:00:00,0.1,"ISM",2,"Water",NA,7.53,"SU",NA,NA,NA,NA,2,NA,1,1,"S","PARTNTID","F01 ","PH"
171,"ALLARM","ALLARM.LT7","12/15/1996","12:00:00","PH.1","M1",1014,"CMC","NTWQM",1996-12-15 12:00:00,0.1,"ISM",2,"Water",NA,7.7,"SU",NA,NA,NA,NA,2,NA,1,1,"S","PARTNTID","F01 ","PH"
171,"ALLARM","ALLARM.LT7","10/14/1996","12:00:00","PH.1","M1",994,"CMC","NTWQM",1996-10-14 12:00:00,0.1,"ISM",2,"Water",NA,7.7,"SU",NA,NA,NA,NA,2,NA,1,1,"S","PARTNTID","F01 ","PH"
171,"ALLARM","ALLARM.LT5","06/08/1996","12:00:00","PH.1","M1",952,"CMC","NTWQM",1996-06-08 12:00:00,0.1,"ISM",2,"Water",NA,6,"SU",NA,NA,NA,NA,2,NA,1,1,"S","PARTNTID","F01 ","PH"
171,"ALLARM","ALLARM.LT8","09/13/1996","12:00:00","PH.1","M1",985,"CMC","NTWQM",1996-09-13 12:00:00,0.1,"ISM",2,"Water",NA,7.2,"SU",NA,NA,NA,NA,2,NA,1,1,"S","PARTNTID","F01 ","PH"
171,"ALLARM","ALLARM.LT6","05/04/1996","12:00:00","PH.1","M1",943,"CMC","NTWQM",1996-05-04 12:00:00,0.1,"ISM",2,"Water",NA,6,"SU",NA,NA,NA,NA,2,NA,1,1,"S","PARTNTID","F01 ","PH"
171,"ALLARM","ALLARM.LT6","12/15/1996","12:00:00","PH.1","M1",1013,"CMC","NTWQM",1996-12-15 12:00:00,0.1,"ISM",2,"Water",NA,7.5,"SU",NA,NA,NA,NA,2,NA,1,1,"S","PARTNTID","F01 ","PH"
171,"ALLARM","ALLARM.LT8","05/04/1996","12:00:00","PH.1","M1",945,"CMC","NTWQM",1996-05-04 12:00:00,0.1,"ISM",2,"Water",NA,5.9,"SU",NA,NA,NA,NA,2,NA,1,1,"S","PARTNTID","F01 ","PH"
171,"ALLARM","ALLARM.LT7","11/09/1996","12:00:00","PH.1","M1",1004,"CMC","NTWQM",1996-11-09 12:00:00,0.1,"ISM",2,"Water",NA,7.45,"SU",NA,NA,NA,NA,2,NA,1,1,"S","PARTNTID","F01 ","PH"
171,"ALLARM","ALLARM.LT5","07/14/1996","12:00:00","PH.1","M1",962,"CMC","NTWQM",1996-07-14 12:00:00,0.1,"ISM",2,"Water",NA,7.6,"SU",NA,NA,NA,NA,2,NA,1,1,"S","PARTNTID","F01 ","PH"
171,"ALLARM","ALLARM.LT8","10/14/1996","12:00:00","PH.1","M1",995,"CMC","NTWQM",1996-10-14 12:00:00,0.1,"ISM",2,"Water",NA,7.6,"SU",NA,NA,NA,NA,2,NA,1,1,"S","PARTNTID","F01 ","PH"
171,"ALLARM","ALLARM.LT6","06/08/1996","12:00:00","PH.1","M1",953,"CMC","NTWQM",1996-06-08 12:00:00,0.1,"ISM",2,"Water",NA,6.1,"SU",NA,NA,NA,NA,2,NA,1,1,"S","PARTNTID","F01 ","PH"
171,"ALLARM","ALLARM.LT7","05/04/1996","12:00:00","PH.1","M1",944,"CMC","NTWQM",1996-05-04 12:00:00,0.1,"ISM",2,"Water",NA,6,"SU",NA,NA,NA,NA,2,NA,1,1,"S","PARTNTID","F01 ","PH"
171,"ALLARM","ALLARM.LT8","06/08/1996","12:00:00","PH.1","M1",955,"CMC","NTWQM",1996-06-08 12:00:00,0.1,"ISM",2,"Water",NA,6.1,"SU",NA,NA,NA,NA,2,NA,1,1,"S","PARTNTID","F01 ","PH"
171,"ALLARM","ALLARM.LT5","10/14/1996","12:00:00","PH.1","M1",992,"CMC","NTWQM",1996-10-14 12:00:00,0.1,"ISM",2,"Water",NA,7.5,"SU",NA,NA,NA,NA,2,NA,1,1,"S","PARTNTID","F01 ","PH"
171,"ALLARM","ALLARM.LT5","08/10/1996","12:00:00","PH.1","M1",972,"CMC","NTWQM",1996-08-10 12:00:00,0.1,"ISM",2,"Water",NA,7.7,"SU",NA,NA,NA,NA,2,NA,1,1,"S","PARTNTID","F01 ","PH"
171,"ALLARM","ALLARM.LT8","11/09/1996","12:00:00","PH.1","M1",1005,"CMC","NTWQM",1996-11-09 12:00:00,0.1,"ISM",2,"Water",NA,7.45,"SU",NA,NA,NA,NA,2,NA,1,1,"S","PARTNTID","F01 ","PH"
171,"ALLARM","ALLARM.LT6","07/14/1996","12:00:00","PH.1","M1",963,"CMC","NTWQM",1996-07-14 12:00:00,0.1,"ISM",2,"Water",NA,7.7,"SU",NA,NA,NA,NA,2,NA,1,1,"S","PARTNTID","F01 ","PH"
171,"ALLARM","ALLARM.LT7","06/08/1996","12:00:00","PH.1","M1",954,"CMC","NTWQM",1996-06-08 12:00:00,0.1,"ISM",2,"Water",NA,6,"SU",NA,NA,NA,NA,2,NA,1,1,"S","PARTNTID","F01 ","PH"
171,"ALLARM","ALLARM.LT6","08/10/1996","12:00:00","PH.1","M1",973,"CMC","NTWQM",1996-08-10 12:00:00,0.1,"ISM",2,"Water",NA,7.7,"SU",NA,NA,NA,NA,2,NA,1,1,"S","PARTNTID","F01 ","PH"
171,"ALLARM","ALLARM.LT7","07/14/1996","12:00:00","PH.1","M1",964,"CMC","NTWQM",1996-07-14 12:00:00,0.1,"ISM",2,"Water",NA,7.5,"SU",NA,NA,NA,NA,2,NA,1,1,"S","PARTNTID","F01 ","PH"
171,"ALLARM","ALLARM.LT5","09/13/1996","12:00:00","PH.1","M1",982,"CMC","NTWQM",1996-09-13 12:00:00,0.1,"ISM",2,"Water",NA,7.6,"SU",NA,NA,NA,NA,2,NA,1,1,"S","PARTNTID","F01 ","PH"
171,"ALLARM","ALLARM.LT8","12/15/1996","12:00:00","PH.1","M1",1015,"CMC","NTWQM",1996-12-15 12:00:00,0.1,"ISM",2,"Water",NA,7.7,"SU",NA,NA,NA,NA,2,NA,1,1,"S","PARTNTID","F01 ","PH"
171,"ALLARM","ALLARM.LT4","11/09/1996","12:00:00","PH.1","M1",1001,"CMC","NTWQM",1996-11-09 12:00:00,0.1,"ISM",2,"Water",NA,7.78,"SU",NA,NA,NA,NA,2,NA,1,1,"S","PARTNTID","F01 ","PH"
171,"ALLARM","ALLARM.LT9","12/15/1996","12:00:00","PH.1","M1",1016,"CMC","NTWQM",1996-12-15 12:00:00,0.1,"ISM",2,"Water",NA,7.7,"SU",NA,NA,NA,NA,2,NA,1,1,"S","PARTNTID","F01 ","PH"
171,"ALLARM","ALLARM.LT4","07/14/1996","12:00:00","PH.1","M1",961,"CMC","NTWQM",1996-07-14 12:00:00,0.1,"ISM",2,"Water",NA,7.5,"SU",NA,NA,NA,NA,2,NA,1,1,"S","PARTNTID","F01 ","PH"
171,"ALLARM","ALLARM.LT7","08/10/1996","12:00:00","PH.1","M1",974,"CMC","NTWQM",1996-08-10 12:00:00,0.1,"ISM",2,"Water",NA,7.6,"SU",NA,NA,NA,NA,2,NA,1,1,"S","PARTNTID","F01 ","PH"
171,"ALLARM","ALLARM.LT4","05/04/1996","12:00:00","PH.1","M1",941,"CMC","NTWQM",1996-05-04 12:00:00,0.1,"ISM",2,"Water",NA,6,"SU",NA,NA,NA,NA,2,NA,1,1,"S","PARTNTID","F01 ","PH"
171,"ALLARM","ALLARM.LT4","06/08/1996","12:00:00","PH.1","M1",951,"CMC","NTWQM",1996-06-08 12:00:00,0.1,"ISM",2,"Water",NA,6,"SU",NA,NA,NA,NA,2,NA,1,1,"S","PARTNTID","F01 ","PH"
171,"ALLARM","ALLARM.LT4","09/13/1996","12:00:00","PH.1","M1",981,"CMC","NTWQM",1996-09-13 12:00:00,0.1,"ISM",2,"Water",NA,7.7,"SU",NA,NA,NA,NA,2,NA,1,1,"S","PARTNTID","F01 ","PH"
171,"ALLARM","ALLARM.LT4","10/14/1996","12:00:00","PH.1","M1",991,"CMC","NTWQM",1996-10-14 12:00:00,0.1,"ISM",2,"Water",NA,7.6,"SU",NA,NA,NA,NA,2,NA,1,1,"S","PARTNTID","F01 ","PH"
171,"ALLARM","ALLARM.LT4","08/10/1996","12:00:00","PH.1","M1",971,"CMC","NTWQM",1996-08-10 12:00:00,0.1,"ISM",2,"Water",NA,7.6,"SU",NA,NA,NA,NA,2,NA,1,1,"S","PARTNTID","F01 ","PH"
189,"ALLARM","ALLARM.LT10","06/08/1996","12:00:00","OP.5","S1",957,"CMC","NTWQM",1996-06-08 12:00:00,0.1,"D",2,"Water",NA,0.1,"MG/L",NA,"ACARL","ALLARM Community Aquatic Research Laboratory",0.02,2,NA,1,1,"S","PARTNTID","L02 ","PO4F"
189,"ALLARM","ALLARM.LT10","07/14/1996","12:00:00","OP.5","S1",967,"CMC","NTWQM",1996-07-14 12:00:00,0.1,"D",2,"Water",NA,1,"MG/L",NA,"ACARL","ALLARM Community Aquatic Research Laboratory",0.02,2,NA,1,1,"S","PARTNTID","L02 ","PO4F"
189,"ALLARM","ALLARM.LT1","05/04/1996","12:00:00","OP.5","S1",938,"CMC","NTWQM",1996-05-04 12:00:00,0.1,"D",2,"Water",NA,0.1,"MG/L",NA,"ACARL","ALLARM Community Aquatic Research Laboratory",0.02,2,NA,1,1,"S","PARTNTID","L02 ","PO4F"
189,"ALLARM","ALLARM.LT10","08/10/1996","12:00:00","OP.5","S1",977,"CMC","NTWQM",1996-08-10 12:00:00,0.1,"D",2,"Water",NA,0.2,"MG/L",NA,"ACARL","ALLARM Community Aquatic Research Laboratory",0.02,2,NA,1,1,"S","PARTNTID","L02 ","PO4F"
189,"ALLARM","ALLARM.LT2","09/13/1996","12:00:00","OP.5","S1",979,"CMC","NTWQM",1996-09-13 12:00:00,0.1,"D",2,"Water",NA,0.1,"MG/L",NA,"ACARL","ALLARM Community Aquatic Research Laboratory",0.02,2,NA,1,1,"S","PARTNTID","L02 ","PO4F"
189,"ALLARM","ALLARM.LT1","12/15/1996","12:00:00","OP.5","S1",1008,"CMC","NTWQM",1996-12-15 12:00:00,0.1,"D",2,"Water",NA,0,"MG/L",NA,"ACARL","ALLARM Community Aquatic Research Laboratory",0.02,2,NA,1,1,"S","PARTNTID","L02 ","PO4F"
189,"ALLARM","ALLARM.LT10","05/04/1996","12:00:00","OP.5","S1",947,"CMC","NTWQM",1996-05-04 12:00:00,0.1,"D",2,"Water",NA,0.1,"MG/L",NA,"ACARL","ALLARM Community Aquatic Research Laboratory",0.02,2,NA,1,1,"S","PARTNTID","L02 ","PO4F"
189,"ALLARM","ALLARM.LT1","10/14/1996","12:00:00","OP.5","S1",988,"CMC","NTWQM",1996-10-14 12:00:00,0.1,"D",2,"Water",NA,0,"MG/L",NA,"ACARL","ALLARM Community Aquatic Research Laboratory",0.02,2,NA,1,1,"S","PARTNTID","L02 ","PO4F"
189,"ALLARM","ALLARM.LT1","08/10/1996","12:00:00","OP.5","S1",968,"CMC","NTWQM",1996-08-10 12:00:00,0.1,"D",2,"Water",NA,0.05,"MG/L",NA,"ACARL","ALLARM Community Aquatic Research Laboratory",0.02,2,NA,1,1,"S","PARTNTID","L02 ","PO4F"
189,"ALLARM","ALLARM.LT1","06/08/1996","12:00:00","OP.5","S1",948,"CMC","NTWQM",1996-06-08 12:00:00,0.1,"D",2,"Water",NA,0.1,"MG/L",NA,"ACARL","ALLARM Community Aquatic Research Laboratory",0.02,2,NA,1,1,"S","PARTNTID","L02 ","PO4F"
189,"ALLARM","ALLARM.LT2","10/14/1996","12:00:00","OP.5","S1",989,"CMC","NTWQM",1996-10-14 12:00:00,0.1,"D",2,"Water",NA,0,"MG/L",NA,"ACARL","ALLARM Community Aquatic Research Laboratory",0.02,2,NA,1,1,"S","PARTNTID","L02 ","PO4F"
189,"ALLARM","ALLARM.LT2","08/10/1996","12:00:00","OP.5","S1",969,"CMC","NTWQM",1996-08-10 12:00:00,0.1,"D",2,"Water",NA,0.05,"MG/L",NA,"ACARL","ALLARM Community Aquatic Research Laboratory",0.02,2,NA,1,1,"S","PARTNTID","L02 ","PO4F"
189,"ALLARM","ALLARM.LT5","11/09/1996","12:00:00","OP.5","S1",1002,"CMC","NTWQM",1996-11-09 12:00:00,0.1,"D",2,"Water",NA,0,"MG/L",NA,"ACARL","ALLARM Community Aquatic Research Laboratory",0.02,2,NA,1,1,"S","PARTNTID","L02 ","PO4F"
189,"ALLARM","ALLARM.LT1","11/09/1996","12:00:00","OP.5","S1",998,"CMC","NTWQM",1996-11-09 12:00:00,0.1,"D",2,"Water",NA,0,"MG/L",NA,"ACARL","ALLARM Community Aquatic Research Laboratory",0.02,2,NA,1,1,"S","PARTNTID","L02 ","PO4F"
189,"ALLARM","ALLARM.LT1","09/13/1996","12:00:00","OP.5","S1",978,"CMC","NTWQM",1996-09-13 12:00:00,0.1,"D",2,"Water",NA,0.1,"MG/L",NA,"ACARL","ALLARM Community Aquatic Research Laboratory",0.02,2,NA,1,1,"S","PARTNTID","L02 ","PO4F"
189,"ALLARM","ALLARM.LT1","07/14/1996","12:00:00","OP.5","S1",958,"CMC","NTWQM",1996-07-14 12:00:00,0.1,"D",2,"Water",NA,0,"MG/L",NA,"ACARL","ALLARM Community Aquatic Research Laboratory",0.02,2,NA,1,1,"S","PARTNTID","L02 ","PO4F"
189,"ALLARM","ALLARM.LT2","11/09/1996","12:00:00","OP.5","S1",999,"CMC","NTWQM",1996-11-09 12:00:00,0.1,"D",2,"Water",NA,0,"MG/L",NA,"ACARL","ALLARM Community Aquatic Research Laboratory",0.02,2,NA,1,1,"S","PARTNTID","L02 ","PO4F"
189,"ALLARM","ALLARM.LT6","06/08/1996","12:00:00","OP.5","S1",953,"CMC","NTWQM",1996-06-08 12:00:00,0.1,"D",2,"Water",NA,0.1,"MG/L",NA,"ACARL","ALLARM Community Aquatic Research Laboratory",0.02,2,NA,1,1,"S","PARTNTID","L02 ","PO4F"
189,"ALLARM","ALLARM.LT5","12/15/1996","12:00:00","OP.5","S1",1012,"CMC","NTWQM",1996-12-15 12:00:00,0.1,"D",2,"Water",NA,0,"MG/L",NA,"ACARL","ALLARM Community Aquatic Research Laboratory",0.02,2,NA,1,1,"S","PARTNTID","L02 ","PO4F"
189,"ALLARM","ALLARM.LT3","08/10/1996","12:00:00","OP.5","S1",970,"CMC","NTWQM",1996-08-10 12:00:00,0.1,"D",2,"Water",NA,0.05,"MG/L",NA,"ACARL","ALLARM Community Aquatic Research Laboratory",0.02,2,NA,1,1,"S","PARTNTID","L02 ","PO4F"
189,"ALLARM","ALLARM.LT7","12/15/1996","12:00:00","OP.5","S1",1014,"CMC","NTWQM",1996-12-15 12:00:00,0.1,"D",2,"Water",NA,0.1,"MG/L",NA,"ACARL","ALLARM Community Aquatic Research Laboratory",0.02,2,NA,1,1,"S","PARTNTID","L02 ","PO4F"
189,"ALLARM","ALLARM.LT7","10/14/1996","12:00:00","OP.5","S1",994,"CMC","NTWQM",1996-10-14 12:00:00,0.1,"D",2,"Water",NA,0,"MG/L",NA,"ACARL","ALLARM Community Aquatic Research Laboratory",0.02,2,NA,1,1,"S","PARTNTID","L02 ","PO4F"
189,"ALLARM","ALLARM.LT2","12/15/1996","12:00:00","OP.5","S1",1009,"CMC","NTWQM",1996-12-15 12:00:00,0.1,"D",2,"Water",NA,0,"MG/L",NA,"ACARL","ALLARM Community Aquatic Research Laboratory",0.02,2,NA,1,1,"S","PARTNTID","L02 ","PO4F"
189,"ALLARM","ALLARM.LT6","07/14/1996","12:00:00","OP.5","S1",963,"CMC","NTWQM",1996-07-14 12:00:00,0.1,"D",2,"Water",NA,0.3,"MG/L",NA,"ACARL","ALLARM Community Aquatic Research Laboratory",0.02,2,NA,1,1,"S","PARTNTID","L02 ","PO4F"
189,"ALLARM","ALLARM.LT6","05/04/1996","12:00:00","OP.5","S1",943,"CMC","NTWQM",1996-05-04 12:00:00,0.1,"D",2,"Water",NA,0.1,"MG/L",NA,"ACARL","ALLARM Community Aquatic Research Laboratory",0.02,2,NA,1,1,"S","PARTNTID","L02 ","PO4F"
189,"ALLARM","ALLARM.LT3","09/13/1996","12:00:00","OP.5","S1",980,"CMC","NTWQM",1996-09-13 12:00:00,0.1,"D",2,"Water",NA,0.1,"MG/L",NA,"ACARL","ALLARM Community Aquatic Research Laboratory",0.02,2,NA,1,1,"S","PARTNTID","L02 ","PO4F"
189,"ALLARM","ALLARM.LT8","05/04/1996","12:00:00","OP.5","S1",945,"CMC","NTWQM",1996-05-04 12:00:00,0.1,"D",2,"Water",NA,0.1,"MG/L",NA,"ACARL","ALLARM Community Aquatic Research Laboratory",0.02,2,NA,1,1,"S","PARTNTID","L02 ","PO4F"
189,"ALLARM","ALLARM.LT7","11/09/1996","12:00:00","OP.5","S1",1004,"CMC","NTWQM",1996-11-09 12:00:00,0.1,"D",2,"Water",NA,0,"MG/L",NA,"ACARL","ALLARM Community Aquatic Research Laboratory",0.02,2,NA,1,1,"S","PARTNTID","L02 ","PO4F"
189,"ALLARM","ALLARM.LT3","05/04/1996","12:00:00","OP.5","S1",940,"CMC","NTWQM",1996-05-04 12:00:00,0.1,"D",2,"Water",NA,0.1,"MG/L",NA,"ACARL","ALLARM Community Aquatic Research Laboratory",0.02,2,NA,1,1,"S","PARTNTID","L02 ","PO4F"
189,"ALLARM","ALLARM.LT6","08/10/1996","12:00:00","OP.5","S1",973,"CMC","NTWQM",1996-08-10 12:00:00,0.1,"D",2,"Water",NA,0.2,"MG/L",NA,"ACARL","ALLARM Community Aquatic Research Laboratory",0.02,2,NA,1,1,"S","PARTNTID","L02 ","PO4F"
189,"ALLARM","ALLARM.LT3","12/15/1996","12:00:00","OP.5","S1",1010,"CMC","NTWQM",1996-12-15 12:00:00,0.1,"D",2,"Water",NA,0,"MG/L",NA,"ACARL","ALLARM Community Aquatic Research Laboratory",0.02,2,NA,1,1,"S","PARTNTID","L02 ","PO4F"
189,"ALLARM","ALLARM.LT3","10/14/1996","12:00:00","OP.5","S1",990,"CMC","NTWQM",1996-10-14 12:00:00,0.1,"D",2,"Water",NA,0,"MG/L",NA,"ACARL","ALLARM Community Aquatic Research Laboratory",0.02,2,NA,1,1,"S","PARTNTID","L02 ","PO4F"
189,"ALLARM","ALLARM.LT8","06/08/1996","12:00:00","OP.5","S1",955,"CMC","NTWQM",1996-06-08 12:00:00,0.1,"D",2,"Water",NA,0.1,"MG/L",NA,"ACARL","ALLARM Community Aquatic Research Laboratory",0.02,2,NA,1,1,"S","PARTNTID","L02 ","PO4F"
189,"ALLARM","ALLARM.LT5","10/14/1996","12:00:00","OP.5","S1",992,"CMC","NTWQM",1996-10-14 12:00:00,0.1,"D",2,"Water",NA,0,"MG/L",NA,"ACARL","ALLARM Community Aquatic Research Laboratory",0.02,2,NA,1,1,"S","PARTNTID","L02 ","PO4F"
189,"ALLARM","ALLARM.LT3","06/08/1996","12:00:00","OP.5","S1",950,"CMC","NTWQM",1996-06-08 12:00:00,0.1,"D",2,"Water",NA,0.1,"MG/L",NA,"ACARL","ALLARM Community Aquatic Research Laboratory",0.02,2,NA,1,1,"S","PARTNTID","L02 ","PO4F"
189,"ALLARM","ALLARM.LT4","05/04/1996","12:00:00","OP.5","S1",941,"CMC","NTWQM",1996-05-04 12:00:00,0.1,"D",2,"Water",NA,0.1,"MG/L",NA,"ACARL","ALLARM Community Aquatic Research Laboratory",0.02,2,NA,1,1,"S","PARTNTID","L02 ","PO4F"
189,"ALLARM","ALLARM.LT6","09/13/1996","12:00:00","OP.5","S1",983,"CMC","NTWQM",1996-09-13 12:00:00,0.1,"D",2,"Water",NA,0.1,"MG/L",NA,"ACARL","ALLARM Community Aquatic Research Laboratory",0.02,2,NA,1,1,"S","PARTNTID","L02 ","PO4F"
189,"ALLARM","ALLARM.LT3","11/09/1996","12:00:00","OP.5","S1",1000,"CMC","NTWQM",1996-11-09 12:00:00,0.1,"D",2,"Water",NA,0,"MG/L",NA,"ACARL","ALLARM Community Aquatic Research Laboratory",0.02,2,NA,1,1,"S","PARTNTID","L02 ","PO4F"
189,"ALLARM","ALLARM.LT8","07/14/1996","12:00:00","OP.5","S1",965,"CMC","NTWQM",1996-07-14 12:00:00,0.1,"D",2,"Water",NA,0.08,"MG/L",NA,"ACARL","ALLARM Community Aquatic Research Laboratory",0.02,2,NA,1,1,"S","PARTNTID","L02 ","PO4F"
189,"ALLARM","ALLARM.LT9","06/08/1996","12:00:00","OP.5","S1",956,"CMC","NTWQM",1996-06-08 12:00:00,0.1,"D",2,"Water",NA,0.1,"MG/L",NA,"ACARL","ALLARM Community Aquatic Research Laboratory",0.02,2,NA,1,1,"S","PARTNTID","L02 ","PO4F"
189,"ALLARM","ALLARM.LT3","07/14/1996","12:00:00","OP.5","S1",960,"CMC","NTWQM",1996-07-14 12:00:00,0.1,"D",2,"Water",NA,0.05,"MG/L",NA,"ACARL","ALLARM Community Aquatic Research Laboratory",0.02,2,NA,1,1,"S","PARTNTID","L02 ","PO4F"
189,"ALLARM","ALLARM.LT4","06/08/1996","12:00:00","OP.5","S1",951,"CMC","NTWQM",1996-06-08 12:00:00,0.1,"D",2,"Water",NA,0.1,"MG/L",NA,"ACARL","ALLARM Community Aquatic Research Laboratory",0.02,2,NA,1,1,"S","PARTNTID","L02 ","PO4F"
189,"ALLARM","ALLARM.LT6","10/14/1996","12:00:00","OP.5","S1",993,"CMC","NTWQM",1996-10-14 12:00:00,0.1,"D",2,"Water",NA,0,"MG/L",NA,"ACARL","ALLARM Community Aquatic Research Laboratory",0.02,2,NA,1,1,"S","PARTNTID","L02 ","PO4F"
189,"ALLARM","ALLARM.LT5","05/04/1996","12:00:00","OP.5","S1",942,"CMC","NTWQM",1996-05-04 12:00:00,0.1,"D",2,"Water",NA,0.1,"MG/L",NA,"ACARL","ALLARM Community Aquatic Research Laboratory",0.02,2,NA,1,1,"S","PARTNTID","L02 ","PO4F"
189,"ALLARM","ALLARM.LT8","08/10/1996","12:00:00","OP.5","S1",975,"CMC","NTWQM",1996-08-10 12:00:00,0.1,"D",2,"Water",NA,0.1,"MG/L",NA,"ACARL","ALLARM Community Aquatic Research Laboratory",0.02,2,NA,1,1,"S","PARTNTID","L02 ","PO4F"
189,"ALLARM","ALLARM.LT9","07/14/1996","12:00:00","OP.5","S1",966,"CMC","NTWQM",1996-07-14 12:00:00,0.1,"D",2,"Water",NA,0.05,"MG/L",NA,"ACARL","ALLARM Community Aquatic Research Laboratory",0.02,2,NA,1,1,"S","PARTNTID","L02 ","PO4F"
189,"ALLARM","ALLARM.LT4","09/13/1996","12:00:00","OP.5","S1",981,"CMC","NTWQM",1996-09-13 12:00:00,0.1,"D",2,"Water",NA,0.1,"MG/L",NA,"ACARL","ALLARM Community Aquatic Research Laboratory",0.02,2,NA,1,1,"S","PARTNTID","L02 ","PO4F"
189,"ALLARM","ALLARM.LT4","07/14/1996","12:00:00","OP.5","S1",961,"CMC","NTWQM",1996-07-14 12:00:00,0.1,"D",2,"Water",NA,0.05,"MG/L",NA,"ACARL","ALLARM Community Aquatic Research Laboratory",0.02,2,NA,1,1,"S","PARTNTID","L02 ","PO4F"
189,"ALLARM","ALLARM.LT6","11/09/1996","12:00:00","OP.5","S1",1003,"CMC","NTWQM",1996-11-09 12:00:00,0.1,"D",2,"Water",NA,0,"MG/L",NA,"ACARL","ALLARM Community Aquatic Research Laboratory",0.02,2,NA,1,1,"S","PARTNTID","L02 ","PO4F"
189,"ALLARM","ALLARM.LT5","06/08/1996","12:00:00","OP.5","S1",952,"CMC","NTWQM",1996-06-08 12:00:00,0.1,"D",2,"Water",NA,0.1,"MG/L",NA,"ACARL","ALLARM Community Aquatic Research Laboratory",0.02,2,NA,1,1,"S","PARTNTID","L02 ","PO4F"
189,"ALLARM","ALLARM.LT8","09/13/1996","12:00:00","OP.5","S1",985,"CMC","NTWQM",1996-09-13 12:00:00,0.1,"D",2,"Water",NA,0.1,"MG/L",NA,"ACARL","ALLARM Community Aquatic Research Laboratory",0.02,2,NA,1,1,"S","PARTNTID","L02 ","PO4F"
189,"ALLARM","ALLARM.LT9","08/10/1996","12:00:00","OP.5","S1",976,"CMC","NTWQM",1996-08-10 12:00:00,0.1,"D",2,"Water",NA,0.1,"MG/L",NA,"ACARL","ALLARM Community Aquatic Research Laboratory",0.02,2,NA,1,1,"S","PARTNTID","L02 ","PO4F"
189,"ALLARM","ALLARM.LT4","10/14/1996","12:00:00","OP.5","S1",991,"CMC","NTWQM",1996-10-14 12:00:00,0.1,"D",2,"Water",NA,0,"MG/L",NA,"ACARL","ALLARM Community Aquatic Research Laboratory",0.02,2,NA,1,1,"S","PARTNTID","L02 ","PO4F"
189,"ALLARM","ALLARM.LT4","08/10/1996","12:00:00","OP.5","S1",971,"CMC","NTWQM",1996-08-10 12:00:00,0.1,"D",2,"Water",NA,0.05,"MG/L",NA,"ACARL","ALLARM Community Aquatic Research Laboratory",0.02,2,NA,1,1,"S","PARTNTID","L02 ","PO4F"
189,"ALLARM","ALLARM.LT6","12/15/1996","12:00:00","OP.5","S1",1013,"CMC","NTWQM",1996-12-15 12:00:00,0.1,"D",2,"Water",NA,0.1,"MG/L",NA,"ACARL","ALLARM Community Aquatic Research Laboratory",0.02,2,NA,1,1,"S","PARTNTID","L02 ","PO4F"
189,"ALLARM","ALLARM.LT5","07/14/1996","12:00:00","OP.5","S1",962,"CMC","NTWQM",1996-07-14 12:00:00,0.1,"D",2,"Water",NA,1.6,"MG/L",NA,"ACARL","ALLARM Community Aquatic Research Laboratory",0.02,2,NA,1,1,"S","PARTNTID","L02 ","PO4F"
189,"ALLARM","ALLARM.LT8","10/14/1996","12:00:00","OP.5","S1",995,"CMC","NTWQM",1996-10-14 12:00:00,0.1,"D",2,"Water",NA,0,"MG/L",NA,"ACARL","ALLARM Community Aquatic Research Laboratory",0.02,2,NA,1,1,"S","PARTNTID","L02 ","PO4F"
189,"ALLARM","ALLARM.LT9","09/13/1996","12:00:00","OP.5","S1",986,"CMC","NTWQM",1996-09-13 12:00:00,0.1,"D",2,"Water",NA,0.1,"MG/L",NA,"ACARL","ALLARM Community Aquatic Research Laboratory",0.02,2,NA,1,1,"S","PARTNTID","L02 ","PO4F"
189,"ALLARM","ALLARM.LT4","11/09/1996","12:00:00","OP.5","S1",1001,"CMC","NTWQM",1996-11-09 12:00:00,0.1,"D",2,"Water",NA,0,"MG/L",NA,"ACARL","ALLARM Community Aquatic Research Laboratory",0.02,2,NA,1,1,"S","PARTNTID","L02 ","PO4F"
189,"ALLARM","ALLARM.LT7","07/14/1996","12:00:00","OP.5","S1",964,"CMC","NTWQM",1996-07-14 12:00:00,0.1,"D",2,"Water",NA,0.05,"MG/L",NA,"ACARL","ALLARM Community Aquatic Research Laboratory",0.02,2,NA,1,1,"S","PARTNTID","L02 ","PO4F"
189,"ALLARM","ALLARM.LT7","05/04/1996","12:00:00","OP.5","S1",944,"CMC","NTWQM",1996-05-04 12:00:00,0.1,"D",2,"Water",NA,0.1,"MG/L",NA,"ACARL","ALLARM Community Aquatic Research Laboratory",0.02,2,NA,1,1,"S","PARTNTID","L02 ","PO4F"
189,"ALLARM","ALLARM.LT5","08/10/1996","12:00:00","OP.5","S1",972,"CMC","NTWQM",1996-08-10 12:00:00,0.1,"D",2,"Water",NA,0.4,"MG/L",NA,"ACARL","ALLARM Community Aquatic Research Laboratory",0.02,2,NA,1,1,"S","PARTNTID","L02 ","PO4F"
189,"ALLARM","ALLARM.LT8","11/09/1996","12:00:00","OP.5","S1",1005,"CMC","NTWQM",1996-11-09 12:00:00,0.1,"D",2,"Water",NA,0,"MG/L",NA,"ACARL","ALLARM Community Aquatic Research Laboratory",0.02,2,NA,1,1,"S","PARTNTID","L02 ","PO4F"
189,"ALLARM","ALLARM.LT9","10/14/1996","12:00:00","OP.5","S1",996,"CMC","NTWQM",1996-10-14 12:00:00,0.1,"D",2,"Water",NA,0,"MG/L",NA,"ACARL","ALLARM Community Aquatic Research Laboratory",0.02,2,NA,1,1,"S","PARTNTID","L02 ","PO4F"
189,"ALLARM","ALLARM.LT4","12/15/1996","12:00:00","OP.5","S1",1011,"CMC","NTWQM",1996-12-15 12:00:00,0.1,"D",2,"Water",NA,0,"MG/L",NA,"ACARL","ALLARM Community Aquatic Research Laboratory",0.02,2,NA,1,1,"S","PARTNTID","L02 ","PO4F"
189,"ALLARM","ALLARM.LT7","08/10/1996","12:00:00","OP.5","S1",974,"CMC","NTWQM",1996-08-10 12:00:00,0.1,"D",2,"Water",NA,0.1,"MG/L",NA,"ACARL","ALLARM Community Aquatic Research Laboratory",0.02,2,NA,1,1,"S","PARTNTID","L02 ","PO4F"
189,"ALLARM","ALLARM.LT7","06/08/1996","12:00:00","OP.5","S1",954,"CMC","NTWQM",1996-06-08 12:00:00,0.1,"D",2,"Water",NA,0.1,"MG/L",NA,"ACARL","ALLARM Community Aquatic Research Laboratory",0.02,2,NA,1,1,"S","PARTNTID","L02 ","PO4F"
189,"ALLARM","ALLARM.LT5","09/13/1996","12:00:00","OP.5","S1",982,"CMC","NTWQM",1996-09-13 12:00:00,0.1,"D",2,"Water",NA,0.1,"MG/L",NA,"ACARL","ALLARM Community Aquatic Research Laboratory",0.02,2,NA,1,1,"S","PARTNTID","L02 ","PO4F"
189,"ALLARM","ALLARM.LT8","12/15/1996","12:00:00","OP.5","S1",1015,"CMC","NTWQM",1996-12-15 12:00:00,0.1,"D",2,"Water",NA,0.1,"MG/L",NA,"ACARL","ALLARM Community Aquatic Research Laboratory",0.02,2,NA,1,1,"S","PARTNTID","L02 ","PO4F"
189,"ALLARM","ALLARM.LT9","11/09/1996","12:00:00","OP.5","S1",1006,"CMC","NTWQM",1996-11-09 12:00:00,0.1,"D",2,"Water",NA,0,"MG/L",NA,"ACARL","ALLARM Community Aquatic Research Laboratory",0.02,2,NA,1,1,"S","PARTNTID","L02 ","PO4F"
189,"ALLARM","ALLARM.LT10","10/14/1996","12:00:00","OP.5","S1",997,"CMC","NTWQM",1996-10-14 12:00:00,0.1,"D",2,"Water",NA,0,"MG/L",NA,"ACARL","ALLARM Community Aquatic Research Laboratory",0.02,2,NA,1,1,"S","PARTNTID","L02 ","PO4F"
189,"ALLARM","ALLARM.LT7","09/13/1996","12:00:00","OP.5","S1",984,"CMC","NTWQM",1996-09-13 12:00:00,0.1,"D",2,"Water",NA,0.1,"MG/L",NA,"ACARL","ALLARM Community Aquatic Research Laboratory",0.02,2,NA,1,1,"S","PARTNTID","L02 ","PO4F"
189,"ALLARM","ALLARM.LT10","11/09/1996","12:00:00","OP.5","S1",1007,"CMC","NTWQM",1996-11-09 12:00:00,0.1,"D",2,"Water",NA,0.1,"MG/L",NA,"ACARL","ALLARM Community Aquatic Research Laboratory",0.02,2,NA,1,1,"S","PARTNTID","L02 ","PO4F"
189,"ALLARM","ALLARM.LT9","05/04/1996","12:00:00","OP.5","S1",946,"CMC","NTWQM",1996-05-04 12:00:00,0.1,"D",2,"Water",NA,0.1,"MG/L",NA,"ACARL","ALLARM Community Aquatic Research Laboratory",0.02,2,NA,1,1,"S","PARTNTID","L02 ","PO4F"
189,"ALLARM","ALLARM.LT2","07/14/1996","12:00:00","OP.5","S1",959,"CMC","NTWQM",1996-07-14 12:00:00,0.1,"D",2,"Water",NA,0.08,"MG/L",NA,"ACARL","ALLARM Community Aquatic Research Laboratory",0.02,2,NA,1,1,"S","PARTNTID","L02 ","PO4F"
189,"ALLARM","ALLARM.LT9","12/15/1996","12:00:00","OP.5","S1",1016,"CMC","NTWQM",1996-12-15 12:00:00,0.1,"D",2,"Water",NA,0.1,"MG/L",NA,"ACARL","ALLARM Community Aquatic Research Laboratory",0.02,2,NA,1,1,"S","PARTNTID","L02 ","PO4F"
189,"ALLARM","ALLARM.LT2","05/04/1996","12:00:00","OP.5","S1",939,"CMC","NTWQM",1996-05-04 12:00:00,0.1,"D",2,"Water",NA,0.1,"MG/L",NA,"ACARL","ALLARM Community Aquatic Research Laboratory",0.02,2,NA,1,1,"S","PARTNTID","L02 ","PO4F"
189,"ALLARM","ALLARM.LT2","06/08/1996","12:00:00","OP.5","S1",949,"CMC","NTWQM",1996-06-08 12:00:00,0.1,"D",2,"Water",NA,0.1,"MG/L",NA,"ACARL","ALLARM Community Aquatic Research Laboratory",0.02,2,NA,1,1,"S","PARTNTID","L02 ","PO4F"
189,"ALLARM","ALLARM.LT10","09/13/1996","12:00:00","OP.5","S1",987,"CMC","NTWQM",1996-09-13 12:00:00,0.1,"D",2,"Water",NA,0.1,"MG/L",NA,"ACARL","ALLARM Community Aquatic Research Laboratory",0.02,2,NA,1,1,"S","PARTNTID","L02 ","PO4F"
189,"ALLARM","ALLARM.LT10","12/15/1996","12:00:00","OP.5","S1",1017,"CMC","NTWQM",1996-12-15 12:00:00,0.1,"D",2,"Water",NA,0,"MG/L",NA,"ACARL","ALLARM Community Aquatic Research Laboratory",0.02,2,NA,1,1,"S","PARTNTID","L02 ","PO4F"
413,"ALLARM","ALLARM.LT1","06/08/1996","12:00:00","WT.3","M1",948,"CMC","NTWQM",1996-06-08 12:00:00,0.1,"ISM",2,"Water",NA,12,"DEG C",NA,NA,NA,NA,2,NA,1,1,"S","PARTNTID","F01 ","WTEMP"
413,"ALLARM","ALLARM.LT1","09/13/1996","12:00:00","WT.3","M1",978,"CMC","NTWQM",1996-09-13 12:00:00,0.1,"ISM",2,"Water",NA,16,"DEG C",NA,NA,NA,NA,2,NA,1,1,"S","PARTNTID","F01 ","WTEMP"
413,"ALLARM","ALLARM.LT1","07/14/1996","12:00:00","WT.3","M1",958,"CMC","NTWQM",1996-07-14 12:00:00,0.1,"ISM",2,"Water",NA,12,"DEG C",NA,NA,NA,NA,2,NA,1,1,"S","PARTNTID","F01 ","WTEMP"
413,"ALLARM","ALLARM.LT1","08/10/1996","12:00:00","WT.3","M1",968,"CMC","NTWQM",1996-08-10 12:00:00,0.1,"ISM",2,"Water",NA,13,"DEG C",NA,NA,NA,NA,2,NA,1,1,"S","PARTNTID","F01 ","WTEMP"
413,"ALLARM","ALLARM.LT7","08/10/1996","12:00:00","WT.3","M1",974,"CMC","NTWQM",1996-08-10 12:00:00,0.1,"ISM",2,"Water",NA,13.6,"DEG C",NA,NA,NA,NA,2,NA,1,1,"S","PARTNTID","F01 ","WTEMP"
413,"ALLARM","ALLARM.LT4","12/15/1996","12:00:00","WT.3","M1",1011,"CMC","NTWQM",1996-12-15 12:00:00,0.1,"ISM",2,"Water",NA,9.6,"DEG C",NA,NA,NA,NA,2,NA,1,1,"S","PARTNTID","F01 ","WTEMP"
413,"ALLARM","ALLARM.LT7","09/13/1996","12:00:00","WT.3","M1",984,"CMC","NTWQM",1996-09-13 12:00:00,0.1,"ISM",2,"Water",NA,16,"DEG C",NA,NA,NA,NA,2,NA,1,1,"S","PARTNTID","F01 ","WTEMP"
413,"ALLARM","ALLARM.LT5","05/04/1996","12:00:00","WT.3","M1",942,"CMC","NTWQM",1996-05-04 12:00:00,0.1,"ISM",2,"Water",NA,12,"DEG C",NA,NA,NA,NA,2,NA,1,1,"S","PARTNTID","F01 ","WTEMP"
413,"ALLARM","ALLARM.LT1","05/04/1996","12:00:00","WT.3","M1",938,"CMC","NTWQM",1996-05-04 12:00:00,0.1,"ISM",2,"Water",NA,11,"DEG C",NA,NA,NA,NA,2,NA,1,1,"S","PARTNTID","F01 ","WTEMP"
413,"ALLARM","ALLARM.LT1","11/09/1996","12:00:00","WT.3","M1",998,"CMC","NTWQM",1996-11-09 12:00:00,0.1,"ISM",2,"Water",NA,10.5,"DEG C",NA,NA,NA,NA,2,NA,1,1,"S","PARTNTID","F01 ","WTEMP"
413,"ALLARM","ALLARM.LT5","10/14/1996","12:00:00","WT.3","M1",992,"CMC","NTWQM",1996-10-14 12:00:00,0.1,"ISM",2,"Water",NA,14,"DEG C",NA,NA,NA,NA,2,NA,1,1,"S","PARTNTID","F01 ","WTEMP"
413,"ALLARM","ALLARM.LT1","12/15/1996","12:00:00","WT.3","M1",1008,"CMC","NTWQM",1996-12-15 12:00:00,0.1,"ISM",2,"Water",NA,9.6,"DEG C",NA,NA,NA,NA,2,NA,1,1,"S","PARTNTID","F01 ","WTEMP"
413,"ALLARM","ALLARM.LT1","10/14/1996","12:00:00","WT.3","M1",988,"CMC","NTWQM",1996-10-14 12:00:00,0.1,"ISM",2,"Water",NA,14,"DEG C",NA,NA,NA,NA,2,NA,1,1,"S","PARTNTID","F01 ","WTEMP"
413,"ALLARM","ALLARM.LT5","06/08/1996","12:00:00","WT.3","M1",952,"CMC","NTWQM",1996-06-08 12:00:00,0.1,"ISM",2,"Water",NA,12,"DEG C",NA,NA,NA,NA,2,NA,1,1,"S","PARTNTID","F01 ","WTEMP"
413,"ALLARM","ALLARM.LT2","10/14/1996","12:00:00","WT.3","M1",989,"CMC","NTWQM",1996-10-14 12:00:00,0.1,"ISM",2,"Water",NA,14,"DEG C",NA,NA,NA,NA,2,NA,1,1,"S","PARTNTID","F01 ","WTEMP"
413,"ALLARM","ALLARM.LT2","08/10/1996","12:00:00","WT.3","M1",969,"CMC","NTWQM",1996-08-10 12:00:00,0.1,"ISM",2,"Water",NA,13.1,"DEG C",NA,NA,NA,NA,2,NA,1,1,"S","PARTNTID","F01 ","WTEMP"
413,"ALLARM","ALLARM.LT5","11/09/1996","12:00:00","WT.3","M1",1002,"CMC","NTWQM",1996-11-09 12:00:00,0.1,"ISM",2,"Water",NA,11,"DEG C",NA,NA,NA,NA,2,NA,1,1,"S","PARTNTID","F01 ","WTEMP"
413,"ALLARM","ALLARM.LT10","05/04/1996","12:00:00","WT.3","M1",947,"CMC","NTWQM",1996-05-04 12:00:00,0.1,"ISM",2,"Water",NA,12,"DEG C",NA,NA,NA,NA,2,NA,1,1,"S","PARTNTID","F01 ","WTEMP"
413,"ALLARM","ALLARM.LT7","11/09/1996","12:00:00","WT.3","M1",1004,"CMC","NTWQM",1996-11-09 12:00:00,0.1,"ISM",2,"Water",NA,11,"DEG C",NA,NA,NA,NA,2,NA,1,1,"S","PARTNTID","F01 ","WTEMP"
413,"ALLARM","ALLARM.LT5","07/14/1996","12:00:00","WT.3","M1",962,"CMC","NTWQM",1996-07-14 12:00:00,0.1,"ISM",2,"Water",NA,14.2,"DEG C",NA,NA,NA,NA,2,NA,1,1,"S","PARTNTID","F01 ","WTEMP"
413,"ALLARM","ALLARM.LT2","11/09/1996","12:00:00","WT.3","M1",999,"CMC","NTWQM",1996-11-09 12:00:00,0.1,"ISM",2,"Water",NA,10.5,"DEG C",NA,NA,NA,NA,2,NA,1,1,"S","PARTNTID","F01 ","WTEMP"
413,"ALLARM","ALLARM.LT2","09/13/1996","12:00:00","WT.3","M1",979,"CMC","NTWQM",1996-09-13 12:00:00,0.1,"ISM",2,"Water",NA,16.1,"DEG C",NA,NA,NA,NA,2,NA,1,1,"S","PARTNTID","F01 ","WTEMP"
413,"ALLARM","ALLARM.LT5","12/15/1996","12:00:00","WT.3","M1",1012,"CMC","NTWQM",1996-12-15 12:00:00,0.1,"ISM",2,"Water",NA,9.5,"DEG C",NA,NA,NA,NA,2,NA,1,1,"S","PARTNTID","F01 ","WTEMP"
413,"ALLARM","ALLARM.LT10","06/08/1996","12:00:00","WT.3","M1",957,"CMC","NTWQM",1996-06-08 12:00:00,0.1,"ISM",2,"Water",NA,13.5,"DEG C",NA,NA,NA,NA,2,NA,1,1,"S","PARTNTID","F01 ","WTEMP"
413,"ALLARM","ALLARM.LT7","12/15/1996","12:00:00","WT.3","M1",1014,"CMC","NTWQM",1996-12-15 12:00:00,0.1,"ISM",2,"Water",NA,9.8,"DEG C",NA,NA,NA,NA,2,NA,1,1,"S","PARTNTID","F01 ","WTEMP"
413,"ALLARM","ALLARM.LT7","10/14/1996","12:00:00","WT.3","M1",994,"CMC","NTWQM",1996-10-14 12:00:00,0.1,"ISM",2,"Water",NA,13,"DEG C",NA,NA,NA,NA,2,NA,1,1,"S","PARTNTID","F01 ","WTEMP"
413,"ALLARM","ALLARM.LT2","12/15/1996","12:00:00","WT.3","M1",1009,"CMC","NTWQM",1996-12-15 12:00:00,0.1,"ISM",2,"Water",NA,9.6,"DEG C",NA,NA,NA,NA,2,NA,1,1,"S","PARTNTID","F01 ","WTEMP"
413,"ALLARM","ALLARM.LT6","07/14/1996","12:00:00","WT.3","M1",963,"CMC","NTWQM",1996-07-14 12:00:00,0.1,"ISM",2,"Water",NA,15.8,"DEG C",NA,NA,NA,NA,2,NA,1,1,"S","PARTNTID","F01 ","WTEMP"
413,"ALLARM","ALLARM.LT6","05/04/1996","12:00:00","WT.3","M1",943,"CMC","NTWQM",1996-05-04 12:00:00,0.1,"ISM",2,"Water",NA,12,"DEG C",NA,NA,NA,NA,2,NA,1,1,"S","PARTNTID","F01 ","WTEMP"
413,"ALLARM","ALLARM.LT10","07/14/1996","12:00:00","WT.3","M1",967,"CMC","NTWQM",1996-07-14 12:00:00,0.1,"ISM",2,"Water",NA,15.8,"DEG C",NA,NA,NA,NA,2,NA,1,1,"S","PARTNTID","F01 ","WTEMP"
413,"ALLARM","ALLARM.LT8","05/04/1996","12:00:00","WT.3","M1",945,"CMC","NTWQM",1996-05-04 12:00:00,0.1,"ISM",2,"Water",NA,12,"DEG C",NA,NA,NA,NA,2,NA,1,1,"S","PARTNTID","F01 ","WTEMP"
413,"ALLARM","ALLARM.LT5","09/13/1996","12:00:00","WT.3","M1",982,"CMC","NTWQM",1996-09-13 12:00:00,0.1,"ISM",2,"Water",NA,16.1,"DEG C",NA,NA,NA,NA,2,NA,1,1,"S","PARTNTID","F01 ","WTEMP"
413,"ALLARM","ALLARM.LT3","05/04/1996","12:00:00","WT.3","M1",940,"CMC","NTWQM",1996-05-04 12:00:00,0.1,"ISM",2,"Water",NA,12,"DEG C",NA,NA,NA,NA,2,NA,1,1,"S","PARTNTID","F01 ","WTEMP"
413,"ALLARM","ALLARM.LT6","08/10/1996","12:00:00","WT.3","M1",973,"CMC","NTWQM",1996-08-10 12:00:00,0.1,"ISM",2,"Water",NA,13.4,"DEG C",NA,NA,NA,NA,2,NA,1,1,"S","PARTNTID","F01 ","WTEMP"
413,"ALLARM","ALLARM.LT6","06/08/1996","12:00:00","WT.3","M1",953,"CMC","NTWQM",1996-06-08 12:00:00,0.1,"ISM",2,"Water",NA,12,"DEG C",NA,NA,NA,NA,2,NA,1,1,"S","PARTNTID","F01 ","WTEMP"
413,"ALLARM","ALLARM.LT10","08/10/1996","12:00:00","WT.3","M1",977,"CMC","NTWQM",1996-08-10 12:00:00,0.1,"ISM",2,"Water",NA,13.9,"DEG C",NA,NA,NA,NA,2,NA,1,1,"S","PARTNTID","F01 ","WTEMP"
413,"ALLARM","ALLARM.LT8","06/08/1996","12:00:00","WT.3","M1",955,"CMC","NTWQM",1996-06-08 12:00:00,0.1,"ISM",2,"Water",NA,13,"DEG C",NA,NA,NA,NA,2,NA,1,1,"S","PARTNTID","F01 ","WTEMP"
413,"ALLARM","ALLARM.LT9","05/04/1996","12:00:00","WT.3","M1",946,"CMC","NTWQM",1996-05-04 12:00:00,0.1,"ISM",2,"Water",NA,12,"DEG C",NA,NA,NA,NA,2,NA,1,1,"S","PARTNTID","F01 ","WTEMP"
413,"ALLARM","ALLARM.LT5","08/10/1996","12:00:00","WT.3","M1",972,"CMC","NTWQM",1996-08-10 12:00:00,0.1,"ISM",2,"Water",NA,13.3,"DEG C",NA,NA,NA,NA,2,NA,1,1,"S","PARTNTID","F01 ","WTEMP"
413,"ALLARM","ALLARM.LT6","09/13/1996","12:00:00","WT.3","M1",983,"CMC","NTWQM",1996-09-13 12:00:00,0.1,"ISM",2,"Water",NA,16.1,"DEG C",NA,NA,NA,NA,2,NA,1,1,"S","PARTNTID","F01 ","WTEMP"
413,"ALLARM","ALLARM.LT4","05/04/1996","12:00:00","WT.3","M1",941,"CMC","NTWQM",1996-05-04 12:00:00,0.1,"ISM",2,"Water",NA,12,"DEG C",NA,NA,NA,NA,2,NA,1,1,"S","PARTNTID","F01 ","WTEMP"
413,"ALLARM","ALLARM.LT10","09/13/1996","12:00:00","WT.3","M1",987,"CMC","NTWQM",1996-09-13 12:00:00,0.1,"ISM",2,"Water",NA,15.6,"DEG C",NA,NA,NA,NA,2,NA,1,1,"S","PARTNTID","F01 ","WTEMP"
413,"ALLARM","ALLARM.LT8","07/14/1996","12:00:00","WT.3","M1",965,"CMC","NTWQM",1996-07-14 12:00:00,0.1,"ISM",2,"Water",NA,15.8,"DEG C",NA,NA,NA,NA,2,NA,1,1,"S","PARTNTID","F01 ","WTEMP"
413,"ALLARM","ALLARM.LT9","06/08/1996","12:00:00","WT.3","M1",956,"CMC","NTWQM",1996-06-08 12:00:00,0.1,"ISM",2,"Water",NA,13,"DEG C",NA,NA,NA,NA,2,NA,1,1,"S","PARTNTID","F01 ","WTEMP"
413,"ALLARM","ALLARM.LT3","07/14/1996","12:00:00","WT.3","M1",960,"CMC","NTWQM",1996-07-14 12:00:00,0.1,"ISM",2,"Water",NA,13.2,"DEG C",NA,NA,NA,NA,2,NA,1,1,"S","PARTNTID","F01 ","WTEMP"
413,"ALLARM","ALLARM.LT6","10/14/1996","12:00:00","WT.3","M1",993,"CMC","NTWQM",1996-10-14 12:00:00,0.1,"ISM",2,"Water",NA,14,"DEG C",NA,NA,NA,NA,2,NA,1,1,"S","PARTNTID","F01 ","WTEMP"
413,"ALLARM","ALLARM.LT4","06/08/1996","12:00:00","WT.3","M1",951,"CMC","NTWQM",1996-06-08 12:00:00,0.1,"ISM",2,"Water",NA,12,"DEG C",NA,NA,NA,NA,2,NA,1,1,"S","PARTNTID","F01 ","WTEMP"
413,"ALLARM","ALLARM.LT10","10/14/1996","12:00:00","WT.3","M1",997,"CMC","NTWQM",1996-10-14 12:00:00,0.1,"ISM",2,"Water",NA,13,"DEG C",NA,NA,NA,NA,2,NA,1,1,"S","PARTNTID","F01 ","WTEMP"
413,"ALLARM","ALLARM.LT8","08/10/1996","12:00:00","WT.3","M1",975,"CMC","NTWQM",1996-08-10 12:00:00,0.1,"ISM",2,"Water",NA,13.6,"DEG C",NA,NA,NA,NA,2,NA,1,1,"S","PARTNTID","F01 ","WTEMP"
413,"ALLARM","ALLARM.LT9","07/14/1996","12:00:00","WT.3","M1",966,"CMC","NTWQM",1996-07-14 12:00:00,0.1,"ISM",2,"Water",NA,15.8,"DEG C",NA,NA,NA,NA,2,NA,1,1,"S","PARTNTID","F01 ","WTEMP"
413,"ALLARM","ALLARM.LT3","08/10/1996","12:00:00","WT.3","M1",970,"CMC","NTWQM",1996-08-10 12:00:00,0.1,"ISM",2,"Water",NA,13.1,"DEG C",NA,NA,NA,NA,2,NA,1,1,"S","PARTNTID","F01 ","WTEMP"
413,"ALLARM","ALLARM.LT6","11/09/1996","12:00:00","WT.3","M1",1003,"CMC","NTWQM",1996-11-09 12:00:00,0.1,"ISM",2,"Water",NA,11,"DEG C",NA,NA,NA,NA,2,NA,1,1,"S","PARTNTID","F01 ","WTEMP"
413,"ALLARM","ALLARM.LT4","07/14/1996","12:00:00","WT.3","M1",961,"CMC","NTWQM",1996-07-14 12:00:00,0.1,"ISM",2,"Water",NA,13.8,"DEG C",NA,NA,NA,NA,2,NA,1,1,"S","PARTNTID","F01 ","WTEMP"
413,"ALLARM","ALLARM.LT10","11/09/1996","12:00:00","WT.3","M1",1007,"CMC","NTWQM",1996-11-09 12:00:00,0.1,"ISM",2,"Water",NA,11,"DEG C",NA,NA,NA,NA,2,NA,1,1,"S","PARTNTID","F01 ","WTEMP"
413,"ALLARM","ALLARM.LT8","09/13/1996","12:00:00","WT.3","M1",985,"CMC","NTWQM",1996-09-13 12:00:00,0.1,"ISM",2,"Water",NA,16,"DEG C",NA,NA,NA,NA,2,NA,1,1,"S","PARTNTID","F01 ","WTEMP"
413,"ALLARM","ALLARM.LT9","08/10/1996","12:00:00","WT.3","M1",976,"CMC","NTWQM",1996-08-10 12:00:00,0.1,"ISM",2,"Water",NA,13.8,"DEG C",NA,NA,NA,NA,2,NA,1,1,"S","PARTNTID","F01 ","WTEMP"
413,"ALLARM","ALLARM.LT3","09/13/1996","12:00:00","WT.3","M1",980,"CMC","NTWQM",1996-09-13 12:00:00,0.1,"ISM",2,"Water",NA,16,"DEG C",NA,NA,NA,NA,2,NA,1,1,"S","PARTNTID","F01 ","WTEMP"
413,"ALLARM","ALLARM.LT6","12/15/1996","12:00:00","WT.3","M1",1013,"CMC","NTWQM",1996-12-15 12:00:00,0.1,"ISM",2,"Water",NA,9.2,"DEG C",NA,NA,NA,NA,2,NA,1,1,"S","PARTNTID","F01 ","WTEMP"
413,"ALLARM","ALLARM.LT4","08/10/1996","12:00:00","WT.3","M1",971,"CMC","NTWQM",1996-08-10 12:00:00,0.1,"ISM",2,"Water",NA,13.1,"DEG C",NA,NA,NA,NA,2,NA,1,1,"S","PARTNTID","F01 ","WTEMP"
413,"ALLARM","ALLARM.LT10","12/15/1996","12:00:00","WT.3","M1",1017,"CMC","NTWQM",1996-12-15 12:00:00,0.1,"ISM",2,"Water",NA,9.8,"DEG C",NA,NA,NA,NA,2,NA,1,1,"S","PARTNTID","F01 ","WTEMP"
413,"ALLARM","ALLARM.LT8","10/14/1996","12:00:00","WT.3","M1",995,"CMC","NTWQM",1996-10-14 12:00:00,0.1,"ISM",2,"Water",NA,13,"DEG C",NA,NA,NA,NA,2,NA,1,1,"S","PARTNTID","F01 ","WTEMP"
413,"ALLARM","ALLARM.LT9","09/13/1996","12:00:00","WT.3","M1",986,"CMC","NTWQM",1996-09-13 12:00:00,0.1,"ISM",2,"Water",NA,15.8,"DEG C",NA,NA,NA,NA,2,NA,1,1,"S","PARTNTID","F01 ","WTEMP"
413,"ALLARM","ALLARM.LT3","10/14/1996","12:00:00","WT.3","M1",990,"CMC","NTWQM",1996-10-14 12:00:00,0.1,"ISM",2,"Water",NA,14,"DEG C",NA,NA,NA,NA,2,NA,1,1,"S","PARTNTID","F01 ","WTEMP"
413,"ALLARM","ALLARM.LT7","05/04/1996","12:00:00","WT.3","M1",944,"CMC","NTWQM",1996-05-04 12:00:00,0.1,"ISM",2,"Water",NA,12,"DEG C",NA,NA,NA,NA,2,NA,1,1,"S","PARTNTID","F01 ","WTEMP"
413,"ALLARM","ALLARM.LT4","09/13/1996","12:00:00","WT.3","M1",981,"CMC","NTWQM",1996-09-13 12:00:00,0.1,"ISM",2,"Water",NA,16,"DEG C",NA,NA,NA,NA,2,NA,1,1,"S","PARTNTID","F01 ","WTEMP"
413,"ALLARM","ALLARM.LT2","05/04/1996","12:00:00","WT.3","M1",939,"CMC","NTWQM",1996-05-04 12:00:00,0.1,"ISM",2,"Water",NA,11,"DEG C",NA,NA,NA,NA,2,NA,1,1,"S","PARTNTID","F01 ","WTEMP"
413,"ALLARM","ALLARM.LT8","11/09/1996","12:00:00","WT.3","M1",1005,"CMC","NTWQM",1996-11-09 12:00:00,0.1,"ISM",2,"Water",NA,10.5,"DEG C",NA,NA,NA,NA,2,NA,1,1,"S","PARTNTID","F01 ","WTEMP"
413,"ALLARM","ALLARM.LT9","10/14/1996","12:00:00","WT.3","M1",996,"CMC","NTWQM",1996-10-14 12:00:00,0.1,"ISM",2,"Water",NA,13,"DEG C",NA,NA,NA,NA,2,NA,1,1,"S","PARTNTID","F01 ","WTEMP"
413,"ALLARM","ALLARM.LT3","11/09/1996","12:00:00","WT.3","M1",1000,"CMC","NTWQM",1996-11-09 12:00:00,0.1,"ISM",2,"Water",NA,11,"DEG C",NA,NA,NA,NA,2,NA,1,1,"S","PARTNTID","F01 ","WTEMP"
413,"ALLARM","ALLARM.LT7","06/08/1996","12:00:00","WT.3","M1",954,"CMC","NTWQM",1996-06-08 12:00:00,0.1,"ISM",2,"Water",NA,12.5,"DEG C",NA,NA,NA,NA,2,NA,1,1,"S","PARTNTID","F01 ","WTEMP"
413,"ALLARM","ALLARM.LT4","10/14/1996","12:00:00","WT.3","M1",991,"CMC","NTWQM",1996-10-14 12:00:00,0.1,"ISM",2,"Water",NA,14,"DEG C",NA,NA,NA,NA,2,NA,1,1,"S","PARTNTID","F01 ","WTEMP"
413,"ALLARM","ALLARM.LT2","06/08/1996","12:00:00","WT.3","M1",949,"CMC","NTWQM",1996-06-08 12:00:00,0.1,"ISM",2,"Water",NA,12,"DEG C",NA,NA,NA,NA,2,NA,1,1,"S","PARTNTID","F01 ","WTEMP"
413,"ALLARM","ALLARM.LT8","12/15/1996","12:00:00","WT.3","M1",1015,"CMC","NTWQM",1996-12-15 12:00:00,0.1,"ISM",2,"Water",NA,9.8,"DEG C",NA,NA,NA,NA,2,NA,1,1,"S","PARTNTID","F01 ","WTEMP"
413,"ALLARM","ALLARM.LT9","11/09/1996","12:00:00","WT.3","M1",1006,"CMC","NTWQM",1996-11-09 12:00:00,0.1,"ISM",2,"Water",NA,11,"DEG C",NA,NA,NA,NA,2,NA,1,1,"S","PARTNTID","F01 ","WTEMP"
413,"ALLARM","ALLARM.LT3","12/15/1996","12:00:00","WT.3","M1",1010,"CMC","NTWQM",1996-12-15 12:00:00,0.1,"ISM",2,"Water",NA,9.5,"DEG C",NA,NA,NA,NA,2,NA,1,1,"S","PARTNTID","F01 ","WTEMP"
413,"ALLARM","ALLARM.LT7","07/14/1996","12:00:00","WT.3","M1",964,"CMC","NTWQM",1996-07-14 12:00:00,0.1,"ISM",2,"Water",NA,15.5,"DEG C",NA,NA,NA,NA,2,NA,1,1,"S","PARTNTID","F01 ","WTEMP"
413,"ALLARM","ALLARM.LT4","11/09/1996","12:00:00","WT.3","M1",1001,"CMC","NTWQM",1996-11-09 12:00:00,0.1,"ISM",2,"Water",NA,11,"DEG C",NA,NA,NA,NA,2,NA,1,1,"S","PARTNTID","F01 ","WTEMP"
413,"ALLARM","ALLARM.LT2","07/14/1996","12:00:00","WT.3","M1",959,"CMC","NTWQM",1996-07-14 12:00:00,0.1,"ISM",2,"Water",NA,13.2,"DEG C",NA,NA,NA,NA,2,NA,1,1,"S","PARTNTID","F01 ","WTEMP"
413,"ALLARM","ALLARM.LT3","06/08/1996","12:00:00","WT.3","M1",950,"CMC","NTWQM",1996-06-08 12:00:00,0.1,"ISM",2,"Water",NA,12,"DEG C",NA,NA,NA,NA,2,NA,1,1,"S","PARTNTID","F01 ","WTEMP"
413,"ALLARM","ALLARM.LT9","12/15/1996","12:00:00","WT.3","M1",1016,"CMC","NTWQM",1996-12-15 12:00:00,0.1,"ISM",2,"Water",NA,9.8,"DEG C",NA,NA,NA,NA,2,NA,1,1,"S","PARTNTID","F01 ","WTEMP"
999,"ALLARM","ALLARM.LT1","11/09/1996","12:00:00","TDS.1","M1",998,"CMC","NTWQM",1996-11-09 12:00:00,0.1,"ISM",1,"Water",NA,270,"MG/L",NA,NA,NA,NA,2,NA,1,1,"S","PARTNTID",NA,NA
999,"ALLARM","ALLARM.LT7","09/13/1996","12:00:00","TDS.1","M1",984,"CMC","NTWQM",1996-09-13 12:00:00,0.1,"ISM",1,"Water",NA,320,"MG/L",NA,NA,NA,NA,2,NA,1,1,"S","PARTNTID",NA,NA
999,"ALLARM","ALLARM.LT5","05/04/1996","12:00:00","TDS.1","M1",942,"CMC","NTWQM",1996-05-04 12:00:00,0.1,"ISM",1,"Water",NA,360,"MG/L",NA,NA,NA,NA,2,NA,1,1,"S","PARTNTID",NA,NA
999,"ALLARM","ALLARM.LT2","09/13/1996","12:00:00","TDS.1","M1",979,"CMC","NTWQM",1996-09-13 12:00:00,0.1,"ISM",1,"Water",NA,280,"MG/L",NA,NA,NA,NA,2,NA,1,1,"S","PARTNTID",NA,NA
999,"ALLARM","ALLARM.LT1","05/04/1996","12:00:00","TDS.1","M1",938,"CMC","NTWQM",1996-05-04 12:00:00,0.1,"ISM",1,"Water",NA,310,"MG/L",NA,NA,NA,NA,2,NA,1,1,"S","PARTNTID",NA,NA
999,"ALLARM","ALLARM.LT3","08/10/1996","12:00:00","TDS.1","M1",970,"CMC","NTWQM",1996-08-10 12:00:00,0.1,"ISM",1,"Water",NA,280,"MG/L",NA,NA,NA,NA,2,NA,1,1,"S","PARTNTID",NA,NA
999,"ALLARM","ALLARM.LT1","12/15/1996","12:00:00","TDS.1","M1",1008,"CMC","NTWQM",1996-12-15 12:00:00,0.1,"ISM",1,"Water",NA,290,"MG/L",NA,NA,NA,NA,2,NA,1,1,"S","PARTNTID",NA,NA
999,"ALLARM","ALLARM.LT7","10/14/1996","12:00:00","TDS.1","M1",994,"CMC","NTWQM",1996-10-14 12:00:00,0.1,"ISM",1,"Water",NA,350,"MG/L",NA,NA,NA,NA,2,NA,1,1,"S","PARTNTID",NA,NA
999,"ALLARM","ALLARM.LT5","06/08/1996","12:00:00","TDS.1","M1",952,"CMC","NTWQM",1996-06-08 12:00:00,0.1,"ISM",1,"Water",NA,330,"MG/L",NA,NA,NA,NA,2,NA,1,1,"S","PARTNTID",NA,NA
999,"ALLARM","ALLARM.LT2","10/14/1996","12:00:00","TDS.1","M1",989,"CMC","NTWQM",1996-10-14 12:00:00,0.1,"ISM",1,"Water",NA,310,"MG/L",NA,NA,NA,NA,2,NA,1,1,"S","PARTNTID",NA,NA
999,"ALLARM","ALLARM.LT1","06/08/1996","12:00:00","TDS.1","M1",948,"CMC","NTWQM",1996-06-08 12:00:00,0.1,"ISM",1,"Water",NA,320,"MG/L",NA,NA,NA,NA,2,NA,1,1,"S","PARTNTID",NA,NA
999,"ALLARM","ALLARM.LT3","09/13/1996","12:00:00","TDS.1","M1",980,"CMC","NTWQM",1996-09-13 12:00:00,0.1,"ISM",1,"Water",NA,300,"MG/L",NA,NA,NA,NA,2,NA,1,1,"S","PARTNTID",NA,NA
999,"ALLARM","ALLARM.LT10","05/04/1996","12:00:00","TDS.1","M1",947,"CMC","NTWQM",1996-05-04 12:00:00,0.1,"ISM",1,"Water",NA,410,"MG/L",NA,NA,NA,NA,2,NA,1,1,"S","PARTNTID",NA,NA
999,"ALLARM","ALLARM.LT7","11/09/1996","12:00:00","TDS.1","M1",1004,"CMC","NTWQM",1996-11-09 12:00:00,0.1,"ISM",1,"Water",NA,340,"MG/L",NA,NA,NA,NA,2,NA,1,1,"S","PARTNTID",NA,NA
999,"ALLARM","ALLARM.LT5","07/14/1996","12:00:00","TDS.1","M1",962,"CMC","NTWQM",1996-07-14 12:00:00,0.1,"ISM",1,"Water",NA,290,"MG/L",NA,NA,NA,NA,2,NA,1,1,"S","PARTNTID",NA,NA
999,"ALLARM","ALLARM.LT2","11/09/1996","12:00:00","TDS.1","M1",999,"CMC","NTWQM",1996-11-09 12:00:00,0.1,"ISM",1,"Water",NA,270,"MG/L",NA,NA,NA,NA,2,NA,1,1,"S","PARTNTID",NA,NA
999,"ALLARM","ALLARM.LT1","07/14/1996","12:00:00","TDS.1","M1",958,"CMC","NTWQM",1996-07-14 12:00:00,0.1,"ISM",1,"Water",NA,260,"MG/L",NA,NA,NA,NA,2,NA,1,1,"S","PARTNTID",NA,NA
999,"ALLARM","ALLARM.LT3","10/14/1996","12:00:00","TDS.1","M1",990,"CMC","NTWQM",1996-10-14 12:00:00,0.1,"ISM",1,"Water",NA,320,"MG/L",NA,NA,NA,NA,2,NA,1,1,"S","PARTNTID",NA,NA
999,"ALLARM","ALLARM.LT10","06/08/1996","12:00:00","TDS.1","M1",957,"CMC","NTWQM",1996-06-08 12:00:00,0.1,"ISM",1,"Water",NA,370,"MG/L",NA,NA,NA,NA,2,NA,1,1,"S","PARTNTID",NA,NA
999,"ALLARM","ALLARM.LT7","12/15/1996","12:00:00","TDS.1","M1",1014,"CMC","NTWQM",1996-12-15 12:00:00,0.1,"ISM",1,"Water",NA,380,"MG/L",NA,NA,NA,NA,2,NA,1,1,"S","PARTNTID",NA,NA
999,"ALLARM","ALLARM.LT5","08/10/1996","12:00:00","TDS.1","M1",972,"CMC","NTWQM",1996-08-10 12:00:00,0.1,"ISM",1,"Water",NA,300,"MG/L",NA,NA,NA,NA,2,NA,1,1,"S","PARTNTID",NA,NA
999,"ALLARM","ALLARM.LT2","12/15/1996","12:00:00","TDS.1","M1",1009,"CMC","NTWQM",1996-12-15 12:00:00,0.1,"ISM",1,"Water",NA,300,"MG/L",NA,NA,NA,NA,2,NA,1,1,"S","PARTNTID",NA,NA
999,"ALLARM","ALLARM.LT1","08/10/1996","12:00:00","TDS.1","M1",968,"CMC","NTWQM",1996-08-10 12:00:00,0.1,"ISM",1,"Water",NA,260,"MG/L",NA,NA,NA,NA,2,NA,1,1,"S","PARTNTID",NA,NA
999,"ALLARM","ALLARM.LT3","11/09/1996","12:00:00","TDS.1","M1",1000,"CMC","NTWQM",1996-11-09 12:00:00,0.1,"ISM",1,"Water",NA,290,"MG/L",NA,NA,NA,NA,2,NA,1,1,"S","PARTNTID",NA,NA
999,"ALLARM","ALLARM.LT10","07/14/1996","12:00:00","TDS.1","M1",967,"CMC","NTWQM",1996-07-14 12:00:00,0.1,"ISM",1,"Water",NA,380,"MG/L",NA,NA,NA,NA,2,NA,1,1,"S","PARTNTID",NA,NA
999,"ALLARM","ALLARM.LT8","05/04/1996","12:00:00","TDS.1","M1",945,"CMC","NTWQM",1996-05-04 12:00:00,0.1,"ISM",1,"Water",NA,400,"MG/L",NA,NA,NA,NA,2,NA,1,1,"S","PARTNTID",NA,NA
999,"ALLARM","ALLARM.LT5","09/13/1996","12:00:00","TDS.1","M1",982,"CMC","NTWQM",1996-09-13 12:00:00,0.1,"ISM",1,"Water",NA,310,"MG/L",NA,NA,NA,NA,2,NA,1,1,"S","PARTNTID",NA,NA
999,"ALLARM","ALLARM.LT3","05/04/1996","12:00:00","TDS.1","M1",940,"CMC","NTWQM",1996-05-04 12:00:00,0.1,"ISM",1,"Water",NA,310,"MG/L",NA,NA,NA,NA,2,NA,1,1,"S","PARTNTID",NA,NA
999,"ALLARM","ALLARM.LT1","09/13/1996","12:00:00","TDS.1","M1",978,"CMC","NTWQM",1996-09-13 12:00:00,0.1,"ISM",1,"Water",NA,280,"MG/L",NA,NA,NA,NA,2,NA,1,1,"S","PARTNTID",NA,NA
999,"ALLARM","ALLARM.LT3","12/15/1996","12:00:00","TDS.1","M1",1010,"CMC","NTWQM",1996-12-15 12:00:00,0.1,"ISM",1,"Water",NA,320,"MG/L",NA,NA,NA,NA,2,NA,1,1,"S","PARTNTID",NA,NA
999,"ALLARM","ALLARM.LT10","08/10/1996","12:00:00","TDS.1","M1",977,"CMC","NTWQM",1996-08-10 12:00:00,0.1,"ISM",1,"Water",NA,400,"MG/L",NA,NA,NA,NA,2,NA,1,1,"S","PARTNTID",NA,NA
999,"ALLARM","ALLARM.LT8","06/08/1996","12:00:00","TDS.1","M1",955,"CMC","NTWQM",1996-06-08 12:00:00,0.1,"ISM",1,"Water",NA,350,"MG/L",NA,NA,NA,NA,2,NA,1,1,"S","PARTNTID",NA,NA
999,"ALLARM","ALLARM.LT5","10/14/1996","12:00:00","TDS.1","M1",992,"CMC","NTWQM",1996-10-14 12:00:00,0.1,"ISM",1,"Water",NA,340,"MG/L",NA,NA,NA,NA,2,NA,1,1,"S","PARTNTID",NA,NA
999,"ALLARM","ALLARM.LT3","06/08/1996","12:00:00","TDS.1","M1",950,"CMC","NTWQM",1996-06-08 12:00:00,0.1,"ISM",1,"Water",NA,330,"MG/L",NA,NA,NA,NA,2,NA,1,1,"S","PARTNTID",NA,NA
999,"ALLARM","ALLARM.LT1","10/14/1996","12:00:00","TDS.1","M1",988,"CMC","NTWQM",1996-10-14 12:00:00,0.1,"ISM",1,"Water",NA,300,"MG/L",NA,NA,NA,NA,2,NA,1,1,"S","PARTNTID",NA,NA
999,"ALLARM","ALLARM.LT4","05/04/1996","12:00:00","TDS.1","M1",941,"CMC","NTWQM",1996-05-04 12:00:00,0.1,"ISM",1,"Water",NA,360,"MG/L",NA,NA,NA,NA,2,NA,1,1,"S","PARTNTID",NA,NA
999,"ALLARM","ALLARM.LT10","09/13/1996","12:00:00","TDS.1","M1",987,"CMC","NTWQM",1996-09-13 12:00:00,0.1,"ISM",1,"Water",NA,360,"MG/L",NA,NA,NA,NA,2,NA,1,1,"S","PARTNTID",NA,NA
999,"ALLARM","ALLARM.LT8","07/14/1996","12:00:00","TDS.1","M1",965,"CMC","NTWQM",1996-07-14 12:00:00,0.1,"ISM",1,"Water",NA,360,"MG/L",NA,NA,NA,NA,2,NA,1,1,"S","PARTNTID",NA,NA
999,"ALLARM","ALLARM.LT5","11/09/1996","12:00:00","TDS.1","M1",1002,"CMC","NTWQM",1996-11-09 12:00:00,0.1,"ISM",1,"Water",NA,320,"MG/L",NA,NA,NA,NA,2,NA,1,1,"S","PARTNTID",NA,NA
999,"ALLARM","ALLARM.LT3","07/14/1996","12:00:00","TDS.1","M1",960,"CMC","NTWQM",1996-07-14 12:00:00,0.1,"ISM",1,"Water",NA,280,"MG/L",NA,NA,NA,NA,2,NA,1,1,"S","PARTNTID",NA,NA
999,"ALLARM","ALLARM.LT6","10/14/1996","12:00:00","TDS.1","M1",993,"CMC","NTWQM",1996-10-14 12:00:00,0.1,"ISM",1,"Water",NA,350,"MG/L",NA,NA,NA,NA,2,NA,1,1,"S","PARTNTID",NA,NA
999,"ALLARM","ALLARM.LT4","06/08/1996","12:00:00","TDS.1","M1",951,"CMC","NTWQM",1996-06-08 12:00:00,0.1,"ISM",1,"Water",NA,320,"MG/L",NA,NA,NA,NA,2,NA,1,1,"S","PARTNTID",NA,NA
999,"ALLARM","ALLARM.LT10","10/14/1996","12:00:00","TDS.1","M1",997,"CMC","NTWQM",1996-10-14 12:00:00,0.1,"ISM",1,"Water",NA,430,"MG/L",NA,NA,NA,NA,2,NA,1,1,"S","PARTNTID",NA,NA
999,"ALLARM","ALLARM.LT8","08/10/1996","12:00:00","TDS.1","M1",975,"CMC","NTWQM",1996-08-10 12:00:00,0.1,"ISM",1,"Water",NA,350,"MG/L",NA,NA,NA,NA,2,NA,1,1,"S","PARTNTID",NA,NA
999,"ALLARM","ALLARM.LT5","12/15/1996","12:00:00","TDS.1","M1",1012,"CMC","NTWQM",1996-12-15 12:00:00,0.1,"ISM",1,"Water",NA,370,"MG/L",NA,NA,NA,NA,2,NA,1,1,"S","PARTNTID",NA,NA
999,"ALLARM","ALLARM.LT7","05/04/1996","12:00:00","TDS.1","M1",944,"CMC","NTWQM",1996-05-04 12:00:00,0.1,"ISM",1,"Water",NA,390,"MG/L",NA,NA,NA,NA,2,NA,1,1,"S","PARTNTID",NA,NA
999,"ALLARM","ALLARM.LT6","11/09/1996","12:00:00","TDS.1","M1",1003,"CMC","NTWQM",1996-11-09 12:00:00,0.1,"ISM",1,"Water",NA,310,"MG/L",NA,NA,NA,NA,2,NA,1,1,"S","PARTNTID",NA,NA
999,"ALLARM","ALLARM.LT4","07/14/1996","12:00:00","TDS.1","M1",961,"CMC","NTWQM",1996-07-14 12:00:00,0.1,"ISM",1,"Water",NA,300,"MG/L",NA,NA,NA,NA,2,NA,1,1,"S","PARTNTID",NA,NA
999,"ALLARM","ALLARM.LT10","11/09/1996","12:00:00","TDS.1","M1",1007,"CMC","NTWQM",1996-11-09 12:00:00,0.1,"ISM",1,"Water",NA,360,"MG/L",NA,NA,NA,NA,2,NA,1,1,"S","PARTNTID",NA,NA
999,"ALLARM","ALLARM.LT8","09/13/1996","12:00:00","TDS.1","M1",985,"CMC","NTWQM",1996-09-13 12:00:00,0.1,"ISM",1,"Water",NA,340,"MG/L",NA,NA,NA,NA,2,NA,1,1,"S","PARTNTID",NA,NA
999,"ALLARM","ALLARM.LT6","05/04/1996","12:00:00","TDS.1","M1",943,"CMC","NTWQM",1996-05-04 12:00:00,0.1,"ISM",1,"Water",NA,360,"MG/L",NA,NA,NA,NA,2,NA,1,1,"S","PARTNTID",NA,NA
999,"ALLARM","ALLARM.LT7","06/08/1996","12:00:00","TDS.1","M1",954,"CMC","NTWQM",1996-06-08 12:00:00,0.1,"ISM",1,"Water",NA,320,"MG/L",NA,NA,NA,NA,2,NA,1,1,"S","PARTNTID",NA,NA
999,"ALLARM","ALLARM.LT6","12/15/1996","12:00:00","TDS.1","M1",1013,"CMC","NTWQM",1996-12-15 12:00:00,0.1,"ISM",1,"Water",NA,350,"MG/L",NA,NA,NA,NA,2,NA,1,1,"S","PARTNTID",NA,NA
999,"ALLARM","ALLARM.LT4","08/10/1996","12:00:00","TDS.1","M1",971,"CMC","NTWQM",1996-08-10 12:00:00,0.1,"ISM",1,"Water",NA,300,"MG/L",NA,NA,NA,NA,2,NA,1,1,"S","PARTNTID",NA,NA
999,"ALLARM","ALLARM.LT10","12/15/1996","12:00:00","TDS.1","M1",1017,"CMC","NTWQM",1996-12-15 12:00:00,0.1,"ISM",1,"Water",NA,430,"MG/L",NA,NA,NA,NA,2,NA,1,1,"S","PARTNTID",NA,NA
999,"ALLARM","ALLARM.LT8","10/14/1996","12:00:00","TDS.1","M1",995,"CMC","NTWQM",1996-10-14 12:00:00,0.1,"ISM",1,"Water",NA,370,"MG/L",NA,NA,NA,NA,2,NA,1,1,"S","PARTNTID",NA,NA
999,"ALLARM","ALLARM.LT6","06/08/1996","12:00:00","TDS.1","M1",953,"CMC","NTWQM",1996-06-08 12:00:00,0.1,"ISM",1,"Water",NA,350,"MG/L",NA,NA,NA,NA,2,NA,1,1,"S","PARTNTID",NA,NA
999,"ALLARM","ALLARM.LT7","07/14/1996","12:00:00","TDS.1","M1",964,"CMC","NTWQM",1996-07-14 12:00:00,0.1,"ISM",1,"Water",NA,340,"MG/L",NA,NA,NA,NA,2,NA,1,1,"S","PARTNTID",NA,NA
999,"ALLARM","ALLARM.LT4","11/09/1996","12:00:00","TDS.1","M1",1001,"CMC","NTWQM",1996-11-09 12:00:00,0.1,"ISM",1,"Water",NA,300,"MG/L",NA,NA,NA,NA,2,NA,1,1,"S","PARTNTID",NA,NA
999,"ALLARM","ALLARM.LT4","09/13/1996","12:00:00","TDS.1","M1",981,"CMC","NTWQM",1996-09-13 12:00:00,0.1,"ISM",1,"Water",NA,300,"MG/L",NA,NA,NA,NA,2,NA,1,1,"S","PARTNTID",NA,NA
999,"ALLARM","ALLARM.LT2","05/04/1996","12:00:00","TDS.1","M1",939,"CMC","NTWQM",1996-05-04 12:00:00,0.1,"ISM",1,"Water",NA,300,"MG/L",NA,NA,NA,NA,2,NA,1,1,"S","PARTNTID",NA,NA
999,"ALLARM","ALLARM.LT8","11/09/1996","12:00:00","TDS.1","M1",1005,"CMC","NTWQM",1996-11-09 12:00:00,0.1,"ISM",1,"Water",NA,340,"MG/L",NA,NA,NA,NA,2,NA,1,1,"S","PARTNTID",NA,NA
999,"ALLARM","ALLARM.LT6","07/14/1996","12:00:00","TDS.1","M1",963,"CMC","NTWQM",1996-07-14 12:00:00,0.1,"ISM",1,"Water",NA,320,"MG/L",NA,NA,NA,NA,2,NA,1,1,"S","PARTNTID",NA,NA
999,"ALLARM","ALLARM.LT7","08/10/1996","12:00:00","TDS.1","M1",974,"CMC","NTWQM",1996-08-10 12:00:00,0.1,"ISM",1,"Water",NA,320,"MG/L",NA,NA,NA,NA,2,NA,1,1,"S","PARTNTID",NA,NA
999,"ALLARM","ALLARM.LT4","12/15/1996","12:00:00","TDS.1","M1",1011,"CMC","NTWQM",1996-12-15 12:00:00,0.1,"ISM",1,"Water",NA,340,"MG/L",NA,NA,NA,NA,2,NA,1,1,"S","PARTNTID",NA,NA
999,"ALLARM","ALLARM.LT4","10/14/1996","12:00:00","TDS.1","M1",991,"CMC","NTWQM",1996-10-14 12:00:00,0.1,"ISM",1,"Water",NA,340,"MG/L",NA,NA,NA,NA,2,NA,1,1,"S","PARTNTID",NA,NA
999,"ALLARM","ALLARM.LT2","06/08/1996","12:00:00","TDS.1","M1",949,"CMC","NTWQM",1996-06-08 12:00:00,0.1,"ISM",1,"Water",NA,330,"MG/L",NA,NA,NA,NA,2,NA,1,1,"S","PARTNTID",NA,NA
999,"ALLARM","ALLARM.LT8","12/15/1996","12:00:00","TDS.1","M1",1015,"CMC","NTWQM",1996-12-15 12:00:00,0.1,"ISM",1,"Water",NA,390,"MG/L",NA,NA,NA,NA,2,NA,1,1,"S","PARTNTID",NA,NA
999,"ALLARM","ALLARM.LT6","08/10/1996","12:00:00","TDS.1","M1",973,"CMC","NTWQM",1996-08-10 12:00:00,0.1,"ISM",1,"Water",NA,310,"MG/L",NA,NA,NA,NA,2,NA,1,1,"S","PARTNTID",NA,NA
999,"ALLARM","ALLARM.LT9","11/09/1996","12:00:00","TDS.1","M1",1006,"CMC","NTWQM",1996-11-09 12:00:00,0.1,"ISM",1,"Water",NA,350,"MG/L",NA,NA,NA,NA,2,NA,1,1,"S","PARTNTID",NA,NA
999,"ALLARM","ALLARM.LT9","09/13/1996","12:00:00","TDS.1","M1",986,"CMC","NTWQM",1996-09-13 12:00:00,0.1,"ISM",1,"Water",NA,310,"MG/L",NA,NA,NA,NA,2,NA,1,1,"S","PARTNTID",NA,NA
999,"ALLARM","ALLARM.LT9","07/14/1996","12:00:00","TDS.1","M1",966,"CMC","NTWQM",1996-07-14 12:00:00,0.1,"ISM",1,"Water",NA,380,"MG/L",NA,NA,NA,NA,2,NA,1,1,"S","PARTNTID",NA,NA
999,"ALLARM","ALLARM.LT9","05/04/1996","12:00:00","TDS.1","M1",946,"CMC","NTWQM",1996-05-04 12:00:00,0.1,"ISM",1,"Water",NA,390,"MG/L",NA,NA,NA,NA,2,NA,1,1,"S","PARTNTID",NA,NA
999,"ALLARM","ALLARM.LT2","07/14/1996","12:00:00","TDS.1","M1",959,"CMC","NTWQM",1996-07-14 12:00:00,0.1,"ISM",1,"Water",NA,270,"MG/L",NA,NA,NA,NA,2,NA,1,1,"S","PARTNTID",NA,NA
999,"ALLARM","ALLARM.LT6","09/13/1996","12:00:00","TDS.1","M1",983,"CMC","NTWQM",1996-09-13 12:00:00,0.1,"ISM",1,"Water",NA,330,"MG/L",NA,NA,NA,NA,2,NA,1,1,"S","PARTNTID",NA,NA
999,"ALLARM","ALLARM.LT9","12/15/1996","12:00:00","TDS.1","M1",1016,"CMC","NTWQM",1996-12-15 12:00:00,0.1,"ISM",1,"Water",NA,390,"MG/L",NA,NA,NA,NA,2,NA,1,1,"S","PARTNTID",NA,NA
999,"ALLARM","ALLARM.LT9","10/14/1996","12:00:00","TDS.1","M1",996,"CMC","NTWQM",1996-10-14 12:00:00,0.1,"ISM",1,"Water",NA,400,"MG/L",NA,NA,NA,NA,2,NA,1,1,"S","PARTNTID",NA,NA
999,"ALLARM","ALLARM.LT9","08/10/1996","12:00:00","TDS.1","M1",976,"CMC","NTWQM",1996-08-10 12:00:00,0.1,"ISM",1,"Water",NA,360,"MG/L",NA,NA,NA,NA,2,NA,1,1,"S","PARTNTID",NA,NA
999,"ALLARM","ALLARM.LT9","06/08/1996","12:00:00","TDS.1","M1",956,"CMC","NTWQM",1996-06-08 12:00:00,0.1,"ISM",1,"Water",NA,340,"MG/L",NA,NA,NA,NA,2,NA,1,1,"S","PARTNTID",NA,NA
999,"ALLARM","ALLARM.LT2","08/10/1996","12:00:00","TDS.1","M1",969,"CMC","NTWQM",1996-08-10 12:00:00,0.1,"ISM",1,"Water",NA,270,"MG/L",NA,NA,NA,NA,2,NA,1,1,"S","PARTNTID",NA,NA
