"","Code","OrganizationFormalName","MailingAddress","SupplementalMailingAddress","MailingAddressCityName","State","MailingAddressPostalCode","Telephone","SourceLastModified"
"1","LRA","LeTort Regional Authority","415 Franklin Street",NA,"Carlisle","PA",17013,"717 245 1565",2019-05-01 18:31:20
"121","CCWA","Conodoguinet Creek Watershed Association","28 N College St PO Box 1773",NA,"Carlisle","PA",17013,"717 245 1565",2018-07-09 14:12:10
"161","AWA","Antietam Watershed Association","28 N College St PO Box 1773",NA,"Carlisle","PA",17013,"717 245 1565",2018-07-09 14:12:35
"214","MSWA","Middle Spring Watershed Association","28 N College St PO Box 1773",NA,"Carlisle","PA",17013,"717 245 1565",2018-12-17 20:01:47
"157","BCVM","Bradford County Volunteer Monitors","28 N College St PO Box 1773",NA,"Carlisle","PA",17013,"717 245 1565",2018-07-09 14:12:19
"178","GCWD","God's Country Water Dogs","28 N College St PO Box 1773",NA,"Carlisle","PA",NA,"717 245 1565",2018-12-17 19:57:21
"151","JRA","James River Association",NA,NA,NA,"VA",NA,NA,2018-12-04 15:08:16
"106","BSWA","Big Spring Watershed Association","28 N College St PO Box 1773",NA,"Carlisle","PA",17013,"717 245 1565",2018-07-09 14:12:44
"191","HAWQS","Henrico Area Water Quality Samplers","8600 Dixon Powers Dr",NA,"Henrico","VA",23228,"804-501-5289",2019-04-24 19:31:38
"12","FOR","Friends of the Rappahannock","3219 Fall Hill Ave",NA,"Fredericksburg","VA",22401,"5403733448",2019-04-24 19:37:15
"15","RMN","Riverine Master Naturalists",NA,NA,NA,NA,NA,NA,2019-04-24 19:43:42
"16","ACB","Alliance for the Chesapeake Bay","612 Hull Street","Suite 101C","Richmond","VA",23224,"8047938786",2019-05-09 14:27:17
"100","CSP","Caledon State Park","11617 Caledon Road",NA,"King George","VA",22485,NA,2019-04-24 19:36:13
"1211","CVTU","Cumberland Valley Trout Unlimited","28 N College St PO Box 1773",NA,"Carlisle","PA",17013,"717 245 1565",2018-12-17 19:55:01
"485","CBGS","Chesapeake Bay Governor's School","52 Campus Dr.","Rappahannock Community College","Warsaw","VA",22572,NA,2019-04-24 19:36:35
"513","NWA","Nanticoke Watershed Alliance","P.O. Box 111","113 Old Ocean Gateway","Vienna","MD",21869,"4439441175",2019-04-05 18:12:47
"1157","CCCD","Cumberland County Conservation District","310 Allen Road, Suite 301",NA,"Carlisle","PA",17013,"717 240 5358",2019-04-04 15:56:10
"1224","OCCA","Otsego County Conservation Association","7207 State Highway 80, PO Box 931",NA,"Cooperstown","NY",13326,"607 547 4488",2019-04-22 20:53:55
"11","CWT","Chesterfield WaterTrends","9800 Government Center Parkway",NA,"Chesterfield","VA",23832,"804-748-1035",2019-04-24 19:26:11
"18","RCC","Reedy Creek Coalition",NA,NA,NA,NA,NA,NA,2019-04-24 19:43:00
"324","PVMN","Peninsula Chapter Virginia Master Naturalists","312 Parkway Drive",NA,"Newport News","VA",23606,"7572145487",2019-04-24 19:41:55
"465","NNMN","Northern Neck Master Naturalists",NA,NA,NA,"VA",NA,NA,2019-04-24 19:39:14
"472","JRMN","James River Master Naturalists",NA,NA,NA,"VA",NA,NA,2019-04-24 19:38:14
"504","USNADC","United States National Arboretum D.C.",NA,NA,NA,"DC",NA,NA,2019-04-19 13:42:29
"577","SCC","Spa Creek Conservancy",NA,NA,NA,NA,NA,NA,2019-04-24 19:46:11
"786","JCC","James City County","101 E Mounts Bay Road","PO Box 8784","Williamsburg","VA",23187,"757-253-6789",2019-04-24 19:35:04
"1041","RAS","Reston Association",NA,NA,NA,"VA",NA,NA,2019-04-24 19:43:23
"1113","ARK","Anacostia Riverkeeper","515 M St. SE","Suite 218","Washington","DC",20003,NA,2019-05-03 17:58:35
"1990","HAWQS2","Henrico Area Water Quality Samplers 2","8600 Dixon Powers Drive",NA,"Henrico","VA",23228,"804-501-5289",2019-04-24 19:32:55
"181","MDE","Maryland Department of the Environment",NA,NA,NA,"MD",NA,NA,2019-03-01 19:04:20
