"Code","OrganizationFormalName","MailingAddress","SupplementalMailingAddress","MailingAddressCityName","State","MailingAddressPostalCode","Telephone","SourceLastModified"
"CMC","Chesapeake Monitoring Cooperative","612 Hull Street ","Suite 101C","Richmond","VA","23224","804 793 8785","2019-1-1"
"LRA","LeTort Regional Authority","415 Franklin Street",NA,"Carlisle","PA","17013","717 245 1565","1556749880.547"
"CCWA","Conodoguinet Creek Watershed Association","28 N College St PO Box 1773",NA,"Carlisle","PA","17013","717 245 1565","1531159930.863"
"AWA","Antietam Watershed Association","28 N College St PO Box 1773",NA,"Carlisle","PA","17013","717 245 1565","1531159955.927"
"MSWA","Middle Spring Watershed Association","28 N College St PO Box 1773",NA,"Carlisle","PA","17013","717 245 1565","1545094907.653"
"BCVM","Bradford County Volunteer Monitors","28 N College St PO Box 1773",NA,"Carlisle","PA","17013","717 245 1565","1531159939.23"
"GCWD","God's Country Water Dogs","28 N College St PO Box 1773",NA,"Carlisle","PA",NA,"717 245 1565","1545094641.877"
"JRA","James River Association",NA,NA,NA,"VA",NA,NA,"1543954096.183"
"BSWA","Big Spring Watershed Association","28 N College St PO Box 1773",NA,"Carlisle","PA","17013","717 245 1565","1531159964.99"
"HAWQS","Henrico Area Water Quality Samplers","8600 Dixon Powers Dr",NA,"Henrico","VA","23228","804-501-5289","1556148698.07"
"FOR","Friends of the Rappahannock","3219 Fall Hill Ave",NA,"Fredericksburg","VA","22401","5403733448","1556149035.46"
"RMN","Riverine Master Naturalists",NA,NA,NA,NA,NA,NA,"1556149422.893"
"ACB","Alliance for the Chesapeake Bay","612 Hull Street","Suite 101C","Richmond","VA","23224","8047938786","1557426437.74"
"CSP","Caledon State Park","11617 Caledon Road",NA,"King George","VA","22485",NA,"1556148973.373"
"CVTU","Cumberland Valley Trout Unlimited","28 N College St PO Box 1773",NA,"Carlisle","PA","17013","717 245 1565","1545094501.717"
"CBGS","Chesapeake Bay Governor's School","52 Campus Dr.","Rappahannock Community College","Warsaw","VA","22572",NA,"1556148995.173"
"NWA","Nanticoke Watershed Alliance","P.O. Box 111","113 Old Ocean Gateway","Vienna","MD","21869","4439441175","1554502367.527"
"CCCD","Cumberland County Conservation District","310 Allen Road, Suite 301",NA,"Carlisle","PA","17013","717 240 5358","1554407770.03"
"OCCA","Otsego County Conservation Association","7207 State Highway 80, PO Box 931",NA,"Cooperstown","NY","13326","607 547 4488","1555980835.113"
"CWT","Chesterfield WaterTrends","9800 Government Center Parkway",NA,"Chesterfield","VA","23832","804-748-1035","1556148371.687"
"RCC","Reedy Creek Coalition",NA,NA,NA,NA,NA,NA,"1556149380.117"
"PVMN","Peninsula Chapter Virginia Master Naturalists","312 Parkway Drive",NA,"Newport News","VA","23606","7572145487","1556149315.15"
"NNMN","Northern Neck Master Naturalists",NA,NA,NA,"VA",NA,NA,"1556149154.043"
"JRMN","James River Master Naturalists",NA,NA,NA,"VA",NA,NA,"1556149094.837"
"USNADC","United States National Arboretum D.C.",NA,NA,NA,"DC",NA,NA,"1555695749.78"
"SCC","Spa Creek Conservancy",NA,NA,NA,NA,NA,NA,"1556149571.103"
"JCC","James City County","101 E Mounts Bay Road","PO Box 8784","Williamsburg","VA","23187","757-253-6789","1556148904.7"
"RAS","Reston Association",NA,NA,NA,"VA",NA,NA,"1556149403.293"
"ARK","Anacostia Riverkeeper","515 M St. SE","Suite 218","Washington","DC","20003",NA,"1556920715.087"
"HAWQS2","Henrico Area Water Quality Samplers 2","8600 Dixon Powers Drive",NA,"Henrico","VA","23228","804-501-5289","1556148775.08"
"MDE","Maryland Department of the Environment",NA,NA,NA,"MD",NA,NA,"1551485060.633"
