"Code","Latitude","Longitude","NameLong","Description","Datum","ModifiedDate"
"ALLARM.LT1",40.17663,-77.18537,"LeTort Spring Run 6.51","LeTort Site 1","NAD83",2018-07-16 19:13:16
"ALLARM.LT10",40.23487,-77.14193,"LeTort Spring Run 0.04","LeTort Site 10","NAD83",2018-07-16 19:13:37
"ALLARM.LT2",40.17667,-77.18507,"UNT to LeTort Spring Run 0.01","LeTort Site 2","NAD83",2018-07-16 19:14:04
"ALLARM.LT3",40.17999,-77.18692,"LeTort Spring Run 6.24","LeTort Site 3","NAD83",2018-07-16 19:14:21
"ALLARM.LT4",40.18844,-77.18606,"LeTort Spring Run 5.56","LeTort Site 4","NAD83",2018-07-16 19:14:54
"ALLARM.LT5",40.19528,-77.18423,"LeTort Spring Run 5.05","LeTort Site 5","NAD83",2018-07-16 19:15:36
"ALLARM.LT6",40.20792,-77.18104,"LeTort Spring Run 4.05","LeTort Site 6","NAD83",2018-07-16 19:15:16
"ALLARM.LT7",40.21418,-77.16883,"LeTort Spring Run 3.05","LeTort Site 7","NAD83",2018-07-16 19:15:59
"ALLARM.LT8",40.21847,-77.16003,"LeTort Spring Run 2.34","LeTort Site 8","NAD83",2018-07-16 19:16:18
"ALLARM.LT9",40.22429,-77.14928,"LeTort Spring Run 1.53","LeTort Site 9","NAD83",2018-07-16 19:16:35
"CCWA.CONO00.1",40.270861,-76.9156,"Conodoguinet Creek 00.1","Conodoguinet Creek 00.1","NAD83",2018-05-17 17:51:23
"CCWA.CONO02.6",40.256489,-76.928446,"Conodoguinet Creek 02.6","Conodoguinet Creek 02.6","NAD83",2018-05-17 17:51:48
"CCWA.CONO06.4",40.256938,-76.944205,"Conodoguinet Creek 06.4","Conodoguinet Creek 06.4","NAD83",2018-05-17 17:52:27
"CCWA.CONO09.5",40.251142,-76.958114,"CCWA.CONO09.5","Conodoguinet Creek 09.5","NAD83",2018-05-17 17:52:40
"CCWA.CONO10.3",40.258352,-76.964875,"Conodoguinet Creek 10.3","Conodoguinet Creek 10.3","NAD83",2018-05-17 17:52:51
"CCWA.CONO13.2",40.262529,-76.978808,"Conodoguinet Creek 13.2","Conodoguinet Creek 13.2","NAD83",2018-05-17 17:53:05
"CCWA.CONO17.1",40.267855,-77.015436,"Conodoguinet Creek 17.1","Conodoguinet Creek 17.1","NAD83",2018-05-17 17:53:15
"CCWA.CONO33.9",40.239804,-77.173815,"Conodoguinet Creek 33.9","Conodoguinet Creek 33.9","NAD83",2018-05-17 17:53:46
"CCWA.CONO46.3",40.214601,-77.297451,"Conodoguinet Creek 46.3","Conodoguinet Creek 46.3","NAD83",2018-05-17 17:54:13
"CCWA.CONO46.8",40.215365,-77.30397,"Conodoguinet Creek 46.8","Conodoguinet Creek 46.8","NAD83",2018-05-17 17:54:23
"CCWA.CONO48.8",40.226963,-77.332296,"Conodoguinet Creek 48.8","Conodoguinet Creek 48.8","NAD83",2018-05-17 17:54:37
"CCWA.CONO53.2",40.201869,-77.365123,"Conodoguinet Creek 53.2","Conodoguinet Creek 53.2","NAD83",2018-05-17 17:54:47
"CCWA.CONO66.5",40.149675,-77.507219,"Conodoguinet Creek 66.5","Conodoguinet Creek 66.5","NAD83",2018-05-17 17:54:58
"CCWA.CONO82.9",40.09015,-77.64789,"Conodoguinet Creek 82.9","Conodoguinet Creek 82.9","NAD83",2018-05-17 17:55:10
"CCWA.DS01.0",40.027322,-77.507586,"Dykeman Spring 01.0","Dykeman Spring 01.0","NAD83",2018-05-21 14:50:55
"CCWA.LTRT01.5",40.219418,-77.155726,"LeTort Spring Run 1.5","LeTort Spring Run 1.5","NAD83",2018-05-21 15:01:56
"CCWA.LTRT04.5",40.20152,-77.184854,"LeTort Spring Run 04.5","LeTort Spring Run 04.5","NAD83",2018-05-21 15:02:07
"CCWA.LTRT04.9",40.187955,-77.187194,"LeTort Spring Run 04.9","LeTort Spring Run 04.9","NAD83",2018-05-21 15:02:15
"CCWA.MSC02.8",40.07262,-77.537821,"Middle Spring Creek 02.8","Middle Spring Creek 02.8","NAD83",2018-05-21 15:05:46
"CCWA.MTRK00.1",40.211399,-77.299815,"Mount Rock Creek 00.1","Mount Rock Creek 00.1","NAD83",2018-05-21 15:05:59
"CCWA.MTRK03.9",40.161072,-77.315195,"Mount Rock Creek 03.9","Mount Rock Creek 03.9","NAD83",2018-05-21 15:06:15
"CCWA.TRND01.0",40.209576,-77.027172,"Trindle Spring 01.0","Trindle Spring 01.0","NAD83",2018-05-21 15:12:00
"CCWA.UN01.1",40.284529,-77.101384,"Unnamed 01.1","Unnamed 01.1","NAD83",2018-05-21 15:13:03
"CCWA.WRTZ00.1",40.241721,-77.175346,"Wertz Run 00.1","Wertz Run 00.1","NAD83",2018-05-21 15:17:02
"CCWA.BS00.0",40.18534,-77.392621,"Big Spring 00.0","Big Spring 00.0","NAD83",2018-05-17 17:49:53
"CCWA.CONO27.5",40.258784,-77.10283,"Conodoguinet Creek 27.5","Conodoguinet Creek 27.5","NAD83",2018-05-17 17:53:33
"CCWA.CONO74.5",40.076156,-77.595852,"Conodoguinet Creek 74.5","Conodoguinet Creek 74.5","NAD83",2018-05-17 17:55:21
"CCWA.DC00.9",40.201195,-77.417339,"Doubling Creek 00.9","Doubling Creek 00.9","NAD83",2018-05-17 17:57:42
"CCWA.HR00.1",40.251474,-77.022519,"Hogestown Run 00.1","Hogestown Run 00.1","NAD83",2018-05-21 14:55:13
"CCWA.LR00.1",40.227646,-77.20661,"Loudon's Run 00.1","Loudon's Run 00.1","NAD83",2018-05-21 14:57:47
"ALLARM.MG1",40.19568,-77.18767,"Molly Grub 0.02","Molly Grub 1","NAD83",2018-07-16 19:16:55
"ALLARM.MG2",40.19608,-77.18518,"Molly Grub 0.18","Molly Grub 2","NAD83",2018-07-16 19:17:13
"ALLARM.WL",40.19588,-77.18745,"Mully Grub Wetland 0.15","Wetland","NAD83",2018-07-16 19:17:35
"CCWA.PEN3",40.2597,-77.1025,"Penterra 3","Penterra 3","NAD83",2018-05-21 15:08:00
"AWA.GP",39.731672,-77.540817,"George Property","George Property","NAD83",2018-05-21 14:53:35
"AWA.HB",39.810403,-77.576394,"Hess Benedict","Hess Benedict","NAD83",2018-05-21 14:53:23
"AWA.MASP",39.839708,-77.537533,"Mont Alto State Park","Mont Alto State Park","NAD83",2018-05-21 15:03:49
"AWA.MR",39.741172,-77.491586,"Mackey Run","Mackey Run","NAD83",2018-05-21 15:05:23
"AWA.OCP",39.751283,-77.601036,"Owls Club Picnic","Owls Club Picnic","NAD83",2018-05-21 15:07:18
"AWA.RR1",39.739406,-77.481092,NA,"Red Run #1","NAD83",2018-03-26 15:46:15
"AWA.RR2",39.741603,-77.491469,NA,"Red Run #2","NAD83",2018-03-26 15:46:15
"AWA.RRP",39.740386,-77.519908,NA,"Red Run Park","NAD83",2018-03-26 15:46:15
"MSWA.S1",40.04716,-77.52071,"RR Fayette St","RR Fayette St","NAD83",2018-08-29 17:31:34
"MSWA.S4",40.06169,-77.53258,"Bard Road/Old Mill Road Bridge","Bard Road/Old Mill Road Bridge","NAD83",2018-08-29 17:34:25
"AWA.ATAS",39.788233,-77.487814,NA,"AT Antietam Shelter","NAD83",2018-03-26 15:46:15
"AWA.R",39.745025,-77.559425,"Renfrew","Renfrew","NAD83",2018-05-21 15:09:40
"AWA.TRS",39.764094,-77.607036,NA,"Tick Ridge Springs","NAD83",2018-03-26 15:46:15
"AWA.B",39.765053,-77.516044,NA,"Brookdale","NAD83",2018-03-26 15:46:15
"BCVM.BENCRE7.92",41.928043,-76.69907,"Bentley Creek","Bentley Creek","NAD83",2018-05-17 17:46:05
"BCVM.SATCRE3.02",41.9518,-76.46995,"Satterlee Creek 3.02","Satterlee Creek 3.02","NAD83",2018-05-21 15:10:33
"BCVM.TUTCRE2.03",41.980927,-76.57009,"Tutelow Creek 2.03","Tutelow Creek 2.03","NAD83",2018-05-21 15:12:15
"BCVM.WOLCRE1.92",41.920029,-76.55004,"Wolcott Creek","Wolcott Creek","NAD83",2018-05-21 15:16:50
"GCWD.BIGMOORUN3.70",41.67988,-77.987692,"Big Moores Run 3.70","Big Moores Run 3.70","NAD83",2018-05-17 17:46:39
"GCWD.BORBRA0.39",41.6572,-77.959458,"Borie Branch 0.39","Borie Branch 0.39","NAD83",2018-05-17 17:48:34
"GCWD.EASFORSINCRE10.25",41.609215,-77.88983333,"East Fork Sinnemahong Creek 10.25","East Fork Sinnemahong Creek 10.25","NAD83",2018-05-21 14:51:08
"GCWD.EASFORSINCRE11.03",41.61528833,-77.87932361,"East Fork Sinnemahong Creek 11.03","East Fork Sinnemahong Creek 11.03","NAD83",2018-05-21 14:51:29
"GCWD.EASFORSINCRE12.53",41.62841306,-77.860145,NA,"East Fork Sinnemahong Creek 12.53","NAD83",2018-02-21 15:12:56
"GCWD.PRORUN2.55",41.65761333,-77.91459,"Prouty Run 2.55","Prouty Run 2.55","NAD83",2018-05-21 15:09:23
"GCWD.UNTFIRFORSINCRE0.24",41.63119833,-78.0052,"UNT First Fork Sinnemahong Creek 0.24","UNT First Fork Sinnemahong Creek 0.24","NAD83",2018-05-21 15:14:19
"GCWD.WILBOYRUN0.49",41.61465,-77.8958,"Wild Boy Run 0.49","Wild Boy Run 0.49","NAD83",2018-05-21 15:16:26
"AWA.BF",39.831244,-77.570878,"Blueberry Farm","Blueberry Farm","NAD83",2018-05-17 17:46:25
"AWA.BP",39.724967,-77.588817,"Baumgardner Property","Baumgardner Property","NAD83",2018-05-17 17:48:49
"AWA.BV",39.720703,-77.500192,"Buena Vista","Buena Vista","NAD83",2018-05-17 17:50:05
"AWA.FP",39.725989,-77.593831,"Foster Property","Foster Property ","NAD83",2018-05-21 14:51:50
"AWA.H",39.734247,-77.540569,"Henicle","Henicle","NAD83",2018-05-21 14:54:00
"AWA.IBR",39.724881,-77.605128,"Iron Bridges Rd","Iron Bridges Rd","NAD83",2018-05-21 14:55:35
"AWA.MRR",39.737619,-77.568983,"Mouth-Red Run","Mouth-Red Run","NAD83",2018-05-21 15:05:36
"AWA.ND1",39.786453,-77.602325,"Nicodemus Dam 1","Nicodemus Dam 1","NAD83",2018-05-21 15:06:25
"AWA.ND2",39.787736,-77.603375,"Nicodemus Dam 2","Nicodemus Dam 2","NAD83",2018-05-21 15:06:41
"AWA.WASD",39.737858,-77.569172,"Unnamed Tributary","WASD Unnamed trib","NAD83",2018-05-21 15:15:43
"AWA.WBS",39.853353,-77.517319,"W Branch Source","W Branch Source","NAD83",2018-05-21 15:15:54
"BCVM.BROCRE1.89",41.803619,-76.55763,"Browns Creek","Browns Creek","NAD83",2018-05-17 17:49:32
"GCWD.COWRIV34.68",41.92933,-77.628583,"Cowanesque River 34.68","Cowanesque River 34.68","NAD83",2018-05-17 17:55:39
"GCWD.GENFOR10.77",41.84637,-77.7018,"Genesee Forks 10.77","Genesee Forks 10.77","NAD83",2018-05-21 14:52:43
"GCWD.LITPHORUN0.02",41.81168,-77.62345,"Little Phoenix Run 0.02","Little Phoenix Run 0.02","NAD83",2018-05-21 14:57:23
"GCWD.MARCRE0.05",41.94638,-77.685317,"Marsh Creek 0.05","Marsh Creek 0.05","NAD83",2018-05-21 15:03:11
"GCWD.NORBRACOWRIV0.04",41.94142,-77.64935,"North Branch Cowanesque River 0.94","North Branch Cowanesque River 0.94","NAD83",2018-05-21 15:07:05
"GCWD.PHORUN4.36",41.79868333,-77.61605,"Phoenix Run 4.36","Phoenix Run 4.36","NAD83",2018-05-21 15:08:27
"GCWD.PHORUN7.54",41.8358,-77.63815,"Phoenix Run 7.54","Phoenix Run 7.54","NAD83",2018-05-21 15:08:38
"GCWD.PHORUN7.69",41.83788,-77.6392,"Phoenix Run 7.69","Phoenix Run 7.69","NAD83",2018-05-21 15:08:49
"GCWD.UKW006",41.70792,-77.693633,"Unknown Water 006","Unknown Water 006","NAD83",2018-05-21 15:12:31
"GCWD.WESBRAPINCRE14.64",41.72995,-77.6534,"West Branch Pine Creek 14.64","West Branch Pine Creek 14.64","NAD83",2018-05-21 15:16:05
"AWA.BR",39.75468,-77.505228,"Bailey's Run","Bailey's Run","NAD83",2018-05-17 17:49:00
"AWA.WTMA",39.727578,-77.590798,"WTMA Sewer Plant Trib","WTMA Sewer Plant Trib","NAD83",2018-05-21 15:17:12
"GCWD.BEEFLARUN0.12",41.72041667,-77.68421667,"Beech Flats Run 0.12","Beech Flats Run 0.12","NAD83",2018-05-17 17:45:52
"GCWD.BIGMOORUN5.78",41.7069,-77.97625,"Big Moores Run 5.78","Big Moores Run 5.78","NAD83",2018-05-17 17:46:52
"GCWD.CALCRE0.11",41.846317,-77.702733,"California Creek 0.11","California Creek 0.11","NAD83",2018-05-17 17:50:17
"GCWD.DODHOLRUN0.32",41.9225,-77.62645,"Dodge Hollow Run 0.32","Dodge Hollow Run 0.32","NAD83",2018-05-21 14:50:42
"GCWD.GENFOR9.31",41.82705,-77.70625,"Genesee Forks 9.31","Genesee Forks 9.31","NAD83",2018-05-21 14:52:54
"GCWD.GERBRA4.32",41.64688889,-77.65480556,"Germania Branch 4.32","Germania Branch 4.32","NAD83",2018-05-21 14:53:05
"GCWD.KETCRE53.66",41.58548333,-77.63618333,"Kettle Creek 53.66","Kettle Creek 53.66","NAD83",2018-05-21 14:56:04
"GCWD.LITKETCRE2.51",41.5874,-77.70665,"Little Kettle Creek 2.51","Little Kettle Creek 2.51","NAD83",2018-05-21 14:57:13
"GCWD.MOOHOLRUN0.06",41.91678333,-77.62438333,"Moore Hollow Run 0.06","Moore Hollow Run 0.06","NAD83",2018-05-21 15:05:07
"GCWD.NINRUN5.08",41.78516667,-77.79863889,"Nine Run 5.08","Nine Run 5.08","NAD83",2018-05-21 15:06:55
"GCWD.SOUBRAPINCRE0.17",41.732133,-77.64145,"South Branch Pine Creek 0.17","South Branch Pine Creek 0.17","NAD83",2018-05-21 15:10:49
"GCWD.SUNBRA0.76",41.68773333,-77.801,"Sunken Branch 0.76","Sunken Branch 0.76","NAD83",2018-05-21 15:11:40
"GCWD.UNTCOWRIV0.33",41.90963,-77.612,"UNT Cowanesque River 0.33","UNT Cowanesque River (Teed Hollow) 0.33","NAD83",2018-05-21 15:14:09
"GCWD.UNTGENFOR1.05",41.88315,-77.67865,"UNT Genesee Forks 1.05","UNT Genesee Forks 1.05","NAD83",2018-05-21 15:14:29
"AWA.AS",39.805725,-77.574917,NA,"Aden Spring","NAD83",2018-03-26 15:46:15
"AWA.ND1d",39.786453,-77.602325,"Nicodemus Dam 1 downstream","Nicodemus Dam 1 downstream","NAD83",2018-05-21 15:06:33
"AWA.ND2u",39.787736,-77.603375,"Nicodemus Dam 2 upstream","Nicodemus Dam 2 upstream","NAD83",2018-05-17 17:14:04
"GCWD.BALRUN1.44",41.7947,-77.30473,"Baldwin Run 1.44","Baldwin Run 1.44","NAD83",2018-05-17 17:44:49
"GCWD.BALRUN4.02",41.81431667,-77.34078,"Baldwin Run 4.02","Baldwin Run 4.02","NAD83",2018-05-17 17:45:11
"GCWD.CROCRE13.23",41.84242,-77.27702,"Crooked Creek 12.23","Crooked Creek 12.23","NAD83",2018-05-17 17:56:24
"GCWD.HEIRUN0.01",41.77267,-77.3549,"Heise Run 0.01","Heise Run 0.01","NAD83",2018-05-21 14:54:49
"GCWD.HEIRUN1.68",41.75006667,-77.34817,"Heise Run 1.68","Heise Run 1.68","NAD83",2018-05-21 14:54:59
"GCWD.LICRUN0.19",41.74223333,-77.53732,"Lick Run 0.19","Lick Run 0.19","NAD83",2018-05-21 14:56:59
"GCWD.MARCRE10.99",41.77943,-77.31009,"Marsh Creek 10.99","Marsh Creek 10.99","NAD83",2018-05-21 15:03:22
"GCWD.MARCRE6.38",41.772838,-77.35508,"Marsh Creek 6.38","Marsh Creek 6.38","NAD83",2018-05-21 15:03:34
"GCWD.MILRUN0.01",41.75211667,-77.50378,"Mill Run 0.01","Mill Run 0.01","NAD83",2018-05-21 15:04:57
"GCWD.PAIRUN0.53",41.74135,-77.49783,"Painter Run 0.53","Painter Run 0.53","NAD83",2018-05-21 15:07:29
"GCWD.PINCRE64.20",41.75203333,-77.5038,"Pine Creek 64.20","Pine Creek 64.20","NAD83",2018-05-21 15:08:59
"GCWD.PINCRE64.21",41.75211667,-77.50397,"Pine Creek 64.21","Pine Creek 64.21","NAD83",2018-05-21 15:09:10
"GCWD.UKW029",41.80456667,-77.29553,"Unknown Water 029","Unknown Water 029","NAD83",2018-05-21 15:12:43
"GCWD.UKW030",41.81018333,-77.28352,"Unknown Water 030","Unknown Water 030","NAD83",2018-05-21 15:12:53
"GCWD.UNTBALRUN0.23",41.79036667,-77.30237,"UNT Baldwin Run 0.23","UNT Baldwin Run 0.23","NAD83",2018-05-21 15:13:13
"GCWD.UNTBALRUN0.95",41.797433,-77.29553,"UNT Baldwin Run 0.95","UNT Baldwin Run 0.95","NAD83",2018-05-21 15:13:23
"GCWD.UNTBALRUN2.17",41.8107,-77.28607,"UNT Baldwin Run 2.17","UNT Baldwin Run 2.17","NAD83",2018-05-21 15:13:32
"GCWD.UNTBALRUN2.18",41.80983333,-77.28518,"UNT Baldwin Run 2.18","UNT Baldwin Run 2.17","NAD83",2018-05-21 15:13:47
"GCWD.UNTNORBRO0.71",41.82465,-77.2801,"UNT Norris Brook 0.71","UNT Norris Brook 0.71","NAD83",2018-05-21 15:14:56
"JRA.J30",37.797533,-78.49055,NA,"James River at Scottsville Boat Landing","NAD83",2018-11-27 09:54:28
"GCWD.LAURUN0.06",41.82895,-77.63941667,"Laurel Run 0.06","Laurel Run 0.06","NAD83",2018-05-21 14:56:14
"GCWD.LONRUN4.13",41.794478,-77.5719,"Long Run 4.13","Long Run 4.13","NAD83",2018-05-21 14:57:33
"GCWD.MILCRE1.08",41.905986,-77.53425,"Mill Creek 1.08","Mill Creek 1.08","NAD83",2018-05-21 15:04:26
"GCWD.MILCRE1.67",41.898775,-77.53058,"Mill Creek 1.67","Mill Creek 1.67","NAD83",2018-05-21 15:04:35
"GCWD.MILCRE2.32",41.889884,-77.5297,"Mill Creek 2.32","Mill Creek 2.32","NAD83",2018-05-21 15:04:44
"GCWD.UNTPHORUN0.05TEMP",41.82511667,-77.63861667,"UNT Phoenix Run 0.05","UNT Phoenix Run (Temporary ID) 0.05","NAD83",2018-05-21 15:15:13
"BCVM.CAYCRE2.41",42.008606,-76.52664,"Cayuta Creek 2.41","Cayuta Creek 2.41","NAD83",2018-05-17 17:50:40
"BCVM.CAYCRE2.59",42.01129,-76.526373,"Cayuta Creek 2.59","Cayuta Creek 2.59","NAD83",2018-05-17 17:50:52
"BSWA.BIGSPRCRE1.16",40.144224,-77.405537,"Big Spring Creek 1.16","Big Spring Creek 1.16 at Willow Tree Pool","NAD83",2018-05-17 17:47:40
"BSWA.BIGSPRCRE1.58",40.149975,-77.406898,"Big Spring Creek 1.58","Big Spring Creek 1.58 at Nealy Road","NAD83",2018-05-17 17:47:52
"BSWA.BIGSPRCRE1.80",40.152978,-77.407924,"Big Spring Creek 1.80","Big Spring Creek 1.80 at Swamp Pulloff","NAD83",2018-05-17 17:48:08
"BSWA.BIGSPRCRE1.98",40.154841,-77.409991,"Big Spring Creek 1.98","Big Spring Creek 1.98 at Sheepman's Bridge","NAD83",2018-05-17 17:47:17
"BSWA.BIGSPRCRE2.48",40.160232,-77.406287,"Big Spring Creek 2.48","Big Spring Creek 2.48 at Stone Arch Bridge","NAD83",2018-05-17 17:48:21
"HAWQS.EL1",37.67076,-77.54777,"Echo Lake 1",NA,"NAD83",2019-02-08 14:45:26
"HAWQS.EL2",37.67443,-77.5481,"Echo Lake 2",NA,"NAD83",2018-12-07 19:12:17
"HAWQS.HC1",37.648866,-77.496569,"Hungary Creek",NA,"NAD83",2018-04-17 20:23:16
"ACB.35",37.5246,-77.4686,"James River Park","James River Park","NAD83",2018-01-24 18:45:31
"ACB.53",37.5604,-77.5453,"Huguenot Bridge","Huguenot Bridge","NAD83",2018-05-08 15:31:01
"ACB.CB1",37.51261,-77.48008,NA,"Crooked Branch","NAD83",2017-10-26 18:16:48
"ACB.CM1",38.343494,-77.1682215,"Caledon Marsh 1","Caledon Marsh 1","NAD83",2018-02-21 16:38:53
"ACB.CM2",38.3438051,-77.170389,"Caledon Marsh 2","Caledon Marsh 2","NAD83",2018-02-21 16:40:06
"ACB.CP1",38.08138889,-76.84611111,NA,"Peach Grove","NAD83",2017-10-26 18:17:33
"ACB.CP2",38.03916667,-76.8275,NA,"County Bridge","NAD83",2017-10-26 18:17:45
"ACB.CP4",37.98388889,-76.80944444,NA,"Newline Bridge","NAD83",2017-10-26 18:18:02
"ACB.CP8",37.97444444,-76.85388889,NA,"Naylor's Point","NAD83",2017-10-26 18:18:13
"ACB.CR21",37.419912,-76.97541,"Chickahominy River 21","Dock at Eagles Landing Public Access","NAD83",2019-04-24 17:40:42
"ACB.CR5",37.6057,-77.5455,NA,"Upham Brook","NAD83",2017-10-26 18:53:16
"ACB.ENGRUN",38.3318,-77.5071,"England Run",NA,"NAD83",2018-02-20 21:08:29
"ACB.FOR1",38.2898,-77.4816,NA,"HAZEL RUN / ALUM SPRINGS PARK","NAD83",2017-10-26 18:19:47
"ACB.FOR16",38.348611,-77.580556,NA,"Horsepen Run","NAD83",2017-10-26 18:20:08
"ACB.FOR17",38.313611,-77.540556,NA,"Motts Run Landing","NAD83",2017-10-26 18:20:17
"ACB.FOR18",38.321111,-77.488889,NA,"Rappahannock at FOR Beach","NAD83",2017-10-26 18:20:26
"ACB.FOR4",38.1902,-77.201,NA,"RAPPAHANNOCK RIVER (TIDAL)","NAD83",2017-10-26 18:20:46
"ACB.FOR-Kinsey1",38.422793,-78.374048,NA,"FOR Kinsey Run","NAD83",2017-10-26 18:19:25
"ACB.FOR-Kinsey2",38.42312,-78.372267,NA,"FOR Kinsey Run","NAD83",2017-10-26 18:19:37
"ACB.GIL02",37.5278854,-77.3928452,NA,"Gillies Creek a split with Stoney Run","NAD83",2017-10-16 16:21:14
"ACB.GIL03",37.522728,-77.416358,NA,"Gillies Creek by Stone Brewery","NAD83",2018-01-19 21:43:43
"ACB.JOR1",37.597255,-77.473902,NA,"JORDANS BRANCH","NAD83",2018-02-20 21:05:43
"ACB.JP",38.3638905,-77.1422058,"Jones Pond","Jones Pond","NAD83",2018-02-21 16:38:22
"ACB.JRRC",37.52577,-77.42113,NA,"James River Canal at Great Shiplock Park","NAD83",2017-10-26 18:53:50
"ACB.LILTOT",37.9262344,-76.7199799,"Little Totuskey Creek","Little Totuskey Creek RT 620 Bridge","NAD83",2019-04-24 17:39:18
"ACB.MJTR",37.63453,-78.90417,"Middle James Tye River","Tye River","NAD83",2019-04-24 17:41:48
"ACB.MM",38.3476637,-77.1578686,"Mallows Marsh","Mallows Marsh","NAD83",2018-02-21 16:39:36
"ACB.POC01",37.464742,-77.499082,"Pocoshock Creek",NA,"NAD83",2018-03-08 16:29:41
"ACB.PRC01",37.59697,-77.46902,"Princeton Creek",NA,"NAD83",2018-12-07 15:12:46
"ACB.PRC02",37.59365,-77.46709,"Princeton Creek at Acca Temple",NA,"NAD83",2017-10-11 13:54:49
"ACB.PRC03",37.5943959,-77.4640283,"Princeton Creek at 1618 Princeton Road",NA,"NAD83",2017-10-11 13:55:38
"ACB.PSC01",37.465033,-77.500104,"Pocosham Creek",NA,"NAD83",2018-03-08 16:28:55
"ACB.RC1",37.51467,-77.47456,NA,"Reedy Creek at Roanoke and Dunston","NAD83",2017-10-26 18:22:39
"ACB.RC3",37.5147872,-77.4839271,NA,"Reedy Creek at 44th Street","NAD83",2017-10-26 18:22:48
"ACB.RC4",37.50686,-77.5043,NA,"Reedy Creek at German School Road","NAD83",2017-10-26 18:23:01
"ACB.RRMC",37.694915,-76.499748,"Myer Creek",NA,"NAD83",2018-03-08 19:38:14
"ACB.RSC01",37.55893,-77.53839,NA,"Rattlesnake Creek","NAD83",2017-10-16 16:21:14
"ACB.RSC02",37.543154,-77.545544,NA,"Rattlesnake Creek","NAD83",2017-10-16 16:21:14
"ACB.STN01",37.52828,-77.39319,NA,"Stony Run","NAD83",2017-10-16 16:21:14
"ACB.TAY2",37.7645,-77.64133,NA,"Taylors Creek","NAD83",2017-10-26 18:54:25
"ACB.TB",37.62339,-77.47886,NA,"Thorpe Branch","NAD83",2019-01-02 14:04:32
"ACB.TOT1",37.9129344,-76.6573787,"Totuskey Creek 1","Totuskey Creek at Moore's Mill Bridge","NAD83",2019-04-24 17:36:12
"ACB.TOT2",37.9260343,-76.7090797,"Totuskey Creek 2","Totuskey Creek","NAD83",2019-04-24 17:35:30
"ACB.TOT3",37.9236345,-76.7206799,"Totuskey Creek 3","Totuskey Creek at public boat landing","NAD83",2019-04-24 17:36:53
"ACB.TOT4",37.8860358,-76.7362806,"Totuskey Creek 4","Totuskey Creek at the bushes","NAD83",2019-04-24 17:37:51
"ACB.TOTC1",37.65274,-77.31035,NA,"Totopotomy Creek","NAD83",2017-10-26 18:54:31
"ACB.UB1",37.6146,-77.4567,"Upham Brook 1","Upham Brook below north run confluence","NAD83",2019-04-24 17:44:37
"ACB.UB2",37.59832,-77.46803,"Upham Brook 2","Upham Brook","NAD83",2019-04-24 17:45:19
"ACB.UB3",37.60303,-77.45975,"Upham Brook 3","Upham Brook at Anderson St","NAD83",2019-04-24 17:46:05
"ACB.UB4",37.59963,-77.48641,"Upham Brook 4","Upham Brook at ByrdHill Rd","NAD83",2019-04-24 17:46:48
"ACB.UT1",37.51483,-77.48533,"Unnamed tributary of Reedy Creek",NA,"NAD83",2018-02-20 21:02:59
"CVTU.LETSPRRUN6.66",40.17365,-77.188767,"LeTort Spring Run 6.66","LeTort Spring Run 6.66","NAD83",2018-05-21 14:56:24
"CVTU.LETSPRRUN7.23",40.16865,-77.193367,"LeTort Spring Run 7.23","LeTort Spring Run 7.23","NAD83",2018-05-21 14:56:35
"CVTU.UNTLETSPRRUN0.71",40.173767,-77.177667,"UNT LeTort Spring Run 0.71","UNT LeTort Spring Run 0.71","NAD83",2018-07-17 19:52:54
"HAWQS.DB1",37.40815,-77.3031,"Deep Bottom 1",NA,"NAD83",2019-02-08 14:49:50
"HAWQS.JB1",37.58861,-77.49361,"Jordan Branch 1",NA,"NAD83",2019-02-08 14:47:58
"HAWQS.NR1",37.63759,-77.47739,"North Run 1",NA,"NAD83",2019-02-08 14:46:11
"HAWQS.OL2",37.404078,-77.391027,"Osborne Landing 2",NA,"NAD83",2018-02-21 15:49:58
"HAWQS.OsborneLanding",37.40235,-77.38779,"Osbourne Landing 1",NA,"NAD83",2019-02-08 14:49:01
"HAWQS.SR1",37.54424,-77.36193,"Stony Run 1",NA,"NAD83",2019-02-08 14:47:18
"HAWQS.TC1",37.63404,-77.58027,"Three Chopt 1",NA,"NAD83",2019-02-08 14:51:08
"HAWQS.WL1",37.65998,-77.57763,"Waterfront Lake 1",NA,"NAD83",2019-02-08 14:50:27
"NWA.BRCR1",38.5645,-75.6723,"Phillips Landing","Public dock","NAD83",1900-01-01 00:00:00
"NWA.BRCR2",38.5674,-75.6211,"Bethel Dock","Town dock","NAD83",1900-01-01 00:00:00
"NWA.COBR1",38.6422,-75.6068,"Seaford Canoe Launch","Public dock","NAD83",1900-01-01 00:00:00
"NWA.COBR3",38.6916,-75.5995,"Conrail Rd.","Temporary until COBR2 is accessible again","NAD83",1900-01-01 00:00:00
"NWA.DECR2",38.6659,-75.5146,"Old Furnace Rd","Bridge","NAD83",1900-01-01 00:00:00
"NWA.DECR3",38.644607,-75.579428,"Old Meadow Rd.","Private dock","NAD83",1900-01-01 00:00:00
"NWA.DEHE2",38.7283,-75.562,"Rifle Range Road","Bridge","NAD83",1900-01-01 00:00:00
"NWA.DEHE3",38.6647,-75.5639,"Middleford","Private dock","NAD83",1900-01-01 00:00:00
"NWA.DEHE4",38.643,-75.5929,"Glen Sizemore Realty","Private dock","NAD83",2017-09-25 16:31:41
"NWA.DENA4",38.6013,-75.6563,"Woodland Ferry","Private dock","NAD83",1900-01-01 00:00:00
"NWA.GRBR1",38.6871,-75.5481,"Coverdale Rd","Bridge","NAD83",1900-01-01 00:00:00
"NWA.JABR1",38.5546,-75.5394,"James Branch","Private platform","NAD83",1900-01-01 00:00:00
"NWA.MAHO3",38.7627,-75.723,"Noble Road","Bridge","NAD83",1900-01-01 00:00:00
"NWA.MANA1",38.5456,-75.7175,"Cherry Beach Park","Dock","NAD83",1900-01-01 00:00:00
"NWA.MANA2",38.5124,-75.7561,"Riverton Wharf","Private dock","NAD83",1900-01-01 00:00:00
"NWA.MANA4",38.4152,-75.85,"Lewis Wharf","Private dock","NAD83",2017-09-25 16:32:24
"NWA.MANA5",38.3096,-75.8929,"Bivalve Wharf","Public dock","NAD83",1900-01-01 00:00:00
"NWA.QUCR1",38.3664,-75.7722,"Quantico Creek","Bridge","NAD83",1900-01-01 00:00:00
"NWA.RECR2p",38.4106,-75.7544,"Rewastico Pond","Launch from canoe/row boat","NAD83",1900-01-01 00:00:00
"NWA.TRAN1",38.5508,-75.9528,"Transquaking HW","Tricky to get to","NAD83",1900-01-01 00:00:00
"CCCD.BIGSPRCRE1.23",40.174463,-77.395054,"Big Spring Creek 1.23","Big Spring Creek at Laughlin Mill","NAD83",2018-09-11 20:17:30
"CCCD.BIGSPRCRE4.69",40.129762,-77.40758,"Big Spring Creek 4.69","Big Spring Creek","NAD83",2018-10-16 19:00:54
"CCCD.BRARUN0.01",40.177641,-77.453873,"Brandy Run 0.01","Brandy Run at Steelstown and Brandy Run Road","NAD83",2018-09-11 20:14:11
"CCCD.BURRUN1.38",40.061749,-77.514999,"Burd Run 1.38","Burd Run above Middle Spring","NAD83",2018-10-16 19:37:45
"CCCD.CONCRE1.85",40.277468,-76.925578,"Conodoguinet Creek 1.85","Conodoguinet Creek at Ridley Park","NAD83",2018-10-16 19:00:06
"CCCD.CONCRE11.47",40.241213,-76.969512,"Conodoguinet Creek 11.47","Conodoguinet Creek","NAD83",2018-10-16 19:00:29
"CCCD.CONCRE13.64",40.263776,-76.98015,"Conodoguinet Creek 13.64","Conodoguinet Creek at Good Hope Launch","NAD83",2018-11-08 20:57:11
"CCCD.CONCRE21.95",40.259296,-77.040426,"Conodoguinet Creek 21.95","Conodoguinet Creek at Willow Mill Park","NAD83",2018-10-16 18:58:57
"CCCD.CONCRE27.96",40.259792,-77.103054,"Conodoguinet Creek 27.96","Conodoguinet Creek at Scott Farm Work Center","NAD83",2018-10-16 18:57:08
"CCCD.CONCRE32.47",40.235785,-77.14107,"Conodoguinet Creek 32.47","Conodoguinet Creek at Letort Falls Park","NAD83",2018-10-16 18:56:14
"CCCD.CONCRE35.82",40.236495,-77.193667,"Conodoguinet Creek 35.82","Conodoguinet Creek at Creekview Park","NAD83",2018-09-11 20:23:47
"CCCD.CONCRE39.03",40.234075,-77.218027,"Conodoguinet Creek 39.03","Conodoguinet Creek at North Middleton Park","NAD83",2018-10-16 18:55:20
"CCCD.CONCRE43.93",40.224638,-77.260294,"Conodoguinet Creek 43.93","Conodoguinet Creek","NAD83",2018-10-16 18:53:24
"CCCD.CONCRE44.27",40.221555,-77.269701,"Conodoguinet Creek 44.27","Conodoguinet Creek below Opossum lake confluence","NAD83",2018-10-16 19:01:43
"CCCD.CONCRE5.25",40.27688,-76.944799,"Conodoguinet Creek 5.25","Conodoguinet Creek at Adams-Ricci Park","NAD83",2018-10-16 18:57:57
"CCCD.CONCRE59.72",40.177355,-77.454229,"Conodoguinet Creek 59.72","Conodoguinet Creek at Steelstown and Brandy Run Road","NAD83",2018-10-16 18:52:35
"CCCD.CONCRE6.09",40.270673,-76.95154,"Conodoguinet Creek 6.09","Conodoguinet Creek at Acri Meadow Park","NAD83",2018-10-16 18:59:42
"CCCD.CONCRE79.50",40.068522,-77.643277,"Conodoguinet Creek 79.50","Conodoguinet Creek at Creek Road and Cumberland Highway ","NAD83",2018-10-16 18:50:49
"CCCD.ENORUN0.47",40.28072,-76.933674,"Enola Run 0.47","Enola Run below the old landfill","NAD83",2018-10-16 19:36:38
"CCCD.GRESPRCRE0.16",40.157973,-77.449899,"Green Spring Creek","Green Spring Creek at Green Spring Brethren in Christ Church","NAD83",2018-09-11 20:11:31
"CCCD.HOGRUN0.98",40.244428,-77.033945,"Hogestown Run 0.98","Hogestown Run","NAD83",2018-10-16 19:35:29
"CCCD.LETSPRRUN4.77",40.195294,-77.184267,"LeTort Spring Run 4.77","Letort Spring Run at Letort Park","NAD83",2018-09-11 20:25:33
"CCCD.MIDSPRCRE0.02",40.10478,-77.559186,"Middle Spring Creek 0.02","Middle Spring Creek at McClays Mill Road","NAD83",2018-09-11 20:10:14
"CCCD.MIDSPRCRE5.26",40.061807,-77.532396,"Middle Spring Creek 5.26","Middle Spring Creek at Bard Road Bridge","NAD83",2018-10-16 19:01:16
"CCCD.MOUROCSPRCRE0.03",40.214809,-77.299823,"Mount Rock Spring Creek 0.03","Mount Rock Spring Creek","NAD83",2018-09-11 20:19:04
"CCCD.TRISPRRUN0.16",40.251672,-77.00744,"Trindle Spring Run 0.16","Trindle Spring Run behind Wegmans","NAD83",2018-09-11 20:28:21
"CCCD.UNTCONCRE0.06",40.231014,-77.218649,"UNT to Conodoguinet Creek 0.06","UNT at North Middleton Park","NAD83",2018-12-17 19:13:42
"CCCD.UNTCONCRE2.68",40.265907,-77.223096,"UNT to Conodoguinet Creek","UNT to Conodoguinet northern tributary","NAD83",2019-04-30 15:18:57
"CCCD.WERRUN0.34",40.244658,-77.17598,"Wertz Run 0.34","Wertz Run at Partridge Circle Neighborhood Park","NAD83",2018-09-11 20:24:40
"NWA.BACR2",38.4555,-75.7569,"Mardela Springs Boat Ramp","Bridge","NAD83",2017-10-04 13:13:21
"NWA.BRCR3",38.5583,-75.5696,"Laurel Dock","Bridge","NAD83",1900-01-01 00:00:00
"NWA.CHIC1",38.5134,-75.8796,"Chicamicomico HW","Private","NAD83",1900-01-01 00:00:00
"NWA.DEHE1",38.7475,-75.5816,"Redden Road","Bridge","NAD83",1900-01-01 00:00:00
"NWA.DENA2",38.6336,-75.6177,"Seaford Boat Launch","Public dock","NAD83",1900-01-01 00:00:00
"NWA.LIBL1",38.54619,-76.08297,"Little Blackwater 1","Bridge","NAD83",1900-01-01 00:00:00
"NWA.LIBL4",38.51675,-76.0808,"Little Blackwater 4","Bridge","NAD83",1900-01-01 00:00:00
"NWA.MAHO2",38.6882,-75.7701,"Federalsburg Marina","Public dock","NAD83",1900-01-01 00:00:00
"NWA.MAHO5",38.545,-75.7627,"Henson Scout Reservation","Boy Scout dock","NAD83",1900-01-01 00:00:00
"NWA.MANA3",38.4828,-75.8232,"Vienna Docks","Floating dock","NAD83",1900-01-01 00:00:00
"NWA.MANA6",38.2712,-75.9092,"Nanticoke Harbor","Private dock","NAD83",1900-01-01 00:00:00
"NWA.RECR1",38.4016,-75.7905,"Rewastico Creek","Private dock","NAD83",1900-01-01 00:00:00
"NWA.RECR2c",38.4106,-75.7544,"Rewastico Pond Creek","Bridge ","NAD83",1900-01-01 00:00:00
"NWA.TYCR1",38.320059,-75.859137,"Tyaskin Creek","Bridge","NAD83",1900-01-01 00:00:00
"NWA.WECR1",38.3267,-75.8665,"Wetipquin Boat Ramp","Bridge; very high; deep; swift","NAD83",1900-01-01 00:00:00
"OCCA.BUTCRE17.90",42.545443,-75.238748,"Butternut Creek 17.90","At Morris","NAD83",2018-06-06 15:53:30
"OCCA.BUTCRE23.20",42.58939,-75.19321,"Butternut Creek 23.20","At Route 12","NAD83",2018-06-06 15:53:43
"OCCA.ELKCRE0.05",42.54499,-74.84201,"Elk Creek 0.05","State Highway 7east of Valder Road (west of the town of Schenevus)","NAD83",2018-06-06 15:54:05
"OCCA.OAKCRE0.72",42.666023,-74.959008,"Oaks Creek 0.72","Rte 25 south of 11","NAD83",2018-06-06 15:55:28
"OCCA.OTECRE21.08",42.61636,-75.05741,"Otego Creek 21.08","Rte 11D between 11 and 205","NAD83",2018-06-06 15:55:53
"OCCA.REDCRE1.34",42.6862,-74.9184,"Red Creek 1.34","Intersection County Rtes 33 and 52","NAD83",2018-06-06 15:56:16
"OCCA.SUSRIV466.75",42.690481,-74.929575,"Susquehanna River 466.75","Behind Cooperstown School","NAD83",2018-06-06 15:58:36
"OCCA.UNTOTSLAK0.37",42.80672,-74.90287,"""Trout Book"" 0.37","Mohican Farm","NAD83",2018-06-06 15:59:19
"OCCA.UNTSUSRIV0.81",42.592681,-74.949535,"""Hinman Hollow Brook"" 0.81","Across from Milford School at Brook Road","NAD83",2018-06-06 15:59:57
"ACB.ALBCRE0.5",37.49701,-77.43906,"Albro Creek",NA,"NAD83",2018-07-30 14:11:53
"ACB.ARF",37.30734,-78.389257,"Appomattox River at Farmville",NA,"NAD83",2018-01-29 14:00:43
"ACB.COARIV3.0",37.9581,-76.48242,"Coan River","End of the pier at 886 Bundick Rd. on the Coan River at the Bundick Wharf","NAD83",2019-04-24 18:04:24
"ACB.DEEPRUN_FA",38.2518,-77.4911,"Deep Run Fredericksburg Academy","Deep Run near FA","NAD83",2018-07-10 19:37:02
"ACB.HAZRUN",38.27963,-77.499828,"Hazel Run",NA,"NAD83",2018-02-20 21:08:15
"ACB.MANCAN",37.52586,-77.43108,"Manchester Canal","Drainage canal that empties into James River","NAD83",2019-01-24 17:12:43
"ACB.MAT3",37.9080349,-77.2992656,"Mattaponi River 3",NA,"NAD83",2018-02-20 21:04:19
"ACB.NR1",37.6377352,-77.4774313,"North Run 1",NA,"NAD83",2018-01-29 14:08:15
"ACB.SA2",37.821667,-77.845278,"South Anna River",NA,"NAD83",2018-11-28 19:52:41
"ACB.UNTSC",37.4927111,-77.7768892,"Unnamed Tributary of Swift Creek","Unnamed trib of Swift Creek in the backyard of Sandra Baron","NAD83",2018-06-04 13:33:32
"ACB.WH",37.3904139,-76.2752188,"Winter Harbor",NA,"NAD83",2018-02-20 21:13:34
"CWT.10",37.5271,-77.5643,NA,"Behind Bon Air Elementary School","NAD83",2017-11-09 13:25:18
"CWT.11",37.5142,-77.5493,NA,"North of culvert under Poplar Hollow Trail","NAD83",2017-11-09 13:25:18
"CWT.14",37.5543,-77.604,NA,"Upstream of boat slip at the Virginia Powerboat Association property","NAD83",2017-11-09 13:25:18
"CWT.15",37.3306,-77.7275,NA,"20 feet upstream of River Road bridge","NAD83",2017-11-09 13:25:18
"CWT.16",37.4473,-77.739,NA,"At Mount Hermon Road bridge on south bank of creek","NAD83",2017-11-09 13:25:18
"CWT.2",37.4542,-77.5804,NA,"Sample taken from wooden bridge that leads to the wetlands area Park at the nature center and walk 1/4 mile on paved trail","NAD83",2017-11-09 10:41:32
"CWT.20",37.491,-77.5754,NA,"North bank of creek next to Shenandoah Community Association parking lot","NAD83",2017-11-09 13:25:18
"CWT.21",37.44191,-77.56483,NA,"North of picnic shelter at Fernbrook Park","NAD83",2017-11-09 13:25:18
"CWT.23",37.3837,-77.6666,NA,"On pedestrian trail behind 14337 Forest Row Trail","NAD83",2017-11-09 13:25:18
"CWT.24",37.3682,-77.5187,NA,"South bank of creek at 7700 Old Beach Road at base of historic bridge abutment","NAD83",2017-11-09 13:25:18
"CWT.26",37.5518,-77.6633,NA,"West of Kings Farm Drive culvert north bank of creek","NAD83",2017-11-09 13:25:18
"CWT.29",37.4416,-77.7119,NA,"On pedestrian trail behind 4400 Lake Summer Place next to sewer access cover","NAD83",2017-11-09 13:25:18
"CWT.3",37.4917,-77.6429,NA,"50 yards west of Groveton Terrace","NAD83",2017-11-09 10:41:32
"CWT.3.1",37.497,-77.6451,NA,"Upstream pavilion in Midlothian Mines Park ","NAD83",2017-11-09 10:41:32
"CWT.30",37.4086,-77.7132,NA,"South bank of creek west of Prescotts Level Culvert","NAD83",2017-11-09 13:25:18
"CWT.4",37.4098,-77.6165,NA,"Park near the driveway of the Bailey Bridge Pump Station near Bailey Bridge MS walk down driveway to the stream","NAD83",2017-11-09 13:25:18
"CWT.41",37.4865,-77.6403,NA,"West bank of creek north end of Queensgate Road culvert","NAD83",2017-11-09 13:25:18
"CWT.45",37.4796,-77.6884,NA,"At Otterdale Road east side of culvert","NAD83",2017-11-09 13:25:18
"CWT.53",37.4188,-77.4826,NA,"North bank at the intersection of Beulah and Irongate Roads","NAD83",2017-11-09 13:25:18
"CWT.56",37.3187,-77.4869,NA,"West bank of creek at the northern end of Glebe Point Road culvert","NAD83",2017-11-09 13:25:18
"CWT.58",37.4694,-77.5466,NA,"East bank of the creek next to the pool parking lot","NAD83",2017-11-09 13:25:18
"CWT.6",37.4073,-77.6441,NA,"Located behind 13621 Birdsong Lane","NAD83",2017-11-09 13:25:18
"CWT.60",37.4877,-77.6637,NA,"South bank of creek 75 feet west of the Greenway Crossing Drive culvert","NAD83",2017-11-09 13:25:18
"CWT.62",37.3839,-77.4526,NA,"North end of culvert at the intersection of Chester Road and Hamlin Creek Parkway","NAD83",2017-11-09 13:25:18
"CWT.68",37.5231,-77.5832,NA,"Test site is on the observation platform of the dam. ","NAD83",2017-11-09 13:25:18
"CWT.69",37.3734,-77.4246,NA,"Test site is on the south bank of the creek behind 2831 Defrod Court  ","NAD83",2017-11-09 13:25:18
"CWT.71",37.4234,-77.7258,NA,"On the south bank of creek side at the east end of Otterdale Road culvert ","NAD83",2017-11-09 13:25:18
"CWT.72",37.4584,-77.6144,NA,"On the south bank of creek at the end of the trail approximately 550 feet north west of playground ","NAD83",2017-11-09 13:25:18
"CWT.74",37.4093,-77.6433,NA,"Test site is approximately 290 feet southwest of the end of Coby Way ","NAD83",2018-09-14 19:30:36
"CWT.75",37.4849,-77.6669,"Little Tomahawk Creek at Agee Terrace",NA,"NAD83",2017-12-20 21:12:39
"CWT.8",37.3631,-77.3091,NA,"Sample taken off dock located at 2312 Mount Blanco Road","NAD83",2017-11-09 13:25:18
"CWT.CWT76",37.3915,-77.6994,"Dry Creek at Hampton Park",NA,"NAD83",2018-09-14 14:02:57
"CWT.FCR5",37.4591,-77.4834,NA,"On a private dock at 4309 Reservoir Lane","NAD83",2017-11-09 13:25:19
"CWT.FCR6",37.4622,-77.4683,NA,"On a private dock at 4400 Lake Hill Court ","NAD83",2017-11-09 13:25:19
"CWT.FCR7",37.4587,-77.4777,NA,"On a private dock at 4600 Selwood Road","NAD83",2017-11-09 13:25:19
"CWT.FCR8",37.4854,-77.4732,NA,"On a private dock at 4600 Melody Court ","NAD83",2017-11-09 13:25:19
"HAWQS.CR1",37.68855,-77.5777,"Chickahominy River",NA,"NAD83",2019-02-08 14:54:19
"HAWQS.DRP2",37.6224,-77.5863,"Deep Run Park 1",NA,"NAD83",2019-02-08 14:57:37
"HAWQS.RB1",37.63028,-77.5138,"Rocky Branch1",NA,"NAD83",2019-02-08 14:52:33
"HAWQS.SP1",37.598862,-77.465087,"Spring Park 1",NA,"NAD83",2018-03-23 17:47:00
"HAWQS.TB1",37.60772,-77.46539,"Trumpet Branch",NA,"NAD83",2018-04-17 20:31:03
"HAWQS.TUC1",37.6117,-77.6417,"Tuckahoe Creek 1","","NAD83",2019-02-08 14:56:14
"PVMN.VLM2",37.071533,-76.477187,"Virginia Living Museum Station 2","At the inlet from Deer Park culvert","NAD83",2018-05-26 02:10:15
"PVMN.VLM3",37.069855,-76.478938,"Virginia Living Museum Sta. 3","Near back entrance to trail","NAD83",2018-05-26 02:12:25
"PVMN.VLM4",37.068451,-76.478976,"VLM Sta 4","floating dock","NAD83",2018-05-26 02:14:03
"ACB.DC1",37.6179,-77.989833,"Deep Creek",NA,"NAD83",2018-04-30 15:05:06
"ACB.DR3",37.63527778,-76.69638889,NA,"Farley Park Bridge","NAD83",2017-10-26 18:18:37
"ACB.DR6",37.69638889,-76.72722222,NA,"Ware Bridge","NAD83",2017-10-26 18:18:47
"ACB.DR9",37.58555556,-76.60305556,NA,"Pitts Lumber","NAD83",2017-10-26 18:19:11
"ACB.HALCRE0.72",37.2408,-76.6916,"Halfway Creek","Halfway Creek at Carter's Grove Country Road","NAD83",2018-11-28 19:02:56
"ACB.HALCRE3",37.239145,-76.664161,"Tributary of Halfway Creek","Tributary of Halfway Creek","NAD83",2018-11-28 18:46:35
"ACB.JRB",37.6244,-77.9831,"James River at Belmead",NA,"NAD83",2018-04-27 20:54:40
"ACB.JRTP",37.6652,-77.886667,"James River at Tucker Park",NA,"NAD83",2018-04-27 20:51:28
"ACB.MILCRE3.65",37.24611,-76.75266,"Mill Creek at Hickory Signpost Road","Stream running behind housing area parallel to road - pumping station","NAD83",2018-11-28 19:00:47
"ACB.PAMRIV82",37.788696,-77.370077,"Pamunky River","Located on 301N, 2 miles North of Hanover Couthouse","NAD83",2019-04-08 19:16:38
"ACB.STORUN6.2",37.75357,-77.48936,"Stony Run Branch","Stony Run Branch flows south under the enterance footbridge and along the east side of DeJarnette Park, towards Stony Run. DeJarnette Park SIC Code #9512, Land, Mineral, Wildlife, and Forest Conservation in Ashland, VA","NAD83",2018-10-22 18:47:22
"AR.AR.1",38.9116,-76.9546,"Anacostia River 1","Floating Dock by National Arboretum","NAD83",2019-05-03 19:05:36
"AR.AR.2",38.9098,-76.9618,"Anacostia River 2","Hickey Run (Anacostia Tributary)","NAD83",2019-05-03 19:08:40
"AR.AR.3",38.8939,-76.9655,"Anacostia River 3","Kingman Lake at Floating Dock","NAD83",2019-05-03 19:09:46
"AR.AR.4",38.8799,-76.9709,"Anacostia River 4","Anacostia Park Boat Ramp Dock","NAD83",2019-05-03 19:11:00
"AR.AR.5",38.87278,-77.0006,"Anacostia River 5","Yards Marina","NAD83",2019-05-03 19:11:47
"AR.AR.6",38.86535,-77.0102,"Anacostia River 6","Buzzard Point at James Creek Marina","NAD83",2019-05-03 19:12:34
"AR.AR.7",38.8774,-77.0246,"Anacostia River 7","Washington Channel","NAD83",2019-05-03 19:13:22
"AR.PR.1",38.92586,-77.0951,"Potomac River 1","Battery Kemble Creek","NAD83",2019-05-03 18:57:27
"AR.PR.2",38.9187,-77.1031,"Potomac River 2","Fletchers Boat House","NAD83",2019-05-03 18:58:25
"AR.PR.3",38.91414,-77.08126,"Potomac River 3","Foundry Branch","NAD83",2019-05-03 18:59:27
"AR.PR.4",38.90431,-77.07193,"Potomac River 4","Washington Canoe Club","NAD83",2019-05-03 19:00:42
"AR.PR.5",38.90008,-77.05842,"Potomac River 5","Thompson Boat Center","NAD83",2019-05-03 19:01:34
"AR.PR.6",38.88495,-77.0355,"Potomac River 6","Tidal Basin","NAD83",2019-05-03 19:02:27
"AR.PR.7",38.87637,-77.04671,"Potomac River 7","Columbia Island","NAD83",2019-05-03 19:03:34
"AR.RC.1",38.9832,-77.0407,"Rock Creek 1","Rock Creek at Juniper St","NAD83",2019-05-03 18:44:48
"AR.RC.2",38.97634,-77.0522,"Rock Creek 2","Pinehurst Branch","NAD83",2019-05-03 18:45:42
"AR.RC.3",38.95748,-77.06218,"Rock Creek 3","Broad Branch","NAD83",2019-05-03 18:47:02
"AR.RC.4",38.9466,-77.05575,"Rock Creek 4","Soapstone Creek","NAD83",2019-05-03 18:48:07
"AR.RC.5",38.93831,-77.05258,"Rock Creek 5","Melvin Hazen Run","NAD83",2019-05-03 18:49:14
"AR.RC.6",38.93337,-77.05024,"Rock Creek 6","Rock Creek below Piney Branch","NAD83",2019-05-03 18:50:35
"AR.RC.7",38.92176,-77.06027,"Rock Creek 7","Normanstone Run","NAD83",2019-05-03 18:51:37
"AR.RC.8",38.9089,-77.0507,"Rock Creek 8","P Street Branch","NAD83",2019-05-03 18:52:36
"CWT.18",37.4435,-77.5221,NA,"At end of a cul de sac on a residential road northwest of Belmont Road","NAD83",2017-11-09 13:25:18
"CWT.31",37.4914,-77.541,NA,"West side of creek at the head of the nature trail ","NAD83",2017-11-09 13:25:18
"CWT.42",37.383768,-77.498854,NA,"At Government Center Parkway","NAD83",2018-08-24 15:39:29
"CWT.47",37.457,-77.60006,NA,"Base of bridge crossing the creek east bank south of the bridge","NAD83",2017-11-09 13:25:18
"CWT.57",37.4444,-77.6539,NA,"West bank of the creek north of the Overcreek Lane culvert","NAD83",2017-11-09 13:25:18
"HAWQS.AC1",37.50667,-77.4016,"Almond Creek 1",NA,"NAD83",2019-02-08 14:53:07
"HAWQS.BB1",37.422899,-77.395419,"Biddy Branch 1","located behind 1431 Chaffins Branch Henrico, VA 23231","NAD83",2018-07-10 15:17:59
"HAWQS.BP1",37.597203,-77.473774,"Bryan Park 1","located on bridge in Bryan Park by main, large parking lot and shelter area","NAD83",2018-07-27 14:14:29
"HAWQS.DE1",37.540124,-77.295608,"Donahoe Elementary","located along Graves Rd by Donahoe Elementary School","NAD83",2018-08-27 14:17:10
"HAWQS.DR1",37.60234,-77.6063,"Deep Run 1",NA,"NAD83",2019-02-08 14:53:44
"HAWQS.NR2",37.62927,-77.4768,"North Run 2",NA,"NAD83",2019-02-08 14:51:51
"HAWQS.QM1",37.60925,-77.5853,"Quioccasin Middle 1","","NAD83",2019-02-08 14:55:03
"HAWQS.TCP1",37.62336,-77.6507,"Tuckahoe Creek Park 1","","NAD83",2019-02-08 14:57:03
"JRA.A01",37.316523,-77.273569,NA,"Appomattox River at City Point","NAD83",2018-11-27 09:54:26
"JRA.A02",37.311187,-77.297991,NA,"Appomattox River at Hopewell Rt. 10","NAD83",2018-11-27 09:54:26
"JRA.A03",37.233842,-77.412567,NA,"Appomattox River at Harvell Dam","NAD83",2018-11-27 09:54:26
"JRA.A08",37.307397,-78.388979,NA,"Appomattox River at Farmville Main St. Bridge","NAD83",2018-11-27 09:54:26
"JRA.C01",37.264742,-76.874715,NA,"Chickahominy Riverfront Park","NAD83",2018-11-27 09:54:26
"JRA.J05",37.2239,-76.788613,NA,"James River at Jamestown Beach","NAD83",2018-11-27 09:54:25
"JRA.J08",37.518597,-77.416635,NA,"James River at Rocketts Landing","NAD83",2018-11-27 09:54:27
"JRA.J10",37.530947,-77.431925,NA,"James River at 14th Street","NAD83",2018-11-27 09:54:27
"JRA.J20",37.534353,-77.445372,NA,"James River at Rope Swing at Tredegar","NAD83",2018-11-27 09:54:27
"JRA.J21",37.524391,-77.469575,NA,"James River at Reedy Creek","NAD83",2018-11-27 09:54:27
"JRA.J22",37.52677,-77.475694,NA,"James River at 42nd St Access","NAD83",2018-11-27 09:54:27
"JRA.J23",37.551591,-77.520421,NA,"James River at Pony Pasture","NAD83",2018-11-27 09:54:27
"JRA.J24",37.56054,-77.545782,NA,"James River at Huguenot Flatwater","NAD83",2018-11-27 09:54:28
"JRA.J25",37.6661,-77.888811,NA,"James River at Tucker Park (Maidens Crossing)","NAD83",2018-11-27 09:54:28
"JRA.J26",37.559211,-77.646665,NA,"James River at Robious Landing Park","NAD83",2018-11-27 09:54:28
"JRA.J40",37.529933,-79.679078,NA,"James River at Buchanan Boat Landing","NAD83",2018-11-27 09:54:28
"JRA.M05",37.753461,-79.392316,NA,"Maury River at Ben Salem Wayside","NAD83",2018-11-27 09:54:28
"JRA.P05",37.237651,-76.768367,NA,"Powhatan Creek Park","NAD83",2018-11-27 09:54:25
"RAS.09-PL21-Sug-SLR4",38.9787922,-77.3643976,NA,"NULL","NAD83",2018-07-30 15:55:54
"SCC.CG",38.9731,-76.5171,NA,"Cherry Grove","NAD83",2018-05-10 16:01:54
"SCC.EYC",38.9753,-76.4782,NA,"Eastport Yacht Club","NAD83",2018-05-11 18:48:39
"SCC.HC",38.9678,-76.4971,NA,"Hawkins Cove","NAD83",2018-05-10 16:01:27
"SCC.HW",38.9695,-76.5023,NA,"Headwater Merge","NAD83",2018-05-10 16:02:18
"SCC.MAC",38.9732,-76.4924,NA,"Acton Cove","NAD83",2018-05-10 16:05:22
"SCC.MOS",38.9753,-76.4837,NA,"Mouth of Spa Creek","NAD83",2018-05-10 16:02:41
"SCC.MOWC",38.9724,-76.4958,NA,"Cheston","NAD83",2018-05-10 16:05:44
"SCC.MSM",38.9699,-76.4996,NA,"Truxton MIdstream","NAD83",2018-05-10 16:06:05
"SCC.MSW",38.9734,-76.4879,NA,"ShipWright","NAD83",2018-05-10 16:03:04
"SCC.SCM",38.9706,-76.5074,NA,"Children's Museum","NAD83",2018-05-10 16:00:42
"SCC.SUP",38.9724,-76.4893,NA,"SUP Midstream","NAD83",2018-05-10 16:00:07
"USNADC.HICRUN1",38.91468,-76.96696,"Hickey Run","Hickey Run above the spring house run junction off of Hickey Lane","NAD83",2018-05-22 20:37:54
"USNADC.HICRUN2",38.91247,-76.96569,"Hickey Run","Hickey Run below the spring house run junction off of Meadow Road.","NAD83",2018-05-22 20:38:10
"USNADC.SPRHOURUN1",38.91648,-76.96256,"Spring House Run","Spring House Run at the outflow just south of New York Avenue","NAD83",2018-05-22 20:36:07
"USNADC.SPRHOURUN2",38.91495,-76.96328,"Spring House Run","Spring House Run in the pool after the waterfall.","NAD83",2018-05-22 20:37:19
"USNADC.SPRHOURUN3",38.91317,-76.96493,"Spring House Run","Spring House Run at the end of the restoration project at the corner of Valley Road and Meadow Road.","NAD83",2018-05-22 20:37:37
"ACB.DR8",37.55611111,-76.53305556,NA,"Holly Beach","NAD83",2017-10-26 18:19:00
"ACB.HSC01",37.59866,-77.4263,"Horse Swamp Creek","Horse Creek at Lark Drive","NAD83",2019-01-29 19:02:15
"CWT.202",37.47825,-77.63507,NA,"Near west shore 150 yards from dam","NAD83",2017-11-09 13:25:18
"CWT.204",37.47634,-77.6302,NA,"off south shore 600 yards from dam","NAD83",2017-11-09 13:25:18
"CWT.35",37.3898,-77.5759,NA,"Pedestrian bridge where Swift Creek joins Swift Creek Lake","NAD83",2017-11-09 13:25:18
"CWT.35.1",37.3888,-77.5752,NA,"Boat dock at confluence of Swift Creek and Swift Creek Lake","NAD83",2017-11-09 13:25:18
"CWT.70",37.411,-77.6966,NA,"Test site is on the north bank of the creek west of the Fox Club Parkway Culvert ","NAD83",2017-11-09 13:25:18
"CWT.FCR9",37.459,-77.4749,"Falling Creek Reservoir 8","dock at 4150 October Road","NAD83",2018-10-26 13:58:15
"JRA.C05",37.55197,-77.271146,NA,"Chickahominy River at Grapevine Bridge","NAD83",2018-11-27 09:54:27
"JRA.J35",37.41605,-79.13675,NA,"James River at Riveredge Park Boat Landing","NAD83",2018-11-27 09:54:28
"NWA.CHIC2",38.48161,-75.88352,"New Bridge Rd.","Chicamacomico River at New Bridge Rd. (bridge site)","NAD83",2019-01-09 18:37:09
"NWA.JABR2",38.55495,-75.53978,"James Branch 2","Second sampling site at James Branch near Route 13.","NAD83",2019-01-09 18:44:18
"NWA.TRAN2",38.51269,-75.96834,"Drawbridge Rd.","Transquaking River at Drawbridge Rd.","NAD83",2019-01-09 18:40:52
"RAS.09-PL22-Sna-DR19",38.9298922,-77.3458976,NA,"NULL","NAD83",2018-07-30 15:56:47
"MDE.0306006",38.935556,-76.523056,NA,"","NAD83",2018-03-23 10:07:28
"MDE.0306017",38.915,-76.489444,NA,"","NAD83",2018-03-23 10:07:28
"MDE.0306110",38.950833,-76.557778,NA,"","NAD83",2018-03-23 10:07:28
"MDE.0307108",38.860833,-76.511944,NA,"","NAD83",2018-03-23 10:07:28
"MDE.0307117",38.8775,-76.518333,NA,"","NAD83",2018-03-23 10:07:28
"MDE.0307204",38.854681,-76.531378,NA,"","NAD83",2018-03-23 10:07:28
"MDE.0801028",38.76458,-76.17628,NA,"","NAD83",2018-03-23 10:07:28
"MDE.0802010",38.888056,-76.180278,NA,"","NAD83",2019-01-04 19:11:34
"MDE.0804014",38.842222,-76.303611,NA,"","NAD83",2018-03-23 10:07:28
"MDE.0804019",38.898333,-76.313333,NA,"","NAD83",2019-01-04 19:11:13
"MDE.0808044",38.753333,-76.307778,NA,"","NAD83",2018-03-23 10:07:28
