"","paramMethod","SOURCE","STATION","SAMPLE_DATE","SAMPLE_TIME","paramCode","SAMPLE_ID","EventId","AGENCY","PROGRAM","DateTime","DEPTH","SAMPLE_TYPE","TIER","Matrix","QUALIFIER","VALUE","UNITS","PROBLEM","LAB","labName","detLimit","qaFlag","COMMENTS","count.x","count.y","LAYER","PROJECT","SampleAnalyticalMethodIdentifier","SubstanceIdentificationName"
"875",999,"ALLARM","ALLARM.MG2","10/02/2009","12:00:00","TDS.1","M1",2809,"CMC","NTWQM",2009-10-02 12:00:00,0.1,"ISM","1","Water",NA,440,"MG/L",NA,NA,NA,NA,2,NA,1,1,"S","PARTNTID",NA,NA
"876",999,"ALLARM","ALLARM.MG1","02/09/2009","12:00:00","TDS.1","M1",2704,"CMC","NTWQM",2009-02-09 12:00:00,0.1,"ISM","1","Water",NA,490,"MG/L",NA,NA,NA,NA,2,NA,1,1,"S","PARTNTID",NA,NA
"877",999,"ALLARM","ALLARM.LT3","05/09/2009","12:00:00","TDS.1","M1",2735,"CMC","NTWQM",2009-05-09 12:00:00,0.1,"ISM","1","Water",NA,300,"MG/L",NA,NA,NA,NA,2,NA,1,1,"S","PARTNTID",NA,NA
"878",999,"ALLARM","ALLARM.LT10","09/18/2009","12:00:00","TDS.1","M1",2794,"CMC","NTWQM",2009-09-18 12:00:00,0.1,"ISM","1","Water",NA,360,"MG/L",NA,NA,NA,NA,2,NA,1,1,"S","PARTNTID",NA,NA
"879",999,"ALLARM","ALLARM.LT1","01/09/2009","12:00:00","TDS.1","M1",2681,"CMC","NTWQM",2009-01-09 12:00:00,0.1,"ISM","1","Water",NA,320,"MG/L",NA,NA,NA,NA,2,NA,1,1,"S","PARTNTID",NA,NA
"880",999,"ALLARM","ALLARM.LT5","02/09/2009","12:00:00","TDS.1","M1",2698,"CMC","NTWQM",2009-02-09 12:00:00,0.1,"ISM","1","Water",NA,320,"MG/L",NA,NA,NA,NA,2,NA,1,1,"S","PARTNTID",NA,NA
"881",999,"ALLARM","ALLARM.MG2","11/06/2009","12:00:00","TDS.1","M1",2822,"CMC","NTWQM",2009-11-06 12:00:00,0.1,"ISM","1","Water",NA,450,"MG/L",NA,NA,NA,NA,2,NA,1,1,"S","PARTNTID",NA,NA
"882",999,"ALLARM","ALLARM.MG1","03/09/2009","12:00:00","TDS.1","M1",2717,"CMC","NTWQM",2009-03-09 12:00:00,0.1,"ISM","1","Water",NA,480,"MG/L",NA,NA,NA,NA,2,NA,1,1,"S","PARTNTID",NA,NA
"883",999,"ALLARM","ALLARM.LT3","06/09/2009","12:00:00","TDS.1","M1",2748,"CMC","NTWQM",2009-06-09 12:00:00,0.1,"ISM","1","Water",NA,290,"MG/L",NA,NA,NA,NA,2,NA,1,1,"S","PARTNTID",NA,NA
"884",999,"ALLARM","ALLARM.LT10","10/02/2009","12:00:00","TDS.1","M1",2807,"CMC","NTWQM",2009-10-02 12:00:00,0.1,"ISM","1","Water",NA,340,"MG/L",NA,NA,NA,NA,2,NA,1,1,"S","PARTNTID",NA,NA
"885",999,"ALLARM","ALLARM.LT1","02/09/2009","12:00:00","TDS.1","M1",2694,"CMC","NTWQM",2009-02-09 12:00:00,0.1,"ISM","1","Water",NA,300,"MG/L",NA,NA,NA,NA,2,NA,1,1,"S","PARTNTID",NA,NA
"886",999,"ALLARM","ALLARM.LT5","03/09/2009","12:00:00","TDS.1","M1",2711,"CMC","NTWQM",2009-03-09 12:00:00,0.1,"ISM","1","Water",NA,310,"MG/L",NA,NA,NA,NA,2,NA,1,1,"S","PARTNTID",NA,NA
"887",999,"ALLARM","ALLARM.MG2","12/04/2009","12:00:00","TDS.1","M1",2835,"CMC","NTWQM",2009-12-04 12:00:00,0.1,"ISM","1","Water",NA,440,"MG/L",NA,NA,NA,NA,2,NA,1,1,"S","PARTNTID",NA,NA
"888",999,"ALLARM","ALLARM.MG1","04/09/2009","12:00:00","TDS.1","M1",2730,"CMC","NTWQM",2009-04-09 12:00:00,0.1,"ISM","1","Water",NA,260,"MG/L",NA,NA,NA,NA,2,NA,1,1,"S","PARTNTID",NA,NA
"889",999,"ALLARM","ALLARM.LT3","07/09/2009","12:00:00","TDS.1","M1",2761,"CMC","NTWQM",2009-07-09 12:00:00,0.1,"ISM","1","Water",NA,300,"MG/L",NA,NA,NA,NA,2,NA,1,1,"S","PARTNTID",NA,NA
"890",999,"ALLARM","ALLARM.LT10","11/06/2009","12:00:00","TDS.1","M1",2820,"CMC","NTWQM",2009-11-06 12:00:00,0.1,"ISM","1","Water",NA,370,"MG/L",NA,NA,NA,NA,2,NA,1,1,"S","PARTNTID",NA,NA
"891",999,"ALLARM","ALLARM.LT1","03/09/2009","12:00:00","TDS.1","M1",2707,"CMC","NTWQM",2009-03-09 12:00:00,0.1,"ISM","1","Water",NA,320,"MG/L",NA,NA,NA,NA,2,NA,1,1,"S","PARTNTID",NA,NA
"892",999,"ALLARM","ALLARM.LT5","04/09/2009","12:00:00","TDS.1","M1",2724,"CMC","NTWQM",2009-04-09 12:00:00,0.1,"ISM","1","Water",NA,290,"MG/L",NA,NA,NA,NA,2,NA,1,1,"S","PARTNTID",NA,NA
"893",999,"ALLARM","ALLARM.WL","01/09/2009","12:00:00","TDS.1","M1",2693,"CMC","NTWQM",2009-01-09 12:00:00,0.1,"ISM","1","Water",NA,480,"MG/L",NA,NA,NA,NA,2,NA,1,1,"S","PARTNTID",NA,NA
"894",999,"ALLARM","ALLARM.LT3","08/05/2009","12:00:00","TDS.1","M1",2774,"CMC","NTWQM",2009-08-05 12:00:00,0.1,"ISM","1","Water",NA,280,"MG/L",NA,NA,NA,NA,2,NA,1,1,"S","PARTNTID",NA,NA
"895",999,"ALLARM","ALLARM.LT10","05/09/2009","12:00:00","TDS.1","M1",2742,"CMC","NTWQM",2009-05-09 12:00:00,0.1,"ISM","1","Water",NA,380,"MG/L",NA,NA,NA,NA,2,NA,1,1,"S","PARTNTID",NA,NA
"896",999,"ALLARM","ALLARM.LT10","12/04/2009","12:00:00","TDS.1","M1",2833,"CMC","NTWQM",2009-12-04 12:00:00,0.1,"ISM","1","Water",NA,390,"MG/L",NA,NA,NA,NA,2,NA,1,1,"S","PARTNTID",NA,NA
"897",999,"ALLARM","ALLARM.LT1","04/09/2009","12:00:00","TDS.1","M1",2720,"CMC","NTWQM",2009-04-09 12:00:00,0.1,"ISM","1","Water",NA,300,"MG/L",NA,NA,NA,NA,2,NA,1,1,"S","PARTNTID",NA,NA
"898",999,"ALLARM","ALLARM.LT5","05/09/2009","12:00:00","TDS.1","M1",2737,"CMC","NTWQM",2009-05-09 12:00:00,0.1,"ISM","1","Water",NA,300,"MG/L",NA,NA,NA,NA,2,NA,1,1,"S","PARTNTID",NA,NA
"899",999,"ALLARM","ALLARM.WL","02/09/2009","12:00:00","TDS.1","M1",2706,"CMC","NTWQM",2009-02-09 12:00:00,0.1,"ISM","1","Water",NA,430,"MG/L",NA,NA,NA,NA,2,NA,1,1,"S","PARTNTID",NA,NA
"900",999,"ALLARM","ALLARM.LT3","09/18/2009","12:00:00","TDS.1","M1",2787,"CMC","NTWQM",2009-09-18 12:00:00,0.1,"ISM","1","Water",NA,270,"MG/L",NA,NA,NA,NA,2,NA,1,1,"S","PARTNTID",NA,NA
"901",999,"ALLARM","ALLARM.LT4","04/09/2009","12:00:00","TDS.1","M1",2723,"CMC","NTWQM",2009-04-09 12:00:00,0.1,"ISM","1","Water",NA,290,"MG/L",NA,NA,NA,NA,2,NA,1,1,"S","PARTNTID",NA,NA
"902",999,"ALLARM","ALLARM.LT2","01/09/2009","12:00:00","TDS.1","M1",2682,"CMC","NTWQM",2009-01-09 12:00:00,0.1,"ISM","1","Water",NA,300,"MG/L",NA,NA,NA,NA,2,NA,1,1,"S","PARTNTID",NA,NA
"903",999,"ALLARM","ALLARM.LT1","05/09/2009","12:00:00","TDS.1","M1",2733,"CMC","NTWQM",2009-05-09 12:00:00,0.1,"ISM","1","Water",NA,290,"MG/L",NA,NA,NA,NA,2,NA,1,1,"S","PARTNTID",NA,NA
"904",999,"ALLARM","ALLARM.LT5","06/09/2009","12:00:00","TDS.1","M1",2750,"CMC","NTWQM",2009-06-09 12:00:00,0.1,"ISM","1","Water",NA,300,"MG/L",NA,NA,NA,NA,2,NA,1,1,"S","PARTNTID",NA,NA
"905",999,"ALLARM","ALLARM.WL","03/09/2009","12:00:00","TDS.1","M1",2719,"CMC","NTWQM",2009-03-09 12:00:00,0.1,"ISM","1","Water",NA,460,"MG/L",NA,NA,NA,NA,2,NA,1,1,"S","PARTNTID",NA,NA
"906",999,"ALLARM","ALLARM.LT3","10/02/2009","12:00:00","TDS.1","M1",2800,"CMC","NTWQM",2009-10-02 12:00:00,0.1,"ISM","1","Water",NA,280,"MG/L",NA,NA,NA,NA,2,NA,1,1,"S","PARTNTID",NA,NA
"907",999,"ALLARM","ALLARM.LT8","11/06/2009","12:00:00","TDS.1","M1",2818,"CMC","NTWQM",2009-11-06 12:00:00,0.1,"ISM","1","Water",NA,340,"MG/L",NA,NA,NA,NA,2,NA,1,1,"S","PARTNTID",NA,NA
"908",999,"ALLARM","ALLARM.LT2","02/09/2009","12:00:00","TDS.1","M1",2695,"CMC","NTWQM",2009-02-09 12:00:00,0.1,"ISM","1","Water",NA,300,"MG/L",NA,NA,NA,NA,2,NA,1,1,"S","PARTNTID",NA,NA
"909",999,"ALLARM","ALLARM.LT1","06/09/2009","12:00:00","TDS.1","M1",2746,"CMC","NTWQM",2009-06-09 12:00:00,0.1,"ISM","1","Water",NA,290,"MG/L",NA,NA,NA,NA,2,NA,1,1,"S","PARTNTID",NA,NA
"910",999,"ALLARM","ALLARM.LT5","07/09/2009","12:00:00","TDS.1","M1",2763,"CMC","NTWQM",2009-07-09 12:00:00,0.1,"ISM","1","Water",NA,300,"MG/L",NA,NA,NA,NA,2,NA,1,1,"S","PARTNTID",NA,NA
"911",999,"ALLARM","ALLARM.LT10","01/09/2009","12:00:00","TDS.1","M1",2690,"CMC","NTWQM",2009-01-09 12:00:00,0.1,"ISM","1","Water",NA,380,"MG/L",NA,NA,NA,NA,2,NA,1,1,"S","PARTNTID",NA,NA
"912",999,"ALLARM","ALLARM.LT3","11/06/2009","12:00:00","TDS.1","M1",2813,"CMC","NTWQM",2009-11-06 12:00:00,0.1,"ISM","1","Water",NA,290,"MG/L",NA,NA,NA,NA,2,NA,1,1,"S","PARTNTID",NA,NA
"913",999,"ALLARM","ALLARM.LT8","12/04/2009","12:00:00","TDS.1","M1",2831,"CMC","NTWQM",2009-12-04 12:00:00,0.1,"ISM","1","Water",NA,360,"MG/L",NA,NA,NA,NA,2,NA,1,1,"S","PARTNTID",NA,NA
"914",999,"ALLARM","ALLARM.LT2","03/09/2009","12:00:00","TDS.1","M1",2708,"CMC","NTWQM",2009-03-09 12:00:00,0.1,"ISM","1","Water",NA,290,"MG/L",NA,NA,NA,NA,2,NA,1,1,"S","PARTNTID",NA,NA
"915",999,"ALLARM","ALLARM.LT1","07/09/2009","12:00:00","TDS.1","M1",2759,"CMC","NTWQM",2009-07-09 12:00:00,0.1,"ISM","1","Water",NA,300,"MG/L",NA,NA,NA,NA,2,NA,1,1,"S","PARTNTID",NA,NA
"916",999,"ALLARM","ALLARM.LT5","08/05/2009","12:00:00","TDS.1","M1",2776,"CMC","NTWQM",2009-08-05 12:00:00,0.1,"ISM","1","Water",NA,290,"MG/L",NA,NA,NA,NA,2,NA,1,1,"S","PARTNTID",NA,NA
"917",999,"ALLARM","ALLARM.LT10","02/09/2009","12:00:00","TDS.1","M1",2703,"CMC","NTWQM",2009-02-09 12:00:00,0.1,"ISM","1","Water",NA,390,"MG/L",NA,NA,NA,NA,2,NA,1,1,"S","PARTNTID",NA,NA
"918",999,"ALLARM","ALLARM.LT3","12/04/2009","12:00:00","TDS.1","M1",2826,"CMC","NTWQM",2009-12-04 12:00:00,0.1,"ISM","1","Water",NA,300,"MG/L",NA,NA,NA,NA,2,NA,1,1,"S","PARTNTID",NA,NA
"919",999,"ALLARM","ALLARM.LT9","01/09/2009","12:00:00","TDS.1","M1",2689,"CMC","NTWQM",2009-01-09 12:00:00,0.1,"ISM","1","Water",NA,380,"MG/L",NA,NA,NA,NA,2,NA,1,1,"S","PARTNTID",NA,NA
"920",999,"ALLARM","ALLARM.LT2","04/09/2009","12:00:00","TDS.1","M1",2721,"CMC","NTWQM",2009-04-09 12:00:00,0.1,"ISM","1","Water",NA,280,"MG/L",NA,NA,NA,NA,2,NA,1,1,"S","PARTNTID",NA,NA
"921",999,"ALLARM","ALLARM.LT1","08/05/2009","12:00:00","TDS.1","M1",2772,"CMC","NTWQM",2009-08-05 12:00:00,0.1,"ISM","1","Water",NA,290,"MG/L",NA,NA,NA,NA,2,NA,1,1,"S","PARTNTID",NA,NA
"922",999,"ALLARM","ALLARM.LT5","09/18/2009","12:00:00","TDS.1","M1",2789,"CMC","NTWQM",2009-09-18 12:00:00,0.1,"ISM","1","Water",NA,270,"MG/L",NA,NA,NA,NA,2,NA,1,1,"S","PARTNTID",NA,NA
"923",999,"ALLARM","ALLARM.LT10","03/09/2009","12:00:00","TDS.1","M1",2716,"CMC","NTWQM",2009-03-09 12:00:00,0.1,"ISM","1","Water",NA,420,"MG/L",NA,NA,NA,NA,2,NA,1,1,"S","PARTNTID",NA,NA
"924",999,"ALLARM","ALLARM.LT4","01/09/2009","12:00:00","TDS.1","M1",2684,"CMC","NTWQM",2009-01-09 12:00:00,0.1,"ISM","1","Water",NA,320,"MG/L",NA,NA,NA,NA,2,NA,1,1,"S","PARTNTID",NA,NA
"925",999,"ALLARM","ALLARM.LT9","02/09/2009","12:00:00","TDS.1","M1",2702,"CMC","NTWQM",2009-02-09 12:00:00,0.1,"ISM","1","Water",NA,360,"MG/L",NA,NA,NA,NA,2,NA,1,1,"S","PARTNTID",NA,NA
"926",999,"ALLARM","ALLARM.LT2","05/09/2009","12:00:00","TDS.1","M1",2734,"CMC","NTWQM",2009-05-09 12:00:00,0.1,"ISM","1","Water",NA,280,"MG/L",NA,NA,NA,NA,2,NA,1,1,"S","PARTNTID",NA,NA
"927",999,"ALLARM","ALLARM.LT1","09/18/2009","12:00:00","TDS.1","M1",2785,"CMC","NTWQM",2009-09-18 12:00:00,0.1,"ISM","1","Water",NA,280,"MG/L",NA,NA,NA,NA,2,NA,1,1,"S","PARTNTID",NA,NA
"928",999,"ALLARM","ALLARM.LT5","10/02/2009","12:00:00","TDS.1","M1",2802,"CMC","NTWQM",2009-10-02 12:00:00,0.1,"ISM","1","Water",NA,290,"MG/L",NA,NA,NA,NA,2,NA,1,1,"S","PARTNTID",NA,NA
"929",999,"ALLARM","ALLARM.LT10","04/09/2009","12:00:00","TDS.1","M1",2729,"CMC","NTWQM",2009-04-09 12:00:00,0.1,"ISM","1","Water",NA,390,"MG/L",NA,NA,NA,NA,2,NA,1,1,"S","PARTNTID",NA,NA
"930",999,"ALLARM","ALLARM.LT4","02/09/2009","12:00:00","TDS.1","M1",2697,"CMC","NTWQM",2009-02-09 12:00:00,0.1,"ISM","1","Water",NA,310,"MG/L",NA,NA,NA,NA,2,NA,1,1,"S","PARTNTID",NA,NA
"931",999,"ALLARM","ALLARM.LT9","03/09/2009","12:00:00","TDS.1","M1",2715,"CMC","NTWQM",2009-03-09 12:00:00,0.1,"ISM","1","Water",NA,350,"MG/L",NA,NA,NA,NA,2,NA,1,1,"S","PARTNTID",NA,NA
"932",999,"ALLARM","ALLARM.LT2","06/09/2009","12:00:00","TDS.1","M1",2747,"CMC","NTWQM",2009-06-09 12:00:00,0.1,"ISM","1","Water",NA,270,"MG/L",NA,NA,NA,NA,2,NA,1,1,"S","PARTNTID",NA,NA
"933",999,"ALLARM","ALLARM.LT1","10/02/2009","12:00:00","TDS.1","M1",2798,"CMC","NTWQM",2009-10-02 12:00:00,0.1,"ISM","1","Water",NA,280,"MG/L",NA,NA,NA,NA,2,NA,1,1,"S","PARTNTID",NA,NA
"934",999,"ALLARM","ALLARM.LT5","11/06/2009","12:00:00","TDS.1","M1",2815,"CMC","NTWQM",2009-11-06 12:00:00,0.1,"ISM","1","Water",NA,310,"MG/L",NA,NA,NA,NA,2,NA,1,1,"S","PARTNTID",NA,NA
"935",999,"ALLARM","ALLARM.MG1","05/09/2009","12:00:00","TDS.1","M1",2743,"CMC","NTWQM",2009-05-09 12:00:00,0.1,"ISM","1","Water",NA,450,"MG/L",NA,NA,NA,NA,2,NA,1,1,"S","PARTNTID",NA,NA
"936",999,"ALLARM","ALLARM.LT4","03/09/2009","12:00:00","TDS.1","M1",2710,"CMC","NTWQM",2009-03-09 12:00:00,0.1,"ISM","1","Water",NA,310,"MG/L",NA,NA,NA,NA,2,NA,1,1,"S","PARTNTID",NA,NA
"937",999,"ALLARM","ALLARM.LT9","04/09/2009","12:00:00","TDS.1","M1",2728,"CMC","NTWQM",2009-04-09 12:00:00,0.1,"ISM","1","Water",NA,340,"MG/L",NA,NA,NA,NA,2,NA,1,1,"S","PARTNTID",NA,NA
"938",999,"ALLARM","ALLARM.LT2","07/09/2009","12:00:00","TDS.1","M1",2760,"CMC","NTWQM",2009-07-09 12:00:00,0.1,"ISM","1","Water",NA,290,"MG/L",NA,NA,NA,NA,2,NA,1,1,"S","PARTNTID",NA,NA
"939",999,"ALLARM","ALLARM.LT1","11/06/2009","12:00:00","TDS.1","M1",2811,"CMC","NTWQM",2009-11-06 12:00:00,0.1,"ISM","1","Water",NA,300,"MG/L",NA,NA,NA,NA,2,NA,1,1,"S","PARTNTID",NA,NA
"940",999,"ALLARM","ALLARM.LT5","12/04/2009","12:00:00","TDS.1","M1",2828,"CMC","NTWQM",2009-12-04 12:00:00,0.1,"ISM","1","Water",NA,300,"MG/L",NA,NA,NA,NA,2,NA,1,1,"S","PARTNTID",NA,NA
"941",999,"ALLARM","ALLARM.LT10","06/09/2009","12:00:00","TDS.1","M1",2755,"CMC","NTWQM",2009-06-09 12:00:00,0.1,"ISM","1","Water",NA,360,"MG/L",NA,NA,NA,NA,2,NA,1,1,"S","PARTNTID",NA,NA
"942",999,"ALLARM","ALLARM.MG2","01/09/2009","12:00:00","TDS.1","M1",2692,"CMC","NTWQM",2009-01-09 12:00:00,0.1,"ISM","1","Water",NA,480,"MG/L",NA,NA,NA,NA,2,NA,1,1,"S","PARTNTID",NA,NA
"943",999,"ALLARM","ALLARM.LT9","05/09/2009","12:00:00","TDS.1","M1",2741,"CMC","NTWQM",2009-05-09 12:00:00,0.1,"ISM","1","Water",NA,360,"MG/L",NA,NA,NA,NA,2,NA,1,1,"S","PARTNTID",NA,NA
"944",999,"ALLARM","ALLARM.LT2","08/05/2009","12:00:00","TDS.1","M1",2773,"CMC","NTWQM",2009-08-05 12:00:00,0.1,"ISM","1","Water",NA,260,"MG/L",NA,NA,NA,NA,2,NA,1,1,"S","PARTNTID",NA,NA
"945",999,"ALLARM","ALLARM.LT1","12/04/2009","12:00:00","TDS.1","M1",2824,"CMC","NTWQM",2009-12-04 12:00:00,0.1,"ISM","1","Water",NA,310,"MG/L",NA,NA,NA,NA,2,NA,1,1,"S","PARTNTID",NA,NA
"946",999,"ALLARM","ALLARM.LT6","01/09/2009","12:00:00","TDS.1","M1",2686,"CMC","NTWQM",2009-01-09 12:00:00,0.1,"ISM","1","Water",NA,330,"MG/L",NA,NA,NA,NA,2,NA,1,1,"S","PARTNTID",NA,NA
"947",999,"ALLARM","ALLARM.LT4","05/09/2009","12:00:00","TDS.1","M1",2736,"CMC","NTWQM",2009-05-09 12:00:00,0.1,"ISM","1","Water",NA,300,"MG/L",NA,NA,NA,NA,2,NA,1,1,"S","PARTNTID",NA,NA
"948",999,"ALLARM","ALLARM.MG2","02/09/2009","12:00:00","TDS.1","M1",2705,"CMC","NTWQM",2009-02-09 12:00:00,0.1,"ISM","1","Water",NA,490,"MG/L",NA,NA,NA,NA,2,NA,1,1,"S","PARTNTID",NA,NA
"949",999,"ALLARM","ALLARM.LT9","06/09/2009","12:00:00","TDS.1","M1",2754,"CMC","NTWQM",2009-06-09 12:00:00,0.1,"ISM","1","Water",NA,340,"MG/L",NA,NA,NA,NA,2,NA,1,1,"S","PARTNTID",NA,NA
"950",999,"ALLARM","ALLARM.LT2","09/18/2009","12:00:00","TDS.1","M1",2786,"CMC","NTWQM",2009-09-18 12:00:00,0.1,"ISM","1","Water",NA,260,"MG/L",NA,NA,NA,NA,2,NA,1,1,"S","PARTNTID",NA,NA
"951",999,"ALLARM","ALLARM.MG1","01/09/2009","12:00:00","TDS.1","M1",2691,"CMC","NTWQM",2009-01-09 12:00:00,0.1,"ISM","1","Water",NA,480,"MG/L",NA,NA,NA,NA,2,NA,1,1,"S","PARTNTID",NA,NA
"952",999,"ALLARM","ALLARM.LT6","02/09/2009","12:00:00","TDS.1","M1",2699,"CMC","NTWQM",2009-02-09 12:00:00,0.1,"ISM","1","Water",NA,320,"MG/L",NA,NA,NA,NA,2,NA,1,1,"S","PARTNTID",NA,NA
"953",999,"ALLARM","ALLARM.LT4","06/09/2009","12:00:00","TDS.1","M1",2749,"CMC","NTWQM",2009-06-09 12:00:00,0.1,"ISM","1","Water",NA,300,"MG/L",NA,NA,NA,NA,2,NA,1,1,"S","PARTNTID",NA,NA
"954",999,"ALLARM","ALLARM.MG2","03/09/2009","12:00:00","TDS.1","M1",2718,"CMC","NTWQM",2009-03-09 12:00:00,0.1,"ISM","1","Water",NA,490,"MG/L",NA,NA,NA,NA,2,NA,1,1,"S","PARTNTID",NA,NA
"955",999,"ALLARM","ALLARM.LT9","07/09/2009","12:00:00","TDS.1","M1",2767,"CMC","NTWQM",2009-07-09 12:00:00,0.1,"ISM","1","Water",NA,340,"MG/L",NA,NA,NA,NA,2,NA,1,1,"S","PARTNTID",NA,NA
"956",999,"ALLARM","ALLARM.LT2","10/02/2009","12:00:00","TDS.1","M1",2799,"CMC","NTWQM",2009-10-02 12:00:00,0.1,"ISM","1","Water",NA,260,"MG/L",NA,NA,NA,NA,2,NA,1,1,"S","PARTNTID",NA,NA
"957",999,"ALLARM","ALLARM.WL","05/09/2009","12:00:00","TDS.1","M1",2745,"CMC","NTWQM",2009-05-09 12:00:00,0.1,"ISM","1","Water",NA,450,"MG/L",NA,NA,NA,NA,2,NA,1,1,"S","PARTNTID",NA,NA
"958",999,"ALLARM","ALLARM.LT6","03/09/2009","12:00:00","TDS.1","M1",2712,"CMC","NTWQM",2009-03-09 12:00:00,0.1,"ISM","1","Water",NA,310,"MG/L",NA,NA,NA,NA,2,NA,1,1,"S","PARTNTID",NA,NA
"959",999,"ALLARM","ALLARM.LT4","07/09/2009","12:00:00","TDS.1","M1",2762,"CMC","NTWQM",2009-07-09 12:00:00,0.1,"ISM","1","Water",NA,300,"MG/L",NA,NA,NA,NA,2,NA,1,1,"S","PARTNTID",NA,NA
"960",999,"ALLARM","ALLARM.MG2","04/09/2009","12:00:00","TDS.1","M1",2731,"CMC","NTWQM",2009-04-09 12:00:00,0.1,"ISM","1","Water",NA,470,"MG/L",NA,NA,NA,NA,2,NA,1,1,"S","PARTNTID",NA,NA
"961",999,"ALLARM","ALLARM.LT9","08/05/2009","12:00:00","TDS.1","M1",2780,"CMC","NTWQM",2009-08-05 12:00:00,0.1,"ISM","1","Water",NA,330,"MG/L",NA,NA,NA,NA,2,NA,1,1,"S","PARTNTID",NA,NA
"962",999,"ALLARM","ALLARM.LT2","11/06/2009","12:00:00","TDS.1","M1",2812,"CMC","NTWQM",2009-11-06 12:00:00,0.1,"ISM","1","Water",NA,290,"MG/L",NA,NA,NA,NA,2,NA,1,1,"S","PARTNTID",NA,NA
"963",999,"ALLARM","ALLARM.WL","06/09/2009","12:00:00","TDS.1","M1",2758,"CMC","NTWQM",2009-06-09 12:00:00,0.1,"ISM","1","Water",NA,440,"MG/L",NA,NA,NA,NA,2,NA,1,1,"S","PARTNTID",NA,NA
"964",999,"ALLARM","ALLARM.LT6","04/09/2009","12:00:00","TDS.1","M1",2725,"CMC","NTWQM",2009-04-09 12:00:00,0.1,"ISM","1","Water",NA,290,"MG/L",NA,NA,NA,NA,2,NA,1,1,"S","PARTNTID",NA,NA
"965",999,"ALLARM","ALLARM.LT4","08/05/2009","12:00:00","TDS.1","M1",2775,"CMC","NTWQM",2009-08-05 12:00:00,0.1,"ISM","1","Water",NA,290,"MG/L",NA,NA,NA,NA,2,NA,1,1,"S","PARTNTID",NA,NA
"966",999,"ALLARM","ALLARM.MG2","05/09/2009","12:00:00","TDS.1","M1",2744,"CMC","NTWQM",2009-05-09 12:00:00,0.1,"ISM","1","Water",NA,450,"MG/L",NA,NA,NA,NA,2,NA,1,1,"S","PARTNTID",NA,NA
"967",999,"ALLARM","ALLARM.LT9","09/18/2009","12:00:00","TDS.1","M1",2793,"CMC","NTWQM",2009-09-18 12:00:00,0.1,"ISM","1","Water",NA,320,"MG/L",NA,NA,NA,NA,2,NA,1,1,"S","PARTNTID",NA,NA
"968",999,"ALLARM","ALLARM.LT2","12/04/2009","12:00:00","TDS.1","M1",2825,"CMC","NTWQM",2009-12-04 12:00:00,0.1,"ISM","1","Water",NA,280,"MG/L",NA,NA,NA,NA,2,NA,1,1,"S","PARTNTID",NA,NA
"969",999,"ALLARM","ALLARM.WL","07/09/2009","12:00:00","TDS.1","M1",2771,"CMC","NTWQM",2009-07-09 12:00:00,0.1,"ISM","1","Water",NA,470,"MG/L",NA,NA,NA,NA,2,NA,1,1,"S","PARTNTID",NA,NA
"970",999,"ALLARM","ALLARM.LT6","05/09/2009","12:00:00","TDS.1","M1",2738,"CMC","NTWQM",2009-05-09 12:00:00,0.1,"ISM","1","Water",NA,300,"MG/L",NA,NA,NA,NA,2,NA,1,1,"S","PARTNTID",NA,NA
"971",999,"ALLARM","ALLARM.LT4","09/18/2009","12:00:00","TDS.1","M1",2788,"CMC","NTWQM",2009-09-18 12:00:00,0.1,"ISM","1","Water",NA,250,"MG/L",NA,NA,NA,NA,2,NA,1,1,"S","PARTNTID",NA,NA
"972",999,"ALLARM","ALLARM.MG2","06/09/2009","12:00:00","TDS.1","M1",2757,"CMC","NTWQM",2009-06-09 12:00:00,0.1,"ISM","1","Water",NA,440,"MG/L",NA,NA,NA,NA,2,NA,1,1,"S","PARTNTID",NA,NA
"973",999,"ALLARM","ALLARM.LT9","10/02/2009","12:00:00","TDS.1","M1",2806,"CMC","NTWQM",2009-10-02 12:00:00,0.1,"ISM","1","Water",NA,330,"MG/L",NA,NA,NA,NA,2,NA,1,1,"S","PARTNTID",NA,NA
"974",999,"ALLARM","ALLARM.LT3","01/09/2009","12:00:00","TDS.1","M1",2683,"CMC","NTWQM",2009-01-09 12:00:00,0.1,"ISM","1","Water",NA,320,"MG/L",NA,NA,NA,NA,2,NA,1,1,"S","PARTNTID",NA,NA
"975",999,"ALLARM","ALLARM.WL","08/05/2009","12:00:00","TDS.1","M1",2784,"CMC","NTWQM",2009-08-05 12:00:00,0.1,"ISM","1","Water",NA,470,"MG/L",NA,NA,NA,NA,2,NA,1,1,"S","PARTNTID",NA,NA
"976",999,"ALLARM","ALLARM.LT6","06/09/2009","12:00:00","TDS.1","M1",2751,"CMC","NTWQM",2009-06-09 12:00:00,0.1,"ISM","1","Water",NA,310,"MG/L",NA,NA,NA,NA,2,NA,1,1,"S","PARTNTID",NA,NA
"977",999,"ALLARM","ALLARM.LT4","10/02/2009","12:00:00","TDS.1","M1",2801,"CMC","NTWQM",2009-10-02 12:00:00,0.1,"ISM","1","Water",NA,300,"MG/L",NA,NA,NA,NA,2,NA,1,1,"S","PARTNTID",NA,NA
"978",999,"ALLARM","ALLARM.MG2","07/09/2009","12:00:00","TDS.1","M1",2770,"CMC","NTWQM",2009-07-09 12:00:00,0.1,"ISM","1","Water",NA,450,"MG/L",NA,NA,NA,NA,2,NA,1,1,"S","PARTNTID",NA,NA
"979",999,"ALLARM","ALLARM.LT9","11/06/2009","12:00:00","TDS.1","M1",2819,"CMC","NTWQM",2009-11-06 12:00:00,0.1,"ISM","1","Water",NA,350,"MG/L",NA,NA,NA,NA,2,NA,1,1,"S","PARTNTID",NA,NA
"980",999,"ALLARM","ALLARM.LT3","02/09/2009","12:00:00","TDS.1","M1",2696,"CMC","NTWQM",2009-02-09 12:00:00,0.1,"ISM","1","Water",NA,310,"MG/L",NA,NA,NA,NA,2,NA,1,1,"S","PARTNTID",NA,NA
"981",999,"ALLARM","ALLARM.MG1","06/09/2009","12:00:00","TDS.1","M1",2756,"CMC","NTWQM",2009-06-09 12:00:00,0.1,"ISM","1","Water",NA,440,"MG/L",NA,NA,NA,NA,2,NA,1,1,"S","PARTNTID",NA,NA
"982",999,"ALLARM","ALLARM.LT6","07/09/2009","12:00:00","TDS.1","M1",2764,"CMC","NTWQM",2009-07-09 12:00:00,0.1,"ISM","1","Water",NA,300,"MG/L",NA,NA,NA,NA,2,NA,1,1,"S","PARTNTID",NA,NA
"983",999,"ALLARM","ALLARM.LT4","11/06/2009","12:00:00","TDS.1","M1",2814,"CMC","NTWQM",2009-11-06 12:00:00,0.1,"ISM","1","Water",NA,310,"MG/L",NA,NA,NA,NA,2,NA,1,1,"S","PARTNTID",NA,NA
"984",999,"ALLARM","ALLARM.MG2","08/05/2009","12:00:00","TDS.1","M1",2783,"CMC","NTWQM",2009-08-05 12:00:00,0.1,"ISM","1","Water",NA,420,"MG/L",NA,NA,NA,NA,2,NA,1,1,"S","PARTNTID",NA,NA
"985",999,"ALLARM","ALLARM.LT9","12/04/2009","12:00:00","TDS.1","M1",2832,"CMC","NTWQM",2009-12-04 12:00:00,0.1,"ISM","1","Water",NA,310,"MG/L",NA,NA,NA,NA,2,NA,1,1,"S","PARTNTID",NA,NA
"986",999,"ALLARM","ALLARM.LT3","03/09/2009","12:00:00","TDS.1","M1",2709,"CMC","NTWQM",2009-03-09 12:00:00,0.1,"ISM","1","Water",NA,320,"MG/L",NA,NA,NA,NA,2,NA,1,1,"S","PARTNTID",NA,NA
"987",999,"ALLARM","ALLARM.LT10","07/09/2009","12:00:00","TDS.1","M1",2768,"CMC","NTWQM",2009-07-09 12:00:00,0.1,"ISM","1","Water",NA,360,"MG/L",NA,NA,NA,NA,2,NA,1,1,"S","PARTNTID",NA,NA
"988",999,"ALLARM","ALLARM.LT6","08/05/2009","12:00:00","TDS.1","M1",2777,"CMC","NTWQM",2009-08-05 12:00:00,0.1,"ISM","1","Water",NA,290,"MG/L",NA,NA,NA,NA,2,NA,1,1,"S","PARTNTID",NA,NA
"989",999,"ALLARM","ALLARM.LT4","12/04/2009","12:00:00","TDS.1","M1",2827,"CMC","NTWQM",2009-12-04 12:00:00,0.1,"ISM","1","Water",NA,380,"MG/L",NA,NA,NA,NA,2,NA,1,1,"S","PARTNTID",NA,NA
"990",999,"ALLARM","ALLARM.MG2","09/18/2009","12:00:00","TDS.1","M1",2796,"CMC","NTWQM",2009-09-18 12:00:00,0.1,"ISM","1","Water",NA,420,"MG/L",NA,NA,NA,NA,2,NA,1,1,"S","PARTNTID",NA,NA
"991",999,"ALLARM","ALLARM.WL","04/09/2009","12:00:00","TDS.1","M1",2732,"CMC","NTWQM",2009-04-09 12:00:00,0.1,"ISM","1","Water",NA,470,"MG/L",NA,NA,NA,NA,2,NA,1,1,"S","PARTNTID",NA,NA
"992",999,"ALLARM","ALLARM.LT3","04/09/2009","12:00:00","TDS.1","M1",2722,"CMC","NTWQM",2009-04-09 12:00:00,0.1,"ISM","1","Water",NA,300,"MG/L",NA,NA,NA,NA,2,NA,1,1,"S","PARTNTID",NA,NA
"993",999,"ALLARM","ALLARM.LT10","08/05/2009","12:00:00","TDS.1","M1",2781,"CMC","NTWQM",2009-08-05 12:00:00,0.1,"ISM","1","Water",NA,360,"MG/L",NA,NA,NA,NA,2,NA,1,1,"S","PARTNTID",NA,NA
"994",999,"ALLARM","ALLARM.LT6","09/18/2009","12:00:00","TDS.1","M1",2790,"CMC","NTWQM",2009-09-18 12:00:00,0.1,"ISM","1","Water",NA,280,"MG/L",NA,NA,NA,NA,2,NA,1,1,"S","PARTNTID",NA,NA
"995",999,"ALLARM","ALLARM.LT5","01/09/2009","12:00:00","TDS.1","M1",2685,"CMC","NTWQM",2009-01-09 12:00:00,0.1,"ISM","1","Water",NA,320,"MG/L",NA,NA,NA,NA,2,NA,1,1,"S","PARTNTID",NA,NA
"996",999,"ALLARM","ALLARM.LT7","04/09/2009","12:00:00","TDS.1","M1",2726,"CMC","NTWQM",2009-04-09 12:00:00,0.1,"ISM","1","Water",NA,320,"MG/L",NA,NA,NA,NA,2,NA,1,1,"S","PARTNTID",NA,NA
"997",999,"ALLARM","ALLARM.LT8","01/09/2009","12:00:00","TDS.1","M1",2688,"CMC","NTWQM",2009-01-09 12:00:00,0.1,"ISM","1","Water",NA,350,"MG/L",NA,NA,NA,NA,2,NA,1,1,"S","PARTNTID",NA,NA
"998",999,"ALLARM","ALLARM.LT7","11/06/2009","12:00:00","TDS.1","M1",2817,"CMC","NTWQM",2009-11-06 12:00:00,0.1,"ISM","1","Water",NA,330,"MG/L",NA,NA,NA,NA,2,NA,1,1,"S","PARTNTID",NA,NA
"999",999,"ALLARM","ALLARM.LT8","06/09/2009","12:00:00","TDS.1","M1",2753,"CMC","NTWQM",2009-06-09 12:00:00,0.1,"ISM","1","Water",NA,320,"MG/L",NA,NA,NA,NA,2,NA,1,1,"S","PARTNTID",NA,NA
"1000",999,"ALLARM","ALLARM.LT6","10/02/2009","12:00:00","TDS.1","M1",2803,"CMC","NTWQM",2009-10-02 12:00:00,0.1,"ISM","1","Water",NA,300,"MG/L",NA,NA,NA,NA,2,NA,1,1,"S","PARTNTID",NA,NA
"1001",999,"ALLARM","ALLARM.LT7","07/09/2009","12:00:00","TDS.1","M1",2765,"CMC","NTWQM",2009-07-09 12:00:00,0.1,"ISM","1","Water",NA,320,"MG/L",NA,NA,NA,NA,2,NA,1,1,"S","PARTNTID",NA,NA
"1002",999,"ALLARM","ALLARM.LT7","05/09/2009","12:00:00","TDS.1","M1",2739,"CMC","NTWQM",2009-05-09 12:00:00,0.1,"ISM","1","Water",NA,330,"MG/L",NA,NA,NA,NA,2,NA,1,1,"S","PARTNTID",NA,NA
"1003",999,"ALLARM","ALLARM.LT8","02/09/2009","12:00:00","TDS.1","M1",2701,"CMC","NTWQM",2009-02-09 12:00:00,0.1,"ISM","1","Water",NA,350,"MG/L",NA,NA,NA,NA,2,NA,1,1,"S","PARTNTID",NA,NA
"1004",999,"ALLARM","ALLARM.LT7","12/04/2009","12:00:00","TDS.1","M1",2830,"CMC","NTWQM",2009-12-04 12:00:00,0.1,"ISM","1","Water",NA,340,"MG/L",NA,NA,NA,NA,2,NA,1,1,"S","PARTNTID",NA,NA
"1005",999,"ALLARM","ALLARM.LT8","07/09/2009","12:00:00","TDS.1","M1",2766,"CMC","NTWQM",2009-07-09 12:00:00,0.1,"ISM","1","Water",NA,330,"MG/L",NA,NA,NA,NA,2,NA,1,1,"S","PARTNTID",NA,NA
"1006",999,"ALLARM","ALLARM.LT6","11/06/2009","12:00:00","TDS.1","M1",2816,"CMC","NTWQM",2009-11-06 12:00:00,0.1,"ISM","1","Water",NA,310,"MG/L",NA,NA,NA,NA,2,NA,1,1,"S","PARTNTID",NA,NA
"1007",999,"ALLARM","ALLARM.LT7","08/05/2009","12:00:00","TDS.1","M1",2778,"CMC","NTWQM",2009-08-05 12:00:00,0.1,"ISM","1","Water",NA,310,"MG/L",NA,NA,NA,NA,2,NA,1,1,"S","PARTNTID",NA,NA
"1008",999,"ALLARM","ALLARM.LT7","06/09/2009","12:00:00","TDS.1","M1",2752,"CMC","NTWQM",2009-06-09 12:00:00,0.1,"ISM","1","Water",NA,320,"MG/L",NA,NA,NA,NA,2,NA,1,1,"S","PARTNTID",NA,NA
"1009",999,"ALLARM","ALLARM.LT8","03/09/2009","12:00:00","TDS.1","M1",2714,"CMC","NTWQM",2009-03-09 12:00:00,0.1,"ISM","1","Water",NA,330,"MG/L",NA,NA,NA,NA,2,NA,1,1,"S","PARTNTID",NA,NA
"1010",999,"ALLARM","ALLARM.LT8","10/02/2009","12:00:00","TDS.1","M1",2805,"CMC","NTWQM",2009-10-02 12:00:00,0.1,"ISM","1","Water",NA,310,"MG/L",NA,NA,NA,NA,2,NA,1,1,"S","PARTNTID",NA,NA
"1011",999,"ALLARM","ALLARM.LT8","08/05/2009","12:00:00","TDS.1","M1",2779,"CMC","NTWQM",2009-08-05 12:00:00,0.1,"ISM","1","Water",NA,310,"MG/L",NA,NA,NA,NA,2,NA,1,1,"S","PARTNTID",NA,NA
"1012",999,"ALLARM","ALLARM.LT6","12/04/2009","12:00:00","TDS.1","M1",2829,"CMC","NTWQM",2009-12-04 12:00:00,0.1,"ISM","1","Water",NA,310,"MG/L",NA,NA,NA,NA,2,NA,1,1,"S","PARTNTID",NA,NA
"1013",999,"ALLARM","ALLARM.LT7","09/18/2009","12:00:00","TDS.1","M1",2791,"CMC","NTWQM",2009-09-18 12:00:00,0.1,"ISM","1","Water",NA,320,"MG/L",NA,NA,NA,NA,2,NA,1,1,"S","PARTNTID",NA,NA
"1014",999,"ALLARM","ALLARM.MG1","07/09/2009","12:00:00","TDS.1","M1",2769,"CMC","NTWQM",2009-07-09 12:00:00,0.1,"ISM","1","Water",NA,460,"MG/L",NA,NA,NA,NA,2,NA,1,1,"S","PARTNTID",NA,NA
"1015",999,"ALLARM","ALLARM.LT8","04/09/2009","12:00:00","TDS.1","M1",2727,"CMC","NTWQM",2009-04-09 12:00:00,0.1,"ISM","1","Water",NA,330,"MG/L",NA,NA,NA,NA,2,NA,1,1,"S","PARTNTID",NA,NA
"1016",999,"ALLARM","ALLARM.MG1","08/05/2009","12:00:00","TDS.1","M1",2782,"CMC","NTWQM",2009-08-05 12:00:00,0.1,"ISM","1","Water",NA,450,"MG/L",NA,NA,NA,NA,2,NA,1,1,"S","PARTNTID",NA,NA
"1017",999,"ALLARM","ALLARM.LT8","09/18/2009","12:00:00","TDS.1","M1",2792,"CMC","NTWQM",2009-09-18 12:00:00,0.1,"ISM","1","Water",NA,300,"MG/L",NA,NA,NA,NA,2,NA,1,1,"S","PARTNTID",NA,NA
"1018",999,"ALLARM","ALLARM.LT7","01/09/2009","12:00:00","TDS.1","M1",2687,"CMC","NTWQM",2009-01-09 12:00:00,0.1,"ISM","1","Water",NA,350,"MG/L",NA,NA,NA,NA,2,NA,1,1,"S","PARTNTID",NA,NA
"1019",999,"ALLARM","ALLARM.LT7","10/02/2009","12:00:00","TDS.1","M1",2804,"CMC","NTWQM",2009-10-02 12:00:00,0.1,"ISM","1","Water",NA,310,"MG/L",NA,NA,NA,NA,2,NA,1,1,"S","PARTNTID",NA,NA
"1020",999,"ALLARM","ALLARM.LT7","02/09/2009","12:00:00","TDS.1","M1",2700,"CMC","NTWQM",2009-02-09 12:00:00,0.1,"ISM","1","Water",NA,350,"MG/L",NA,NA,NA,NA,2,NA,1,1,"S","PARTNTID",NA,NA
"1021",999,"ALLARM","ALLARM.WL","09/18/2009","12:00:00","TDS.1","M1",2797,"CMC","NTWQM",2009-09-18 12:00:00,0.1,"ISM","1","Water",NA,370,"MG/L",NA,NA,NA,NA,2,NA,1,1,"S","PARTNTID",NA,NA
"1022",999,"ALLARM","ALLARM.MG1","09/18/2009","12:00:00","TDS.1","M1",2795,"CMC","NTWQM",2009-09-18 12:00:00,0.1,"ISM","1","Water",NA,440,"MG/L",NA,NA,NA,NA,2,NA,1,1,"S","PARTNTID",NA,NA
"1023",999,"ALLARM","ALLARM.WL","12/04/2009","12:00:00","TDS.1","M1",2836,"CMC","NTWQM",2009-12-04 12:00:00,0.1,"ISM","1","Water",NA,440,"MG/L",NA,NA,NA,NA,2,NA,1,1,"S","PARTNTID",NA,NA
"1024",999,"ALLARM","ALLARM.WL","10/02/2009","12:00:00","TDS.1","M1",2810,"CMC","NTWQM",2009-10-02 12:00:00,0.1,"ISM","1","Water",NA,360,"MG/L",NA,NA,NA,NA,2,NA,1,1,"S","PARTNTID",NA,NA
"1025",999,"ALLARM","ALLARM.MG1","11/06/2009","12:00:00","TDS.1","M1",2821,"CMC","NTWQM",2009-11-06 12:00:00,0.1,"ISM","1","Water",NA,440,"MG/L",NA,NA,NA,NA,2,NA,1,1,"S","PARTNTID",NA,NA
"1026",999,"ALLARM","ALLARM.LT7","03/09/2009","12:00:00","TDS.1","M1",2713,"CMC","NTWQM",2009-03-09 12:00:00,0.1,"ISM","1","Water",NA,330,"MG/L",NA,NA,NA,NA,2,NA,1,1,"S","PARTNTID",NA,NA
"1027",999,"ALLARM","ALLARM.MG1","12/04/2009","12:00:00","TDS.1","M1",2834,"CMC","NTWQM",2009-12-04 12:00:00,0.1,"ISM","1","Water",NA,450,"MG/L",NA,NA,NA,NA,2,NA,1,1,"S","PARTNTID",NA,NA
"1028",999,"ALLARM","ALLARM.MG1","10/02/2009","12:00:00","TDS.1","M1",2808,"CMC","NTWQM",2009-10-02 12:00:00,0.1,"ISM","1","Water",NA,450,"MG/L",NA,NA,NA,NA,2,NA,1,1,"S","PARTNTID",NA,NA
"1029",999,"ALLARM","ALLARM.LT8","05/09/2009","12:00:00","TDS.1","M1",2740,"CMC","NTWQM",2009-05-09 12:00:00,0.1,"ISM","1","Water",NA,340,"MG/L",NA,NA,NA,NA,2,NA,1,1,"S","PARTNTID",NA,NA
"1030",999,"ALLARM","ALLARM.WL","11/06/2009","12:00:00","TDS.1","M1",2823,"CMC","NTWQM",2009-11-06 12:00:00,0.1,"ISM","1","Water",NA,460,"MG/L",NA,NA,NA,NA,2,NA,1,1,"S","PARTNTID",NA,NA
