"","paramMethod","SOURCE","STATION","SAMPLE_DATE","SAMPLE_TIME","paramCode","SAMPLE_ID","EventId","AGENCY","PROGRAM","DateTime","DEPTH","SAMPLE_TYPE","TIER","Matrix","QUALIFIER","VALUE","UNITS","PROBLEM","LAB","labName","detLimit","qaFlag","COMMENTS","count.x","count.y","LAYER","PROJECT","SampleAnalyticalMethodIdentifier","SubstanceIdentificationName"
"471",189,"ALLARM","ALLARM.LT10","06/09/2009","12:00:00","OP.5","S1",2755,"CMC","NTWQM",2009-06-09 12:00:00,0.1,"D","2","Water",NA,0.015,"MG/L",NA,"ACARL","ALLARM Community Aquatic Research Laboratory",0.02,2,NA,1,1,"S","PARTNTID","L02 ","PO4F"
"482",189,"ALLARM","ALLARM.LT10","04/09/2009","12:00:00","OP.5","S1",2729,"CMC","NTWQM",2009-04-09 12:00:00,0.1,"D","2","Water",NA,0.01,"MG/L",NA,"ACARL","ALLARM Community Aquatic Research Laboratory",0.02,2,NA,1,1,"S","PARTNTID","L02 ","PO4F"
"518",189,"ALLARM","ALLARM.LT4","10/02/2009","12:00:00","OP.5","S1",2801,"CMC","NTWQM",2009-10-02 12:00:00,0.1,"D","2","Water",NA,0.01,"MG/L",NA,"ACARL","ALLARM Community Aquatic Research Laboratory",0.02,2,NA,1,1,"S","PARTNTID","L02 ","PO4F"
"541",189,"ALLARM","ALLARM.WL","01/09/2009","12:00:00","OP.5","S1",2693,"CMC","NTWQM",2009-01-09 12:00:00,0.1,"D","2","Water",NA,0.004,"MG/L",NA,"ACARL","ALLARM Community Aquatic Research Laboratory",0.02,2,NA,1,1,"S","PARTNTID","L02 ","PO4F"
"554",189,"ALLARM","ALLARM.WL","10/02/2009","12:00:00","OP.5","S1",2810,"CMC","NTWQM",2009-10-02 12:00:00,0.1,"D","2","Water",NA,0.011,"MG/L",NA,"ACARL","ALLARM Community Aquatic Research Laboratory",0.02,2,NA,1,1,"S","PARTNTID","L02 ","PO4F"
"564",189,"ALLARM","ALLARM.WL","05/09/2009","12:00:00","OP.5","S1",2745,"CMC","NTWQM",2009-05-09 12:00:00,0.1,"D","2","Water",NA,0.0065,"MG/L",NA,"ACARL","ALLARM Community Aquatic Research Laboratory",0.02,2,NA,1,1,"S","PARTNTID","L02 ","PO4F"
"576",189,"ALLARM","ALLARM.LT2","12/04/2009","12:00:00","OP.5","S1",2825,"CMC","NTWQM",2009-12-04 12:00:00,0.1,"D","2","Water",NA,0.01,"MG/L",NA,"ACARL","ALLARM Community Aquatic Research Laboratory",0.02,2,NA,1,1,"S","PARTNTID","L02 ","PO4F"
"585",189,"ALLARM","ALLARM.MG1","12/04/2009","12:00:00","OP.5","S1",2834,"CMC","NTWQM",2009-12-04 12:00:00,0.1,"D","2","Water",NA,0.01,"MG/L",NA,"ACARL","ALLARM Community Aquatic Research Laboratory",0.02,2,NA,1,1,"S","PARTNTID","L02 ","PO4F"
"599",189,"ALLARM","ALLARM.MG1","01/09/2009","12:00:00","OP.5","S1",2691,"CMC","NTWQM",2009-01-09 12:00:00,0.1,"D","2","Water",NA,0.018,"MG/L",NA,"ACARL","ALLARM Community Aquatic Research Laboratory",0.02,2,NA,1,1,"S","PARTNTID","L02 ","PO4F"
