"","paramMethod","SOURCE","STATION","SAMPLE_DATE","SAMPLE_TIME","paramCode","SAMPLE_ID","EventId","AGENCY","PROGRAM","DateTime","DEPTH","SAMPLE_TYPE","TIER","Matrix","QUALIFIER","VALUE","UNITS","PROBLEM","LAB","labName","detLimit","qaFlag","COMMENTS","count.x","count.y","LAYER","PROJECT","SampleAnalyticalMethodIdentifier","SubstanceIdentificationName"
"601",999,"ALLARM","ALLARM.LT6","09/01/1993","12:00:00","TDS.1","M1",683,"CMC","NTWQM",1993-09-01 12:00:00,0.1,"ISM",1,"Water",NA,350,"MG/L",NA,NA,NA,NA,2,NA,1,1,"S","PARTNTID",NA,NA
"602",999,"ALLARM","ALLARM.LT5","01/01/1993","12:00:00","TDS.1","M1",602,"CMC","NTWQM",1993-01-01 12:00:00,0.1,"ISM",1,"Water",NA,395,"MG/L",NA,NA,NA,NA,2,NA,1,1,"S","PARTNTID",NA,NA
"603",999,"ALLARM","ALLARM.LT3","05/01/1993","12:00:00","TDS.1","M1",640,"CMC","NTWQM",1993-05-01 12:00:00,0.1,"ISM",1,"Water",NA,300,"MG/L",NA,NA,NA,NA,2,NA,1,1,"S","PARTNTID",NA,NA
"604",999,"ALLARM","ALLARM.LT10","09/01/1993","12:00:00","TDS.1","M1",687,"CMC","NTWQM",1993-09-01 12:00:00,0.1,"ISM",1,"Water",NA,400,"MG/L",NA,NA,NA,NA,2,NA,1,1,"S","PARTNTID",NA,NA
"605",999,"ALLARM","ALLARM.LT1","01/01/1993","12:00:00","TDS.1","M1",598,"CMC","NTWQM",1993-01-01 12:00:00,0.1,"ISM",1,"Water",NA,385,"MG/L",NA,NA,NA,NA,2,NA,1,1,"S","PARTNTID",NA,NA
"606",999,"ALLARM","ALLARM.LT8","06/01/1993","12:00:00","TDS.1","M1",655,"CMC","NTWQM",1993-06-01 12:00:00,0.1,"ISM",1,"Water",NA,327,"MG/L",NA,NA,NA,NA,2,NA,1,1,"S","PARTNTID",NA,NA
"607",999,"ALLARM","ALLARM.LT6","10/01/1993","12:00:00","TDS.1","M1",693,"CMC","NTWQM",1993-10-01 12:00:00,0.1,"ISM",1,"Water",NA,360,"MG/L",NA,NA,NA,NA,2,NA,1,1,"S","PARTNTID",NA,NA
"608",999,"ALLARM","ALLARM.LT5","02/01/1993","12:00:00","TDS.1","M1",612,"CMC","NTWQM",1993-02-01 12:00:00,0.1,"ISM",1,"Water",NA,330,"MG/L",NA,NA,NA,NA,2,NA,1,1,"S","PARTNTID",NA,NA
"609",999,"ALLARM","ALLARM.LT3","06/01/1993","12:00:00","TDS.1","M1",650,"CMC","NTWQM",1993-06-01 12:00:00,0.1,"ISM",1,"Water",NA,297,"MG/L",NA,NA,NA,NA,2,NA,1,1,"S","PARTNTID",NA,NA
"610",999,"ALLARM","ALLARM.LT10","10/01/1993","12:00:00","TDS.1","M1",697,"CMC","NTWQM",1993-10-01 12:00:00,0.1,"ISM",1,"Water",NA,410,"MG/L",NA,NA,NA,NA,2,NA,1,1,"S","PARTNTID",NA,NA
"611",999,"ALLARM","ALLARM.LT1","02/01/1993","12:00:00","TDS.1","M1",608,"CMC","NTWQM",1993-02-01 12:00:00,0.1,"ISM",1,"Water",NA,340,"MG/L",NA,NA,NA,NA,2,NA,1,1,"S","PARTNTID",NA,NA
"612",999,"ALLARM","ALLARM.LT8","07/01/1993","12:00:00","TDS.1","M1",665,"CMC","NTWQM",1993-07-01 12:00:00,0.1,"ISM",1,"Water",NA,330,"MG/L",NA,NA,NA,NA,2,NA,1,1,"S","PARTNTID",NA,NA
"613",999,"ALLARM","ALLARM.LT6","11/01/1993","12:00:00","TDS.1","M1",703,"CMC","NTWQM",1993-11-01 12:00:00,0.1,"ISM",1,"Water",NA,360,"MG/L",NA,NA,NA,NA,2,NA,1,1,"S","PARTNTID",NA,NA
"614",999,"ALLARM","ALLARM.LT5","03/01/1993","12:00:00","TDS.1","M1",622,"CMC","NTWQM",1993-03-01 12:00:00,0.1,"ISM",1,"Water",NA,360,"MG/L",NA,NA,NA,NA,2,NA,1,1,"S","PARTNTID",NA,NA
"615",999,"ALLARM","ALLARM.LT3","07/01/1993","12:00:00","TDS.1","M1",660,"CMC","NTWQM",1993-07-01 12:00:00,0.1,"ISM",1,"Water",NA,290,"MG/L",NA,NA,NA,NA,2,NA,1,1,"S","PARTNTID",NA,NA
"616",999,"ALLARM","ALLARM.LT10","11/01/1993","12:00:00","TDS.1","M1",707,"CMC","NTWQM",1993-11-01 12:00:00,0.1,"ISM",1,"Water",NA,405,"MG/L",NA,NA,NA,NA,2,NA,1,1,"S","PARTNTID",NA,NA
"617",999,"ALLARM","ALLARM.LT1","03/01/1993","12:00:00","TDS.1","M1",618,"CMC","NTWQM",1993-03-01 12:00:00,0.1,"ISM",1,"Water",NA,318,"MG/L",NA,NA,NA,NA,2,NA,1,1,"S","PARTNTID",NA,NA
"618",999,"ALLARM","ALLARM.LT8","08/01/1993","12:00:00","TDS.1","M1",675,"CMC","NTWQM",1993-08-01 12:00:00,0.1,"ISM",1,"Water",NA,342,"MG/L",NA,NA,NA,NA,2,NA,1,1,"S","PARTNTID",NA,NA
"619",999,"ALLARM","ALLARM.LT6","12/01/1993","12:00:00","TDS.1","M1",713,"CMC","NTWQM",1993-12-01 12:00:00,0.1,"ISM",1,"Water",NA,385,"MG/L",NA,NA,NA,NA,2,NA,1,1,"S","PARTNTID",NA,NA
"620",999,"ALLARM","ALLARM.LT5","04/01/1993","12:00:00","TDS.1","M1",632,"CMC","NTWQM",1993-04-01 12:00:00,0.1,"ISM",1,"Water",NA,330,"MG/L",NA,NA,NA,NA,2,NA,1,1,"S","PARTNTID",NA,NA
"621",999,"ALLARM","ALLARM.LT3","08/01/1993","12:00:00","TDS.1","M1",670,"CMC","NTWQM",1993-08-01 12:00:00,0.1,"ISM",1,"Water",NA,297,"MG/L",NA,NA,NA,NA,2,NA,1,1,"S","PARTNTID",NA,NA
"622",999,"ALLARM","ALLARM.LT10","12/01/1993","12:00:00","TDS.1","M1",717,"CMC","NTWQM",1993-12-01 12:00:00,0.1,"ISM",1,"Water",NA,445,"MG/L",NA,NA,NA,NA,2,NA,1,1,"S","PARTNTID",NA,NA
"623",999,"ALLARM","ALLARM.LT1","04/01/1993","12:00:00","TDS.1","M1",628,"CMC","NTWQM",1993-04-01 12:00:00,0.1,"ISM",1,"Water",NA,290,"MG/L",NA,NA,NA,NA,2,NA,1,1,"S","PARTNTID",NA,NA
"624",999,"ALLARM","ALLARM.LT8","09/01/1993","12:00:00","TDS.1","M1",685,"CMC","NTWQM",1993-09-01 12:00:00,0.1,"ISM",1,"Water",NA,393,"MG/L",NA,NA,NA,NA,2,NA,1,1,"S","PARTNTID",NA,NA
"625",999,"ALLARM","ALLARM.LT7","01/01/1993","12:00:00","TDS.1","M1",604,"CMC","NTWQM",1993-01-01 12:00:00,0.1,"ISM",1,"Water",NA,425,"MG/L",NA,NA,NA,NA,2,NA,1,1,"S","PARTNTID",NA,NA
"626",999,"ALLARM","ALLARM.LT5","05/01/1993","12:00:00","TDS.1","M1",642,"CMC","NTWQM",1993-05-01 12:00:00,0.1,"ISM",1,"Water",NA,317,"MG/L",NA,NA,NA,NA,2,NA,1,1,"S","PARTNTID",NA,NA
"627",999,"ALLARM","ALLARM.LT3","09/01/1993","12:00:00","TDS.1","M1",680,"CMC","NTWQM",1993-09-01 12:00:00,0.1,"ISM",1,"Water",NA,337,"MG/L",NA,NA,NA,NA,2,NA,1,1,"S","PARTNTID",NA,NA
"628",999,"ALLARM","ALLARM.LT2","01/01/1993","12:00:00","TDS.1","M1",599,"CMC","NTWQM",1993-01-01 12:00:00,0.1,"ISM",1,"Water",NA,330,"MG/L",NA,NA,NA,NA,2,NA,1,1,"S","PARTNTID",NA,NA
"629",999,"ALLARM","ALLARM.LT1","05/01/1993","12:00:00","TDS.1","M1",638,"CMC","NTWQM",1993-05-01 12:00:00,0.1,"ISM",1,"Water",NA,283,"MG/L",NA,NA,NA,NA,2,NA,1,1,"S","PARTNTID",NA,NA
"630",999,"ALLARM","ALLARM.LT8","10/01/1993","12:00:00","TDS.1","M1",695,"CMC","NTWQM",1993-10-01 12:00:00,0.1,"ISM",1,"Water",NA,380,"MG/L",NA,NA,NA,NA,2,NA,1,1,"S","PARTNTID",NA,NA
"631",999,"ALLARM","ALLARM.LT7","02/01/1993","12:00:00","TDS.1","M1",614,"CMC","NTWQM",1993-02-01 12:00:00,0.1,"ISM",1,"Water",NA,430,"MG/L",NA,NA,NA,NA,2,NA,1,1,"S","PARTNTID",NA,NA
"632",999,"ALLARM","ALLARM.LT5","06/01/1993","12:00:00","TDS.1","M1",652,"CMC","NTWQM",1993-06-01 12:00:00,0.1,"ISM",1,"Water",NA,307,"MG/L",NA,NA,NA,NA,2,NA,1,1,"S","PARTNTID",NA,NA
"633",999,"ALLARM","ALLARM.LT3","10/01/1993","12:00:00","TDS.1","M1",690,"CMC","NTWQM",1993-10-01 12:00:00,0.1,"ISM",1,"Water",NA,340,"MG/L",NA,NA,NA,NA,2,NA,1,1,"S","PARTNTID",NA,NA
"634",999,"ALLARM","ALLARM.LT2","02/01/1993","12:00:00","TDS.1","M1",609,"CMC","NTWQM",1993-02-01 12:00:00,0.1,"ISM",1,"Water",NA,303,"MG/L",NA,NA,NA,NA,2,NA,1,1,"S","PARTNTID",NA,NA
"635",999,"ALLARM","ALLARM.LT1","06/01/1993","12:00:00","TDS.1","M1",648,"CMC","NTWQM",1993-06-01 12:00:00,0.1,"ISM",1,"Water",NA,290,"MG/L",NA,NA,NA,NA,2,NA,1,1,"S","PARTNTID",NA,NA
"636",999,"ALLARM","ALLARM.LT8","11/01/1993","12:00:00","TDS.1","M1",705,"CMC","NTWQM",1993-11-01 12:00:00,0.1,"ISM",1,"Water",NA,395,"MG/L",NA,NA,NA,NA,2,NA,1,1,"S","PARTNTID",NA,NA
"637",999,"ALLARM","ALLARM.LT7","03/01/1993","12:00:00","TDS.1","M1",624,"CMC","NTWQM",1993-03-01 12:00:00,0.1,"ISM",1,"Water",NA,373,"MG/L",NA,NA,NA,NA,2,NA,1,1,"S","PARTNTID",NA,NA
"638",999,"ALLARM","ALLARM.LT5","07/01/1993","12:00:00","TDS.1","M1",662,"CMC","NTWQM",1993-07-01 12:00:00,0.1,"ISM",1,"Water",NA,303,"MG/L",NA,NA,NA,NA,2,NA,1,1,"S","PARTNTID",NA,NA
"639",999,"ALLARM","ALLARM.LT3","11/01/1993","12:00:00","TDS.1","M1",700,"CMC","NTWQM",1993-11-01 12:00:00,0.1,"ISM",1,"Water",NA,360,"MG/L",NA,NA,NA,NA,2,NA,1,1,"S","PARTNTID",NA,NA
"640",999,"ALLARM","ALLARM.LT2","03/01/1993","12:00:00","TDS.1","M1",619,"CMC","NTWQM",1993-03-01 12:00:00,0.1,"ISM",1,"Water",NA,287,"MG/L",NA,NA,NA,NA,2,NA,1,1,"S","PARTNTID",NA,NA
"641",999,"ALLARM","ALLARM.LT1","07/01/1993","12:00:00","TDS.1","M1",658,"CMC","NTWQM",1993-07-01 12:00:00,0.1,"ISM",1,"Water",NA,283,"MG/L",NA,NA,NA,NA,2,NA,1,1,"S","PARTNTID",NA,NA
"642",999,"ALLARM","ALLARM.LT8","12/01/1993","12:00:00","TDS.1","M1",715,"CMC","NTWQM",1993-12-01 12:00:00,0.1,"ISM",1,"Water",NA,440,"MG/L",NA,NA,NA,NA,2,NA,1,1,"S","PARTNTID",NA,NA
"643",999,"ALLARM","ALLARM.LT7","04/01/1993","12:00:00","TDS.1","M1",634,"CMC","NTWQM",1993-04-01 12:00:00,0.1,"ISM",1,"Water",NA,345,"MG/L",NA,NA,NA,NA,2,NA,1,1,"S","PARTNTID",NA,NA
"644",999,"ALLARM","ALLARM.LT5","08/01/1993","12:00:00","TDS.1","M1",672,"CMC","NTWQM",1993-08-01 12:00:00,0.1,"ISM",1,"Water",NA,302,"MG/L",NA,NA,NA,NA,2,NA,1,1,"S","PARTNTID",NA,NA
"645",999,"ALLARM","ALLARM.LT3","12/01/1993","12:00:00","TDS.1","M1",710,"CMC","NTWQM",1993-12-01 12:00:00,0.1,"ISM",1,"Water",NA,280,"MG/L",NA,NA,NA,NA,2,NA,1,1,"S","PARTNTID",NA,NA
"646",999,"ALLARM","ALLARM.LT2","04/01/1993","12:00:00","TDS.1","M1",629,"CMC","NTWQM",1993-04-01 12:00:00,0.1,"ISM",1,"Water",NA,295,"MG/L",NA,NA,NA,NA,2,NA,1,1,"S","PARTNTID",NA,NA
"647",999,"ALLARM","ALLARM.LT1","08/01/1993","12:00:00","TDS.1","M1",668,"CMC","NTWQM",1993-08-01 12:00:00,0.1,"ISM",1,"Water",NA,287,"MG/L",NA,NA,NA,NA,2,NA,1,1,"S","PARTNTID",NA,NA
"648",999,"ALLARM","ALLARM.LT9","01/01/1993","12:00:00","TDS.1","M1",606,"CMC","NTWQM",1993-01-01 12:00:00,0.1,"ISM",1,"Water",NA,475,"MG/L",NA,NA,NA,NA,2,NA,1,1,"S","PARTNTID",NA,NA
"649",999,"ALLARM","ALLARM.LT7","05/01/1993","12:00:00","TDS.1","M1",644,"CMC","NTWQM",1993-05-01 12:00:00,0.1,"ISM",1,"Water",NA,323,"MG/L",NA,NA,NA,NA,2,NA,1,1,"S","PARTNTID",NA,NA
"650",999,"ALLARM","ALLARM.LT5","09/01/1993","12:00:00","TDS.1","M1",682,"CMC","NTWQM",1993-09-01 12:00:00,0.1,"ISM",1,"Water",NA,350,"MG/L",NA,NA,NA,NA,2,NA,1,1,"S","PARTNTID",NA,NA
"651",999,"ALLARM","ALLARM.LT4","01/01/1993","12:00:00","TDS.1","M1",601,"CMC","NTWQM",1993-01-01 12:00:00,0.1,"ISM",1,"Water",NA,385,"MG/L",NA,NA,NA,NA,2,NA,1,1,"S","PARTNTID",NA,NA
"652",999,"ALLARM","ALLARM.LT2","05/01/1993","12:00:00","TDS.1","M1",639,"CMC","NTWQM",1993-05-01 12:00:00,0.1,"ISM",1,"Water",NA,293,"MG/L",NA,NA,NA,NA,2,NA,1,1,"S","PARTNTID",NA,NA
"653",999,"ALLARM","ALLARM.LT1","09/01/1993","12:00:00","TDS.1","M1",678,"CMC","NTWQM",1993-09-01 12:00:00,0.1,"ISM",1,"Water",NA,320,"MG/L",NA,NA,NA,NA,2,NA,1,1,"S","PARTNTID",NA,NA
"654",999,"ALLARM","ALLARM.LT9","02/01/1993","12:00:00","TDS.1","M1",616,"CMC","NTWQM",1993-02-01 12:00:00,0.1,"ISM",1,"Water",NA,360,"MG/L",NA,NA,NA,NA,2,NA,1,1,"S","PARTNTID",NA,NA
"655",999,"ALLARM","ALLARM.LT7","06/01/1993","12:00:00","TDS.1","M1",654,"CMC","NTWQM",1993-06-01 12:00:00,0.1,"ISM",1,"Water",NA,310,"MG/L",NA,NA,NA,NA,2,NA,1,1,"S","PARTNTID",NA,NA
"656",999,"ALLARM","ALLARM.LT5","10/01/1993","12:00:00","TDS.1","M1",692,"CMC","NTWQM",1993-10-01 12:00:00,0.1,"ISM",1,"Water",NA,360,"MG/L",NA,NA,NA,NA,2,NA,1,1,"S","PARTNTID",NA,NA
"657",999,"ALLARM","ALLARM.LT4","02/01/1993","12:00:00","TDS.1","M1",611,"CMC","NTWQM",1993-02-01 12:00:00,0.1,"ISM",1,"Water",NA,333,"MG/L",NA,NA,NA,NA,2,NA,1,1,"S","PARTNTID",NA,NA
"658",999,"ALLARM","ALLARM.LT2","06/01/1993","12:00:00","TDS.1","M1",649,"CMC","NTWQM",1993-06-01 12:00:00,0.1,"ISM",1,"Water",NA,270,"MG/L",NA,NA,NA,NA,2,NA,1,1,"S","PARTNTID",NA,NA
"659",999,"ALLARM","ALLARM.LT1","10/01/1993","12:00:00","TDS.1","M1",688,"CMC","NTWQM",1993-10-01 12:00:00,0.1,"ISM",1,"Water",NA,320,"MG/L",NA,NA,NA,NA,2,NA,1,1,"S","PARTNTID",NA,NA
"660",999,"ALLARM","ALLARM.LT9","03/01/1993","12:00:00","TDS.1","M1",626,"CMC","NTWQM",1993-03-01 12:00:00,0.1,"ISM",1,"Water",NA,407,"MG/L",NA,NA,NA,NA,2,NA,1,1,"S","PARTNTID",NA,NA
"661",999,"ALLARM","ALLARM.LT7","07/01/1993","12:00:00","TDS.1","M1",664,"CMC","NTWQM",1993-07-01 12:00:00,0.1,"ISM",1,"Water",NA,303,"MG/L",NA,NA,NA,NA,2,NA,1,1,"S","PARTNTID",NA,NA
"662",999,"ALLARM","ALLARM.LT5","11/01/1993","12:00:00","TDS.1","M1",702,"CMC","NTWQM",1993-11-01 12:00:00,0.1,"ISM",1,"Water",NA,365,"MG/L",NA,NA,NA,NA,2,NA,1,1,"S","PARTNTID",NA,NA
"663",999,"ALLARM","ALLARM.LT4","03/01/1993","12:00:00","TDS.1","M1",621,"CMC","NTWQM",1993-03-01 12:00:00,0.1,"ISM",1,"Water",NA,347,"MG/L",NA,NA,NA,NA,2,NA,1,1,"S","PARTNTID",NA,NA
"664",999,"ALLARM","ALLARM.LT2","07/01/1993","12:00:00","TDS.1","M1",659,"CMC","NTWQM",1993-07-01 12:00:00,0.1,"ISM",1,"Water",NA,263,"MG/L",NA,NA,NA,NA,2,NA,1,1,"S","PARTNTID",NA,NA
"665",999,"ALLARM","ALLARM.LT1","11/01/1993","12:00:00","TDS.1","M1",698,"CMC","NTWQM",1993-11-01 12:00:00,0.1,"ISM",1,"Water",NA,330,"MG/L",NA,NA,NA,NA,2,NA,1,1,"S","PARTNTID",NA,NA
"666",999,"ALLARM","ALLARM.LT9","04/01/1993","12:00:00","TDS.1","M1",636,"CMC","NTWQM",1993-04-01 12:00:00,0.1,"ISM",1,"Water",NA,345,"MG/L",NA,NA,NA,NA,2,NA,1,1,"S","PARTNTID",NA,NA
"667",999,"ALLARM","ALLARM.LT7","08/01/1993","12:00:00","TDS.1","M1",674,"CMC","NTWQM",1993-08-01 12:00:00,0.1,"ISM",1,"Water",NA,312,"MG/L",NA,NA,NA,NA,2,NA,1,1,"S","PARTNTID",NA,NA
"668",999,"ALLARM","ALLARM.LT5","12/01/1993","12:00:00","TDS.1","M1",712,"CMC","NTWQM",1993-12-01 12:00:00,0.1,"ISM",1,"Water",NA,385,"MG/L",NA,NA,NA,NA,2,NA,1,1,"S","PARTNTID",NA,NA
"669",999,"ALLARM","ALLARM.LT4","04/01/1993","12:00:00","TDS.1","M1",631,"CMC","NTWQM",1993-04-01 12:00:00,0.1,"ISM",1,"Water",NA,325,"MG/L",NA,NA,NA,NA,2,NA,1,1,"S","PARTNTID",NA,NA
"670",999,"ALLARM","ALLARM.LT2","08/01/1993","12:00:00","TDS.1","M1",669,"CMC","NTWQM",1993-08-01 12:00:00,0.1,"ISM",1,"Water",NA,270,"MG/L",NA,NA,NA,NA,2,NA,1,1,"S","PARTNTID",NA,NA
"671",999,"ALLARM","ALLARM.LT1","12/01/1993","12:00:00","TDS.1","M1",708,"CMC","NTWQM",1993-12-01 12:00:00,0.1,"ISM",1,"Water",NA,370,"MG/L",NA,NA,NA,NA,2,NA,1,1,"S","PARTNTID",NA,NA
"672",999,"ALLARM","ALLARM.LT9","05/01/1993","12:00:00","TDS.1","M1",646,"CMC","NTWQM",1993-05-01 12:00:00,0.1,"ISM",1,"Water",NA,343,"MG/L",NA,NA,NA,NA,2,NA,1,1,"S","PARTNTID",NA,NA
"673",999,"ALLARM","ALLARM.LT7","09/01/1993","12:00:00","TDS.1","M1",684,"CMC","NTWQM",1993-09-01 12:00:00,0.1,"ISM",1,"Water",NA,333,"MG/L",NA,NA,NA,NA,2,NA,1,1,"S","PARTNTID",NA,NA
"674",999,"ALLARM","ALLARM.LT6","01/01/1993","12:00:00","TDS.1","M1",603,"CMC","NTWQM",1993-01-01 12:00:00,0.1,"ISM",1,"Water",NA,395,"MG/L",NA,NA,NA,NA,2,NA,1,1,"S","PARTNTID",NA,NA
"675",999,"ALLARM","ALLARM.LT4","05/01/1993","12:00:00","TDS.1","M1",641,"CMC","NTWQM",1993-05-01 12:00:00,0.1,"ISM",1,"Water",NA,307,"MG/L",NA,NA,NA,NA,2,NA,1,1,"S","PARTNTID",NA,NA
"676",999,"ALLARM","ALLARM.LT2","09/01/1993","12:00:00","TDS.1","M1",679,"CMC","NTWQM",1993-09-01 12:00:00,0.1,"ISM",1,"Water",NA,303,"MG/L",NA,NA,NA,NA,2,NA,1,1,"S","PARTNTID",NA,NA
"677",999,"ALLARM","ALLARM.LT10","01/01/1993","12:00:00","TDS.1","M1",607,"CMC","NTWQM",1993-01-01 12:00:00,0.1,"ISM",1,"Water",NA,440,"MG/L",NA,NA,NA,NA,2,NA,1,1,"S","PARTNTID",NA,NA
"678",999,"ALLARM","ALLARM.LT9","06/01/1993","12:00:00","TDS.1","M1",656,"CMC","NTWQM",1993-06-01 12:00:00,0.1,"ISM",1,"Water",NA,330,"MG/L",NA,NA,NA,NA,2,NA,1,1,"S","PARTNTID",NA,NA
"679",999,"ALLARM","ALLARM.LT7","10/01/1993","12:00:00","TDS.1","M1",694,"CMC","NTWQM",1993-10-01 12:00:00,0.1,"ISM",1,"Water",NA,370,"MG/L",NA,NA,NA,NA,2,NA,1,1,"S","PARTNTID",NA,NA
"680",999,"ALLARM","ALLARM.LT6","02/01/1993","12:00:00","TDS.1","M1",613,"CMC","NTWQM",1993-02-01 12:00:00,0.1,"ISM",1,"Water",NA,467,"MG/L",NA,NA,NA,NA,2,NA,1,1,"S","PARTNTID",NA,NA
"681",999,"ALLARM","ALLARM.LT4","06/01/1993","12:00:00","TDS.1","M1",651,"CMC","NTWQM",1993-06-01 12:00:00,0.1,"ISM",1,"Water",NA,303,"MG/L",NA,NA,NA,NA,2,NA,1,1,"S","PARTNTID",NA,NA
"682",999,"ALLARM","ALLARM.LT2","10/01/1993","12:00:00","TDS.1","M1",689,"CMC","NTWQM",1993-10-01 12:00:00,0.1,"ISM",1,"Water",NA,270,"MG/L",NA,NA,NA,NA,2,NA,1,1,"S","PARTNTID",NA,NA
"683",999,"ALLARM","ALLARM.LT10","02/01/1993","12:00:00","TDS.1","M1",617,"CMC","NTWQM",1993-02-01 12:00:00,0.1,"ISM",1,"Water",NA,377,"MG/L",NA,NA,NA,NA,2,NA,1,1,"S","PARTNTID",NA,NA
"684",999,"ALLARM","ALLARM.LT9","07/01/1993","12:00:00","TDS.1","M1",666,"CMC","NTWQM",1993-07-01 12:00:00,0.1,"ISM",1,"Water",NA,337,"MG/L",NA,NA,NA,NA,2,NA,1,1,"S","PARTNTID",NA,NA
"685",999,"ALLARM","ALLARM.LT7","11/01/1993","12:00:00","TDS.1","M1",704,"CMC","NTWQM",1993-11-01 12:00:00,0.1,"ISM",1,"Water",NA,375,"MG/L",NA,NA,NA,NA,2,NA,1,1,"S","PARTNTID",NA,NA
"686",999,"ALLARM","ALLARM.LT6","03/01/1993","12:00:00","TDS.1","M1",623,"CMC","NTWQM",1993-03-01 12:00:00,0.1,"ISM",1,"Water",NA,360,"MG/L",NA,NA,NA,NA,2,NA,1,1,"S","PARTNTID",NA,NA
"687",999,"ALLARM","ALLARM.LT4","07/01/1993","12:00:00","TDS.1","M1",661,"CMC","NTWQM",1993-07-01 12:00:00,0.1,"ISM",1,"Water",NA,290,"MG/L",NA,NA,NA,NA,2,NA,1,1,"S","PARTNTID",NA,NA
"688",999,"ALLARM","ALLARM.LT2","11/01/1993","12:00:00","TDS.1","M1",699,"CMC","NTWQM",1993-11-01 12:00:00,0.1,"ISM",1,"Water",NA,270,"MG/L",NA,NA,NA,NA,2,NA,1,1,"S","PARTNTID",NA,NA
"689",999,"ALLARM","ALLARM.LT10","03/01/1993","12:00:00","TDS.1","M1",627,"CMC","NTWQM",1993-03-01 12:00:00,0.1,"ISM",1,"Water",NA,437,"MG/L",NA,NA,NA,NA,2,NA,1,1,"S","PARTNTID",NA,NA
"690",999,"ALLARM","ALLARM.LT9","08/01/1993","12:00:00","TDS.1","M1",676,"CMC","NTWQM",1993-08-01 12:00:00,0.1,"ISM",1,"Water",NA,345,"MG/L",NA,NA,NA,NA,2,NA,1,1,"S","PARTNTID",NA,NA
"691",999,"ALLARM","ALLARM.LT7","12/01/1993","12:00:00","TDS.1","M1",714,"CMC","NTWQM",1993-12-01 12:00:00,0.1,"ISM",1,"Water",NA,395,"MG/L",NA,NA,NA,NA,2,NA,1,1,"S","PARTNTID",NA,NA
"692",999,"ALLARM","ALLARM.LT6","04/01/1993","12:00:00","TDS.1","M1",633,"CMC","NTWQM",1993-04-01 12:00:00,0.1,"ISM",1,"Water",NA,330,"MG/L",NA,NA,NA,NA,2,NA,1,1,"S","PARTNTID",NA,NA
"693",999,"ALLARM","ALLARM.LT4","08/01/1993","12:00:00","TDS.1","M1",671,"CMC","NTWQM",1993-08-01 12:00:00,0.1,"ISM",1,"Water",NA,300,"MG/L",NA,NA,NA,NA,2,NA,1,1,"S","PARTNTID",NA,NA
"694",999,"ALLARM","ALLARM.LT2","12/01/1993","12:00:00","TDS.1","M1",709,"CMC","NTWQM",1993-12-01 12:00:00,0.1,"ISM",1,"Water",NA,315,"MG/L",NA,NA,NA,NA,2,NA,1,1,"S","PARTNTID",NA,NA
"695",999,"ALLARM","ALLARM.LT10","04/01/1993","12:00:00","TDS.1","M1",637,"CMC","NTWQM",1993-04-01 12:00:00,0.1,"ISM",1,"Water",NA,370,"MG/L",NA,NA,NA,NA,2,NA,1,1,"S","PARTNTID",NA,NA
"696",999,"ALLARM","ALLARM.LT9","09/01/1993","12:00:00","TDS.1","M1",686,"CMC","NTWQM",1993-09-01 12:00:00,0.1,"ISM",1,"Water",NA,407,"MG/L",NA,NA,NA,NA,2,NA,1,1,"S","PARTNTID",NA,NA
"697",999,"ALLARM","ALLARM.LT8","01/01/1993","12:00:00","TDS.1","M1",605,"CMC","NTWQM",1993-01-01 12:00:00,0.1,"ISM",1,"Water",NA,510,"MG/L",NA,NA,NA,NA,2,NA,1,1,"S","PARTNTID",NA,NA
"698",999,"ALLARM","ALLARM.LT6","05/01/1993","12:00:00","TDS.1","M1",643,"CMC","NTWQM",1993-05-01 12:00:00,0.1,"ISM",1,"Water",NA,323,"MG/L",NA,NA,NA,NA,2,NA,1,1,"S","PARTNTID",NA,NA
"699",999,"ALLARM","ALLARM.LT4","09/01/1993","12:00:00","TDS.1","M1",681,"CMC","NTWQM",1993-09-01 12:00:00,0.1,"ISM",1,"Water",NA,350,"MG/L",NA,NA,NA,NA,2,NA,1,1,"S","PARTNTID",NA,NA
"700",999,"ALLARM","ALLARM.LT3","01/01/1993","12:00:00","TDS.1","M1",600,"CMC","NTWQM",1993-01-01 12:00:00,0.1,"ISM",1,"Water",NA,290,"MG/L",NA,NA,NA,NA,2,NA,1,1,"S","PARTNTID",NA,NA
"701",999,"ALLARM","ALLARM.LT10","05/01/1993","12:00:00","TDS.1","M1",647,"CMC","NTWQM",1993-05-01 12:00:00,0.1,"ISM",1,"Water",NA,360,"MG/L",NA,NA,NA,NA,2,NA,1,1,"S","PARTNTID",NA,NA
"702",999,"ALLARM","ALLARM.LT9","10/01/1993","12:00:00","TDS.1","M1",696,"CMC","NTWQM",1993-10-01 12:00:00,0.1,"ISM",1,"Water",NA,390,"MG/L",NA,NA,NA,NA,2,NA,1,1,"S","PARTNTID",NA,NA
"703",999,"ALLARM","ALLARM.LT8","02/01/1993","12:00:00","TDS.1","M1",615,"CMC","NTWQM",1993-02-01 12:00:00,0.1,"ISM",1,"Water",NA,370,"MG/L",NA,NA,NA,NA,2,NA,1,1,"S","PARTNTID",NA,NA
"704",999,"ALLARM","ALLARM.LT6","06/01/1993","12:00:00","TDS.1","M1",653,"CMC","NTWQM",1993-06-01 12:00:00,0.1,"ISM",1,"Water",NA,307,"MG/L",NA,NA,NA,NA,2,NA,1,1,"S","PARTNTID",NA,NA
"705",999,"ALLARM","ALLARM.LT4","10/01/1993","12:00:00","TDS.1","M1",691,"CMC","NTWQM",1993-10-01 12:00:00,0.1,"ISM",1,"Water",NA,360,"MG/L",NA,NA,NA,NA,2,NA,1,1,"S","PARTNTID",NA,NA
"706",999,"ALLARM","ALLARM.LT3","02/01/1993","12:00:00","TDS.1","M1",610,"CMC","NTWQM",1993-02-01 12:00:00,0.1,"ISM",1,"Water",NA,317,"MG/L",NA,NA,NA,NA,2,NA,1,1,"S","PARTNTID",NA,NA
"707",999,"ALLARM","ALLARM.LT10","06/01/1993","12:00:00","TDS.1","M1",657,"CMC","NTWQM",1993-06-01 12:00:00,0.1,"ISM",1,"Water",NA,337,"MG/L",NA,NA,NA,NA,2,NA,1,1,"S","PARTNTID",NA,NA
"708",999,"ALLARM","ALLARM.LT9","11/01/1993","12:00:00","TDS.1","M1",706,"CMC","NTWQM",1993-11-01 12:00:00,0.1,"ISM",1,"Water",NA,405,"MG/L",NA,NA,NA,NA,2,NA,1,1,"S","PARTNTID",NA,NA
"709",999,"ALLARM","ALLARM.LT8","03/01/1993","12:00:00","TDS.1","M1",625,"CMC","NTWQM",1993-03-01 12:00:00,0.1,"ISM",1,"Water",NA,413,"MG/L",NA,NA,NA,NA,2,NA,1,1,"S","PARTNTID",NA,NA
"710",999,"ALLARM","ALLARM.LT6","07/01/1993","12:00:00","TDS.1","M1",663,"CMC","NTWQM",1993-07-01 12:00:00,0.1,"ISM",1,"Water",NA,303,"MG/L",NA,NA,NA,NA,2,NA,1,1,"S","PARTNTID",NA,NA
"711",999,"ALLARM","ALLARM.LT4","11/01/1993","12:00:00","TDS.1","M1",701,"CMC","NTWQM",1993-11-01 12:00:00,0.1,"ISM",1,"Water",NA,370,"MG/L",NA,NA,NA,NA,2,NA,1,1,"S","PARTNTID",NA,NA
"712",999,"ALLARM","ALLARM.LT3","03/01/1993","12:00:00","TDS.1","M1",620,"CMC","NTWQM",1993-03-01 12:00:00,0.1,"ISM",1,"Water",NA,280,"MG/L",NA,NA,NA,NA,2,NA,1,1,"S","PARTNTID",NA,NA
"713",999,"ALLARM","ALLARM.LT10","07/01/1993","12:00:00","TDS.1","M1",667,"CMC","NTWQM",1993-07-01 12:00:00,0.1,"ISM",1,"Water",NA,340,"MG/L",NA,NA,NA,NA,2,NA,1,1,"S","PARTNTID",NA,NA
"714",999,"ALLARM","ALLARM.LT9","12/01/1993","12:00:00","TDS.1","M1",716,"CMC","NTWQM",1993-12-01 12:00:00,0.1,"ISM",1,"Water",NA,425,"MG/L",NA,NA,NA,NA,2,NA,1,1,"S","PARTNTID",NA,NA
"715",999,"ALLARM","ALLARM.LT8","04/01/1993","12:00:00","TDS.1","M1",635,"CMC","NTWQM",1993-04-01 12:00:00,0.1,"ISM",1,"Water",NA,350,"MG/L",NA,NA,NA,NA,2,NA,1,1,"S","PARTNTID",NA,NA
"716",999,"ALLARM","ALLARM.LT6","08/01/1993","12:00:00","TDS.1","M1",673,"CMC","NTWQM",1993-08-01 12:00:00,0.1,"ISM",1,"Water",NA,300,"MG/L",NA,NA,NA,NA,2,NA,1,1,"S","PARTNTID",NA,NA
"717",999,"ALLARM","ALLARM.LT4","12/01/1993","12:00:00","TDS.1","M1",711,"CMC","NTWQM",1993-12-01 12:00:00,0.1,"ISM",1,"Water",NA,370,"MG/L",NA,NA,NA,NA,2,NA,1,1,"S","PARTNTID",NA,NA
"718",999,"ALLARM","ALLARM.LT3","04/01/1993","12:00:00","TDS.1","M1",630,"CMC","NTWQM",1993-04-01 12:00:00,0.1,"ISM",1,"Water",NA,315,"MG/L",NA,NA,NA,NA,2,NA,1,1,"S","PARTNTID",NA,NA
"719",999,"ALLARM","ALLARM.LT10","08/01/1993","12:00:00","TDS.1","M1",677,"CMC","NTWQM",1993-08-01 12:00:00,0.1,"ISM",1,"Water",NA,340,"MG/L",NA,NA,NA,NA,2,NA,1,1,"S","PARTNTID",NA,NA
"720",999,"ALLARM","ALLARM.LT8","05/01/1993","12:00:00","TDS.1","M1",645,"CMC","NTWQM",1993-05-01 12:00:00,0.1,"ISM",1,"Water",NA,343,"MG/L",NA,NA,NA,NA,2,NA,1,1,"S","PARTNTID",NA,NA
