"","paramMethod","SOURCE","STATION","SAMPLE_DATE","SAMPLE_TIME","paramCode","SAMPLE_ID","EventId","AGENCY","PROGRAM","DateTime","DEPTH","SAMPLE_TYPE","TIER","Matrix","QUALIFIER","VALUE","UNITS","PROBLEM","LAB","labName","detLimit","qaFlag","COMMENTS","count.x","count.y","LAYER","PROJECT","SampleAnalyticalMethodIdentifier","SubstanceIdentificationName"
"456",189,"ALLARM","ALLARM.LT1","01/26/2005","12:00:00","OP.5","S1",2063,"CMC","NTWQM",2005-01-26 12:00:00,0.1,"D",2,"Water",NA,0,"MG/L",NA,"ACARL","ALLARM Community Aquatic Research Laboratory",0.02,2,NA,1,1,"S","PARTNTID","L02 ","PO4F"
"459",189,"ALLARM","ALLARM.LT3","06/13/2005","12:00:00","OP.5","S1",2130,"CMC","NTWQM",2005-06-13 12:00:00,0.1,"D",2,"Water",NA,0.012,"MG/L",NA,"ACARL","ALLARM Community Aquatic Research Laboratory",0.02,2,NA,1,1,"S","PARTNTID","L02 ","PO4F"
"460",189,"ALLARM","ALLARM.LT3","05/02/2005","12:00:00","OP.5","S1",2117,"CMC","NTWQM",2005-05-02 12:00:00,0.1,"D",2,"Water",NA,0,"MG/L",NA,"ACARL","ALLARM Community Aquatic Research Laboratory",0.02,2,NA,1,1,"S","PARTNTID","L02 ","PO4F"
"464",189,"ALLARM","ALLARM.LT9","05/02/2005","12:00:00","OP.5","S1",2123,"CMC","NTWQM",2005-05-02 12:00:00,0.1,"D",2,"Water",NA,0,"MG/L",NA,"ACARL","ALLARM Community Aquatic Research Laboratory",0.02,2,NA,1,1,"S","PARTNTID","L02 ","PO4F"
"466",189,"ALLARM","ALLARM.LT3","01/26/2005","12:00:00","OP.5","S1",2065,"CMC","NTWQM",2005-01-26 12:00:00,0.1,"D",2,"Water",NA,0,"MG/L",NA,"ACARL","ALLARM Community Aquatic Research Laboratory",0.02,2,NA,1,1,"S","PARTNTID","L02 ","PO4F"
"471",189,"ALLARM","ALLARM.LT3","04/18/2005","12:00:00","OP.5","S1",2104,"CMC","NTWQM",2005-04-18 12:00:00,0.1,"D",2,"Water",NA,0,"MG/L",NA,"ACARL","ALLARM Community Aquatic Research Laboratory",0.02,2,NA,1,1,"S","PARTNTID","L02 ","PO4F"
"473",189,"ALLARM","ALLARM.LT6","05/02/2005","12:00:00","OP.5","S1",2120,"CMC","NTWQM",2005-05-02 12:00:00,0.1,"D",2,"Water",NA,0,"MG/L",NA,"ACARL","ALLARM Community Aquatic Research Laboratory",0.02,2,NA,1,1,"S","PARTNTID","L02 ","PO4F"
"478",189,"ALLARM","ALLARM.LT3","03/22/2005","12:00:00","OP.5","S1",2091,"CMC","NTWQM",2005-03-22 12:00:00,0.1,"D",2,"Water",NA,0,"MG/L",NA,"ACARL","ALLARM Community Aquatic Research Laboratory",0.02,2,NA,1,1,"S","PARTNTID","L02 ","PO4F"
"479",189,"ALLARM","ALLARM.LT5","11/16/2005","12:00:00","OP.5","S1",2193,"CMC","NTWQM",2005-11-16 12:00:00,0.1,"D",2,"Water",NA,0.007,"MG/L",NA,"ACARL","ALLARM Community Aquatic Research Laboratory",0.02,2,NA,1,1,"S","PARTNTID","L02 ","PO4F"
"481",189,"ALLARM","ALLARM.LT4","05/02/2005","12:00:00","OP.5","S1",2118,"CMC","NTWQM",2005-05-02 12:00:00,0.1,"D",2,"Water",NA,0,"MG/L",NA,"ACARL","ALLARM Community Aquatic Research Laboratory",0.02,2,NA,1,1,"S","PARTNTID","L02 ","PO4F"
"482",189,"ALLARM","ALLARM.WL","11/16/2005","12:00:00","OP.5","S1",2201,"CMC","NTWQM",2005-11-16 12:00:00,0.1,"D",2,"Water",NA,0,"MG/L",NA,"ACARL","ALLARM Community Aquatic Research Laboratory",0.02,2,NA,1,1,"S","PARTNTID","L02 ","PO4F"
"490",189,"ALLARM","ALLARM.LT6","03/22/2005","12:00:00","OP.5","S1",2094,"CMC","NTWQM",2005-03-22 12:00:00,0.1,"D",2,"Water",NA,0,"MG/L",NA,"ACARL","ALLARM Community Aquatic Research Laboratory",0.02,2,NA,1,1,"S","PARTNTID","L02 ","PO4F"
"492",189,"ALLARM","ALLARM.LT6","01/26/2005","12:00:00","OP.5","S1",2068,"CMC","NTWQM",2005-01-26 12:00:00,0.1,"D",2,"Water",NA,0,"MG/L",NA,"ACARL","ALLARM Community Aquatic Research Laboratory",0.02,2,NA,1,1,"S","PARTNTID","L02 ","PO4F"
"493",189,"ALLARM","ALLARM.LT7","03/22/2005","12:00:00","OP.5","S1",2095,"CMC","NTWQM",2005-03-22 12:00:00,0.1,"D",2,"Water",NA,0,"MG/L",NA,"ACARL","ALLARM Community Aquatic Research Laboratory",0.02,2,NA,1,1,"S","PARTNTID","L02 ","PO4F"
"498",189,"ALLARM","ALLARM.LT4","01/26/2005","12:00:00","OP.5","S1",2066,"CMC","NTWQM",2005-01-26 12:00:00,0.1,"D",2,"Water",NA,0,"MG/L",NA,"ACARL","ALLARM Community Aquatic Research Laboratory",0.02,2,NA,1,1,"S","PARTNTID","L02 ","PO4F"
"499",189,"ALLARM","ALLARM.LT10","05/02/2005","12:00:00","OP.5","S1",2124,"CMC","NTWQM",2005-05-02 12:00:00,0.1,"D",2,"Water",NA,0,"MG/L",NA,"ACARL","ALLARM Community Aquatic Research Laboratory",0.02,2,NA,1,1,"S","PARTNTID","L02 ","PO4F"
"500",189,"ALLARM","ALLARM.LT10","01/26/2005","12:00:00","OP.5","S1",2072,"CMC","NTWQM",2005-01-26 12:00:00,0.1,"D",2,"Water",NA,0,"MG/L",NA,"ACARL","ALLARM Community Aquatic Research Laboratory",0.02,2,NA,1,1,"S","PARTNTID","L02 ","PO4F"
"503",189,"ALLARM","ALLARM.WL","04/18/2005","12:00:00","OP.5","S1",2114,"CMC","NTWQM",2005-04-18 12:00:00,0.1,"D",2,"Water",NA,0,"MG/L",NA,"ACARL","ALLARM Community Aquatic Research Laboratory",0.02,2,NA,1,1,"S","PARTNTID","L02 ","PO4F"
"512",189,"ALLARM","ALLARM.LT5","05/02/2005","12:00:00","OP.5","S1",2119,"CMC","NTWQM",2005-05-02 12:00:00,0.1,"D",2,"Water",NA,0,"MG/L",NA,"ACARL","ALLARM Community Aquatic Research Laboratory",0.02,2,NA,1,1,"S","PARTNTID","L02 ","PO4F"
"516",189,"ALLARM","ALLARM.MG2","04/18/2005","12:00:00","OP.5","S1",2113,"CMC","NTWQM",2005-04-18 12:00:00,0.1,"D",2,"Water",NA,0,"MG/L",NA,"ACARL","ALLARM Community Aquatic Research Laboratory",0.02,2,NA,1,1,"S","PARTNTID","L02 ","PO4F"
"538",189,"ALLARM","ALLARM.WL","03/22/2005","12:00:00","OP.5","S1",2101,"CMC","NTWQM",2005-03-22 12:00:00,0.1,"D",2,"Water",NA,0,"MG/L",NA,"ACARL","ALLARM Community Aquatic Research Laboratory",0.02,2,NA,1,1,"S","PARTNTID","L02 ","PO4F"
"549",189,"ALLARM","ALLARM.LT7","01/26/2005","12:00:00","OP.5","S1",2069,"CMC","NTWQM",2005-01-26 12:00:00,0.1,"D",2,"Water",NA,0,"MG/L",NA,"ACARL","ALLARM Community Aquatic Research Laboratory",0.02,2,NA,1,1,"S","PARTNTID","L02 ","PO4F"
"550",189,"ALLARM","ALLARM.LT4","03/22/2005","12:00:00","OP.5","S1",2092,"CMC","NTWQM",2005-03-22 12:00:00,0.1,"D",2,"Water",NA,0,"MG/L",NA,"ACARL","ALLARM Community Aquatic Research Laboratory",0.02,2,NA,1,1,"S","PARTNTID","L02 ","PO4F"
"551",189,"ALLARM","ALLARM.LT8","04/18/2005","12:00:00","OP.5","S1",2109,"CMC","NTWQM",2005-04-18 12:00:00,0.1,"D",2,"Water",NA,0,"MG/L",NA,"ACARL","ALLARM Community Aquatic Research Laboratory",0.02,2,NA,1,1,"S","PARTNTID","L02 ","PO4F"
"552",189,"ALLARM","ALLARM.MG2","03/22/2005","12:00:00","OP.5","S1",2100,"CMC","NTWQM",2005-03-22 12:00:00,0.1,"D",2,"Water",NA,0,"MG/L",NA,"ACARL","ALLARM Community Aquatic Research Laboratory",0.02,2,NA,1,1,"S","PARTNTID","L02 ","PO4F"
"553",189,"ALLARM","ALLARM.WL","01/26/2005","12:00:00","OP.5","S1",2075,"CMC","NTWQM",2005-01-26 12:00:00,0.1,"D",2,"Water",NA,0,"MG/L",NA,"ACARL","ALLARM Community Aquatic Research Laboratory",0.02,2,NA,1,1,"S","PARTNTID","L02 ","PO4F"
"556",189,"ALLARM","ALLARM.LT5","01/26/2005","12:00:00","OP.5","S1",2067,"CMC","NTWQM",2005-01-26 12:00:00,0.1,"D",2,"Water",NA,0,"MG/L",NA,"ACARL","ALLARM Community Aquatic Research Laboratory",0.02,2,NA,1,1,"S","PARTNTID","L02 ","PO4F"
"561",189,"ALLARM","ALLARM.LT8","01/26/2005","12:00:00","OP.5","S1",2070,"CMC","NTWQM",2005-01-26 12:00:00,0.1,"D",2,"Water",NA,0,"MG/L",NA,"ACARL","ALLARM Community Aquatic Research Laboratory",0.02,2,NA,1,1,"S","PARTNTID","L02 ","PO4F"
"562",189,"ALLARM","ALLARM.MG2","05/02/2005","12:00:00","OP.5","S1",2126,"CMC","NTWQM",2005-05-02 12:00:00,0.1,"D",2,"Water",NA,0,"MG/L",NA,"ACARL","ALLARM Community Aquatic Research Laboratory",0.02,2,NA,1,1,"S","PARTNTID","L02 ","PO4F"
"565",189,"ALLARM","ALLARM.LT9","01/26/2005","12:00:00","OP.5","S1",2071,"CMC","NTWQM",2005-01-26 12:00:00,0.1,"D",2,"Water",NA,0,"MG/L",NA,"ACARL","ALLARM Community Aquatic Research Laboratory",0.02,2,NA,1,1,"S","PARTNTID","L02 ","PO4F"
"567",189,"ALLARM","ALLARM.MG1","03/22/2005","12:00:00","OP.5","S1",2099,"CMC","NTWQM",2005-03-22 12:00:00,0.1,"D",2,"Water",NA,0,"MG/L",NA,"ACARL","ALLARM Community Aquatic Research Laboratory",0.02,2,NA,1,1,"S","PARTNTID","L02 ","PO4F"
"571",189,"ALLARM","ALLARM.LT9","02/28/2005","12:00:00","OP.5","S1",2084,"CMC","NTWQM",2005-02-28 12:00:00,0.1,"D",2,"Water",NA,0,"MG/L",NA,"ACARL","ALLARM Community Aquatic Research Laboratory",0.02,2,NA,1,1,"S","PARTNTID","L02 ","PO4F"
"577",189,"ALLARM","ALLARM.WL","05/02/2005","12:00:00","OP.5","S1",2127,"CMC","NTWQM",2005-05-02 12:00:00,0.1,"D",2,"Water",NA,0,"MG/L",NA,"ACARL","ALLARM Community Aquatic Research Laboratory",0.02,2,NA,1,1,"S","PARTNTID","L02 ","PO4F"
"582",189,"ALLARM","ALLARM.MG1","01/26/2005","12:00:00","OP.5","S1",2073,"CMC","NTWQM",2005-01-26 12:00:00,0.1,"D",2,"Water",NA,0,"MG/L",NA,"ACARL","ALLARM Community Aquatic Research Laboratory",0.02,2,NA,1,1,"S","PARTNTID","L02 ","PO4F"
"587",189,"ALLARM","ALLARM.LT8","03/22/2005","12:00:00","OP.5","S1",2096,"CMC","NTWQM",2005-03-22 12:00:00,0.1,"D",2,"Water",NA,0,"MG/L",NA,"ACARL","ALLARM Community Aquatic Research Laboratory",0.02,2,NA,1,1,"S","PARTNTID","L02 ","PO4F"
"592",189,"ALLARM","ALLARM.MG2","01/26/2005","12:00:00","OP.5","S1",2074,"CMC","NTWQM",2005-01-26 12:00:00,0.1,"D",2,"Water",NA,0,"MG/L",NA,"ACARL","ALLARM Community Aquatic Research Laboratory",0.02,2,NA,1,1,"S","PARTNTID","L02 ","PO4F"
"595",189,"ALLARM","ALLARM.LT5","03/22/2005","12:00:00","OP.5","S1",2093,"CMC","NTWQM",2005-03-22 12:00:00,0.1,"D",2,"Water",NA,0,"MG/L",NA,"ACARL","ALLARM Community Aquatic Research Laboratory",0.02,2,NA,1,1,"S","PARTNTID","L02 ","PO4F"
"601",189,"ALLARM","ALLARM.WL","07/27/2005","12:00:00","OP.5","S1",2152,"CMC","NTWQM",2005-07-27 12:00:00,0.1,"D",2,"Water",NA,0.016,"MG/L",NA,"ACARL","ALLARM Community Aquatic Research Laboratory",0.02,2,NA,1,1,"S","PARTNTID","L02 ","PO4F"
"604",189,"ALLARM","ALLARM.LT5","02/28/2005","12:00:00","OP.5","S1",2080,"CMC","NTWQM",2005-02-28 12:00:00,0.1,"D",2,"Water",NA,0,"MG/L",NA,"ACARL","ALLARM Community Aquatic Research Laboratory",0.02,2,NA,1,1,"S","PARTNTID","L02 ","PO4F"
