"","paramMethod","SOURCE","STATION","SAMPLE_DATE","SAMPLE_TIME","paramCode","SAMPLE_ID","EventId","AGENCY","PROGRAM","DateTime","DEPTH","SAMPLE_TYPE","TIER","Matrix","QUALIFIER","VALUE","UNITS","PROBLEM","LAB","labName","detLimit","qaFlag","COMMENTS","count.x","count.y","LAYER","PROJECT","SampleAnalyticalMethodIdentifier","SubstanceIdentificationName"
"757",999,"ALLARM","ALLARM.LT5","02/28/2005","12:00:00","TDS.1","M1",2080,"CMC","NTWQM",2005-02-28 12:00:00,0.1,"ISM",1,"Water",NA,330,"MG/L",NA,NA,NA,NA,2,NA,1,1,"S","PARTNTID",NA,NA
"758",999,"ALLARM","ALLARM.LT8","08/10/2005","12:00:00","TDS.1","M1",2160,"CMC","NTWQM",2005-08-10 12:00:00,0.1,"ISM",1,"Water",NA,260,"MG/L",NA,NA,NA,NA,2,NA,1,1,"S","PARTNTID",NA,NA
"759",999,"ALLARM","ALLARM.WL","03/22/2005","12:00:00","TDS.1","M1",2101,"CMC","NTWQM",2005-03-22 12:00:00,0.1,"ISM",1,"Water",NA,430,"MG/L",NA,NA,NA,NA,2,NA,1,1,"S","PARTNTID",NA,NA
"760",999,"ALLARM","ALLARM.LT3","06/13/2005","12:00:00","TDS.1","M1",2130,"CMC","NTWQM",2005-06-13 12:00:00,0.1,"ISM",1,"Water",NA,210,"MG/L",NA,NA,NA,NA,2,NA,1,1,"S","PARTNTID",NA,NA
"761",999,"ALLARM","ALLARM.LT1","01/26/2005","12:00:00","TDS.1","M1",2063,"CMC","NTWQM",2005-01-26 12:00:00,0.1,"ISM",1,"Water",NA,260,"MG/L",NA,NA,NA,NA,2,NA,1,1,"S","PARTNTID",NA,NA
"762",999,"ALLARM","ALLARM.LT7","06/13/2005","12:00:00","TDS.1","M1",2134,"CMC","NTWQM",2005-06-13 12:00:00,0.1,"ISM",1,"Water",NA,240,"MG/L",NA,NA,NA,NA,2,NA,1,1,"S","PARTNTID",NA,NA
"763",999,"ALLARM","ALLARM.LT5","03/22/2005","12:00:00","TDS.1","M1",2093,"CMC","NTWQM",2005-03-22 12:00:00,0.1,"ISM",1,"Water",NA,280,"MG/L",NA,NA,NA,NA,2,NA,1,1,"S","PARTNTID",NA,NA
"764",999,"ALLARM","ALLARM.LT10","10/19/2005","12:00:00","TDS.1","M1",2185,"CMC","NTWQM",2005-10-19 12:00:00,0.1,"ISM",1,"Water",NA,320,"MG/L",NA,NA,NA,NA,2,NA,1,1,"S","PARTNTID",NA,NA
"765",999,"ALLARM","ALLARM.WL","04/18/2005","12:00:00","TDS.1","M1",2114,"CMC","NTWQM",2005-04-18 12:00:00,0.1,"ISM",1,"Water",NA,370,"MG/L",NA,NA,NA,NA,2,NA,1,1,"S","PARTNTID",NA,NA
"766",999,"ALLARM","ALLARM.LT3","07/27/2005","12:00:00","TDS.1","M1",2143,"CMC","NTWQM",2005-07-27 12:00:00,0.1,"ISM",1,"Water",NA,210,"MG/L",NA,NA,NA,NA,2,NA,1,1,"S","PARTNTID",NA,NA
"767",999,"ALLARM","ALLARM.LT1","02/28/2005","12:00:00","TDS.1","M1",2076,"CMC","NTWQM",2005-02-28 12:00:00,0.1,"ISM",1,"Water",NA,270,"MG/L",NA,NA,NA,NA,2,NA,1,1,"S","PARTNTID",NA,NA
"768",999,"ALLARM","ALLARM.LT7","08/10/2005","12:00:00","TDS.1","M1",2159,"CMC","NTWQM",2005-08-10 12:00:00,0.1,"ISM",1,"Water",NA,250,"MG/L",NA,NA,NA,NA,2,NA,1,1,"S","PARTNTID",NA,NA
"769",999,"ALLARM","ALLARM.LT5","04/18/2005","12:00:00","TDS.1","M1",2106,"CMC","NTWQM",2005-04-18 12:00:00,0.1,"ISM",1,"Water",NA,240,"MG/L",NA,NA,NA,NA,2,NA,1,1,"S","PARTNTID",NA,NA
"770",999,"ALLARM","ALLARM.LT10","11/16/2005","12:00:00","TDS.1","M1",2198,"CMC","NTWQM",2005-11-16 12:00:00,0.1,"ISM",1,"Water",NA,380,"MG/L",NA,NA,NA,NA,2,NA,1,1,"S","PARTNTID",NA,NA
"771",999,"ALLARM","ALLARM.WL","05/02/2005","12:00:00","TDS.1","M1",2127,"CMC","NTWQM",2005-05-02 12:00:00,0.1,"ISM",1,"Water",NA,370,"MG/L",NA,NA,NA,NA,2,NA,1,1,"S","PARTNTID",NA,NA
"772",999,"ALLARM","ALLARM.LT3","08/10/2005","12:00:00","TDS.1","M1",2155,"CMC","NTWQM",2005-08-10 12:00:00,0.1,"ISM",1,"Water",NA,230,"MG/L",NA,NA,NA,NA,2,NA,1,1,"S","PARTNTID",NA,NA
"773",999,"ALLARM","ALLARM.LT1","03/22/2005","12:00:00","TDS.1","M1",2089,"CMC","NTWQM",2005-03-22 12:00:00,0.1,"ISM",1,"Water",NA,260,"MG/L",NA,NA,NA,NA,2,NA,1,1,"S","PARTNTID",NA,NA
"774",999,"ALLARM","ALLARM.LT1","10/19/2005","12:00:00","TDS.1","M1",2176,"CMC","NTWQM",2005-10-19 12:00:00,0.1,"ISM",1,"Water",NA,270,"MG/L",NA,NA,NA,NA,2,NA,1,1,"S","PARTNTID",NA,NA
"775",999,"ALLARM","ALLARM.LT5","05/02/2005","12:00:00","TDS.1","M1",2119,"CMC","NTWQM",2005-05-02 12:00:00,0.1,"ISM",1,"Water",NA,240,"MG/L",NA,NA,NA,NA,2,NA,1,1,"S","PARTNTID",NA,NA
"776",999,"ALLARM","ALLARM.LT10","12/01/2005","12:00:00","TDS.1","M1",2211,"CMC","NTWQM",2005-12-01 12:00:00,0.1,"ISM",1,"Water",NA,380,"MG/L",NA,NA,NA,NA,2,NA,1,1,"S","PARTNTID",NA,NA
"777",999,"ALLARM","ALLARM.WL","06/13/2005","12:00:00","TDS.1","M1",2140,"CMC","NTWQM",2005-06-13 12:00:00,0.1,"ISM",1,"Water",NA,370,"MG/L",NA,NA,NA,NA,2,NA,1,1,"S","PARTNTID",NA,NA
"778",999,"ALLARM","ALLARM.LT7","02/28/2005","12:00:00","TDS.1","M1",2082,"CMC","NTWQM",2005-02-28 12:00:00,0.1,"ISM",1,"Water",NA,350,"MG/L",NA,NA,NA,NA,2,NA,1,1,"S","PARTNTID",NA,NA
"779",999,"ALLARM","ALLARM.LT1","04/18/2005","12:00:00","TDS.1","M1",2102,"CMC","NTWQM",2005-04-18 12:00:00,0.1,"ISM",1,"Water",NA,230,"MG/L",NA,NA,NA,NA,2,NA,1,1,"S","PARTNTID",NA,NA
"780",999,"ALLARM","ALLARM.LT2","01/26/2005","12:00:00","TDS.1","M1",2064,"CMC","NTWQM",2005-01-26 12:00:00,0.1,"ISM",1,"Water",NA,260,"MG/L",NA,NA,NA,NA,2,NA,1,1,"S","PARTNTID",NA,NA
"781",999,"ALLARM","ALLARM.LT5","06/13/2005","12:00:00","TDS.1","M1",2132,"CMC","NTWQM",2005-06-13 12:00:00,0.1,"ISM",1,"Water",NA,220,"MG/L",NA,NA,NA,NA,2,NA,1,1,"S","PARTNTID",NA,NA
"782",999,"ALLARM","ALLARM.LT2","08/10/2005","12:00:00","TDS.1","M1",2154,"CMC","NTWQM",2005-08-10 12:00:00,0.1,"ISM",1,"Water",NA,220,"MG/L",NA,NA,NA,NA,2,NA,1,1,"S","PARTNTID",NA,NA
"783",999,"ALLARM","ALLARM.LT3","10/19/2005","12:00:00","TDS.1","M1",2178,"CMC","NTWQM",2005-10-19 12:00:00,0.1,"ISM",1,"Water",NA,240,"MG/L",NA,NA,NA,NA,2,NA,1,1,"S","PARTNTID",NA,NA
"784",999,"ALLARM","ALLARM.LT7","03/22/2005","12:00:00","TDS.1","M1",2095,"CMC","NTWQM",2005-03-22 12:00:00,0.1,"ISM",1,"Water",NA,300,"MG/L",NA,NA,NA,NA,2,NA,1,1,"S","PARTNTID",NA,NA
"785",999,"ALLARM","ALLARM.LT1","05/02/2005","12:00:00","TDS.1","M1",2115,"CMC","NTWQM",2005-05-02 12:00:00,0.1,"ISM",1,"Water",NA,240,"MG/L",NA,NA,NA,NA,2,NA,1,1,"S","PARTNTID",NA,NA
"786",999,"ALLARM","ALLARM.LT2","02/28/2005","12:00:00","TDS.1","M1",2077,"CMC","NTWQM",2005-02-28 12:00:00,0.1,"ISM",1,"Water",NA,200,"MG/L",NA,NA,NA,NA,2,NA,1,1,"S","PARTNTID",NA,NA
"787",999,"ALLARM","ALLARM.LT5","07/27/2005","12:00:00","TDS.1","M1",2145,"CMC","NTWQM",2005-07-27 12:00:00,0.1,"ISM",1,"Water",NA,230,"MG/L",NA,NA,NA,NA,2,NA,1,1,"S","PARTNTID",NA,NA
"788",999,"ALLARM","ALLARM.WL","08/10/2005","12:00:00","TDS.1","M1",2165,"CMC","NTWQM",2005-08-10 12:00:00,0.1,"ISM",1,"Water",NA,390,"MG/L",NA,NA,NA,NA,2,NA,1,1,"S","PARTNTID",NA,NA
"789",999,"ALLARM","ALLARM.LT3","11/16/2005","12:00:00","TDS.1","M1",2191,"CMC","NTWQM",2005-11-16 12:00:00,0.1,"ISM",1,"Water",NA,280,"MG/L",NA,NA,NA,NA,2,NA,1,1,"S","PARTNTID",NA,NA
"790",999,"ALLARM","ALLARM.LT7","04/18/2005","12:00:00","TDS.1","M1",2108,"CMC","NTWQM",2005-04-18 12:00:00,0.1,"ISM",1,"Water",NA,260,"MG/L",NA,NA,NA,NA,2,NA,1,1,"S","PARTNTID",NA,NA
"791",999,"ALLARM","ALLARM.LT1","06/13/2005","12:00:00","TDS.1","M1",2128,"CMC","NTWQM",2005-06-13 12:00:00,0.1,"ISM",1,"Water",NA,230,"MG/L",NA,NA,NA,NA,2,NA,1,1,"S","PARTNTID",NA,NA
"792",999,"ALLARM","ALLARM.LT2","03/22/2005","12:00:00","TDS.1","M1",2090,"CMC","NTWQM",2005-03-22 12:00:00,0.1,"ISM",1,"Water",NA,250,"MG/L",NA,NA,NA,NA,2,NA,1,1,"S","PARTNTID",NA,NA
"793",999,"ALLARM","ALLARM.LT5","08/10/2005","12:00:00","TDS.1","M1",2157,"CMC","NTWQM",2005-08-10 12:00:00,0.1,"ISM",1,"Water",NA,230,"MG/L",NA,NA,NA,NA,2,NA,1,1,"S","PARTNTID",NA,NA
"794",999,"ALLARM","ALLARM.WL","10/19/2005","12:00:00","TDS.1","M1",2188,"CMC","NTWQM",2005-10-19 12:00:00,0.1,"ISM",1,"Water",NA,350,"MG/L",NA,NA,NA,NA,2,NA,1,1,"S","PARTNTID",NA,NA
"795",999,"ALLARM","ALLARM.LT3","12/01/2005","12:00:00","TDS.1","M1",2204,"CMC","NTWQM",2005-12-01 12:00:00,0.1,"ISM",1,"Water",NA,280,"MG/L",NA,NA,NA,NA,2,NA,1,1,"S","PARTNTID",NA,NA
"796",999,"ALLARM","ALLARM.LT7","05/02/2005","12:00:00","TDS.1","M1",2121,"CMC","NTWQM",2005-05-02 12:00:00,0.1,"ISM",1,"Water",NA,270,"MG/L",NA,NA,NA,NA,2,NA,1,1,"S","PARTNTID",NA,NA
"797",999,"ALLARM","ALLARM.LT1","07/27/2005","12:00:00","TDS.1","M1",2141,"CMC","NTWQM",2005-07-27 12:00:00,0.1,"ISM",1,"Water",NA,220,"MG/L",NA,NA,NA,NA,2,NA,1,1,"S","PARTNTID",NA,NA
"798",999,"ALLARM","ALLARM.LT2","04/18/2005","12:00:00","TDS.1","M1",2103,"CMC","NTWQM",2005-04-18 12:00:00,0.1,"ISM",1,"Water",NA,230,"MG/L",NA,NA,NA,NA,2,NA,1,1,"S","PARTNTID",NA,NA
"799",999,"ALLARM","ALLARM.LT9","03/22/2005","12:00:00","TDS.1","M1",2097,"CMC","NTWQM",2005-03-22 12:00:00,0.1,"ISM",1,"Water",NA,300,"MG/L",NA,NA,NA,NA,2,NA,1,1,"S","PARTNTID",NA,NA
"800",999,"ALLARM","ALLARM.WL","11/16/2005","12:00:00","TDS.1","M1",2201,"CMC","NTWQM",2005-11-16 12:00:00,0.1,"ISM",1,"Water",NA,370,"MG/L",NA,NA,NA,NA,2,NA,1,1,"S","PARTNTID",NA,NA
"801",999,"ALLARM","ALLARM.LT4","01/26/2005","12:00:00","TDS.1","M1",2066,"CMC","NTWQM",2005-01-26 12:00:00,0.1,"ISM",1,"Water",NA,300,"MG/L",NA,NA,NA,NA,2,NA,1,1,"S","PARTNTID",NA,NA
"802",999,"ALLARM","ALLARM.MG1","05/02/2005","12:00:00","TDS.1","M1",2125,"CMC","NTWQM",2005-05-02 12:00:00,0.1,"ISM",1,"Water",NA,400,"MG/L",NA,NA,NA,NA,2,NA,1,1,"S","PARTNTID",NA,NA
"803",999,"ALLARM","ALLARM.LT1","08/10/2005","12:00:00","TDS.1","M1",2153,"CMC","NTWQM",2005-08-10 12:00:00,0.1,"ISM",1,"Water",NA,230,"MG/L",NA,NA,NA,NA,2,NA,1,1,"S","PARTNTID",NA,NA
"804",999,"ALLARM","ALLARM.LT2","05/02/2005","12:00:00","TDS.1","M1",2116,"CMC","NTWQM",2005-05-02 12:00:00,0.1,"ISM",1,"Water",NA,240,"MG/L",NA,NA,NA,NA,2,NA,1,1,"S","PARTNTID",NA,NA
"805",999,"ALLARM","ALLARM.LT9","04/18/2005","12:00:00","TDS.1","M1",2110,"CMC","NTWQM",2005-04-18 12:00:00,0.1,"ISM",1,"Water",NA,250,"MG/L",NA,NA,NA,NA,2,NA,1,1,"S","PARTNTID",NA,NA
"806",999,"ALLARM","ALLARM.LT6","05/02/2005","12:00:00","TDS.1","M1",2120,"CMC","NTWQM",2005-05-02 12:00:00,0.1,"ISM",1,"Water",NA,260,"MG/L",NA,NA,NA,NA,2,NA,1,1,"S","PARTNTID",NA,NA
"807",999,"ALLARM","ALLARM.LT4","02/28/2005","12:00:00","TDS.1","M1",2079,"CMC","NTWQM",2005-02-28 12:00:00,0.1,"ISM",1,"Water",NA,330,"MG/L",NA,NA,NA,NA,2,NA,1,1,"S","PARTNTID",NA,NA
"808",999,"ALLARM","ALLARM.MG1","06/13/2005","12:00:00","TDS.1","M1",2138,"CMC","NTWQM",2005-06-13 12:00:00,0.1,"ISM",1,"Water",NA,370,"MG/L",NA,NA,NA,NA,2,NA,1,1,"S","PARTNTID",NA,NA
"809",999,"ALLARM","ALLARM.MG2","02/28/2005","12:00:00","TDS.1","M1",2087,"CMC","NTWQM",2005-02-28 12:00:00,0.1,"ISM",1,"Water",NA,460,"MG/L",NA,NA,NA,NA,2,NA,1,1,"S","PARTNTID",NA,NA
"810",999,"ALLARM","ALLARM.LT2","06/13/2005","12:00:00","TDS.1","M1",2129,"CMC","NTWQM",2005-06-13 12:00:00,0.1,"ISM",1,"Water",NA,210,"MG/L",NA,NA,NA,NA,2,NA,1,1,"S","PARTNTID",NA,NA
"811",999,"ALLARM","ALLARM.LT9","05/02/2005","12:00:00","TDS.1","M1",2123,"CMC","NTWQM",2005-05-02 12:00:00,0.1,"ISM",1,"Water",NA,280,"MG/L",NA,NA,NA,NA,2,NA,1,1,"S","PARTNTID",NA,NA
"812",999,"ALLARM","ALLARM.LT6","06/13/2005","12:00:00","TDS.1","M1",2133,"CMC","NTWQM",2005-06-13 12:00:00,0.1,"ISM",1,"Water",NA,220,"MG/L",NA,NA,NA,NA,2,NA,1,1,"S","PARTNTID",NA,NA
"813",999,"ALLARM","ALLARM.LT4","03/22/2005","12:00:00","TDS.1","M1",2092,"CMC","NTWQM",2005-03-22 12:00:00,0.1,"ISM",1,"Water",NA,270,"MG/L",NA,NA,NA,NA,2,NA,1,1,"S","PARTNTID",NA,NA
"814",999,"ALLARM","ALLARM.LT4","10/19/2005","12:00:00","TDS.1","M1",2179,"CMC","NTWQM",2005-10-19 12:00:00,0.1,"ISM",1,"Water",NA,230,"MG/L",NA,NA,NA,NA,2,NA,1,1,"S","PARTNTID",NA,NA
"815",999,"ALLARM","ALLARM.LT8","04/18/2005","12:00:00","TDS.1","M1",2109,"CMC","NTWQM",2005-04-18 12:00:00,0.1,"ISM",1,"Water",NA,250,"MG/L",NA,NA,NA,NA,2,NA,1,1,"S","PARTNTID",NA,NA
"816",999,"ALLARM","ALLARM.LT2","07/27/2005","12:00:00","TDS.1","M1",2142,"CMC","NTWQM",2005-07-27 12:00:00,0.1,"ISM",1,"Water",NA,210,"MG/L",NA,NA,NA,NA,2,NA,1,1,"S","PARTNTID",NA,NA
"817",999,"ALLARM","ALLARM.LT9","06/13/2005","12:00:00","TDS.1","M1",2136,"CMC","NTWQM",2005-06-13 12:00:00,0.1,"ISM",1,"Water",NA,240,"MG/L",NA,NA,NA,NA,2,NA,1,1,"S","PARTNTID",NA,NA
"818",999,"ALLARM","ALLARM.LT6","07/27/2005","12:00:00","TDS.1","M1",2146,"CMC","NTWQM",2005-07-27 12:00:00,0.1,"ISM",1,"Water",NA,220,"MG/L",NA,NA,NA,NA,2,NA,1,1,"S","PARTNTID",NA,NA
"819",999,"ALLARM","ALLARM.LT4","04/18/2005","12:00:00","TDS.1","M1",2105,"CMC","NTWQM",2005-04-18 12:00:00,0.1,"ISM",1,"Water",NA,240,"MG/L",NA,NA,NA,NA,2,NA,1,1,"S","PARTNTID",NA,NA
"820",999,"ALLARM","ALLARM.LT1","11/16/2005","12:00:00","TDS.1","M1",2189,"CMC","NTWQM",2005-11-16 12:00:00,0.1,"ISM",1,"Water",NA,290,"MG/L",NA,NA,NA,NA,2,NA,1,1,"S","PARTNTID",NA,NA
"821",999,"ALLARM","ALLARM.LT8","05/02/2005","12:00:00","TDS.1","M1",2122,"CMC","NTWQM",2005-05-02 12:00:00,0.1,"ISM",1,"Water",NA,270,"MG/L",NA,NA,NA,NA,2,NA,1,1,"S","PARTNTID",NA,NA
"822",999,"ALLARM","ALLARM.LT10","06/13/2005","12:00:00","TDS.1","M1",2137,"CMC","NTWQM",2005-06-13 12:00:00,0.1,"ISM",1,"Water",NA,260,"MG/L",NA,NA,NA,NA,2,NA,1,1,"S","PARTNTID",NA,NA
"823",999,"ALLARM","ALLARM.LT9","07/27/2005","12:00:00","TDS.1","M1",2148,"CMC","NTWQM",2005-07-27 12:00:00,0.1,"ISM",1,"Water",NA,260,"MG/L",NA,NA,NA,NA,2,NA,1,1,"S","PARTNTID",NA,NA
"824",999,"ALLARM","ALLARM.LT6","08/10/2005","12:00:00","TDS.1","M1",2158,"CMC","NTWQM",2005-08-10 12:00:00,0.1,"ISM",1,"Water",NA,240,"MG/L",NA,NA,NA,NA,2,NA,1,1,"S","PARTNTID",NA,NA
"825",999,"ALLARM","ALLARM.LT4","05/02/2005","12:00:00","TDS.1","M1",2118,"CMC","NTWQM",2005-05-02 12:00:00,0.1,"ISM",1,"Water",NA,260,"MG/L",NA,NA,NA,NA,2,NA,1,1,"S","PARTNTID",NA,NA
"826",999,"ALLARM","ALLARM.LT1","12/01/2005","12:00:00","TDS.1","M1",2202,"CMC","NTWQM",2005-12-01 12:00:00,0.1,"ISM",1,"Water",NA,250,"MG/L",NA,NA,NA,NA,2,NA,1,1,"S","PARTNTID",NA,NA
"827",999,"ALLARM","ALLARM.LT8","06/13/2005","12:00:00","TDS.1","M1",2135,"CMC","NTWQM",2005-06-13 12:00:00,0.1,"ISM",1,"Water",NA,240,"MG/L",NA,NA,NA,NA,2,NA,1,1,"S","PARTNTID",NA,NA
"828",999,"ALLARM","ALLARM.LT6","02/28/2005","12:00:00","TDS.1","M1",2081,"CMC","NTWQM",2005-02-28 12:00:00,0.1,"ISM",1,"Water",NA,340,"MG/L",NA,NA,NA,NA,2,NA,1,1,"S","PARTNTID",NA,NA
"829",999,"ALLARM","ALLARM.LT9","08/10/2005","12:00:00","TDS.1","M1",2161,"CMC","NTWQM",2005-08-10 12:00:00,0.1,"ISM",1,"Water",NA,270,"MG/L",NA,NA,NA,NA,2,NA,1,1,"S","PARTNTID",NA,NA
"830",999,"ALLARM","ALLARM.MG1","03/22/2005","12:00:00","TDS.1","M1",2099,"CMC","NTWQM",2005-03-22 12:00:00,0.1,"ISM",1,"Water",NA,440,"MG/L",NA,NA,NA,NA,2,NA,1,1,"S","PARTNTID",NA,NA
"831",999,"ALLARM","ALLARM.LT4","06/13/2005","12:00:00","TDS.1","M1",2131,"CMC","NTWQM",2005-06-13 12:00:00,0.1,"ISM",1,"Water",NA,230,"MG/L",NA,NA,NA,NA,2,NA,1,1,"S","PARTNTID",NA,NA
"832",999,"ALLARM","ALLARM.LT10","01/26/2005","12:00:00","TDS.1","M1",2072,"CMC","NTWQM",2005-01-26 12:00:00,0.1,"ISM",1,"Water",NA,350,"MG/L",NA,NA,NA,NA,2,NA,1,1,"S","PARTNTID",NA,NA
"833",999,"ALLARM","ALLARM.LT2","10/19/2005","12:00:00","TDS.1","M1",2177,"CMC","NTWQM",2005-10-19 12:00:00,0.1,"ISM",1,"Water",NA,240,"MG/L",NA,NA,NA,NA,2,NA,1,1,"S","PARTNTID",NA,NA
"834",999,"ALLARM","ALLARM.LT6","03/22/2005","12:00:00","TDS.1","M1",2094,"CMC","NTWQM",2005-03-22 12:00:00,0.1,"ISM",1,"Water",NA,280,"MG/L",NA,NA,NA,NA,2,NA,1,1,"S","PARTNTID",NA,NA
"835",999,"ALLARM","ALLARM.LT3","05/02/2005","12:00:00","TDS.1","M1",2117,"CMC","NTWQM",2005-05-02 12:00:00,0.1,"ISM",1,"Water",NA,250,"MG/L",NA,NA,NA,NA,2,NA,1,1,"S","PARTNTID",NA,NA
"836",999,"ALLARM","ALLARM.MG1","04/18/2005","12:00:00","TDS.1","M1",2112,"CMC","NTWQM",2005-04-18 12:00:00,0.1,"ISM",1,"Water",NA,320,"MG/L",NA,NA,NA,NA,2,NA,1,1,"S","PARTNTID",NA,NA
"837",999,"ALLARM","ALLARM.LT4","07/27/2005","12:00:00","TDS.1","M1",2144,"CMC","NTWQM",2005-07-27 12:00:00,0.1,"ISM",1,"Water",NA,230,"MG/L",NA,NA,NA,NA,2,NA,1,1,"S","PARTNTID",NA,NA
"838",999,"ALLARM","ALLARM.LT10","02/28/2005","12:00:00","TDS.1","M1",2085,"CMC","NTWQM",2005-02-28 12:00:00,0.1,"ISM",1,"Water",NA,350,"MG/L",NA,NA,NA,NA,2,NA,1,1,"S","PARTNTID",NA,NA
"839",999,"ALLARM","ALLARM.LT2","11/16/2005","12:00:00","TDS.1","M1",2190,"CMC","NTWQM",2005-11-16 12:00:00,0.1,"ISM",1,"Water",NA,260,"MG/L",NA,NA,NA,NA,2,NA,1,1,"S","PARTNTID",NA,NA
"840",999,"ALLARM","ALLARM.LT6","04/18/2005","12:00:00","TDS.1","M1",2107,"CMC","NTWQM",2005-04-18 12:00:00,0.1,"ISM",1,"Water",NA,240,"MG/L",NA,NA,NA,NA,2,NA,1,1,"S","PARTNTID",NA,NA
"841",999,"ALLARM","ALLARM.LT6","11/16/2005","12:00:00","TDS.1","M1",2194,"CMC","NTWQM",2005-11-16 12:00:00,0.1,"ISM",1,"Water",NA,290,"MG/L",NA,NA,NA,NA,2,NA,1,1,"S","PARTNTID",NA,NA
"842",999,"ALLARM","ALLARM.LT10","07/27/2005","12:00:00","TDS.1","M1",2149,"CMC","NTWQM",2005-07-27 12:00:00,0.1,"ISM",1,"Water",NA,250,"MG/L",NA,NA,NA,NA,2,NA,1,1,"S","PARTNTID",NA,NA
"843",999,"ALLARM","ALLARM.LT4","08/10/2005","12:00:00","TDS.1","M1",2156,"CMC","NTWQM",2005-08-10 12:00:00,0.1,"ISM",1,"Water",NA,230,"MG/L",NA,NA,NA,NA,2,NA,1,1,"S","PARTNTID",NA,NA
"844",999,"ALLARM","ALLARM.LT10","03/22/2005","12:00:00","TDS.1","M1",2098,"CMC","NTWQM",2005-03-22 12:00:00,0.1,"ISM",1,"Water",NA,310,"MG/L",NA,NA,NA,NA,2,NA,1,1,"S","PARTNTID",NA,NA
"845",999,"ALLARM","ALLARM.LT2","12/01/2005","12:00:00","TDS.1","M1",2203,"CMC","NTWQM",2005-12-01 12:00:00,0.1,"ISM",1,"Water",NA,240,"MG/L",NA,NA,NA,NA,2,NA,1,1,"S","PARTNTID",NA,NA
"846",999,"ALLARM","ALLARM.WL","12/01/2005","12:00:00","TDS.1","M1",2214,"CMC","NTWQM",2005-12-01 12:00:00,0.1,"ISM",1,"Water",NA,90,"MG/L",NA,NA,NA,NA,2,NA,1,1,"S","PARTNTID",NA,NA
"847",999,"ALLARM","ALLARM.LT6","12/01/2005","12:00:00","TDS.1","M1",2207,"CMC","NTWQM",2005-12-01 12:00:00,0.1,"ISM",1,"Water",NA,310,"MG/L",NA,NA,NA,NA,2,NA,1,1,"S","PARTNTID",NA,NA
"848",999,"ALLARM","ALLARM.MG2","04/18/2005","12:00:00","TDS.1","M1",2113,"CMC","NTWQM",2005-04-18 12:00:00,0.1,"ISM",1,"Water",NA,370,"MG/L",NA,NA,NA,NA,2,NA,1,1,"S","PARTNTID",NA,NA
"849",999,"ALLARM","ALLARM.LT8","03/22/2005","12:00:00","TDS.1","M1",2096,"CMC","NTWQM",2005-03-22 12:00:00,0.1,"ISM",1,"Water",NA,290,"MG/L",NA,NA,NA,NA,2,NA,1,1,"S","PARTNTID",NA,NA
"850",999,"ALLARM","ALLARM.LT10","04/18/2005","12:00:00","TDS.1","M1",2111,"CMC","NTWQM",2005-04-18 12:00:00,0.1,"ISM",1,"Water",NA,280,"MG/L",NA,NA,NA,NA,2,NA,1,1,"S","PARTNTID",NA,NA
"851",999,"ALLARM","ALLARM.LT3","01/26/2005","12:00:00","TDS.1","M1",2065,"CMC","NTWQM",2005-01-26 12:00:00,0.1,"ISM",1,"Water",NA,280,"MG/L",NA,NA,NA,NA,2,NA,1,1,"S","PARTNTID",NA,NA
"852",999,"ALLARM","ALLARM.MG1","02/28/2005","12:00:00","TDS.1","M1",2086,"CMC","NTWQM",2005-02-28 12:00:00,0.1,"ISM",1,"Water",NA,500,"MG/L",NA,NA,NA,NA,2,NA,1,1,"S","PARTNTID",NA,NA
"853",999,"ALLARM","ALLARM.LT7","01/26/2005","12:00:00","TDS.1","M1",2069,"CMC","NTWQM",2005-01-26 12:00:00,0.1,"ISM",1,"Water",NA,330,"MG/L",NA,NA,NA,NA,2,NA,1,1,"S","PARTNTID",NA,NA
"854",999,"ALLARM","ALLARM.MG1","07/27/2005","12:00:00","TDS.1","M1",2150,"CMC","NTWQM",2005-07-27 12:00:00,0.1,"ISM",1,"Water",NA,370,"MG/L",NA,NA,NA,NA,2,NA,1,1,"S","PARTNTID",NA,NA
"855",999,"ALLARM","ALLARM.LT9","10/19/2005","12:00:00","TDS.1","M1",2184,"CMC","NTWQM",2005-10-19 12:00:00,0.1,"ISM",1,"Water",NA,280,"MG/L",NA,NA,NA,NA,2,NA,1,1,"S","PARTNTID",NA,NA
"856",999,"ALLARM","ALLARM.LT10","05/02/2005","12:00:00","TDS.1","M1",2124,"CMC","NTWQM",2005-05-02 12:00:00,0.1,"ISM",1,"Water",NA,310,"MG/L",NA,NA,NA,NA,2,NA,1,1,"S","PARTNTID",NA,NA
"857",999,"ALLARM","ALLARM.LT3","02/28/2005","12:00:00","TDS.1","M1",2078,"CMC","NTWQM",2005-02-28 12:00:00,0.1,"ISM",1,"Water",NA,310,"MG/L",NA,NA,NA,NA,2,NA,1,1,"S","PARTNTID",NA,NA
"858",999,"ALLARM","ALLARM.MG2","01/26/2005","12:00:00","TDS.1","M1",2074,"CMC","NTWQM",2005-01-26 12:00:00,0.1,"ISM",1,"Water",NA,440,"MG/L",NA,NA,NA,NA,2,NA,1,1,"S","PARTNTID",NA,NA
"859",999,"ALLARM","ALLARM.MG1","01/26/2005","12:00:00","TDS.1","M1",2073,"CMC","NTWQM",2005-01-26 12:00:00,0.1,"ISM",1,"Water",NA,440,"MG/L",NA,NA,NA,NA,2,NA,1,1,"S","PARTNTID",NA,NA
"860",999,"ALLARM","ALLARM.LT4","11/16/2005","12:00:00","TDS.1","M1",2192,"CMC","NTWQM",2005-11-16 12:00:00,0.1,"ISM",1,"Water",NA,290,"MG/L",NA,NA,NA,NA,2,NA,1,1,"S","PARTNTID",NA,NA
"861",999,"ALLARM","ALLARM.LT10","08/10/2005","12:00:00","TDS.1","M1",2162,"CMC","NTWQM",2005-08-10 12:00:00,0.1,"ISM",1,"Water",NA,250,"MG/L",NA,NA,NA,NA,2,NA,1,1,"S","PARTNTID",NA,NA
"862",999,"ALLARM","ALLARM.LT8","12/01/2005","12:00:00","TDS.1","M1",2209,"CMC","NTWQM",2005-12-01 12:00:00,0.1,"ISM",1,"Water",NA,350,"MG/L",NA,NA,NA,NA,2,NA,1,1,"S","PARTNTID",NA,NA
"863",999,"ALLARM","ALLARM.LT3","03/22/2005","12:00:00","TDS.1","M1",2091,"CMC","NTWQM",2005-03-22 12:00:00,0.1,"ISM",1,"Water",NA,270,"MG/L",NA,NA,NA,NA,2,NA,1,1,"S","PARTNTID",NA,NA
"864",999,"ALLARM","ALLARM.WL","07/27/2005","12:00:00","TDS.1","M1",2152,"CMC","NTWQM",2005-07-27 12:00:00,0.1,"ISM",1,"Water",NA,370,"MG/L",NA,NA,NA,NA,2,NA,1,1,"S","PARTNTID",NA,NA
"865",999,"ALLARM","ALLARM.MG1","12/01/2005","12:00:00","TDS.1","M1",2212,"CMC","NTWQM",2005-12-01 12:00:00,0.1,"ISM",1,"Water",NA,410,"MG/L",NA,NA,NA,NA,2,NA,1,1,"S","PARTNTID",NA,NA
"866",999,"ALLARM","ALLARM.LT4","12/01/2005","12:00:00","TDS.1","M1",2205,"CMC","NTWQM",2005-12-01 12:00:00,0.1,"ISM",1,"Water",NA,310,"MG/L",NA,NA,NA,NA,2,NA,1,1,"S","PARTNTID",NA,NA
"867",999,"ALLARM","ALLARM.MG2","05/02/2005","12:00:00","TDS.1","M1",2126,"CMC","NTWQM",2005-05-02 12:00:00,0.1,"ISM",1,"Water",NA,410,"MG/L",NA,NA,NA,NA,2,NA,1,1,"S","PARTNTID",NA,NA
"868",999,"ALLARM","ALLARM.LT7","11/16/2005","12:00:00","TDS.1","M1",2195,"CMC","NTWQM",2005-11-16 12:00:00,0.1,"ISM",1,"Water",NA,320,"MG/L",NA,NA,NA,NA,2,NA,1,1,"S","PARTNTID",NA,NA
"869",999,"ALLARM","ALLARM.LT3","04/18/2005","12:00:00","TDS.1","M1",2104,"CMC","NTWQM",2005-04-18 12:00:00,0.1,"ISM",1,"Water",NA,220,"MG/L",NA,NA,NA,NA,2,NA,1,1,"S","PARTNTID",NA,NA
"870",999,"ALLARM","ALLARM.LT8","11/16/2005","12:00:00","TDS.1","M1",2196,"CMC","NTWQM",2005-11-16 12:00:00,0.1,"ISM",1,"Water",NA,340,"MG/L",NA,NA,NA,NA,2,NA,1,1,"S","PARTNTID",NA,NA
"871",999,"ALLARM","ALLARM.LT5","12/01/2005","12:00:00","TDS.1","M1",2206,"CMC","NTWQM",2005-12-01 12:00:00,0.1,"ISM",1,"Water",NA,310,"MG/L",NA,NA,NA,NA,2,NA,1,1,"S","PARTNTID",NA,NA
"872",999,"ALLARM","ALLARM.LT5","01/26/2005","12:00:00","TDS.1","M1",2067,"CMC","NTWQM",2005-01-26 12:00:00,0.1,"ISM",1,"Water",NA,300,"MG/L",NA,NA,NA,NA,2,NA,1,1,"S","PARTNTID",NA,NA
"873",999,"ALLARM","ALLARM.LT8","07/27/2005","12:00:00","TDS.1","M1",2147,"CMC","NTWQM",2005-07-27 12:00:00,0.1,"ISM",1,"Water",NA,240,"MG/L",NA,NA,NA,NA,2,NA,1,1,"S","PARTNTID",NA,NA
"874",999,"ALLARM","ALLARM.LT9","11/16/2005","12:00:00","TDS.1","M1",2197,"CMC","NTWQM",2005-11-16 12:00:00,0.1,"ISM",1,"Water",NA,360,"MG/L",NA,NA,NA,NA,2,NA,1,1,"S","PARTNTID",NA,NA
"875",999,"ALLARM","ALLARM.WL","02/28/2005","12:00:00","TDS.1","M1",2088,"CMC","NTWQM",2005-02-28 12:00:00,0.1,"ISM",1,"Water",NA,400,"MG/L",NA,NA,NA,NA,2,NA,1,1,"S","PARTNTID",NA,NA
"876",999,"ALLARM","ALLARM.LT6","10/19/2005","12:00:00","TDS.1","M1",2181,"CMC","NTWQM",2005-10-19 12:00:00,0.1,"ISM",1,"Water",NA,240,"MG/L",NA,NA,NA,NA,2,NA,1,1,"S","PARTNTID",NA,NA
"877",999,"ALLARM","ALLARM.LT8","10/19/2005","12:00:00","TDS.1","M1",2183,"CMC","NTWQM",2005-10-19 12:00:00,0.1,"ISM",1,"Water",NA,250,"MG/L",NA,NA,NA,NA,2,NA,1,1,"S","PARTNTID",NA,NA
"878",999,"ALLARM","ALLARM.LT5","11/16/2005","12:00:00","TDS.1","M1",2193,"CMC","NTWQM",2005-11-16 12:00:00,0.1,"ISM",1,"Water",NA,300,"MG/L",NA,NA,NA,NA,2,NA,1,1,"S","PARTNTID",NA,NA
"879",999,"ALLARM","ALLARM.MG2","07/27/2005","12:00:00","TDS.1","M1",2151,"CMC","NTWQM",2005-07-27 12:00:00,0.1,"ISM",1,"Water",NA,390,"MG/L",NA,NA,NA,NA,2,NA,1,1,"S","PARTNTID",NA,NA
"880",999,"ALLARM","ALLARM.LT9","12/01/2005","12:00:00","TDS.1","M1",2210,"CMC","NTWQM",2005-12-01 12:00:00,0.1,"ISM",1,"Water",NA,380,"MG/L",NA,NA,NA,NA,2,NA,1,1,"S","PARTNTID",NA,NA
"881",999,"ALLARM","ALLARM.LT5","10/19/2005","12:00:00","TDS.1","M1",2180,"CMC","NTWQM",2005-10-19 12:00:00,0.1,"ISM",1,"Water",NA,240,"MG/L",NA,NA,NA,NA,2,NA,1,1,"S","PARTNTID",NA,NA
"882",999,"ALLARM","ALLARM.LT9","01/26/2005","12:00:00","TDS.1","M1",2071,"CMC","NTWQM",2005-01-26 12:00:00,0.1,"ISM",1,"Water",NA,320,"MG/L",NA,NA,NA,NA,2,NA,1,1,"S","PARTNTID",NA,NA
"883",999,"ALLARM","ALLARM.WL","01/26/2005","12:00:00","TDS.1","M1",2075,"CMC","NTWQM",2005-01-26 12:00:00,0.1,"ISM",1,"Water",NA,440,"MG/L",NA,NA,NA,NA,2,NA,1,1,"S","PARTNTID",NA,NA
"884",999,"ALLARM","ALLARM.LT9","02/28/2005","12:00:00","TDS.1","M1",2084,"CMC","NTWQM",2005-02-28 12:00:00,0.1,"ISM",1,"Water",NA,320,"MG/L",NA,NA,NA,NA,2,NA,1,1,"S","PARTNTID",NA,NA
"885",999,"ALLARM","ALLARM.MG1","10/19/2005","12:00:00","TDS.1","M1",2186,"CMC","NTWQM",2005-10-19 12:00:00,0.1,"ISM",1,"Water",NA,410,"MG/L",NA,NA,NA,NA,2,NA,1,1,"S","PARTNTID",NA,NA
"886",999,"ALLARM","ALLARM.MG1","11/16/2005","12:00:00","TDS.1","M1",2199,"CMC","NTWQM",2005-11-16 12:00:00,0.1,"ISM",1,"Water",NA,400,"MG/L",NA,NA,NA,NA,2,NA,1,1,"S","PARTNTID",NA,NA
"887",999,"ALLARM","ALLARM.MG1","08/10/2005","12:00:00","TDS.1","M1",2163,"CMC","NTWQM",2005-08-10 12:00:00,0.1,"ISM",1,"Water",NA,400,"MG/L",NA,NA,NA,NA,2,NA,1,1,"S","PARTNTID",NA,NA
"888",999,"ALLARM","ALLARM.LT8","01/26/2005","12:00:00","TDS.1","M1",2070,"CMC","NTWQM",2005-01-26 12:00:00,0.1,"ISM",1,"Water",NA,320,"MG/L",NA,NA,NA,NA,2,NA,1,1,"S","PARTNTID",NA,NA
"889",999,"ALLARM","ALLARM.LT7","10/19/2005","12:00:00","TDS.1","M1",2182,"CMC","NTWQM",2005-10-19 12:00:00,0.1,"ISM",1,"Water",NA,250,"MG/L",NA,NA,NA,NA,2,NA,1,1,"S","PARTNTID",NA,NA
"890",999,"ALLARM","ALLARM.LT6","01/26/2005","12:00:00","TDS.1","M1",2068,"CMC","NTWQM",2005-01-26 12:00:00,0.1,"ISM",1,"Water",NA,310,"MG/L",NA,NA,NA,NA,2,NA,1,1,"S","PARTNTID",NA,NA
"891",999,"ALLARM","ALLARM.MG2","12/01/2005","12:00:00","TDS.1","M1",2213,"CMC","NTWQM",2005-12-01 12:00:00,0.1,"ISM",1,"Water",NA,350,"MG/L",NA,NA,NA,NA,2,NA,1,1,"S","PARTNTID",NA,NA
"892",999,"ALLARM","ALLARM.MG2","06/13/2005","12:00:00","TDS.1","M1",2139,"CMC","NTWQM",2005-06-13 12:00:00,0.1,"ISM",1,"Water",NA,370,"MG/L",NA,NA,NA,NA,2,NA,1,1,"S","PARTNTID",NA,NA
"893",999,"ALLARM","ALLARM.MG2","10/19/2005","12:00:00","TDS.1","M1",2187,"CMC","NTWQM",2005-10-19 12:00:00,0.1,"ISM",1,"Water",NA,310,"MG/L",NA,NA,NA,NA,2,NA,1,1,"S","PARTNTID",NA,NA
"894",999,"ALLARM","ALLARM.LT8","02/28/2005","12:00:00","TDS.1","M1",2083,"CMC","NTWQM",2005-02-28 12:00:00,0.1,"ISM",1,"Water",NA,330,"MG/L",NA,NA,NA,NA,2,NA,1,1,"S","PARTNTID",NA,NA
"895",999,"ALLARM","ALLARM.MG2","08/10/2005","12:00:00","TDS.1","M1",2164,"CMC","NTWQM",2005-08-10 12:00:00,0.1,"ISM",1,"Water",NA,400,"MG/L",NA,NA,NA,NA,2,NA,1,1,"S","PARTNTID",NA,NA
"896",999,"ALLARM","ALLARM.LT7","12/01/2005","12:00:00","TDS.1","M1",2208,"CMC","NTWQM",2005-12-01 12:00:00,0.1,"ISM",1,"Water",NA,330,"MG/L",NA,NA,NA,NA,2,NA,1,1,"S","PARTNTID",NA,NA
"897",999,"ALLARM","ALLARM.MG2","11/16/2005","12:00:00","TDS.1","M1",2200,"CMC","NTWQM",2005-11-16 12:00:00,0.1,"ISM",1,"Water",NA,300,"MG/L",NA,NA,NA,NA,2,NA,1,1,"S","PARTNTID",NA,NA
