"","paramMethod","SOURCE","STATION","SAMPLE_DATE","SAMPLE_TIME","paramCode","SAMPLE_ID","EventId","AGENCY","PROGRAM","DateTime","DEPTH","SAMPLE_TYPE","TIER","Matrix","QUALIFIER","VALUE","UNITS","PROBLEM","LAB","labName","modifiedDate","detLimit","qaFlag","COMMENTS","count.x","count.y","LAYER","PROJECT","SampleAnalyticalMethodIdentifier","SubstanceIdentificationName","errorCode","errorName"
"543",999,"GCWD","GCWD.MILCRE1.08","10/25/2016","12:00:00","TDS.1","M1",5471,"CMC","NTWQM",2016-10-25 12:00:00,0.1,"ISM",1,"Water",NA,60,"MG/L",NA,NA,NA,2018-03-01 14:51:59,NA,2,"",1,1,"S","PARTNTID",NA,NA,4,"sample does not have an associated bay program method code"
"544",999,"BCVM","BCVM.CAYCRE2.41","02/07/2016","12:00:00","TDS.1","M1",5404,"CMC","NTWQM",2016-02-07 12:00:00,0.1,"ISM",1,"Water",NA,110,"MG/L",NA,NA,NA,2018-03-01 14:51:40,NA,2,"",1,1,"S","PARTNTID",NA,NA,4,"sample does not have an associated bay program method code"
"545",999,"GCWD","GCWD.MILCRE1.08","11/08/2016","12:00:00","TDS.1","M1",5472,"CMC","NTWQM",2016-11-08 12:00:00,0.1,"ISM",1,"Water",NA,90,"MG/L",NA,NA,NA,2018-03-01 14:51:59,NA,2,"",1,1,"S","PARTNTID",NA,NA,4,"sample does not have an associated bay program method code"
"546",999,"BCVM","BCVM.CAYCRE2.41","09/26/2016","12:00:00","TDS.1","M1",5405,"CMC","NTWQM",2016-09-26 12:00:00,0.1,"ISM",1,"Water",NA,260,"MG/L",NA,NA,NA,2018-03-01 14:51:40,NA,2,"",1,1,"S","PARTNTID",NA,NA,4,"sample does not have an associated bay program method code"
"547",999,"GCWD","GCWD.MILCRE1.67","04/21/2016","12:00:00","TDS.1","M1",5454,"CMC","NTWQM",2016-04-21 12:00:00,0.1,"ISM",1,"Water",NA,100,"MG/L",NA,NA,NA,2018-03-01 14:51:58,NA,2,"",1,1,"S","PARTNTID",NA,NA,4,"sample does not have an associated bay program method code"
"548",999,"BCVM","BCVM.CAYCRE2.59","02/07/2016","12:00:00","TDS.1","M1",5403,"CMC","NTWQM",2016-02-07 12:00:00,0.1,"ISM",1,"Water",NA,110,"MG/L",NA,NA,NA,2018-03-01 14:51:40,NA,2,"",1,1,"S","PARTNTID",NA,NA,4,"sample does not have an associated bay program method code"
"549",999,"GCWD","GCWD.MILCRE1.67","07/22/2016","12:00:00","TDS.1","M1",5457,"CMC","NTWQM",2016-07-22 12:00:00,0.1,"ISM",1,"Water",NA,320,"MG/L",NA,NA,NA,2018-03-01 14:51:58,NA,2,"",1,1,"S","PARTNTID",NA,NA,4,"sample does not have an associated bay program method code"
"550",999,"HAWQS","HAWQS.EL2","12/13/2016","11:15:00","NO2NO3.4","M1",9220,"CMC","NTWQM",2016-12-13 11:15:00,0.3,"ISM",1,"Water",NA,39,"PPB",NA,NA,NA,2018-07-17 17:23:26,NA,2,"Coliscan sample did not gel properly.",1,1,"S","PARTNTID",NA,NA,4,"sample does not have an associated bay program method code"
"551",999,"GCWD","GCWD.MILCRE1.67","08/31/2016","12:00:00","TDS.1","M1",5456,"CMC","NTWQM",2016-08-31 12:00:00,0.1,"ISM",1,"Water",NA,340,"MG/L",NA,NA,NA,2018-03-01 14:51:58,NA,2,"",1,1,"S","PARTNTID",NA,NA,4,"sample does not have an associated bay program method code"
"552",999,"LRA","ALLARM.LT9","10/05/2016","15:30:00","NO3N.3","M1",570,"CMC","NTWQM",2016-10-05 15:30:00,0.3,"ISM",2,"Water",NA,3.5,"MG/L",NA,NA,NA,2017-10-10 11:49:10,NA,2,"",1,1,"S","PARTNTID",NA,NA,4,"sample does not have an associated bay program method code"
"553",999,"GCWD","GCWD.MILCRE1.67","09/17/2016","12:00:00","TDS.1","M1",5455,"CMC","NTWQM",2016-09-17 12:00:00,0.1,"ISM",1,"Water",NA,320,"MG/L",NA,NA,NA,2018-03-01 14:51:58,NA,2,"",1,1,"S","PARTNTID",NA,NA,4,"sample does not have an associated bay program method code"
"554",999,"HAWQS","HAWQS.HC1","05/09/2016","10:00:00","NO2NO3.4","M1",9205,"CMC","TWQM",2016-05-09 10:00:00,0.3,"ISM",1,"Water",NA,0,"PPB",NA,NA,NA,2018-07-17 16:13:33,NA,2,NA,1,1,"S","PARTTRIB",NA,NA,4,"sample does not have an associated bay program method code"
"555",999,"GCWD","GCWD.MILCRE1.67","10/25/2016","12:00:00","TDS.1","M1",5458,"CMC","NTWQM",2016-10-25 12:00:00,0.1,"ISM",1,"Water",NA,110,"MG/L",NA,NA,NA,2018-03-01 14:51:58,NA,2,"",1,1,"S","PARTNTID",NA,NA,4,"sample does not have an associated bay program method code"
"556",999,"LRA","ALLARM.LT6","08/15/2016","14:50:00","NO3N.3","M1",551,"CMC","NTWQM",2016-08-15 14:50:00,0.3,"ISM",2,"Water",NA,3.9,"MG/L",NA,NA,NA,2017-10-10 11:48:46,NA,2,"",1,1,"S","PARTNTID",NA,NA,4,"sample does not have an associated bay program method code"
"557",999,"GCWD","GCWD.MILCRE1.67","11/08/2016","12:00:00","TDS.1","M1",5459,"CMC","NTWQM",2016-11-08 12:00:00,0.1,"ISM",1,"Water",NA,100,"MG/L",NA,NA,NA,2018-03-01 14:51:58,NA,2,"",1,1,"S","PARTNTID",NA,NA,4,"sample does not have an associated bay program method code"
"558",999,"LRA","ALLARM.LT1","02/10/2016","13:52:00","NO3N.3","M1",518,"CMC","NTWQM",2016-02-10 13:52:00,0.3,"ISM",2,"Water",NA,4.8,"MG/L",NA,NA,NA,2017-10-10 11:48:09,NA,2,"",1,1,"S","PARTNTID",NA,NA,4,"sample does not have an associated bay program method code"
"559",999,"GCWD","GCWD.MILCRE2.32","04/21/2016","12:00:00","TDS.1","M1",5438,"CMC","NTWQM",2016-04-21 12:00:00,0.1,"ISM",1,"Water",NA,100,"MG/L",NA,NA,NA,2018-03-01 14:51:57,NA,2,"",1,1,"S","PARTNTID",NA,NA,4,"sample does not have an associated bay program method code"
"560",999,"LRA","ALLARM.LT9","11/30/2016","12:00:00","TDS.1","M1",571,"CMC","NTWQM",2016-11-30 12:00:00,0.3,"ISM",1,"Water",NA,420,"MG/L",NA,NA,NA,2017-10-10 11:49:12,NA,2,"",1,1,"S","PARTNTID",NA,NA,4,"sample does not have an associated bay program method code"
"561",999,"GCWD","GCWD.MILCRE2.32","06/03/2016","12:00:00","TDS.1","M1",5440,"CMC","NTWQM",2016-06-03 12:00:00,0.1,"ISM",1,"Water",NA,170,"MG/L",NA,NA,NA,2018-03-01 14:51:57,NA,2,"",1,1,"S","PARTNTID",NA,NA,4,"sample does not have an associated bay program method code"
"562",999,"LRA","ALLARM.LT7","10/05/2016","15:12:00","TDS.1","M1",558,"CMC","NTWQM",2016-10-05 15:12:00,0.3,"ISM",1,"Water",NA,440,"MG/L",NA,NA,NA,2017-10-10 11:48:55,NA,2,"",1,1,"S","PARTNTID",NA,NA,4,"sample does not have an associated bay program method code"
"563",999,"GCWD","GCWD.MILCRE2.32","07/22/2016","12:00:00","TDS.1","M1",5443,"CMC","NTWQM",2016-07-22 12:00:00,0.1,"ISM",1,"Water",NA,NA,"MG/L",NA,NA,NA,2018-03-01 14:51:57,NA,2,"",1,1,"S","PARTNTID",NA,NA,4,"sample does not have an associated bay program method code"
"564",999,"LRA","ALLARM.LT3","06/13/2016","12:00:00","TDS.1","M1",532,"CMC","NTWQM",2016-06-13 12:00:00,0.3,"ISM",1,"Water",NA,370,"MG/L",NA,NA,NA,2017-10-10 11:48:25,NA,2,"",1,1,"S","PARTNTID",NA,NA,4,"sample does not have an associated bay program method code"
"565",999,"GCWD","GCWD.MILCRE2.32","08/31/2016","12:00:00","TDS.1","M1",5442,"CMC","NTWQM",2016-08-31 12:00:00,0.1,"ISM",1,"Water",NA,220,"MG/L",NA,NA,NA,2018-03-01 14:51:57,NA,2,"",1,1,"S","PARTNTID",NA,NA,4,"sample does not have an associated bay program method code"
"566",999,"LRA","ALLARM.LT10","04/06/2016","15:25:00","TDS.1","M1",573,"CMC","NTWQM",2016-04-06 15:25:00,0.3,"ISM",1,"Water",NA,510,"MG/L",NA,NA,NA,2017-10-10 11:49:15,NA,2,"",1,1,"S","PARTNTID",NA,NA,4,"sample does not have an associated bay program method code"
"567",999,"GCWD","GCWD.MILCRE2.32","09/17/2016","12:00:00","TDS.1","M1",5441,"CMC","NTWQM",2016-09-17 12:00:00,0.1,"ISM",1,"Water",NA,NA,"MG/L",NA,NA,NA,2018-03-01 14:51:57,NA,2,"",1,1,"S","PARTNTID",NA,NA,4,"sample does not have an associated bay program method code"
"568",999,"LRA","ALLARM.LT1","04/06/2016","13:45:00","TDS.1","M1",519,"CMC","NTWQM",2016-04-06 13:45:00,0.3,"ISM",1,"Water",NA,400,"MG/L",NA,NA,NA,2017-10-10 11:48:11,NA,2,"",1,1,"S","PARTNTID",NA,NA,4,"sample does not have an associated bay program method code"
"569",999,"GCWD","GCWD.MILCRE2.32","10/25/2016","12:00:00","TDS.1","M1",5444,"CMC","NTWQM",2016-10-25 12:00:00,0.1,"ISM",1,"Water",NA,90,"MG/L",NA,NA,NA,2018-03-01 14:51:57,NA,2,"",1,1,"S","PARTNTID",NA,NA,4,"sample does not have an associated bay program method code"
"570",999,"LRA","ALLARM.LT3","08/15/2016","13:50:00","TDS.1","M1",533,"CMC","NTWQM",2016-08-15 13:50:00,0.3,"ISM",1,"Water",NA,390,"MG/L",NA,NA,NA,2017-10-10 11:48:26,NA,2,"",1,1,"S","PARTNTID",NA,NA,4,"sample does not have an associated bay program method code"
"571",999,"GCWD","GCWD.MILCRE2.32","11/08/2016","12:00:00","TDS.1","M1",5445,"CMC","NTWQM",2016-11-08 12:00:00,0.1,"ISM",1,"Water",NA,110,"MG/L",NA,NA,NA,2018-03-01 14:51:57,NA,2,"",1,1,"S","PARTNTID",NA,NA,4,"sample does not have an associated bay program method code"
"572",999,"LRA","ALLARM.LT1","06/13/2016","09:15:00","NO3N.3","M1",520,"CMC","NTWQM",2016-06-13 09:15:00,0.3,"ISM",2,"Water",NA,5.5,"MG/L",NA,NA,NA,2017-10-10 11:48:12,NA,2,"",1,1,"S","PARTNTID",NA,NA,4,"sample does not have an associated bay program method code"
"573",999,"LRA","ALLARM.LT10","06/13/2016","13:15:00","TDS.1","M1",574,"CMC","NTWQM",2016-06-13 13:15:00,0.3,"ISM",1,"Water",NA,460,"MG/L",NA,NA,NA,2017-10-10 11:49:17,NA,2,"",1,1,"S","PARTNTID",NA,NA,4,"sample does not have an associated bay program method code"
"574",999,"GCWD","GCWD.PHORUN4.36","02/04/2016","12:00:00","TDS.1","M1",5194,"CMC","NTWQM",2016-02-04 12:00:00,0.1,"ISM",1,"Water",NA,40,"MG/L",NA,NA,NA,2018-03-01 14:36:34,NA,2,"",1,2,"VP","PARTNTID",NA,NA,4,"sample does not have an associated bay program method code"
"575",999,"GCWD","GCWD.PHORUN4.36","02/04/2016","12:00:00","TDS.1","M1",5194,"CMC","NTWQM",2016-02-04 12:00:00,0.1,"ISM",1,"Water",NA,40,"MG/L",NA,NA,NA,2018-03-01 14:36:34,NA,2,"",1,2,"VP","PARTNTID",NA,NA,4,"sample does not have an associated bay program method code"
"576",999,"GCWD","GCWD.GENFOR10.77","03/07/2016","12:00:00","TDS.1","M1",4942,"CMC","NTWQM",2016-03-07 12:00:00,0.1,"ISM",1,"Water",NA,30,"MG/L",NA,NA,NA,2018-03-01 14:35:35,NA,2,"",1,2,"VP","PARTNTID",NA,NA,4,"sample does not have an associated bay program method code"
"577",999,"LRA","ALLARM.LT7","02/10/2016","15:00:00","TDS.1","M1",554,"CMC","NTWQM",2016-02-10 15:00:00,0.3,"ISM",1,"Water",NA,510,"MG/L",NA,NA,NA,2017-10-10 11:48:49,NA,2,"",1,1,"S","PARTNTID",NA,NA,4,"sample does not have an associated bay program method code"
"578",999,"GCWD","GCWD.PHORUN4.36","03/07/2016","12:00:00","TDS.1","M1",5195,"CMC","NTWQM",2016-03-07 12:00:00,0.1,"ISM",1,"Water",NA,40,"MG/L",NA,NA,NA,2018-03-01 14:36:35,NA,2,"",1,2,"VP","PARTNTID",NA,NA,4,"sample does not have an associated bay program method code"
"579",999,"GCWD","GCWD.PHORUN4.36","03/07/2016","12:00:00","TDS.1","M1",5195,"CMC","NTWQM",2016-03-07 12:00:00,0.1,"ISM",1,"Water",NA,40,"MG/L",NA,NA,NA,2018-03-01 14:36:35,NA,2,"",1,2,"VP","PARTNTID",NA,NA,4,"sample does not have an associated bay program method code"
"580",999,"GCWD","GCWD.GENFOR9.31","02/04/2016","12:00:00","TDS.1","M1",4948,"CMC","NTWQM",2016-02-04 12:00:00,0.1,"ISM",1,"Water",NA,30,"MG/L",NA,NA,NA,2018-03-01 14:35:37,NA,2,"",1,2,"VP","PARTNTID",NA,NA,4,"sample does not have an associated bay program method code"
"581",999,"GCWD","GCWD.PHORUN7.54","02/04/2016","12:00:00","TDS.1","M1",5220,"CMC","NTWQM",2016-02-04 12:00:00,0.1,"ISM",1,"Water",NA,40,"MG/L",NA,NA,NA,2018-03-01 14:36:42,NA,2,"",1,1,"S","PARTNTID",NA,NA,4,"sample does not have an associated bay program method code"
"582",999,"GCWD","GCWD.MILCRE1.08","09/17/2016","12:00:00","TDS.1","M1",5469,"CMC","NTWQM",2016-09-17 12:00:00,0.1,"ISM",1,"Water",NA,NA,"MG/L",NA,NA,NA,2018-03-01 14:51:59,NA,2,"",1,1,"S","PARTNTID",NA,NA,4,"sample does not have an associated bay program method code"
"583",999,"LRA","ALLARM.LT1","10/05/2016","14:00:00","NO3N.3","M1",522,"CMC","NTWQM",2016-10-05 14:00:00,0.3,"ISM",2,"Water",NA,4.15,"MG/L",NA,NA,NA,2017-10-10 11:48:14,NA,2,"",1,1,"S","PARTNTID",NA,NA,4,"sample does not have an associated bay program method code"
"584",999,"GCWD","GCWD.PHORUN7.54","03/07/2016","12:00:00","TDS.1","M1",5221,"CMC","NTWQM",2016-03-07 12:00:00,0.1,"ISM",1,"Water",NA,50,"MG/L",NA,NA,NA,2018-03-01 14:36:42,NA,2,"",1,2,"VP","PARTNTID",NA,NA,4,"sample does not have an associated bay program method code"
"585",999,"GCWD","GCWD.PHORUN7.54","03/07/2016","12:00:00","TDS.1","M1",5221,"CMC","NTWQM",2016-03-07 12:00:00,0.1,"ISM",1,"Water",NA,50,"MG/L",NA,NA,NA,2018-03-01 14:36:42,NA,2,"",1,2,"VP","PARTNTID",NA,NA,4,"sample does not have an associated bay program method code"
"586",999,"LRA","ALLARM.LT1","10/05/2016","14:00:00","TDS.1","M1",522,"CMC","NTWQM",2016-10-05 14:00:00,0.3,"ISM",1,"Water",NA,410,"MG/L",NA,NA,NA,2017-10-10 11:48:14,NA,2,"",1,1,"S","PARTNTID",NA,NA,4,"sample does not have an associated bay program method code"
"587",999,"LRA","ALLARM.LT4","02/10/2016","14:10:00","TDS.1","M1",536,"CMC","NTWQM",2016-02-10 14:10:00,0.3,"ISM",1,"Water",NA,430,"MG/L",NA,NA,NA,2017-10-10 11:48:29,NA,2,"",1,1,"S","PARTNTID",NA,NA,4,"sample does not have an associated bay program method code"
"588",999,"GCWD","GCWD.UNTPHORUN0.05TEMP","02/04/2016","12:00:00","TDS.1","M1",5369,"CMC","NTWQM",2016-02-04 12:00:00,0.1,"ISM",1,"Water",NA,20,"MG/L",NA,NA,NA,2018-03-01 14:37:27,NA,2,"",1,2,"VP","PARTNTID",NA,NA,4,"sample does not have an associated bay program method code"
"589",999,"GCWD","GCWD.UNTPHORUN0.05TEMP","02/04/2016","12:00:00","TDS.1","M1",5369,"CMC","NTWQM",2016-02-04 12:00:00,0.1,"ISM",1,"Water",NA,20,"MG/L",NA,NA,NA,2018-03-01 14:37:27,NA,2,"",1,2,"VP","PARTNTID",NA,NA,4,"sample does not have an associated bay program method code"
"590",999,"LRA","ALLARM.LT5","04/06/2016","14:20:00","TDS.1","M1",543,"CMC","NTWQM",2016-04-06 14:20:00,0.3,"ISM",1,"Water",NA,400,"MG/L",NA,NA,NA,2017-10-10 11:48:37,NA,2,"",1,1,"S","PARTNTID",NA,NA,4,"sample does not have an associated bay program method code"
"591",999,"LRA","ALLARM.LT4","04/06/2016","14:05:00","NO3N.3","M1",537,"CMC","NTWQM",2016-04-06 14:05:00,0.3,"ISM",2,"Water",NA,4.45,"MG/L",NA,NA,NA,2017-10-10 11:48:30,NA,2,"",1,1,"S","PARTNTID",NA,NA,4,"sample does not have an associated bay program method code"
"592",999,"GCWD","GCWD.UNTPHORUN0.05TEMP","03/07/2016","12:00:00","TDS.1","M1",5370,"CMC","NTWQM",2016-03-07 12:00:00,0.1,"ISM",1,"Water",NA,20,"MG/L",NA,NA,NA,2018-03-01 14:37:27,NA,2,"",1,2,"VP","PARTNTID",NA,NA,4,"sample does not have an associated bay program method code"
"593",999,"GCWD","GCWD.UNTPHORUN0.05TEMP","03/07/2016","12:00:00","TDS.1","M1",5370,"CMC","NTWQM",2016-03-07 12:00:00,0.1,"ISM",1,"Water",NA,20,"MG/L",NA,NA,NA,2018-03-01 14:37:27,NA,2,"",1,2,"VP","PARTNTID",NA,NA,4,"sample does not have an associated bay program method code"
"594",999,"LRA","ALLARM.LT4","04/06/2016","14:05:00","TDS.1","M1",537,"CMC","NTWQM",2016-04-06 14:05:00,0.3,"ISM",1,"Water",NA,400,"MG/L",NA,NA,NA,2017-10-10 11:48:30,NA,2,"",1,1,"S","PARTNTID",NA,NA,4,"sample does not have an associated bay program method code"
"595",999,"HAWQS","HAWQS.EL1","03/21/2016","15:55:00","NO2NO3.4","M1",9200,"CMC","NTWQM",2016-03-21 15:55:00,0.3,"ISM",1,"Water",NA,38,"PPB",NA,NA,NA,2018-11-15 20:21:10,NA,2,"Mary Sandkam also monitored- 1 hour",1,1,"S","PARTNTID",NA,NA,4,"sample does not have an associated bay program method code"
"596",999,"LRA","ALLARM.LT10","02/10/2016","15:30:00","NO3N.3","M1",572,"CMC","NTWQM",2016-02-10 15:30:00,0.3,"ISM",2,"Water",NA,3.5,"MG/L",NA,NA,NA,2017-10-10 11:49:14,NA,2,"",1,1,"S","PARTNTID",NA,NA,4,"sample does not have an associated bay program method code"
"597",999,"LRA","ALLARM.LT7","08/15/2016","15:00:00","TDS.1","M1",557,"CMC","NTWQM",2016-08-15 15:00:00,0.3,"ISM",1,"Water",NA,400,"MG/L",NA,NA,NA,2017-10-10 11:48:54,NA,2,"",1,1,"S","PARTNTID",NA,NA,4,"sample does not have an associated bay program method code"
"598",999,"LRA","ALLARM.LT4","06/13/2016","12:00:00","NO3N.3","M1",538,"CMC","NTWQM",2016-06-13 12:00:00,0.3,"ISM",2,"Water",NA,5.1,"MG/L",NA,NA,NA,2017-10-10 11:48:31,NA,2,"",1,1,"S","PARTNTID",NA,NA,4,"sample does not have an associated bay program method code"
"599",999,"GCWD","GCWD.BEEFLARUN0.12","04/21/2016","12:00:00","TDS.1","M1",4679,"CMC","NTWQM",2016-04-21 12:00:00,0.1,"ISM",1,"Water",NA,10,"MG/L",NA,NA,NA,2018-03-01 14:35:03,NA,2,"",1,2,"VP","PARTNTID",NA,NA,4,"sample does not have an associated bay program method code"
"600",999,"GCWD","GCWD.BEEFLARUN0.12","04/21/2016","12:00:00","TDS.1","M1",4679,"CMC","NTWQM",2016-04-21 12:00:00,0.1,"ISM",1,"Water",NA,10,"MG/L",NA,NA,NA,2018-03-01 14:35:03,NA,2,"",1,2,"VP","PARTNTID",NA,NA,4,"sample does not have an associated bay program method code"
"601",999,"LRA","ALLARM.LT4","06/13/2016","12:00:00","TDS.1","M1",538,"CMC","NTWQM",2016-06-13 12:00:00,0.3,"ISM",1,"Water",NA,370,"MG/L",NA,NA,NA,2017-10-10 11:48:31,NA,2,"",1,1,"S","PARTNTID",NA,NA,4,"sample does not have an associated bay program method code"
"602",999,"LRA","ALLARM.LT2","04/06/2016","13:30:00","TDS.1","M1",525,"CMC","NTWQM",2016-04-06 13:30:00,0.3,"ISM",1,"Water",NA,380,"MG/L",NA,NA,NA,2017-10-10 11:48:17,NA,2,"",1,1,"S","PARTNTID",NA,NA,4,"sample does not have an associated bay program method code"
"603",999,"GCWD","GCWD.CALCRE0.11","02/04/2016","12:00:00","TDS.1","M1",4760,"CMC","NTWQM",2016-02-04 12:00:00,0.1,"ISM",1,"Water",NA,50,"MG/L",NA,NA,NA,2018-03-01 14:35:08,NA,2,"",1,2,"VP","PARTNTID",NA,NA,4,"sample does not have an associated bay program method code"
"604",999,"GCWD","GCWD.CALCRE0.11","02/04/2016","12:00:00","TDS.1","M1",4760,"CMC","NTWQM",2016-02-04 12:00:00,0.1,"ISM",1,"Water",NA,50,"MG/L",NA,NA,NA,2018-03-01 14:35:08,NA,2,"",1,2,"VP","PARTNTID",NA,NA,4,"sample does not have an associated bay program method code"
"605",999,"LRA","ALLARM.LT5","10/05/2016","14:45:00","NO3N.3","M1",546,"CMC","NTWQM",2016-10-05 14:45:00,0.3,"ISM",2,"Water",NA,3.5,"MG/L",NA,NA,NA,2017-10-10 11:48:40,NA,2,"",1,1,"S","PARTNTID",NA,NA,4,"sample does not have an associated bay program method code"
"606",999,"GCWD","GCWD.LONRUN4.13","04/20/2016","12:00:00","TDS.1","M1",5424,"CMC","NTWQM",2016-04-20 12:00:00,0.1,"ISM",1,"Water",NA,60,"MG/L",NA,NA,NA,2018-03-01 14:51:55,NA,2,"",1,1,"S","PARTNTID",NA,NA,4,"sample does not have an associated bay program method code"
"607",999,"GCWD","GCWD.CALCRE0.11","03/07/2016","12:00:00","TDS.1","M1",4761,"CMC","NTWQM",2016-03-07 12:00:00,0.1,"ISM",1,"Water",NA,40,"MG/L",NA,NA,NA,2018-03-01 14:35:08,NA,2,"",1,2,"VP","PARTNTID",NA,NA,4,"sample does not have an associated bay program method code"
"608",999,"GCWD","GCWD.CALCRE0.11","03/07/2016","12:00:00","TDS.1","M1",4761,"CMC","NTWQM",2016-03-07 12:00:00,0.1,"ISM",1,"Water",NA,40,"MG/L",NA,NA,NA,2018-03-01 14:35:08,NA,2,"",1,2,"VP","PARTNTID",NA,NA,4,"sample does not have an associated bay program method code"
"609",999,"LRA","ALLARM.LT4","10/05/2016","14:22:00","NO3N.3","M1",540,"CMC","NTWQM",2016-10-05 14:22:00,0.3,"ISM",2,"Water",NA,3.35,"MG/L",NA,NA,NA,2017-10-10 11:48:34,NA,2,"",1,1,"S","PARTNTID",NA,NA,4,"sample does not have an associated bay program method code"
"610",999,"LRA","ALLARM.LT10","06/13/2016","13:15:00","NO3N.3","M1",574,"CMC","NTWQM",2016-06-13 13:15:00,0.3,"ISM",2,"Water",NA,4.4,"MG/L",NA,NA,NA,2017-10-10 11:49:17,NA,2,"",1,1,"S","PARTNTID",NA,NA,4,"sample does not have an associated bay program method code"
"611",999,"GCWD","GCWD.GENFOR10.77","02/04/2016","12:00:00","TDS.1","M1",4941,"CMC","NTWQM",2016-02-04 12:00:00,0.1,"ISM",1,"Water",NA,30,"MG/L",NA,NA,NA,2018-03-01 14:35:35,NA,2,"",1,2,"VP","PARTNTID",NA,NA,4,"sample does not have an associated bay program method code"
"612",999,"GCWD","GCWD.GENFOR10.77","02/04/2016","12:00:00","TDS.1","M1",4941,"CMC","NTWQM",2016-02-04 12:00:00,0.1,"ISM",1,"Water",NA,30,"MG/L",NA,NA,NA,2018-03-01 14:35:35,NA,2,"",1,2,"VP","PARTNTID",NA,NA,4,"sample does not have an associated bay program method code"
"613",999,"LRA","ALLARM.LT3","10/05/2016","13:45:00","NO3N.3","M1",534,"CMC","NTWQM",2016-10-05 13:45:00,0.3,"ISM",2,"Water",NA,4.25,"MG/L",NA,NA,NA,2017-10-10 11:48:27,NA,2,"",1,1,"S","PARTNTID",NA,NA,4,"sample does not have an associated bay program method code"
"614",999,"LRA","ALLARM.LT4","11/30/2016","12:00:00","NO3N.3","M1",541,"CMC","NTWQM",2016-11-30 12:00:00,0.3,"ISM",2,"Water",NA,4,"MG/L",NA,NA,NA,2017-10-10 11:48:35,NA,2,"",1,1,"S","PARTNTID",NA,NA,4,"sample does not have an associated bay program method code"
"615",999,"GCWD","GCWD.GENFOR10.77","03/07/2016","12:00:00","TDS.1","M1",4942,"CMC","NTWQM",2016-03-07 12:00:00,0.1,"ISM",1,"Water",NA,30,"MG/L",NA,NA,NA,2018-03-01 14:35:35,NA,2,"",1,2,"VP","PARTNTID",NA,NA,4,"sample does not have an associated bay program method code"
"616",999,"GCWD","GCWD.MILCRE1.08","04/21/2016","12:00:00","TDS.1","M1",5467,"CMC","NTWQM",2016-04-21 12:00:00,0.1,"ISM",1,"Water",NA,100,"MG/L",NA,NA,NA,2018-03-01 14:51:59,NA,2,"",1,1,"S","PARTNTID",NA,NA,4,"sample does not have an associated bay program method code"
"617",999,"LRA","ALLARM.LT4","11/30/2016","12:00:00","TDS.1","M1",541,"CMC","NTWQM",2016-11-30 12:00:00,0.3,"ISM",1,"Water",NA,390,"MG/L",NA,NA,NA,2017-10-10 11:48:35,NA,2,"",1,1,"S","PARTNTID",NA,NA,4,"sample does not have an associated bay program method code"
"618",999,"GCWD","GCWD.MILCRE1.08","07/22/2016","12:00:00","TDS.1","M1",5470,"CMC","NTWQM",2016-07-22 12:00:00,0.1,"ISM",1,"Water",NA,NA,"MG/L",NA,NA,NA,2018-03-01 14:51:59,NA,2,"",1,1,"S","PARTNTID",NA,NA,4,"sample does not have an associated bay program method code"
"619",999,"GCWD","GCWD.GENFOR9.31","02/04/2016","12:00:00","TDS.1","M1",4948,"CMC","NTWQM",2016-02-04 12:00:00,0.1,"ISM",1,"Water",NA,30,"MG/L",NA,NA,NA,2018-03-01 14:35:37,NA,2,"",1,2,"VP","PARTNTID",NA,NA,4,"sample does not have an associated bay program method code"
"620",999,"GCWD","GCWD.MILCRE1.08","08/31/2016","12:00:00","TDS.1","M1",5468,"CMC","NTWQM",2016-08-31 12:00:00,0.1,"ISM",1,"Water",NA,NA,"MG/L",NA,NA,NA,2018-03-01 14:51:59,NA,2,"",1,1,"S","PARTNTID",NA,NA,4,"sample does not have an associated bay program method code"
"621",999,"LRA","ALLARM.LT10","10/05/2016","15:38:00","NO3N.3","M1",576,"CMC","NTWQM",2016-10-05 15:38:00,0.3,"ISM",2,"Water",NA,3.35,"MG/L",NA,NA,NA,2017-10-10 11:49:19,NA,2,"",1,1,"S","PARTNTID",NA,NA,4,"sample does not have an associated bay program method code"
"622",999,"LRA","ALLARM.LT1","08/15/2016","13:15:00","TDS.1","M1",521,"CMC","NTWQM",2016-08-15 13:15:00,0.3,"ISM",1,"Water",NA,390,"MG/L",NA,NA,NA,2017-10-10 11:48:13,NA,2,"",1,1,"S","PARTNTID",NA,NA,4,"sample does not have an associated bay program method code"
"623",999,"GCWD","GCWD.GENFOR9.31","03/07/2016","12:00:00","TDS.1","M1",4949,"CMC","NTWQM",2016-03-07 12:00:00,0.1,"ISM",1,"Water",NA,30,"MG/L",NA,NA,NA,2018-03-01 14:35:37,NA,2,"",1,2,"VP","PARTNTID",NA,NA,4,"sample does not have an associated bay program method code"
"624",999,"GCWD","GCWD.GENFOR9.31","03/07/2016","12:00:00","TDS.1","M1",4949,"CMC","NTWQM",2016-03-07 12:00:00,0.1,"ISM",1,"Water",NA,30,"MG/L",NA,NA,NA,2018-03-01 14:35:37,NA,2,"",1,2,"VP","PARTNTID",NA,NA,4,"sample does not have an associated bay program method code"
"625",999,"LRA","ALLARM.LT2","11/30/2016","13:12:00","TDS.1","M1",529,"CMC","NTWQM",2016-11-30 13:12:00,0.3,"ISM",1,"Water",NA,380,"MG/L",NA,NA,NA,2017-10-10 11:48:22,NA,2,"",1,1,"S","PARTNTID",NA,NA,4,"sample does not have an associated bay program method code"
"626",999,"LRA","ALLARM.LT10","11/30/2016","12:00:00","NO3N.3","M1",577,"CMC","NTWQM",2016-11-30 12:00:00,0.3,"ISM",2,"Water",NA,2.8,"MG/L",NA,NA,NA,2017-10-10 11:49:21,NA,2,"",1,1,"S","PARTNTID",NA,NA,4,"sample does not have an associated bay program method code"
"627",999,"GCWD","GCWD.GENFOR9.31","04/21/2016","12:00:00","TDS.1","M1",4950,"CMC","NTWQM",2016-04-21 12:00:00,0.1,"ISM",1,"Water",NA,30,"MG/L",NA,NA,NA,2018-03-01 14:35:37,NA,2,"",1,2,"VP","PARTNTID",NA,NA,4,"sample does not have an associated bay program method code"
"628",999,"GCWD","GCWD.GENFOR9.31","04/21/2016","12:00:00","TDS.1","M1",4950,"CMC","NTWQM",2016-04-21 12:00:00,0.1,"ISM",1,"Water",NA,30,"MG/L",NA,NA,NA,2018-03-01 14:35:37,NA,2,"",1,2,"VP","PARTNTID",NA,NA,4,"sample does not have an associated bay program method code"
"629",999,"LRA","ALLARM.LT10","11/30/2016","12:00:00","TDS.1","M1",577,"CMC","NTWQM",2016-11-30 12:00:00,0.3,"ISM",1,"Water",NA,450,"MG/L",NA,NA,NA,2017-10-10 11:49:21,NA,2,"",1,1,"S","PARTNTID",NA,NA,4,"sample does not have an associated bay program method code"
"630",999,"LRA","ALLARM.LT1","11/30/2016","13:10:00","NO3N.3","M1",523,"CMC","NTWQM",2016-11-30 13:10:00,0.3,"ISM",2,"Water",NA,4.6,"MG/L",NA,NA,NA,2017-11-09 14:42:03,NA,2,"",1,1,"S","PARTNTID",NA,NA,4,"sample does not have an associated bay program method code"
"631",999,"GCWD","GCWD.LAURUN0.06","02/04/2016","12:00:00","TDS.1","M1",5083,"CMC","NTWQM",2016-02-04 12:00:00,0.1,"ISM",1,"Water",NA,30,"MG/L",NA,NA,NA,2018-03-01 14:36:05,NA,2,"",1,2,"VP","PARTNTID",NA,NA,4,"sample does not have an associated bay program method code"
"632",999,"GCWD","GCWD.LAURUN0.06","02/04/2016","12:00:00","TDS.1","M1",5083,"CMC","NTWQM",2016-02-04 12:00:00,0.1,"ISM",1,"Water",NA,30,"MG/L",NA,NA,NA,2018-03-01 14:36:05,NA,2,"",1,2,"VP","PARTNTID",NA,NA,4,"sample does not have an associated bay program method code"
"633",999,"LRA","ALLARM.LT8","08/15/2016","15:18:00","TDS.1","M1",563,"CMC","NTWQM",2016-08-15 15:18:00,0.3,"ISM",1,"Water",NA,440,"MG/L",NA,NA,NA,2017-10-10 11:49:01,NA,2,"",1,1,"S","PARTNTID",NA,NA,4,"sample does not have an associated bay program method code"
"634",999,"LRA","ALLARM.LT5","06/13/2016","12:00:00","NO3N.3","M1",544,"CMC","NTWQM",2016-06-13 12:00:00,0.3,"ISM",2,"Water",NA,5.1,"MG/L",NA,NA,NA,2017-10-10 11:48:38,NA,2,"",1,1,"S","PARTNTID",NA,NA,4,"sample does not have an associated bay program method code"
"635",999,"GCWD","GCWD.LAURUN0.06","03/07/2016","12:00:00","TDS.1","M1",5084,"CMC","NTWQM",2016-03-07 12:00:00,0.1,"ISM",1,"Water",NA,30,"MG/L",NA,NA,NA,2018-03-01 14:36:05,NA,2,"",1,2,"VP","PARTNTID",NA,NA,4,"sample does not have an associated bay program method code"
"636",999,"GCWD","GCWD.LAURUN0.06","03/07/2016","12:00:00","TDS.1","M1",5084,"CMC","NTWQM",2016-03-07 12:00:00,0.1,"ISM",1,"Water",NA,30,"MG/L",NA,NA,NA,2018-03-01 14:36:05,NA,2,"",1,2,"VP","PARTNTID",NA,NA,4,"sample does not have an associated bay program method code"
"637",999,"LRA","ALLARM.LT5","06/13/2016","12:00:00","TDS.1","M1",544,"CMC","NTWQM",2016-06-13 12:00:00,0.3,"ISM",1,"Water",NA,360,"MG/L",NA,NA,NA,2017-10-10 11:48:38,NA,2,"",1,1,"S","PARTNTID",NA,NA,4,"sample does not have an associated bay program method code"
"638",999,"LRA","ALLARM.LT8","10/05/2016","15:21:00","TDS.1","M1",564,"CMC","NTWQM",2016-10-05 15:21:00,0.3,"ISM",1,"Water",NA,440,"MG/L",NA,NA,NA,2017-10-10 11:49:02,NA,2,"",1,1,"S","PARTNTID",NA,NA,4,"sample does not have an associated bay program method code"
"639",999,"GCWD","GCWD.LITPHORUN0.02","02/04/2016","12:00:00","TDS.1","M1",5112,"CMC","NTWQM",2016-02-04 12:00:00,0.1,"ISM",1,"Water",NA,40,"MG/L",NA,NA,NA,2018-03-01 14:36:12,NA,2,"",1,2,"VP","PARTNTID",NA,NA,4,"sample does not have an associated bay program method code"
"640",999,"GCWD","GCWD.LITPHORUN0.02","02/04/2016","12:00:00","TDS.1","M1",5112,"CMC","NTWQM",2016-02-04 12:00:00,0.1,"ISM",1,"Water",NA,40,"MG/L",NA,NA,NA,2018-03-01 14:36:12,NA,2,"",1,2,"VP","PARTNTID",NA,NA,4,"sample does not have an associated bay program method code"
"641",999,"LRA","ALLARM.LT8","11/30/2016","12:00:00","NO3N.3","M1",565,"CMC","NTWQM",2016-11-30 12:00:00,0.3,"ISM",2,"Water",NA,2.9,"MG/L",NA,NA,NA,2017-10-10 11:49:03,NA,2,"",1,1,"S","PARTNTID",NA,NA,4,"sample does not have an associated bay program method code"
"642",999,"LRA","ALLARM.LT1","02/10/2016","13:52:00","TDS.1","M1",518,"CMC","NTWQM",2016-02-10 13:52:00,0.3,"ISM",1,"Water",NA,420,"MG/L",NA,NA,NA,2017-10-10 11:48:09,NA,2,"",1,1,"S","PARTNTID",NA,NA,4,"sample does not have an associated bay program method code"
"643",999,"GCWD","GCWD.LITPHORUN0.02","03/07/2016","12:00:00","TDS.1","M1",5113,"CMC","NTWQM",2016-03-07 12:00:00,0.1,"ISM",1,"Water",NA,50,"MG/L",NA,NA,NA,2018-03-01 14:36:13,NA,2,"",1,2,"VP","PARTNTID",NA,NA,4,"sample does not have an associated bay program method code"
"644",999,"GCWD","GCWD.LITPHORUN0.02","03/07/2016","12:00:00","TDS.1","M1",5113,"CMC","NTWQM",2016-03-07 12:00:00,0.1,"ISM",1,"Water",NA,50,"MG/L",NA,NA,NA,2018-03-01 14:36:13,NA,2,"",1,2,"VP","PARTNTID",NA,NA,4,"sample does not have an associated bay program method code"
"645",999,"LRA","ALLARM.LT6","10/05/2016","14:57:00","TDS.1","M1",552,"CMC","NTWQM",2016-10-05 14:57:00,0.3,"ISM",1,"Water",NA,390,"MG/L",NA,NA,NA,2017-10-10 11:48:47,NA,2,"",1,1,"S","PARTNTID",NA,NA,4,"sample does not have an associated bay program method code"
"646",999,"LRA","ALLARM.LT1","04/06/2016","13:45:00","NO3N.3","M1",519,"CMC","NTWQM",2016-04-06 13:45:00,0.3,"ISM",2,"Water",NA,4.25,"MG/L",NA,NA,NA,2017-10-10 11:48:11,NA,2,"",1,1,"S","PARTNTID",NA,NA,4,"sample does not have an associated bay program method code"
"647",999,"HAWQS","HAWQS.EL2","06/12/2016","11:00:00","NO2NO3.4","M1",9208,"CMC","NTWQM",2016-06-12 11:00:00,0.3,"ISM",1,"Water",NA,5,"PPB",NA,NA,NA,2018-07-17 16:26:26,NA,2,NA,1,1,"S","PARTNTID",NA,NA,4,"sample does not have an associated bay program method code"
"648",999,"GCWD","GCWD.LONRUN4.13","07/22/2016","12:00:00","TDS.1","M1",5426,"CMC","NTWQM",2016-07-22 12:00:00,0.1,"ISM",1,"Water",NA,100,"MG/L",NA,NA,NA,2018-03-01 14:51:56,NA,2,"",1,1,"S","PARTNTID",NA,NA,4,"sample does not have an associated bay program method code"
"649",999,"LRA","ALLARM.LT2","06/13/2016","12:00:00","TDS.1","M1",526,"CMC","NTWQM",2016-06-13 12:00:00,0.3,"ISM",1,"Water",NA,370,"MG/L",NA,NA,NA,2017-10-10 11:48:18,NA,2,"",1,1,"S","PARTNTID",NA,NA,4,"sample does not have an associated bay program method code"
"650",999,"GCWD","GCWD.LONRUN4.13","08/31/2016","12:00:00","TDS.1","M1",5425,"CMC","NTWQM",2016-08-31 12:00:00,0.1,"ISM",1,"Water",NA,120,"MG/L",NA,NA,NA,2018-03-01 14:51:56,NA,2,"",1,1,"S","PARTNTID",NA,NA,4,"sample does not have an associated bay program method code"
"651",999,"HAWQS","HAWQS.EL2","07/10/2016","11:24:00","NO2NO3.4","M1",9210,"CMC","NTWQM",2016-07-10 11:24:00,0.3,"ISM",1,"Water",NA,0,"PPB",NA,NA,NA,2018-07-17 16:33:04,NA,2,NA,1,1,"S","PARTNTID",NA,NA,4,"sample does not have an associated bay program method code"
"652",999,"GCWD","GCWD.LONRUN4.13","09/27/2016","12:00:00","TDS.1","M1",5427,"CMC","NTWQM",2016-09-27 12:00:00,0.1,"ISM",1,"Water",NA,120,"MG/L",NA,NA,NA,2018-03-01 14:51:56,NA,2,"",1,1,"S","PARTNTID",NA,NA,4,"sample does not have an associated bay program method code"
"653",999,"LRA","ALLARM.LT4","10/05/2016","14:22:00","TDS.1","M1",540,"CMC","NTWQM",2016-10-05 14:22:00,0.3,"ISM",1,"Water",NA,420,"MG/L",NA,NA,NA,2017-10-10 11:48:34,NA,2,"",1,1,"S","PARTNTID",NA,NA,4,"sample does not have an associated bay program method code"
"654",999,"GCWD","GCWD.LONRUN4.13","10/25/2016","12:00:00","TDS.1","M1",5428,"CMC","NTWQM",2016-10-25 12:00:00,0.1,"ISM",1,"Water",NA,70,"MG/L",NA,NA,NA,2018-03-01 14:51:56,NA,2,"",1,1,"S","PARTNTID",NA,NA,4,"sample does not have an associated bay program method code"
"655",999,"HAWQS","HAWQS.EL2","08/18/2016","12:00:00","NO2NO3.4","M1",9212,"CMC","NTWQM",2016-08-18 12:00:00,0.3,"ISM",1,"Water",NA,6,"PPB",NA,NA,NA,2018-07-17 16:47:03,NA,2,NA,1,1,"S","PARTNTID",NA,NA,4,"sample does not have an associated bay program method code"
"656",999,"LRA","ALLARM.LT1","06/13/2016","09:15:00","TDS.1","M1",520,"CMC","NTWQM",2016-06-13 09:15:00,0.3,"ISM",1,"Water",NA,400,"MG/L",NA,NA,NA,2017-10-10 11:48:12,NA,2,"",1,1,"S","PARTNTID",NA,NA,4,"sample does not have an associated bay program method code"
"657",999,"LRA","ALLARM.LT2","10/05/2016","13:55:00","NO3N.3","M1",528,"CMC","NTWQM",2016-10-05 13:55:00,0.3,"ISM",2,"Water",NA,4.25,"MG/L",NA,NA,NA,2017-10-10 11:48:21,NA,2,"",1,1,"S","PARTNTID",NA,NA,4,"sample does not have an associated bay program method code"
"658",999,"LRA","ALLARM.LT8","04/06/2016","15:10:00","NO3N.3","M1",561,"CMC","NTWQM",2016-04-06 15:10:00,0.3,"ISM",2,"Water",NA,4.6,"MG/L",NA,NA,NA,2017-10-10 11:48:58,NA,2,"",1,1,"S","PARTNTID",NA,NA,4,"sample does not have an associated bay program method code"
"659",999,"HAWQS","HAWQS.EL2","09/13/2016","19:00:00","NO2NO3.4","M1",9214,"CMC","NTWQM",2016-09-13 19:00:00,0.3,"ISM",1,"Water",NA,50,"PPB",NA,NA,NA,2018-07-17 16:59:39,NA,2,NA,1,1,"S","PARTNTID",NA,NA,4,"sample does not have an associated bay program method code"
"660",999,"HAWQS","HAWQS.EL1","09/12/2016","10:30:00","NO2NO3.4","M1",9213,"CMC","NTWQM",2016-09-12 10:30:00,0.3,"ISM",1,"Water",NA,4,"PPB",NA,NA,NA,2018-07-17 16:56:58,NA,2,NA,1,1,"S","PARTNTID",NA,NA,4,"sample does not have an associated bay program method code"
"661",999,"LRA","ALLARM.LT5","02/10/2016","14:30:00","NO3N.3","M1",542,"CMC","NTWQM",2016-02-10 14:30:00,0.3,"ISM",2,"Water",NA,4.8,"MG/L",NA,NA,NA,2017-10-10 11:48:35,NA,2,"",1,1,"S","PARTNTID",NA,NA,4,"sample does not have an associated bay program method code"
"662",999,"LRA","ALLARM.LT8","04/06/2016","15:10:00","TDS.1","M1",561,"CMC","NTWQM",2016-04-06 15:10:00,0.3,"ISM",1,"Water",NA,460,"MG/L",NA,NA,NA,2017-10-10 11:48:58,NA,2,"",1,1,"S","PARTNTID",NA,NA,4,"sample does not have an associated bay program method code"
"663",999,"HAWQS","HAWQS.EL2","10/10/2016","11:25:00","NO2NO3.4","M1",9215,"CMC","NTWQM",2016-10-10 11:25:00,0.3,"ISM",1,"Water",NA,12,"PPB",NA,NA,NA,2018-07-17 17:02:16,NA,2,NA,1,1,"S","PARTNTID",NA,NA,4,"sample does not have an associated bay program method code"
"664",999,"LRA","ALLARM.LT6","04/06/2016","14:50:00","NO3N.3","M1",549,"CMC","NTWQM",2016-04-06 14:50:00,0.3,"ISM",2,"Water",NA,4.55,"MG/L",NA,NA,NA,2017-10-10 11:48:44,NA,2,"",1,1,"S","PARTNTID",NA,NA,4,"sample does not have an associated bay program method code"
"665",999,"LRA","ALLARM.LT4","02/10/2016","14:10:00","NO3N.3","M1",536,"CMC","NTWQM",2016-02-10 14:10:00,0.3,"ISM",2,"Water",NA,4.7,"MG/L",NA,NA,NA,2017-10-10 11:48:29,NA,2,"",1,1,"S","PARTNTID",NA,NA,4,"sample does not have an associated bay program method code"
"666",999,"LRA","ALLARM.LT9","06/13/2016","12:00:00","TDS.1","M1",568,"CMC","NTWQM",2016-06-13 12:00:00,0.3,"ISM",1,"Water",NA,440,"MG/L",NA,NA,NA,2017-10-10 11:49:07,NA,2,"",1,1,"S","PARTNTID",NA,NA,4,"sample does not have an associated bay program method code"
"667",999,"HAWQS","HAWQS.EL2","11/14/2016","11:25:00","NO2NO3.4","M1",9218,"CMC","NTWQM",2016-11-14 11:25:00,0.3,"ISM",1,"Water",NA,5,"PPB",NA,NA,NA,2018-07-17 17:14:07,NA,2,"Testing was taken at edge of lake at entrance to bridge since bridge was closed due to construction.",1,1,"S","PARTNTID",NA,NA,4,"sample does not have an associated bay program method code"
"668",999,"LRA","ALLARM.LT3","02/10/2016","13:35:00","NO3N.3","M1",530,"CMC","NTWQM",2016-02-10 13:35:00,0.3,"ISM",2,"Water",NA,4.7,"MG/L",NA,NA,NA,2017-10-10 11:48:22,NA,2,"",1,1,"S","PARTNTID",NA,NA,4,"sample does not have an associated bay program method code"
"669",999,"LRA","ALLARM.LT7","06/13/2016","12:00:00","NO3N.3","M1",556,"CMC","NTWQM",2016-06-13 12:00:00,0.3,"ISM",2,"Water",NA,4.5,"MG/L",NA,NA,NA,2017-10-10 11:48:52,NA,2,"",1,1,"S","PARTNTID",NA,NA,4,"sample does not have an associated bay program method code"
"670",999,"LRA","ALLARM.LT8","06/13/2016","12:00:00","TDS.1","M1",562,"CMC","NTWQM",2016-06-13 12:00:00,0.3,"ISM",1,"Water",NA,440,"MG/L",NA,NA,NA,2017-10-10 11:48:59,NA,2,"",1,1,"S","PARTNTID",NA,NA,4,"sample does not have an associated bay program method code"
"671",999,"LRA","ALLARM.LT3","02/10/2016","13:35:00","TDS.1","M1",530,"CMC","NTWQM",2016-02-10 13:35:00,0.3,"ISM",1,"Water",NA,430,"MG/L",NA,NA,NA,2017-10-10 11:48:22,NA,2,"",1,1,"S","PARTNTID",NA,NA,4,"sample does not have an associated bay program method code"
"672",999,"LRA","ALLARM.LT7","06/13/2016","12:00:00","TDS.1","M1",556,"CMC","NTWQM",2016-06-13 12:00:00,0.3,"ISM",1,"Water",NA,420,"MG/L",NA,NA,NA,2017-10-10 11:48:52,NA,2,"",1,1,"S","PARTNTID",NA,NA,4,"sample does not have an associated bay program method code"
"673",999,"LRA","ALLARM.LT1","11/30/2016","13:10:00","TDS.1","M1",523,"CMC","NTWQM",2016-11-30 13:10:00,0.3,"ISM",1,"Water",NA,380,"MG/L",NA,NA,NA,2017-11-09 14:42:03,NA,2,"",1,1,"S","PARTNTID",NA,NA,4,"sample does not have an associated bay program method code"
"674",999,"LRA","ALLARM.LT6","06/13/2016","12:00:00","TDS.1","M1",550,"CMC","NTWQM",2016-06-13 12:00:00,0.3,"ISM",1,"Water",NA,390,"MG/L",NA,NA,NA,2017-10-10 11:48:45,NA,2,"",1,1,"S","PARTNTID",NA,NA,4,"sample does not have an associated bay program method code"
"675",999,"LRA","ALLARM.LT3","04/06/2016","13:20:00","NO3N.3","M1",531,"CMC","NTWQM",2016-04-06 13:20:00,0.3,"ISM",2,"Water",NA,4.95,"MG/L",NA,NA,NA,2017-10-10 11:48:24,NA,2,"",1,1,"S","PARTNTID",NA,NA,4,"sample does not have an associated bay program method code"
"676",999,"LRA","ALLARM.LT9","10/05/2016","15:30:00","TDS.1","M1",570,"CMC","NTWQM",2016-10-05 15:30:00,0.3,"ISM",1,"Water",NA,480,"MG/L",NA,NA,NA,2017-10-10 11:49:10,NA,2,"",1,1,"S","PARTNTID",NA,NA,4,"sample does not have an associated bay program method code"
"677",999,"LRA","ALLARM.LT2","02/10/2016","13:47:00","TDS.1","M1",524,"CMC","NTWQM",2016-02-10 13:47:00,0.3,"ISM",1,"Water",NA,370,"MG/L",NA,NA,NA,2017-10-10 11:48:16,NA,2,"",1,1,"S","PARTNTID",NA,NA,4,"sample does not have an associated bay program method code"
"678",999,"LRA","ALLARM.LT3","04/06/2016","13:20:00","TDS.1","M1",531,"CMC","NTWQM",2016-04-06 13:20:00,0.3,"ISM",1,"Water",NA,390,"MG/L",NA,NA,NA,2017-10-10 11:48:24,NA,2,"",1,1,"S","PARTNTID",NA,NA,4,"sample does not have an associated bay program method code"
"679",999,"LRA","ALLARM.LT9","11/30/2016","12:00:00","NO3N.3","M1",571,"CMC","NTWQM",2016-11-30 12:00:00,0.3,"ISM",2,"Water",NA,2.7,"MG/L",NA,NA,NA,2017-10-10 11:49:12,NA,2,"",1,1,"S","PARTNTID",NA,NA,4,"sample does not have an associated bay program method code"
"680",999,"LRA","ALLARM.LT6","08/15/2016","14:50:00","TDS.1","M1",551,"CMC","NTWQM",2016-08-15 14:50:00,0.3,"ISM",1,"Water",NA,400,"MG/L",NA,NA,NA,2017-10-10 11:48:46,NA,2,"",1,1,"S","PARTNTID",NA,NA,4,"sample does not have an associated bay program method code"
"681",999,"LRA","ALLARM.LT5","08/15/2016","14:30:00","NO3N.3","M1",545,"CMC","NTWQM",2016-08-15 14:30:00,0.3,"ISM",2,"Water",NA,4.4,"MG/L",NA,NA,NA,2017-10-10 11:48:39,NA,2,"",1,1,"S","PARTNTID",NA,NA,4,"sample does not have an associated bay program method code"
"682",999,"LRA","ALLARM.LT7","10/05/2016","15:12:00","NO3N.3","M1",558,"CMC","NTWQM",2016-10-05 15:12:00,0.3,"ISM",2,"Water",NA,3.3,"MG/L",NA,NA,NA,2017-10-10 11:48:55,NA,2,"",1,1,"S","PARTNTID",NA,NA,4,"sample does not have an associated bay program method code"
"683",999,"LRA","ALLARM.LT3","06/13/2016","12:00:00","NO3N.3","M1",532,"CMC","NTWQM",2016-06-13 12:00:00,0.3,"ISM",2,"Water",NA,5.1,"MG/L",NA,NA,NA,2017-10-10 11:48:25,NA,2,"",1,1,"S","PARTNTID",NA,NA,4,"sample does not have an associated bay program method code"
"684",999,"HAWQS","HAWQS.EL1","05/09/2016","08:52:00","NO2NO3.4","M1",9204,"CMC","NTWQM",2016-05-09 08:52:00,0.3,"ISM",1,"Water",NA,5,"PPB",NA,NA,NA,2018-07-17 16:08:55,NA,2,NA,1,1,"S","PARTNTID",NA,NA,4,"sample does not have an associated bay program method code"
"685",999,"LRA","ALLARM.LT4","08/15/2016","14:15:00","NO3N.3","M1",539,"CMC","NTWQM",2016-08-15 14:15:00,0.3,"ISM",2,"Water",NA,4,"MG/L",NA,NA,NA,2017-10-10 11:48:33,NA,2,"",1,1,"S","PARTNTID",NA,NA,4,"sample does not have an associated bay program method code"
"686",999,"LRA","ALLARM.LT7","11/30/2016","12:00:00","NO3N.3","M1",559,"CMC","NTWQM",2016-11-30 12:00:00,0.3,"ISM",2,"Water",NA,2.2,"MG/L",NA,NA,NA,2017-10-10 11:48:56,NA,2,"",1,1,"S","PARTNTID",NA,NA,4,"sample does not have an associated bay program method code"
"687",999,"LRA","ALLARM.LT2","06/13/2016","12:00:00","NO3N.3","M1",526,"CMC","NTWQM",2016-06-13 12:00:00,0.3,"ISM",2,"Water",NA,5.6,"MG/L",NA,NA,NA,2017-10-10 11:48:18,NA,2,"",1,1,"S","PARTNTID",NA,NA,4,"sample does not have an associated bay program method code"
"688",999,"LRA","ALLARM.LT3","08/15/2016","13:50:00","NO3N.3","M1",533,"CMC","NTWQM",2016-08-15 13:50:00,0.3,"ISM",2,"Water",NA,4.3,"MG/L",NA,NA,NA,2017-10-10 11:48:26,NA,2,"",1,1,"S","PARTNTID",NA,NA,4,"sample does not have an associated bay program method code"
"689",999,"LRA","ALLARM.LT5","10/05/2016","14:45:00","TDS.1","M1",546,"CMC","NTWQM",2016-10-05 14:45:00,0.3,"ISM",1,"Water",NA,400,"MG/L",NA,NA,NA,2017-10-10 11:48:40,NA,2,"",1,1,"S","PARTNTID",NA,NA,4,"sample does not have an associated bay program method code"
"690",999,"LRA","ALLARM.LT9","02/10/2016","15:18:00","NO3N.3","M1",566,"CMC","NTWQM",2016-02-10 15:18:00,0.3,"ISM",2,"Water",NA,3.4,"MG/L",NA,NA,NA,2017-10-10 11:49:04,NA,2,"",1,1,"S","PARTNTID",NA,NA,4,"sample does not have an associated bay program method code"
"691",999,"LRA","ALLARM.LT6","11/30/2016","12:00:00","TDS.1","M1",553,"CMC","NTWQM",2016-11-30 12:00:00,0.3,"ISM",1,"Water",NA,120,"MG/L",NA,NA,NA,2017-10-10 11:48:48,NA,2,"",1,1,"S","PARTNTID",NA,NA,4,"sample does not have an associated bay program method code"
"692",999,"HAWQS","HAWQS.EL1","07/10/2016","13:20:00","NO2NO3.4","M1",9209,"CMC","NTWQM",2016-07-10 13:20:00,0.3,"ISM",1,"Water",NA,40,"PPB",NA,NA,NA,2018-07-17 16:30:00,NA,2,NA,1,1,"S","PARTNTID",NA,NA,4,"sample does not have an associated bay program method code"
"693",999,"LRA","ALLARM.LT2","08/15/2016","13:25:00","NO3N.3","M1",527,"CMC","NTWQM",2016-08-15 13:25:00,0.3,"ISM",2,"Water",NA,4.5,"MG/L",NA,NA,NA,2017-10-10 11:48:20,NA,2,"",1,1,"S","PARTNTID",NA,NA,4,"sample does not have an associated bay program method code"
"694",999,"LRA","ALLARM.LT8","02/10/2016","15:10:00","TDS.1","M1",560,"CMC","NTWQM",2016-02-10 15:10:00,0.3,"ISM",1,"Water",NA,490,"MG/L",NA,NA,NA,2017-10-10 11:48:57,NA,2,"",1,1,"S","PARTNTID",NA,NA,4,"sample does not have an associated bay program method code"
"695",999,"LRA","ALLARM.LT7","02/10/2016","15:00:00","NO3N.3","M1",554,"CMC","NTWQM",2016-02-10 15:00:00,0.3,"ISM",2,"Water",NA,4.1,"MG/L",NA,NA,NA,2017-10-10 11:48:49,NA,2,"",1,1,"S","PARTNTID",NA,NA,4,"sample does not have an associated bay program method code"
"696",999,"HAWQS","HAWQS.EL1","08/18/2016","10:30:00","NO2NO3.4","M1",9211,"CMC","NTWQM",2016-08-18 10:30:00,0.3,"ISM",1,"Water",NA,0,"PPB",NA,NA,NA,2018-07-17 16:38:25,NA,2,"Coliscan sample did not gel properly.",1,1,"S","PARTNTID",NA,NA,4,"sample does not have an associated bay program method code"
"697",999,"LRA","ALLARM.LT10","08/15/2016","15:46:00","NO3N.3","M1",575,"CMC","NTWQM",2016-08-15 15:46:00,0.3,"ISM",2,"Water",NA,3.1,"MG/L",NA,NA,NA,2017-10-10 11:49:18,NA,2,"",1,1,"S","PARTNTID",NA,NA,4,"sample does not have an associated bay program method code"
"698",999,"LRA","ALLARM.LT6","02/10/2016","14:45:00","NO3N.3","M1",548,"CMC","NTWQM",2016-02-10 14:45:00,0.3,"ISM",2,"Water",NA,4.5,"MG/L",NA,NA,NA,2017-10-10 11:48:42,NA,2,"",1,1,"S","PARTNTID",NA,NA,4,"sample does not have an associated bay program method code"
"699",999,"LRA","ALLARM.LT1","08/15/2016","13:15:00","NO3N.3","M1",521,"CMC","NTWQM",2016-08-15 13:15:00,0.3,"ISM",2,"Water",NA,4,"MG/L",NA,NA,NA,2017-10-10 11:48:13,NA,2,"",1,1,"S","PARTNTID",NA,NA,4,"sample does not have an associated bay program method code"
"700",999,"LRA","ALLARM.LT3","11/30/2016","12:00:00","NO3N.3","M1",535,"CMC","NTWQM",2016-11-30 12:00:00,0.3,"ISM",2,"Water",NA,4.5,"MG/L",NA,NA,NA,2017-10-10 11:48:28,NA,2,"",1,1,"S","PARTNTID",NA,NA,4,"sample does not have an associated bay program method code"
"701",999,"LRA","ALLARM.LT2","10/05/2016","13:55:00","TDS.1","M1",528,"CMC","NTWQM",2016-10-05 13:55:00,0.3,"ISM",1,"Water",NA,360,"MG/L",NA,NA,NA,2017-10-10 11:48:21,NA,2,"",1,1,"S","PARTNTID",NA,NA,4,"sample does not have an associated bay program method code"
"702",999,"LRA","ALLARM.LT6","02/10/2016","14:45:00","TDS.1","M1",548,"CMC","NTWQM",2016-02-10 14:45:00,0.3,"ISM",1,"Water",NA,450,"MG/L",NA,NA,NA,2017-10-10 11:48:42,NA,2,"",1,1,"S","PARTNTID",NA,NA,4,"sample does not have an associated bay program method code"
"703",999,"LRA","ALLARM.LT2","11/30/2016","13:12:00","NO3N.3","M1",529,"CMC","NTWQM",2016-11-30 13:12:00,0.3,"ISM",2,"Water",NA,3.5,"MG/L",NA,NA,NA,2017-10-10 11:48:22,NA,2,"",1,1,"S","PARTNTID",NA,NA,4,"sample does not have an associated bay program method code"
"704",999,"HAWQS","HAWQS.EL1","10/10/2016","10:45:00","NO2NO3.4","M1",9216,"CMC","NTWQM",2016-10-10 10:45:00,0.3,"ISM",1,"Water",NA,14,"PPB",NA,NA,NA,2018-07-17 17:05:53,NA,2,NA,1,1,"S","PARTNTID",NA,NA,4,"sample does not have an associated bay program method code"
"705",999,"LRA","ALLARM.LT10","10/05/2016","15:38:00","TDS.1","M1",576,"CMC","NTWQM",2016-10-05 15:38:00,0.3,"ISM",1,"Water",NA,490,"MG/L",NA,NA,NA,2017-10-10 11:49:19,NA,2,"",1,1,"S","PARTNTID",NA,NA,4,"sample does not have an associated bay program method code"
"706",999,"LRA","ALLARM.LT7","04/06/2016","15:00:00","TDS.1","M1",555,"CMC","NTWQM",2016-04-06 15:00:00,0.3,"ISM",1,"Water",NA,440,"MG/L",NA,NA,NA,2017-10-10 11:48:51,NA,2,"",1,1,"S","PARTNTID",NA,NA,4,"sample does not have an associated bay program method code"
"707",999,"HAWQS","HAWQS.EL1","04/10/2016","12:45:00","NO2NO3.4","M1",9202,"CMC","NTWQM",2016-04-10 12:45:00,0.3,"ISM",1,"Water",NA,0,"PPB",NA,NA,NA,2018-07-17 16:00:13,NA,2,NA,1,1,"S","PARTNTID",NA,NA,4,"sample does not have an associated bay program method code"
"708",999,"HAWQS","HAWQS.EL1","11/14/2016","14:30:00","NO2NO3.4","M1",9217,"CMC","NTWQM",2016-11-14 14:30:00,0.3,"ISM",1,"Water",NA,7,"PPB",NA,NA,NA,2018-07-17 17:10:31,NA,2,NA,1,1,"S","PARTNTID",NA,NA,4,"sample does not have an associated bay program method code"
"709",999,"LRA","ALLARM.LT9","08/15/2016","15:34:00","NO3N.3","M1",569,"CMC","NTWQM",2016-08-15 15:34:00,0.3,"ISM",2,"Water",NA,3.1,"MG/L",NA,NA,NA,2017-10-10 11:49:09,NA,2,"",1,1,"S","PARTNTID",NA,NA,4,"sample does not have an associated bay program method code"
"710",999,"LRA","ALLARM.LT2","08/15/2016","13:25:00","TDS.1","M1",527,"CMC","NTWQM",2016-08-15 13:25:00,0.3,"ISM",1,"Water",NA,350,"MG/L",NA,NA,NA,2017-10-10 11:48:20,NA,2,"",1,1,"S","PARTNTID",NA,NA,4,"sample does not have an associated bay program method code"
"711",999,"LRA","ALLARM.LT8","08/15/2016","15:18:00","NO3N.3","M1",563,"CMC","NTWQM",2016-08-15 15:18:00,0.3,"ISM",2,"Water",NA,3.4,"MG/L",NA,NA,NA,2017-10-10 11:49:01,NA,2,"",1,1,"S","PARTNTID",NA,NA,4,"sample does not have an associated bay program method code"
"712",999,"HAWQS","HAWQS.EL1","12/12/2016","15:30:00","NO2NO3.4","M1",9219,"CMC","NTWQM",2016-12-12 15:30:00,0.3,"ISM",1,"Water",NA,2,"PPB",NA,NA,NA,2018-07-17 17:19:24,NA,2,NA,1,1,"S","PARTNTID",NA,NA,4,"sample does not have an associated bay program method code"
"713",999,"LRA","ALLARM.LT2","02/10/2016","13:47:00","NO3N.3","M1",524,"CMC","NTWQM",2016-02-10 13:47:00,0.3,"ISM",2,"Water",NA,4.9,"MG/L",NA,NA,NA,2017-10-10 11:48:16,NA,2,"",1,1,"S","PARTNTID",NA,NA,4,"sample does not have an associated bay program method code"
"714",999,"LRA","ALLARM.LT9","08/15/2016","15:34:00","TDS.1","M1",569,"CMC","NTWQM",2016-08-15 15:34:00,0.3,"ISM",1,"Water",NA,440,"MG/L",NA,NA,NA,2017-10-10 11:49:09,NA,2,"",1,1,"S","PARTNTID",NA,NA,4,"sample does not have an associated bay program method code"
"715",999,"LRA","ALLARM.LT7","08/15/2016","15:00:00","NO3N.3","M1",557,"CMC","NTWQM",2016-08-15 15:00:00,0.3,"ISM",2,"Water",NA,3.4,"MG/L",NA,NA,NA,2017-10-10 11:48:54,NA,2,"",1,1,"S","PARTNTID",NA,NA,4,"sample does not have an associated bay program method code"
"716",999,"HAWQS","HAWQS.EL2","03/20/2016","10:00:00","NO2NO3.4","M1",9201,"CMC","NTWQM",2016-03-20 10:00:00,0.3,"ISM",1,"Water",NA,35,"PPB",NA,NA,NA,2018-07-17 15:42:57,NA,2,NA,1,1,"S","PARTNTID",NA,NA,4,"sample does not have an associated bay program method code"
"717",999,"LRA","ALLARM.LT7","11/30/2016","12:00:00","TDS.1","M1",559,"CMC","NTWQM",2016-11-30 12:00:00,0.3,"ISM",1,"Water",NA,220,"MG/L",NA,NA,NA,2017-10-10 11:48:56,NA,2,"",1,1,"S","PARTNTID",NA,NA,4,"sample does not have an associated bay program method code"
"718",999,"LRA","ALLARM.LT8","10/05/2016","15:21:00","NO3N.3","M1",564,"CMC","NTWQM",2016-10-05 15:21:00,0.3,"ISM",2,"Water",NA,3.3,"MG/L",NA,NA,NA,2017-10-10 11:49:02,NA,2,"",1,1,"S","PARTNTID",NA,NA,4,"sample does not have an associated bay program method code"
"719",999,"LRA","ALLARM.LT5","11/30/2016","12:00:00","NO3N.3","M1",547,"CMC","NTWQM",2016-11-30 12:00:00,0.3,"ISM",2,"Water",NA,3.9,"MG/L",NA,NA,NA,2017-10-10 11:48:41,NA,2,"",1,1,"S","PARTNTID",NA,NA,4,"sample does not have an associated bay program method code"
"720",999,"LRA","ALLARM.LT9","02/10/2016","15:18:00","TDS.1","M1",566,"CMC","NTWQM",2016-02-10 15:18:00,0.3,"ISM",1,"Water",NA,520,"MG/L",NA,NA,NA,2017-10-10 11:49:04,NA,2,"",1,1,"S","PARTNTID",NA,NA,4,"sample does not have an associated bay program method code"
"721",999,"LRA","ALLARM.LT10","02/10/2016","15:30:00","TDS.1","M1",572,"CMC","NTWQM",2016-02-10 15:30:00,0.3,"ISM",1,"Water",NA,800,"MG/L",NA,NA,NA,2017-10-10 11:49:14,NA,2,"",1,1,"S","PARTNTID",NA,NA,4,"sample does not have an associated bay program method code"
"722",999,"LRA","ALLARM.LT5","11/30/2016","12:00:00","TDS.1","M1",547,"CMC","NTWQM",2016-11-30 12:00:00,0.3,"ISM",1,"Water",NA,370,"MG/L",NA,NA,NA,2017-10-10 11:48:41,NA,2,"",1,1,"S","PARTNTID",NA,NA,4,"sample does not have an associated bay program method code"
"723",999,"LRA","ALLARM.LT5","04/06/2016","14:20:00","NO3N.3","M1",543,"CMC","NTWQM",2016-04-06 14:20:00,0.3,"ISM",2,"Water",NA,4.2,"MG/L",NA,NA,NA,2017-10-10 11:48:37,NA,2,"",1,1,"S","PARTNTID",NA,NA,4,"sample does not have an associated bay program method code"
"724",999,"HAWQS","HAWQS.EL2","05/09/2016","14:45:00","NO2NO3.4","M1",9206,"CMC","NTWQM",2016-05-09 14:45:00,0.3,"ISM",1,"Water",NA,20,"PPB",NA,NA,NA,2018-07-17 16:17:22,NA,2,NA,1,1,"S","PARTNTID",NA,NA,4,"sample does not have an associated bay program method code"
"725",999,"LRA","ALLARM.LT8","11/30/2016","12:00:00","TDS.1","M1",565,"CMC","NTWQM",2016-11-30 12:00:00,0.3,"ISM",1,"Water",NA,190,"MG/L",NA,NA,NA,2017-10-10 11:49:03,NA,2,"",1,1,"S","PARTNTID",NA,NA,4,"sample does not have an associated bay program method code"
"726",999,"LRA","ALLARM.LT9","04/06/2016","15:15:00","TDS.1","M1",567,"CMC","NTWQM",2016-04-06 15:15:00,0.3,"ISM",1,"Water",NA,480,"MG/L",NA,NA,NA,2017-10-10 11:49:06,NA,2,"",1,1,"S","PARTNTID",NA,NA,4,"sample does not have an associated bay program method code"
"727",999,"LRA","ALLARM.LT5","08/15/2016","14:30:00","TDS.1","M1",545,"CMC","NTWQM",2016-08-15 14:30:00,0.3,"ISM",1,"Water",NA,390,"MG/L",NA,NA,NA,2017-10-10 11:48:39,NA,2,"",1,1,"S","PARTNTID",NA,NA,4,"sample does not have an associated bay program method code"
"728",999,"HAWQS","HAWQS.EL1","06/12/2016","09:30:00","NO2NO3.4","M1",9207,"CMC","NTWQM",2016-06-12 09:30:00,0.3,"ISM",1,"Water",NA,12,"PPB",NA,NA,NA,2018-07-17 16:22:03,NA,2,NA,1,1,"S","PARTNTID",NA,NA,4,"sample does not have an associated bay program method code"
"729",999,"LRA","ALLARM.LT6","11/30/2016","12:00:00","NO3N.3","M1",553,"CMC","NTWQM",2016-11-30 12:00:00,0.3,"ISM",2,"Water",NA,1.8,"MG/L",NA,NA,NA,2017-10-10 11:48:48,NA,2,"",1,1,"S","PARTNTID",NA,NA,4,"sample does not have an associated bay program method code"
"730",999,"LRA","ALLARM.LT3","11/30/2016","12:00:00","TDS.1","M1",535,"CMC","NTWQM",2016-11-30 12:00:00,0.3,"ISM",1,"Water",NA,390,"MG/L",NA,NA,NA,2017-10-10 11:48:28,NA,2,"",1,1,"S","PARTNTID",NA,NA,4,"sample does not have an associated bay program method code"
"731",999,"LRA","ALLARM.LT8","02/10/2016","15:10:00","NO3N.3","M1",560,"CMC","NTWQM",2016-02-10 15:10:00,0.3,"ISM",2,"Water",NA,4.3,"MG/L",NA,NA,NA,2017-10-10 11:48:57,NA,2,"",1,1,"S","PARTNTID",NA,NA,4,"sample does not have an associated bay program method code"
"732",999,"LRA","ALLARM.LT5","02/10/2016","14:30:00","TDS.1","M1",542,"CMC","NTWQM",2016-02-10 14:30:00,0.3,"ISM",1,"Water",NA,430,"MG/L",NA,NA,NA,2017-10-10 11:48:35,NA,2,"",1,1,"S","PARTNTID",NA,NA,4,"sample does not have an associated bay program method code"
"733",999,"LRA","ALLARM.LT8","06/13/2016","12:00:00","NO3N.3","M1",562,"CMC","NTWQM",2016-06-13 12:00:00,0.3,"ISM",2,"Water",NA,4.1,"MG/L",NA,NA,NA,2017-10-10 11:48:59,NA,2,"",1,1,"S","PARTNTID",NA,NA,4,"sample does not have an associated bay program method code"
"734",999,"HAWQS","HAWQS.EL2","04/10/2016","15:54:00","NO2NO3.4","M1",9203,"CMC","NTWQM",2016-04-10 15:54:00,0.3,"ISM",1,"Water",NA,2,"PPB",NA,NA,NA,2018-07-17 16:04:25,NA,2,NA,1,1,"S","PARTNTID",NA,NA,4,"sample does not have an associated bay program method code"
"735",999,"LRA","ALLARM.LT6","04/06/2016","14:50:00","TDS.1","M1",549,"CMC","NTWQM",2016-04-06 14:50:00,0.3,"ISM",1,"Water",NA,410,"MG/L",NA,NA,NA,2017-10-10 11:48:44,NA,2,"",1,1,"S","PARTNTID",NA,NA,4,"sample does not have an associated bay program method code"
"736",999,"LRA","ALLARM.LT9","06/13/2016","12:00:00","NO3N.3","M1",568,"CMC","NTWQM",2016-06-13 12:00:00,0.3,"ISM",2,"Water",NA,4.2,"MG/L",NA,NA,NA,2017-10-10 11:49:07,NA,2,"",1,1,"S","PARTNTID",NA,NA,4,"sample does not have an associated bay program method code"
"737",999,"LRA","ALLARM.LT3","10/05/2016","13:45:00","TDS.1","M1",534,"CMC","NTWQM",2016-10-05 13:45:00,0.3,"ISM",1,"Water",NA,400,"MG/L",NA,NA,NA,2017-10-10 11:48:27,NA,2,"",1,1,"S","PARTNTID",NA,NA,4,"sample does not have an associated bay program method code"
"738",999,"LRA","ALLARM.LT6","10/05/2016","14:57:00","NO3N.3","M1",552,"CMC","NTWQM",2016-10-05 14:57:00,0.3,"ISM",2,"Water",NA,3.35,"MG/L",NA,NA,NA,2017-10-10 11:48:47,NA,2,"",1,1,"S","PARTNTID",NA,NA,4,"sample does not have an associated bay program method code"
"739",999,"LRA","ALLARM.LT6","06/13/2016","12:00:00","NO3N.3","M1",550,"CMC","NTWQM",2016-06-13 12:00:00,0.3,"ISM",2,"Water",NA,5.2,"MG/L",NA,NA,NA,2017-10-10 11:48:45,NA,2,"",1,1,"S","PARTNTID",NA,NA,4,"sample does not have an associated bay program method code"
"740",999,"LRA","ALLARM.LT2","04/06/2016","13:30:00","NO3N.3","M1",525,"CMC","NTWQM",2016-04-06 13:30:00,0.3,"ISM",2,"Water",NA,4.05,"MG/L",NA,NA,NA,2017-10-10 11:48:17,NA,2,"",1,1,"S","PARTNTID",NA,NA,4,"sample does not have an associated bay program method code"
"741",999,"LRA","ALLARM.LT10","08/15/2016","15:46:00","TDS.1","M1",575,"CMC","NTWQM",2016-08-15 15:46:00,0.3,"ISM",1,"Water",NA,440,"MG/L",NA,NA,NA,2017-10-10 11:49:18,NA,2,"",1,1,"S","PARTNTID",NA,NA,4,"sample does not have an associated bay program method code"
"742",999,"LRA","ALLARM.LT4","08/15/2016","14:15:00","TDS.1","M1",539,"CMC","NTWQM",2016-08-15 14:15:00,0.3,"ISM",1,"Water",NA,380,"MG/L",NA,NA,NA,2017-10-10 11:48:33,NA,2,"",1,1,"S","PARTNTID",NA,NA,4,"sample does not have an associated bay program method code"
"743",999,"LRA","ALLARM.LT10","04/06/2016","15:25:00","NO3N.3","M1",573,"CMC","NTWQM",2016-04-06 15:25:00,0.3,"ISM",2,"Water",NA,4.1,"MG/L",NA,NA,NA,2017-10-10 11:49:15,NA,2,"",1,1,"S","PARTNTID",NA,NA,4,"sample does not have an associated bay program method code"
"744",999,"LRA","ALLARM.LT7","04/06/2016","15:00:00","NO3N.3","M1",555,"CMC","NTWQM",2016-04-06 15:00:00,0.3,"ISM",2,"Water",NA,4.2,"MG/L",NA,NA,NA,2017-10-10 11:48:51,NA,2,"",1,1,"S","PARTNTID",NA,NA,4,"sample does not have an associated bay program method code"
"745",999,"LRA","ALLARM.LT9","04/06/2016","15:15:00","NO3N.3","M1",567,"CMC","NTWQM",2016-04-06 15:15:00,0.3,"ISM",2,"Water",NA,4.1,"MG/L",NA,NA,NA,2017-10-10 11:49:06,NA,2,"",1,1,"S","PARTNTID",NA,NA,4,"sample does not have an associated bay program method code"
