"","paramMethod","SOURCE","STATION","SAMPLE_DATE","SAMPLE_TIME","paramCode","SAMPLE_ID","EventId","AGENCY","PROGRAM","DateTime","DEPTH","SAMPLE_TYPE","TIER","Matrix","QUALIFIER","VALUE","UNITS","PROBLEM","LAB","labName","detLimit","qaFlag","COMMENTS","count.x","count.y","LAYER","PROJECT","SampleAnalyticalMethodIdentifier","SubstanceIdentificationName"
"530",999,"ALLARM","ALLARM.LT9","02/10/2016","15:18:00","TDS.1","M1",566,"CMC","NTWQM",2016-02-10 15:18:00,0.1,"ISM","1","Water",NA,520,"MG/L",NA,NA,NA,NA,2,"",1,1,"S","PARTNTID",NA,NA
"531",999,"ALLARM","ALLARM.LT3","11/30/2016","12:00:00","TDS.1","M1",535,"CMC","NTWQM",2016-11-30 12:00:00,0.1,"ISM","1","Water",NA,390,"MG/L",NA,NA,NA,NA,2,"",1,1,"S","PARTNTID",NA,NA
"532",999,"GCWD","GCWD.BEEFLARUN0.12","04/21/2016","12:00:00","TDS.1","M1",4679,"CMC","NTWQM",2016-04-21 12:00:00,0.1,"ISM","1","Water",NA,10,"MG/L",NA,NA,NA,NA,2,"",1,2,"VP","PARTNTID",NA,NA
"533",999,"ALLARM","ALLARM.LT7","11/30/2016","12:00:00","TDS.1","M1",559,"CMC","NTWQM",2016-11-30 12:00:00,0.1,"ISM","1","Water",NA,220,"MG/L",NA,NA,NA,NA,2,"",1,1,"S","PARTNTID",NA,NA
"534",999,"ALLARM","ALLARM.LT1","02/10/2016","13:52:00","TDS.1","M1",518,"CMC","NTWQM",2016-02-10 13:52:00,0.1,"ISM","1","Water",NA,420,"MG/L",NA,NA,NA,NA,2,"",1,1,"S","PARTNTID",NA,NA
"535",999,"GCWD","GCWD.CALCRE0.11","02/04/2016","12:00:00","TDS.1","M1",4760,"CMC","NTWQM",2016-02-04 12:00:00,0.1,"ISM","1","Water",NA,50,"MG/L",NA,NA,NA,NA,2,"",1,2,"VP","PARTNTID",NA,NA
"536",999,"ALLARM","ALLARM.LT4","02/10/2016","14:10:00","TDS.1","M1",536,"CMC","NTWQM",2016-02-10 14:10:00,0.1,"ISM","1","Water",NA,430,"MG/L",NA,NA,NA,NA,2,"",1,1,"S","PARTNTID",NA,NA
"537",999,"ALLARM","ALLARM.LT2","10/05/2016","13:55:00","TDS.1","M1",528,"CMC","NTWQM",2016-10-05 13:55:00,0.1,"ISM","1","Water",NA,360,"MG/L",NA,NA,NA,NA,2,"",1,1,"S","PARTNTID",NA,NA
"538",999,"ALLARM","ALLARM.LT8","02/10/2016","15:10:00","TDS.1","M1",560,"CMC","NTWQM",2016-02-10 15:10:00,0.1,"ISM","1","Water",NA,490,"MG/L",NA,NA,NA,NA,2,"",1,1,"S","PARTNTID",NA,NA
"539",999,"GCWD","GCWD.CALCRE0.11","03/07/2016","12:00:00","TDS.1","M1",4761,"CMC","NTWQM",2016-03-07 12:00:00,0.1,"ISM","1","Water",NA,40,"MG/L",NA,NA,NA,NA,2,"",1,2,"VP","PARTNTID",NA,NA
"540",999,"ALLARM","ALLARM.LT1","04/06/2016","13:45:00","TDS.1","M1",519,"CMC","NTWQM",2016-04-06 13:45:00,0.1,"ISM","1","Water",NA,400,"MG/L",NA,NA,NA,NA,2,"",1,1,"S","PARTNTID",NA,NA
"541",999,"ALLARM","ALLARM.LT2","11/30/2016","13:12:00","TDS.1","M1",529,"CMC","NTWQM",2016-11-30 13:12:00,0.1,"ISM","1","Water",NA,380,"MG/L",NA,NA,NA,NA,2,"",1,1,"S","PARTNTID",NA,NA
"542",999,"ALLARM","ALLARM.LT4","04/06/2016","14:05:00","TDS.1","M1",537,"CMC","NTWQM",2016-04-06 14:05:00,0.1,"ISM","1","Water",NA,400,"MG/L",NA,NA,NA,NA,2,"",1,1,"S","PARTNTID",NA,NA
"543",999,"GCWD","GCWD.GENFOR10.77","02/04/2016","12:00:00","TDS.1","M1",4941,"CMC","NTWQM",2016-02-04 12:00:00,0.1,"ISM","1","Water",NA,30,"MG/L",NA,NA,NA,NA,2,"",1,2,"VP","PARTNTID",NA,NA
"544",999,"ALLARM","ALLARM.LT8","04/06/2016","15:10:00","TDS.1","M1",561,"CMC","NTWQM",2016-04-06 15:10:00,0.1,"ISM","1","Water",NA,460,"MG/L",NA,NA,NA,NA,2,"",1,1,"S","PARTNTID",NA,NA
"545",999,"GCWD","GCWD.GENFOR10.77","02/04/2016","12:00:00","TDS.1","M1",4941,"CMC","NTWQM",2016-02-04 12:00:00,0.1,"ISM","1","Water",NA,30,"MG/L",NA,NA,NA,NA,2,"",1,2,"VP","PARTNTID",NA,NA
"546",999,"ALLARM","ALLARM.LT1","06/13/2016","09:15:00","TDS.1","M1",520,"CMC","NTWQM",2016-06-13 09:15:00,0.1,"ISM","1","Water",NA,400,"MG/L",NA,NA,NA,NA,2,"",1,1,"S","PARTNTID",NA,NA
"547",999,"GCWD","GCWD.GENFOR10.77","03/07/2016","12:00:00","TDS.1","M1",4942,"CMC","NTWQM",2016-03-07 12:00:00,0.1,"ISM","1","Water",NA,30,"MG/L",NA,NA,NA,NA,2,"",1,2,"VP","PARTNTID",NA,NA
"548",999,"ALLARM","ALLARM.LT4","06/13/2016","12:00:00","TDS.1","M1",538,"CMC","NTWQM",2016-06-13 12:00:00,0.1,"ISM","1","Water",NA,370,"MG/L",NA,NA,NA,NA,2,"",1,1,"S","PARTNTID",NA,NA
"549",999,"ALLARM","ALLARM.LT7","02/10/2016","15:00:00","TDS.1","M1",554,"CMC","NTWQM",2016-02-10 15:00:00,0.1,"ISM","1","Water",NA,510,"MG/L",NA,NA,NA,NA,2,"",1,1,"S","PARTNTID",NA,NA
"550",999,"ALLARM","ALLARM.LT8","06/13/2016","12:00:00","TDS.1","M1",562,"CMC","NTWQM",2016-06-13 12:00:00,0.1,"ISM","1","Water",NA,440,"MG/L",NA,NA,NA,NA,2,"",1,1,"S","PARTNTID",NA,NA
"551",999,"ALLARM","ALLARM.LT1","08/15/2016","13:15:00","TDS.1","M1",521,"CMC","NTWQM",2016-08-15 13:15:00,0.1,"ISM","1","Water",NA,390,"MG/L",NA,NA,NA,NA,2,"",1,1,"S","PARTNTID",NA,NA
"552",999,"GCWD","GCWD.GENFOR9.31","02/04/2016","12:00:00","TDS.1","M1",4948,"CMC","NTWQM",2016-02-04 12:00:00,0.1,"ISM","1","Water",NA,30,"MG/L",NA,NA,NA,NA,2,"",1,2,"VP","PARTNTID",NA,NA
"553",999,"ALLARM","ALLARM.LT4","08/15/2016","14:15:00","TDS.1","M1",539,"CMC","NTWQM",2016-08-15 14:15:00,0.1,"ISM","1","Water",NA,380,"MG/L",NA,NA,NA,NA,2,"",1,1,"S","PARTNTID",NA,NA
"554",999,"GCWD","GCWD.MILCRE1.08","09/17/2016","12:00:00","TDS.1","M1",5469,"CMC","NTWQM",2016-09-17 12:00:00,0.1,"ISM","1","Water",NA,NA,"MG/L",NA,NA,NA,NA,2,"",1,1,"S","PARTNTID",NA,NA
"555",999,"ALLARM","ALLARM.LT1","10/05/2016","14:00:00","TDS.1","M1",522,"CMC","NTWQM",2016-10-05 14:00:00,0.1,"ISM","1","Water",NA,410,"MG/L",NA,NA,NA,NA,2,"",1,1,"S","PARTNTID",NA,NA
"556",999,"GCWD","GCWD.GENFOR9.31","03/07/2016","12:00:00","TDS.1","M1",4949,"CMC","NTWQM",2016-03-07 12:00:00,0.1,"ISM","1","Water",NA,30,"MG/L",NA,NA,NA,NA,2,"",1,2,"VP","PARTNTID",NA,NA
"557",999,"ALLARM","ALLARM.LT4","10/05/2016","14:22:00","TDS.1","M1",540,"CMC","NTWQM",2016-10-05 14:22:00,0.1,"ISM","1","Water",NA,420,"MG/L",NA,NA,NA,NA,2,"",1,1,"S","PARTNTID",NA,NA
"558",999,"GCWD","GCWD.MILCRE1.08","11/08/2016","12:00:00","TDS.1","M1",5472,"CMC","NTWQM",2016-11-08 12:00:00,0.1,"ISM","1","Water",NA,90,"MG/L",NA,NA,NA,NA,2,"",1,1,"S","PARTNTID",NA,NA
"559",999,"ALLARM","ALLARM.LT8","10/05/2016","15:21:00","TDS.1","M1",564,"CMC","NTWQM",2016-10-05 15:21:00,0.1,"ISM","1","Water",NA,440,"MG/L",NA,NA,NA,NA,2,"",1,1,"S","PARTNTID",NA,NA
"560",999,"ALLARM","ALLARM.LT1","11/30/2016","13:10:00","TDS.1","M1",523,"CMC","NTWQM",2016-11-30 13:10:00,0.1,"ISM","1","Water",NA,380,"MG/L",NA,NA,NA,NA,2,"",1,1,"S","PARTNTID",NA,NA
"561",999,"ALLARM","ALLARM.LT4","11/30/2016","12:00:00","TDS.1","M1",541,"CMC","NTWQM",2016-11-30 12:00:00,0.1,"ISM","1","Water",NA,390,"MG/L",NA,NA,NA,NA,2,"",1,1,"S","PARTNTID",NA,NA
"562",999,"ALLARM","ALLARM.LT2","04/06/2016","13:30:00","TDS.1","M1",525,"CMC","NTWQM",2016-04-06 13:30:00,0.1,"ISM","1","Water",NA,380,"MG/L",NA,NA,NA,NA,2,"",1,1,"S","PARTNTID",NA,NA
"563",999,"GCWD","GCWD.LAURUN0.06","02/04/2016","12:00:00","TDS.1","M1",5083,"CMC","NTWQM",2016-02-04 12:00:00,0.1,"ISM","1","Water",NA,30,"MG/L",NA,NA,NA,NA,2,"",1,2,"VP","PARTNTID",NA,NA
"564",999,"ALLARM","ALLARM.LT8","11/30/2016","12:00:00","TDS.1","M1",565,"CMC","NTWQM",2016-11-30 12:00:00,0.1,"ISM","1","Water",NA,190,"MG/L",NA,NA,NA,NA,2,"",1,1,"S","PARTNTID",NA,NA
"565",999,"GCWD","GCWD.UNTPHORUN0.05TEMP","03/07/2016","12:00:00","TDS.1","M1",5370,"CMC","NTWQM",2016-03-07 12:00:00,0.1,"ISM","1","Water",NA,20,"MG/L",NA,NA,NA,NA,2,"",1,2,"VP","PARTNTID",NA,NA
"566",999,"ALLARM","ALLARM.LT10","02/10/2016","15:30:00","TDS.1","M1",572,"CMC","NTWQM",2016-02-10 15:30:00,0.1,"ISM","1","Water",NA,800,"MG/L",NA,NA,NA,NA,2,"",1,1,"S","PARTNTID",NA,NA
"567",999,"GCWD","GCWD.LAURUN0.06","03/07/2016","12:00:00","TDS.1","M1",5084,"CMC","NTWQM",2016-03-07 12:00:00,0.1,"ISM","1","Water",NA,30,"MG/L",NA,NA,NA,NA,2,"",1,2,"VP","PARTNTID",NA,NA
"568",999,"GCWD","GCWD.LAURUN0.06","03/07/2016","12:00:00","TDS.1","M1",5084,"CMC","NTWQM",2016-03-07 12:00:00,0.1,"ISM","1","Water",NA,30,"MG/L",NA,NA,NA,NA,2,"",1,2,"VP","PARTNTID",NA,NA
"569",999,"ALLARM","ALLARM.LT6","06/13/2016","12:00:00","TDS.1","M1",550,"CMC","NTWQM",2016-06-13 12:00:00,0.1,"ISM","1","Water",NA,390,"MG/L",NA,NA,NA,NA,2,"",1,1,"S","PARTNTID",NA,NA
"570",999,"GCWD","GCWD.MILCRE1.67","11/08/2016","12:00:00","TDS.1","M1",5459,"CMC","NTWQM",2016-11-08 12:00:00,0.1,"ISM","1","Water",NA,100,"MG/L",NA,NA,NA,NA,2,"",1,1,"S","PARTNTID",NA,NA
"571",999,"GCWD","GCWD.LITPHORUN0.02","02/04/2016","12:00:00","TDS.1","M1",5112,"CMC","NTWQM",2016-02-04 12:00:00,0.1,"ISM","1","Water",NA,40,"MG/L",NA,NA,NA,NA,2,"",1,2,"VP","PARTNTID",NA,NA
"572",999,"ALLARM","ALLARM.LT10","04/06/2016","15:25:00","TDS.1","M1",573,"CMC","NTWQM",2016-04-06 15:25:00,0.1,"ISM","1","Water",NA,510,"MG/L",NA,NA,NA,NA,2,"",1,1,"S","PARTNTID",NA,NA
"573",999,"ALLARM","ALLARM.LT2","08/15/2016","13:25:00","TDS.1","M1",527,"CMC","NTWQM",2016-08-15 13:25:00,0.1,"ISM","1","Water",NA,350,"MG/L",NA,NA,NA,NA,2,"",1,1,"S","PARTNTID",NA,NA
"574",999,"NWA","NWA.COBR1","03/26/2016","16:40:00","TN.1","S1",8822,"CMC","TWQM",2016-03-26 16:40:00,0.5,"D","2","Water",NA,4.38,"MG/L",NA,"UMD Horn Point","University of Maryland CES Horn Point Lab",NA,2,"",1,1,"S","PARTTRIB",NA,NA
"575",999,"GCWD","GCWD.LITPHORUN0.02","03/07/2016","12:00:00","TDS.1","M1",5113,"CMC","NTWQM",2016-03-07 12:00:00,0.1,"ISM","1","Water",NA,50,"MG/L",NA,NA,NA,NA,2,"",1,2,"VP","PARTNTID",NA,NA
"576",999,"ALLARM","ALLARM.LT9","04/06/2016","15:15:00","TDS.1","M1",567,"CMC","NTWQM",2016-04-06 15:15:00,0.1,"ISM","1","Water",NA,480,"MG/L",NA,NA,NA,NA,2,"",1,1,"S","PARTNTID",NA,NA
"577",999,"GCWD","GCWD.CALCRE0.11","02/04/2016","12:00:00","TDS.1","M1",4760,"CMC","NTWQM",2016-02-04 12:00:00,0.1,"ISM","1","Water",NA,50,"MG/L",NA,NA,NA,NA,2,"",1,2,"VP","PARTNTID",NA,NA
"578",999,"ALLARM","ALLARM.LT10","06/13/2016","13:15:00","TDS.1","M1",574,"CMC","NTWQM",2016-06-13 13:15:00,0.1,"ISM","1","Water",NA,460,"MG/L",NA,NA,NA,NA,2,"",1,1,"S","PARTNTID",NA,NA
"579",999,"ALLARM","ALLARM.LT5","06/13/2016","12:00:00","TDS.1","M1",544,"CMC","NTWQM",2016-06-13 12:00:00,0.1,"ISM","1","Water",NA,360,"MG/L",NA,NA,NA,NA,2,"",1,1,"S","PARTNTID",NA,NA
"580",999,"GCWD","GCWD.LONRUN4.13","07/22/2016","12:00:00","TDS.1","M1",5426,"CMC","NTWQM",2016-07-22 12:00:00,0.1,"ISM","1","Water",NA,100,"MG/L",NA,NA,NA,NA,2,"",1,1,"S","PARTNTID",NA,NA
"581",999,"GCWD","GCWD.CALCRE0.11","03/07/2016","12:00:00","TDS.1","M1",4761,"CMC","NTWQM",2016-03-07 12:00:00,0.1,"ISM","1","Water",NA,40,"MG/L",NA,NA,NA,NA,2,"",1,2,"VP","PARTNTID",NA,NA
"582",999,"ALLARM","ALLARM.LT9","06/13/2016","12:00:00","TDS.1","M1",568,"CMC","NTWQM",2016-06-13 12:00:00,0.1,"ISM","1","Water",NA,440,"MG/L",NA,NA,NA,NA,2,"",1,1,"S","PARTNTID",NA,NA
"583",999,"ALLARM","ALLARM.LT10","08/15/2016","15:46:00","TDS.1","M1",575,"CMC","NTWQM",2016-08-15 15:46:00,0.1,"ISM","1","Water",NA,440,"MG/L",NA,NA,NA,NA,2,"",1,1,"S","PARTNTID",NA,NA
"584",999,"GCWD","GCWD.LONRUN4.13","09/27/2016","12:00:00","TDS.1","M1",5427,"CMC","NTWQM",2016-09-27 12:00:00,0.1,"ISM","1","Water",NA,120,"MG/L",NA,NA,NA,NA,2,"",1,1,"S","PARTNTID",NA,NA
"585",999,"ALLARM","ALLARM.LT3","06/13/2016","12:00:00","TDS.1","M1",532,"CMC","NTWQM",2016-06-13 12:00:00,0.1,"ISM","1","Water",NA,370,"MG/L",NA,NA,NA,NA,2,"",1,1,"S","PARTNTID",NA,NA
"586",999,"GCWD","GCWD.LONRUN4.13","10/25/2016","12:00:00","TDS.1","M1",5428,"CMC","NTWQM",2016-10-25 12:00:00,0.1,"ISM","1","Water",NA,70,"MG/L",NA,NA,NA,NA,2,"",1,1,"S","PARTNTID",NA,NA
"587",999,"ALLARM","ALLARM.LT10","10/05/2016","15:38:00","TDS.1","M1",576,"CMC","NTWQM",2016-10-05 15:38:00,0.1,"ISM","1","Water",NA,490,"MG/L",NA,NA,NA,NA,2,"",1,1,"S","PARTNTID",NA,NA
"588",999,"GCWD","GCWD.MILCRE1.08","04/21/2016","12:00:00","TDS.1","M1",5467,"CMC","NTWQM",2016-04-21 12:00:00,0.1,"ISM","1","Water",NA,100,"MG/L",NA,NA,NA,NA,2,"",1,1,"S","PARTNTID",NA,NA
"589",999,"GCWD","GCWD.GENFOR10.77","03/07/2016","12:00:00","TDS.1","M1",4942,"CMC","NTWQM",2016-03-07 12:00:00,0.1,"ISM","1","Water",NA,30,"MG/L",NA,NA,NA,NA,2,"",1,2,"VP","PARTNTID",NA,NA
"590",999,"GCWD","GCWD.MILCRE1.08","07/22/2016","12:00:00","TDS.1","M1",5470,"CMC","NTWQM",2016-07-22 12:00:00,0.1,"ISM","1","Water",NA,NA,"MG/L",NA,NA,NA,NA,2,"",1,1,"S","PARTNTID",NA,NA
"591",999,"ALLARM","ALLARM.LT10","11/30/2016","12:00:00","TDS.1","M1",577,"CMC","NTWQM",2016-11-30 12:00:00,0.1,"ISM","1","Water",NA,450,"MG/L",NA,NA,NA,NA,2,"",1,1,"S","PARTNTID",NA,NA
"592",999,"ALLARM","ALLARM.LT5","11/30/2016","12:00:00","TDS.1","M1",547,"CMC","NTWQM",2016-11-30 12:00:00,0.1,"ISM","1","Water",NA,370,"MG/L",NA,NA,NA,NA,2,"",1,1,"S","PARTNTID",NA,NA
"593",999,"GCWD","GCWD.MILCRE1.08","08/31/2016","12:00:00","TDS.1","M1",5468,"CMC","NTWQM",2016-08-31 12:00:00,0.1,"ISM","1","Water",NA,NA,"MG/L",NA,NA,NA,NA,2,"",1,1,"S","PARTNTID",NA,NA
"594",999,"GCWD","GCWD.PHORUN7.54","02/04/2016","12:00:00","TDS.1","M1",5220,"CMC","NTWQM",2016-02-04 12:00:00,0.1,"ISM","1","Water",NA,40,"MG/L",NA,NA,NA,NA,2,"",1,1,"S","PARTNTID",NA,NA
"595",999,"ALLARM","ALLARM.LT9","11/30/2016","12:00:00","TDS.1","M1",571,"CMC","NTWQM",2016-11-30 12:00:00,0.1,"ISM","1","Water",NA,420,"MG/L",NA,NA,NA,NA,2,"",1,1,"S","PARTNTID",NA,NA
"596",999,"ALLARM","ALLARM.LT2","02/10/2016","13:47:00","TDS.1","M1",524,"CMC","NTWQM",2016-02-10 13:47:00,0.1,"ISM","1","Water",NA,370,"MG/L",NA,NA,NA,NA,2,"",1,1,"S","PARTNTID",NA,NA
"597",999,"ALLARM","ALLARM.LT6","02/10/2016","14:45:00","TDS.1","M1",548,"CMC","NTWQM",2016-02-10 14:45:00,0.1,"ISM","1","Water",NA,450,"MG/L",NA,NA,NA,NA,2,"",1,1,"S","PARTNTID",NA,NA
"598",999,"GCWD","GCWD.MILCRE2.32","11/08/2016","12:00:00","TDS.1","M1",5445,"CMC","NTWQM",2016-11-08 12:00:00,0.1,"ISM","1","Water",NA,110,"MG/L",NA,NA,NA,NA,2,"",1,1,"S","PARTNTID",NA,NA
"599",999,"BCVM","BCVM.CAYCRE2.41","09/26/2016","12:00:00","TDS.1","M1",5405,"CMC","NTWQM",2016-09-26 12:00:00,0.1,"ISM","1","Water",NA,260,"MG/L",NA,NA,NA,NA,2,"",1,1,"S","PARTNTID",NA,NA
"600",999,"GCWD","GCWD.MILCRE1.67","04/21/2016","12:00:00","TDS.1","M1",5454,"CMC","NTWQM",2016-04-21 12:00:00,0.1,"ISM","1","Water",NA,100,"MG/L",NA,NA,NA,NA,2,"",1,1,"S","PARTNTID",NA,NA
"601",999,"BCVM","BCVM.CAYCRE2.59","02/07/2016","12:00:00","TDS.1","M1",5403,"CMC","NTWQM",2016-02-07 12:00:00,0.1,"ISM","1","Water",NA,110,"MG/L",NA,NA,NA,NA,2,"",1,1,"S","PARTNTID",NA,NA
"602",999,"GCWD","GCWD.UNTPHORUN0.05TEMP","02/04/2016","12:00:00","TDS.1","M1",5369,"CMC","NTWQM",2016-02-04 12:00:00,0.1,"ISM","1","Water",NA,20,"MG/L",NA,NA,NA,NA,2,"",1,2,"VP","PARTNTID",NA,NA
"603",999,"ALLARM","ALLARM.LT6","04/06/2016","14:50:00","TDS.1","M1",549,"CMC","NTWQM",2016-04-06 14:50:00,0.1,"ISM","1","Water",NA,410,"MG/L",NA,NA,NA,NA,2,"",1,1,"S","PARTNTID",NA,NA
"604",999,"GCWD","GCWD.MILCRE1.67","08/31/2016","12:00:00","TDS.1","M1",5456,"CMC","NTWQM",2016-08-31 12:00:00,0.1,"ISM","1","Water",NA,340,"MG/L",NA,NA,NA,NA,2,"",1,1,"S","PARTNTID",NA,NA
"605",999,"GCWD","GCWD.LAURUN0.06","02/04/2016","12:00:00","TDS.1","M1",5083,"CMC","NTWQM",2016-02-04 12:00:00,0.1,"ISM","1","Water",NA,30,"MG/L",NA,NA,NA,NA,2,"",1,2,"VP","PARTNTID",NA,NA
"606",999,"GCWD","GCWD.MILCRE1.67","09/17/2016","12:00:00","TDS.1","M1",5455,"CMC","NTWQM",2016-09-17 12:00:00,0.1,"ISM","1","Water",NA,320,"MG/L",NA,NA,NA,NA,2,"",1,1,"S","PARTNTID",NA,NA
"607",999,"ALLARM","ALLARM.LT3","10/05/2016","13:45:00","TDS.1","M1",534,"CMC","NTWQM",2016-10-05 13:45:00,0.1,"ISM","1","Water",NA,400,"MG/L",NA,NA,NA,NA,2,"",1,1,"S","PARTNTID",NA,NA
"608",999,"ALLARM","ALLARM.LT2","06/13/2016","12:00:00","TDS.1","M1",526,"CMC","NTWQM",2016-06-13 12:00:00,0.1,"ISM","1","Water",NA,370,"MG/L",NA,NA,NA,NA,2,"",1,1,"S","PARTNTID",NA,NA
"609",999,"GCWD","GCWD.MILCRE1.67","10/25/2016","12:00:00","TDS.1","M1",5458,"CMC","NTWQM",2016-10-25 12:00:00,0.1,"ISM","1","Water",NA,110,"MG/L",NA,NA,NA,NA,2,"",1,1,"S","PARTNTID",NA,NA
"610",999,"ALLARM","ALLARM.LT7","10/05/2016","15:12:00","TDS.1","M1",558,"CMC","NTWQM",2016-10-05 15:12:00,0.1,"ISM","1","Water",NA,440,"MG/L",NA,NA,NA,NA,2,"",1,1,"S","PARTNTID",NA,NA
"611",999,"GCWD","GCWD.PHORUN7.54","03/07/2016","12:00:00","TDS.1","M1",5221,"CMC","NTWQM",2016-03-07 12:00:00,0.1,"ISM","1","Water",NA,50,"MG/L",NA,NA,NA,NA,2,"",1,2,"VP","PARTNTID",NA,NA
"612",999,"GCWD","GCWD.MILCRE2.32","04/21/2016","12:00:00","TDS.1","M1",5438,"CMC","NTWQM",2016-04-21 12:00:00,0.1,"ISM","1","Water",NA,100,"MG/L",NA,NA,NA,NA,2,"",1,1,"S","PARTNTID",NA,NA
"613",999,"ALLARM","ALLARM.LT5","04/06/2016","14:20:00","TDS.1","M1",543,"CMC","NTWQM",2016-04-06 14:20:00,0.1,"ISM","1","Water",NA,400,"MG/L",NA,NA,NA,NA,2,"",1,1,"S","PARTNTID",NA,NA
"614",999,"ALLARM","ALLARM.LT6","08/15/2016","14:50:00","TDS.1","M1",551,"CMC","NTWQM",2016-08-15 14:50:00,0.1,"ISM","1","Water",NA,400,"MG/L",NA,NA,NA,NA,2,"",1,1,"S","PARTNTID",NA,NA
"615",999,"GCWD","GCWD.MILCRE2.32","06/03/2016","12:00:00","TDS.1","M1",5440,"CMC","NTWQM",2016-06-03 12:00:00,0.1,"ISM","1","Water",NA,170,"MG/L",NA,NA,NA,NA,2,"",1,1,"S","PARTNTID",NA,NA
"616",999,"GCWD","GCWD.MILCRE2.32","07/22/2016","12:00:00","TDS.1","M1",5443,"CMC","NTWQM",2016-07-22 12:00:00,0.1,"ISM","1","Water",NA,NA,"MG/L",NA,NA,NA,NA,2,"",1,1,"S","PARTNTID",NA,NA
"617",999,"GCWD","GCWD.LITPHORUN0.02","03/07/2016","12:00:00","TDS.1","M1",5113,"CMC","NTWQM",2016-03-07 12:00:00,0.1,"ISM","1","Water",NA,50,"MG/L",NA,NA,NA,NA,2,"",1,2,"VP","PARTNTID",NA,NA
"618",999,"ALLARM","ALLARM.LT6","10/05/2016","14:57:00","TDS.1","M1",552,"CMC","NTWQM",2016-10-05 14:57:00,0.1,"ISM","1","Water",NA,390,"MG/L",NA,NA,NA,NA,2,"",1,1,"S","PARTNTID",NA,NA
"619",999,"GCWD","GCWD.MILCRE2.32","08/31/2016","12:00:00","TDS.1","M1",5442,"CMC","NTWQM",2016-08-31 12:00:00,0.1,"ISM","1","Water",NA,220,"MG/L",NA,NA,NA,NA,2,"",1,1,"S","PARTNTID",NA,NA
"620",999,"GCWD","GCWD.MILCRE2.32","09/17/2016","12:00:00","TDS.1","M1",5441,"CMC","NTWQM",2016-09-17 12:00:00,0.1,"ISM","1","Water",NA,NA,"MG/L",NA,NA,NA,NA,2,"",1,1,"S","PARTNTID",NA,NA
"621",999,"ALLARM","ALLARM.LT5","02/10/2016","14:30:00","TDS.1","M1",542,"CMC","NTWQM",2016-02-10 14:30:00,0.1,"ISM","1","Water",NA,430,"MG/L",NA,NA,NA,NA,2,"",1,1,"S","PARTNTID",NA,NA
"622",999,"GCWD","GCWD.MILCRE2.32","10/25/2016","12:00:00","TDS.1","M1",5444,"CMC","NTWQM",2016-10-25 12:00:00,0.1,"ISM","1","Water",NA,90,"MG/L",NA,NA,NA,NA,2,"",1,1,"S","PARTNTID",NA,NA
"623",999,"ALLARM","ALLARM.LT6","11/30/2016","12:00:00","TDS.1","M1",553,"CMC","NTWQM",2016-11-30 12:00:00,0.1,"ISM","1","Water",NA,120,"MG/L",NA,NA,NA,NA,2,"",1,1,"S","PARTNTID",NA,NA
"624",999,"GCWD","GCWD.LONRUN4.13","08/31/2016","12:00:00","TDS.1","M1",5425,"CMC","NTWQM",2016-08-31 12:00:00,0.1,"ISM","1","Water",NA,120,"MG/L",NA,NA,NA,NA,2,"",1,1,"S","PARTNTID",NA,NA
"625",999,"BCVM","BCVM.CAYCRE2.41","02/07/2016","12:00:00","TDS.1","M1",5404,"CMC","NTWQM",2016-02-07 12:00:00,0.1,"ISM","1","Water",NA,110,"MG/L",NA,NA,NA,NA,2,"",1,1,"S","PARTNTID",NA,NA
"626",999,"ALLARM","ALLARM.LT3","02/10/2016","13:35:00","TDS.1","M1",530,"CMC","NTWQM",2016-02-10 13:35:00,0.1,"ISM","1","Water",NA,430,"MG/L",NA,NA,NA,NA,2,"",1,1,"S","PARTNTID",NA,NA
"627",999,"GCWD","GCWD.PHORUN4.36","02/04/2016","12:00:00","TDS.1","M1",5194,"CMC","NTWQM",2016-02-04 12:00:00,0.1,"ISM","1","Water",NA,40,"MG/L",NA,NA,NA,NA,2,"",1,2,"VP","PARTNTID",NA,NA
"628",999,"GCWD","GCWD.PHORUN4.36","02/04/2016","12:00:00","TDS.1","M1",5194,"CMC","NTWQM",2016-02-04 12:00:00,0.1,"ISM","1","Water",NA,40,"MG/L",NA,NA,NA,NA,2,"",1,2,"VP","PARTNTID",NA,NA
"629",999,"ALLARM","ALLARM.LT9","08/15/2016","15:34:00","TDS.1","M1",569,"CMC","NTWQM",2016-08-15 15:34:00,0.1,"ISM","1","Water",NA,440,"MG/L",NA,NA,NA,NA,2,"",1,1,"S","PARTNTID",NA,NA
"630",999,"ALLARM","ALLARM.LT3","08/15/2016","13:50:00","TDS.1","M1",533,"CMC","NTWQM",2016-08-15 13:50:00,0.1,"ISM","1","Water",NA,390,"MG/L",NA,NA,NA,NA,2,"",1,1,"S","PARTNTID",NA,NA
"631",999,"GCWD","GCWD.PHORUN4.36","03/07/2016","12:00:00","TDS.1","M1",5195,"CMC","NTWQM",2016-03-07 12:00:00,0.1,"ISM","1","Water",NA,40,"MG/L",NA,NA,NA,NA,2,"",1,2,"VP","PARTNTID",NA,NA
"632",999,"ALLARM","ALLARM.LT3","04/06/2016","13:20:00","TDS.1","M1",531,"CMC","NTWQM",2016-04-06 13:20:00,0.1,"ISM","1","Water",NA,390,"MG/L",NA,NA,NA,NA,2,"",1,1,"S","PARTNTID",NA,NA
"633",999,"GCWD","GCWD.PHORUN4.36","03/07/2016","12:00:00","TDS.1","M1",5195,"CMC","NTWQM",2016-03-07 12:00:00,0.1,"ISM","1","Water",NA,40,"MG/L",NA,NA,NA,NA,2,"",1,2,"VP","PARTNTID",NA,NA
"634",999,"GCWD","GCWD.LONRUN4.13","04/20/2016","12:00:00","TDS.1","M1",5424,"CMC","NTWQM",2016-04-20 12:00:00,0.1,"ISM","1","Water",NA,60,"MG/L",NA,NA,NA,NA,2,"",1,1,"S","PARTNTID",NA,NA
"635",999,"ALLARM","ALLARM.LT7","04/06/2016","15:00:00","TDS.1","M1",555,"CMC","NTWQM",2016-04-06 15:00:00,0.1,"ISM","1","Water",NA,440,"MG/L",NA,NA,NA,NA,2,"",1,1,"S","PARTNTID",NA,NA
"636",999,"ALLARM","ALLARM.LT8","08/15/2016","15:18:00","TDS.1","M1",563,"CMC","NTWQM",2016-08-15 15:18:00,0.1,"ISM","1","Water",NA,440,"MG/L",NA,NA,NA,NA,2,"",1,1,"S","PARTNTID",NA,NA
"637",999,"ALLARM","ALLARM.LT7","06/13/2016","12:00:00","TDS.1","M1",556,"CMC","NTWQM",2016-06-13 12:00:00,0.1,"ISM","1","Water",NA,420,"MG/L",NA,NA,NA,NA,2,"",1,1,"S","PARTNTID",NA,NA
"638",999,"ALLARM","ALLARM.LT5","08/15/2016","14:30:00","TDS.1","M1",545,"CMC","NTWQM",2016-08-15 14:30:00,0.1,"ISM","1","Water",NA,390,"MG/L",NA,NA,NA,NA,2,"",1,1,"S","PARTNTID",NA,NA
"639",999,"GCWD","GCWD.PHORUN7.54","03/07/2016","12:00:00","TDS.1","M1",5221,"CMC","NTWQM",2016-03-07 12:00:00,0.1,"ISM","1","Water",NA,50,"MG/L",NA,NA,NA,NA,2,"",1,2,"VP","PARTNTID",NA,NA
"640",999,"GCWD","GCWD.GENFOR9.31","04/21/2016","12:00:00","TDS.1","M1",4950,"CMC","NTWQM",2016-04-21 12:00:00,0.1,"ISM","1","Water",NA,30,"MG/L",NA,NA,NA,NA,2,"",1,2,"VP","PARTNTID",NA,NA
"641",999,"GCWD","GCWD.GENFOR9.31","03/07/2016","12:00:00","TDS.1","M1",4949,"CMC","NTWQM",2016-03-07 12:00:00,0.1,"ISM","1","Water",NA,30,"MG/L",NA,NA,NA,NA,2,"",1,2,"VP","PARTNTID",NA,NA
"642",999,"GCWD","GCWD.UNTPHORUN0.05TEMP","02/04/2016","12:00:00","TDS.1","M1",5369,"CMC","NTWQM",2016-02-04 12:00:00,0.1,"ISM","1","Water",NA,20,"MG/L",NA,NA,NA,NA,2,"",1,2,"VP","PARTNTID",NA,NA
"643",999,"ALLARM","ALLARM.LT9","10/05/2016","15:30:00","TDS.1","M1",570,"CMC","NTWQM",2016-10-05 15:30:00,0.1,"ISM","1","Water",NA,480,"MG/L",NA,NA,NA,NA,2,"",1,1,"S","PARTNTID",NA,NA
"644",999,"GCWD","GCWD.MILCRE1.67","07/22/2016","12:00:00","TDS.1","M1",5457,"CMC","NTWQM",2016-07-22 12:00:00,0.1,"ISM","1","Water",NA,320,"MG/L",NA,NA,NA,NA,2,"",1,1,"S","PARTNTID",NA,NA
"645",999,"ALLARM","ALLARM.LT7","08/15/2016","15:00:00","TDS.1","M1",557,"CMC","NTWQM",2016-08-15 15:00:00,0.1,"ISM","1","Water",NA,400,"MG/L",NA,NA,NA,NA,2,"",1,1,"S","PARTNTID",NA,NA
"646",999,"GCWD","GCWD.MILCRE1.08","10/25/2016","12:00:00","TDS.1","M1",5471,"CMC","NTWQM",2016-10-25 12:00:00,0.1,"ISM","1","Water",NA,60,"MG/L",NA,NA,NA,NA,2,"",1,1,"S","PARTNTID",NA,NA
"647",999,"GCWD","GCWD.UNTPHORUN0.05TEMP","03/07/2016","12:00:00","TDS.1","M1",5370,"CMC","NTWQM",2016-03-07 12:00:00,0.1,"ISM","1","Water",NA,20,"MG/L",NA,NA,NA,NA,2,"",1,2,"VP","PARTNTID",NA,NA
"648",999,"GCWD","GCWD.LITPHORUN0.02","02/04/2016","12:00:00","TDS.1","M1",5112,"CMC","NTWQM",2016-02-04 12:00:00,0.1,"ISM","1","Water",NA,40,"MG/L",NA,NA,NA,NA,2,"",1,2,"VP","PARTNTID",NA,NA
"649",999,"ALLARM","ALLARM.LT5","10/05/2016","14:45:00","TDS.1","M1",546,"CMC","NTWQM",2016-10-05 14:45:00,0.1,"ISM","1","Water",NA,400,"MG/L",NA,NA,NA,NA,2,"",1,1,"S","PARTNTID",NA,NA
"650",999,"GCWD","GCWD.BEEFLARUN0.12","04/21/2016","12:00:00","TDS.1","M1",4679,"CMC","NTWQM",2016-04-21 12:00:00,0.1,"ISM","1","Water",NA,10,"MG/L",NA,NA,NA,NA,2,"",1,2,"VP","PARTNTID",NA,NA
"651",999,"GCWD","GCWD.GENFOR9.31","02/04/2016","12:00:00","TDS.1","M1",4948,"CMC","NTWQM",2016-02-04 12:00:00,0.1,"ISM","1","Water",NA,30,"MG/L",NA,NA,NA,NA,2,"",1,2,"VP","PARTNTID",NA,NA
"652",999,"GCWD","GCWD.GENFOR9.31","04/21/2016","12:00:00","TDS.1","M1",4950,"CMC","NTWQM",2016-04-21 12:00:00,0.1,"ISM","1","Water",NA,30,"MG/L",NA,NA,NA,NA,2,"",1,2,"VP","PARTNTID",NA,NA
