"","paramMethod","SOURCE","STATION","SAMPLE_DATE","SAMPLE_TIME","paramCode","SAMPLE_ID","EventId","AGENCY","PROGRAM","DateTime","DEPTH","SAMPLE_TYPE","TIER","Matrix","QUALIFIER","VALUE","UNITS","PROBLEM","LAB","labName","detLimit","qaFlag","COMMENTS","count.x","count.y","LAYER","PROJECT","SampleAnalyticalMethodIdentifier","SubstanceIdentificationName"
"253",189,"ALLARM","ALLARM.LT5","10/05/2016","14:45:00","OP.5","S1",546,"CMC","NTWQM",2016-10-05 14:45:00,0.1,"D","2","Water",NA,0,"MG/L",NA,"ACARL","ALLARM Community Aquatic Research Laboratory",0.02,2,"",1,1,"S","PARTNTID","L02 ","PO4F"
"258",189,"ALLARM","ALLARM.LT5","08/15/2016","14:30:00","OP.5","S1",545,"CMC","NTWQM",2016-08-15 14:30:00,0.1,"D","2","Water",NA,0.01,"MG/L",NA,"ACARL","ALLARM Community Aquatic Research Laboratory",0.02,2,"",1,1,"S","PARTNTID","L02 ","PO4F"
"261",189,"ALLARM","ALLARM.LT10","10/05/2016","15:38:00","OP.5","S1",576,"CMC","NTWQM",2016-10-05 15:38:00,0.1,"D","2","Water",NA,0,"MG/L",NA,"ACARL","ALLARM Community Aquatic Research Laboratory",0.02,2,"",1,1,"S","PARTNTID","L02 ","PO4F"
"262",189,"ALLARM","ALLARM.LT8","10/05/2016","15:21:00","OP.5","S1",564,"CMC","NTWQM",2016-10-05 15:21:00,0.1,"D","2","Water",NA,0,"MG/L",NA,"ACARL","ALLARM Community Aquatic Research Laboratory",0.02,2,"",1,1,"S","PARTNTID","L02 ","PO4F"
"265",189,"ALLARM","ALLARM.LT1","08/15/2016","13:15:00","OP.5","S1",521,"CMC","NTWQM",2016-08-15 13:15:00,0.1,"D","2","Water",NA,0,"MG/L",NA,"ACARL","ALLARM Community Aquatic Research Laboratory",0.02,2,"",1,1,"S","PARTNTID","L02 ","PO4F"
"274",189,"ALLARM","ALLARM.LT4","10/05/2016","14:22:00","OP.5","S1",540,"CMC","NTWQM",2016-10-05 14:22:00,0.1,"D","2","Water",NA,0,"MG/L",NA,"ACARL","ALLARM Community Aquatic Research Laboratory",0.02,2,"",1,1,"S","PARTNTID","L02 ","PO4F"
"278",189,"ALLARM","ALLARM.LT3","08/15/2016","13:50:00","OP.5","S1",533,"CMC","NTWQM",2016-08-15 13:50:00,0.1,"D","2","Water",NA,0,"MG/L",NA,"ACARL","ALLARM Community Aquatic Research Laboratory",0.02,2,"",1,1,"S","PARTNTID","L02 ","PO4F"
"280",189,"ALLARM","ALLARM.LT9","10/05/2016","15:30:00","OP.5","S1",570,"CMC","NTWQM",2016-10-05 15:30:00,0.1,"D","2","Water",NA,0,"MG/L",NA,"ACARL","ALLARM Community Aquatic Research Laboratory",0.02,2,"",1,1,"S","PARTNTID","L02 ","PO4F"
"283",189,"ALLARM","ALLARM.LT4","08/15/2016","14:15:00","OP.5","S1",539,"CMC","NTWQM",2016-08-15 14:15:00,0.1,"D","2","Water",NA,0,"MG/L",NA,"ACARL","ALLARM Community Aquatic Research Laboratory",0.02,2,"",1,1,"S","PARTNTID","L02 ","PO4F"
"301",189,"ALLARM","ALLARM.LT6","04/06/2016","14:50:00","OP.5","S1",549,"CMC","NTWQM",2016-04-06 14:50:00,0.1,"D","2","Water",NA,0.01,"MG/L",NA,"ACARL","ALLARM Community Aquatic Research Laboratory",0.02,2,"",1,1,"S","PARTNTID","L02 ","PO4F"
