"","Code","Latitude","Longitude","NameLong","Description","Datum"
"1","ALLARM.LT1",40.17663,-77.18537,"LeTort Spring Run 6.51","LeTort Site 1","NAD83"
"2","ALLARM.LT10",40.23487,-77.14193,"LeTort Spring Run 0.04","LeTort Site 10","NAD83"
"3","ALLARM.LT2",40.17667,-77.18507,"UNT to LeTort Spring Run 0.01","LeTort Site 2","NAD83"
"4","ALLARM.LT3",40.17999,-77.18692,"LeTort Spring Run 6.24","LeTort Site 3","NAD83"
"5","ALLARM.LT4",40.18844,-77.18606,"LeTort Spring Run 5.56","LeTort Site 4","NAD83"
"6","ALLARM.LT5",40.19528,-77.18423,"LeTort Spring Run 5.05","LeTort Site 5","NAD83"
"7","ALLARM.LT6",40.20792,-77.18104,"LeTort Spring Run 4.05","LeTort Site 6","NAD83"
"8","ALLARM.LT7",40.21418,-77.16883,"LeTort Spring Run 3.05","LeTort Site 7","NAD83"
"9","ALLARM.LT8",40.21847,-77.16003,"LeTort Spring Run 2.34","LeTort Site 8","NAD83"
"10","ALLARM.LT9",40.22429,-77.14928,"LeTort Spring Run 1.53","LeTort Site 9","NAD83"
"11","BCVM.CAYCRE2.41",42.008606,-76.52664,"Cayuta Creek 2.41","Cayuta Creek 2.41","NAD83"
"12","BCVM.CAYCRE2.59",42.01129,-76.526373,"Cayuta Creek 2.59","Cayuta Creek 2.59","NAD83"
"13","BSWA.BIGSPRCRE1.16",40.144224,-77.405537,"Big Spring Creek 1.16","Big Spring Creek 1.16 at Willow Tree Pool","NAD83"
"14","BSWA.BIGSPRCRE1.58",40.149975,-77.406898,"Big Spring Creek 1.58","Big Spring Creek 1.58 at Nealy Road","NAD83"
"15","BSWA.BIGSPRCRE1.80",40.152978,-77.407924,"Big Spring Creek 1.80","Big Spring Creek 1.80 at Swamp Pulloff","NAD83"
"16","BSWA.BIGSPRCRE1.98",40.154841,-77.409991,"Big Spring Creek 1.98","Big Spring Creek 1.98 at Sheepman's Bridge","NAD83"
"17","BSWA.BIGSPRCRE2.48",40.160232,-77.406287,"Big Spring Creek 2.48","Big Spring Creek 2.48 at Stone Arch Bridge","NAD83"
"18","GCWD.BEEFLARUN0.12",41.72041667,-77.68421667,"Beech Flats Run 0.12","Beech Flats Run 0.12","NAD83"
"19","GCWD.CALCRE0.11",41.846317,-77.702733,"California Creek 0.11","California Creek 0.11","NAD83"
"20","GCWD.GENFOR10.77",41.84637,-77.7018,"Genesee Forks 10.77","Genesee Forks 10.77","NAD83"
"21","GCWD.GENFOR9.31",41.82705,-77.70625,"Genesee Forks 9.31","Genesee Forks 9.31","NAD83"
"22","GCWD.LAURUN0.06",41.82895,-77.63941667,"Laurel Run 0.06","Laurel Run 0.06","NAD83"
"23","GCWD.LITPHORUN0.02",41.81168,-77.62345,"Little Phoenix Run 0.02","Little Phoenix Run 0.02","NAD83"
"24","GCWD.LONRUN4.13",41.794478,-77.5719,"Long Run 4.13","Long Run 4.13","NAD83"
"25","GCWD.MILCRE1.08",41.905986,-77.53425,"Mill Creek 1.08","Mill Creek 1.08","NAD83"
"26","GCWD.MILCRE1.67",41.898775,-77.53058,"Mill Creek 1.67","Mill Creek 1.67","NAD83"
"27","GCWD.MILCRE2.32",41.889884,-77.5297,"Mill Creek 2.32","Mill Creek 2.32","NAD83"
"28","GCWD.PHORUN4.36",41.79868333,-77.61605,"Phoenix Run 4.36","Phoenix Run 4.36","NAD83"
"29","GCWD.PHORUN7.54",41.8358,-77.63815,"Phoenix Run 7.54","Phoenix Run 7.54","NAD83"
"30","GCWD.UNTPHORUN0.05TEMP",41.82511667,-77.63861667,"UNT Phoenix Run 0.05","UNT Phoenix Run (Temporary ID) 0.05","NAD83"
"31","HAWQS.EL1",37.67076,-77.54776,"Echo Lake 1",NA,"NAD83"
"32","HAWQS.EL2",37.67443,-77.5481,"Echo Lake 2",NA,"NAD83"
"33","HAWQS.HC1",37.648866,-77.496569,"Hungary Creek",NA,"NAD83"
"34","NWA.COBR1",38.6422,-75.6068,"Seaford Canoe Launch","Public dock","NAD83"
