"","Code","OrganizationFormalName","MailingAddress","SupplementalMailingAddress","MailingAddressCityName","State","MailingAddressPostalCode","Telephone"
"1","ALLARM","LeTort Regional Authority","415 Franklin Street","","Carlisle","PA",17013,"717 245 1565"
"12","FOR","Friends of the Rappahannock",NA,NA,NA,NA,NA,NA
"15","RMN","Riverine Master Naturalists",NA,NA,NA,NA,NA,NA
"16","ACB","Alliance for the Chesapeake Bay","612 Hull Street","Suite 101C","Richmond","VA",23224,"8047938786"
"99","CSP","Caledon State Park",NA,NA,NA,NA,NA,NA
"119","CVTU","Cumberland Valley Trout Unlimited","28 N College St PO Box 1773",NA,"Carlisle","PA",17013,"717 245 1565"
"143","CBF","Chesapeake Bay Foundation",NA,NA,NA,NA,NA,NA
"156","BCVM","Bradford County Volunteer Monitors","28 N College St PO Box 1773",NA,"Carlisle","PA",17013,"717 245 1565"
"157","GCWD","God's Country Water Dogs","28 N College St PO Box 1773",NA,"Carlisle","PA",NA,"717 245 1565"
"491","NWA","Nanticoke Watershed Alliance","P.O. Box 111","113 Old Ocean Gateway","Vienna","MD",21869,"4439441175"
"1062","HAWQS","Henrico Area Water Quality Samplers",NA,NA,NA,NA,NA,NA
"1122","CCCD","Cumberland County Conservation District","310 Allen Road, Suite 301",NA,"Carlisle","PA",17013,"717 240 5358"
