"","paramMethod","SOURCE","STATION","SAMPLE_DATE","SAMPLE_TIME","paramCode","SAMPLE_ID","EventId","AGENCY","PROGRAM","DateTime","DEPTH","SAMPLE_TYPE","TIER","Matrix","QUALIFIER","VALUE","UNITS","PROBLEM","LAB","labName","detLimit","qaFlag","COMMENTS","count.x","count.y","LAYER","PROJECT","SampleAnalyticalMethodIdentifier","SubstanceIdentificationName"
"3523",189,"ALLARM","ALLARM.LT10","10/06/2017","12:00:00","OP.5","S1",2340,"CMC","NTWQM",2017-10-06 12:00:00,0.1,"D","2","Water",NA,0,"MG/L",NA,"ACARL","ALLARM Community Aquatic Research Laboratory",0.02,2,"",1,1,"S","PARTNTID","L02 ","PO4F"
"3525",189,"ALLARM","ALLARM.LT5","10/06/2017","12:00:00","OP.5","S1",2335,"CMC","NTWQM",2017-10-06 12:00:00,0.1,"D","2","Water",NA,0,"MG/L",NA,"ACARL","ALLARM Community Aquatic Research Laboratory",0.02,2,"",1,1,"S","PARTNTID","L02 ","PO4F"
"3552",189,"ALLARM","ALLARM.LT2","05/03/2017","12:00:00","OP.5","S1",3300,"CMC","NTWQM",2017-05-03 12:00:00,0.1,"D","2","Water",NA,0,"MG/L",NA,"ACARL","ALLARM Community Aquatic Research Laboratory",0.02,2,"",1,1,"S","PARTNTID","L02 ","PO4F"
"3573",189,"ALLARM","ALLARM.LT3","02/15/2017","12:00:00","OP.5","S1",3280,"CMC","NTWQM",2017-02-15 12:00:00,0.1,"D","2","Water",NA,0,"MG/L",NA,"ACARL","ALLARM Community Aquatic Research Laboratory",0.02,2,"",1,1,"S","PARTNTID","L02 ","PO4F"
"3581",189,"ALLARM","ALLARM.LT4","10/06/2017","12:00:00","OP.5","S1",2334,"CMC","NTWQM",2017-10-06 12:00:00,0.1,"D","2","Water",NA,0,"MG/L",NA,"ACARL","ALLARM Community Aquatic Research Laboratory",0.02,2,"",1,1,"S","PARTNTID","L02 ","PO4F"
"3592",189,"ALLARM","ALLARM.LT10","05/03/2017","12:00:00","OP.5","S1",3305,"CMC","NTWQM",2017-05-03 12:00:00,0.1,"D","2","Water",NA,0,"MG/L",NA,"ACARL","ALLARM Community Aquatic Research Laboratory",0.02,2,"",1,1,"S","PARTNTID","L02 ","PO4F"
"3612",189,"ALLARM","ALLARM.LT3","07/11/2017","12:00:00","OP.5","S1",3315,"CMC","NTWQM",2017-07-11 12:00:00,0.1,"D","2","Water",NA,0,"MG/L",NA,"ACARL","ALLARM Community Aquatic Research Laboratory",0.02,2,"",1,1,"S","PARTNTID","L02 ","PO4F"
"3618",189,"ALLARM","ALLARM.LT2","08/09/2017","12:00:00","OP.5","S1",3321,"CMC","NTWQM",2017-08-09 12:00:00,0.1,"D","2","Water",NA,0.01,"MG/L",NA,"ACARL","ALLARM Community Aquatic Research Laboratory",0.02,2,"",1,1,"S","PARTNTID","L02 ","PO4F"
"3619",189,"ALLARM","ALLARM.LT1","05/03/2017","12:00:00","OP.5","S1",3299,"CMC","NTWQM",2017-05-03 12:00:00,0.1,"D","2","Water",NA,0,"MG/L",NA,"ACARL","ALLARM Community Aquatic Research Laboratory",0.02,2,"",1,1,"S","PARTNTID","L02 ","PO4F"
"3621",189,"ALLARM","ALLARM.LT3","10/06/2017","12:00:00","OP.5","S1",2333,"CMC","NTWQM",2017-10-06 12:00:00,0.1,"D","2","Water",NA,0,"MG/L",NA,"ACARL","ALLARM Community Aquatic Research Laboratory",0.02,2,"",1,1,"S","PARTNTID","L02 ","PO4F"
"3624",189,"ALLARM","ALLARM.LT3","05/03/2017","12:00:00","OP.5","S1",3301,"CMC","NTWQM",2017-05-03 12:00:00,0.1,"D","2","Water",NA,0,"MG/L",NA,"ACARL","ALLARM Community Aquatic Research Laboratory",0.02,2,"",1,1,"S","PARTNTID","L02 ","PO4F"
"3629",189,"ALLARM","ALLARM.LT6","10/06/2017","12:00:00","OP.5","S1",2336,"CMC","NTWQM",2017-10-06 12:00:00,0.1,"D","2","Water",NA,0,"MG/L",NA,"ACARL","ALLARM Community Aquatic Research Laboratory",0.02,2,"",1,1,"S","PARTNTID","L02 ","PO4F"
"3636",189,"ALLARM","ALLARM.LT1","07/11/2017","12:00:00","OP.5","S1",3313,"CMC","NTWQM",2017-07-11 12:00:00,0.1,"D","2","Water",NA,0.01,"MG/L",NA,"ACARL","ALLARM Community Aquatic Research Laboratory",0.02,2,"",1,1,"S","PARTNTID","L02 ","PO4F"
"3637",189,"ALLARM","ALLARM.LT9","02/15/2017","12:00:00","OP.5","S1",3283,"CMC","NTWQM",2017-02-15 12:00:00,0.1,"D","2","Water",NA,0,"MG/L",NA,"ACARL","ALLARM Community Aquatic Research Laboratory",0.02,2,"",1,1,"S","PARTNTID","L02 ","PO4F"
"3646",189,"ALLARM","ALLARM.LT3","03/08/2017","12:00:00","OP.5","S1",3287,"CMC","NTWQM",2017-03-08 12:00:00,0.1,"D","2","Water",NA,0,"MG/L",NA,"ACARL","ALLARM Community Aquatic Research Laboratory",0.02,2,"",1,1,"S","PARTNTID","L02 ","PO4F"
"3647",189,"ALLARM","ALLARM.LT8","10/06/2017","12:00:00","OP.5","S1",2338,"CMC","NTWQM",2017-10-06 12:00:00,0.1,"D","2","Water",NA,0,"MG/L",NA,"ACARL","ALLARM Community Aquatic Research Laboratory",0.02,2,"",1,1,"S","PARTNTID","L02 ","PO4F"
"3663",189,"ALLARM","ALLARM.LT5","02/15/2017","12:00:00","OP.5","S1",3281,"CMC","NTWQM",2017-02-15 12:00:00,0.1,"D","2","Water",NA,0,"MG/L",NA,"ACARL","ALLARM Community Aquatic Research Laboratory",0.02,2,"",1,1,"S","PARTNTID","L02 ","PO4F"
"3664",189,"ALLARM","ALLARM.LT3","04/12/2017","12:00:00","OP.5","S1",3294,"CMC","NTWQM",2017-04-12 12:00:00,0.1,"D","2","Water",NA,0,"MG/L",NA,"ACARL","ALLARM Community Aquatic Research Laboratory",0.02,2,"",1,1,"S","PARTNTID","L02 ","PO4F"
