"","Code","Latitude","Longitude","NameLong","Description","Datum"
"1","ACB.35",37.5246,-77.4686,"James River Park","James River Park","NAD83"
"2","ACB.53",37.5604,-77.5453,"Huguenot Bridge","Huguenot Bridge","NAD83"
"3","ACB.CB1",37.51261,-77.48008,NA,"Crooked Branch","NAD83"
"4","ACB.CM1",38.343494,-77.1682215,"Caledon Marsh 1","Caledon Marsh 1","NAD83"
"5","ACB.CM2",38.3438051,-77.170389,"Caledon Marsh 2","Caledon Marsh 2","NAD83"
"6","ACB.CR21",37.419912,-76.97541,NA,"Dock at Eagles Landing Public Access","NAD83"
"7","ACB.CR5",37.6057,-77.5455,NA,"Upham Brook","NAD83"
"8","ACB.FOR1",38.2898,-77.4816,NA,"HAZEL RUN / ALUM SPRINGS PARK","NAD83"
"9","ACB.FOR16",38.348611,-77.580556,NA,"Horsepen Run","NAD83"
"10","ACB.FOR17",38.313611,-77.540556,NA,"Motts Run Landing","NAD83"
"11","ACB.FOR18",38.321111,-77.488889,NA,"Rappahannock at FOR Beach","NAD83"
"12","ACB.FOR4",38.1902,-77.201,NA,"RAPPAHANNOCK RIVER (TIDAL)","NAD83"
"13","ACB.FOR-Kinsey1",38.422793,-78.374048,NA,"FOR Kinsey Run","NAD83"
"14","ACB.FOR-Kinsey2",38.42312,-78.372267,NA,"FOR Kinsey Run","NAD83"
"15","ACB.GIL02",37.5278854,-77.3928452,NA,"Gillies Creek a split with Stoney Run","NAD83"
"16","ACB.GIL03",37.522728,-77.416358,NA,"Gillies Creek by Stone Brewery","NAD83"
"17","ACB.JOR1",37.597255,-77.473902,NA,"JORDANS BRANCH","NAD83"
"18","ACB.JP",38.3638905,-77.1422058,"Jones Pond","Jones Pond","NAD83"
"19","ACB.JRRC",37.52577,-77.42113,NA,"James River Canal at Great Shiplock Park","NAD83"
"20","ACB.LILTOT",37.9262344,-76.7199799,NA,"Little Totuskey Creek RT 620 Bridge","NAD83"
"21","ACB.MJTR",37.63453,-78.90417,NA,"Tye River","NAD83"
"22","ACB.MM",38.3476637,-77.1578686,"Mallows Marsh","Mallows Marsh","NAD83"
"23","ACB.POC01",37.464742,-77.499082,"Pocoshock Creek",NA,"NAD83"
"24","ACB.PRC01",37.59697,-77.46902,"Princeton Creek",NA,"NAD83"
"25","ACB.PRC02",37.59365,-77.46709,"Princeton Creek at Acca Temple",NA,"NAD83"
"26","ACB.PRC03",37.5943959,-77.4640283,"Princeton Creek at 1618 Princeton Road",NA,"NAD83"
"27","ACB.PSC01",37.465033,-77.500104,"Pocosham Creek",NA,"NAD83"
"28","ACB.RC1",37.51467,-77.47456,NA,"Reedy Creek at Roanoke and Dunston","NAD83"
"29","ACB.RC3",37.5147872,-77.4839271,NA,"Reedy Creek at 44th Street","NAD83"
"30","ACB.RC4",37.50686,-77.5043,NA,"Reedy Creek at German School Road","NAD83"
"31","ACB.RRMC",37.694915,-76.499748,"Myer Creek",NA,"NAD83"
"32","ACB.RSC01",37.55893,-77.53839,NA,"Rattlesnake Creek","NAD83"
"33","ACB.RSC02",37.543154,-77.545544,NA,"Rattlesnake Creek","NAD83"
"34","ACB.STN01",37.52828,-77.39319,NA,"Stony Run","NAD83"
"35","ACB.TAY2",37.7645,-77.64133,NA,"Taylors Creek","NAD83"
"36","ACB.TB",37.4417,-76.9006,NA,"TYLER'S BEACH","NAD83"
"37","ACB.TOT1",37.9129344,-76.6573787,"Totuskey Creek","Totuskey Creek at Moore's Mill Bridge","NAD83"
"38","ACB.TOT2",37.9260343,-76.7090797,NA,"Totuskey Creek","NAD83"
"39","ACB.TOT3",37.9236345,-76.7206799,NA,"Totuskey Creek at public boat landing","NAD83"
"40","ACB.TOT4",37.8860358,-76.7362806,NA,"Totuskey Creek at the bushes","NAD83"
"41","ACB.TOTC1",37.65274,-77.31035,NA,"Totopotomy Creek","NAD83"
"42","ACB.UB1",37.6146,-77.4567,NA,"Upham Brook below north run confluence","NAD83"
"43","ACB.UB2",37.59832,-77.46803,NA,"Upham Brook","NAD83"
"44","ACB.UB3",37.60303,-77.45975,NA,"Upham Brook at Anderson St","NAD83"
"45","ACB.UB4",37.59963,-77.48641,NA,"Upham Brook at ByrdHill Rd","NAD83"
"46","ACB.UT1",37.51483,-77.48533,"Unnamed tributary of Reedy Creek",NA,"NAD83"
"47","ALLARM.LT1",40.17663,-77.18537,"LeTort Spring Run 6.51","LeTort Site 1","NAD83"
"48","ALLARM.LT10",40.23487,-77.14193,"LeTort Spring Run 0.04","LeTort Site 10","NAD83"
"49","ALLARM.LT2",40.17667,-77.18507,"UNT to LeTort Spring Run 0.01","LeTort Site 2","NAD83"
"50","ALLARM.LT3",40.17999,-77.18692,"LeTort Spring Run 6.24","LeTort Site 3","NAD83"
"51","ALLARM.LT4",40.18844,-77.18606,"LeTort Spring Run 5.56","LeTort Site 4","NAD83"
"52","ALLARM.LT5",40.19528,-77.18423,"LeTort Spring Run 5.05","LeTort Site 5","NAD83"
"53","ALLARM.LT6",40.20792,-77.18104,"LeTort Spring Run 4.05","LeTort Site 6","NAD83"
"54","ALLARM.LT7",40.21418,-77.16883,"LeTort Spring Run 3.05","LeTort Site 7","NAD83"
"55","ALLARM.LT8",40.21847,-77.16003,"LeTort Spring Run 2.34","LeTort Site 8","NAD83"
"56","ALLARM.LT9",40.22429,-77.14928,"LeTort Spring Run 1.53","LeTort Site 9","NAD83"
"57","ALLARM.MG1",40.19568,-77.18767,"Molly Grub 0.02","Molly Grub 1","NAD83"
"58","BCVM.CAYCRE2.41",42.008606,-76.52664,"Cayuta Creek 2.41","Cayuta Creek 2.41","NAD83"
"59","CBF.Ana-PP",38.86972,-77.00292,"Anacostia River at Poplar Point",NA,"NAD83"
"60","CCCD.BIGSPRCRE1.23",40.174463,-77.395054,"Big Spring Creek 1.23","Big Spring Creek at Laughlin Mill","NAD83"
"61","CCCD.BIGSPRCRE4.69",40.129762,-77.40758,"Big Spring Creek 4.69","Big Spring Creek","NAD83"
"62","CCCD.BRARUN0.01",40.177641,-77.453873,"Brandy Run 0.01","Brandy Run at Steelstown and Brandy Run Road","NAD83"
"63","CCCD.BURRUN1.38",40.061749,-77.514999,"Burd Run 1.38","Burd Run above Middle Spring","NAD83"
"64","CCCD.CONCRE1.85",40.277468,-76.925578,"Conodoguinet Creek 1.85","Conodoguinet Creek at Ridley Park","NAD83"
"65","CCCD.CONCRE11.47",40.241213,-76.969512,"Conodoguinet Creek 11.47","Conodoguinet Creek","NAD83"
"66","CCCD.CONCRE13.64",40.263776,-76.98015,"Conodoguinet Creek 13.64","Conodoguinet Creek at Good Hope Launch","NAD83"
"67","CCCD.CONCRE21.95",40.259296,-77.040426,"Conodoguinet Creek 21.95","Conodoguinet Creek at Willow Mill Park","NAD83"
"68","CCCD.CONCRE27.96",40.259792,-77.103054,"Conodoguinet Creek 27.96","Conodoguinet Creek at Scott Farm Work Center","NAD83"
"69","CCCD.CONCRE32.47",40.235785,-77.14107,"Conodoguinet Creek 32.47","Conodoguinet Creek at Letort Falls Park","NAD83"
"70","CCCD.CONCRE35.82",40.236495,-77.193667,"Conodoguinet Creek 35.82","Conodoguinet Creek at Creekview Park","NAD83"
"71","CCCD.CONCRE39.03",40.234075,-77.218027,"Conodoguinet Creek 39.03","Conodoguinet Creek at North Middleton Park","NAD83"
"72","CCCD.CONCRE43.93",40.224638,-77.260294,"Conodoguinet Creek 43.93","Conodoguinet Creek","NAD83"
"73","CCCD.CONCRE44.27",40.221555,-77.269701,"Conodoguinet Creek 44.27","Conodoguinet Creek below Opossum lake confluence","NAD83"
"74","CCCD.CONCRE5.25",40.27688,-76.944799,"Conodoguinet Creek 5.25","Conodoguinet Creek at Adams-Ricci Park","NAD83"
"75","CCCD.CONCRE59.72",40.177355,-77.454229,"Conodoguinet Creek 59.72","Conodoguinet Creek at Steelstown and Brandy Run Road","NAD83"
"76","CCCD.CONCRE6.09",40.270673,-76.95154,"Conodoguinet Creek 6.09","Conodoguinet Creek at Acri Meadow Park","NAD83"
"77","CCCD.CONCRE79.50",40.068522,-77.643277,"Conodoguinet Creek 79.50","Conodoguinet Creek at Creek Road and Cumberland Highway ","NAD83"
"78","CCCD.ENORUN0.47",40.28072,-76.933674,"Enola Run 0.47","Enola Run below the old landfill","NAD83"
"79","CCCD.GRESPRCRE0.16",40.157973,-77.449899,"Green Spring Creek","Green Spring Creek at Green Spring Brethren in Christ Church","NAD83"
"80","CCCD.HOGRUN0.98",40.244428,-77.033945,"Hogestown Run 0.98","Hogestown Run","NAD83"
"81","CCCD.LETSPRRUN4.77",40.195294,-77.184267,"LeTort Spring Run 4.77","Letort Spring Run at Letort Park","NAD83"
"82","CCCD.MIDSPRCRE0.02",40.10478,-77.559186,"Middle Spring Creek 0.02","Middle Spring Creek at McClays Mill Road","NAD83"
"83","CCCD.MIDSPRCRE5.26",40.061807,-77.532396,"Middle Spring Creek 5.26","Middle Spring Creek at Bard Road Bridge","NAD83"
"84","CCCD.MOUROCSPRCRE0.03",40.214809,-77.299823,"Mount Rock Spring Creek 0.03","Mount Rock Spring Creek","NAD83"
"85","CCCD.TRISPRRUN0.16",40.251672,-77.00744,"Trindle Spring Run 0.16","Trindle Spring Run behind Wegmans","NAD83"
"86","CCCD.UNT0.06",40.231014,-77.218649,"UNT to Conodoguinet Creek 0.06","UNT at North Middleton Park","NAD83"
"87","CCCD.UNT0.07",40.265907,-77.223096,"UNT to Conodoguinet Creek","UNT to Conodoguinet near North Middleton park","NAD83"
"88","CCCD.WERRUN0.34",40.244658,-77.17598,"Wertz Run 0.34","Wertz Run at Partridge Circle Neighborhood Park","NAD83"
"89","CVTU.LETSPRRUN6.66",40.17365,-77.188767,"LeTort Spring Run 6.66","LeTort Spring Run 6.66","NAD83"
"90","CVTU.LETSPRRUN7.23",40.16865,-77.193367,"LeTort Spring Run 7.23","LeTort Spring Run 7.23","NAD83"
"91","CVTU.UNTLETSPRRUN0.71",40.173767,-77.177667,"UNT LeTort Spring Run 0.71","UNT LeTort Spring Run 0.71","NAD83"
"92","GCWD.LONRUN4.13",41.794478,-77.5719,"Long Run 4.13","Long Run 4.13","NAD83"
"93","GCWD.MILCRE1.08",41.905986,-77.53425,"Mill Creek 1.08","Mill Creek 1.08","NAD83"
"94","GCWD.MILCRE1.67",41.898775,-77.53058,"Mill Creek 1.67","Mill Creek 1.67","NAD83"
"95","GCWD.MILCRE2.32",41.889884,-77.5297,"Mill Creek 2.32","Mill Creek 2.32","NAD83"
"96","HAWQS.DB1",37.40815,-77.3031,"Deep Bottom 1",NA,"NAD83"
"97","HAWQS.EL1",37.67076,-77.54776,"Echo Lake 1",NA,"NAD83"
"98","HAWQS.EL2",37.67443,-77.5481,"Echo Lake 2",NA,"NAD83"
"99","HAWQS.JB1",37.58861,-77.49361,"Jordan Branch 1",NA,"NAD83"
"100","HAWQS.NR1",37.63759,-77.47739,"North Run 1",NA,"NAD83"
"101","HAWQS.SR1",37.54424,-77.36193,"Stony Run 1",NA,"NAD83"
"102","HAWQS.TC1",37.63404,-77.58027,"Three Chopt 1",NA,"NAD83"
"103","HAWQS.WL1",37.65998,-77.57763,"Waterfront Lake 1",NA,"NAD83"
"104","NWA.BACR2",38.4555,-75.7569,"Mardela Springs Boat Ramp","Bridge","NAD83"
"105","NWA.BRCR1",38.5645,-75.6723,"Phillips Landing","Public dock","NAD83"
"106","NWA.BRCR2",38.5674,-75.6211,"Bethel Dock","Town dock","NAD83"
"107","NWA.BRCR3",38.5583,-75.5696,"Laurel Dock","Bridge","NAD83"
"108","NWA.CHIC1",38.5134,-75.8796,"Chicamicomico HW","Private","NAD83"
"109","NWA.COBR1",38.6422,-75.6068,"Seaford Canoe Launch","Public dock","NAD83"
"110","NWA.COBR3",38.6916,-75.5995,"Conrail Rd.","Temporary until COBR2 is accessible again","NAD83"
"111","NWA.DECR2",38.6659,-75.5146,"Old Furnace Rd","Bridge","NAD83"
"112","NWA.DECR3",38.644607,-75.579428,"Old Meadow Rd.","Private dock","NAD83"
"113","NWA.DEHE1",38.7475,-75.5816,"Redden Road","Bridge","NAD83"
"114","NWA.DEHE2",38.7283,-75.562,"Rifle Range Road","Bridge","NAD83"
"115","NWA.DEHE3",38.6647,-75.5639,"Middleford","Private dock","NAD83"
"116","NWA.DEHE4",38.643,-75.5929,"Glen Sizemore Realty","Private dock","NAD83"
"117","NWA.DENA2",38.6336,-75.6177,"Seaford Boat Launch","Public dock","NAD83"
"118","NWA.DENA4",38.6013,-75.6563,"Woodland Ferry","Private dock","NAD83"
"119","NWA.GRBR1",38.6871,-75.5481,"Coverdale Rd","Bridge","NAD83"
"120","NWA.JABR1",38.5546,-75.5394,"James Branch","Private platform","NAD83"
"121","NWA.LIBL1",38.54619,-76.08297,"Little Blackwater 1","Bridge","NAD83"
"122","NWA.LIBL4",38.51675,-76.0808,"Little Blackwater 4","Bridge","NAD83"
"123","NWA.MAHO2",38.6882,-75.7701,"Federalsburg Marina","Public dock","NAD83"
"124","NWA.MAHO3",38.7627,-75.723,"Noble Road","Bridge","NAD83"
"125","NWA.MAHO5",38.545,-75.7627,"Henson Scout Reservation","Boy Scout dock","NAD83"
"126","NWA.MANA1",38.5456,-75.7175,"Cherry Beach Park","Dock","NAD83"
"127","NWA.MANA2",38.5124,-75.7561,"Riverton Wharf","Private dock","NAD83"
"128","NWA.MANA3",38.4828,-75.8232,"Vienna Docks","Floating dock","NAD83"
"129","NWA.MANA4",38.4152,-75.85,"Lewis Wharf","Private dock","NAD83"
"130","NWA.MANA5",38.3096,-75.8929,"Bivalve Wharf","Public dock","NAD83"
"131","NWA.MANA6",38.2712,-75.9092,"Nanticoke Harbor","Private dock","NAD83"
"132","NWA.QUCR1",38.3664,-75.7722,"Quantico Creek","Bridge","NAD83"
"133","NWA.RECR1",38.4016,-75.7905,"Rewastico Creek","Private dock","NAD83"
"134","NWA.RECR2c",38.4106,-75.7544,"Rewastico Pond Creek","Bridge ","NAD83"
"135","NWA.RECR2p",38.4106,-75.7544,"Rewastico Pond","Launch from canoe/row boat","NAD83"
"136","NWA.TRAN1",38.5508,-75.9528,"Transquaking HW","Tricky to get to","NAD83"
"137","NWA.TYCR1",38.320059,-75.859137,"Tyaskin Creek","Bridge","NAD83"
"138","NWA.WECR1",38.3267,-75.8665,"Wetipquin Boat Ramp","Bridge; very high; deep; swift","NAD83"
