"","paramMethod","SOURCE","STATION","SAMPLE_DATE","SAMPLE_TIME","paramCode","SAMPLE_ID","EventId","AGENCY","PROGRAM","DateTime","DEPTH","SAMPLE_TYPE","TIER","Matrix","QUALIFIER","VALUE","UNITS","PROBLEM","LAB","labName","modifiedDate","detLimit","qaFlag","COMMENTS","count.x","count.y","LAYER","PROJECT","SampleAnalyticalMethodIdentifier","SubstanceIdentificationName","errorCode","errorName"
"697",999,"LRA","ALLARM.LT9","02/26/2000","12:00:00","NO3N.3","M1",1396,"CMC","NTWQM",2000-02-26 12:00:00,0.3,"ISM",2,"Water",NA,5.9,"MG/L",NA,NA,NA,2017-10-27 15:58:05,NA,2,NA,1,1,"S","PARTNTID",NA,NA,4,"sample does not have an associated bay program method code"
"698",999,"LRA","ALLARM.LT3","02/26/2000","12:00:00","TDS.1","M1",1390,"CMC","NTWQM",2000-02-26 12:00:00,0.3,"ISM",1,"Water",NA,160,"MG/L",NA,NA,NA,2017-10-27 15:57:58,NA,2,NA,1,1,"S","PARTNTID",NA,NA,4,"sample does not have an associated bay program method code"
"699",999,"LRA","ALLARM.LT4","08/31/2000","12:00:00","TDS.1","M1",1451,"CMC","NTWQM",2000-08-31 12:00:00,0.3,"ISM",1,"Water",NA,250,"MG/L",NA,NA,NA,2017-10-27 15:59:16,NA,2,NA,1,1,"S","PARTNTID",NA,NA,4,"sample does not have an associated bay program method code"
"700",999,"LRA","ALLARM.LT1","03/28/2000","12:00:00","NO3N.3","M1",1398,"CMC","NTWQM",2000-03-28 12:00:00,0.3,"ISM",2,"Water",NA,6.9,"MG/L",NA,NA,NA,2017-10-27 15:58:08,NA,2,NA,1,1,"S","PARTNTID",NA,NA,4,"sample does not have an associated bay program method code"
"701",999,"LRA","ALLARM.LT6","02/26/2000","12:00:00","TDS.1","M1",1393,"CMC","NTWQM",2000-02-26 12:00:00,0.3,"ISM",1,"Water",NA,170,"MG/L",NA,NA,NA,2017-10-27 15:58:02,NA,2,NA,1,1,"S","PARTNTID",NA,NA,4,"sample does not have an associated bay program method code"
"702",999,"LRA","ALLARM.LT3","03/28/2000","12:00:00","NO3N.3","M1",1400,"CMC","NTWQM",2000-03-28 12:00:00,0.3,"ISM",2,"Water",NA,6.1,"MG/L",NA,NA,NA,2017-10-27 15:58:10,NA,2,NA,1,1,"S","PARTNTID",NA,NA,4,"sample does not have an associated bay program method code"
"703",999,"LRA","ALLARM.LT1","03/28/2000","12:00:00","TDS.1","M1",1398,"CMC","NTWQM",2000-03-28 12:00:00,0.3,"ISM",1,"Water",NA,170,"MG/L",NA,NA,NA,2017-10-27 15:58:08,NA,2,NA,1,1,"S","PARTNTID",NA,NA,4,"sample does not have an associated bay program method code"
"704",999,"LRA","ALLARM.LT9","03/28/2000","12:00:00","NO3N.3","M1",1406,"CMC","NTWQM",2000-03-28 12:00:00,0.3,"ISM",2,"Water",NA,5.5,"MG/L",NA,NA,NA,2017-10-27 15:58:17,NA,2,NA,1,1,"S","PARTNTID",NA,NA,4,"sample does not have an associated bay program method code"
"705",999,"LRA","ALLARM.LT3","03/28/2000","12:00:00","TDS.1","M1",1400,"CMC","NTWQM",2000-03-28 12:00:00,0.3,"ISM",1,"Water",NA,160,"MG/L",NA,NA,NA,2017-10-27 15:58:10,NA,2,NA,1,1,"S","PARTNTID",NA,NA,4,"sample does not have an associated bay program method code"
"706",999,"LRA","ALLARM.LT4","09/28/2000","12:00:00","TDS.1","M1",1461,"CMC","NTWQM",2000-09-28 12:00:00,0.3,"ISM",1,"Water",NA,250,"MG/L",NA,NA,NA,2017-10-27 15:59:31,NA,2,NA,1,1,"S","PARTNTID",NA,NA,4,"sample does not have an associated bay program method code"
"707",999,"LRA","ALLARM.LT1","04/24/2000","12:00:00","NO3N.3","M1",1408,"CMC","NTWQM",2000-04-24 12:00:00,0.3,"ISM",2,"Water",NA,6.2,"MG/L",NA,NA,NA,2017-10-27 15:58:19,NA,2,NA,1,1,"S","PARTNTID",NA,NA,4,"sample does not have an associated bay program method code"
"708",999,"LRA","ALLARM.LT6","03/28/2000","12:00:00","TDS.1","M1",1403,"CMC","NTWQM",2000-03-28 12:00:00,0.3,"ISM",1,"Water",NA,20,"MG/L",NA,NA,NA,2017-10-27 15:58:14,NA,2,NA,1,1,"S","PARTNTID",NA,NA,4,"sample does not have an associated bay program method code"
"709",999,"LRA","ALLARM.LT3","04/24/2000","12:00:00","NO3N.3","M1",1410,"CMC","NTWQM",2000-04-24 12:00:00,0.3,"ISM",2,"Water",NA,6.6,"MG/L",NA,NA,NA,2017-10-27 15:58:21,NA,2,NA,1,1,"S","PARTNTID",NA,NA,4,"sample does not have an associated bay program method code"
"710",999,"LRA","ALLARM.LT10","10/26/2000","12:00:00","TDS.1","M1",1477,"CMC","NTWQM",2000-10-26 12:00:00,0.3,"ISM",1,"Water",NA,320,"MG/L",NA,NA,NA,2017-10-27 15:59:54,NA,2,NA,1,1,"S","PARTNTID",NA,NA,4,"sample does not have an associated bay program method code"
"711",999,"LRA","ALLARM.LT1","10/26/2000","12:00:00","TDS.1","M1",1468,"CMC","NTWQM",2000-10-26 12:00:00,0.3,"ISM",1,"Water",NA,230,"MG/L",NA,NA,NA,2017-10-27 15:59:41,NA,2,NA,1,1,"S","PARTNTID",NA,NA,4,"sample does not have an associated bay program method code"
"712",999,"LRA","ALLARM.LT6","04/24/2000","12:00:00","NO3N.3","M1",1413,"CMC","NTWQM",2000-04-24 12:00:00,0.3,"ISM",2,"Water",NA,5.9,"MG/L",NA,NA,NA,2017-10-27 15:58:25,NA,2,NA,1,1,"S","PARTNTID",NA,NA,4,"sample does not have an associated bay program method code"
"713",999,"LRA","ALLARM.LT1","05/31/2000","12:00:00","NO3N.3","M1",1418,"CMC","NTWQM",2000-05-31 12:00:00,0.3,"ISM",2,"Water",NA,7.3,"MG/L",NA,NA,NA,2017-10-27 15:58:30,NA,2,NA,1,1,"S","PARTNTID",NA,NA,4,"sample does not have an associated bay program method code"
"714",999,"LRA","ALLARM.LT10","11/17/2000","12:00:00","NO3N.3","M1",1487,"CMC","NTWQM",2000-11-17 12:00:00,0.3,"ISM",2,"Water",NA,4.9,"MG/L",NA,NA,NA,2017-10-27 16:00:10,NA,2,NA,1,1,"S","PARTNTID",NA,NA,4,"sample does not have an associated bay program method code"
"715",999,"LRA","ALLARM.LT3","05/31/2000","12:00:00","NO3N.3","M1",1420,"CMC","NTWQM",2000-05-31 12:00:00,0.3,"ISM",2,"Water",NA,6.8,"MG/L",NA,NA,NA,2017-10-27 15:58:33,NA,2,NA,1,1,"S","PARTNTID",NA,NA,4,"sample does not have an associated bay program method code"
"716",999,"LRA","ALLARM.LT1","05/31/2000","12:00:00","TDS.1","M1",1418,"CMC","NTWQM",2000-05-31 12:00:00,0.3,"ISM",1,"Water",NA,270,"MG/L",NA,NA,NA,2017-10-27 15:58:30,NA,2,NA,1,1,"S","PARTNTID",NA,NA,4,"sample does not have an associated bay program method code"
"717",999,"LRA","ALLARM.LT10","11/17/2000","12:00:00","TDS.1","M1",1487,"CMC","NTWQM",2000-11-17 12:00:00,0.3,"ISM",1,"Water",NA,340,"MG/L",NA,NA,NA,2017-10-27 16:00:10,NA,2,NA,1,1,"S","PARTNTID",NA,NA,4,"sample does not have an associated bay program method code"
"718",999,"LRA","ALLARM.LT3","05/31/2000","12:00:00","TDS.1","M1",1420,"CMC","NTWQM",2000-05-31 12:00:00,0.3,"ISM",1,"Water",NA,280,"MG/L",NA,NA,NA,2017-10-27 15:58:33,NA,2,NA,1,1,"S","PARTNTID",NA,NA,4,"sample does not have an associated bay program method code"
"719",999,"LRA","ALLARM.LT7","11/17/2000","12:00:00","NO3N.3","M1",1484,"CMC","NTWQM",2000-11-17 12:00:00,0.3,"ISM",2,"Water",NA,5.2,"MG/L",NA,NA,NA,2017-10-27 16:00:05,NA,2,NA,1,1,"S","PARTNTID",NA,NA,4,"sample does not have an associated bay program method code"
"720",999,"LRA","ALLARM.LT1","06/28/2000","12:00:00","NO3N.3","M1",1428,"CMC","NTWQM",2000-06-28 12:00:00,0.3,"ISM",2,"Water",NA,6.1,"MG/L",NA,NA,NA,2017-10-27 15:58:44,NA,2,NA,1,1,"S","PARTNTID",NA,NA,4,"sample does not have an associated bay program method code"
"721",999,"LRA","ALLARM.LT10","12/07/2000","12:00:00","NO3N.3","M1",1497,"CMC","NTWQM",2000-12-07 12:00:00,0.3,"ISM",2,"Water",NA,4.1,"MG/L",NA,NA,NA,2017-10-27 16:00:28,NA,2,NA,1,1,"S","PARTNTID",NA,NA,4,"sample does not have an associated bay program method code"
"722",999,"LRA","ALLARM.LT3","06/28/2000","12:00:00","NO3N.3","M1",1430,"CMC","NTWQM",2000-06-28 12:00:00,0.3,"ISM",2,"Water",NA,6.6,"MG/L",NA,NA,NA,2017-10-27 15:58:46,NA,2,NA,1,1,"S","PARTNTID",NA,NA,4,"sample does not have an associated bay program method code"
"723",999,"LRA","ALLARM.LT1","06/28/2000","12:00:00","TDS.1","M1",1428,"CMC","NTWQM",2000-06-28 12:00:00,0.3,"ISM",1,"Water",NA,310,"MG/L",NA,NA,NA,2017-10-27 15:58:44,NA,2,NA,1,1,"S","PARTNTID",NA,NA,4,"sample does not have an associated bay program method code"
"724",999,"LRA","ALLARM.LT10","12/07/2000","12:00:00","TDS.1","M1",1497,"CMC","NTWQM",2000-12-07 12:00:00,0.3,"ISM",1,"Water",NA,300,"MG/L",NA,NA,NA,2017-10-27 16:00:28,NA,2,NA,1,1,"S","PARTNTID",NA,NA,4,"sample does not have an associated bay program method code"
"725",999,"LRA","ALLARM.LT3","06/28/2000","12:00:00","TDS.1","M1",1430,"CMC","NTWQM",2000-06-28 12:00:00,0.3,"ISM",1,"Water",NA,300,"MG/L",NA,NA,NA,2017-10-27 15:58:46,NA,2,NA,1,1,"S","PARTNTID",NA,NA,4,"sample does not have an associated bay program method code"
"726",999,"LRA","ALLARM.LT7","12/07/2000","12:00:00","NO3N.3","M1",1494,"CMC","NTWQM",2000-12-07 12:00:00,0.3,"ISM",2,"Water",NA,6,"MG/L",NA,NA,NA,2017-10-27 16:00:23,NA,2,NA,1,1,"S","PARTNTID",NA,NA,4,"sample does not have an associated bay program method code"
"727",999,"LRA","ALLARM.LT1","07/25/2000","12:00:00","NO3N.3","M1",1438,"CMC","NTWQM",2000-07-25 12:00:00,0.3,"ISM",2,"Water",NA,5.9,"MG/L",NA,NA,NA,2017-10-27 15:58:58,NA,2,NA,1,1,"S","PARTNTID",NA,NA,4,"sample does not have an associated bay program method code"
"728",999,"LRA","ALLARM.LT2","01/31/2000","12:00:00","NO3N.3","M1",1379,"CMC","NTWQM",2000-01-31 12:00:00,0.3,"ISM",2,"Water",NA,8.7,"MG/L",NA,NA,NA,2017-10-27 15:57:44,NA,2,NA,1,1,"S","PARTNTID",NA,NA,4,"sample does not have an associated bay program method code"
"729",999,"LRA","ALLARM.LT3","07/25/2000","12:00:00","NO3N.3","M1",1440,"CMC","NTWQM",2000-07-25 12:00:00,0.3,"ISM",2,"Water",NA,6,"MG/L",NA,NA,NA,2017-10-27 15:59:01,NA,2,NA,1,1,"S","PARTNTID",NA,NA,4,"sample does not have an associated bay program method code"
"730",999,"LRA","ALLARM.LT1","07/25/2000","12:00:00","TDS.1","M1",1438,"CMC","NTWQM",2000-07-25 12:00:00,0.3,"ISM",1,"Water",NA,260,"MG/L",NA,NA,NA,2017-10-27 15:58:58,NA,2,NA,1,1,"S","PARTNTID",NA,NA,4,"sample does not have an associated bay program method code"
"731",999,"LRA","ALLARM.LT2","01/31/2000","12:00:00","TDS.1","M1",1379,"CMC","NTWQM",2000-01-31 12:00:00,0.3,"ISM",1,"Water",NA,150,"MG/L",NA,NA,NA,2017-10-27 15:57:44,NA,2,NA,1,1,"S","PARTNTID",NA,NA,4,"sample does not have an associated bay program method code"
"732",999,"LRA","ALLARM.LT3","07/25/2000","12:00:00","TDS.1","M1",1440,"CMC","NTWQM",2000-07-25 12:00:00,0.3,"ISM",1,"Water",NA,250,"MG/L",NA,NA,NA,2017-10-27 15:59:01,NA,2,NA,1,1,"S","PARTNTID",NA,NA,4,"sample does not have an associated bay program method code"
"733",999,"LRA","ALLARM.LT5","01/31/2000","12:00:00","TDS.1","M1",1382,"CMC","NTWQM",2000-01-31 12:00:00,0.3,"ISM",1,"Water",NA,180,"MG/L",NA,NA,NA,2017-10-27 15:57:48,NA,2,NA,1,1,"S","PARTNTID",NA,NA,4,"sample does not have an associated bay program method code"
"734",999,"LRA","ALLARM.LT1","08/31/2000","12:00:00","NO3N.3","M1",1448,"CMC","NTWQM",2000-08-31 12:00:00,0.3,"ISM",2,"Water",NA,6.5,"MG/L",NA,NA,NA,2017-10-27 15:59:12,NA,2,NA,1,1,"S","PARTNTID",NA,NA,4,"sample does not have an associated bay program method code"
"735",999,"LRA","ALLARM.LT2","02/26/2000","12:00:00","NO3N.3","M1",1389,"CMC","NTWQM",2000-02-26 12:00:00,0.3,"ISM",2,"Water",NA,7.9,"MG/L",NA,NA,NA,2017-10-27 15:57:57,NA,2,NA,1,1,"S","PARTNTID",NA,NA,4,"sample does not have an associated bay program method code"
"736",999,"LRA","ALLARM.LT8","01/31/2000","12:00:00","TDS.1","M1",1385,"CMC","NTWQM",2000-01-31 12:00:00,0.3,"ISM",1,"Water",NA,120,"MG/L",NA,NA,NA,2017-10-27 15:57:52,NA,2,NA,1,1,"S","PARTNTID",NA,NA,4,"sample does not have an associated bay program method code"
"737",999,"LRA","ALLARM.LT1","08/31/2000","12:00:00","TDS.1","M1",1448,"CMC","NTWQM",2000-08-31 12:00:00,0.3,"ISM",1,"Water",NA,240,"MG/L",NA,NA,NA,2017-10-27 15:59:12,NA,2,NA,1,1,"S","PARTNTID",NA,NA,4,"sample does not have an associated bay program method code"
"738",999,"LRA","ALLARM.LT2","02/26/2000","12:00:00","TDS.1","M1",1389,"CMC","NTWQM",2000-02-26 12:00:00,0.3,"ISM",1,"Water",NA,170,"MG/L",NA,NA,NA,2017-10-27 15:57:57,NA,2,NA,1,1,"S","PARTNTID",NA,NA,4,"sample does not have an associated bay program method code"
"739",999,"LRA","ALLARM.LT6","02/26/2000","12:00:00","NO3N.3","M1",1393,"CMC","NTWQM",2000-02-26 12:00:00,0.3,"ISM",2,"Water",NA,6.8,"MG/L",NA,NA,NA,2017-10-27 15:58:02,NA,2,NA,1,1,"S","PARTNTID",NA,NA,4,"sample does not have an associated bay program method code"
"740",999,"LRA","ALLARM.LT5","02/26/2000","12:00:00","TDS.1","M1",1392,"CMC","NTWQM",2000-02-26 12:00:00,0.3,"ISM",1,"Water",NA,170,"MG/L",NA,NA,NA,2017-10-27 15:58:01,NA,2,NA,1,1,"S","PARTNTID",NA,NA,4,"sample does not have an associated bay program method code"
"741",999,"LRA","ALLARM.LT1","09/28/2000","12:00:00","NO3N.3","M1",1458,"CMC","NTWQM",2000-09-28 12:00:00,0.3,"ISM",2,"Water",NA,6.3,"MG/L",NA,NA,NA,2017-10-27 15:59:26,NA,2,NA,1,1,"S","PARTNTID",NA,NA,4,"sample does not have an associated bay program method code"
"742",999,"LRA","ALLARM.LT3","09/28/2000","12:00:00","NO3N.3","M1",1460,"CMC","NTWQM",2000-09-28 12:00:00,0.3,"ISM",2,"Water",NA,6.4,"MG/L",NA,NA,NA,2017-10-27 15:59:29,NA,2,NA,1,1,"S","PARTNTID",NA,NA,4,"sample does not have an associated bay program method code"
"743",999,"LRA","ALLARM.LT8","02/26/2000","12:00:00","TDS.1","M1",1395,"CMC","NTWQM",2000-02-26 12:00:00,0.3,"ISM",1,"Water",NA,110,"MG/L",NA,NA,NA,2017-10-27 15:58:04,NA,2,NA,1,1,"S","PARTNTID",NA,NA,4,"sample does not have an associated bay program method code"
"744",999,"LRA","ALLARM.LT1","09/28/2000","12:00:00","TDS.1","M1",1458,"CMC","NTWQM",2000-09-28 12:00:00,0.3,"ISM",1,"Water",NA,240,"MG/L",NA,NA,NA,2017-10-27 15:59:26,NA,2,NA,1,1,"S","PARTNTID",NA,NA,4,"sample does not have an associated bay program method code"
"745",999,"LRA","ALLARM.LT3","09/28/2000","12:00:00","TDS.1","M1",1460,"CMC","NTWQM",2000-09-28 12:00:00,0.3,"ISM",1,"Water",NA,250,"MG/L",NA,NA,NA,2017-10-27 15:59:29,NA,2,NA,1,1,"S","PARTNTID",NA,NA,4,"sample does not have an associated bay program method code"
"746",999,"LRA","ALLARM.LT5","03/28/2000","12:00:00","TDS.1","M1",1402,"CMC","NTWQM",2000-03-28 12:00:00,0.3,"ISM",1,"Water",NA,70,"MG/L",NA,NA,NA,2017-10-27 15:58:13,NA,2,NA,1,1,"S","PARTNTID",NA,NA,4,"sample does not have an associated bay program method code"
"747",999,"LRA","ALLARM.LT9","09/28/2000","12:00:00","TDS.1","M1",1466,"CMC","NTWQM",2000-09-28 12:00:00,0.3,"ISM",1,"Water",NA,280,"MG/L",NA,NA,NA,2017-10-27 15:59:38,NA,2,NA,1,1,"S","PARTNTID",NA,NA,4,"sample does not have an associated bay program method code"
"748",999,"LRA","ALLARM.LT1","10/26/2000","12:00:00","NO3N.3","M1",1468,"CMC","NTWQM",2000-10-26 12:00:00,0.3,"ISM",2,"Water",NA,6.3,"MG/L",NA,NA,NA,2017-10-27 15:59:41,NA,2,NA,1,1,"S","PARTNTID",NA,NA,4,"sample does not have an associated bay program method code"
"749",999,"LRA","ALLARM.LT3","10/26/2000","12:00:00","NO3N.3","M1",1470,"CMC","NTWQM",2000-10-26 12:00:00,0.3,"ISM",2,"Water",NA,5.8,"MG/L",NA,NA,NA,2017-10-27 15:59:44,NA,2,NA,1,1,"S","PARTNTID",NA,NA,4,"sample does not have an associated bay program method code"
"750",999,"LRA","ALLARM.LT5","04/24/2000","12:00:00","NO3N.3","M1",1412,"CMC","NTWQM",2000-04-24 12:00:00,0.3,"ISM",2,"Water",NA,6,"MG/L",NA,NA,NA,2017-10-27 15:58:24,NA,2,NA,1,1,"S","PARTNTID",NA,NA,4,"sample does not have an associated bay program method code"
"751",999,"LRA","ALLARM.LT5","10/26/2000","12:00:00","NO3N.3","M1",1472,"CMC","NTWQM",2000-10-26 12:00:00,0.3,"ISM",2,"Water",NA,5.7,"MG/L",NA,NA,NA,2017-10-27 15:59:47,NA,2,NA,1,1,"S","PARTNTID",NA,NA,4,"sample does not have an associated bay program method code"
"752",999,"LRA","ALLARM.LT3","10/26/2000","12:00:00","TDS.1","M1",1470,"CMC","NTWQM",2000-10-26 12:00:00,0.3,"ISM",1,"Water",NA,250,"MG/L",NA,NA,NA,2017-10-27 15:59:44,NA,2,NA,1,1,"S","PARTNTID",NA,NA,4,"sample does not have an associated bay program method code"
"753",999,"LRA","ALLARM.LT10","05/31/2000","12:00:00","NO3N.3","M1",1427,"CMC","NTWQM",2000-05-31 12:00:00,0.3,"ISM",2,"Water",NA,5.1,"MG/L",NA,NA,NA,2017-10-27 15:58:42,NA,2,NA,1,1,"S","PARTNTID",NA,NA,4,"sample does not have an associated bay program method code"
"754",999,"LRA","ALLARM.LT2","05/31/2000","12:00:00","NO3N.3","M1",1419,"CMC","NTWQM",2000-05-31 12:00:00,0.3,"ISM",2,"Water",NA,6.5,"MG/L",NA,NA,NA,2017-10-27 15:58:31,NA,2,NA,1,1,"S","PARTNTID",NA,NA,4,"sample does not have an associated bay program method code"
"755",999,"LRA","ALLARM.LT1","11/17/2000","12:00:00","NO3N.3","M1",1478,"CMC","NTWQM",2000-11-17 12:00:00,0.3,"ISM",2,"Water",NA,6.4,"MG/L",NA,NA,NA,2017-10-27 15:59:56,NA,2,NA,1,1,"S","PARTNTID",NA,NA,4,"sample does not have an associated bay program method code"
"756",999,"LRA","ALLARM.LT3","11/17/2000","12:00:00","NO3N.3","M1",1480,"CMC","NTWQM",2000-11-17 12:00:00,0.3,"ISM",2,"Water",NA,5.8,"MG/L",NA,NA,NA,2017-10-27 15:59:59,NA,2,NA,1,1,"S","PARTNTID",NA,NA,4,"sample does not have an associated bay program method code"
"757",999,"LRA","ALLARM.LT2","05/31/2000","12:00:00","TDS.1","M1",1419,"CMC","NTWQM",2000-05-31 12:00:00,0.3,"ISM",1,"Water",NA,260,"MG/L",NA,NA,NA,2017-10-27 15:58:31,NA,2,NA,1,1,"S","PARTNTID",NA,NA,4,"sample does not have an associated bay program method code"
"758",999,"LRA","ALLARM.LT1","11/17/2000","12:00:00","TDS.1","M1",1478,"CMC","NTWQM",2000-11-17 12:00:00,0.3,"ISM",1,"Water",NA,240,"MG/L",NA,NA,NA,2017-10-27 15:59:56,NA,2,NA,1,1,"S","PARTNTID",NA,NA,4,"sample does not have an associated bay program method code"
"759",999,"LRA","ALLARM.LT3","11/17/2000","12:00:00","TDS.1","M1",1480,"CMC","NTWQM",2000-11-17 12:00:00,0.3,"ISM",1,"Water",NA,260,"MG/L",NA,NA,NA,2017-10-27 15:59:59,NA,2,NA,1,1,"S","PARTNTID",NA,NA,4,"sample does not have an associated bay program method code"
"760",999,"LRA","ALLARM.LT10","06/28/2000","12:00:00","NO3N.3","M1",1437,"CMC","NTWQM",2000-06-28 12:00:00,0.3,"ISM",2,"Water",NA,4.7,"MG/L",NA,NA,NA,2017-10-27 15:58:56,NA,2,NA,1,1,"S","PARTNTID",NA,NA,4,"sample does not have an associated bay program method code"
"761",999,"LRA","ALLARM.LT2","06/28/2000","12:00:00","NO3N.3","M1",1429,"CMC","NTWQM",2000-06-28 12:00:00,0.3,"ISM",2,"Water",NA,8.8,"MG/L",NA,NA,NA,2017-10-27 15:58:45,NA,2,NA,1,1,"S","PARTNTID",NA,NA,4,"sample does not have an associated bay program method code"
"762",999,"LRA","ALLARM.LT1","12/07/2000","12:00:00","NO3N.3","M1",1488,"CMC","NTWQM",2000-12-07 12:00:00,0.3,"ISM",2,"Water",NA,6.3,"MG/L",NA,NA,NA,2017-10-27 16:00:12,NA,2,NA,1,1,"S","PARTNTID",NA,NA,4,"sample does not have an associated bay program method code"
"763",999,"LRA","ALLARM.LT3","12/07/2000","12:00:00","NO3N.3","M1",1490,"CMC","NTWQM",2000-12-07 12:00:00,0.3,"ISM",2,"Water",NA,6.9,"MG/L",NA,NA,NA,2017-10-27 16:00:15,NA,2,NA,1,1,"S","PARTNTID",NA,NA,4,"sample does not have an associated bay program method code"
"764",999,"LRA","ALLARM.LT2","06/28/2000","12:00:00","TDS.1","M1",1429,"CMC","NTWQM",2000-06-28 12:00:00,0.3,"ISM",1,"Water",NA,300,"MG/L",NA,NA,NA,2017-10-27 15:58:45,NA,2,NA,1,1,"S","PARTNTID",NA,NA,4,"sample does not have an associated bay program method code"
"765",999,"LRA","ALLARM.LT1","12/07/2000","12:00:00","TDS.1","M1",1488,"CMC","NTWQM",2000-12-07 12:00:00,0.3,"ISM",1,"Water",NA,250,"MG/L",NA,NA,NA,2017-10-27 16:00:12,NA,2,NA,1,1,"S","PARTNTID",NA,NA,4,"sample does not have an associated bay program method code"
"766",999,"LRA","ALLARM.LT3","12/07/2000","12:00:00","TDS.1","M1",1490,"CMC","NTWQM",2000-12-07 12:00:00,0.3,"ISM",1,"Water",NA,270,"MG/L",NA,NA,NA,2017-10-27 16:00:15,NA,2,NA,1,1,"S","PARTNTID",NA,NA,4,"sample does not have an associated bay program method code"
"767",999,"LRA","ALLARM.LT1","01/31/2000","12:00:00","NO3N.3","M1",1378,"CMC","NTWQM",2000-01-31 12:00:00,0.3,"ISM",2,"Water",NA,7.2,"MG/L",NA,NA,NA,2017-10-27 15:57:43,NA,2,NA,1,1,"S","PARTNTID",NA,NA,4,"sample does not have an associated bay program method code"
"768",999,"LRA","ALLARM.LT10","01/31/2000","12:00:00","NO3N.3","M1",1387,"CMC","NTWQM",2000-01-31 12:00:00,0.3,"ISM",2,"Water",NA,6.4,"MG/L",NA,NA,NA,2017-10-27 15:57:55,NA,2,NA,1,1,"S","PARTNTID",NA,NA,4,"sample does not have an associated bay program method code"
"769",999,"LRA","ALLARM.LT6","12/07/2000","12:00:00","TDS.1","M1",1493,"CMC","NTWQM",2000-12-07 12:00:00,0.3,"ISM",1,"Water",NA,260,"MG/L",NA,NA,NA,2017-10-27 16:00:21,NA,2,NA,1,1,"S","PARTNTID",NA,NA,4,"sample does not have an associated bay program method code"
"770",999,"LRA","ALLARM.LT4","01/31/2000","12:00:00","NO3N.3","M1",1381,"CMC","NTWQM",2000-01-31 12:00:00,0.3,"ISM",2,"Water",NA,7,"MG/L",NA,NA,NA,2017-10-27 15:57:46,NA,2,NA,1,1,"S","PARTNTID",NA,NA,4,"sample does not have an associated bay program method code"
"771",999,"LRA","ALLARM.LT10","01/31/2000","12:00:00","TDS.1","M1",1387,"CMC","NTWQM",2000-01-31 12:00:00,0.3,"ISM",1,"Water",NA,150,"MG/L",NA,NA,NA,2017-10-27 15:57:55,NA,2,NA,1,1,"S","PARTNTID",NA,NA,4,"sample does not have an associated bay program method code"
"772",999,"LRA","ALLARM.LT3","01/31/2000","12:00:00","TDS.1","M1",1380,"CMC","NTWQM",2000-01-31 12:00:00,0.3,"ISM",1,"Water",NA,150,"MG/L",NA,NA,NA,2017-10-27 15:57:45,NA,2,NA,1,1,"S","PARTNTID",NA,NA,4,"sample does not have an associated bay program method code"
"773",999,"LRA","ALLARM.LT4","01/31/2000","12:00:00","TDS.1","M1",1381,"CMC","NTWQM",2000-01-31 12:00:00,0.3,"ISM",1,"Water",NA,150,"MG/L",NA,NA,NA,2017-10-27 15:57:46,NA,2,NA,1,1,"S","PARTNTID",NA,NA,4,"sample does not have an associated bay program method code"
"774",999,"LRA","ALLARM.LT1","02/26/2000","12:00:00","NO3N.3","M1",1388,"CMC","NTWQM",2000-02-26 12:00:00,0.3,"ISM",2,"Water",NA,7.1,"MG/L",NA,NA,NA,2017-10-27 15:57:56,NA,2,NA,1,1,"S","PARTNTID",NA,NA,4,"sample does not have an associated bay program method code"
"775",999,"LRA","ALLARM.LT10","02/26/2000","12:00:00","NO3N.3","M1",1397,"CMC","NTWQM",2000-02-26 12:00:00,0.3,"ISM",2,"Water",NA,6.1,"MG/L",NA,NA,NA,2017-10-27 15:58:07,NA,2,NA,1,1,"S","PARTNTID",NA,NA,4,"sample does not have an associated bay program method code"
"776",999,"LRA","ALLARM.LT7","01/31/2000","12:00:00","TDS.1","M1",1384,"CMC","NTWQM",2000-01-31 12:00:00,0.3,"ISM",1,"Water",NA,110,"MG/L",NA,NA,NA,2017-10-27 15:57:51,NA,2,NA,1,1,"S","PARTNTID",NA,NA,4,"sample does not have an associated bay program method code"
"777",999,"LRA","ALLARM.LT4","02/26/2000","12:00:00","NO3N.3","M1",1391,"CMC","NTWQM",2000-02-26 12:00:00,0.3,"ISM",2,"Water",NA,7.2,"MG/L",NA,NA,NA,2017-10-27 15:57:59,NA,2,NA,1,1,"S","PARTNTID",NA,NA,4,"sample does not have an associated bay program method code"
"778",999,"LRA","ALLARM.LT10","02/26/2000","12:00:00","TDS.1","M1",1397,"CMC","NTWQM",2000-02-26 12:00:00,0.3,"ISM",1,"Water",NA,170,"MG/L",NA,NA,NA,2017-10-27 15:58:07,NA,2,NA,1,1,"S","PARTNTID",NA,NA,4,"sample does not have an associated bay program method code"
"779",999,"LRA","ALLARM.LT3","08/31/2000","12:00:00","TDS.1","M1",1450,"CMC","NTWQM",2000-08-31 12:00:00,0.3,"ISM",1,"Water",NA,240,"MG/L",NA,NA,NA,2017-10-27 15:59:15,NA,2,NA,1,1,"S","PARTNTID",NA,NA,4,"sample does not have an associated bay program method code"
"780",999,"LRA","ALLARM.LT4","02/26/2000","12:00:00","TDS.1","M1",1391,"CMC","NTWQM",2000-02-26 12:00:00,0.3,"ISM",1,"Water",NA,170,"MG/L",NA,NA,NA,2017-10-27 15:57:59,NA,2,NA,1,1,"S","PARTNTID",NA,NA,4,"sample does not have an associated bay program method code"
"781",999,"LRA","ALLARM.LT10","03/28/2000","12:00:00","NO3N.3","M1",1407,"CMC","NTWQM",2000-03-28 12:00:00,0.3,"ISM",2,"Water",NA,5.3,"MG/L",NA,NA,NA,2017-10-27 15:58:18,NA,2,NA,1,1,"S","PARTNTID",NA,NA,4,"sample does not have an associated bay program method code"
"782",999,"LRA","ALLARM.LT2","09/28/2000","12:00:00","NO3N.3","M1",1459,"CMC","NTWQM",2000-09-28 12:00:00,0.3,"ISM",2,"Water",NA,8.05,"MG/L",NA,NA,NA,2017-10-27 15:59:28,NA,2,NA,1,1,"S","PARTNTID",NA,NA,4,"sample does not have an associated bay program method code"
"783",999,"LRA","ALLARM.LT4","03/28/2000","12:00:00","NO3N.3","M1",1401,"CMC","NTWQM",2000-03-28 12:00:00,0.3,"ISM",2,"Water",NA,5.3,"MG/L",NA,NA,NA,2017-10-27 15:58:12,NA,2,NA,1,1,"S","PARTNTID",NA,NA,4,"sample does not have an associated bay program method code"
"784",999,"LRA","ALLARM.LT5","09/28/2000","12:00:00","NO3N.3","M1",1462,"CMC","NTWQM",2000-09-28 12:00:00,0.3,"ISM",2,"Water",NA,6,"MG/L",NA,NA,NA,2017-10-27 15:59:32,NA,2,NA,1,1,"S","PARTNTID",NA,NA,4,"sample does not have an associated bay program method code"
"785",999,"LRA","ALLARM.LT2","09/28/2000","12:00:00","TDS.1","M1",1459,"CMC","NTWQM",2000-09-28 12:00:00,0.3,"ISM",1,"Water",NA,240,"MG/L",NA,NA,NA,2017-10-27 15:59:28,NA,2,NA,1,1,"S","PARTNTID",NA,NA,4,"sample does not have an associated bay program method code"
"786",999,"LRA","ALLARM.LT4","03/28/2000","12:00:00","TDS.1","M1",1401,"CMC","NTWQM",2000-03-28 12:00:00,0.3,"ISM",1,"Water",NA,130,"MG/L",NA,NA,NA,2017-10-27 15:58:12,NA,2,NA,1,1,"S","PARTNTID",NA,NA,4,"sample does not have an associated bay program method code"
"787",999,"LRA","ALLARM.LT10","04/24/2000","12:00:00","NO3N.3","M1",1417,"CMC","NTWQM",2000-04-24 12:00:00,0.3,"ISM",2,"Water",NA,5.3,"MG/L",NA,NA,NA,2017-10-27 15:58:29,NA,2,NA,1,1,"S","PARTNTID",NA,NA,4,"sample does not have an associated bay program method code"
"788",999,"LRA","ALLARM.LT10","10/26/2000","12:00:00","NO3N.3","M1",1477,"CMC","NTWQM",2000-10-26 12:00:00,0.3,"ISM",2,"Water",NA,4.2,"MG/L",NA,NA,NA,2017-10-27 15:59:54,NA,2,NA,1,1,"S","PARTNTID",NA,NA,4,"sample does not have an associated bay program method code"
"789",999,"LRA","ALLARM.LT2","10/26/2000","12:00:00","NO3N.3","M1",1469,"CMC","NTWQM",2000-10-26 12:00:00,0.3,"ISM",2,"Water",NA,5.9,"MG/L",NA,NA,NA,2017-10-27 15:59:43,NA,2,NA,1,1,"S","PARTNTID",NA,NA,4,"sample does not have an associated bay program method code"
"790",999,"LRA","ALLARM.LT4","04/24/2000","12:00:00","NO3N.3","M1",1411,"CMC","NTWQM",2000-04-24 12:00:00,0.3,"ISM",2,"Water",NA,6.3,"MG/L",NA,NA,NA,2017-10-27 15:58:22,NA,2,NA,1,1,"S","PARTNTID",NA,NA,4,"sample does not have an associated bay program method code"
"791",999,"LRA","ALLARM.LT4","10/26/2000","12:00:00","NO3N.3","M1",1471,"CMC","NTWQM",2000-10-26 12:00:00,0.3,"ISM",2,"Water",NA,6,"MG/L",NA,NA,NA,2017-10-27 15:59:45,NA,2,NA,1,1,"S","PARTNTID",NA,NA,4,"sample does not have an associated bay program method code"
"792",999,"LRA","ALLARM.LT9","10/26/2000","12:00:00","NO3N.3","M1",1476,"CMC","NTWQM",2000-10-26 12:00:00,0.3,"ISM",2,"Water",NA,4.6,"MG/L",NA,NA,NA,2017-10-27 15:59:53,NA,2,NA,1,1,"S","PARTNTID",NA,NA,4,"sample does not have an associated bay program method code"
"793",999,"LRA","ALLARM.LT7","10/26/2000","12:00:00","NO3N.3","M1",1474,"CMC","NTWQM",2000-10-26 12:00:00,0.3,"ISM",2,"Water",NA,4.8,"MG/L",NA,NA,NA,2017-10-27 15:59:50,NA,2,NA,1,1,"S","PARTNTID",NA,NA,4,"sample does not have an associated bay program method code"
"794",999,"LRA","ALLARM.LT5","10/26/2000","12:00:00","TDS.1","M1",1472,"CMC","NTWQM",2000-10-26 12:00:00,0.3,"ISM",1,"Water",NA,250,"MG/L",NA,NA,NA,2017-10-27 15:59:47,NA,2,NA,1,1,"S","PARTNTID",NA,NA,4,"sample does not have an associated bay program method code"
"795",999,"LRA","ALLARM.LT2","11/17/2000","12:00:00","NO3N.3","M1",1479,"CMC","NTWQM",2000-11-17 12:00:00,0.3,"ISM",2,"Water",NA,5.7,"MG/L",NA,NA,NA,2017-10-27 15:59:57,NA,2,NA,1,1,"S","PARTNTID",NA,NA,4,"sample does not have an associated bay program method code"
"796",999,"LRA","ALLARM.LT10","05/31/2000","12:00:00","TDS.1","M1",1427,"CMC","NTWQM",2000-05-31 12:00:00,0.3,"ISM",1,"Water",NA,330,"MG/L",NA,NA,NA,2017-10-27 15:58:42,NA,2,NA,1,1,"S","PARTNTID",NA,NA,4,"sample does not have an associated bay program method code"
"797",999,"LRA","ALLARM.LT8","11/17/2000","12:00:00","NO3N.3","M1",1485,"CMC","NTWQM",2000-11-17 12:00:00,0.3,"ISM",2,"Water",NA,4.5,"MG/L",NA,NA,NA,2017-10-27 16:00:06,NA,2,NA,1,1,"S","PARTNTID",NA,NA,4,"sample does not have an associated bay program method code"
"798",999,"LRA","ALLARM.LT2","11/17/2000","12:00:00","TDS.1","M1",1479,"CMC","NTWQM",2000-11-17 12:00:00,0.3,"ISM",1,"Water",NA,230,"MG/L",NA,NA,NA,2017-10-27 15:59:57,NA,2,NA,1,1,"S","PARTNTID",NA,NA,4,"sample does not have an associated bay program method code"
"799",999,"LRA","ALLARM.LT4","05/31/2000","12:00:00","TDS.1","M1",1421,"CMC","NTWQM",2000-05-31 12:00:00,0.3,"ISM",1,"Water",NA,290,"MG/L",NA,NA,NA,2017-10-27 15:58:34,NA,2,NA,1,1,"S","PARTNTID",NA,NA,4,"sample does not have an associated bay program method code"
"800",999,"LRA","ALLARM.LT9","05/31/2000","12:00:00","TDS.1","M1",1426,"CMC","NTWQM",2000-05-31 12:00:00,0.3,"ISM",1,"Water",NA,360,"MG/L",NA,NA,NA,2017-10-27 15:58:41,NA,2,NA,1,1,"S","PARTNTID",NA,NA,4,"sample does not have an associated bay program method code"
"801",999,"LRA","ALLARM.LT5","11/17/2000","12:00:00","TDS.1","M1",1482,"CMC","NTWQM",2000-11-17 12:00:00,0.3,"ISM",1,"Water",NA,260,"MG/L",NA,NA,NA,2017-10-27 16:00:02,NA,2,NA,1,1,"S","PARTNTID",NA,NA,4,"sample does not have an associated bay program method code"
"802",999,"LRA","ALLARM.LT2","12/07/2000","12:00:00","NO3N.3","M1",1489,"CMC","NTWQM",2000-12-07 12:00:00,0.3,"ISM",2,"Water",NA,6.3,"MG/L",NA,NA,NA,2017-10-27 16:00:14,NA,2,NA,1,1,"S","PARTNTID",NA,NA,4,"sample does not have an associated bay program method code"
"803",999,"LRA","ALLARM.LT10","06/28/2000","12:00:00","TDS.1","M1",1437,"CMC","NTWQM",2000-06-28 12:00:00,0.3,"ISM",1,"Water",NA,330,"MG/L",NA,NA,NA,2017-10-27 15:58:56,NA,2,NA,1,1,"S","PARTNTID",NA,NA,4,"sample does not have an associated bay program method code"
"804",999,"LRA","ALLARM.LT8","12/07/2000","12:00:00","NO3N.3","M1",1495,"CMC","NTWQM",2000-12-07 12:00:00,0.3,"ISM",2,"Water",NA,5.2,"MG/L",NA,NA,NA,2017-10-27 16:00:24,NA,2,NA,1,1,"S","PARTNTID",NA,NA,4,"sample does not have an associated bay program method code"
"805",999,"LRA","ALLARM.LT2","12/07/2000","12:00:00","TDS.1","M1",1489,"CMC","NTWQM",2000-12-07 12:00:00,0.3,"ISM",1,"Water",NA,230,"MG/L",NA,NA,NA,2017-10-27 16:00:14,NA,2,NA,1,1,"S","PARTNTID",NA,NA,4,"sample does not have an associated bay program method code"
"806",999,"LRA","ALLARM.LT4","06/28/2000","12:00:00","TDS.1","M1",1431,"CMC","NTWQM",2000-06-28 12:00:00,0.3,"ISM",1,"Water",NA,290,"MG/L",NA,NA,NA,2017-10-27 15:58:48,NA,2,NA,1,1,"S","PARTNTID",NA,NA,4,"sample does not have an associated bay program method code"
"807",999,"LRA","ALLARM.LT9","06/28/2000","12:00:00","TDS.1","M1",1436,"CMC","NTWQM",2000-06-28 12:00:00,0.3,"ISM",1,"Water",NA,330,"MG/L",NA,NA,NA,2017-10-27 15:58:55,NA,2,NA,1,1,"S","PARTNTID",NA,NA,4,"sample does not have an associated bay program method code"
"808",999,"LRA","ALLARM.LT5","12/07/2000","12:00:00","TDS.1","M1",1492,"CMC","NTWQM",2000-12-07 12:00:00,0.3,"ISM",1,"Water",NA,270,"MG/L",NA,NA,NA,2017-10-27 16:00:19,NA,2,NA,1,1,"S","PARTNTID",NA,NA,4,"sample does not have an associated bay program method code"
"809",999,"LRA","ALLARM.LT3","01/31/2000","12:00:00","NO3N.3","M1",1380,"CMC","NTWQM",2000-01-31 12:00:00,0.3,"ISM",2,"Water",NA,8,"MG/L",NA,NA,NA,2017-10-27 15:57:45,NA,2,NA,1,1,"S","PARTNTID",NA,NA,4,"sample does not have an associated bay program method code"
"810",999,"LRA","ALLARM.LT1","01/31/2000","12:00:00","TDS.1","M1",1378,"CMC","NTWQM",2000-01-31 12:00:00,0.3,"ISM",1,"Water",NA,160,"MG/L",NA,NA,NA,2017-10-27 15:57:43,NA,2,NA,1,1,"S","PARTNTID",NA,NA,4,"sample does not have an associated bay program method code"
"811",999,"LRA","ALLARM.LT9","01/31/2000","12:00:00","NO3N.3","M1",1386,"CMC","NTWQM",2000-01-31 12:00:00,0.3,"ISM",2,"Water",NA,6.6,"MG/L",NA,NA,NA,2017-10-27 15:57:54,NA,2,NA,1,1,"S","PARTNTID",NA,NA,4,"sample does not have an associated bay program method code"
"812",999,"LRA","ALLARM.LT5","01/31/2000","12:00:00","NO3N.3","M1",1382,"CMC","NTWQM",2000-01-31 12:00:00,0.3,"ISM",2,"Water",NA,7.2,"MG/L",NA,NA,NA,2017-10-27 15:57:48,NA,2,NA,1,1,"S","PARTNTID",NA,NA,4,"sample does not have an associated bay program method code"
"813",999,"LRA","ALLARM.LT4","07/25/2000","12:00:00","TDS.1","M1",1441,"CMC","NTWQM",2000-07-25 12:00:00,0.3,"ISM",1,"Water",NA,250,"MG/L",NA,NA,NA,2017-10-27 15:59:02,NA,2,NA,1,1,"S","PARTNTID",NA,NA,4,"sample does not have an associated bay program method code"
"814",999,"LRA","ALLARM.LT8","01/31/2000","12:00:00","NO3N.3","M1",1385,"CMC","NTWQM",2000-01-31 12:00:00,0.3,"ISM",2,"Water",NA,6.8,"MG/L",NA,NA,NA,2017-10-27 15:57:52,NA,2,NA,1,1,"S","PARTNTID",NA,NA,4,"sample does not have an associated bay program method code"
"815",999,"LRA","ALLARM.LT6","01/31/2000","12:00:00","TDS.1","M1",1383,"CMC","NTWQM",2000-01-31 12:00:00,0.3,"ISM",1,"Water",NA,50,"MG/L",NA,NA,NA,2017-10-27 15:57:49,NA,2,NA,1,1,"S","PARTNTID",NA,NA,4,"sample does not have an associated bay program method code"
"816",999,"LRA","ALLARM.LT3","02/26/2000","12:00:00","NO3N.3","M1",1390,"CMC","NTWQM",2000-02-26 12:00:00,0.3,"ISM",2,"Water",NA,7.8,"MG/L",NA,NA,NA,2017-10-27 15:57:58,NA,2,NA,1,1,"S","PARTNTID",NA,NA,4,"sample does not have an associated bay program method code"
"817",999,"LRA","ALLARM.LT1","02/26/2000","12:00:00","TDS.1","M1",1388,"CMC","NTWQM",2000-02-26 12:00:00,0.3,"ISM",1,"Water",NA,170,"MG/L",NA,NA,NA,2017-10-27 15:57:56,NA,2,NA,1,1,"S","PARTNTID",NA,NA,4,"sample does not have an associated bay program method code"
"818",999,"LRA","ALLARM.LT5","02/26/2000","12:00:00","NO3N.3","M1",1392,"CMC","NTWQM",2000-02-26 12:00:00,0.3,"ISM",2,"Water",NA,7,"MG/L",NA,NA,NA,2017-10-27 15:58:01,NA,2,NA,1,1,"S","PARTNTID",NA,NA,4,"sample does not have an associated bay program method code"
"819",999,"LRA","ALLARM.LT2","08/31/2000","12:00:00","TDS.1","M1",1449,"CMC","NTWQM",2000-08-31 12:00:00,0.3,"ISM",1,"Water",NA,250,"MG/L",NA,NA,NA,2017-10-27 15:59:13,NA,2,NA,1,1,"S","PARTNTID",NA,NA,4,"sample does not have an associated bay program method code"
"820",999,"LRA","ALLARM.LT7","08/31/2000","12:00:00","NO3N.3","M1",1454,"CMC","NTWQM",2000-08-31 12:00:00,0.3,"ISM",2,"Water",NA,5.7,"MG/L",NA,NA,NA,2017-10-27 15:59:21,NA,2,NA,1,1,"S","PARTNTID",NA,NA,4,"sample does not have an associated bay program method code"
"821",999,"LRA","ALLARM.LT10","09/28/2000","12:00:00","NO3N.3","M1",1467,"CMC","NTWQM",2000-09-28 12:00:00,0.3,"ISM",2,"Water",NA,4.8,"MG/L",NA,NA,NA,2017-10-27 15:59:40,NA,2,NA,1,1,"S","PARTNTID",NA,NA,4,"sample does not have an associated bay program method code"
"822",999,"LRA","ALLARM.LT7","08/31/2000","12:00:00","TDS.1","M1",1454,"CMC","NTWQM",2000-08-31 12:00:00,0.3,"ISM",1,"Water",NA,270,"MG/L",NA,NA,NA,2017-10-27 15:59:21,NA,2,NA,1,1,"S","PARTNTID",NA,NA,4,"sample does not have an associated bay program method code"
"823",999,"LRA","ALLARM.LT6","08/31/2000","12:00:00","TDS.1","M1",1453,"CMC","NTWQM",2000-08-31 12:00:00,0.3,"ISM",1,"Water",NA,250,"MG/L",NA,NA,NA,2017-10-27 15:59:19,NA,2,NA,1,1,"S","PARTNTID",NA,NA,4,"sample does not have an associated bay program method code"
"824",999,"LRA","ALLARM.LT10","09/28/2000","12:00:00","TDS.1","M1",1467,"CMC","NTWQM",2000-09-28 12:00:00,0.3,"ISM",1,"Water",NA,280,"MG/L",NA,NA,NA,2017-10-27 15:59:40,NA,2,NA,1,1,"S","PARTNTID",NA,NA,4,"sample does not have an associated bay program method code"
"825",999,"LRA","ALLARM.LT2","03/28/2000","12:00:00","TDS.1","M1",1399,"CMC","NTWQM",2000-03-28 12:00:00,0.3,"ISM",1,"Water",NA,160,"MG/L",NA,NA,NA,2017-10-27 15:58:09,NA,2,NA,1,1,"S","PARTNTID",NA,NA,4,"sample does not have an associated bay program method code"
"826",999,"LRA","ALLARM.LT6","03/28/2000","12:00:00","NO3N.3","M1",1403,"CMC","NTWQM",2000-03-28 12:00:00,0.3,"ISM",2,"Water",NA,6,"MG/L",NA,NA,NA,2017-10-27 15:58:14,NA,2,NA,1,1,"S","PARTNTID",NA,NA,4,"sample does not have an associated bay program method code"
"827",999,"LRA","ALLARM.LT8","03/28/2000","12:00:00","NO3N.3","M1",1405,"CMC","NTWQM",2000-03-28 12:00:00,0.3,"ISM",2,"Water",NA,5.9,"MG/L",NA,NA,NA,2017-10-27 15:58:16,NA,2,NA,1,1,"S","PARTNTID",NA,NA,4,"sample does not have an associated bay program method code"
"828",999,"LRA","ALLARM.LT5","09/28/2000","12:00:00","TDS.1","M1",1462,"CMC","NTWQM",2000-09-28 12:00:00,0.3,"ISM",1,"Water",NA,260,"MG/L",NA,NA,NA,2017-10-27 15:59:32,NA,2,NA,1,1,"S","PARTNTID",NA,NA,4,"sample does not have an associated bay program method code"
"829",999,"LRA","ALLARM.LT7","09/28/2000","12:00:00","TDS.1","M1",1464,"CMC","NTWQM",2000-09-28 12:00:00,0.3,"ISM",1,"Water",NA,260,"MG/L",NA,NA,NA,2017-10-27 15:59:35,NA,2,NA,1,1,"S","PARTNTID",NA,NA,4,"sample does not have an associated bay program method code"
"830",999,"LRA","ALLARM.LT7","03/28/2000","12:00:00","TDS.1","M1",1404,"CMC","NTWQM",2000-03-28 12:00:00,0.3,"ISM",1,"Water",NA,10,"MG/L",NA,NA,NA,2017-10-27 15:58:15,NA,2,NA,1,1,"S","PARTNTID",NA,NA,4,"sample does not have an associated bay program method code"
"831",999,"LRA","ALLARM.LT9","06/28/2000","12:00:00","NO3N.3","M1",1436,"CMC","NTWQM",2000-06-28 12:00:00,0.3,"ISM",2,"Water",NA,5.1,"MG/L",NA,NA,NA,2017-10-27 15:58:55,NA,2,NA,1,1,"S","PARTNTID",NA,NA,4,"sample does not have an associated bay program method code"
"832",999,"LRA","ALLARM.LT8","10/26/2000","12:00:00","NO3N.3","M1",1475,"CMC","NTWQM",2000-10-26 12:00:00,0.3,"ISM",2,"Water",NA,5.4,"MG/L",NA,NA,NA,2017-10-27 15:59:51,NA,2,NA,1,1,"S","PARTNTID",NA,NA,4,"sample does not have an associated bay program method code"
"833",999,"LRA","ALLARM.LT6","10/26/2000","12:00:00","NO3N.3","M1",1473,"CMC","NTWQM",2000-10-26 12:00:00,0.3,"ISM",2,"Water",NA,5.1,"MG/L",NA,NA,NA,2017-10-27 15:59:48,NA,2,NA,1,1,"S","PARTNTID",NA,NA,4,"sample does not have an associated bay program method code"
"834",999,"LRA","ALLARM.LT4","10/26/2000","12:00:00","TDS.1","M1",1471,"CMC","NTWQM",2000-10-26 12:00:00,0.3,"ISM",1,"Water",NA,240,"MG/L",NA,NA,NA,2017-10-27 15:59:45,NA,2,NA,1,1,"S","PARTNTID",NA,NA,4,"sample does not have an associated bay program method code"
"835",999,"LRA","ALLARM.LT9","10/26/2000","12:00:00","TDS.1","M1",1476,"CMC","NTWQM",2000-10-26 12:00:00,0.3,"ISM",1,"Water",NA,280,"MG/L",NA,NA,NA,2017-10-27 15:59:53,NA,2,NA,1,1,"S","PARTNTID",NA,NA,4,"sample does not have an associated bay program method code"
"836",999,"LRA","ALLARM.LT7","10/26/2000","12:00:00","TDS.1","M1",1474,"CMC","NTWQM",2000-10-26 12:00:00,0.3,"ISM",1,"Water",NA,270,"MG/L",NA,NA,NA,2017-10-27 15:59:50,NA,2,NA,1,1,"S","PARTNTID",NA,NA,4,"sample does not have an associated bay program method code"
"837",999,"LRA","ALLARM.LT9","05/31/2000","12:00:00","NO3N.3","M1",1426,"CMC","NTWQM",2000-05-31 12:00:00,0.3,"ISM",2,"Water",NA,5,"MG/L",NA,NA,NA,2017-10-27 15:58:41,NA,2,NA,1,1,"S","PARTNTID",NA,NA,4,"sample does not have an associated bay program method code"
"838",999,"LRA","ALLARM.LT4","11/17/2000","12:00:00","NO3N.3","M1",1481,"CMC","NTWQM",2000-11-17 12:00:00,0.3,"ISM",2,"Water",NA,6,"MG/L",NA,NA,NA,2017-10-27 16:00:00,NA,2,NA,1,1,"S","PARTNTID",NA,NA,4,"sample does not have an associated bay program method code"
"839",999,"LRA","ALLARM.LT9","11/17/2000","12:00:00","NO3N.3","M1",1486,"CMC","NTWQM",2000-11-17 12:00:00,0.3,"ISM",2,"Water",NA,4.6,"MG/L",NA,NA,NA,2017-10-27 16:00:08,NA,2,NA,1,1,"S","PARTNTID",NA,NA,4,"sample does not have an associated bay program method code"
"840",999,"LRA","ALLARM.LT5","05/31/2000","12:00:00","TDS.1","M1",1422,"CMC","NTWQM",2000-05-31 12:00:00,0.3,"ISM",1,"Water",NA,310,"MG/L",NA,NA,NA,2017-10-27 15:58:35,NA,2,NA,1,1,"S","PARTNTID",NA,NA,4,"sample does not have an associated bay program method code"
"841",999,"LRA","ALLARM.LT4","11/17/2000","12:00:00","TDS.1","M1",1481,"CMC","NTWQM",2000-11-17 12:00:00,0.3,"ISM",1,"Water",NA,270,"MG/L",NA,NA,NA,2017-10-27 16:00:00,NA,2,NA,1,1,"S","PARTNTID",NA,NA,4,"sample does not have an associated bay program method code"
"842",999,"LRA","ALLARM.LT9","11/17/2000","12:00:00","TDS.1","M1",1486,"CMC","NTWQM",2000-11-17 12:00:00,0.3,"ISM",1,"Water",NA,270,"MG/L",NA,NA,NA,2017-10-27 16:00:08,NA,2,NA,1,1,"S","PARTNTID",NA,NA,4,"sample does not have an associated bay program method code"
"843",999,"LRA","ALLARM.LT7","11/17/2000","12:00:00","TDS.1","M1",1484,"CMC","NTWQM",2000-11-17 12:00:00,0.3,"ISM",1,"Water",NA,280,"MG/L",NA,NA,NA,2017-10-27 16:00:05,NA,2,NA,1,1,"S","PARTNTID",NA,NA,4,"sample does not have an associated bay program method code"
"844",999,"LRA","ALLARM.LT6","09/28/2000","12:00:00","TDS.1","M1",1463,"CMC","NTWQM",2000-09-28 12:00:00,0.3,"ISM",1,"Water",NA,250,"MG/L",NA,NA,NA,2017-10-27 15:59:34,NA,2,NA,1,1,"S","PARTNTID",NA,NA,4,"sample does not have an associated bay program method code"
"845",999,"LRA","ALLARM.LT4","12/07/2000","12:00:00","NO3N.3","M1",1491,"CMC","NTWQM",2000-12-07 12:00:00,0.3,"ISM",2,"Water",NA,6.5,"MG/L",NA,NA,NA,2017-10-27 16:00:17,NA,2,NA,1,1,"S","PARTNTID",NA,NA,4,"sample does not have an associated bay program method code"
"846",999,"LRA","ALLARM.LT9","12/07/2000","12:00:00","NO3N.3","M1",1496,"CMC","NTWQM",2000-12-07 12:00:00,0.3,"ISM",2,"Water",NA,4.9,"MG/L",NA,NA,NA,2017-10-27 16:00:26,NA,2,NA,1,1,"S","PARTNTID",NA,NA,4,"sample does not have an associated bay program method code"
"847",999,"LRA","ALLARM.LT5","06/28/2000","12:00:00","TDS.1","M1",1432,"CMC","NTWQM",2000-06-28 12:00:00,0.3,"ISM",1,"Water",NA,290,"MG/L",NA,NA,NA,2017-10-27 15:58:49,NA,2,NA,1,1,"S","PARTNTID",NA,NA,4,"sample does not have an associated bay program method code"
"848",999,"LRA","ALLARM.LT4","12/07/2000","12:00:00","TDS.1","M1",1491,"CMC","NTWQM",2000-12-07 12:00:00,0.3,"ISM",1,"Water",NA,280,"MG/L",NA,NA,NA,2017-10-27 16:00:17,NA,2,NA,1,1,"S","PARTNTID",NA,NA,4,"sample does not have an associated bay program method code"
"849",999,"LRA","ALLARM.LT2","07/25/2000","12:00:00","NO3N.3","M1",1439,"CMC","NTWQM",2000-07-25 12:00:00,0.3,"ISM",2,"Water",NA,5.8,"MG/L",NA,NA,NA,2017-10-27 15:58:59,NA,2,NA,1,1,"S","PARTNTID",NA,NA,4,"sample does not have an associated bay program method code"
"850",999,"LRA","ALLARM.LT7","12/07/2000","12:00:00","TDS.1","M1",1494,"CMC","NTWQM",2000-12-07 12:00:00,0.3,"ISM",1,"Water",NA,270,"MG/L",NA,NA,NA,2017-10-27 16:00:23,NA,2,NA,1,1,"S","PARTNTID",NA,NA,4,"sample does not have an associated bay program method code"
"851",999,"LRA","ALLARM.LT9","07/25/2000","12:00:00","NO3N.3","M1",1446,"CMC","NTWQM",2000-07-25 12:00:00,0.3,"ISM",2,"Water",NA,5.8,"MG/L",NA,NA,NA,2017-10-27 15:59:09,NA,2,NA,1,1,"S","PARTNTID",NA,NA,4,"sample does not have an associated bay program method code"
"852",999,"LRA","ALLARM.LT2","07/25/2000","12:00:00","TDS.1","M1",1439,"CMC","NTWQM",2000-07-25 12:00:00,0.3,"ISM",1,"Water",NA,250,"MG/L",NA,NA,NA,2017-10-27 15:58:59,NA,2,NA,1,1,"S","PARTNTID",NA,NA,4,"sample does not have an associated bay program method code"
"853",999,"LRA","ALLARM.LT6","01/31/2000","12:00:00","NO3N.3","M1",1383,"CMC","NTWQM",2000-01-31 12:00:00,0.3,"ISM",2,"Water",NA,7.7,"MG/L",NA,NA,NA,2017-10-27 15:57:49,NA,2,NA,1,1,"S","PARTNTID",NA,NA,4,"sample does not have an associated bay program method code"
"854",999,"LRA","ALLARM.LT5","07/25/2000","12:00:00","TDS.1","M1",1442,"CMC","NTWQM",2000-07-25 12:00:00,0.3,"ISM",1,"Water",NA,250,"MG/L",NA,NA,NA,2017-10-27 15:59:03,NA,2,NA,1,1,"S","PARTNTID",NA,NA,4,"sample does not have an associated bay program method code"
"855",999,"LRA","ALLARM.LT6","07/25/2000","12:00:00","TDS.1","M1",1443,"CMC","NTWQM",2000-07-25 12:00:00,0.3,"ISM",1,"Water",NA,260,"MG/L",NA,NA,NA,2017-10-27 15:59:05,NA,2,NA,1,1,"S","PARTNTID",NA,NA,4,"sample does not have an associated bay program method code"
"856",999,"LRA","ALLARM.LT3","08/31/2000","12:00:00","NO3N.3","M1",1450,"CMC","NTWQM",2000-08-31 12:00:00,0.3,"ISM",2,"Water",NA,6.2,"MG/L",NA,NA,NA,2017-10-27 15:59:15,NA,2,NA,1,1,"S","PARTNTID",NA,NA,4,"sample does not have an associated bay program method code"
"857",999,"LRA","ALLARM.LT6","11/17/2000","12:00:00","TDS.1","M1",1483,"CMC","NTWQM",2000-11-17 12:00:00,0.3,"ISM",1,"Water",NA,260,"MG/L",NA,NA,NA,2017-10-27 16:00:03,NA,2,NA,1,1,"S","PARTNTID",NA,NA,4,"sample does not have an associated bay program method code"
"858",999,"LRA","ALLARM.LT5","08/31/2000","12:00:00","NO3N.3","M1",1452,"CMC","NTWQM",2000-08-31 12:00:00,0.3,"ISM",2,"Water",NA,5.8,"MG/L",NA,NA,NA,2017-10-27 15:59:18,NA,2,NA,1,1,"S","PARTNTID",NA,NA,4,"sample does not have an associated bay program method code"
"859",999,"LRA","ALLARM.LT9","08/31/2000","12:00:00","NO3N.3","M1",1456,"CMC","NTWQM",2000-08-31 12:00:00,0.3,"ISM",2,"Water",NA,5.5,"MG/L",NA,NA,NA,2017-10-27 15:59:23,NA,2,NA,1,1,"S","PARTNTID",NA,NA,4,"sample does not have an associated bay program method code"
"860",999,"LRA","ALLARM.LT6","08/31/2000","12:00:00","NO3N.3","M1",1453,"CMC","NTWQM",2000-08-31 12:00:00,0.3,"ISM",2,"Water",NA,5.8,"MG/L",NA,NA,NA,2017-10-27 15:59:19,NA,2,NA,1,1,"S","PARTNTID",NA,NA,4,"sample does not have an associated bay program method code"
"861",999,"LRA","ALLARM.LT8","02/26/2000","12:00:00","NO3N.3","M1",1395,"CMC","NTWQM",2000-02-26 12:00:00,0.3,"ISM",2,"Water",NA,6.1,"MG/L",NA,NA,NA,2017-10-27 15:58:04,NA,2,NA,1,1,"S","PARTNTID",NA,NA,4,"sample does not have an associated bay program method code"
"862",999,"LRA","ALLARM.LT2","03/28/2000","12:00:00","NO3N.3","M1",1399,"CMC","NTWQM",2000-03-28 12:00:00,0.3,"ISM",2,"Water",NA,6.9,"MG/L",NA,NA,NA,2017-10-27 15:58:09,NA,2,NA,1,1,"S","PARTNTID",NA,NA,4,"sample does not have an associated bay program method code"
"863",999,"LRA","ALLARM.LT8","08/31/2000","12:00:00","TDS.1","M1",1455,"CMC","NTWQM",2000-08-31 12:00:00,0.3,"ISM",1,"Water",NA,270,"MG/L",NA,NA,NA,2017-10-27 15:59:22,NA,2,NA,1,1,"S","PARTNTID",NA,NA,4,"sample does not have an associated bay program method code"
"864",999,"LRA","ALLARM.LT7","02/26/2000","12:00:00","TDS.1","M1",1394,"CMC","NTWQM",2000-02-26 12:00:00,0.3,"ISM",1,"Water",NA,200,"MG/L",NA,NA,NA,2017-10-27 15:58:03,NA,2,NA,1,1,"S","PARTNTID",NA,NA,4,"sample does not have an associated bay program method code"
"865",999,"LRA","ALLARM.LT8","09/28/2000","12:00:00","NO3N.3","M1",1465,"CMC","NTWQM",2000-09-28 12:00:00,0.3,"ISM",2,"Water",NA,5.1,"MG/L",NA,NA,NA,2017-10-27 15:59:37,NA,2,NA,1,1,"S","PARTNTID",NA,NA,4,"sample does not have an associated bay program method code"
"866",999,"LRA","ALLARM.LT6","09/28/2000","12:00:00","NO3N.3","M1",1463,"CMC","NTWQM",2000-09-28 12:00:00,0.3,"ISM",2,"Water",NA,5.95,"MG/L",NA,NA,NA,2017-10-27 15:59:34,NA,2,NA,1,1,"S","PARTNTID",NA,NA,4,"sample does not have an associated bay program method code"
"867",999,"LRA","ALLARM.LT7","03/28/2000","12:00:00","NO3N.3","M1",1404,"CMC","NTWQM",2000-03-28 12:00:00,0.3,"ISM",2,"Water",NA,5.6,"MG/L",NA,NA,NA,2017-10-27 15:58:15,NA,2,NA,1,1,"S","PARTNTID",NA,NA,4,"sample does not have an associated bay program method code"
"868",999,"LRA","ALLARM.LT8","11/17/2000","12:00:00","TDS.1","M1",1485,"CMC","NTWQM",2000-11-17 12:00:00,0.3,"ISM",1,"Water",NA,290,"MG/L",NA,NA,NA,2017-10-27 16:00:06,NA,2,NA,1,1,"S","PARTNTID",NA,NA,4,"sample does not have an associated bay program method code"
"869",999,"LRA","ALLARM.LT2","04/24/2000","12:00:00","NO3N.3","M1",1409,"CMC","NTWQM",2000-04-24 12:00:00,0.3,"ISM",2,"Water",NA,6.9,"MG/L",NA,NA,NA,2017-10-27 15:58:20,NA,2,NA,1,1,"S","PARTNTID",NA,NA,4,"sample does not have an associated bay program method code"
"870",999,"LRA","ALLARM.LT2","08/31/2000","12:00:00","NO3N.3","M1",1449,"CMC","NTWQM",2000-08-31 12:00:00,0.3,"ISM",2,"Water",NA,8.5,"MG/L",NA,NA,NA,2017-10-27 15:59:13,NA,2,NA,1,1,"S","PARTNTID",NA,NA,4,"sample does not have an associated bay program method code"
"871",999,"LRA","ALLARM.LT5","06/28/2000","12:00:00","NO3N.3","M1",1432,"CMC","NTWQM",2000-06-28 12:00:00,0.3,"ISM",2,"Water",NA,6.1,"MG/L",NA,NA,NA,2017-10-27 15:58:49,NA,2,NA,1,1,"S","PARTNTID",NA,NA,4,"sample does not have an associated bay program method code"
"872",999,"LRA","ALLARM.LT9","04/24/2000","12:00:00","NO3N.3","M1",1416,"CMC","NTWQM",2000-04-24 12:00:00,0.3,"ISM",2,"Water",NA,5.3,"MG/L",NA,NA,NA,2017-10-27 15:58:28,NA,2,NA,1,1,"S","PARTNTID",NA,NA,4,"sample does not have an associated bay program method code"
"873",999,"LRA","ALLARM.LT5","12/07/2000","12:00:00","NO3N.3","M1",1492,"CMC","NTWQM",2000-12-07 12:00:00,0.3,"ISM",2,"Water",NA,6.1,"MG/L",NA,NA,NA,2017-10-27 16:00:19,NA,2,NA,1,1,"S","PARTNTID",NA,NA,4,"sample does not have an associated bay program method code"
"874",999,"LRA","ALLARM.LT7","04/24/2000","12:00:00","NO3N.3","M1",1414,"CMC","NTWQM",2000-04-24 12:00:00,0.3,"ISM",2,"Water",NA,5.4,"MG/L",NA,NA,NA,2017-10-27 15:58:26,NA,2,NA,1,1,"S","PARTNTID",NA,NA,4,"sample does not have an associated bay program method code"
"875",999,"LRA","ALLARM.LT10","07/25/2000","12:00:00","NO3N.3","M1",1447,"CMC","NTWQM",2000-07-25 12:00:00,0.3,"ISM",2,"Water",NA,5,"MG/L",NA,NA,NA,2017-10-27 15:59:10,NA,2,NA,1,1,"S","PARTNTID",NA,NA,4,"sample does not have an associated bay program method code"
"876",999,"LRA","ALLARM.LT6","10/26/2000","12:00:00","TDS.1","M1",1473,"CMC","NTWQM",2000-10-26 12:00:00,0.3,"ISM",1,"Water",NA,250,"MG/L",NA,NA,NA,2017-10-27 15:59:48,NA,2,NA,1,1,"S","PARTNTID",NA,NA,4,"sample does not have an associated bay program method code"
"877",999,"LRA","ALLARM.LT5","05/31/2000","12:00:00","NO3N.3","M1",1422,"CMC","NTWQM",2000-05-31 12:00:00,0.3,"ISM",2,"Water",NA,6.4,"MG/L",NA,NA,NA,2017-10-27 15:58:35,NA,2,NA,1,1,"S","PARTNTID",NA,NA,4,"sample does not have an associated bay program method code"
"878",999,"LRA","ALLARM.LT8","05/31/2000","12:00:00","NO3N.3","M1",1425,"CMC","NTWQM",2000-05-31 12:00:00,0.3,"ISM",2,"Water",NA,5.1,"MG/L",NA,NA,NA,2017-10-27 15:58:40,NA,2,NA,1,1,"S","PARTNTID",NA,NA,4,"sample does not have an associated bay program method code"
"879",999,"LRA","ALLARM.LT5","11/17/2000","12:00:00","NO3N.3","M1",1482,"CMC","NTWQM",2000-11-17 12:00:00,0.3,"ISM",2,"Water",NA,5.9,"MG/L",NA,NA,NA,2017-10-27 16:00:02,NA,2,NA,1,1,"S","PARTNTID",NA,NA,4,"sample does not have an associated bay program method code"
"880",999,"LRA","ALLARM.LT7","05/31/2000","12:00:00","NO3N.3","M1",1424,"CMC","NTWQM",2000-05-31 12:00:00,0.3,"ISM",2,"Water",NA,5.1,"MG/L",NA,NA,NA,2017-10-27 15:58:38,NA,2,NA,1,1,"S","PARTNTID",NA,NA,4,"sample does not have an associated bay program method code"
"881",999,"LRA","ALLARM.LT7","07/25/2000","12:00:00","NO3N.3","M1",1444,"CMC","NTWQM",2000-07-25 12:00:00,0.3,"ISM",2,"Water",NA,5.3,"MG/L",NA,NA,NA,2017-10-27 15:59:06,NA,2,NA,1,1,"S","PARTNTID",NA,NA,4,"sample does not have an associated bay program method code"
"882",999,"LRA","ALLARM.LT7","05/31/2000","12:00:00","TDS.1","M1",1424,"CMC","NTWQM",2000-05-31 12:00:00,0.3,"ISM",1,"Water",NA,320,"MG/L",NA,NA,NA,2017-10-27 15:58:38,NA,2,NA,1,1,"S","PARTNTID",NA,NA,4,"sample does not have an associated bay program method code"
"883",999,"LRA","ALLARM.LT8","09/28/2000","12:00:00","TDS.1","M1",1465,"CMC","NTWQM",2000-09-28 12:00:00,0.3,"ISM",1,"Water",NA,270,"MG/L",NA,NA,NA,2017-10-27 15:59:37,NA,2,NA,1,1,"S","PARTNTID",NA,NA,4,"sample does not have an associated bay program method code"
"884",999,"LRA","ALLARM.LT7","07/25/2000","12:00:00","TDS.1","M1",1444,"CMC","NTWQM",2000-07-25 12:00:00,0.3,"ISM",1,"Water",NA,260,"MG/L",NA,NA,NA,2017-10-27 15:59:06,NA,2,NA,1,1,"S","PARTNTID",NA,NA,4,"sample does not have an associated bay program method code"
"885",999,"LRA","ALLARM.LT8","06/28/2000","12:00:00","NO3N.3","M1",1435,"CMC","NTWQM",2000-06-28 12:00:00,0.3,"ISM",2,"Water",NA,5,"MG/L",NA,NA,NA,2017-10-27 15:58:53,NA,2,NA,1,1,"S","PARTNTID",NA,NA,4,"sample does not have an associated bay program method code"
"886",999,"LRA","ALLARM.LT8","08/31/2000","12:00:00","NO3N.3","M1",1455,"CMC","NTWQM",2000-08-31 12:00:00,0.3,"ISM",2,"Water",NA,5.4,"MG/L",NA,NA,NA,2017-10-27 15:59:22,NA,2,NA,1,1,"S","PARTNTID",NA,NA,4,"sample does not have an associated bay program method code"
"887",999,"LRA","ALLARM.LT7","06/28/2000","12:00:00","NO3N.3","M1",1434,"CMC","NTWQM",2000-06-28 12:00:00,0.3,"ISM",2,"Water",NA,5.1,"MG/L",NA,NA,NA,2017-10-27 15:58:52,NA,2,NA,1,1,"S","PARTNTID",NA,NA,4,"sample does not have an associated bay program method code"
"888",999,"LRA","ALLARM.LT5","08/31/2000","12:00:00","TDS.1","M1",1452,"CMC","NTWQM",2000-08-31 12:00:00,0.3,"ISM",1,"Water",NA,240,"MG/L",NA,NA,NA,2017-10-27 15:59:18,NA,2,NA,1,1,"S","PARTNTID",NA,NA,4,"sample does not have an associated bay program method code"
"889",999,"LRA","ALLARM.LT7","06/28/2000","12:00:00","TDS.1","M1",1434,"CMC","NTWQM",2000-06-28 12:00:00,0.3,"ISM",1,"Water",NA,310,"MG/L",NA,NA,NA,2017-10-27 15:58:52,NA,2,NA,1,1,"S","PARTNTID",NA,NA,4,"sample does not have an associated bay program method code"
"890",999,"LRA","ALLARM.LT9","12/07/2000","12:00:00","TDS.1","M1",1496,"CMC","NTWQM",2000-12-07 12:00:00,0.3,"ISM",1,"Water",NA,280,"MG/L",NA,NA,NA,2017-10-27 16:00:26,NA,2,NA,1,1,"S","PARTNTID",NA,NA,4,"sample does not have an associated bay program method code"
"891",999,"LRA","ALLARM.LT5","07/25/2000","12:00:00","NO3N.3","M1",1442,"CMC","NTWQM",2000-07-25 12:00:00,0.3,"ISM",2,"Water",NA,6.1,"MG/L",NA,NA,NA,2017-10-27 15:59:03,NA,2,NA,1,1,"S","PARTNTID",NA,NA,4,"sample does not have an associated bay program method code"
"892",999,"LRA","ALLARM.LT8","07/25/2000","12:00:00","NO3N.3","M1",1445,"CMC","NTWQM",2000-07-25 12:00:00,0.3,"ISM",2,"Water",NA,5.6,"MG/L",NA,NA,NA,2017-10-27 15:59:07,NA,2,NA,1,1,"S","PARTNTID",NA,NA,4,"sample does not have an associated bay program method code"
"893",999,"LRA","ALLARM.LT6","07/25/2000","12:00:00","NO3N.3","M1",1443,"CMC","NTWQM",2000-07-25 12:00:00,0.3,"ISM",2,"Water",NA,5.3,"MG/L",NA,NA,NA,2017-10-27 15:59:05,NA,2,NA,1,1,"S","PARTNTID",NA,NA,4,"sample does not have an associated bay program method code"
"894",999,"LRA","ALLARM.LT7","09/28/2000","12:00:00","NO3N.3","M1",1464,"CMC","NTWQM",2000-09-28 12:00:00,0.3,"ISM",2,"Water",NA,5.25,"MG/L",NA,NA,NA,2017-10-27 15:59:35,NA,2,NA,1,1,"S","PARTNTID",NA,NA,4,"sample does not have an associated bay program method code"
"895",999,"LRA","ALLARM.LT10","08/31/2000","12:00:00","NO3N.3","M1",1457,"CMC","NTWQM",2000-08-31 12:00:00,0.3,"ISM",2,"Water",NA,5.2,"MG/L",NA,NA,NA,2017-10-27 15:59:25,NA,2,NA,1,1,"S","PARTNTID",NA,NA,4,"sample does not have an associated bay program method code"
"896",999,"LRA","ALLARM.LT6","05/31/2000","12:00:00","TDS.1","M1",1423,"CMC","NTWQM",2000-05-31 12:00:00,0.3,"ISM",1,"Water",NA,310,"MG/L",NA,NA,NA,2017-10-27 15:58:37,NA,2,NA,1,1,"S","PARTNTID",NA,NA,4,"sample does not have an associated bay program method code"
"897",999,"LRA","ALLARM.LT8","05/31/2000","12:00:00","TDS.1","M1",1425,"CMC","NTWQM",2000-05-31 12:00:00,0.3,"ISM",1,"Water",NA,350,"MG/L",NA,NA,NA,2017-10-27 15:58:40,NA,2,NA,1,1,"S","PARTNTID",NA,NA,4,"sample does not have an associated bay program method code"
"898",999,"LRA","ALLARM.LT10","08/31/2000","12:00:00","TDS.1","M1",1457,"CMC","NTWQM",2000-08-31 12:00:00,0.3,"ISM",1,"Water",NA,290,"MG/L",NA,NA,NA,2017-10-27 15:59:25,NA,2,NA,1,1,"S","PARTNTID",NA,NA,4,"sample does not have an associated bay program method code"
"899",999,"LRA","ALLARM.LT8","07/25/2000","12:00:00","TDS.1","M1",1445,"CMC","NTWQM",2000-07-25 12:00:00,0.3,"ISM",1,"Water",NA,280,"MG/L",NA,NA,NA,2017-10-27 15:59:07,NA,2,NA,1,1,"S","PARTNTID",NA,NA,4,"sample does not have an associated bay program method code"
"900",999,"LRA","ALLARM.LT6","06/28/2000","12:00:00","NO3N.3","M1",1433,"CMC","NTWQM",2000-06-28 12:00:00,0.3,"ISM",2,"Water",NA,5.9,"MG/L",NA,NA,NA,2017-10-27 15:58:51,NA,2,NA,1,1,"S","PARTNTID",NA,NA,4,"sample does not have an associated bay program method code"
"901",999,"LRA","ALLARM.LT8","04/24/2000","12:00:00","NO3N.3","M1",1415,"CMC","NTWQM",2000-04-24 12:00:00,0.3,"ISM",2,"Water",NA,5.5,"MG/L",NA,NA,NA,2017-10-27 15:58:27,NA,2,NA,1,1,"S","PARTNTID",NA,NA,4,"sample does not have an associated bay program method code"
"902",999,"LRA","ALLARM.LT9","02/26/2000","12:00:00","TDS.1","M1",1396,"CMC","NTWQM",2000-02-26 12:00:00,0.3,"ISM",1,"Water",NA,160,"MG/L",NA,NA,NA,2017-10-27 15:58:05,NA,2,NA,1,1,"S","PARTNTID",NA,NA,4,"sample does not have an associated bay program method code"
"903",999,"LRA","ALLARM.LT6","06/28/2000","12:00:00","TDS.1","M1",1433,"CMC","NTWQM",2000-06-28 12:00:00,0.3,"ISM",1,"Water",NA,300,"MG/L",NA,NA,NA,2017-10-27 15:58:51,NA,2,NA,1,1,"S","PARTNTID",NA,NA,4,"sample does not have an associated bay program method code"
"904",999,"LRA","ALLARM.LT4","05/31/2000","12:00:00","NO3N.3","M1",1421,"CMC","NTWQM",2000-05-31 12:00:00,0.3,"ISM",2,"Water",NA,6.5,"MG/L",NA,NA,NA,2017-10-27 15:58:34,NA,2,NA,1,1,"S","PARTNTID",NA,NA,4,"sample does not have an associated bay program method code"
"905",999,"LRA","ALLARM.LT4","09/28/2000","12:00:00","NO3N.3","M1",1461,"CMC","NTWQM",2000-09-28 12:00:00,0.3,"ISM",2,"Water",NA,6.65,"MG/L",NA,NA,NA,2017-10-27 15:59:31,NA,2,NA,1,1,"S","PARTNTID",NA,NA,4,"sample does not have an associated bay program method code"
"906",999,"LRA","ALLARM.LT5","03/28/2000","12:00:00","NO3N.3","M1",1402,"CMC","NTWQM",2000-03-28 12:00:00,0.3,"ISM",2,"Water",NA,6.4,"MG/L",NA,NA,NA,2017-10-27 15:58:13,NA,2,NA,1,1,"S","PARTNTID",NA,NA,4,"sample does not have an associated bay program method code"
"907",999,"LRA","ALLARM.LT4","06/28/2000","12:00:00","NO3N.3","M1",1431,"CMC","NTWQM",2000-06-28 12:00:00,0.3,"ISM",2,"Water",NA,6.3,"MG/L",NA,NA,NA,2017-10-27 15:58:48,NA,2,NA,1,1,"S","PARTNTID",NA,NA,4,"sample does not have an associated bay program method code"
"908",999,"LRA","ALLARM.LT6","11/17/2000","12:00:00","NO3N.3","M1",1483,"CMC","NTWQM",2000-11-17 12:00:00,0.3,"ISM",2,"Water",NA,5.6,"MG/L",NA,NA,NA,2017-10-27 16:00:03,NA,2,NA,1,1,"S","PARTNTID",NA,NA,4,"sample does not have an associated bay program method code"
"909",999,"LRA","ALLARM.LT9","07/25/2000","12:00:00","TDS.1","M1",1446,"CMC","NTWQM",2000-07-25 12:00:00,0.3,"ISM",1,"Water",NA,290,"MG/L",NA,NA,NA,2017-10-27 15:59:09,NA,2,NA,1,1,"S","PARTNTID",NA,NA,4,"sample does not have an associated bay program method code"
"910",999,"LRA","ALLARM.LT7","01/31/2000","12:00:00","NO3N.3","M1",1384,"CMC","NTWQM",2000-01-31 12:00:00,0.3,"ISM",2,"Water",NA,6.7,"MG/L",NA,NA,NA,2017-10-27 15:57:51,NA,2,NA,1,1,"S","PARTNTID",NA,NA,4,"sample does not have an associated bay program method code"
"911",999,"LRA","ALLARM.LT6","12/07/2000","12:00:00","NO3N.3","M1",1493,"CMC","NTWQM",2000-12-07 12:00:00,0.3,"ISM",2,"Water",NA,6,"MG/L",NA,NA,NA,2017-10-27 16:00:21,NA,2,NA,1,1,"S","PARTNTID",NA,NA,4,"sample does not have an associated bay program method code"
"912",999,"LRA","ALLARM.LT9","08/31/2000","12:00:00","TDS.1","M1",1456,"CMC","NTWQM",2000-08-31 12:00:00,0.3,"ISM",1,"Water",NA,280,"MG/L",NA,NA,NA,2017-10-27 15:59:23,NA,2,NA,1,1,"S","PARTNTID",NA,NA,4,"sample does not have an associated bay program method code"
"913",999,"LRA","ALLARM.LT4","08/31/2000","12:00:00","NO3N.3","M1",1451,"CMC","NTWQM",2000-08-31 12:00:00,0.3,"ISM",2,"Water",NA,6.2,"MG/L",NA,NA,NA,2017-10-27 15:59:16,NA,2,NA,1,1,"S","PARTNTID",NA,NA,4,"sample does not have an associated bay program method code"
"914",999,"LRA","ALLARM.LT10","07/25/2000","12:00:00","TDS.1","M1",1447,"CMC","NTWQM",2000-07-25 12:00:00,0.3,"ISM",1,"Water",NA,330,"MG/L",NA,NA,NA,2017-10-27 15:59:10,NA,2,NA,1,1,"S","PARTNTID",NA,NA,4,"sample does not have an associated bay program method code"
"915",999,"LRA","ALLARM.LT6","05/31/2000","12:00:00","NO3N.3","M1",1423,"CMC","NTWQM",2000-05-31 12:00:00,0.3,"ISM",2,"Water",NA,5.7,"MG/L",NA,NA,NA,2017-10-27 15:58:37,NA,2,NA,1,1,"S","PARTNTID",NA,NA,4,"sample does not have an associated bay program method code"
"916",999,"LRA","ALLARM.LT9","01/31/2000","12:00:00","TDS.1","M1",1386,"CMC","NTWQM",2000-01-31 12:00:00,0.3,"ISM",1,"Water",NA,120,"MG/L",NA,NA,NA,2017-10-27 15:57:54,NA,2,NA,1,1,"S","PARTNTID",NA,NA,4,"sample does not have an associated bay program method code"
"917",999,"LRA","ALLARM.LT8","12/07/2000","12:00:00","TDS.1","M1",1495,"CMC","NTWQM",2000-12-07 12:00:00,0.3,"ISM",1,"Water",NA,260,"MG/L",NA,NA,NA,2017-10-27 16:00:24,NA,2,NA,1,1,"S","PARTNTID",NA,NA,4,"sample does not have an associated bay program method code"
"918",999,"LRA","ALLARM.LT7","02/26/2000","12:00:00","NO3N.3","M1",1394,"CMC","NTWQM",2000-02-26 12:00:00,0.3,"ISM",2,"Water",NA,6.5,"MG/L",NA,NA,NA,2017-10-27 15:58:03,NA,2,NA,1,1,"S","PARTNTID",NA,NA,4,"sample does not have an associated bay program method code"
"919",999,"LRA","ALLARM.LT8","06/28/2000","12:00:00","TDS.1","M1",1435,"CMC","NTWQM",2000-06-28 12:00:00,0.3,"ISM",1,"Water",NA,310,"MG/L",NA,NA,NA,2017-10-27 15:58:53,NA,2,NA,1,1,"S","PARTNTID",NA,NA,4,"sample does not have an associated bay program method code"
"920",999,"LRA","ALLARM.LT4","07/25/2000","12:00:00","NO3N.3","M1",1441,"CMC","NTWQM",2000-07-25 12:00:00,0.3,"ISM",2,"Water",NA,6.1,"MG/L",NA,NA,NA,2017-10-27 15:59:02,NA,2,NA,1,1,"S","PARTNTID",NA,NA,4,"sample does not have an associated bay program method code"
"921",999,"LRA","ALLARM.LT9","09/28/2000","12:00:00","NO3N.3","M1",1466,"CMC","NTWQM",2000-09-28 12:00:00,0.3,"ISM",2,"Water",NA,5.25,"MG/L",NA,NA,NA,2017-10-27 15:59:38,NA,2,NA,1,1,"S","PARTNTID",NA,NA,4,"sample does not have an associated bay program method code"
