"","paramMethod","SOURCE","STATION","SAMPLE_DATE","SAMPLE_TIME","paramCode","SAMPLE_ID","EventId","AGENCY","PROGRAM","DateTime","DEPTH","SAMPLE_TYPE","TIER","Matrix","QUALIFIER","VALUE","UNITS","PROBLEM","LAB","labName","modifiedDate","detLimit","qaFlag","COMMENTS","count.x","count.y","LAYER","PROJECT","SampleAnalyticalMethodIdentifier","SubstanceIdentificationName","errorCode","errorName"
"448",999,"LRA","ALLARM.LT5","07/01/1994","12:00:00","NO3N.3","M1",772,"CMC","NTWQM",1994-07-01 12:00:00,0.3,"ISM",2,"Water",NA,3.9,"MG/L",NA,NA,NA,2017-10-27 14:50:19,NA,2,NA,1,1,"S","PARTNTID",NA,NA,4,"sample does not have an associated bay program method code"
"449",999,"LRA","ALLARM.LT1","01/01/1994","12:00:00","NO3N.3","M1",718,"CMC","NTWQM",1994-01-01 12:00:00,0.3,"ISM",2,"Water",NA,3.4,"MG/L",NA,NA,NA,2017-10-27 14:49:32,NA,2,NA,1,1,"S","PARTNTID",NA,NA,4,"sample does not have an associated bay program method code"
"450",999,"LRA","ALLARM.LT10","11/01/1994","12:00:00","TDS.1","M1",817,"CMC","NTWQM",1994-11-01 12:00:00,0.3,"ISM",1,"Water",NA,360,"MG/L",NA,NA,NA,2017-10-27 14:51:01,NA,2,NA,1,1,"S","PARTNTID",NA,NA,4,"sample does not have an associated bay program method code"
"451",999,"LRA","ALLARM.LT5","07/01/1994","12:00:00","TDS.1","M1",772,"CMC","NTWQM",1994-07-01 12:00:00,0.3,"ISM",1,"Water",NA,325,"MG/L",NA,NA,NA,2017-10-27 14:50:19,NA,2,NA,1,1,"S","PARTNTID",NA,NA,4,"sample does not have an associated bay program method code"
"452",999,"LRA","ALLARM.LT1","01/01/1994","12:00:00","TDS.1","M1",718,"CMC","NTWQM",1994-01-01 12:00:00,0.3,"ISM",1,"Water",NA,380,"MG/L",NA,NA,NA,2017-10-27 14:49:32,NA,2,NA,1,1,"S","PARTNTID",NA,NA,4,"sample does not have an associated bay program method code"
"453",999,"LRA","ALLARM.LT10","12/01/1994","12:00:00","NO3N.3","M1",827,"CMC","NTWQM",1994-12-01 12:00:00,0.3,"ISM",2,"Water",NA,2.8,"MG/L",NA,NA,NA,2017-10-27 14:51:11,NA,2,NA,1,1,"S","PARTNTID",NA,NA,4,"sample does not have an associated bay program method code"
"454",999,"LRA","ALLARM.LT5","08/01/1994","12:00:00","NO3N.3","M1",782,"CMC","NTWQM",1994-08-01 12:00:00,0.3,"ISM",2,"Water",NA,3.8,"MG/L",NA,NA,NA,2017-10-27 14:50:28,NA,2,NA,1,1,"S","PARTNTID",NA,NA,4,"sample does not have an associated bay program method code"
"455",999,"LRA","ALLARM.LT7","06/01/1994","12:00:00","NO3N.3","M1",764,"CMC","NTWQM",1994-06-01 12:00:00,0.3,"ISM",2,"Water",NA,3.4,"MG/L",NA,NA,NA,2017-10-27 14:50:11,NA,2,NA,1,1,"S","PARTNTID",NA,NA,4,"sample does not have an associated bay program method code"
"456",999,"LRA","ALLARM.LT10","12/01/1994","12:00:00","TDS.1","M1",827,"CMC","NTWQM",1994-12-01 12:00:00,0.3,"ISM",1,"Water",NA,400,"MG/L",NA,NA,NA,2017-10-27 14:51:11,NA,2,NA,1,1,"S","PARTNTID",NA,NA,4,"sample does not have an associated bay program method code"
"457",999,"LRA","ALLARM.LT1","03/01/1994","12:00:00","TDS.1","M1",728,"CMC","NTWQM",1994-03-01 12:00:00,0.3,"ISM",1,"Water",NA,385,"MG/L",NA,NA,NA,2017-10-27 14:49:41,NA,2,NA,1,1,"S","PARTNTID",NA,NA,4,"sample does not have an associated bay program method code"
"458",999,"LRA","ALLARM.LT7","06/01/1994","12:00:00","TDS.1","M1",764,"CMC","NTWQM",1994-06-01 12:00:00,0.3,"ISM",1,"Water",NA,340,"MG/L",NA,NA,NA,2017-10-27 14:50:11,NA,2,NA,1,1,"S","PARTNTID",NA,NA,4,"sample does not have an associated bay program method code"
"459",999,"LRA","ALLARM.LT1","04/01/1994","12:00:00","NO3N.3","M1",738,"CMC","NTWQM",1994-04-01 12:00:00,0.3,"ISM",2,"Water",NA,3.6,"MG/L",NA,NA,NA,2017-10-27 14:49:49,NA,2,NA,1,1,"S","PARTNTID",NA,NA,4,"sample does not have an associated bay program method code"
"460",999,"LRA","ALLARM.LT5","09/01/1994","12:00:00","NO3N.3","M1",792,"CMC","NTWQM",1994-09-01 12:00:00,0.3,"ISM",2,"Water",NA,3.7,"MG/L",NA,NA,NA,2017-10-27 14:50:37,NA,2,NA,1,1,"S","PARTNTID",NA,NA,4,"sample does not have an associated bay program method code"
"461",999,"LRA","ALLARM.LT7","07/01/1994","12:00:00","NO3N.3","M1",774,"CMC","NTWQM",1994-07-01 12:00:00,0.3,"ISM",2,"Water",NA,3.4,"MG/L",NA,NA,NA,2017-10-27 14:50:20,NA,2,NA,1,1,"S","PARTNTID",NA,NA,4,"sample does not have an associated bay program method code"
"462",999,"LRA","ALLARM.LT1","04/01/1994","12:00:00","TDS.1","M1",738,"CMC","NTWQM",1994-04-01 12:00:00,0.3,"ISM",1,"Water",NA,280,"MG/L",NA,NA,NA,2017-10-27 14:49:49,NA,2,NA,1,1,"S","PARTNTID",NA,NA,4,"sample does not have an associated bay program method code"
"463",999,"LRA","ALLARM.LT5","09/01/1994","12:00:00","TDS.1","M1",792,"CMC","NTWQM",1994-09-01 12:00:00,0.3,"ISM",1,"Water",NA,330,"MG/L",NA,NA,NA,2017-10-27 14:50:37,NA,2,NA,1,1,"S","PARTNTID",NA,NA,4,"sample does not have an associated bay program method code"
"464",999,"LRA","ALLARM.LT7","07/01/1994","12:00:00","TDS.1","M1",774,"CMC","NTWQM",1994-07-01 12:00:00,0.3,"ISM",1,"Water",NA,320,"MG/L",NA,NA,NA,2017-10-27 14:50:20,NA,2,NA,1,1,"S","PARTNTID",NA,NA,4,"sample does not have an associated bay program method code"
"465",999,"LRA","ALLARM.LT1","05/01/1994","12:00:00","NO3N.3","M1",748,"CMC","NTWQM",1994-05-01 12:00:00,0.3,"ISM",2,"Water",NA,4,"MG/L",NA,NA,NA,2017-10-27 14:49:57,NA,2,NA,1,1,"S","PARTNTID",NA,NA,4,"sample does not have an associated bay program method code"
"466",999,"LRA","ALLARM.LT5","10/01/1994","12:00:00","NO3N.3","M1",802,"CMC","NTWQM",1994-10-01 12:00:00,0.3,"ISM",2,"Water",NA,3.9,"MG/L",NA,NA,NA,2017-10-27 14:50:46,NA,2,NA,1,1,"S","PARTNTID",NA,NA,4,"sample does not have an associated bay program method code"
"467",999,"LRA","ALLARM.LT7","08/01/1994","12:00:00","NO3N.3","M1",784,"CMC","NTWQM",1994-08-01 12:00:00,0.3,"ISM",2,"Water",NA,3.4,"MG/L",NA,NA,NA,2017-10-27 14:50:30,NA,2,NA,1,1,"S","PARTNTID",NA,NA,4,"sample does not have an associated bay program method code"
"468",999,"LRA","ALLARM.LT1","05/01/1994","12:00:00","TDS.1","M1",748,"CMC","NTWQM",1994-05-01 12:00:00,0.3,"ISM",1,"Water",NA,290,"MG/L",NA,NA,NA,2017-10-27 14:49:57,NA,2,NA,1,1,"S","PARTNTID",NA,NA,4,"sample does not have an associated bay program method code"
"469",999,"LRA","ALLARM.LT5","10/01/1994","12:00:00","TDS.1","M1",802,"CMC","NTWQM",1994-10-01 12:00:00,0.3,"ISM",1,"Water",NA,335,"MG/L",NA,NA,NA,2017-10-27 14:50:46,NA,2,NA,1,1,"S","PARTNTID",NA,NA,4,"sample does not have an associated bay program method code"
"470",999,"LRA","ALLARM.LT7","08/01/1994","12:00:00","TDS.1","M1",784,"CMC","NTWQM",1994-08-01 12:00:00,0.3,"ISM",1,"Water",NA,330,"MG/L",NA,NA,NA,2017-10-27 14:50:30,NA,2,NA,1,1,"S","PARTNTID",NA,NA,4,"sample does not have an associated bay program method code"
"471",999,"LRA","ALLARM.LT1","06/01/1994","12:00:00","NO3N.3","M1",758,"CMC","NTWQM",1994-06-01 12:00:00,0.3,"ISM",2,"Water",NA,4.3,"MG/L",NA,NA,NA,2017-10-27 14:50:05,NA,2,NA,1,1,"S","PARTNTID",NA,NA,4,"sample does not have an associated bay program method code"
"472",999,"LRA","ALLARM.LT5","11/01/1994","12:00:00","NO3N.3","M1",812,"CMC","NTWQM",1994-11-01 12:00:00,0.3,"ISM",2,"Water",NA,3.6,"MG/L",NA,NA,NA,2017-10-27 14:50:55,NA,2,NA,1,1,"S","PARTNTID",NA,NA,4,"sample does not have an associated bay program method code"
"473",999,"LRA","ALLARM.LT7","09/01/1994","12:00:00","NO3N.3","M1",794,"CMC","NTWQM",1994-09-01 12:00:00,0.3,"ISM",2,"Water",NA,3.3,"MG/L",NA,NA,NA,2017-10-27 14:50:39,NA,2,NA,1,1,"S","PARTNTID",NA,NA,4,"sample does not have an associated bay program method code"
"474",999,"LRA","ALLARM.LT1","06/01/1994","12:00:00","TDS.1","M1",758,"CMC","NTWQM",1994-06-01 12:00:00,0.3,"ISM",1,"Water",NA,295,"MG/L",NA,NA,NA,2017-10-27 14:50:05,NA,2,NA,1,1,"S","PARTNTID",NA,NA,4,"sample does not have an associated bay program method code"
"475",999,"LRA","ALLARM.LT5","11/01/1994","12:00:00","TDS.1","M1",812,"CMC","NTWQM",1994-11-01 12:00:00,0.3,"ISM",1,"Water",NA,330,"MG/L",NA,NA,NA,2017-10-27 14:50:55,NA,2,NA,1,1,"S","PARTNTID",NA,NA,4,"sample does not have an associated bay program method code"
"476",999,"LRA","ALLARM.LT7","09/01/1994","12:00:00","TDS.1","M1",794,"CMC","NTWQM",1994-09-01 12:00:00,0.3,"ISM",1,"Water",NA,340,"MG/L",NA,NA,NA,2017-10-27 14:50:39,NA,2,NA,1,1,"S","PARTNTID",NA,NA,4,"sample does not have an associated bay program method code"
"477",999,"LRA","ALLARM.LT1","07/01/1994","12:00:00","NO3N.3","M1",768,"CMC","NTWQM",1994-07-01 12:00:00,0.3,"ISM",2,"Water",NA,4,"MG/L",NA,NA,NA,2017-10-27 14:50:15,NA,2,NA,1,1,"S","PARTNTID",NA,NA,4,"sample does not have an associated bay program method code"
"478",999,"LRA","ALLARM.LT4","03/01/1994","12:00:00","NO3N.3","M1",731,"CMC","NTWQM",1994-03-01 12:00:00,0.3,"ISM",2,"Water",NA,3,"MG/L",NA,NA,NA,2017-10-27 14:49:43,NA,2,NA,1,1,"S","PARTNTID",NA,NA,4,"sample does not have an associated bay program method code"
"479",999,"LRA","ALLARM.LT7","10/01/1994","12:00:00","NO3N.3","M1",804,"CMC","NTWQM",1994-10-01 12:00:00,0.3,"ISM",2,"Water",NA,5,"MG/L",NA,NA,NA,2017-10-27 14:50:48,NA,2,NA,1,1,"S","PARTNTID",NA,NA,4,"sample does not have an associated bay program method code"
"480",999,"LRA","ALLARM.LT1","07/01/1994","12:00:00","TDS.1","M1",768,"CMC","NTWQM",1994-07-01 12:00:00,0.3,"ISM",1,"Water",NA,299,"MG/L",NA,NA,NA,2017-10-27 14:50:15,NA,2,NA,1,1,"S","PARTNTID",NA,NA,4,"sample does not have an associated bay program method code"
"481",999,"LRA","ALLARM.LT4","03/01/1994","12:00:00","TDS.1","M1",731,"CMC","NTWQM",1994-03-01 12:00:00,0.3,"ISM",1,"Water",NA,310,"MG/L",NA,NA,NA,2017-10-27 14:49:43,NA,2,NA,1,1,"S","PARTNTID",NA,NA,4,"sample does not have an associated bay program method code"
"482",999,"LRA","ALLARM.LT7","10/01/1994","12:00:00","TDS.1","M1",804,"CMC","NTWQM",1994-10-01 12:00:00,0.3,"ISM",1,"Water",NA,340,"MG/L",NA,NA,NA,2017-10-27 14:50:48,NA,2,NA,1,1,"S","PARTNTID",NA,NA,4,"sample does not have an associated bay program method code"
"483",999,"LRA","ALLARM.LT1","08/01/1994","12:00:00","NO3N.3","M1",778,"CMC","NTWQM",1994-08-01 12:00:00,0.3,"ISM",2,"Water",NA,3.8,"MG/L",NA,NA,NA,2017-10-27 14:50:24,NA,2,NA,1,1,"S","PARTNTID",NA,NA,4,"sample does not have an associated bay program method code"
"484",999,"LRA","ALLARM.LT4","04/01/1994","12:00:00","NO3N.3","M1",741,"CMC","NTWQM",1994-04-01 12:00:00,0.3,"ISM",2,"Water",NA,2.9,"MG/L",NA,NA,NA,2017-10-27 14:49:51,NA,2,NA,1,1,"S","PARTNTID",NA,NA,4,"sample does not have an associated bay program method code"
"485",999,"LRA","ALLARM.LT7","11/01/1994","12:00:00","NO3N.3","M1",814,"CMC","NTWQM",1994-11-01 12:00:00,0.3,"ISM",2,"Water",NA,3.3,"MG/L",NA,NA,NA,2017-10-27 14:50:57,NA,2,NA,1,1,"S","PARTNTID",NA,NA,4,"sample does not have an associated bay program method code"
"486",999,"LRA","ALLARM.LT1","08/01/1994","12:00:00","TDS.1","M1",778,"CMC","NTWQM",1994-08-01 12:00:00,0.3,"ISM",1,"Water",NA,302,"MG/L",NA,NA,NA,2017-10-27 14:50:24,NA,2,NA,1,1,"S","PARTNTID",NA,NA,4,"sample does not have an associated bay program method code"
"487",999,"LRA","ALLARM.LT4","04/01/1994","12:00:00","TDS.1","M1",741,"CMC","NTWQM",1994-04-01 12:00:00,0.3,"ISM",1,"Water",NA,320,"MG/L",NA,NA,NA,2017-10-27 14:49:51,NA,2,NA,1,1,"S","PARTNTID",NA,NA,4,"sample does not have an associated bay program method code"
"488",999,"LRA","ALLARM.LT7","11/01/1994","12:00:00","TDS.1","M1",814,"CMC","NTWQM",1994-11-01 12:00:00,0.3,"ISM",1,"Water",NA,330,"MG/L",NA,NA,NA,2017-10-27 14:50:57,NA,2,NA,1,1,"S","PARTNTID",NA,NA,4,"sample does not have an associated bay program method code"
"489",999,"LRA","ALLARM.LT1","09/01/1994","12:00:00","NO3N.3","M1",788,"CMC","NTWQM",1994-09-01 12:00:00,0.3,"ISM",2,"Water",NA,3.9,"MG/L",NA,NA,NA,2017-10-27 14:50:33,NA,2,NA,1,1,"S","PARTNTID",NA,NA,4,"sample does not have an associated bay program method code"
"490",999,"LRA","ALLARM.LT4","05/01/1994","12:00:00","NO3N.3","M1",751,"CMC","NTWQM",1994-05-01 12:00:00,0.3,"ISM",2,"Water",NA,3,"MG/L",NA,NA,NA,2017-10-27 14:49:59,NA,2,NA,1,1,"S","PARTNTID",NA,NA,4,"sample does not have an associated bay program method code"
"491",999,"LRA","ALLARM.LT6","03/01/1994","12:00:00","NO3N.3","M1",733,"CMC","NTWQM",1994-03-01 12:00:00,0.3,"ISM",2,"Water",NA,3.5,"MG/L",NA,NA,NA,2017-10-27 14:49:45,NA,2,NA,1,1,"S","PARTNTID",NA,NA,4,"sample does not have an associated bay program method code"
"492",999,"LRA","ALLARM.LT1","09/01/1994","12:00:00","TDS.1","M1",788,"CMC","NTWQM",1994-09-01 12:00:00,0.3,"ISM",1,"Water",NA,320,"MG/L",NA,NA,NA,2017-10-27 14:50:33,NA,2,NA,1,1,"S","PARTNTID",NA,NA,4,"sample does not have an associated bay program method code"
"493",999,"LRA","ALLARM.LT4","05/01/1994","12:00:00","TDS.1","M1",751,"CMC","NTWQM",1994-05-01 12:00:00,0.3,"ISM",1,"Water",NA,340,"MG/L",NA,NA,NA,2017-10-27 14:49:59,NA,2,NA,1,1,"S","PARTNTID",NA,NA,4,"sample does not have an associated bay program method code"
"494",999,"LRA","ALLARM.LT6","03/01/1994","12:00:00","TDS.1","M1",733,"CMC","NTWQM",1994-03-01 12:00:00,0.3,"ISM",1,"Water",NA,390,"MG/L",NA,NA,NA,2017-10-27 14:49:45,NA,2,NA,1,1,"S","PARTNTID",NA,NA,4,"sample does not have an associated bay program method code"
"495",999,"LRA","ALLARM.LT1","10/01/1994","12:00:00","NO3N.3","M1",798,"CMC","NTWQM",1994-10-01 12:00:00,0.3,"ISM",2,"Water",NA,4,"MG/L",NA,NA,NA,2017-10-27 14:50:42,NA,2,NA,1,1,"S","PARTNTID",NA,NA,4,"sample does not have an associated bay program method code"
"496",999,"LRA","ALLARM.LT4","06/01/1994","12:00:00","NO3N.3","M1",761,"CMC","NTWQM",1994-06-01 12:00:00,0.3,"ISM",2,"Water",NA,3.2,"MG/L",NA,NA,NA,2017-10-27 14:50:08,NA,2,NA,1,1,"S","PARTNTID",NA,NA,4,"sample does not have an associated bay program method code"
"497",999,"LRA","ALLARM.LT6","04/01/1994","12:00:00","NO3N.3","M1",743,"CMC","NTWQM",1994-04-01 12:00:00,0.3,"ISM",2,"Water",NA,3.4,"MG/L",NA,NA,NA,2017-10-27 14:49:53,NA,2,NA,1,1,"S","PARTNTID",NA,NA,4,"sample does not have an associated bay program method code"
"498",999,"LRA","ALLARM.LT1","10/01/1994","12:00:00","TDS.1","M1",798,"CMC","NTWQM",1994-10-01 12:00:00,0.3,"ISM",1,"Water",NA,301,"MG/L",NA,NA,NA,2017-10-27 14:50:42,NA,2,NA,1,1,"S","PARTNTID",NA,NA,4,"sample does not have an associated bay program method code"
"499",999,"LRA","ALLARM.LT4","06/01/1994","12:00:00","TDS.1","M1",761,"CMC","NTWQM",1994-06-01 12:00:00,0.3,"ISM",1,"Water",NA,330,"MG/L",NA,NA,NA,2017-10-27 14:50:08,NA,2,NA,1,1,"S","PARTNTID",NA,NA,4,"sample does not have an associated bay program method code"
"500",999,"LRA","ALLARM.LT6","04/01/1994","12:00:00","TDS.1","M1",743,"CMC","NTWQM",1994-04-01 12:00:00,0.3,"ISM",1,"Water",NA,330,"MG/L",NA,NA,NA,2017-10-27 14:49:53,NA,2,NA,1,1,"S","PARTNTID",NA,NA,4,"sample does not have an associated bay program method code"
"501",999,"LRA","ALLARM.LT1","11/01/1994","12:00:00","NO3N.3","M1",808,"CMC","NTWQM",1994-11-01 12:00:00,0.3,"ISM",2,"Water",NA,3.8,"MG/L",NA,NA,NA,2017-10-27 14:50:52,NA,2,NA,1,1,"S","PARTNTID",NA,NA,4,"sample does not have an associated bay program method code"
"502",999,"LRA","ALLARM.LT4","07/01/1994","12:00:00","NO3N.3","M1",771,"CMC","NTWQM",1994-07-01 12:00:00,0.3,"ISM",2,"Water",NA,3.4,"MG/L",NA,NA,NA,2017-10-27 14:50:18,NA,2,NA,1,1,"S","PARTNTID",NA,NA,4,"sample does not have an associated bay program method code"
"503",999,"LRA","ALLARM.LT6","05/01/1994","12:00:00","NO3N.3","M1",753,"CMC","NTWQM",1994-05-01 12:00:00,0.3,"ISM",2,"Water",NA,3.2,"MG/L",NA,NA,NA,2017-10-27 14:50:01,NA,2,NA,1,1,"S","PARTNTID",NA,NA,4,"sample does not have an associated bay program method code"
"504",999,"LRA","ALLARM.LT1","11/01/1994","12:00:00","TDS.1","M1",808,"CMC","NTWQM",1994-11-01 12:00:00,0.3,"ISM",1,"Water",NA,290,"MG/L",NA,NA,NA,2017-10-27 14:50:52,NA,2,NA,1,1,"S","PARTNTID",NA,NA,4,"sample does not have an associated bay program method code"
"505",999,"LRA","ALLARM.LT4","07/01/1994","12:00:00","TDS.1","M1",771,"CMC","NTWQM",1994-07-01 12:00:00,0.3,"ISM",1,"Water",NA,345,"MG/L",NA,NA,NA,2017-10-27 14:50:18,NA,2,NA,1,1,"S","PARTNTID",NA,NA,4,"sample does not have an associated bay program method code"
"506",999,"LRA","ALLARM.LT6","05/01/1994","12:00:00","TDS.1","M1",753,"CMC","NTWQM",1994-05-01 12:00:00,0.3,"ISM",1,"Water",NA,340,"MG/L",NA,NA,NA,2017-10-27 14:50:01,NA,2,NA,1,1,"S","PARTNTID",NA,NA,4,"sample does not have an associated bay program method code"
"507",999,"LRA","ALLARM.LT1","12/01/1994","12:00:00","NO3N.3","M1",818,"CMC","NTWQM",1994-12-01 12:00:00,0.3,"ISM",2,"Water",NA,2.3,"MG/L",NA,NA,NA,2017-10-27 14:51:02,NA,2,NA,1,1,"S","PARTNTID",NA,NA,4,"sample does not have an associated bay program method code"
"508",999,"LRA","ALLARM.LT4","08/01/1994","12:00:00","NO3N.3","M1",781,"CMC","NTWQM",1994-08-01 12:00:00,0.3,"ISM",2,"Water",NA,3.4,"MG/L",NA,NA,NA,2017-10-27 14:50:27,NA,2,NA,1,1,"S","PARTNTID",NA,NA,4,"sample does not have an associated bay program method code"
"509",999,"LRA","ALLARM.LT6","06/01/1994","12:00:00","NO3N.3","M1",763,"CMC","NTWQM",1994-06-01 12:00:00,0.3,"ISM",2,"Water",NA,3.3,"MG/L",NA,NA,NA,2017-10-27 14:50:10,NA,2,NA,1,1,"S","PARTNTID",NA,NA,4,"sample does not have an associated bay program method code"
"510",999,"LRA","ALLARM.LT1","12/01/1994","12:00:00","TDS.1","M1",818,"CMC","NTWQM",1994-12-01 12:00:00,0.3,"ISM",1,"Water",NA,360,"MG/L",NA,NA,NA,2017-10-27 14:51:02,NA,2,NA,1,1,"S","PARTNTID",NA,NA,4,"sample does not have an associated bay program method code"
"511",999,"LRA","ALLARM.LT4","08/01/1994","12:00:00","TDS.1","M1",781,"CMC","NTWQM",1994-08-01 12:00:00,0.3,"ISM",1,"Water",NA,337,"MG/L",NA,NA,NA,2017-10-27 14:50:27,NA,2,NA,1,1,"S","PARTNTID",NA,NA,4,"sample does not have an associated bay program method code"
"512",999,"LRA","ALLARM.LT6","06/01/1994","12:00:00","TDS.1","M1",763,"CMC","NTWQM",1994-06-01 12:00:00,0.3,"ISM",1,"Water",NA,310,"MG/L",NA,NA,NA,2017-10-27 14:50:10,NA,2,NA,1,1,"S","PARTNTID",NA,NA,4,"sample does not have an associated bay program method code"
"513",999,"LRA","ALLARM.LT10","01/01/1994","12:00:00","NO3N.3","M1",727,"CMC","NTWQM",1994-01-01 12:00:00,0.3,"ISM",2,"Water",NA,2.4,"MG/L",NA,NA,NA,2017-10-27 14:49:40,NA,2,NA,1,1,"S","PARTNTID",NA,NA,4,"sample does not have an associated bay program method code"
"514",999,"LRA","ALLARM.LT4","09/01/1994","12:00:00","NO3N.3","M1",791,"CMC","NTWQM",1994-09-01 12:00:00,0.3,"ISM",2,"Water",NA,3.3,"MG/L",NA,NA,NA,2017-10-27 14:50:36,NA,2,NA,1,1,"S","PARTNTID",NA,NA,4,"sample does not have an associated bay program method code"
"515",999,"LRA","ALLARM.LT6","07/01/1994","12:00:00","NO3N.3","M1",773,"CMC","NTWQM",1994-07-01 12:00:00,0.3,"ISM",2,"Water",NA,3.5,"MG/L",NA,NA,NA,2017-10-27 14:50:20,NA,2,NA,1,1,"S","PARTNTID",NA,NA,4,"sample does not have an associated bay program method code"
"516",999,"LRA","ALLARM.LT10","01/01/1994","12:00:00","TDS.1","M1",727,"CMC","NTWQM",1994-01-01 12:00:00,0.3,"ISM",1,"Water",NA,490,"MG/L",NA,NA,NA,2017-10-27 14:49:40,NA,2,NA,1,1,"S","PARTNTID",NA,NA,4,"sample does not have an associated bay program method code"
"517",999,"LRA","ALLARM.LT4","09/01/1994","12:00:00","TDS.1","M1",791,"CMC","NTWQM",1994-09-01 12:00:00,0.3,"ISM",1,"Water",NA,320,"MG/L",NA,NA,NA,2017-10-27 14:50:36,NA,2,NA,1,1,"S","PARTNTID",NA,NA,4,"sample does not have an associated bay program method code"
"518",999,"LRA","ALLARM.LT6","07/01/1994","12:00:00","TDS.1","M1",773,"CMC","NTWQM",1994-07-01 12:00:00,0.3,"ISM",1,"Water",NA,315,"MG/L",NA,NA,NA,2017-10-27 14:50:20,NA,2,NA,1,1,"S","PARTNTID",NA,NA,4,"sample does not have an associated bay program method code"
"519",999,"LRA","ALLARM.LT2","12/01/1994","12:00:00","NO3N.3","M1",819,"CMC","NTWQM",1994-12-01 12:00:00,0.3,"ISM",2,"Water",NA,2.4,"MG/L",NA,NA,NA,2017-10-27 14:51:03,NA,2,NA,1,1,"S","PARTNTID",NA,NA,4,"sample does not have an associated bay program method code"
"520",999,"LRA","ALLARM.LT10","03/01/1994","12:00:00","NO3N.3","M1",737,"CMC","NTWQM",1994-03-01 12:00:00,0.3,"ISM",2,"Water",NA,3,"MG/L",NA,NA,NA,2017-10-27 14:49:48,NA,2,NA,1,1,"S","PARTNTID",NA,NA,4,"sample does not have an associated bay program method code"
"521",999,"LRA","ALLARM.LT6","08/01/1994","12:00:00","NO3N.3","M1",783,"CMC","NTWQM",1994-08-01 12:00:00,0.3,"ISM",2,"Water",NA,3.2,"MG/L",NA,NA,NA,2017-10-27 14:50:29,NA,2,NA,1,1,"S","PARTNTID",NA,NA,4,"sample does not have an associated bay program method code"
"522",999,"LRA","ALLARM.LT2","12/01/1994","12:00:00","TDS.1","M1",819,"CMC","NTWQM",1994-12-01 12:00:00,0.3,"ISM",1,"Water",NA,370,"MG/L",NA,NA,NA,2017-10-27 14:51:03,NA,2,NA,1,1,"S","PARTNTID",NA,NA,4,"sample does not have an associated bay program method code"
"523",999,"LRA","ALLARM.LT10","03/01/1994","12:00:00","TDS.1","M1",737,"CMC","NTWQM",1994-03-01 12:00:00,0.3,"ISM",1,"Water",NA,495,"MG/L",NA,NA,NA,2017-10-27 14:49:48,NA,2,NA,1,1,"S","PARTNTID",NA,NA,4,"sample does not have an associated bay program method code"
"524",999,"LRA","ALLARM.LT6","08/01/1994","12:00:00","TDS.1","M1",783,"CMC","NTWQM",1994-08-01 12:00:00,0.3,"ISM",1,"Water",NA,328,"MG/L",NA,NA,NA,2017-10-27 14:50:29,NA,2,NA,1,1,"S","PARTNTID",NA,NA,4,"sample does not have an associated bay program method code"
"525",999,"LRA","ALLARM.LT3","01/01/1994","12:00:00","NO3N.3","M1",720,"CMC","NTWQM",1994-01-01 12:00:00,0.3,"ISM",2,"Water",NA,2.8,"MG/L",NA,NA,NA,2017-10-27 14:49:34,NA,2,NA,1,1,"S","PARTNTID",NA,NA,4,"sample does not have an associated bay program method code"
"526",999,"LRA","ALLARM.LT10","04/01/1994","12:00:00","NO3N.3","M1",747,"CMC","NTWQM",1994-04-01 12:00:00,0.3,"ISM",2,"Water",NA,2.8,"MG/L",NA,NA,NA,2017-10-27 14:49:56,NA,2,NA,1,1,"S","PARTNTID",NA,NA,4,"sample does not have an associated bay program method code"
"527",999,"LRA","ALLARM.LT6","09/01/1994","12:00:00","NO3N.3","M1",793,"CMC","NTWQM",1994-09-01 12:00:00,0.3,"ISM",2,"Water",NA,3.4,"MG/L",NA,NA,NA,2017-10-27 14:50:38,NA,2,NA,1,1,"S","PARTNTID",NA,NA,4,"sample does not have an associated bay program method code"
"528",999,"LRA","ALLARM.LT3","01/01/1994","12:00:00","TDS.1","M1",720,"CMC","NTWQM",1994-01-01 12:00:00,0.3,"ISM",1,"Water",NA,280,"MG/L",NA,NA,NA,2017-10-27 14:49:34,NA,2,NA,1,1,"S","PARTNTID",NA,NA,4,"sample does not have an associated bay program method code"
"529",999,"LRA","ALLARM.LT10","04/01/1994","12:00:00","TDS.1","M1",747,"CMC","NTWQM",1994-04-01 12:00:00,0.3,"ISM",1,"Water",NA,420,"MG/L",NA,NA,NA,2017-10-27 14:49:56,NA,2,NA,1,1,"S","PARTNTID",NA,NA,4,"sample does not have an associated bay program method code"
"530",999,"LRA","ALLARM.LT6","09/01/1994","12:00:00","TDS.1","M1",793,"CMC","NTWQM",1994-09-01 12:00:00,0.3,"ISM",1,"Water",NA,330,"MG/L",NA,NA,NA,2017-10-27 14:50:38,NA,2,NA,1,1,"S","PARTNTID",NA,NA,4,"sample does not have an associated bay program method code"
"531",999,"LRA","ALLARM.LT8","07/01/1994","12:00:00","TDS.1","M1",775,"CMC","NTWQM",1994-07-01 12:00:00,0.3,"ISM",1,"Water",NA,355,"MG/L",NA,NA,NA,2017-10-27 14:50:21,NA,2,NA,1,1,"S","PARTNTID",NA,NA,4,"sample does not have an associated bay program method code"
"532",999,"LRA","ALLARM.LT10","05/01/1994","12:00:00","NO3N.3","M1",757,"CMC","NTWQM",1994-05-01 12:00:00,0.3,"ISM",2,"Water",NA,2.9,"MG/L",NA,NA,NA,2017-10-27 14:50:04,NA,2,NA,1,1,"S","PARTNTID",NA,NA,4,"sample does not have an associated bay program method code"
"533",999,"LRA","ALLARM.LT6","10/01/1994","12:00:00","NO3N.3","M1",803,"CMC","NTWQM",1994-10-01 12:00:00,0.3,"ISM",2,"Water",NA,4.9,"MG/L",NA,NA,NA,2017-10-27 14:50:47,NA,2,NA,1,1,"S","PARTNTID",NA,NA,4,"sample does not have an associated bay program method code"
"534",999,"LRA","ALLARM.LT8","08/01/1994","12:00:00","NO3N.3","M1",785,"CMC","NTWQM",1994-08-01 12:00:00,0.3,"ISM",2,"Water",NA,3.5,"MG/L",NA,NA,NA,2017-10-27 14:50:30,NA,2,NA,1,1,"S","PARTNTID",NA,NA,4,"sample does not have an associated bay program method code"
"535",999,"LRA","ALLARM.LT10","05/01/1994","12:00:00","TDS.1","M1",757,"CMC","NTWQM",1994-05-01 12:00:00,0.3,"ISM",1,"Water",NA,400,"MG/L",NA,NA,NA,2017-10-27 14:50:04,NA,2,NA,1,1,"S","PARTNTID",NA,NA,4,"sample does not have an associated bay program method code"
"536",999,"LRA","ALLARM.LT6","10/01/1994","12:00:00","TDS.1","M1",803,"CMC","NTWQM",1994-10-01 12:00:00,0.3,"ISM",1,"Water",NA,350,"MG/L",NA,NA,NA,2017-10-27 14:50:47,NA,2,NA,1,1,"S","PARTNTID",NA,NA,4,"sample does not have an associated bay program method code"
"537",999,"LRA","ALLARM.LT8","08/01/1994","12:00:00","TDS.1","M1",785,"CMC","NTWQM",1994-08-01 12:00:00,0.3,"ISM",1,"Water",NA,351,"MG/L",NA,NA,NA,2017-10-27 14:50:30,NA,2,NA,1,1,"S","PARTNTID",NA,NA,4,"sample does not have an associated bay program method code"
"538",999,"LRA","ALLARM.LT10","06/01/1994","12:00:00","NO3N.3","M1",767,"CMC","NTWQM",1994-06-01 12:00:00,0.3,"ISM",2,"Water",NA,3,"MG/L",NA,NA,NA,2017-10-27 14:50:14,NA,2,NA,1,1,"S","PARTNTID",NA,NA,4,"sample does not have an associated bay program method code"
"539",999,"LRA","ALLARM.LT6","11/01/1994","12:00:00","NO3N.3","M1",813,"CMC","NTWQM",1994-11-01 12:00:00,0.3,"ISM",2,"Water",NA,3.2,"MG/L",NA,NA,NA,2017-10-27 14:50:56,NA,2,NA,1,1,"S","PARTNTID",NA,NA,4,"sample does not have an associated bay program method code"
"540",999,"LRA","ALLARM.LT8","09/01/1994","12:00:00","NO3N.3","M1",795,"CMC","NTWQM",1994-09-01 12:00:00,0.3,"ISM",2,"Water",NA,3.4,"MG/L",NA,NA,NA,2017-10-27 14:50:40,NA,2,NA,1,1,"S","PARTNTID",NA,NA,4,"sample does not have an associated bay program method code"
"541",999,"LRA","ALLARM.LT10","06/01/1994","12:00:00","TDS.1","M1",767,"CMC","NTWQM",1994-06-01 12:00:00,0.3,"ISM",1,"Water",NA,340,"MG/L",NA,NA,NA,2017-10-27 14:50:14,NA,2,NA,1,1,"S","PARTNTID",NA,NA,4,"sample does not have an associated bay program method code"
"542",999,"LRA","ALLARM.LT6","11/01/1994","12:00:00","TDS.1","M1",813,"CMC","NTWQM",1994-11-01 12:00:00,0.3,"ISM",1,"Water",NA,320,"MG/L",NA,NA,NA,2017-10-27 14:50:56,NA,2,NA,1,1,"S","PARTNTID",NA,NA,4,"sample does not have an associated bay program method code"
"543",999,"LRA","ALLARM.LT8","09/01/1994","12:00:00","TDS.1","M1",795,"CMC","NTWQM",1994-09-01 12:00:00,0.3,"ISM",1,"Water",NA,348,"MG/L",NA,NA,NA,2017-10-27 14:50:40,NA,2,NA,1,1,"S","PARTNTID",NA,NA,4,"sample does not have an associated bay program method code"
"544",999,"LRA","ALLARM.LT10","07/01/1994","12:00:00","NO3N.3","M1",777,"CMC","NTWQM",1994-07-01 12:00:00,0.3,"ISM",2,"Water",NA,3.1,"MG/L",NA,NA,NA,2017-10-27 14:50:23,NA,2,NA,1,1,"S","PARTNTID",NA,NA,4,"sample does not have an associated bay program method code"
"545",999,"LRA","ALLARM.LT5","03/01/1994","12:00:00","NO3N.3","M1",732,"CMC","NTWQM",1994-03-01 12:00:00,0.3,"ISM",2,"Water",NA,2.6,"MG/L",NA,NA,NA,2017-10-27 14:49:44,NA,2,NA,1,1,"S","PARTNTID",NA,NA,4,"sample does not have an associated bay program method code"
"546",999,"LRA","ALLARM.LT8","10/01/1994","12:00:00","NO3N.3","M1",805,"CMC","NTWQM",1994-10-01 12:00:00,0.3,"ISM",2,"Water",NA,4.8,"MG/L",NA,NA,NA,2017-10-27 14:50:49,NA,2,NA,1,1,"S","PARTNTID",NA,NA,4,"sample does not have an associated bay program method code"
"547",999,"LRA","ALLARM.LT10","07/01/1994","12:00:00","TDS.1","M1",777,"CMC","NTWQM",1994-07-01 12:00:00,0.3,"ISM",1,"Water",NA,355,"MG/L",NA,NA,NA,2017-10-27 14:50:23,NA,2,NA,1,1,"S","PARTNTID",NA,NA,4,"sample does not have an associated bay program method code"
"548",999,"LRA","ALLARM.LT5","03/01/1994","12:00:00","TDS.1","M1",732,"CMC","NTWQM",1994-03-01 12:00:00,0.3,"ISM",1,"Water",NA,400,"MG/L",NA,NA,NA,2017-10-27 14:49:44,NA,2,NA,1,1,"S","PARTNTID",NA,NA,4,"sample does not have an associated bay program method code"
"549",999,"LRA","ALLARM.LT8","10/01/1994","12:00:00","TDS.1","M1",805,"CMC","NTWQM",1994-10-01 12:00:00,0.3,"ISM",1,"Water",NA,338,"MG/L",NA,NA,NA,2017-10-27 14:50:49,NA,2,NA,1,1,"S","PARTNTID",NA,NA,4,"sample does not have an associated bay program method code"
"550",999,"LRA","ALLARM.LT10","08/01/1994","12:00:00","NO3N.3","M1",787,"CMC","NTWQM",1994-08-01 12:00:00,0.3,"ISM",2,"Water",NA,3,"MG/L",NA,NA,NA,2017-10-27 14:50:32,NA,2,NA,1,1,"S","PARTNTID",NA,NA,4,"sample does not have an associated bay program method code"
"551",999,"LRA","ALLARM.LT5","04/01/1994","12:00:00","NO3N.3","M1",742,"CMC","NTWQM",1994-04-01 12:00:00,0.3,"ISM",2,"Water",NA,2.5,"MG/L",NA,NA,NA,2017-10-27 14:49:52,NA,2,NA,1,1,"S","PARTNTID",NA,NA,4,"sample does not have an associated bay program method code"
"552",999,"LRA","ALLARM.LT8","11/01/1994","12:00:00","NO3N.3","M1",815,"CMC","NTWQM",1994-11-01 12:00:00,0.3,"ISM",2,"Water",NA,3.4,"MG/L",NA,NA,NA,2017-10-27 14:50:58,NA,2,NA,1,1,"S","PARTNTID",NA,NA,4,"sample does not have an associated bay program method code"
"553",999,"LRA","ALLARM.LT10","08/01/1994","12:00:00","TDS.1","M1",787,"CMC","NTWQM",1994-08-01 12:00:00,0.3,"ISM",1,"Water",NA,365,"MG/L",NA,NA,NA,2017-10-27 14:50:32,NA,2,NA,1,1,"S","PARTNTID",NA,NA,4,"sample does not have an associated bay program method code"
"554",999,"LRA","ALLARM.LT5","04/01/1994","12:00:00","TDS.1","M1",742,"CMC","NTWQM",1994-04-01 12:00:00,0.3,"ISM",1,"Water",NA,330,"MG/L",NA,NA,NA,2017-10-27 14:49:52,NA,2,NA,1,1,"S","PARTNTID",NA,NA,4,"sample does not have an associated bay program method code"
"555",999,"LRA","ALLARM.LT8","11/01/1994","12:00:00","TDS.1","M1",815,"CMC","NTWQM",1994-11-01 12:00:00,0.3,"ISM",1,"Water",NA,340,"MG/L",NA,NA,NA,2017-10-27 14:50:58,NA,2,NA,1,1,"S","PARTNTID",NA,NA,4,"sample does not have an associated bay program method code"
"556",999,"LRA","ALLARM.LT10","09/01/1994","12:00:00","NO3N.3","M1",797,"CMC","NTWQM",1994-09-01 12:00:00,0.3,"ISM",2,"Water",NA,3.1,"MG/L",NA,NA,NA,2017-10-27 14:50:41,NA,2,NA,1,1,"S","PARTNTID",NA,NA,4,"sample does not have an associated bay program method code"
"557",999,"LRA","ALLARM.LT5","05/01/1994","12:00:00","NO3N.3","M1",752,"CMC","NTWQM",1994-05-01 12:00:00,0.3,"ISM",2,"Water",NA,3,"MG/L",NA,NA,NA,2017-10-27 14:50:00,NA,2,NA,1,1,"S","PARTNTID",NA,NA,4,"sample does not have an associated bay program method code"
"558",999,"LRA","ALLARM.LT7","03/01/1994","12:00:00","NO3N.3","M1",734,"CMC","NTWQM",1994-03-01 12:00:00,0.3,"ISM",2,"Water",NA,3,"MG/L",NA,NA,NA,2017-10-27 14:49:46,NA,2,NA,1,1,"S","PARTNTID",NA,NA,4,"sample does not have an associated bay program method code"
"559",999,"LRA","ALLARM.LT10","09/01/1994","12:00:00","TDS.1","M1",797,"CMC","NTWQM",1994-09-01 12:00:00,0.3,"ISM",1,"Water",NA,360,"MG/L",NA,NA,NA,2017-10-27 14:50:41,NA,2,NA,1,1,"S","PARTNTID",NA,NA,4,"sample does not have an associated bay program method code"
"560",999,"LRA","ALLARM.LT5","05/01/1994","12:00:00","TDS.1","M1",752,"CMC","NTWQM",1994-05-01 12:00:00,0.3,"ISM",1,"Water",NA,330,"MG/L",NA,NA,NA,2017-10-27 14:50:00,NA,2,NA,1,1,"S","PARTNTID",NA,NA,4,"sample does not have an associated bay program method code"
"561",999,"LRA","ALLARM.LT7","03/01/1994","12:00:00","TDS.1","M1",734,"CMC","NTWQM",1994-03-01 12:00:00,0.3,"ISM",1,"Water",NA,410,"MG/L",NA,NA,NA,2017-10-27 14:49:46,NA,2,NA,1,1,"S","PARTNTID",NA,NA,4,"sample does not have an associated bay program method code"
"562",999,"LRA","ALLARM.LT10","10/01/1994","12:00:00","NO3N.3","M1",807,"CMC","NTWQM",1994-10-01 12:00:00,0.3,"ISM",2,"Water",NA,4.8,"MG/L",NA,NA,NA,2017-10-27 14:50:51,NA,2,NA,1,1,"S","PARTNTID",NA,NA,4,"sample does not have an associated bay program method code"
"563",999,"LRA","ALLARM.LT5","06/01/1994","12:00:00","NO3N.3","M1",762,"CMC","NTWQM",1994-06-01 12:00:00,0.3,"ISM",2,"Water",NA,4,"MG/L",NA,NA,NA,2017-10-27 14:50:09,NA,2,NA,1,1,"S","PARTNTID",NA,NA,4,"sample does not have an associated bay program method code"
"564",999,"LRA","ALLARM.LT7","04/01/1994","12:00:00","NO3N.3","M1",744,"CMC","NTWQM",1994-04-01 12:00:00,0.3,"ISM",2,"Water",NA,3,"MG/L",NA,NA,NA,2017-10-27 14:49:54,NA,2,NA,1,1,"S","PARTNTID",NA,NA,4,"sample does not have an associated bay program method code"
"565",999,"LRA","ALLARM.LT10","10/01/1994","12:00:00","TDS.1","M1",807,"CMC","NTWQM",1994-10-01 12:00:00,0.3,"ISM",1,"Water",NA,355,"MG/L",NA,NA,NA,2017-10-27 14:50:51,NA,2,NA,1,1,"S","PARTNTID",NA,NA,4,"sample does not have an associated bay program method code"
"566",999,"LRA","ALLARM.LT5","06/01/1994","12:00:00","TDS.1","M1",762,"CMC","NTWQM",1994-06-01 12:00:00,0.3,"ISM",1,"Water",NA,317,"MG/L",NA,NA,NA,2017-10-27 14:50:09,NA,2,NA,1,1,"S","PARTNTID",NA,NA,4,"sample does not have an associated bay program method code"
"567",999,"LRA","ALLARM.LT7","04/01/1994","12:00:00","TDS.1","M1",744,"CMC","NTWQM",1994-04-01 12:00:00,0.3,"ISM",1,"Water",NA,340,"MG/L",NA,NA,NA,2017-10-27 14:49:54,NA,2,NA,1,1,"S","PARTNTID",NA,NA,4,"sample does not have an associated bay program method code"
"568",999,"LRA","ALLARM.LT10","11/01/1994","12:00:00","NO3N.3","M1",817,"CMC","NTWQM",1994-11-01 12:00:00,0.3,"ISM",2,"Water",NA,3.4,"MG/L",NA,NA,NA,2017-10-27 14:51:01,NA,2,NA,1,1,"S","PARTNTID",NA,NA,4,"sample does not have an associated bay program method code"
"569",999,"LRA","ALLARM.LT8","07/01/1994","12:00:00","NO3N.3","M1",775,"CMC","NTWQM",1994-07-01 12:00:00,0.3,"ISM",2,"Water",NA,3.4,"MG/L",NA,NA,NA,2017-10-27 14:50:21,NA,2,NA,1,1,"S","PARTNTID",NA,NA,4,"sample does not have an associated bay program method code"
"570",999,"LRA","ALLARM.LT7","05/01/1994","12:00:00","NO3N.3","M1",754,"CMC","NTWQM",1994-05-01 12:00:00,0.3,"ISM",2,"Water",NA,3.1,"MG/L",NA,NA,NA,2017-10-27 14:50:02,NA,2,NA,1,1,"S","PARTNTID",NA,NA,4,"sample does not have an associated bay program method code"
"571",999,"LRA","ALLARM.LT3","09/01/1994","12:00:00","TDS.1","M1",790,"CMC","NTWQM",1994-09-01 12:00:00,0.3,"ISM",1,"Water",NA,330,"MG/L",NA,NA,NA,2017-10-27 14:50:35,NA,2,NA,1,1,"S","PARTNTID",NA,NA,4,"sample does not have an associated bay program method code"
"572",999,"LRA","ALLARM.LT7","12/01/1994","12:00:00","NO3N.3","M1",824,"CMC","NTWQM",1994-12-01 12:00:00,0.3,"ISM",2,"Water",NA,2.5,"MG/L",NA,NA,NA,2017-10-27 14:51:08,NA,2,NA,1,1,"S","PARTNTID",NA,NA,4,"sample does not have an associated bay program method code"
"573",999,"LRA","ALLARM.LT7","05/01/1994","12:00:00","TDS.1","M1",754,"CMC","NTWQM",1994-05-01 12:00:00,0.3,"ISM",1,"Water",NA,350,"MG/L",NA,NA,NA,2017-10-27 14:50:02,NA,2,NA,1,1,"S","PARTNTID",NA,NA,4,"sample does not have an associated bay program method code"
"574",999,"LRA","ALLARM.LT3","10/01/1994","12:00:00","NO3N.3","M1",800,"CMC","NTWQM",1994-10-01 12:00:00,0.3,"ISM",2,"Water",NA,4.1,"MG/L",NA,NA,NA,2017-10-27 14:50:44,NA,2,NA,1,1,"S","PARTNTID",NA,NA,4,"sample does not have an associated bay program method code"
"575",999,"LRA","ALLARM.LT7","12/01/1994","12:00:00","TDS.1","M1",824,"CMC","NTWQM",1994-12-01 12:00:00,0.3,"ISM",1,"Water",NA,380,"MG/L",NA,NA,NA,2017-10-27 14:51:08,NA,2,NA,1,1,"S","PARTNTID",NA,NA,4,"sample does not have an associated bay program method code"
"576",999,"LRA","ALLARM.LT2","08/01/1994","12:00:00","NO3N.3","M1",779,"CMC","NTWQM",1994-08-01 12:00:00,0.3,"ISM",2,"Water",NA,3.9,"MG/L",NA,NA,NA,2017-10-27 14:50:25,NA,2,NA,1,1,"S","PARTNTID",NA,NA,4,"sample does not have an associated bay program method code"
"577",999,"LRA","ALLARM.LT3","10/01/1994","12:00:00","TDS.1","M1",800,"CMC","NTWQM",1994-10-01 12:00:00,0.3,"ISM",1,"Water",NA,315,"MG/L",NA,NA,NA,2017-10-27 14:50:44,NA,2,NA,1,1,"S","PARTNTID",NA,NA,4,"sample does not have an associated bay program method code"
"578",999,"LRA","ALLARM.LT5","08/01/1994","12:00:00","TDS.1","M1",782,"CMC","NTWQM",1994-08-01 12:00:00,0.3,"ISM",1,"Water",NA,345,"MG/L",NA,NA,NA,2017-10-27 14:50:28,NA,2,NA,1,1,"S","PARTNTID",NA,NA,4,"sample does not have an associated bay program method code"
"579",999,"LRA","ALLARM.LT2","08/01/1994","12:00:00","TDS.1","M1",779,"CMC","NTWQM",1994-08-01 12:00:00,0.3,"ISM",1,"Water",NA,325,"MG/L",NA,NA,NA,2017-10-27 14:50:25,NA,2,NA,1,1,"S","PARTNTID",NA,NA,4,"sample does not have an associated bay program method code"
"580",999,"LRA","ALLARM.LT2","01/01/1994","12:00:00","NO3N.3","M1",719,"CMC","NTWQM",1994-01-01 12:00:00,0.3,"ISM",2,"Water",NA,2.8,"MG/L",NA,NA,NA,2017-10-27 14:49:33,NA,2,NA,1,1,"S","PARTNTID",NA,NA,4,"sample does not have an associated bay program method code"
"581",999,"LRA","ALLARM.LT8","01/01/1994","12:00:00","TDS.1","M1",725,"CMC","NTWQM",1994-01-01 12:00:00,0.3,"ISM",1,"Water",NA,420,"MG/L",NA,NA,NA,2017-10-27 14:49:39,NA,2,NA,1,1,"S","PARTNTID",NA,NA,4,"sample does not have an associated bay program method code"
"582",999,"LRA","ALLARM.LT2","09/01/1994","12:00:00","NO3N.3","M1",789,"CMC","NTWQM",1994-09-01 12:00:00,0.3,"ISM",2,"Water",NA,4,"MG/L",NA,NA,NA,2017-10-27 14:50:34,NA,2,NA,1,1,"S","PARTNTID",NA,NA,4,"sample does not have an associated bay program method code"
"583",999,"LRA","ALLARM.LT2","01/01/1994","12:00:00","TDS.1","M1",719,"CMC","NTWQM",1994-01-01 12:00:00,0.3,"ISM",1,"Water",NA,345,"MG/L",NA,NA,NA,2017-10-27 14:49:33,NA,2,NA,1,1,"S","PARTNTID",NA,NA,4,"sample does not have an associated bay program method code"
"584",999,"LRA","ALLARM.LT3","11/01/1994","12:00:00","TDS.1","M1",810,"CMC","NTWQM",1994-11-01 12:00:00,0.3,"ISM",1,"Water",NA,300,"MG/L",NA,NA,NA,2017-10-27 14:50:54,NA,2,NA,1,1,"S","PARTNTID",NA,NA,4,"sample does not have an associated bay program method code"
"585",999,"LRA","ALLARM.LT2","09/01/1994","12:00:00","TDS.1","M1",789,"CMC","NTWQM",1994-09-01 12:00:00,0.3,"ISM",1,"Water",NA,340,"MG/L",NA,NA,NA,2017-10-27 14:50:34,NA,2,NA,1,1,"S","PARTNTID",NA,NA,4,"sample does not have an associated bay program method code"
"586",999,"LRA","ALLARM.LT2","03/01/1994","12:00:00","NO3N.3","M1",729,"CMC","NTWQM",1994-03-01 12:00:00,0.3,"ISM",2,"Water",NA,3,"MG/L",NA,NA,NA,2017-10-27 14:49:42,NA,2,NA,1,1,"S","PARTNTID",NA,NA,4,"sample does not have an associated bay program method code"
"587",999,"LRA","ALLARM.LT3","12/01/1994","12:00:00","NO3N.3","M1",820,"CMC","NTWQM",1994-12-01 12:00:00,0.3,"ISM",2,"Water",NA,2.3,"MG/L",NA,NA,NA,2017-10-27 14:51:04,NA,2,NA,1,1,"S","PARTNTID",NA,NA,4,"sample does not have an associated bay program method code"
"588",999,"LRA","ALLARM.LT2","10/01/1994","12:00:00","NO3N.3","M1",799,"CMC","NTWQM",1994-10-01 12:00:00,0.3,"ISM",2,"Water",NA,4.5,"MG/L",NA,NA,NA,2017-10-27 14:50:44,NA,2,NA,1,1,"S","PARTNTID",NA,NA,4,"sample does not have an associated bay program method code"
"589",999,"LRA","ALLARM.LT2","03/01/1994","12:00:00","TDS.1","M1",729,"CMC","NTWQM",1994-03-01 12:00:00,0.3,"ISM",1,"Water",NA,300,"MG/L",NA,NA,NA,2017-10-27 14:49:42,NA,2,NA,1,1,"S","PARTNTID",NA,NA,4,"sample does not have an associated bay program method code"
"590",999,"LRA","ALLARM.LT3","12/01/1994","12:00:00","TDS.1","M1",820,"CMC","NTWQM",1994-12-01 12:00:00,0.3,"ISM",1,"Water",NA,370,"MG/L",NA,NA,NA,2017-10-27 14:51:04,NA,2,NA,1,1,"S","PARTNTID",NA,NA,4,"sample does not have an associated bay program method code"
"591",999,"LRA","ALLARM.LT2","10/01/1994","12:00:00","TDS.1","M1",799,"CMC","NTWQM",1994-10-01 12:00:00,0.3,"ISM",1,"Water",NA,322,"MG/L",NA,NA,NA,2017-10-27 14:50:44,NA,2,NA,1,1,"S","PARTNTID",NA,NA,4,"sample does not have an associated bay program method code"
"592",999,"LRA","ALLARM.LT2","04/01/1994","12:00:00","NO3N.3","M1",739,"CMC","NTWQM",1994-04-01 12:00:00,0.3,"ISM",2,"Water",NA,2.9,"MG/L",NA,NA,NA,2017-10-27 14:49:50,NA,2,NA,1,1,"S","PARTNTID",NA,NA,4,"sample does not have an associated bay program method code"
"593",999,"LRA","ALLARM.LT4","01/01/1994","12:00:00","NO3N.3","M1",721,"CMC","NTWQM",1994-01-01 12:00:00,0.3,"ISM",2,"Water",NA,3,"MG/L",NA,NA,NA,2017-10-27 14:49:35,NA,2,NA,1,1,"S","PARTNTID",NA,NA,4,"sample does not have an associated bay program method code"
"594",999,"LRA","ALLARM.LT2","11/01/1994","12:00:00","NO3N.3","M1",809,"CMC","NTWQM",1994-11-01 12:00:00,0.3,"ISM",2,"Water",NA,3.4,"MG/L",NA,NA,NA,2017-10-27 14:50:53,NA,2,NA,1,1,"S","PARTNTID",NA,NA,4,"sample does not have an associated bay program method code"
"595",999,"LRA","ALLARM.LT2","04/01/1994","12:00:00","TDS.1","M1",739,"CMC","NTWQM",1994-04-01 12:00:00,0.3,"ISM",1,"Water",NA,310,"MG/L",NA,NA,NA,2017-10-27 14:49:50,NA,2,NA,1,1,"S","PARTNTID",NA,NA,4,"sample does not have an associated bay program method code"
"596",999,"LRA","ALLARM.LT4","01/01/1994","12:00:00","TDS.1","M1",721,"CMC","NTWQM",1994-01-01 12:00:00,0.3,"ISM",1,"Water",NA,320,"MG/L",NA,NA,NA,2017-10-27 14:49:35,NA,2,NA,1,1,"S","PARTNTID",NA,NA,4,"sample does not have an associated bay program method code"
"597",999,"LRA","ALLARM.LT2","11/01/1994","12:00:00","TDS.1","M1",809,"CMC","NTWQM",1994-11-01 12:00:00,0.3,"ISM",1,"Water",NA,295,"MG/L",NA,NA,NA,2017-10-27 14:50:53,NA,2,NA,1,1,"S","PARTNTID",NA,NA,4,"sample does not have an associated bay program method code"
"598",999,"LRA","ALLARM.LT2","05/01/1994","12:00:00","NO3N.3","M1",749,"CMC","NTWQM",1994-05-01 12:00:00,0.3,"ISM",2,"Water",NA,4.2,"MG/L",NA,NA,NA,2017-10-27 14:49:58,NA,2,NA,1,1,"S","PARTNTID",NA,NA,4,"sample does not have an associated bay program method code"
"599",999,"LRA","ALLARM.LT5","12/01/1994","12:00:00","NO3N.3","M1",822,"CMC","NTWQM",1994-12-01 12:00:00,0.3,"ISM",2,"Water",NA,2.6,"MG/L",NA,NA,NA,2017-10-27 14:51:07,NA,2,NA,1,1,"S","PARTNTID",NA,NA,4,"sample does not have an associated bay program method code"
"600",999,"LRA","ALLARM.LT8","05/01/1994","12:00:00","TDS.1","M1",755,"CMC","NTWQM",1994-05-01 12:00:00,0.3,"ISM",1,"Water",NA,360,"MG/L",NA,NA,NA,2017-10-27 14:50:03,NA,2,NA,1,1,"S","PARTNTID",NA,NA,4,"sample does not have an associated bay program method code"
"601",999,"LRA","ALLARM.LT2","05/01/1994","12:00:00","TDS.1","M1",749,"CMC","NTWQM",1994-05-01 12:00:00,0.3,"ISM",1,"Water",NA,315,"MG/L",NA,NA,NA,2017-10-27 14:49:58,NA,2,NA,1,1,"S","PARTNTID",NA,NA,4,"sample does not have an associated bay program method code"
"602",999,"LRA","ALLARM.LT5","12/01/1994","12:00:00","TDS.1","M1",822,"CMC","NTWQM",1994-12-01 12:00:00,0.3,"ISM",1,"Water",NA,390,"MG/L",NA,NA,NA,2017-10-27 14:51:07,NA,2,NA,1,1,"S","PARTNTID",NA,NA,4,"sample does not have an associated bay program method code"
"603",999,"LRA","ALLARM.LT8","06/01/1994","12:00:00","NO3N.3","M1",765,"CMC","NTWQM",1994-06-01 12:00:00,0.3,"ISM",2,"Water",NA,3.3,"MG/L",NA,NA,NA,2017-10-27 14:50:12,NA,2,NA,1,1,"S","PARTNTID",NA,NA,4,"sample does not have an associated bay program method code"
"604",999,"LRA","ALLARM.LT2","06/01/1994","12:00:00","NO3N.3","M1",759,"CMC","NTWQM",1994-06-01 12:00:00,0.3,"ISM",2,"Water",NA,4.4,"MG/L",NA,NA,NA,2017-10-27 14:50:06,NA,2,NA,1,1,"S","PARTNTID",NA,NA,4,"sample does not have an associated bay program method code"
"605",999,"LRA","ALLARM.LT6","01/01/1994","12:00:00","NO3N.3","M1",723,"CMC","NTWQM",1994-01-01 12:00:00,0.3,"ISM",2,"Water",NA,2.5,"MG/L",NA,NA,NA,2017-10-27 14:49:37,NA,2,NA,1,1,"S","PARTNTID",NA,NA,4,"sample does not have an associated bay program method code"
"606",999,"LRA","ALLARM.LT8","06/01/1994","12:00:00","TDS.1","M1",765,"CMC","NTWQM",1994-06-01 12:00:00,0.3,"ISM",1,"Water",NA,345,"MG/L",NA,NA,NA,2017-10-27 14:50:12,NA,2,NA,1,1,"S","PARTNTID",NA,NA,4,"sample does not have an associated bay program method code"
"607",999,"LRA","ALLARM.LT2","06/01/1994","12:00:00","TDS.1","M1",759,"CMC","NTWQM",1994-06-01 12:00:00,0.3,"ISM",1,"Water",NA,299,"MG/L",NA,NA,NA,2017-10-27 14:50:06,NA,2,NA,1,1,"S","PARTNTID",NA,NA,4,"sample does not have an associated bay program method code"
"608",999,"LRA","ALLARM.LT6","01/01/1994","12:00:00","TDS.1","M1",723,"CMC","NTWQM",1994-01-01 12:00:00,0.3,"ISM",1,"Water",NA,395,"MG/L",NA,NA,NA,2017-10-27 14:49:37,NA,2,NA,1,1,"S","PARTNTID",NA,NA,4,"sample does not have an associated bay program method code"
"609",999,"LRA","ALLARM.LT3","09/01/1994","12:00:00","NO3N.3","M1",790,"CMC","NTWQM",1994-09-01 12:00:00,0.3,"ISM",2,"Water",NA,3.5,"MG/L",NA,NA,NA,2017-10-27 14:50:35,NA,2,NA,1,1,"S","PARTNTID",NA,NA,4,"sample does not have an associated bay program method code"
"610",999,"LRA","ALLARM.LT2","07/01/1994","12:00:00","NO3N.3","M1",769,"CMC","NTWQM",1994-07-01 12:00:00,0.3,"ISM",2,"Water",NA,3.9,"MG/L",NA,NA,NA,2017-10-27 14:50:16,NA,2,NA,1,1,"S","PARTNTID",NA,NA,4,"sample does not have an associated bay program method code"
"611",999,"LRA","ALLARM.LT9","09/01/1994","12:00:00","TDS.1","M1",796,"CMC","NTWQM",1994-09-01 12:00:00,0.3,"ISM",1,"Water",NA,350,"MG/L",NA,NA,NA,2017-10-27 14:50:41,NA,2,NA,1,1,"S","PARTNTID",NA,NA,4,"sample does not have an associated bay program method code"
"612",999,"LRA","ALLARM.LT9","03/01/1994","12:00:00","NO3N.3","M1",736,"CMC","NTWQM",1994-03-01 12:00:00,0.3,"ISM",2,"Water",NA,3.1,"MG/L",NA,NA,NA,2017-10-27 14:49:47,NA,2,NA,1,1,"S","PARTNTID",NA,NA,4,"sample does not have an associated bay program method code"
"613",999,"LRA","ALLARM.LT2","07/01/1994","12:00:00","TDS.1","M1",769,"CMC","NTWQM",1994-07-01 12:00:00,0.3,"ISM",1,"Water",NA,303,"MG/L",NA,NA,NA,2017-10-27 14:50:16,NA,2,NA,1,1,"S","PARTNTID",NA,NA,4,"sample does not have an associated bay program method code"
"614",999,"LRA","ALLARM.LT9","10/01/1994","12:00:00","NO3N.3","M1",806,"CMC","NTWQM",1994-10-01 12:00:00,0.3,"ISM",2,"Water",NA,4.9,"MG/L",NA,NA,NA,2017-10-27 14:50:50,NA,2,NA,1,1,"S","PARTNTID",NA,NA,4,"sample does not have an associated bay program method code"
"615",999,"LRA","ALLARM.LT9","03/01/1994","12:00:00","TDS.1","M1",736,"CMC","NTWQM",1994-03-01 12:00:00,0.3,"ISM",1,"Water",NA,490,"MG/L",NA,NA,NA,2017-10-27 14:49:47,NA,2,NA,1,1,"S","PARTNTID",NA,NA,4,"sample does not have an associated bay program method code"
"616",999,"LRA","ALLARM.LT3","03/01/1994","12:00:00","TDS.1","M1",730,"CMC","NTWQM",1994-03-01 12:00:00,0.3,"ISM",1,"Water",NA,290,"MG/L",NA,NA,NA,2017-10-27 14:49:43,NA,2,NA,1,1,"S","PARTNTID",NA,NA,4,"sample does not have an associated bay program method code"
"617",999,"LRA","ALLARM.LT9","10/01/1994","12:00:00","TDS.1","M1",806,"CMC","NTWQM",1994-10-01 12:00:00,0.3,"ISM",1,"Water",NA,345,"MG/L",NA,NA,NA,2017-10-27 14:50:50,NA,2,NA,1,1,"S","PARTNTID",NA,NA,4,"sample does not have an associated bay program method code"
"618",999,"LRA","ALLARM.LT8","01/01/1994","12:00:00","NO3N.3","M1",725,"CMC","NTWQM",1994-01-01 12:00:00,0.3,"ISM",2,"Water",NA,1.8,"MG/L",NA,NA,NA,2017-10-27 14:49:39,NA,2,NA,1,1,"S","PARTNTID",NA,NA,4,"sample does not have an associated bay program method code"
"619",999,"LRA","ALLARM.LT3","04/01/1994","12:00:00","NO3N.3","M1",740,"CMC","NTWQM",1994-04-01 12:00:00,0.3,"ISM",2,"Water",NA,2.6,"MG/L",NA,NA,NA,2017-10-27 14:49:51,NA,2,NA,1,1,"S","PARTNTID",NA,NA,4,"sample does not have an associated bay program method code"
"620",999,"LRA","ALLARM.LT9","11/01/1994","12:00:00","NO3N.3","M1",816,"CMC","NTWQM",1994-11-01 12:00:00,0.3,"ISM",2,"Water",NA,3.3,"MG/L",NA,NA,NA,2017-10-27 14:51:00,NA,2,NA,1,1,"S","PARTNTID",NA,NA,4,"sample does not have an associated bay program method code"
"621",999,"LRA","ALLARM.LT3","11/01/1994","12:00:00","NO3N.3","M1",810,"CMC","NTWQM",1994-11-01 12:00:00,0.3,"ISM",2,"Water",NA,3.3,"MG/L",NA,NA,NA,2017-10-27 14:50:54,NA,2,NA,1,1,"S","PARTNTID",NA,NA,4,"sample does not have an associated bay program method code"
"622",999,"LRA","ALLARM.LT3","04/01/1994","12:00:00","TDS.1","M1",740,"CMC","NTWQM",1994-04-01 12:00:00,0.3,"ISM",1,"Water",NA,320,"MG/L",NA,NA,NA,2017-10-27 14:49:51,NA,2,NA,1,1,"S","PARTNTID",NA,NA,4,"sample does not have an associated bay program method code"
"623",999,"LRA","ALLARM.LT9","11/01/1994","12:00:00","TDS.1","M1",816,"CMC","NTWQM",1994-11-01 12:00:00,0.3,"ISM",1,"Water",NA,345,"MG/L",NA,NA,NA,2017-10-27 14:51:00,NA,2,NA,1,1,"S","PARTNTID",NA,NA,4,"sample does not have an associated bay program method code"
"624",999,"LRA","ALLARM.LT3","07/01/1994","12:00:00","NO3N.3","M1",770,"CMC","NTWQM",1994-07-01 12:00:00,0.3,"ISM",2,"Water",NA,3.6,"MG/L",NA,NA,NA,2017-10-27 14:50:17,NA,2,NA,1,1,"S","PARTNTID",NA,NA,4,"sample does not have an associated bay program method code"
"625",999,"LRA","ALLARM.LT3","05/01/1994","12:00:00","NO3N.3","M1",750,"CMC","NTWQM",1994-05-01 12:00:00,0.3,"ISM",2,"Water",NA,3.2,"MG/L",NA,NA,NA,2017-10-27 14:49:58,NA,2,NA,1,1,"S","PARTNTID",NA,NA,4,"sample does not have an associated bay program method code"
"626",999,"LRA","ALLARM.LT6","12/01/1994","12:00:00","NO3N.3","M1",823,"CMC","NTWQM",1994-12-01 12:00:00,0.3,"ISM",2,"Water",NA,2.4,"MG/L",NA,NA,NA,2017-10-27 14:51:07,NA,2,NA,1,1,"S","PARTNTID",NA,NA,4,"sample does not have an associated bay program method code"
"627",999,"LRA","ALLARM.LT9","12/01/1994","12:00:00","NO3N.3","M1",826,"CMC","NTWQM",1994-12-01 12:00:00,0.3,"ISM",2,"Water",NA,2.3,"MG/L",NA,NA,NA,2017-10-27 14:51:10,NA,2,NA,1,1,"S","PARTNTID",NA,NA,4,"sample does not have an associated bay program method code"
"628",999,"LRA","ALLARM.LT3","05/01/1994","12:00:00","TDS.1","M1",750,"CMC","NTWQM",1994-05-01 12:00:00,0.3,"ISM",1,"Water",NA,330,"MG/L",NA,NA,NA,2017-10-27 14:49:58,NA,2,NA,1,1,"S","PARTNTID",NA,NA,4,"sample does not have an associated bay program method code"
"629",999,"LRA","ALLARM.LT6","12/01/1994","12:00:00","TDS.1","M1",823,"CMC","NTWQM",1994-12-01 12:00:00,0.3,"ISM",1,"Water",NA,370,"MG/L",NA,NA,NA,2017-10-27 14:51:07,NA,2,NA,1,1,"S","PARTNTID",NA,NA,4,"sample does not have an associated bay program method code"
"630",999,"LRA","ALLARM.LT9","12/01/1994","12:00:00","TDS.1","M1",826,"CMC","NTWQM",1994-12-01 12:00:00,0.3,"ISM",1,"Water",NA,380,"MG/L",NA,NA,NA,2017-10-27 14:51:10,NA,2,NA,1,1,"S","PARTNTID",NA,NA,4,"sample does not have an associated bay program method code"
"631",999,"LRA","ALLARM.LT3","06/01/1994","12:00:00","NO3N.3","M1",760,"CMC","NTWQM",1994-06-01 12:00:00,0.3,"ISM",2,"Water",NA,3.8,"MG/L",NA,NA,NA,2017-10-27 14:50:07,NA,2,NA,1,1,"S","PARTNTID",NA,NA,4,"sample does not have an associated bay program method code"
"632",999,"LRA","ALLARM.LT7","01/01/1994","12:00:00","NO3N.3","M1",724,"CMC","NTWQM",1994-01-01 12:00:00,0.3,"ISM",2,"Water",NA,2,"MG/L",NA,NA,NA,2017-10-27 14:49:38,NA,2,NA,1,1,"S","PARTNTID",NA,NA,4,"sample does not have an associated bay program method code"
"633",999,"LRA","ALLARM.LT3","08/01/1994","12:00:00","TDS.1","M1",780,"CMC","NTWQM",1994-08-01 12:00:00,0.3,"ISM",1,"Water",NA,324,"MG/L",NA,NA,NA,2017-10-27 14:50:26,NA,2,NA,1,1,"S","PARTNTID",NA,NA,4,"sample does not have an associated bay program method code"
"634",999,"LRA","ALLARM.LT3","06/01/1994","12:00:00","TDS.1","M1",760,"CMC","NTWQM",1994-06-01 12:00:00,0.3,"ISM",1,"Water",NA,315,"MG/L",NA,NA,NA,2017-10-27 14:50:07,NA,2,NA,1,1,"S","PARTNTID",NA,NA,4,"sample does not have an associated bay program method code"
"635",999,"LRA","ALLARM.LT7","01/01/1994","12:00:00","TDS.1","M1",724,"CMC","NTWQM",1994-01-01 12:00:00,0.3,"ISM",1,"Water",NA,400,"MG/L",NA,NA,NA,2017-10-27 14:49:38,NA,2,NA,1,1,"S","PARTNTID",NA,NA,4,"sample does not have an associated bay program method code"
"636",999,"LRA","ALLARM.LT9","04/01/1994","12:00:00","TDS.1","M1",746,"CMC","NTWQM",1994-04-01 12:00:00,0.3,"ISM",1,"Water",NA,340,"MG/L",NA,NA,NA,2017-10-27 14:49:55,NA,2,NA,1,1,"S","PARTNTID",NA,NA,4,"sample does not have an associated bay program method code"
"637",999,"LRA","ALLARM.LT4","11/01/1994","12:00:00","TDS.1","M1",811,"CMC","NTWQM",1994-11-01 12:00:00,0.3,"ISM",1,"Water",NA,315,"MG/L",NA,NA,NA,2017-10-27 14:50:55,NA,2,NA,1,1,"S","PARTNTID",NA,NA,4,"sample does not have an associated bay program method code"
"638",999,"LRA","ALLARM.LT8","05/01/1994","12:00:00","NO3N.3","M1",755,"CMC","NTWQM",1994-05-01 12:00:00,0.3,"ISM",2,"Water",NA,3,"MG/L",NA,NA,NA,2017-10-27 14:50:03,NA,2,NA,1,1,"S","PARTNTID",NA,NA,4,"sample does not have an associated bay program method code"
"639",999,"LRA","ALLARM.LT8","12/01/1994","12:00:00","NO3N.3","M1",825,"CMC","NTWQM",1994-12-01 12:00:00,0.3,"ISM",2,"Water",NA,2.4,"MG/L",NA,NA,NA,2017-10-27 14:51:09,NA,2,NA,1,1,"S","PARTNTID",NA,NA,4,"sample does not have an associated bay program method code"
"640",999,"LRA","ALLARM.LT3","07/01/1994","12:00:00","TDS.1","M1",770,"CMC","NTWQM",1994-07-01 12:00:00,0.3,"ISM",1,"Water",NA,321,"MG/L",NA,NA,NA,2017-10-27 14:50:17,NA,2,NA,1,1,"S","PARTNTID",NA,NA,4,"sample does not have an associated bay program method code"
"641",999,"LRA","ALLARM.LT4","10/01/1994","12:00:00","NO3N.3","M1",801,"CMC","NTWQM",1994-10-01 12:00:00,0.3,"ISM",2,"Water",NA,3.9,"MG/L",NA,NA,NA,2017-10-27 14:50:45,NA,2,NA,1,1,"S","PARTNTID",NA,NA,4,"sample does not have an associated bay program method code"
"642",999,"LRA","ALLARM.LT8","12/01/1994","12:00:00","TDS.1","M1",825,"CMC","NTWQM",1994-12-01 12:00:00,0.3,"ISM",1,"Water",NA,375,"MG/L",NA,NA,NA,2017-10-27 14:51:09,NA,2,NA,1,1,"S","PARTNTID",NA,NA,4,"sample does not have an associated bay program method code"
"643",999,"LRA","ALLARM.LT3","08/01/1994","12:00:00","NO3N.3","M1",780,"CMC","NTWQM",1994-08-01 12:00:00,0.3,"ISM",2,"Water",NA,3.5,"MG/L",NA,NA,NA,2017-10-27 14:50:26,NA,2,NA,1,1,"S","PARTNTID",NA,NA,4,"sample does not have an associated bay program method code"
"644",999,"LRA","ALLARM.LT4","10/01/1994","12:00:00","TDS.1","M1",801,"CMC","NTWQM",1994-10-01 12:00:00,0.3,"ISM",1,"Water",NA,325,"MG/L",NA,NA,NA,2017-10-27 14:50:45,NA,2,NA,1,1,"S","PARTNTID",NA,NA,4,"sample does not have an associated bay program method code"
"645",999,"LRA","ALLARM.LT9","01/01/1994","12:00:00","NO3N.3","M1",726,"CMC","NTWQM",1994-01-01 12:00:00,0.3,"ISM",2,"Water",NA,2,"MG/L",NA,NA,NA,2017-10-27 14:49:39,NA,2,NA,1,1,"S","PARTNTID",NA,NA,4,"sample does not have an associated bay program method code"
"646",999,"LRA","ALLARM.LT8","04/01/1994","12:00:00","NO3N.3","M1",745,"CMC","NTWQM",1994-04-01 12:00:00,0.3,"ISM",2,"Water",NA,2.8,"MG/L",NA,NA,NA,2017-10-27 14:49:54,NA,2,NA,1,1,"S","PARTNTID",NA,NA,4,"sample does not have an associated bay program method code"
"647",999,"LRA","ALLARM.LT4","11/01/1994","12:00:00","NO3N.3","M1",811,"CMC","NTWQM",1994-11-01 12:00:00,0.3,"ISM",2,"Water",NA,3.5,"MG/L",NA,NA,NA,2017-10-27 14:50:55,NA,2,NA,1,1,"S","PARTNTID",NA,NA,4,"sample does not have an associated bay program method code"
"648",999,"LRA","ALLARM.LT9","01/01/1994","12:00:00","TDS.1","M1",726,"CMC","NTWQM",1994-01-01 12:00:00,0.3,"ISM",1,"Water",NA,480,"MG/L",NA,NA,NA,2017-10-27 14:49:39,NA,2,NA,1,1,"S","PARTNTID",NA,NA,4,"sample does not have an associated bay program method code"
"649",999,"LRA","ALLARM.LT8","04/01/1994","12:00:00","TDS.1","M1",745,"CMC","NTWQM",1994-04-01 12:00:00,0.3,"ISM",1,"Water",NA,350,"MG/L",NA,NA,NA,2017-10-27 14:49:54,NA,2,NA,1,1,"S","PARTNTID",NA,NA,4,"sample does not have an associated bay program method code"
"650",999,"LRA","ALLARM.LT5","01/01/1994","12:00:00","TDS.1","M1",722,"CMC","NTWQM",1994-01-01 12:00:00,0.3,"ISM",1,"Water",NA,395,"MG/L",NA,NA,NA,2017-10-27 14:49:36,NA,2,NA,1,1,"S","PARTNTID",NA,NA,4,"sample does not have an associated bay program method code"
"651",999,"LRA","ALLARM.LT9","07/01/1994","12:00:00","NO3N.3","M1",776,"CMC","NTWQM",1994-07-01 12:00:00,0.3,"ISM",2,"Water",NA,3.5,"MG/L",NA,NA,NA,2017-10-27 14:50:22,NA,2,NA,1,1,"S","PARTNTID",NA,NA,4,"sample does not have an associated bay program method code"
"652",999,"LRA","ALLARM.LT9","05/01/1994","12:00:00","NO3N.3","M1",756,"CMC","NTWQM",1994-05-01 12:00:00,0.3,"ISM",2,"Water",NA,2.7,"MG/L",NA,NA,NA,2017-10-27 14:50:03,NA,2,NA,1,1,"S","PARTNTID",NA,NA,4,"sample does not have an associated bay program method code"
"653",999,"LRA","ALLARM.LT3","03/01/1994","12:00:00","NO3N.3","M1",730,"CMC","NTWQM",1994-03-01 12:00:00,0.3,"ISM",2,"Water",NA,2.9,"MG/L",NA,NA,NA,2017-10-27 14:49:43,NA,2,NA,1,1,"S","PARTNTID",NA,NA,4,"sample does not have an associated bay program method code"
"654",999,"LRA","ALLARM.LT4","12/01/1994","12:00:00","NO3N.3","M1",821,"CMC","NTWQM",1994-12-01 12:00:00,0.3,"ISM",2,"Water",NA,2.3,"MG/L",NA,NA,NA,2017-10-27 14:51:05,NA,2,NA,1,1,"S","PARTNTID",NA,NA,4,"sample does not have an associated bay program method code"
"655",999,"LRA","ALLARM.LT9","05/01/1994","12:00:00","TDS.1","M1",756,"CMC","NTWQM",1994-05-01 12:00:00,0.3,"ISM",1,"Water",NA,365,"MG/L",NA,NA,NA,2017-10-27 14:50:03,NA,2,NA,1,1,"S","PARTNTID",NA,NA,4,"sample does not have an associated bay program method code"
"656",999,"LRA","ALLARM.LT8","03/01/1994","12:00:00","TDS.1","M1",735,"CMC","NTWQM",1994-03-01 12:00:00,0.3,"ISM",1,"Water",NA,430,"MG/L",NA,NA,NA,2017-10-27 14:49:47,NA,2,NA,1,1,"S","PARTNTID",NA,NA,4,"sample does not have an associated bay program method code"
"657",999,"LRA","ALLARM.LT4","12/01/1994","12:00:00","TDS.1","M1",821,"CMC","NTWQM",1994-12-01 12:00:00,0.3,"ISM",1,"Water",NA,375,"MG/L",NA,NA,NA,2017-10-27 14:51:05,NA,2,NA,1,1,"S","PARTNTID",NA,NA,4,"sample does not have an associated bay program method code"
"658",999,"LRA","ALLARM.LT9","04/01/1994","12:00:00","NO3N.3","M1",746,"CMC","NTWQM",1994-04-01 12:00:00,0.3,"ISM",2,"Water",NA,3,"MG/L",NA,NA,NA,2017-10-27 14:49:55,NA,2,NA,1,1,"S","PARTNTID",NA,NA,4,"sample does not have an associated bay program method code"
"659",999,"LRA","ALLARM.LT9","08/01/1994","12:00:00","TDS.1","M1",786,"CMC","NTWQM",1994-08-01 12:00:00,0.3,"ISM",1,"Water",NA,358,"MG/L",NA,NA,NA,2017-10-27 14:50:31,NA,2,NA,1,1,"S","PARTNTID",NA,NA,4,"sample does not have an associated bay program method code"
"660",999,"LRA","ALLARM.LT5","01/01/1994","12:00:00","NO3N.3","M1",722,"CMC","NTWQM",1994-01-01 12:00:00,0.3,"ISM",2,"Water",NA,2.6,"MG/L",NA,NA,NA,2017-10-27 14:49:36,NA,2,NA,1,1,"S","PARTNTID",NA,NA,4,"sample does not have an associated bay program method code"
"661",999,"LRA","ALLARM.LT9","06/01/1994","12:00:00","TDS.1","M1",766,"CMC","NTWQM",1994-06-01 12:00:00,0.3,"ISM",1,"Water",NA,350,"MG/L",NA,NA,NA,2017-10-27 14:50:13,NA,2,NA,1,1,"S","PARTNTID",NA,NA,4,"sample does not have an associated bay program method code"
"662",999,"LRA","ALLARM.LT9","09/01/1994","12:00:00","NO3N.3","M1",796,"CMC","NTWQM",1994-09-01 12:00:00,0.3,"ISM",2,"Water",NA,3.3,"MG/L",NA,NA,NA,2017-10-27 14:50:41,NA,2,NA,1,1,"S","PARTNTID",NA,NA,4,"sample does not have an associated bay program method code"
"663",999,"LRA","ALLARM.LT9","06/01/1994","12:00:00","NO3N.3","M1",766,"CMC","NTWQM",1994-06-01 12:00:00,0.3,"ISM",2,"Water",NA,3.5,"MG/L",NA,NA,NA,2017-10-27 14:50:13,NA,2,NA,1,1,"S","PARTNTID",NA,NA,4,"sample does not have an associated bay program method code"
"664",999,"LRA","ALLARM.LT9","08/01/1994","12:00:00","NO3N.3","M1",786,"CMC","NTWQM",1994-08-01 12:00:00,0.3,"ISM",2,"Water",NA,3.5,"MG/L",NA,NA,NA,2017-10-27 14:50:31,NA,2,NA,1,1,"S","PARTNTID",NA,NA,4,"sample does not have an associated bay program method code"
"665",999,"LRA","ALLARM.LT8","03/01/1994","12:00:00","NO3N.3","M1",735,"CMC","NTWQM",1994-03-01 12:00:00,0.3,"ISM",2,"Water",NA,2.9,"MG/L",NA,NA,NA,2017-10-27 14:49:47,NA,2,NA,1,1,"S","PARTNTID",NA,NA,4,"sample does not have an associated bay program method code"
"666",999,"LRA","ALLARM.LT9","07/01/1994","12:00:00","TDS.1","M1",776,"CMC","NTWQM",1994-07-01 12:00:00,0.3,"ISM",1,"Water",NA,365,"MG/L",NA,NA,NA,2017-10-27 14:50:22,NA,2,NA,1,1,"S","PARTNTID",NA,NA,4,"sample does not have an associated bay program method code"
