"","paramMethod","SOURCE","STATION","SAMPLE_DATE","SAMPLE_TIME","paramCode","SAMPLE_ID","EventId","AGENCY","PROGRAM","DateTime","DEPTH","SAMPLE_TYPE","TIER","Matrix","QUALIFIER","VALUE","UNITS","PROBLEM","LAB","labName","modifiedDate","detLimit","qaFlag","COMMENTS","count.x","count.y","LAYER","PROJECT","SampleAnalyticalMethodIdentifier","SubstanceIdentificationName","errorCode","errorName"
"400",999,"GCWD","GCWD.GERBRA4.32","10/27/2014","12:00:00","TDS.1","M1",5060,"CMC","NTWQM",2014-10-27 12:00:00,0.1,"ISM",1,"Water",NA,80,"MG/L",NA,NA,NA,2018-03-01 14:35:59,NA,2,"",1,1,"S","PARTNTID",NA,NA,4,"sample does not have an associated bay program method code"
"401",999,"GCWD","GCWD.BEEFLARUN0.12","01/31/2014","12:00:00","TDS.1","M1",4674,"CMC","NTWQM",2014-01-31 12:00:00,0.1,"ISM",1,"Water",NA,20,"MG/L",NA,NA,NA,2018-03-01 14:35:03,NA,2,"",1,1,"S","PARTNTID",NA,NA,4,"sample does not have an associated bay program method code"
"402",999,"GCWD","GCWD.GERBRA4.32","11/02/2014","12:00:00","TDS.1","M1",5061,"CMC","NTWQM",2014-11-02 12:00:00,0.1,"ISM",1,"Water",NA,80,"MG/L",NA,NA,NA,2018-03-01 14:35:59,NA,2,"",1,1,"S","PARTNTID",NA,NA,4,"sample does not have an associated bay program method code"
"403",999,"GCWD","GCWD.BEEFLARUN0.12","03/29/2014","12:00:00","TDS.1","M1",4675,"CMC","NTWQM",2014-03-29 12:00:00,0.1,"ISM",1,"Water",NA,10,"MG/L",NA,NA,NA,2018-03-01 14:35:03,NA,2,"",1,1,"S","PARTNTID",NA,NA,4,"sample does not have an associated bay program method code"
"404",999,"GCWD","GCWD.GERBRA4.32","11/08/2014","12:00:00","TDS.1","M1",5062,"CMC","NTWQM",2014-11-08 12:00:00,0.1,"ISM",1,"Water",NA,90,"MG/L",NA,NA,NA,2018-03-01 14:36:00,NA,2,"",1,1,"S","PARTNTID",NA,NA,4,"sample does not have an associated bay program method code"
"405",999,"GCWD","GCWD.BEEFLARUN0.12","05/07/2014","12:00:00","TDS.1","M1",4676,"CMC","NTWQM",2014-05-07 12:00:00,0.1,"ISM",1,"Water",NA,10,"MG/L",NA,NA,NA,2018-03-01 14:35:03,NA,2,"",1,1,"S","PARTNTID",NA,NA,4,"sample does not have an associated bay program method code"
"406",999,"GCWD","GCWD.GERBRA4.32","11/23/2014","12:00:00","TDS.1","M1",5063,"CMC","NTWQM",2014-11-23 12:00:00,0.1,"ISM",1,"Water",NA,90,"MG/L",NA,NA,NA,2018-03-01 14:36:00,NA,2,"",1,1,"S","PARTNTID",NA,NA,4,"sample does not have an associated bay program method code"
"407",999,"GCWD","GCWD.BEEFLARUN0.12","06/29/2014","12:00:00","TDS.1","M1",4677,"CMC","NTWQM",2014-06-29 12:00:00,0.1,"ISM",1,"Water",NA,15,"MG/L",NA,NA,NA,2018-03-01 14:35:03,NA,2,"",1,1,"S","PARTNTID",NA,NA,4,"sample does not have an associated bay program method code"
"408",999,"GCWD","GCWD.GERBRA4.32","11/30/2014","12:00:00","TDS.1","M1",5064,"CMC","NTWQM",2014-11-30 12:00:00,0.1,"ISM",1,"Water",NA,70,"MG/L",NA,NA,NA,2018-03-01 14:36:00,NA,2,"",1,1,"S","PARTNTID",NA,NA,4,"sample does not have an associated bay program method code"
"409",999,"GCWD","GCWD.BEEFLARUN0.12","07/31/2014","12:00:00","TDS.1","M1",4678,"CMC","NTWQM",2014-07-31 12:00:00,0.1,"ISM",1,"Water",NA,20,"MG/L",NA,NA,NA,2018-03-01 14:35:03,NA,2,"",1,1,"S","PARTNTID",NA,NA,4,"sample does not have an associated bay program method code"
"410",999,"GCWD","GCWD.GERBRA4.32","12/14/2014","12:00:00","TDS.1","M1",5065,"CMC","NTWQM",2014-12-14 12:00:00,0.1,"ISM",1,"Water",NA,60,"MG/L",NA,NA,NA,2018-03-01 14:36:00,NA,2,"",1,1,"S","PARTNTID",NA,NA,4,"sample does not have an associated bay program method code"
"411",999,"GCWD","GCWD.CALCRE0.11","04/02/2014","12:00:00","TDS.1","M1",4744,"CMC","NTWQM",2014-04-02 12:00:00,0.1,"ISM",1,"Water",NA,40,"MG/L",NA,NA,NA,2018-03-01 14:35:07,NA,2,"",1,1,"S","PARTNTID",NA,NA,4,"sample does not have an associated bay program method code"
"412",999,"GCWD","GCWD.GERBRA4.32","12/21/2014","12:00:00","TDS.1","M1",5066,"CMC","NTWQM",2014-12-21 12:00:00,0.1,"ISM",1,"Water",NA,70,"MG/L",NA,NA,NA,2018-03-01 14:36:00,NA,2,"",1,1,"S","PARTNTID",NA,NA,4,"sample does not have an associated bay program method code"
"413",999,"GCWD","GCWD.CALCRE0.11","05/01/2014","12:00:00","TDS.1","M1",4745,"CMC","NTWQM",2014-05-01 12:00:00,0.1,"ISM",1,"Water",NA,50,"MG/L",NA,NA,NA,2018-03-01 14:35:07,NA,2,"",1,1,"S","PARTNTID",NA,NA,4,"sample does not have an associated bay program method code"
"414",999,"GCWD","GCWD.LITPHORUN0.02","04/02/2014","12:00:00","TDS.1","M1",5103,"CMC","NTWQM",2014-04-02 12:00:00,0.1,"ISM",1,"Water",NA,40,"MG/L",NA,NA,NA,2018-03-01 14:36:10,NA,2,"",1,1,"S","PARTNTID",NA,NA,4,"sample does not have an associated bay program method code"
"415",999,"GCWD","GCWD.CALCRE0.11","07/09/2014","12:00:00","TDS.1","M1",4746,"CMC","NTWQM",2014-07-09 12:00:00,0.1,"ISM",1,"Water",NA,60,"MG/L",NA,NA,NA,2018-03-01 14:35:07,NA,2,"",1,1,"S","PARTNTID",NA,NA,4,"sample does not have an associated bay program method code"
"416",999,"GCWD","GCWD.LITPHORUN0.02","05/01/2014","12:00:00","TDS.1","M1",5104,"CMC","NTWQM",2014-05-01 12:00:00,0.1,"ISM",1,"Water",NA,50,"MG/L",NA,NA,NA,2018-03-01 14:36:10,NA,2,"",1,1,"S","PARTNTID",NA,NA,4,"sample does not have an associated bay program method code"
"417",999,"GCWD","GCWD.CALCRE0.11","09/11/2014","12:00:00","TDS.1","M1",4747,"CMC","NTWQM",2014-09-11 12:00:00,0.1,"ISM",1,"Water",NA,80,"MG/L",NA,NA,NA,2018-03-01 14:35:07,NA,2,"",1,1,"S","PARTNTID",NA,NA,4,"sample does not have an associated bay program method code"
"418",999,"GCWD","GCWD.LITPHORUN0.02","07/09/2014","12:00:00","TDS.1","M1",5105,"CMC","NTWQM",2014-07-09 12:00:00,0.1,"ISM",1,"Water",NA,100,"MG/L",NA,NA,NA,2018-03-01 14:36:11,NA,2,"",1,1,"S","PARTNTID",NA,NA,4,"sample does not have an associated bay program method code"
"419",999,"GCWD","GCWD.CALCRE0.11","10/05/2014","12:00:00","TDS.1","M1",4748,"CMC","NTWQM",2014-10-05 12:00:00,0.1,"ISM",1,"Water",NA,80,"MG/L",NA,NA,NA,2018-03-01 14:35:07,NA,2,"",1,1,"S","PARTNTID",NA,NA,4,"sample does not have an associated bay program method code"
"420",999,"GCWD","GCWD.LITPHORUN0.02","09/11/2014","12:00:00","TDS.1","M1",5106,"CMC","NTWQM",2014-09-11 12:00:00,0.1,"ISM",1,"Water",NA,200,"MG/L",NA,NA,NA,2018-03-01 14:36:11,NA,2,"",1,1,"S","PARTNTID",NA,NA,4,"sample does not have an associated bay program method code"
"421",999,"GCWD","GCWD.COWRIV34.68","04/28/2014","12:00:00","TDS.1","M1",4790,"CMC","NTWQM",2014-04-28 12:00:00,0.1,"ISM",1,"Water",NA,80,"MG/L",NA,NA,NA,2018-03-01 14:35:12,NA,2,"",1,1,"S","PARTNTID",NA,NA,4,"sample does not have an associated bay program method code"
"422",999,"GCWD","GCWD.LITPHORUN0.02","10/05/2014","12:00:00","TDS.1","M1",5107,"CMC","NTWQM",2014-10-05 12:00:00,0.1,"ISM",1,"Water",NA,120,"MG/L",NA,NA,NA,2018-03-01 14:36:11,NA,2,"",1,1,"S","PARTNTID",NA,NA,4,"sample does not have an associated bay program method code"
"423",999,"LRA","ALLARM.LT7","06/13/2014","10:51:00","TDS.1","M1",436,"CMC","NTWQM",2014-06-13 10:51:00,0.3,"ISM",1,"Water",NA,440,"MG/L",NA,NA,NA,2017-10-10 11:46:55,NA,2,"",1,1,"S","PARTNTID",NA,NA,4,"sample does not have an associated bay program method code"
"424",999,"GCWD","GCWD.DODHOLRUN0.32","03/21/2014","12:00:00","TDS.1","M1",4808,"CMC","NTWQM",2014-03-21 12:00:00,0.1,"ISM",1,"Water",NA,40,"MG/L",NA,NA,NA,2018-03-01 14:35:14,NA,2,"",1,2,"VP","PARTNTID",NA,NA,4,"sample does not have an associated bay program method code"
"425",999,"GCWD","GCWD.DODHOLRUN0.32","03/21/2014","12:00:00","TDS.1","M1",4808,"CMC","NTWQM",2014-03-21 12:00:00,0.1,"ISM",1,"Water",NA,40,"MG/L",NA,NA,NA,2018-03-01 14:35:14,NA,2,"",1,2,"VP","PARTNTID",NA,NA,4,"sample does not have an associated bay program method code"
"426",999,"GCWD","GCWD.NORBRACOWRIV0.04","04/28/2014","12:00:00","TDS.1","M1",5168,"CMC","NTWQM",2014-04-28 12:00:00,0.1,"ISM",1,"Water",NA,90,"MG/L",NA,NA,NA,2018-03-01 14:36:27,NA,2,"",1,1,"S","PARTNTID",NA,NA,4,"sample does not have an associated bay program method code"
"427",999,"LRA","ALLARM.LT10","10/06/2014","17:03:00","TDS.1","M1",456,"CMC","NTWQM",2014-10-06 17:03:00,0.3,"ISM",1,"Water",NA,460,"MG/L",NA,NA,NA,2017-10-10 11:47:09,NA,2,"",1,1,"S","PARTNTID",NA,NA,4,"sample does not have an associated bay program method code"
"428",999,"GCWD","GCWD.DODHOLRUN0.32","05/30/2014","12:00:00","TDS.1","M1",4809,"CMC","NTWQM",2014-05-30 12:00:00,0.1,"ISM",1,"Water",NA,50,"MG/L",NA,NA,NA,2018-03-01 14:35:14,NA,2,"",1,2,"VP","PARTNTID",NA,NA,4,"sample does not have an associated bay program method code"
"429",999,"GCWD","GCWD.DODHOLRUN0.32","05/30/2014","12:00:00","TDS.1","M1",4809,"CMC","NTWQM",2014-05-30 12:00:00,0.1,"ISM",1,"Water",NA,50,"MG/L",NA,NA,NA,2018-03-01 14:35:14,NA,2,"",1,2,"VP","PARTNTID",NA,NA,4,"sample does not have an associated bay program method code"
"430",999,"GCWD","GCWD.PHORUN4.36","05/01/2014","12:00:00","TDS.1","M1",5186,"CMC","NTWQM",2014-05-01 12:00:00,0.1,"ISM",1,"Water",NA,50,"MG/L",NA,NA,NA,2018-03-01 14:36:32,NA,2,"",1,1,"S","PARTNTID",NA,NA,4,"sample does not have an associated bay program method code"
"431",999,"LRA","ALLARM.LT10","12/02/2014","15:30:00","NO3N.3","M1",457,"CMC","NTWQM",2014-12-02 15:30:00,0.3,"ISM",2,"Water",NA,2.3,"MG/L",NA,NA,NA,2017-10-10 11:47:10,NA,2,"",1,1,"S","PARTNTID",NA,NA,4,"sample does not have an associated bay program method code"
"432",999,"GCWD","GCWD.DODHOLRUN0.32","07/30/2014","12:00:00","TDS.1","M1",4810,"CMC","NTWQM",2014-07-30 12:00:00,0.1,"ISM",1,"Water",NA,60,"MG/L",NA,NA,NA,2018-03-01 14:35:14,NA,2,"",1,2,"VP","PARTNTID",NA,NA,4,"sample does not have an associated bay program method code"
"433",999,"GCWD","GCWD.DODHOLRUN0.32","07/30/2014","12:00:00","TDS.1","M1",4810,"CMC","NTWQM",2014-07-30 12:00:00,0.1,"ISM",1,"Water",NA,60,"MG/L",NA,NA,NA,2018-03-01 14:35:14,NA,2,"",1,2,"VP","PARTNTID",NA,NA,4,"sample does not have an associated bay program method code"
"434",999,"GCWD","GCWD.PHORUN4.36","09/11/2014","12:00:00","TDS.1","M1",5188,"CMC","NTWQM",2014-09-11 12:00:00,0.1,"ISM",1,"Water",NA,100,"MG/L",NA,NA,NA,2018-03-01 14:36:33,NA,2,"",1,1,"S","PARTNTID",NA,NA,4,"sample does not have an associated bay program method code"
"435",999,"GCWD","GCWD.GERBRA4.32","03/31/2014","12:00:00","TDS.1","M1",5037,"CMC","NTWQM",2014-03-31 12:00:00,0.1,"ISM",1,"Water",NA,60,"MG/L",NA,NA,NA,2018-03-01 14:35:55,NA,2,"",1,1,"S","PARTNTID",NA,NA,4,"sample does not have an associated bay program method code"
"436",999,"GCWD","GCWD.DODHOLRUN0.32","08/13/2014","12:00:00","TDS.1","M1",4811,"CMC","NTWQM",2014-08-13 12:00:00,0.1,"ISM",1,"Water",NA,60,"MG/L",NA,NA,NA,2018-03-01 14:35:15,NA,2,"",1,2,"VP","PARTNTID",NA,NA,4,"sample does not have an associated bay program method code"
"437",999,"GCWD","GCWD.DODHOLRUN0.32","08/13/2014","12:00:00","TDS.1","M1",4811,"CMC","NTWQM",2014-08-13 12:00:00,0.1,"ISM",1,"Water",NA,60,"MG/L",NA,NA,NA,2018-03-01 14:35:15,NA,2,"",1,2,"VP","PARTNTID",NA,NA,4,"sample does not have an associated bay program method code"
"438",999,"GCWD","GCWD.PHORUN7.54","04/02/2014","12:00:00","TDS.1","M1",5212,"CMC","NTWQM",2014-04-02 12:00:00,0.1,"ISM",1,"Water",NA,40,"MG/L",NA,NA,NA,2018-03-01 14:36:40,NA,2,"",1,1,"S","PARTNTID",NA,NA,4,"sample does not have an associated bay program method code"
"439",999,"LRA","ALLARM.LT4","12/02/2014","14:00:00","TDS.1","M1",421,"CMC","NTWQM",2014-12-02 14:00:00,0.3,"ISM",1,"Water",NA,460,"MG/L",NA,NA,NA,2017-10-10 11:46:46,NA,2,"",1,1,"S","PARTNTID",NA,NA,4,"sample does not have an associated bay program method code"
"440",999,"GCWD","GCWD.DODHOLRUN0.32","09/11/2014","12:00:00","TDS.1","M1",4812,"CMC","NTWQM",2014-09-11 12:00:00,0.1,"ISM",1,"Water",NA,80,"MG/L",NA,NA,NA,2018-03-01 14:35:15,NA,2,"",1,2,"VP","PARTNTID",NA,NA,4,"sample does not have an associated bay program method code"
"441",999,"GCWD","GCWD.DODHOLRUN0.32","09/11/2014","12:00:00","TDS.1","M1",4812,"CMC","NTWQM",2014-09-11 12:00:00,0.1,"ISM",1,"Water",NA,80,"MG/L",NA,NA,NA,2018-03-01 14:35:15,NA,2,"",1,2,"VP","PARTNTID",NA,NA,4,"sample does not have an associated bay program method code"
"442",999,"GCWD","GCWD.PHORUN7.54","07/09/2014","12:00:00","TDS.1","M1",5214,"CMC","NTWQM",2014-07-09 12:00:00,0.1,"ISM",1,"Water",NA,70,"MG/L",NA,NA,NA,2018-03-01 14:36:40,NA,2,"",1,1,"S","PARTNTID",NA,NA,4,"sample does not have an associated bay program method code"
"443",999,"LRA","ALLARM.LT5","02/28/2014","12:00:00","NO3N.3","M1",422,"CMC","NTWQM",2014-02-28 12:00:00,0.3,"ISM",2,"Water",NA,3.6,"MG/L",NA,NA,NA,2017-10-10 11:46:46,NA,2,"",1,1,"S","PARTNTID",NA,NA,4,"sample does not have an associated bay program method code"
"444",999,"GCWD","GCWD.DODHOLRUN0.32","10/09/2014","12:00:00","TDS.1","M1",4813,"CMC","NTWQM",2014-10-09 12:00:00,0.1,"ISM",1,"Water",NA,80,"MG/L",NA,NA,NA,2018-03-01 14:35:15,NA,2,"",1,2,"VP","PARTNTID",NA,NA,4,"sample does not have an associated bay program method code"
"445",999,"GCWD","GCWD.DODHOLRUN0.32","10/09/2014","12:00:00","TDS.1","M1",4813,"CMC","NTWQM",2014-10-09 12:00:00,0.1,"ISM",1,"Water",NA,80,"MG/L",NA,NA,NA,2018-03-01 14:35:15,NA,2,"",1,2,"VP","PARTNTID",NA,NA,4,"sample does not have an associated bay program method code"
"446",999,"GCWD","GCWD.PHORUN7.54","10/05/2014","12:00:00","TDS.1","M1",5216,"CMC","NTWQM",2014-10-05 12:00:00,0.1,"ISM",1,"Water",NA,100,"MG/L",NA,NA,NA,2018-03-01 14:36:41,NA,2,"",1,1,"S","PARTNTID",NA,NA,4,"sample does not have an associated bay program method code"
"447",999,"GCWD","GCWD.DODHOLRUN0.32","11/11/2014","12:00:00","TDS.1","M1",4806,"CMC","NTWQM",2014-11-11 12:00:00,0.1,"ISM",1,"Water",NA,60,"MG/L",NA,NA,NA,2018-03-01 14:35:14,NA,2,"",1,1,"S","PARTNTID",NA,NA,4,"sample does not have an associated bay program method code"
"448",999,"GCWD","GCWD.SOUBRAPINCRE0.17","01/31/2014","12:00:00","TDS.1","M1",5274,"CMC","NTWQM",2014-01-31 12:00:00,0.1,"ISM",1,"Water",NA,60,"MG/L",NA,NA,NA,2018-03-01 14:36:58,NA,2,"",1,1,"S","PARTNTID",NA,NA,4,"sample does not have an associated bay program method code"
"449",999,"GCWD","GCWD.GENFOR10.77","04/02/2014","12:00:00","TDS.1","M1",4915,"CMC","NTWQM",2014-04-02 12:00:00,0.1,"ISM",1,"Water",NA,30,"MG/L",NA,NA,NA,2018-03-01 14:35:31,NA,2,"",1,1,"S","PARTNTID",NA,NA,4,"sample does not have an associated bay program method code"
"450",999,"GCWD","GCWD.SOUBRAPINCRE0.17","03/29/2014","12:00:00","TDS.1","M1",5275,"CMC","NTWQM",2014-03-29 12:00:00,0.1,"ISM",1,"Water",NA,60,"MG/L",NA,NA,NA,2018-03-01 14:36:58,NA,2,"",1,1,"S","PARTNTID",NA,NA,4,"sample does not have an associated bay program method code"
"451",999,"GCWD","GCWD.GENFOR10.77","05/01/2014","12:00:00","TDS.1","M1",4933,"CMC","NTWQM",2014-05-01 12:00:00,0.1,"ISM",1,"Water",NA,30,"MG/L",NA,NA,NA,2018-03-01 14:35:34,NA,2,"",1,1,"S","PARTNTID",NA,NA,4,"sample does not have an associated bay program method code"
"452",999,"GCWD","GCWD.SOUBRAPINCRE0.17","05/07/2014","12:00:00","TDS.1","M1",5276,"CMC","NTWQM",2014-05-07 12:00:00,0.1,"ISM",1,"Water",NA,50,"MG/L",NA,NA,NA,2018-03-01 14:36:59,NA,2,"",1,1,"S","PARTNTID",NA,NA,4,"sample does not have an associated bay program method code"
"453",999,"GCWD","GCWD.GENFOR10.77","07/09/2014","12:00:00","TDS.1","M1",4934,"CMC","NTWQM",2014-07-09 12:00:00,0.1,"ISM",1,"Water",NA,50,"MG/L",NA,NA,NA,2018-03-01 14:35:34,NA,2,"",1,1,"S","PARTNTID",NA,NA,4,"sample does not have an associated bay program method code"
"454",999,"GCWD","GCWD.SOUBRAPINCRE0.17","06/29/2014","12:00:00","TDS.1","M1",5277,"CMC","NTWQM",2014-06-29 12:00:00,0.1,"ISM",1,"Water",NA,60,"MG/L",NA,NA,NA,2018-03-01 14:36:59,NA,2,"",1,1,"S","PARTNTID",NA,NA,4,"sample does not have an associated bay program method code"
"455",999,"GCWD","GCWD.GENFOR10.77","09/11/2014","12:00:00","TDS.1","M1",4935,"CMC","NTWQM",2014-09-11 12:00:00,0.1,"ISM",1,"Water",NA,60,"MG/L",NA,NA,NA,2018-03-01 14:35:34,NA,2,"",1,1,"S","PARTNTID",NA,NA,4,"sample does not have an associated bay program method code"
"456",999,"GCWD","GCWD.SOUBRAPINCRE0.17","07/31/2014","12:00:00","TDS.1","M1",5278,"CMC","NTWQM",2014-07-31 12:00:00,0.1,"ISM",1,"Water",NA,90,"MG/L",NA,NA,NA,2018-03-01 14:36:59,NA,2,"",1,1,"S","PARTNTID",NA,NA,4,"sample does not have an associated bay program method code"
"457",999,"GCWD","GCWD.GENFOR10.77","10/05/2014","12:00:00","TDS.1","M1",4936,"CMC","NTWQM",2014-10-05 12:00:00,0.1,"ISM",1,"Water",NA,60,"MG/L",NA,NA,NA,2018-03-01 14:35:34,NA,2,"",1,1,"S","PARTNTID",NA,NA,4,"sample does not have an associated bay program method code"
"458",999,"GCWD","GCWD.SUNBRA0.76","01/27/2014","12:00:00","TDS.1","M1",5300,"CMC","NTWQM",2014-01-27 12:00:00,0.1,"ISM",1,"Water",NA,10,"MG/L",NA,NA,NA,2018-03-01 14:37:06,NA,2,"",1,1,"S","PARTNTID",NA,NA,4,"sample does not have an associated bay program method code"
"459",999,"GCWD","GCWD.GERBRA4.32","01/12/2014","12:00:00","TDS.1","M1",5029,"CMC","NTWQM",2014-01-12 12:00:00,0.1,"ISM",1,"Water",NA,75,"MG/L",NA,NA,NA,2018-03-01 14:35:53,NA,2,"",1,1,"S","PARTNTID",NA,NA,4,"sample does not have an associated bay program method code"
"460",999,"GCWD","GCWD.SUNBRA0.76","04/02/2014","12:00:00","TDS.1","M1",5301,"CMC","NTWQM",2014-04-02 12:00:00,0.1,"ISM",1,"Water",NA,10,"MG/L",NA,NA,NA,2018-03-01 14:37:06,NA,2,"",1,1,"S","PARTNTID",NA,NA,4,"sample does not have an associated bay program method code"
"461",999,"GCWD","GCWD.GERBRA4.32","01/19/2014","12:00:00","TDS.1","M1",5030,"CMC","NTWQM",2014-01-19 12:00:00,0.1,"ISM",1,"Water",NA,60,"MG/L",NA,NA,NA,2018-03-01 14:35:53,NA,2,"",1,1,"S","PARTNTID",NA,NA,4,"sample does not have an associated bay program method code"
"462",999,"GCWD","GCWD.UKW006","01/31/2014","12:00:00","TDS.1","M1",5321,"CMC","NTWQM",2014-01-31 12:00:00,0.1,"ISM",1,"Water",NA,20,"MG/L",NA,NA,NA,2018-03-01 14:37:13,NA,2,"",1,1,"S","PARTNTID",NA,NA,4,"sample does not have an associated bay program method code"
"463",999,"GCWD","GCWD.GERBRA4.32","02/02/2014","12:00:00","TDS.1","M1",5031,"CMC","NTWQM",2014-02-02 12:00:00,0.1,"ISM",1,"Water",NA,70,"MG/L",NA,NA,NA,2018-03-01 14:35:53,NA,2,"",1,1,"S","PARTNTID",NA,NA,4,"sample does not have an associated bay program method code"
"464",999,"GCWD","GCWD.UKW006","03/29/2014","12:00:00","TDS.1","M1",5322,"CMC","NTWQM",2014-03-29 12:00:00,0.1,"ISM",1,"Water",NA,20,"MG/L",NA,NA,NA,2018-03-01 14:37:13,NA,2,"",1,1,"S","PARTNTID",NA,NA,4,"sample does not have an associated bay program method code"
"465",999,"GCWD","GCWD.GERBRA4.32","02/21/2014","12:00:00","TDS.1","M1",5032,"CMC","NTWQM",2014-02-21 12:00:00,0.1,"ISM",1,"Water",NA,270,"MG/L",NA,NA,NA,2018-03-01 14:35:53,NA,2,"",1,1,"S","PARTNTID",NA,NA,4,"sample does not have an associated bay program method code"
"466",999,"GCWD","GCWD.UKW006","05/07/2014","12:00:00","TDS.1","M1",5323,"CMC","NTWQM",2014-05-07 12:00:00,0.1,"ISM",1,"Water",NA,20,"MG/L",NA,NA,NA,2018-03-01 14:37:13,NA,2,"",1,1,"S","PARTNTID",NA,NA,4,"sample does not have an associated bay program method code"
"467",999,"GCWD","GCWD.GERBRA4.32","02/23/2014","12:00:00","TDS.1","M1",5033,"CMC","NTWQM",2014-02-23 12:00:00,0.1,"ISM",1,"Water",NA,140,"MG/L",NA,NA,NA,2018-03-01 14:35:54,NA,2,"",1,1,"S","PARTNTID",NA,NA,4,"sample does not have an associated bay program method code"
"468",999,"GCWD","GCWD.UKW006","06/29/2014","12:00:00","TDS.1","M1",5324,"CMC","NTWQM",2014-06-29 12:00:00,0.1,"ISM",1,"Water",NA,20,"MG/L",NA,NA,NA,2018-03-01 14:37:14,NA,2,"",1,1,"S","PARTNTID",NA,NA,4,"sample does not have an associated bay program method code"
"469",999,"GCWD","GCWD.GERBRA4.32","03/08/2014","12:00:00","TDS.1","M1",5034,"CMC","NTWQM",2014-03-08 12:00:00,0.1,"ISM",1,"Water",NA,110,"MG/L",NA,NA,NA,2018-03-01 14:35:54,NA,2,"",1,1,"S","PARTNTID",NA,NA,4,"sample does not have an associated bay program method code"
"470",999,"GCWD","GCWD.UNTCOWRIV0.33","11/11/2014","12:00:00","TDS.1","M1",5341,"CMC","NTWQM",2014-11-11 12:00:00,0.1,"ISM",1,"Water",NA,70,"MG/L",NA,NA,NA,2018-03-01 14:37:19,NA,2,"",1,1,"S","PARTNTID",NA,NA,4,"sample does not have an associated bay program method code"
"471",999,"GCWD","GCWD.GERBRA4.32","03/16/2014","12:00:00","TDS.1","M1",5035,"CMC","NTWQM",2014-03-16 12:00:00,0.1,"ISM",1,"Water",NA,50,"MG/L",NA,NA,NA,2018-03-01 14:35:54,NA,2,"",1,1,"S","PARTNTID",NA,NA,4,"sample does not have an associated bay program method code"
"472",999,"LRA","ALLARM.LT8","08/14/2014","12:20:00","TDS.1","M1",443,"CMC","NTWQM",2014-08-14 12:20:00,0.3,"ISM",1,"Water",NA,460,"MG/L",NA,NA,NA,2017-10-10 11:47:00,NA,2,"",1,1,"S","PARTNTID",NA,NA,4,"sample does not have an associated bay program method code"
"473",999,"GCWD","GCWD.GERBRA4.32","03/23/2014","12:00:00","TDS.1","M1",5036,"CMC","NTWQM",2014-03-23 12:00:00,0.1,"ISM",1,"Water",NA,70,"MG/L",NA,NA,NA,2018-03-01 14:35:54,NA,2,"",1,1,"S","PARTNTID",NA,NA,4,"sample does not have an associated bay program method code"
"474",999,"LRA","ALLARM.LT5","10/06/2014","15:36:00","TDS.1","M1",426,"CMC","NTWQM",2014-10-06 15:36:00,0.3,"ISM",1,"Water",NA,390,"MG/L",NA,NA,NA,2017-10-10 11:46:49,NA,2,"",1,1,"S","PARTNTID",NA,NA,4,"sample does not have an associated bay program method code"
"475",999,"GCWD","GCWD.GERBRA4.32","10/04/2014","12:00:00","TDS.1","M1",5057,"CMC","NTWQM",2014-10-04 12:00:00,0.1,"ISM",1,"Water",NA,140,"MG/L",NA,NA,NA,2018-03-01 14:35:59,NA,2,"",1,1,"S","PARTNTID",NA,NA,4,"sample does not have an associated bay program method code"
"476",999,"LRA","ALLARM.LT2","12/02/2014","13:31:00","TDS.1","M1",409,"CMC","NTWQM",2014-12-02 13:31:00,0.3,"ISM",1,"Water",NA,390,"MG/L",NA,NA,NA,2017-10-10 11:46:40,NA,2,"",1,1,"S","PARTNTID",NA,NA,4,"sample does not have an associated bay program method code"
"477",999,"GCWD","GCWD.GERBRA4.32","04/06/2014","12:00:00","TDS.1","M1",5038,"CMC","NTWQM",2014-04-06 12:00:00,0.1,"ISM",1,"Water",NA,60,"MG/L",NA,NA,NA,2018-03-01 14:35:55,NA,2,"",1,1,"S","PARTNTID",NA,NA,4,"sample does not have an associated bay program method code"
"478",999,"LRA","ALLARM.LT1","02/28/2014","13:49:00","TDS.1","M1",398,"CMC","NTWQM",2014-02-28 13:49:00,0.3,"ISM",1,"Water",NA,400,"MG/L",NA,NA,NA,2018-12-14 14:13:07,NA,2,"",1,1,"S","PARTNTID",NA,NA,4,"sample does not have an associated bay program method code"
"479",999,"GCWD","GCWD.GERBRA4.32","04/13/2014","12:00:00","TDS.1","M1",5039,"CMC","NTWQM",2014-04-13 12:00:00,0.1,"ISM",1,"Water",NA,70,"MG/L",NA,NA,NA,2018-03-01 14:35:55,NA,2,"",1,1,"S","PARTNTID",NA,NA,4,"sample does not have an associated bay program method code"
"480",999,"LRA","ALLARM.LT3","02/28/2014","14:12:00","NO3N.3","M1",410,"CMC","NTWQM",2014-02-28 14:12:00,0.3,"ISM",2,"Water",NA,4.3,"MG/L",NA,NA,NA,2017-10-10 11:46:40,NA,2,"",1,1,"S","PARTNTID",NA,NA,4,"sample does not have an associated bay program method code"
"481",999,"GCWD","GCWD.GERBRA4.32","04/26/2014","12:00:00","TDS.1","M1",5040,"CMC","NTWQM",2014-04-26 12:00:00,0.1,"ISM",1,"Water",NA,70,"MG/L",NA,NA,NA,2018-03-01 14:35:55,NA,2,"",1,1,"S","PARTNTID",NA,NA,4,"sample does not have an associated bay program method code"
"482",999,"LRA","ALLARM.LT1","04/18/2014","13:45:00","NO3N.3","M1",399,"CMC","NTWQM",2014-04-18 13:45:00,0.3,"ISM",2,"Water",NA,4.2,"MG/L",NA,NA,NA,2018-12-14 14:11:30,NA,2,"",1,1,"S","PARTNTID",NA,NA,4,"sample does not have an associated bay program method code"
"483",999,"GCWD","GCWD.GERBRA4.32","05/24/2014","12:00:00","TDS.1","M1",5041,"CMC","NTWQM",2014-05-24 12:00:00,0.1,"ISM",1,"Water",NA,60,"MG/L",NA,NA,NA,2018-03-01 14:35:55,NA,2,"",1,1,"S","PARTNTID",NA,NA,4,"sample does not have an associated bay program method code"
"484",999,"LRA","ALLARM.LT10","04/18/2014","12:00:00","NO3N.3","M1",453,"CMC","NTWQM",2014-04-18 12:00:00,0.3,"ISM",2,"Water",NA,3.2,"MG/L",NA,NA,NA,2017-10-10 11:47:07,NA,2,"",1,1,"S","PARTNTID",NA,NA,4,"sample does not have an associated bay program method code"
"485",999,"GCWD","GCWD.GERBRA4.32","06/01/2014","12:00:00","TDS.1","M1",5042,"CMC","NTWQM",2014-06-01 12:00:00,0.1,"ISM",1,"Water",NA,75,"MG/L",NA,NA,NA,2018-03-01 14:35:56,NA,2,"",1,1,"S","PARTNTID",NA,NA,4,"sample does not have an associated bay program method code"
"486",999,"LRA","ALLARM.LT8","12/02/2014","14:49:00","TDS.1","M1",445,"CMC","NTWQM",2014-12-02 14:49:00,0.3,"ISM",1,"Water",NA,470,"MG/L",NA,NA,NA,2017-10-10 11:47:01,NA,2,"",1,1,"S","PARTNTID",NA,NA,4,"sample does not have an associated bay program method code"
"487",999,"GCWD","GCWD.GERBRA4.32","06/07/2014","12:00:00","TDS.1","M1",5043,"CMC","NTWQM",2014-06-07 12:00:00,0.1,"ISM",1,"Water",NA,80,"MG/L",NA,NA,NA,2018-03-01 14:35:56,NA,2,"",1,1,"S","PARTNTID",NA,NA,4,"sample does not have an associated bay program method code"
"488",999,"LRA","ALLARM.LT6","02/28/2014","12:00:00","TDS.1","M1",428,"CMC","NTWQM",2014-02-28 12:00:00,0.3,"ISM",1,"Water",NA,440,"MG/L",NA,NA,NA,2017-10-10 11:46:50,NA,2,"",1,1,"S","PARTNTID",NA,NA,4,"sample does not have an associated bay program method code"
"489",999,"GCWD","GCWD.GERBRA4.32","06/15/2014","12:00:00","TDS.1","M1",5044,"CMC","NTWQM",2014-06-15 12:00:00,0.1,"ISM",1,"Water",NA,100,"MG/L",NA,NA,NA,2018-03-01 14:35:56,NA,2,"",1,1,"S","PARTNTID",NA,NA,4,"sample does not have an associated bay program method code"
"490",999,"LRA","ALLARM.LT3","04/18/2014","13:56:00","TDS.1","M1",411,"CMC","NTWQM",2014-04-18 13:56:00,0.3,"ISM",1,"Water",NA,380,"MG/L",NA,NA,NA,2017-10-10 11:46:41,NA,2,"",1,1,"S","PARTNTID",NA,NA,4,"sample does not have an associated bay program method code"
"491",999,"GCWD","GCWD.GERBRA4.32","06/21/2014","12:00:00","TDS.1","M1",5045,"CMC","NTWQM",2014-06-21 12:00:00,0.1,"ISM",1,"Water",NA,100,"MG/L",NA,NA,NA,2018-03-01 14:35:56,NA,2,"",1,1,"S","PARTNTID",NA,NA,4,"sample does not have an associated bay program method code"
"492",999,"LRA","ALLARM.LT1","06/13/2014","09:21:00","TDS.1","M1",400,"CMC","NTWQM",2014-06-13 09:21:00,0.3,"ISM",1,"Water",NA,400,"MG/L",NA,NA,NA,2018-12-14 14:11:53,NA,2,"",1,1,"S","PARTNTID",NA,NA,4,"sample does not have an associated bay program method code"
"493",999,"GCWD","GCWD.GERBRA4.32","06/29/2014","12:00:00","TDS.1","M1",5046,"CMC","NTWQM",2014-06-29 12:00:00,0.1,"ISM",1,"Water",NA,70,"MG/L",NA,NA,NA,2018-03-01 14:35:56,NA,2,"",1,1,"S","PARTNTID",NA,NA,4,"sample does not have an associated bay program method code"
"494",999,"LRA","ALLARM.LT3","06/13/2014","09:38:00","NO3N.3","M1",412,"CMC","NTWQM",2014-06-13 09:38:00,0.3,"ISM",2,"Water",NA,3.75,"MG/L",NA,NA,NA,2017-10-10 11:46:41,NA,2,"",1,1,"S","PARTNTID",NA,NA,4,"sample does not have an associated bay program method code"
"495",999,"GCWD","GCWD.GERBRA4.32","07/12/2014","12:00:00","TDS.1","M1",5047,"CMC","NTWQM",2014-07-12 12:00:00,0.1,"ISM",1,"Water",NA,90,"MG/L",NA,NA,NA,2018-03-01 14:35:57,NA,2,"",1,1,"S","PARTNTID",NA,NA,4,"sample does not have an associated bay program method code"
"496",999,"LRA","ALLARM.LT1","08/14/2014","10:00:00","NO3N.3","M1",401,"CMC","NTWQM",2014-08-14 10:00:00,0.3,"ISM",2,"Water",NA,3.4,"MG/L",NA,NA,NA,2018-12-14 14:12:16,NA,2,"",1,1,"S","PARTNTID",NA,NA,4,"sample does not have an associated bay program method code"
"497",999,"GCWD","GCWD.GERBRA4.32","07/19/2014","12:00:00","TDS.1","M1",5048,"CMC","NTWQM",2014-07-19 12:00:00,0.1,"ISM",1,"Water",NA,90,"MG/L",NA,NA,NA,2018-03-01 14:35:57,NA,2,"",1,1,"S","PARTNTID",NA,NA,4,"sample does not have an associated bay program method code"
"498",999,"LRA","ALLARM.LT10","08/14/2014","13:30:00","NO3N.3","M1",455,"CMC","NTWQM",2014-08-14 13:30:00,0.3,"ISM",2,"Water",NA,2.6,"MG/L",NA,NA,NA,2017-10-10 11:47:09,NA,2,"",1,1,"S","PARTNTID",NA,NA,4,"sample does not have an associated bay program method code"
"499",999,"GCWD","GCWD.GERBRA4.32","07/26/2014","12:00:00","TDS.1","M1",5049,"CMC","NTWQM",2014-07-26 12:00:00,0.1,"ISM",1,"Water",NA,93,"MG/L",NA,NA,NA,2018-03-01 14:35:57,NA,2,"",1,1,"S","PARTNTID",NA,NA,4,"sample does not have an associated bay program method code"
"500",999,"LRA","ALLARM.LT9","04/18/2014","15:00:00","TDS.1","M1",447,"CMC","NTWQM",2014-04-18 15:00:00,0.3,"ISM",1,"Water",NA,470,"MG/L",NA,NA,NA,2017-10-10 11:47:03,NA,2,"",1,1,"S","PARTNTID",NA,NA,4,"sample does not have an associated bay program method code"
"501",999,"GCWD","GCWD.GERBRA4.32","08/04/2014","12:00:00","TDS.1","M1",5050,"CMC","NTWQM",2014-08-04 12:00:00,0.1,"ISM",1,"Water",NA,110,"MG/L",NA,NA,NA,2018-03-01 14:35:57,NA,2,"",1,1,"S","PARTNTID",NA,NA,4,"sample does not have an associated bay program method code"
"502",999,"LRA","ALLARM.LT6","06/13/2014","10:42:00","TDS.1","M1",430,"CMC","NTWQM",2014-06-13 10:42:00,0.3,"ISM",1,"Water",NA,420,"MG/L",NA,NA,NA,2017-10-10 11:46:51,NA,2,"",1,1,"S","PARTNTID",NA,NA,4,"sample does not have an associated bay program method code"
"503",999,"GCWD","GCWD.GERBRA4.32","08/24/2014","12:00:00","TDS.1","M1",5051,"CMC","NTWQM",2014-08-24 12:00:00,0.1,"ISM",1,"Water",NA,70,"MG/L",NA,NA,NA,2018-03-01 14:35:57,NA,2,"",1,1,"S","PARTNTID",NA,NA,4,"sample does not have an associated bay program method code"
"504",999,"LRA","ALLARM.LT3","08/14/2014","10:30:00","TDS.1","M1",413,"CMC","NTWQM",2014-08-14 10:30:00,0.3,"ISM",1,"Water",NA,390,"MG/L",NA,NA,NA,2017-10-10 11:46:42,NA,2,"",1,1,"S","PARTNTID",NA,NA,4,"sample does not have an associated bay program method code"
"505",999,"GCWD","GCWD.GERBRA4.32","08/30/2014","12:00:00","TDS.1","M1",5052,"CMC","NTWQM",2014-08-30 12:00:00,0.1,"ISM",1,"Water",NA,75,"MG/L",NA,NA,NA,2018-03-01 14:35:58,NA,2,"",1,1,"S","PARTNTID",NA,NA,4,"sample does not have an associated bay program method code"
"506",999,"LRA","ALLARM.LT1","10/06/2014","14:05:00","TDS.1","M1",402,"CMC","NTWQM",2014-10-06 14:05:00,0.3,"ISM",1,"Water",NA,390,"MG/L",NA,NA,NA,2018-12-14 14:12:41,NA,2,"",1,1,"S","PARTNTID",NA,NA,4,"sample does not have an associated bay program method code"
"507",999,"GCWD","GCWD.GERBRA4.32","09/06/2014","12:00:00","TDS.1","M1",5053,"CMC","NTWQM",2014-09-06 12:00:00,0.1,"ISM",1,"Water",NA,80,"MG/L",NA,NA,NA,2018-03-01 14:35:58,NA,2,"",1,1,"S","PARTNTID",NA,NA,4,"sample does not have an associated bay program method code"
"508",999,"LRA","ALLARM.LT3","10/06/2014","14:30:00","NO3N.3","M1",414,"CMC","NTWQM",2014-10-06 14:30:00,0.3,"ISM",2,"Water",NA,4.3,"MG/L",NA,NA,NA,2017-10-10 11:46:42,NA,2,"",1,1,"S","PARTNTID",NA,NA,4,"sample does not have an associated bay program method code"
"509",999,"GCWD","GCWD.GERBRA4.32","09/14/2014","12:00:00","TDS.1","M1",5054,"CMC","NTWQM",2014-09-14 12:00:00,0.1,"ISM",1,"Water",NA,95,"MG/L",NA,NA,NA,2018-03-01 14:35:58,NA,2,"",1,1,"S","PARTNTID",NA,NA,4,"sample does not have an associated bay program method code"
"510",999,"LRA","ALLARM.LT1","12/02/2014","13:25:00","NO3N.3","M1",403,"CMC","NTWQM",2014-12-02 13:25:00,0.3,"ISM",2,"Water",NA,4.6,"MG/L",NA,NA,NA,2018-12-14 14:12:57,NA,2,"",1,1,"S","PARTNTID",NA,NA,4,"sample does not have an associated bay program method code"
"511",999,"GCWD","GCWD.GERBRA4.32","09/20/2014","12:00:00","TDS.1","M1",5055,"CMC","NTWQM",2014-09-20 12:00:00,0.1,"ISM",1,"Water",NA,90,"MG/L",NA,NA,NA,2018-03-01 14:35:58,NA,2,"",1,1,"S","PARTNTID",NA,NA,4,"sample does not have an associated bay program method code"
"512",999,"LRA","ALLARM.LT5","10/06/2014","15:36:00","NO3N.3","M1",426,"CMC","NTWQM",2014-10-06 15:36:00,0.3,"ISM",2,"Water",NA,3.55,"MG/L",NA,NA,NA,2017-10-10 11:46:49,NA,2,"",1,1,"S","PARTNTID",NA,NA,4,"sample does not have an associated bay program method code"
"513",999,"GCWD","GCWD.GERBRA4.32","09/27/2014","12:00:00","TDS.1","M1",5056,"CMC","NTWQM",2014-09-27 12:00:00,0.1,"ISM",1,"Water",NA,100,"MG/L",NA,NA,NA,2018-03-01 14:35:58,NA,2,"",1,1,"S","PARTNTID",NA,NA,4,"sample does not have an associated bay program method code"
"514",999,"LRA","ALLARM.LT9","08/14/2014","13:00:00","TDS.1","M1",449,"CMC","NTWQM",2014-08-14 13:00:00,0.3,"ISM",1,"Water",NA,480,"MG/L",NA,NA,NA,2017-10-10 11:47:04,NA,2,"",1,1,"S","PARTNTID",NA,NA,4,"sample does not have an associated bay program method code"
"515",999,"LRA","ALLARM.LT10","12/02/2014","15:30:00","TDS.1","M1",457,"CMC","NTWQM",2014-12-02 15:30:00,0.3,"ISM",1,"Water",NA,550,"MG/L",NA,NA,NA,2017-10-10 11:47:10,NA,2,"",1,1,"S","PARTNTID",NA,NA,4,"sample does not have an associated bay program method code"
"516",999,"LRA","ALLARM.LT6","10/06/2014","16:00:00","TDS.1","M1",432,"CMC","NTWQM",2014-10-06 16:00:00,0.3,"ISM",1,"Water",NA,380,"MG/L",NA,NA,NA,2017-10-10 11:46:52,NA,2,"",1,1,"S","PARTNTID",NA,NA,4,"sample does not have an associated bay program method code"
"517",999,"GCWD","GCWD.GERBRA4.32","10/12/2014","12:00:00","TDS.1","M1",5058,"CMC","NTWQM",2014-10-12 12:00:00,0.1,"ISM",1,"Water",NA,90,"MG/L",NA,NA,NA,2018-03-01 14:35:59,NA,2,"",1,1,"S","PARTNTID",NA,NA,4,"sample does not have an associated bay program method code"
"518",999,"LRA","ALLARM.LT3","12/02/2014","13:45:00","TDS.1","M1",415,"CMC","NTWQM",2014-12-02 13:45:00,0.3,"ISM",1,"Water",NA,440,"MG/L",NA,NA,NA,2017-10-10 11:46:43,NA,2,"",1,1,"S","PARTNTID",NA,NA,4,"sample does not have an associated bay program method code"
"519",999,"GCWD","GCWD.GERBRA4.32","10/25/2014","12:00:00","TDS.1","M1",5059,"CMC","NTWQM",2014-10-25 12:00:00,0.1,"ISM",1,"Water",NA,80,"MG/L",NA,NA,NA,2018-03-01 14:35:59,NA,2,"",1,1,"S","PARTNTID",NA,NA,4,"sample does not have an associated bay program method code"
"520",999,"LRA","ALLARM.LT10","02/28/2014","12:00:00","TDS.1","M1",452,"CMC","NTWQM",2014-02-28 12:00:00,0.3,"ISM",1,"Water",NA,670,"MG/L",NA,NA,NA,2017-10-10 11:47:07,NA,2,"",1,1,"S","PARTNTID",NA,NA,4,"sample does not have an associated bay program method code"
"521",999,"LRA","ALLARM.LT9","10/06/2014","16:48:00","TDS.1","M1",450,"CMC","NTWQM",2014-10-06 16:48:00,0.3,"ISM",1,"Water",NA,450,"MG/L",NA,NA,NA,2017-10-10 11:47:05,NA,2,"",1,1,"S","PARTNTID",NA,NA,4,"sample does not have an associated bay program method code"
"522",999,"LRA","ALLARM.LT4","02/28/2014","12:00:00","NO3N.3","M1",416,"CMC","NTWQM",2014-02-28 12:00:00,0.3,"ISM",2,"Water",NA,2.6,"MG/L",NA,NA,NA,2017-10-10 11:46:43,NA,2,"",1,1,"S","PARTNTID",NA,NA,4,"sample does not have an associated bay program method code"
"523",999,"LRA","ALLARM.LT6","12/02/2014","14:24:00","TDS.1","M1",433,"CMC","NTWQM",2014-12-02 14:24:00,0.3,"ISM",1,"Water",NA,430,"MG/L",NA,NA,NA,2017-10-10 11:46:53,NA,2,"",1,1,"S","PARTNTID",NA,NA,4,"sample does not have an associated bay program method code"
"524",999,"LRA","ALLARM.LT3","02/28/2014","14:12:00","TDS.1","M1",410,"CMC","NTWQM",2014-02-28 14:12:00,0.3,"ISM",1,"Water",NA,410,"MG/L",NA,NA,NA,2017-10-10 11:46:40,NA,2,"",1,1,"S","PARTNTID",NA,NA,4,"sample does not have an associated bay program method code"
"525",999,"LRA","ALLARM.LT4","02/28/2014","12:00:00","TDS.1","M1",416,"CMC","NTWQM",2014-02-28 12:00:00,0.3,"ISM",1,"Water",NA,360,"MG/L",NA,NA,NA,2017-10-10 11:46:43,NA,2,"",1,1,"S","PARTNTID",NA,NA,4,"sample does not have an associated bay program method code"
"526",999,"LRA","ALLARM.LT2","04/18/2014","13:46:00","NO3N.3","M1",405,"CMC","NTWQM",2014-04-18 13:46:00,0.3,"ISM",2,"Water",NA,4.9,"MG/L",NA,NA,NA,2017-10-10 11:46:37,NA,2,"",1,1,"S","PARTNTID",NA,NA,4,"sample does not have an associated bay program method code"
"527",999,"LRA","ALLARM.LT10","04/18/2014","12:00:00","TDS.1","M1",453,"CMC","NTWQM",2014-04-18 12:00:00,0.3,"ISM",1,"Water",NA,500,"MG/L",NA,NA,NA,2017-10-10 11:47:07,NA,2,"",1,1,"S","PARTNTID",NA,NA,4,"sample does not have an associated bay program method code"
"528",999,"LRA","ALLARM.LT9","12/02/2014","15:14:00","TDS.1","M1",451,"CMC","NTWQM",2014-12-02 15:14:00,0.3,"ISM",1,"Water",NA,500,"MG/L",NA,NA,NA,2017-10-10 11:47:06,NA,2,"",1,1,"S","PARTNTID",NA,NA,4,"sample does not have an associated bay program method code"
"529",999,"LRA","ALLARM.LT4","04/18/2014","12:00:00","NO3N.3","M1",417,"CMC","NTWQM",2014-04-18 12:00:00,0.3,"ISM",2,"Water",NA,4.9,"MG/L",NA,NA,NA,2017-10-10 11:46:44,NA,2,"",1,1,"S","PARTNTID",NA,NA,4,"sample does not have an associated bay program method code"
"530",999,"LRA","ALLARM.LT7","02/28/2014","12:00:00","TDS.1","M1",434,"CMC","NTWQM",2014-02-28 12:00:00,0.3,"ISM",1,"Water",NA,520,"MG/L",NA,NA,NA,2017-10-10 11:46:54,NA,2,"",1,1,"S","PARTNTID",NA,NA,4,"sample does not have an associated bay program method code"
"531",999,"LRA","ALLARM.LT10","06/13/2014","11:22:00","NO3N.3","M1",454,"CMC","NTWQM",2014-06-13 11:22:00,0.3,"ISM",2,"Water",NA,2.6,"MG/L",NA,NA,NA,2017-10-10 11:47:08,NA,2,"",1,1,"S","PARTNTID",NA,NA,4,"sample does not have an associated bay program method code"
"532",999,"LRA","ALLARM.LT4","04/18/2014","12:00:00","TDS.1","M1",417,"CMC","NTWQM",2014-04-18 12:00:00,0.3,"ISM",1,"Water",NA,390,"MG/L",NA,NA,NA,2017-10-10 11:46:44,NA,2,"",1,1,"S","PARTNTID",NA,NA,4,"sample does not have an associated bay program method code"
"533",999,"LRA","ALLARM.LT2","06/13/2014","09:27:00","NO3N.3","M1",406,"CMC","NTWQM",2014-06-13 09:27:00,0.3,"ISM",2,"Water",NA,3.5,"MG/L",NA,NA,NA,2017-10-10 11:46:38,NA,2,"",1,1,"S","PARTNTID",NA,NA,4,"sample does not have an associated bay program method code"
"534",999,"LRA","ALLARM.LT10","06/13/2014","11:22:00","TDS.1","M1",454,"CMC","NTWQM",2014-06-13 11:22:00,0.3,"ISM",1,"Water",NA,500,"MG/L",NA,NA,NA,2017-10-10 11:47:08,NA,2,"",1,1,"S","PARTNTID",NA,NA,4,"sample does not have an associated bay program method code"
"535",999,"LRA","ALLARM.LT7","04/18/2014","14:54:00","NO3N.3","M1",435,"CMC","NTWQM",2014-04-18 14:54:00,0.3,"ISM",2,"Water",NA,3,"MG/L",NA,NA,NA,2017-10-10 11:46:54,NA,2,"",1,1,"S","PARTNTID",NA,NA,4,"sample does not have an associated bay program method code"
"536",999,"LRA","ALLARM.LT4","06/13/2014","10:02:00","NO3N.3","M1",418,"CMC","NTWQM",2014-06-13 10:02:00,0.3,"ISM",2,"Water",NA,2.95,"MG/L",NA,NA,NA,2017-10-10 11:46:44,NA,2,"",1,1,"S","PARTNTID",NA,NA,4,"sample does not have an associated bay program method code"
"537",999,"LRA","ALLARM.LT7","04/18/2014","14:54:00","TDS.1","M1",435,"CMC","NTWQM",2014-04-18 14:54:00,0.3,"ISM",1,"Water",NA,430,"MG/L",NA,NA,NA,2017-10-10 11:46:54,NA,2,"",1,1,"S","PARTNTID",NA,NA,4,"sample does not have an associated bay program method code"
"538",999,"LRA","ALLARM.LT5","06/13/2014","10:23:00","NO3N.3","M1",424,"CMC","NTWQM",2014-06-13 10:23:00,0.3,"ISM",2,"Water",NA,3.65,"MG/L",NA,NA,NA,2017-10-10 11:46:48,NA,2,"",1,1,"S","PARTNTID",NA,NA,4,"sample does not have an associated bay program method code"
"539",999,"LRA","ALLARM.LT4","06/13/2014","10:02:00","TDS.1","M1",418,"CMC","NTWQM",2014-06-13 10:02:00,0.3,"ISM",1,"Water",NA,410,"MG/L",NA,NA,NA,2017-10-10 11:46:44,NA,2,"",1,1,"S","PARTNTID",NA,NA,4,"sample does not have an associated bay program method code"
"540",999,"LRA","ALLARM.LT2","08/14/2014","10:10:00","NO3N.3","M1",407,"CMC","NTWQM",2014-08-14 10:10:00,0.3,"ISM",2,"Water",NA,3.6,"MG/L",NA,NA,NA,2017-10-10 11:46:38,NA,2,"",1,1,"S","PARTNTID",NA,NA,4,"sample does not have an associated bay program method code"
"541",999,"LRA","ALLARM.LT10","08/14/2014","13:30:00","TDS.1","M1",455,"CMC","NTWQM",2014-08-14 13:30:00,0.3,"ISM",1,"Water",NA,490,"MG/L",NA,NA,NA,2017-10-10 11:47:09,NA,2,"",1,1,"S","PARTNTID",NA,NA,4,"sample does not have an associated bay program method code"
"542",999,"LRA","ALLARM.LT3","08/14/2014","10:30:00","NO3N.3","M1",413,"CMC","NTWQM",2014-08-14 10:30:00,0.3,"ISM",2,"Water",NA,3.2,"MG/L",NA,NA,NA,2017-10-10 11:46:42,NA,2,"",1,1,"S","PARTNTID",NA,NA,4,"sample does not have an associated bay program method code"
"543",999,"LRA","ALLARM.LT4","08/14/2014","11:00:00","NO3N.3","M1",419,"CMC","NTWQM",2014-08-14 11:00:00,0.3,"ISM",2,"Water",NA,2.9,"MG/L",NA,NA,NA,2017-10-10 11:46:45,NA,2,"",1,1,"S","PARTNTID",NA,NA,4,"sample does not have an associated bay program method code"
"544",999,"LRA","ALLARM.LT1","10/06/2014","14:05:00","NO3N.3","M1",402,"CMC","NTWQM",2014-10-06 14:05:00,0.3,"ISM",2,"Water",NA,3.7,"MG/L",NA,NA,NA,2018-12-14 14:12:41,NA,2,"",1,1,"S","PARTNTID",NA,NA,4,"sample does not have an associated bay program method code"
"545",999,"GCWD","GCWD.MARCRE0.05","04/28/2014","12:00:00","TDS.1","M1",5128,"CMC","NTWQM",2014-04-28 12:00:00,0.1,"ISM",1,"Water",NA,50,"MG/L",NA,NA,NA,2018-03-01 14:36:17,NA,2,"",1,1,"S","PARTNTID",NA,NA,4,"sample does not have an associated bay program method code"
"546",999,"LRA","ALLARM.LT4","08/14/2014","11:00:00","TDS.1","M1",419,"CMC","NTWQM",2014-08-14 11:00:00,0.3,"ISM",1,"Water",NA,380,"MG/L",NA,NA,NA,2017-10-10 11:46:45,NA,2,"",1,1,"S","PARTNTID",NA,NA,4,"sample does not have an associated bay program method code"
"547",999,"LRA","ALLARM.LT2","10/06/2014","14:17:00","NO3N.3","M1",408,"CMC","NTWQM",2014-10-06 14:17:00,0.3,"ISM",2,"Water",NA,3.05,"MG/L",NA,NA,NA,2017-10-10 11:46:39,NA,2,"",1,1,"S","PARTNTID",NA,NA,4,"sample does not have an associated bay program method code"
"548",999,"LRA","ALLARM.LT7","08/14/2014","12:00:00","NO3N.3","M1",437,"CMC","NTWQM",2014-08-14 12:00:00,0.3,"ISM",2,"Water",NA,2.4,"MG/L",NA,NA,NA,2017-10-10 11:46:56,NA,2,"",1,1,"S","PARTNTID",NA,NA,4,"sample does not have an associated bay program method code"
"549",999,"GCWD","GCWD.PHORUN4.36","04/02/2014","12:00:00","TDS.1","M1",5185,"CMC","NTWQM",2014-04-02 12:00:00,0.1,"ISM",1,"Water",NA,40,"MG/L",NA,NA,NA,2018-03-01 14:36:32,NA,2,"",1,1,"S","PARTNTID",NA,NA,4,"sample does not have an associated bay program method code"
"550",999,"LRA","ALLARM.LT4","10/06/2014","15:10:00","NO3N.3","M1",420,"CMC","NTWQM",2014-10-06 15:10:00,0.3,"ISM",2,"Water",NA,4.2,"MG/L",NA,NA,NA,2017-10-10 11:46:45,NA,2,"",1,1,"S","PARTNTID",NA,NA,4,"sample does not have an associated bay program method code"
"551",999,"LRA","ALLARM.LT7","08/14/2014","12:00:00","TDS.1","M1",437,"CMC","NTWQM",2014-08-14 12:00:00,0.3,"ISM",1,"Water",NA,450,"MG/L",NA,NA,NA,2017-10-10 11:46:56,NA,2,"",1,1,"S","PARTNTID",NA,NA,4,"sample does not have an associated bay program method code"
"552",999,"LRA","ALLARM.LT3","10/06/2014","14:30:00","TDS.1","M1",414,"CMC","NTWQM",2014-10-06 14:30:00,0.3,"ISM",1,"Water",NA,380,"MG/L",NA,NA,NA,2017-10-10 11:46:42,NA,2,"",1,1,"S","PARTNTID",NA,NA,4,"sample does not have an associated bay program method code"
"553",999,"GCWD","GCWD.PHORUN4.36","07/09/2014","12:00:00","TDS.1","M1",5187,"CMC","NTWQM",2014-07-09 12:00:00,0.1,"ISM",1,"Water",NA,70,"MG/L",NA,NA,NA,2018-03-01 14:36:32,NA,2,"",1,1,"S","PARTNTID",NA,NA,4,"sample does not have an associated bay program method code"
"554",999,"LRA","ALLARM.LT2","12/02/2014","13:31:00","NO3N.3","M1",409,"CMC","NTWQM",2014-12-02 13:31:00,0.3,"ISM",2,"Water",NA,3.3,"MG/L",NA,NA,NA,2017-10-10 11:46:40,NA,2,"",1,1,"S","PARTNTID",NA,NA,4,"sample does not have an associated bay program method code"
"555",999,"LRA","ALLARM.LT6","10/06/2014","16:00:00","NO3N.3","M1",432,"CMC","NTWQM",2014-10-06 16:00:00,0.3,"ISM",2,"Water",NA,4.45,"MG/L",NA,NA,NA,2017-10-10 11:46:52,NA,2,"",1,1,"S","PARTNTID",NA,NA,4,"sample does not have an associated bay program method code"
"556",999,"LRA","ALLARM.LT1","02/28/2014","13:49:00","NO3N.3","M1",398,"CMC","NTWQM",2014-02-28 13:49:00,0.3,"ISM",2,"Water",NA,4.9,"MG/L",NA,NA,NA,2018-12-14 14:13:07,NA,2,"",1,1,"S","PARTNTID",NA,NA,4,"sample does not have an associated bay program method code"
"557",999,"GCWD","GCWD.PHORUN4.36","10/05/2014","12:00:00","TDS.1","M1",5189,"CMC","NTWQM",2014-10-05 12:00:00,0.1,"ISM",1,"Water",NA,100,"MG/L",NA,NA,NA,2018-03-01 14:36:33,NA,2,"",1,1,"S","PARTNTID",NA,NA,4,"sample does not have an associated bay program method code"
"558",999,"LRA","ALLARM.LT7","10/06/2014","16:18:00","TDS.1","M1",438,"CMC","NTWQM",2014-10-06 16:18:00,0.3,"ISM",1,"Water",NA,420,"MG/L",NA,NA,NA,2017-10-10 11:46:56,NA,2,"",1,1,"S","PARTNTID",NA,NA,4,"sample does not have an associated bay program method code"
"559",999,"LRA","ALLARM.LT2","02/28/2014","13:53:00","NO3N.3","M1",404,"CMC","NTWQM",2014-02-28 13:53:00,0.3,"ISM",2,"Water",NA,3.3,"MG/L",NA,NA,NA,2017-10-10 11:46:37,NA,2,"",1,1,"S","PARTNTID",NA,NA,4,"sample does not have an associated bay program method code"
"560",999,"LRA","ALLARM.LT8","10/06/2014","16:35:00","TDS.1","M1",444,"CMC","NTWQM",2014-10-06 16:35:00,0.3,"ISM",1,"Water",NA,420,"MG/L",NA,NA,NA,2017-10-10 11:47:00,NA,2,"",1,1,"S","PARTNTID",NA,NA,4,"sample does not have an associated bay program method code"
"561",999,"GCWD","GCWD.PHORUN7.54","05/01/2014","12:00:00","TDS.1","M1",5213,"CMC","NTWQM",2014-05-01 12:00:00,0.1,"ISM",1,"Water",NA,40,"MG/L",NA,NA,NA,2018-03-01 14:36:40,NA,2,"",1,1,"S","PARTNTID",NA,NA,4,"sample does not have an associated bay program method code"
"562",999,"LRA","ALLARM.LT2","02/28/2014","13:53:00","TDS.1","M1",404,"CMC","NTWQM",2014-02-28 13:53:00,0.3,"ISM",1,"Water",NA,380,"MG/L",NA,NA,NA,2017-10-10 11:46:37,NA,2,"",1,1,"S","PARTNTID",NA,NA,4,"sample does not have an associated bay program method code"
"563",999,"LRA","ALLARM.LT7","12/02/2014","14:34:00","NO3N.3","M1",439,"CMC","NTWQM",2014-12-02 14:34:00,0.3,"ISM",2,"Water",NA,3.1,"MG/L",NA,NA,NA,2017-10-10 11:46:57,NA,2,"",1,1,"S","PARTNTID",NA,NA,4,"sample does not have an associated bay program method code"
"564",999,"LRA","ALLARM.LT8","04/18/2014","12:00:00","NO3N.3","M1",441,"CMC","NTWQM",2014-04-18 12:00:00,0.3,"ISM",2,"Water",NA,3.4,"MG/L",NA,NA,NA,2017-10-10 11:46:58,NA,2,"",1,1,"S","PARTNTID",NA,NA,4,"sample does not have an associated bay program method code"
"565",999,"GCWD","GCWD.PHORUN7.54","09/11/2014","12:00:00","TDS.1","M1",5215,"CMC","NTWQM",2014-09-11 12:00:00,0.1,"ISM",1,"Water",NA,90,"MG/L",NA,NA,NA,2018-03-01 14:36:41,NA,2,"",1,1,"S","PARTNTID",NA,NA,4,"sample does not have an associated bay program method code"
"566",999,"LRA","ALLARM.LT1","04/18/2014","13:45:00","TDS.1","M1",399,"CMC","NTWQM",2014-04-18 13:45:00,0.3,"ISM",1,"Water",NA,350,"MG/L",NA,NA,NA,2018-12-14 14:11:30,NA,2,"",1,1,"S","PARTNTID",NA,NA,4,"sample does not have an associated bay program method code"
"567",999,"LRA","ALLARM.LT5","02/28/2014","12:00:00","TDS.1","M1",422,"CMC","NTWQM",2014-02-28 12:00:00,0.3,"ISM",1,"Water",NA,420,"MG/L",NA,NA,NA,2017-10-10 11:46:46,NA,2,"",1,1,"S","PARTNTID",NA,NA,4,"sample does not have an associated bay program method code"
"568",999,"LRA","ALLARM.LT3","04/18/2014","13:56:00","NO3N.3","M1",411,"CMC","NTWQM",2014-04-18 13:56:00,0.3,"ISM",2,"Water",NA,3.6,"MG/L",NA,NA,NA,2017-10-10 11:46:41,NA,2,"",1,1,"S","PARTNTID",NA,NA,4,"sample does not have an associated bay program method code"
"569",999,"LRA","ALLARM.LT2","04/18/2014","13:46:00","TDS.1","M1",405,"CMC","NTWQM",2014-04-18 13:46:00,0.3,"ISM",1,"Water",NA,360,"MG/L",NA,NA,NA,2017-10-10 11:46:37,NA,2,"",1,1,"S","PARTNTID",NA,NA,4,"sample does not have an associated bay program method code"
"570",999,"LRA","ALLARM.LT1","06/13/2014","09:21:00","NO3N.3","M1",400,"CMC","NTWQM",2014-06-13 09:21:00,0.3,"ISM",2,"Water",NA,4.2,"MG/L",NA,NA,NA,2018-12-14 14:11:53,NA,2,"",1,1,"S","PARTNTID",NA,NA,4,"sample does not have an associated bay program method code"
"571",999,"LRA","ALLARM.LT5","04/18/2014","14:40:00","NO3N.3","M1",423,"CMC","NTWQM",2014-04-18 14:40:00,0.3,"ISM",2,"Water",NA,4.2,"MG/L",NA,NA,NA,2017-10-10 11:46:47,NA,2,"",1,1,"S","PARTNTID",NA,NA,4,"sample does not have an associated bay program method code"
"572",999,"LRA","ALLARM.LT8","02/28/2014","14:40:00","TDS.1","M1",440,"CMC","NTWQM",2014-02-28 14:40:00,0.3,"ISM",1,"Water",NA,500,"MG/L",NA,NA,NA,2017-10-10 11:46:58,NA,2,"",1,1,"S","PARTNTID",NA,NA,4,"sample does not have an associated bay program method code"
"573",999,"LRA","ALLARM.LT6","04/18/2014","14:46:00","NO3N.3","M1",429,"CMC","NTWQM",2014-04-18 14:46:00,0.3,"ISM",2,"Water",NA,3.6,"MG/L",NA,NA,NA,2017-10-10 11:46:51,NA,2,"",1,1,"S","PARTNTID",NA,NA,4,"sample does not have an associated bay program method code"
"574",999,"LRA","ALLARM.LT5","04/18/2014","14:40:00","TDS.1","M1",423,"CMC","NTWQM",2014-04-18 14:40:00,0.3,"ISM",1,"Water",NA,390,"MG/L",NA,NA,NA,2017-10-10 11:46:47,NA,2,"",1,1,"S","PARTNTID",NA,NA,4,"sample does not have an associated bay program method code"
"575",999,"LRA","ALLARM.LT5","08/14/2014","11:20:00","TDS.1","M1",425,"CMC","NTWQM",2014-08-14 11:20:00,0.3,"ISM",1,"Water",NA,410,"MG/L",NA,NA,NA,2017-10-10 11:46:48,NA,2,"",1,1,"S","PARTNTID",NA,NA,4,"sample does not have an associated bay program method code"
"576",999,"LRA","ALLARM.LT2","06/13/2014","09:27:00","TDS.1","M1",406,"CMC","NTWQM",2014-06-13 09:27:00,0.3,"ISM",1,"Water",NA,380,"MG/L",NA,NA,NA,2017-10-10 11:46:38,NA,2,"",1,1,"S","PARTNTID",NA,NA,4,"sample does not have an associated bay program method code"
"577",999,"LRA","ALLARM.LT2","10/06/2014","14:17:00","TDS.1","M1",408,"CMC","NTWQM",2014-10-06 14:17:00,0.3,"ISM",1,"Water",NA,360,"MG/L",NA,NA,NA,2017-10-10 11:46:39,NA,2,"",1,1,"S","PARTNTID",NA,NA,4,"sample does not have an associated bay program method code"
"578",999,"LRA","ALLARM.LT3","06/13/2014","09:38:00","TDS.1","M1",412,"CMC","NTWQM",2014-06-13 09:38:00,0.3,"ISM",1,"Water",NA,400,"MG/L",NA,NA,NA,2017-10-10 11:46:41,NA,2,"",1,1,"S","PARTNTID",NA,NA,4,"sample does not have an associated bay program method code"
"579",999,"LRA","ALLARM.LT8","04/18/2014","12:00:00","TDS.1","M1",441,"CMC","NTWQM",2014-04-18 12:00:00,0.3,"ISM",1,"Water",NA,420,"MG/L",NA,NA,NA,2017-10-10 11:46:58,NA,2,"",1,1,"S","PARTNTID",NA,NA,4,"sample does not have an associated bay program method code"
"580",999,"LRA","ALLARM.LT1","08/14/2014","10:00:00","TDS.1","M1",401,"CMC","NTWQM",2014-08-14 10:00:00,0.3,"ISM",1,"Water",NA,400,"MG/L",NA,NA,NA,2018-12-14 14:12:16,NA,2,"",1,1,"S","PARTNTID",NA,NA,4,"sample does not have an associated bay program method code"
"581",999,"LRA","ALLARM.LT5","06/13/2014","10:23:00","TDS.1","M1",424,"CMC","NTWQM",2014-06-13 10:23:00,0.3,"ISM",1,"Water",NA,420,"MG/L",NA,NA,NA,2017-10-10 11:46:48,NA,2,"",1,1,"S","PARTNTID",NA,NA,4,"sample does not have an associated bay program method code"
"582",999,"LRA","ALLARM.LT7","06/13/2014","10:51:00","NO3N.3","M1",436,"CMC","NTWQM",2014-06-13 10:51:00,0.3,"ISM",2,"Water",NA,2.4,"MG/L",NA,NA,NA,2017-10-10 11:46:55,NA,2,"",1,1,"S","PARTNTID",NA,NA,4,"sample does not have an associated bay program method code"
"583",999,"LRA","ALLARM.LT2","08/14/2014","10:10:00","TDS.1","M1",407,"CMC","NTWQM",2014-08-14 10:10:00,0.3,"ISM",1,"Water",NA,380,"MG/L",NA,NA,NA,2017-10-10 11:46:38,NA,2,"",1,1,"S","PARTNTID",NA,NA,4,"sample does not have an associated bay program method code"
"584",999,"LRA","ALLARM.LT8","06/13/2014","11:02:00","NO3N.3","M1",442,"CMC","NTWQM",2014-06-13 11:02:00,0.3,"ISM",2,"Water",NA,2.55,"MG/L",NA,NA,NA,2017-10-10 11:46:59,NA,2,"",1,1,"S","PARTNTID",NA,NA,4,"sample does not have an associated bay program method code"
"585",999,"LRA","ALLARM.LT5","08/14/2014","11:20:00","NO3N.3","M1",425,"CMC","NTWQM",2014-08-14 11:20:00,0.3,"ISM",2,"Water",NA,2.8,"MG/L",NA,NA,NA,2017-10-10 11:46:48,NA,2,"",1,1,"S","PARTNTID",NA,NA,4,"sample does not have an associated bay program method code"
"586",999,"LRA","ALLARM.LT8","06/13/2014","11:02:00","TDS.1","M1",442,"CMC","NTWQM",2014-06-13 11:02:00,0.3,"ISM",1,"Water",NA,450,"MG/L",NA,NA,NA,2017-10-10 11:46:59,NA,2,"",1,1,"S","PARTNTID",NA,NA,4,"sample does not have an associated bay program method code"
"587",999,"LRA","ALLARM.LT6","08/14/2014","23:40:00","NO3N.3","M1",431,"CMC","NTWQM",2014-08-14 23:40:00,0.3,"ISM",2,"Water",NA,2.6,"MG/L",NA,NA,NA,2017-10-10 11:46:52,NA,2,"",1,1,"S","PARTNTID",NA,NA,4,"sample does not have an associated bay program method code"
"588",999,"LRA","ALLARM.LT6","12/02/2014","14:24:00","NO3N.3","M1",433,"CMC","NTWQM",2014-12-02 14:24:00,0.3,"ISM",2,"Water",NA,3.5,"MG/L",NA,NA,NA,2017-10-10 11:46:53,NA,2,"",1,1,"S","PARTNTID",NA,NA,4,"sample does not have an associated bay program method code"
"589",999,"LRA","ALLARM.LT5","12/02/2014","15:48:00","TDS.1","M1",427,"CMC","NTWQM",2014-12-02 15:48:00,0.3,"ISM",1,"Water",NA,430,"MG/L",NA,NA,NA,2017-10-10 11:46:49,NA,2,"",1,1,"S","PARTNTID",NA,NA,4,"sample does not have an associated bay program method code"
"590",999,"LRA","ALLARM.LT6","04/18/2014","14:46:00","TDS.1","M1",429,"CMC","NTWQM",2014-04-18 14:46:00,0.3,"ISM",1,"Water",NA,390,"MG/L",NA,NA,NA,2017-10-10 11:46:51,NA,2,"",1,1,"S","PARTNTID",NA,NA,4,"sample does not have an associated bay program method code"
"591",999,"LRA","ALLARM.LT8","08/14/2014","12:20:00","NO3N.3","M1",443,"CMC","NTWQM",2014-08-14 12:20:00,0.3,"ISM",2,"Water",NA,2.5,"MG/L",NA,NA,NA,2017-10-10 11:47:00,NA,2,"",1,1,"S","PARTNTID",NA,NA,4,"sample does not have an associated bay program method code"
"592",999,"LRA","ALLARM.LT8","12/02/2014","14:49:00","NO3N.3","M1",445,"CMC","NTWQM",2014-12-02 14:49:00,0.3,"ISM",2,"Water",NA,4.6,"MG/L",NA,NA,NA,2017-10-10 11:47:01,NA,2,"",1,1,"S","PARTNTID",NA,NA,4,"sample does not have an associated bay program method code"
"593",999,"LRA","ALLARM.LT9","08/14/2014","13:00:00","NO3N.3","M1",449,"CMC","NTWQM",2014-08-14 13:00:00,0.3,"ISM",2,"Water",NA,2.9,"MG/L",NA,NA,NA,2017-10-10 11:47:04,NA,2,"",1,1,"S","PARTNTID",NA,NA,4,"sample does not have an associated bay program method code"
"594",999,"LRA","ALLARM.LT1","12/02/2014","13:25:00","TDS.1","M1",403,"CMC","NTWQM",2014-12-02 13:25:00,0.3,"ISM",1,"Water",NA,430,"MG/L",NA,NA,NA,2018-12-14 14:12:57,NA,2,"",1,1,"S","PARTNTID",NA,NA,4,"sample does not have an associated bay program method code"
"595",999,"LRA","ALLARM.LT7","02/28/2014","12:00:00","NO3N.3","M1",434,"CMC","NTWQM",2014-02-28 12:00:00,0.3,"ISM",2,"Water",NA,3,"MG/L",NA,NA,NA,2017-10-10 11:46:54,NA,2,"",1,1,"S","PARTNTID",NA,NA,4,"sample does not have an associated bay program method code"
"596",999,"LRA","ALLARM.LT3","12/02/2014","13:45:00","NO3N.3","M1",415,"CMC","NTWQM",2014-12-02 13:45:00,0.3,"ISM",2,"Water",NA,3.3,"MG/L",NA,NA,NA,2017-10-10 11:46:43,NA,2,"",1,1,"S","PARTNTID",NA,NA,4,"sample does not have an associated bay program method code"
"597",999,"LRA","ALLARM.LT8","10/06/2014","16:35:00","NO3N.3","M1",444,"CMC","NTWQM",2014-10-06 16:35:00,0.3,"ISM",2,"Water",NA,2.9,"MG/L",NA,NA,NA,2017-10-10 11:47:00,NA,2,"",1,1,"S","PARTNTID",NA,NA,4,"sample does not have an associated bay program method code"
"598",999,"LRA","ALLARM.LT10","02/28/2014","12:00:00","NO3N.3","M1",452,"CMC","NTWQM",2014-02-28 12:00:00,0.3,"ISM",2,"Water",NA,2.9,"MG/L",NA,NA,NA,2017-10-10 11:47:07,NA,2,"",1,1,"S","PARTNTID",NA,NA,4,"sample does not have an associated bay program method code"
"599",999,"LRA","ALLARM.LT5","12/02/2014","15:48:00","NO3N.3","M1",427,"CMC","NTWQM",2014-12-02 15:48:00,0.3,"ISM",2,"Water",NA,2.8,"MG/L",NA,NA,NA,2017-10-10 11:46:49,NA,2,"",1,1,"S","PARTNTID",NA,NA,4,"sample does not have an associated bay program method code"
"600",999,"LRA","ALLARM.LT10","10/06/2014","17:03:00","NO3N.3","M1",456,"CMC","NTWQM",2014-10-06 17:03:00,0.3,"ISM",2,"Water",NA,3.25,"MG/L",NA,NA,NA,2017-10-10 11:47:09,NA,2,"",1,1,"S","PARTNTID",NA,NA,4,"sample does not have an associated bay program method code"
"601",999,"LRA","ALLARM.LT9","02/28/2014","12:00:00","TDS.1","M1",446,"CMC","NTWQM",2014-02-28 12:00:00,0.3,"ISM",1,"Water",NA,540,"MG/L",NA,NA,NA,2017-10-10 11:47:02,NA,2,"",1,1,"S","PARTNTID",NA,NA,4,"sample does not have an associated bay program method code"
"602",999,"LRA","ALLARM.LT9","06/13/2014","11:10:00","TDS.1","M1",448,"CMC","NTWQM",2014-06-13 11:10:00,0.3,"ISM",1,"Water",NA,460,"MG/L",NA,NA,NA,2017-10-10 11:47:04,NA,2,"",1,1,"S","PARTNTID",NA,NA,4,"sample does not have an associated bay program method code"
"603",999,"LRA","ALLARM.LT6","02/28/2014","12:00:00","NO3N.3","M1",428,"CMC","NTWQM",2014-02-28 12:00:00,0.3,"ISM",2,"Water",NA,3.5,"MG/L",NA,NA,NA,2017-10-10 11:46:50,NA,2,"",1,1,"S","PARTNTID",NA,NA,4,"sample does not have an associated bay program method code"
"604",999,"LRA","ALLARM.LT6","08/14/2014","23:40:00","TDS.1","M1",431,"CMC","NTWQM",2014-08-14 23:40:00,0.3,"ISM",1,"Water",NA,420,"MG/L",NA,NA,NA,2017-10-10 11:46:52,NA,2,"",1,1,"S","PARTNTID",NA,NA,4,"sample does not have an associated bay program method code"
"605",999,"LRA","ALLARM.LT9","10/06/2014","16:48:00","NO3N.3","M1",450,"CMC","NTWQM",2014-10-06 16:48:00,0.3,"ISM",2,"Water",NA,3.3,"MG/L",NA,NA,NA,2017-10-10 11:47:05,NA,2,"",1,1,"S","PARTNTID",NA,NA,4,"sample does not have an associated bay program method code"
"606",999,"LRA","ALLARM.LT9","12/02/2014","15:14:00","NO3N.3","M1",451,"CMC","NTWQM",2014-12-02 15:14:00,0.3,"ISM",2,"Water",NA,3.3,"MG/L",NA,NA,NA,2017-10-10 11:47:06,NA,2,"",1,1,"S","PARTNTID",NA,NA,4,"sample does not have an associated bay program method code"
"607",999,"LRA","ALLARM.LT9","02/28/2014","12:00:00","NO3N.3","M1",446,"CMC","NTWQM",2014-02-28 12:00:00,0.3,"ISM",2,"Water",NA,2.5,"MG/L",NA,NA,NA,2017-10-10 11:47:02,NA,2,"",1,1,"S","PARTNTID",NA,NA,4,"sample does not have an associated bay program method code"
"608",999,"LRA","ALLARM.LT6","06/13/2014","10:42:00","NO3N.3","M1",430,"CMC","NTWQM",2014-06-13 10:42:00,0.3,"ISM",2,"Water",NA,2.6,"MG/L",NA,NA,NA,2017-10-10 11:46:51,NA,2,"",1,1,"S","PARTNTID",NA,NA,4,"sample does not have an associated bay program method code"
"609",999,"LRA","ALLARM.LT4","10/06/2014","15:10:00","TDS.1","M1",420,"CMC","NTWQM",2014-10-06 15:10:00,0.3,"ISM",1,"Water",NA,390,"MG/L",NA,NA,NA,2017-10-10 11:46:45,NA,2,"",1,1,"S","PARTNTID",NA,NA,4,"sample does not have an associated bay program method code"
"610",999,"LRA","ALLARM.LT8","02/28/2014","14:40:00","NO3N.3","M1",440,"CMC","NTWQM",2014-02-28 14:40:00,0.3,"ISM",2,"Water",NA,3.1,"MG/L",NA,NA,NA,2017-10-10 11:46:58,NA,2,"",1,1,"S","PARTNTID",NA,NA,4,"sample does not have an associated bay program method code"
"611",999,"LRA","ALLARM.LT9","04/18/2014","15:00:00","NO3N.3","M1",447,"CMC","NTWQM",2014-04-18 15:00:00,0.3,"ISM",2,"Water",NA,3.9,"MG/L",NA,NA,NA,2017-10-10 11:47:03,NA,2,"",1,1,"S","PARTNTID",NA,NA,4,"sample does not have an associated bay program method code"
"612",999,"LRA","ALLARM.LT9","06/13/2014","11:10:00","NO3N.3","M1",448,"CMC","NTWQM",2014-06-13 11:10:00,0.3,"ISM",2,"Water",NA,2.45,"MG/L",NA,NA,NA,2017-10-10 11:47:04,NA,2,"",1,1,"S","PARTNTID",NA,NA,4,"sample does not have an associated bay program method code"
"613",999,"LRA","ALLARM.LT4","12/02/2014","14:00:00","NO3N.3","M1",421,"CMC","NTWQM",2014-12-02 14:00:00,0.3,"ISM",2,"Water",NA,3.2,"MG/L",NA,NA,NA,2017-10-10 11:46:46,NA,2,"",1,1,"S","PARTNTID",NA,NA,4,"sample does not have an associated bay program method code"
"614",999,"LRA","ALLARM.LT7","10/06/2014","16:18:00","NO3N.3","M1",438,"CMC","NTWQM",2014-10-06 16:18:00,0.3,"ISM",2,"Water",NA,2.15,"MG/L",NA,NA,NA,2017-10-10 11:46:56,NA,2,"",1,1,"S","PARTNTID",NA,NA,4,"sample does not have an associated bay program method code"
"615",999,"LRA","ALLARM.LT7","12/02/2014","14:34:00","TDS.1","M1",439,"CMC","NTWQM",2014-12-02 14:34:00,0.3,"ISM",1,"Water",NA,470,"MG/L",NA,NA,NA,2017-10-10 11:46:57,NA,2,"",1,1,"S","PARTNTID",NA,NA,4,"sample does not have an associated bay program method code"
