"","paramMethod","SOURCE","STATION","SAMPLE_DATE","SAMPLE_TIME","paramCode","SAMPLE_ID","EventId","AGENCY","PROGRAM","DateTime","DEPTH","SAMPLE_TYPE","TIER","Matrix","QUALIFIER","VALUE","UNITS","PROBLEM","LAB","labName","modifiedDate","detLimit","qaFlag","COMMENTS","count.x","count.y","LAYER","PROJECT","SampleAnalyticalMethodIdentifier","SubstanceIdentificationName","errorCode","errorName"
"344",999,"LRA","ALLARM.LT6","08/19/2015","12:00:00","TDS.1","M1",491,"CMC","NTWQM",2015-08-19 12:00:00,0.3,"ISM",1,"Water",NA,410,"MG/L",NA,NA,NA,2017-10-10 11:47:40,NA,2,NA,1,1,"S","PARTNTID",NA,NA,4,"sample does not have an associated bay program method code"
"345",999,"GCWD","GCWD.CALCRE0.11","04/06/2015","12:00:00","TDS.1","M1",4749,"CMC","NTWQM",2015-04-06 12:00:00,0.1,"ISM",1,"Water",NA,40,"MG/L",NA,NA,NA,2018-03-01 14:35:07,NA,2,NA,1,1,"S","PARTNTID",NA,NA,4,"sample does not have an associated bay program method code"
"346",999,"LRA","ALLARM.LT3","10/08/2015","13:45:00","TDS.1","M1",474,"CMC","NTWQM",2015-10-08 13:45:00,0.3,"ISM",1,"Water",NA,410,"MG/L",NA,NA,NA,2017-10-10 11:47:25,NA,2,NA,1,1,"S","PARTNTID",NA,NA,4,"sample does not have an associated bay program method code"
"347",999,"GCWD","GCWD.CALCRE0.11","05/19/2015","12:00:00","TDS.1","M1",4750,"CMC","NTWQM",2015-05-19 12:00:00,0.1,"ISM",1,"Water",NA,60,"MG/L",NA,NA,NA,2018-03-01 14:35:07,NA,2,NA,1,1,"S","PARTNTID",NA,NA,4,"sample does not have an associated bay program method code"
"348",999,"LRA","ALLARM.LT1","12/04/2015","14:05:00","TDS.1","M1",463,"CMC","NTWQM",2015-12-04 14:05:00,0.3,"ISM",1,"Water",NA,400,"MG/L",NA,NA,NA,2017-10-10 11:47:15,NA,2,NA,1,1,"S","PARTNTID",NA,NA,4,"sample does not have an associated bay program method code"
"349",999,"GCWD","GCWD.CALCRE0.11","11/11/2015","12:00:00","TDS.1","M1",4751,"CMC","NTWQM",2015-11-11 12:00:00,0.1,"ISM",1,"Water",NA,40,"MG/L",NA,NA,NA,2018-03-01 14:35:07,NA,2,NA,1,1,"S","PARTNTID",NA,NA,4,"sample does not have an associated bay program method code"
"350",999,"LRA","ALLARM.LT3","12/04/2015","13:55:00","NO3N.3","M1",475,"CMC","NTWQM",2015-12-04 13:55:00,0.3,"ISM",2,"Water",NA,4.8,"MG/L",NA,NA,NA,2017-10-10 11:47:25,NA,2,NA,1,1,"S","PARTNTID",NA,NA,4,"sample does not have an associated bay program method code"
"351",999,"LRA","ALLARM.LT6","10/08/2015","15:10:00","TDS.1","M1",492,"CMC","NTWQM",2015-10-08 15:10:00,0.3,"ISM",1,"Water",NA,410,"MG/L",NA,NA,NA,2017-10-10 11:47:41,NA,2,NA,1,1,"S","PARTNTID",NA,NA,4,"sample does not have an associated bay program method code"
"352",999,"GCWD","GCWD.CALCRE0.11","12/11/2015","12:00:00","TDS.1","M1",4759,"CMC","NTWQM",2015-12-11 12:00:00,0.1,"ISM",1,"Water",NA,40,"MG/L",NA,NA,NA,2018-03-01 14:35:08,NA,2,NA,1,2,"VP","PARTNTID",NA,NA,4,"sample does not have an associated bay program method code"
"353",999,"GCWD","GCWD.CALCRE0.11","12/11/2015","12:00:00","TDS.1","M1",4759,"CMC","NTWQM",2015-12-11 12:00:00,0.1,"ISM",1,"Water",NA,40,"MG/L",NA,NA,NA,2018-03-01 14:35:08,NA,2,NA,1,2,"VP","PARTNTID",NA,NA,4,"sample does not have an associated bay program method code"
"354",999,"LRA","ALLARM.LT2","02/06/2015","14:11:00","NO3N.3","M1",464,"CMC","NTWQM",2015-02-06 14:11:00,0.3,"ISM",2,"Water",NA,5.7,"MG/L",NA,NA,NA,2017-10-10 11:47:16,NA,2,NA,1,1,"S","PARTNTID",NA,NA,4,"sample does not have an associated bay program method code"
"355",999,"GCWD","GCWD.GENFOR10.77","04/06/2015","12:00:00","TDS.1","M1",4937,"CMC","NTWQM",2015-04-06 12:00:00,0.1,"ISM",1,"Water",NA,30,"MG/L",NA,NA,NA,2018-03-01 14:35:35,NA,2,NA,1,1,"S","PARTNTID",NA,NA,4,"sample does not have an associated bay program method code"
"356",999,"LRA","ALLARM.LT9","10/08/2015","15:50:00","TDS.1","M1",510,"CMC","NTWQM",2015-10-08 15:50:00,0.3,"ISM",1,"Water",NA,470,"MG/L",NA,NA,NA,2017-10-10 11:48:00,NA,2,NA,1,1,"S","PARTNTID",NA,NA,4,"sample does not have an associated bay program method code"
"357",999,"GCWD","GCWD.GENFOR10.77","05/19/2015","12:00:00","TDS.1","M1",4938,"CMC","NTWQM",2015-05-19 12:00:00,0.1,"ISM",1,"Water",NA,40,"MG/L",NA,NA,NA,2018-03-01 14:35:35,NA,2,NA,1,1,"S","PARTNTID",NA,NA,4,"sample does not have an associated bay program method code"
"358",999,"LRA","ALLARM.LT6","12/04/2015","15:25:00","TDS.1","M1",493,"CMC","NTWQM",2015-12-04 15:25:00,0.3,"ISM",1,"Water",NA,420,"MG/L",NA,NA,NA,2017-10-10 11:47:42,NA,2,NA,1,1,"S","PARTNTID",NA,NA,4,"sample does not have an associated bay program method code"
"359",999,"GCWD","GCWD.GENFOR10.77","11/11/2015","12:00:00","TDS.1","M1",4939,"CMC","NTWQM",2015-11-11 12:00:00,0.1,"ISM",1,"Water",NA,30,"MG/L",NA,NA,NA,2018-03-01 14:35:35,NA,2,NA,1,1,"S","PARTNTID",NA,NA,4,"sample does not have an associated bay program method code"
"360",999,"LRA","ALLARM.LT4","02/06/2015","14:49:00","TDS.1","M1",476,"CMC","NTWQM",2015-02-06 14:49:00,0.3,"ISM",1,"Water",NA,440,"MG/L",NA,NA,NA,2017-10-10 11:47:26,NA,2,NA,1,1,"S","PARTNTID",NA,NA,4,"sample does not have an associated bay program method code"
"361",999,"GCWD","GCWD.LONRUN4.13","12/30/2015","12:00:00","TDS.1","M1",5423,"CMC","NTWQM",2015-12-30 12:00:00,0.1,"ISM",1,"Water",NA,60,"MG/L",NA,NA,NA,2018-03-01 14:51:55,NA,2,NA,1,1,"S","PARTNTID",NA,NA,4,"sample does not have an associated bay program method code"
"362",999,"GCWD","GCWD.GENFOR10.77","12/11/2015","12:00:00","TDS.1","M1",4940,"CMC","NTWQM",2015-12-11 12:00:00,0.1,"ISM",1,"Water",NA,30,"MG/L",NA,NA,NA,2018-03-01 14:35:35,NA,2,NA,1,2,"VP","PARTNTID",NA,NA,4,"sample does not have an associated bay program method code"
"363",999,"GCWD","GCWD.GENFOR10.77","12/11/2015","12:00:00","TDS.1","M1",4940,"CMC","NTWQM",2015-12-11 12:00:00,0.1,"ISM",1,"Water",NA,30,"MG/L",NA,NA,NA,2018-03-01 14:35:35,NA,2,NA,1,2,"VP","PARTNTID",NA,NA,4,"sample does not have an associated bay program method code"
"364",999,"LRA","ALLARM.LT4","04/17/2015","14:39:00","NO3N.3","M1",477,"CMC","NTWQM",2015-04-17 14:39:00,0.3,"ISM",2,"Water",NA,3.8,"MG/L",NA,NA,NA,2017-10-10 11:47:27,NA,2,NA,1,1,"S","PARTNTID",NA,NA,4,"sample does not have an associated bay program method code"
"365",999,"LRA","ALLARM.LT7","02/06/2015","15:30:00","TDS.1","M1",494,"CMC","NTWQM",2015-02-06 15:30:00,0.3,"ISM",1,"Water",NA,470,"MG/L",NA,NA,NA,2017-10-10 11:47:43,NA,2,NA,1,1,"S","PARTNTID",NA,NA,4,"sample does not have an associated bay program method code"
"366",999,"GCWD","GCWD.GENFOR9.31","12/11/2015","12:00:00","TDS.1","M1",4947,"CMC","NTWQM",2015-12-11 12:00:00,0.1,"ISM",1,"Water",NA,30,"MG/L",NA,NA,NA,2018-03-01 14:35:37,NA,2,NA,1,2,"VP","PARTNTID",NA,NA,4,"sample does not have an associated bay program method code"
"367",999,"GCWD","GCWD.GENFOR9.31","12/11/2015","12:00:00","TDS.1","M1",4947,"CMC","NTWQM",2015-12-11 12:00:00,0.1,"ISM",1,"Water",NA,30,"MG/L",NA,NA,NA,2018-03-01 14:35:37,NA,2,NA,1,2,"VP","PARTNTID",NA,NA,4,"sample does not have an associated bay program method code"
"368",999,"LRA","ALLARM.LT2","06/02/2015","09:02:00","NO3N.3","M1",466,"CMC","NTWQM",2015-06-02 09:02:00,0.3,"ISM",2,"Water",NA,4.9,"MG/L",NA,NA,NA,2017-10-10 11:47:18,NA,2,NA,1,1,"S","PARTNTID",NA,NA,4,"sample does not have an associated bay program method code"
"369",999,"GCWD","GCWD.GERBRA4.32","01/25/2015","12:00:00","TDS.1","M1",5067,"CMC","NTWQM",2015-01-25 12:00:00,0.1,"ISM",1,"Water",NA,80,"MG/L",NA,NA,NA,2018-03-01 14:36:01,NA,2,NA,1,1,"S","PARTNTID",NA,NA,4,"sample does not have an associated bay program method code"
"370",999,"LRA","ALLARM.LT3","06/02/2015","09:11:00","NO3N.3","M1",472,"CMC","NTWQM",2015-06-02 09:11:00,0.3,"ISM",2,"Water",NA,4.4,"MG/L",NA,NA,NA,2017-10-10 11:47:23,NA,2,NA,1,1,"S","PARTNTID",NA,NA,4,"sample does not have an associated bay program method code"
"371",999,"GCWD","GCWD.GERBRA4.32","02/08/2015","12:00:00","TDS.1","M1",5068,"CMC","NTWQM",2015-02-08 12:00:00,0.1,"ISM",1,"Water",NA,90,"MG/L",NA,NA,NA,2018-03-01 14:36:01,NA,2,NA,1,1,"S","PARTNTID",NA,NA,4,"sample does not have an associated bay program method code"
"372",999,"LRA","ALLARM.LT7","04/17/2015","15:23:00","TDS.1","M1",495,"CMC","NTWQM",2015-04-17 15:23:00,0.3,"ISM",1,"Water",NA,410,"MG/L",NA,NA,NA,2017-10-10 11:47:44,NA,2,NA,1,1,"S","PARTNTID",NA,NA,4,"sample does not have an associated bay program method code"
"373",999,"GCWD","GCWD.GERBRA4.32","02/19/2015","12:00:00","TDS.1","M1",5069,"CMC","NTWQM",2015-02-19 12:00:00,0.1,"ISM",1,"Water",NA,160,"MG/L",NA,NA,NA,2018-03-01 14:36:01,NA,2,NA,1,1,"S","PARTNTID",NA,NA,4,"sample does not have an associated bay program method code"
"374",999,"LRA","ALLARM.LT4","06/02/2015","09:34:00","TDS.1","M1",478,"CMC","NTWQM",2015-06-02 09:34:00,0.3,"ISM",1,"Water",NA,410,"MG/L",NA,NA,NA,2017-10-10 11:47:28,NA,2,NA,1,1,"S","PARTNTID",NA,NA,4,"sample does not have an associated bay program method code"
"375",999,"GCWD","GCWD.GERBRA4.32","03/16/2015","12:00:00","TDS.1","M1",5070,"CMC","NTWQM",2015-03-16 12:00:00,0.1,"ISM",1,"Water",NA,90,"MG/L",NA,NA,NA,2018-03-01 14:36:01,NA,2,NA,1,1,"S","PARTNTID",NA,NA,4,"sample does not have an associated bay program method code"
"376",999,"LRA","ALLARM.LT10","08/19/2015","16:00:00","TDS.1","M1",515,"CMC","NTWQM",2015-08-19 16:00:00,0.3,"ISM",1,"Water",NA,470,"MG/L",NA,NA,NA,2017-10-10 11:48:06,NA,2,NA,1,1,"S","PARTNTID",NA,NA,4,"sample does not have an associated bay program method code"
"377",999,"GCWD","GCWD.GERBRA4.32","03/23/2015","12:00:00","TDS.1","M1",5071,"CMC","NTWQM",2015-03-23 12:00:00,0.1,"ISM",1,"Water",NA,70,"MG/L",NA,NA,NA,2018-03-01 14:36:02,NA,2,NA,1,1,"S","PARTNTID",NA,NA,4,"sample does not have an associated bay program method code"
"378",999,"LRA","ALLARM.LT4","08/19/2015","12:00:00","NO3N.3","M1",479,"CMC","NTWQM",2015-08-19 12:00:00,0.3,"ISM",2,"Water",NA,4.3,"MG/L",NA,NA,NA,2017-10-10 11:47:29,NA,2,NA,1,1,"S","PARTNTID",NA,NA,4,"sample does not have an associated bay program method code"
"379",999,"GCWD","GCWD.GERBRA4.32","03/29/2015","12:00:00","TDS.1","M1",5072,"CMC","NTWQM",2015-03-29 12:00:00,0.1,"ISM",1,"Water",NA,70,"MG/L",NA,NA,NA,2018-03-01 14:36:02,NA,2,NA,1,1,"S","PARTNTID",NA,NA,4,"sample does not have an associated bay program method code"
"380",999,"LRA","ALLARM.LT10","10/08/2015","16:15:00","NO3N.3","M1",516,"CMC","NTWQM",2015-10-08 16:15:00,0.3,"ISM",2,"Water",NA,3.3,"MG/L",NA,NA,NA,2017-10-10 11:48:07,NA,2,NA,1,1,"S","PARTNTID",NA,NA,4,"sample does not have an associated bay program method code"
"381",999,"GCWD","GCWD.GERBRA4.32","04/04/2015","12:00:00","TDS.1","M1",5073,"CMC","NTWQM",2015-04-04 12:00:00,0.1,"ISM",1,"Water",NA,70,"MG/L",NA,NA,NA,2018-03-01 14:36:02,NA,2,NA,1,1,"S","PARTNTID",NA,NA,4,"sample does not have an associated bay program method code"
"382",999,"LRA","ALLARM.LT2","10/08/2015","13:55:00","NO3N.3","M1",468,"CMC","NTWQM",2015-10-08 13:55:00,0.3,"ISM",2,"Water",NA,4.6,"MG/L",NA,NA,NA,2017-10-10 11:47:19,NA,2,NA,1,1,"S","PARTNTID",NA,NA,4,"sample does not have an associated bay program method code"
"383",999,"LRA","ALLARM.LT10","10/08/2015","16:15:00","TDS.1","M1",516,"CMC","NTWQM",2015-10-08 16:15:00,0.3,"ISM",1,"Water",NA,480,"MG/L",NA,NA,NA,2017-10-10 11:48:07,NA,2,NA,1,1,"S","PARTNTID",NA,NA,4,"sample does not have an associated bay program method code"
"384",999,"GCWD","GCWD.LAURUN0.06","11/11/2015","12:00:00","TDS.1","M1",5085,"CMC","NTWQM",2015-11-11 12:00:00,0.1,"ISM",1,"Water",NA,30,"MG/L",NA,NA,NA,2018-03-01 14:36:05,NA,2,NA,1,2,"VP","PARTNTID",NA,NA,4,"sample does not have an associated bay program method code"
"385",999,"GCWD","GCWD.LAURUN0.06","11/11/2015","12:00:00","TDS.1","M1",5085,"CMC","NTWQM",2015-11-11 12:00:00,0.1,"ISM",1,"Water",NA,30,"MG/L",NA,NA,NA,2018-03-01 14:36:05,NA,2,NA,1,2,"VP","PARTNTID",NA,NA,4,"sample does not have an associated bay program method code"
"386",999,"LRA","ALLARM.LT7","08/19/2015","12:00:00","TDS.1","M1",497,"CMC","NTWQM",2015-08-19 12:00:00,0.3,"ISM",1,"Water",NA,440,"MG/L",NA,NA,NA,2017-10-10 11:47:46,NA,2,NA,1,1,"S","PARTNTID",NA,NA,4,"sample does not have an associated bay program method code"
"387",999,"LRA","ALLARM.LT10","12/04/2015","12:00:00","NO3N.3","M1",517,"CMC","NTWQM",2015-12-04 12:00:00,0.3,"ISM",2,"Water",NA,3,"MG/L",NA,NA,NA,2017-10-10 11:48:08,NA,2,NA,1,1,"S","PARTNTID",NA,NA,4,"sample does not have an associated bay program method code"
"388",999,"GCWD","GCWD.LAURUN0.06","12/11/2015","12:00:00","TDS.1","M1",5082,"CMC","NTWQM",2015-12-11 12:00:00,0.1,"ISM",1,"Water",NA,40,"MG/L",NA,NA,NA,2018-03-01 14:36:05,NA,2,NA,1,2,"VP","PARTNTID",NA,NA,4,"sample does not have an associated bay program method code"
"389",999,"GCWD","GCWD.LAURUN0.06","12/11/2015","12:00:00","TDS.1","M1",5082,"CMC","NTWQM",2015-12-11 12:00:00,0.1,"ISM",1,"Water",NA,40,"MG/L",NA,NA,NA,2018-03-01 14:36:05,NA,2,NA,1,2,"VP","PARTNTID",NA,NA,4,"sample does not have an associated bay program method code"
"390",999,"LRA","ALLARM.LT10","12/04/2015","12:00:00","TDS.1","M1",517,"CMC","NTWQM",2015-12-04 12:00:00,0.3,"ISM",1,"Water",NA,510,"MG/L",NA,NA,NA,2017-10-10 11:48:08,NA,2,NA,1,1,"S","PARTNTID",NA,NA,4,"sample does not have an associated bay program method code"
"391",999,"GCWD","GCWD.LITPHORUN0.02","04/06/2015","12:00:00","TDS.1","M1",5108,"CMC","NTWQM",2015-04-06 12:00:00,0.1,"ISM",1,"Water",NA,40,"MG/L",NA,NA,NA,2018-03-01 14:36:11,NA,2,NA,1,1,"S","PARTNTID",NA,NA,4,"sample does not have an associated bay program method code"
"392",999,"LRA","ALLARM.LT4","12/04/2015","14:40:00","NO3N.3","M1",481,"CMC","NTWQM",2015-12-04 14:40:00,0.3,"ISM",2,"Water",NA,4.1,"MG/L",NA,NA,NA,2017-10-10 11:47:31,NA,2,NA,1,1,"S","PARTNTID",NA,NA,4,"sample does not have an associated bay program method code"
"393",999,"GCWD","GCWD.LITPHORUN0.02","05/19/2015","12:00:00","TDS.1","M1",5109,"CMC","NTWQM",2015-05-19 12:00:00,0.1,"ISM",1,"Water",NA,70,"MG/L",NA,NA,NA,2018-03-01 14:36:12,NA,2,NA,1,1,"S","PARTNTID",NA,NA,4,"sample does not have an associated bay program method code"
"394",999,"LRA","ALLARM.LT1","02/06/2015","14:05:00","TDS.1","M1",458,"CMC","NTWQM",2015-02-06 14:05:00,0.3,"ISM",1,"Water",NA,430,"MG/L",NA,NA,NA,2017-12-08 14:19:17,NA,2,NA,1,1,"S","PARTNTID",NA,NA,4,"sample does not have an associated bay program method code"
"395",999,"GCWD","GCWD.LITPHORUN0.02","11/11/2015","12:00:00","TDS.1","M1",5110,"CMC","NTWQM",2015-11-11 12:00:00,0.1,"ISM",1,"Water",NA,40,"MG/L",NA,NA,NA,2018-03-01 14:36:12,NA,2,NA,1,1,"S","PARTNTID",NA,NA,4,"sample does not have an associated bay program method code"
"396",999,"LRA","ALLARM.LT3","02/06/2015","14:21:00","NO3N.3","M1",470,"CMC","NTWQM",2015-02-06 14:21:00,0.3,"ISM",2,"Water",NA,5.2,"MG/L",NA,NA,NA,2017-10-10 11:47:21,NA,2,NA,1,1,"S","PARTNTID",NA,NA,4,"sample does not have an associated bay program method code"
"397",999,"LRA","ALLARM.LT2","02/06/2015","14:11:00","TDS.1","M1",464,"CMC","NTWQM",2015-02-06 14:11:00,0.3,"ISM",1,"Water",NA,380,"MG/L",NA,NA,NA,2017-10-10 11:47:16,NA,2,NA,1,1,"S","PARTNTID",NA,NA,4,"sample does not have an associated bay program method code"
"398",999,"GCWD","GCWD.LITPHORUN0.02","12/11/2015","12:00:00","TDS.1","M1",5111,"CMC","NTWQM",2015-12-11 12:00:00,0.1,"ISM",1,"Water",NA,60,"MG/L",NA,NA,NA,2018-03-01 14:36:12,NA,2,NA,1,2,"VP","PARTNTID",NA,NA,4,"sample does not have an associated bay program method code"
"399",999,"GCWD","GCWD.LITPHORUN0.02","12/11/2015","12:00:00","TDS.1","M1",5111,"CMC","NTWQM",2015-12-11 12:00:00,0.1,"ISM",1,"Water",NA,60,"MG/L",NA,NA,NA,2018-03-01 14:36:12,NA,2,NA,1,2,"VP","PARTNTID",NA,NA,4,"sample does not have an associated bay program method code"
"400",999,"LRA","ALLARM.LT7","12/04/2015","15:40:00","TDS.1","M1",499,"CMC","NTWQM",2015-12-04 15:40:00,0.3,"ISM",1,"Water",NA,460,"MG/L",NA,NA,NA,2017-10-10 11:47:48,NA,2,NA,1,1,"S","PARTNTID",NA,NA,4,"sample does not have an associated bay program method code"
"401",999,"LRA","ALLARM.LT1","04/17/2015","13:50:00","TDS.1","M1",459,"CMC","NTWQM",2015-04-17 13:50:00,0.3,"ISM",1,"Water",NA,380,"MG/L",NA,NA,NA,2017-10-10 11:47:12,NA,2,NA,1,1,"S","PARTNTID",NA,NA,4,"sample does not have an associated bay program method code"
"402",999,"LRA","ALLARM.LT5","02/06/2015","15:08:00","TDS.1","M1",482,"CMC","NTWQM",2015-02-06 15:08:00,0.3,"ISM",1,"Water",NA,430,"MG/L",NA,NA,NA,2017-10-10 11:47:32,NA,2,NA,1,1,"S","PARTNTID",NA,NA,4,"sample does not have an associated bay program method code"
"403",999,"GCWD","GCWD.MILCRE1.08","10/27/2015","12:00:00","TDS.1","M1",5477,"CMC","NTWQM",2015-10-27 12:00:00,0.1,"ISM",1,"Water",NA,240,"MG/L",NA,NA,NA,2018-03-01 14:51:59,NA,2,NA,1,1,"S","PARTNTID",NA,NA,4,"sample does not have an associated bay program method code"
"404",999,"LRA","ALLARM.LT2","04/17/2015","14:06:00","TDS.1","M1",465,"CMC","NTWQM",2015-04-17 14:06:00,0.3,"ISM",1,"Water",NA,350,"MG/L",NA,NA,NA,2017-10-10 11:47:17,NA,2,NA,1,1,"S","PARTNTID",NA,NA,4,"sample does not have an associated bay program method code"
"405",999,"GCWD","GCWD.MILCRE1.08","12/12/2015","12:00:00","TDS.1","M1",5466,"CMC","NTWQM",2015-12-12 12:00:00,0.1,"ISM",1,"Water",NA,92,"MG/L",NA,NA,NA,2018-03-01 14:51:59,NA,2,NA,1,1,"S","PARTNTID",NA,NA,4,"sample does not have an associated bay program method code"
"406",999,"LRA","ALLARM.LT5","04/17/2015","15:00:00","NO3N.3","M1",483,"CMC","NTWQM",2015-04-17 15:00:00,0.3,"ISM",2,"Water",NA,4,"MG/L",NA,NA,NA,2017-10-10 11:47:33,NA,2,NA,1,1,"S","PARTNTID",NA,NA,4,"sample does not have an associated bay program method code"
"407",999,"GCWD","GCWD.MILCRE1.67","12/12/2015","12:00:00","TDS.1","M1",5453,"CMC","NTWQM",2015-12-12 12:00:00,0.1,"ISM",1,"Water",NA,110,"MG/L",NA,NA,NA,2018-03-01 14:51:58,NA,2,NA,1,1,"S","PARTNTID",NA,NA,4,"sample does not have an associated bay program method code"
"408",999,"LRA","ALLARM.LT1","06/02/2015","08:55:00","TDS.1","M1",460,"CMC","NTWQM",2015-06-02 08:55:00,0.3,"ISM",1,"Water",NA,400,"MG/L",NA,NA,NA,2017-10-10 11:47:13,NA,2,NA,1,1,"S","PARTNTID",NA,NA,4,"sample does not have an associated bay program method code"
"409",999,"GCWD","GCWD.MILCRE2.32","12/12/2015","12:00:00","TDS.1","M1",5439,"CMC","NTWQM",2015-12-12 12:00:00,0.1,"ISM",1,"Water",NA,120,"MG/L",NA,NA,NA,2018-03-01 14:51:57,NA,2,NA,1,1,"S","PARTNTID",NA,NA,4,"sample does not have an associated bay program method code"
"410",999,"LRA","ALLARM.LT10","06/02/2015","22:40:00","TDS.1","M1",514,"CMC","NTWQM",2015-06-02 22:40:00,0.3,"ISM",1,"Water",NA,490,"MG/L",NA,NA,NA,2017-10-10 11:48:04,NA,2,NA,1,1,"S","PARTNTID",NA,NA,4,"sample does not have an associated bay program method code"
"411",999,"GCWD","GCWD.PHORUN4.36","04/06/2015","12:00:00","TDS.1","M1",5190,"CMC","NTWQM",2015-04-06 12:00:00,0.1,"ISM",1,"Water",NA,40,"MG/L",NA,NA,NA,2018-03-01 14:36:33,NA,2,NA,1,1,"S","PARTNTID",NA,NA,4,"sample does not have an associated bay program method code"
"412",999,"LRA","ALLARM.LT1","08/19/2015","08:00:00","NO3N.3","M1",461,"CMC","NTWQM",2015-08-19 08:00:00,0.3,"ISM",2,"Water",NA,5,"MG/L",NA,NA,NA,2017-10-10 11:47:13,NA,2,NA,1,1,"S","PARTNTID",NA,NA,4,"sample does not have an associated bay program method code"
"413",999,"GCWD","GCWD.PHORUN4.36","05/19/2015","12:00:00","TDS.1","M1",5191,"CMC","NTWQM",2015-05-19 12:00:00,0.1,"ISM",1,"Water",NA,60,"MG/L",NA,NA,NA,2018-03-01 14:36:34,NA,2,NA,1,1,"S","PARTNTID",NA,NA,4,"sample does not have an associated bay program method code"
"414",999,"LRA","ALLARM.LT8","04/17/2015","15:33:00","TDS.1","M1",501,"CMC","NTWQM",2015-04-17 15:33:00,0.3,"ISM",1,"Water",NA,400,"MG/L",NA,NA,NA,2017-10-10 11:47:50,NA,2,NA,1,1,"S","PARTNTID",NA,NA,4,"sample does not have an associated bay program method code"
"415",999,"GCWD","GCWD.PHORUN4.36","11/11/2015","12:00:00","TDS.1","M1",5192,"CMC","NTWQM",2015-11-11 12:00:00,0.1,"ISM",1,"Water",NA,30,"MG/L",NA,NA,NA,2018-03-01 14:36:34,NA,2,NA,1,1,"S","PARTNTID",NA,NA,4,"sample does not have an associated bay program method code"
"416",999,"LRA","ALLARM.LT5","06/02/2015","09:50:00","TDS.1","M1",484,"CMC","NTWQM",2015-06-02 09:50:00,0.3,"ISM",1,"Water",NA,390,"MG/L",NA,NA,NA,2017-10-10 11:47:34,NA,2,NA,1,1,"S","PARTNTID",NA,NA,4,"sample does not have an associated bay program method code"
"417",999,"LRA","ALLARM.LT3","08/19/2015","08:30:00","NO3N.3","M1",473,"CMC","NTWQM",2015-08-19 08:30:00,0.3,"ISM",2,"Water",NA,4.4,"MG/L",NA,NA,NA,2017-10-10 11:47:24,NA,2,NA,1,1,"S","PARTNTID",NA,NA,4,"sample does not have an associated bay program method code"
"418",999,"GCWD","GCWD.PHORUN4.36","12/11/2015","12:00:00","TDS.1","M1",5193,"CMC","NTWQM",2015-12-11 12:00:00,0.1,"ISM",1,"Water",NA,50,"MG/L",NA,NA,NA,2018-03-01 14:36:34,NA,2,NA,1,2,"VP","PARTNTID",NA,NA,4,"sample does not have an associated bay program method code"
"419",999,"GCWD","GCWD.PHORUN4.36","12/11/2015","12:00:00","TDS.1","M1",5193,"CMC","NTWQM",2015-12-11 12:00:00,0.1,"ISM",1,"Water",NA,50,"MG/L",NA,NA,NA,2018-03-01 14:36:34,NA,2,NA,1,2,"VP","PARTNTID",NA,NA,4,"sample does not have an associated bay program method code"
"420",999,"LRA","ALLARM.LT5","08/19/2015","09:20:00","NO3N.3","M1",485,"CMC","NTWQM",2015-08-19 09:20:00,0.3,"ISM",2,"Water",NA,4.3,"MG/L",NA,NA,NA,2017-10-10 11:47:35,NA,2,NA,1,1,"S","PARTNTID",NA,NA,4,"sample does not have an associated bay program method code"
"421",999,"GCWD","GCWD.PHORUN7.54","04/06/2015","12:00:00","TDS.1","M1",5217,"CMC","NTWQM",2015-04-06 12:00:00,0.1,"ISM",1,"Water",NA,30,"MG/L",NA,NA,NA,2018-03-01 14:36:41,NA,2,NA,1,1,"S","PARTNTID",NA,NA,4,"sample does not have an associated bay program method code"
"422",999,"LRA","ALLARM.LT1","10/08/2015","13:55:00","TDS.1","M1",462,"CMC","NTWQM",2015-10-08 13:55:00,0.3,"ISM",1,"Water",NA,410,"MG/L",NA,NA,NA,2017-10-10 11:47:14,NA,2,NA,1,1,"S","PARTNTID",NA,NA,4,"sample does not have an associated bay program method code"
"423",999,"GCWD","GCWD.PHORUN7.54","05/19/2015","12:00:00","TDS.1","M1",5218,"CMC","NTWQM",2015-05-19 12:00:00,0.1,"ISM",1,"Water",NA,50,"MG/L",NA,NA,NA,2018-03-01 14:36:42,NA,2,NA,1,1,"S","PARTNTID",NA,NA,4,"sample does not have an associated bay program method code"
"424",999,"LRA","ALLARM.LT3","10/08/2015","13:45:00","NO3N.3","M1",474,"CMC","NTWQM",2015-10-08 13:45:00,0.3,"ISM",2,"Water",NA,4.4,"MG/L",NA,NA,NA,2017-10-10 11:47:25,NA,2,NA,1,1,"S","PARTNTID",NA,NA,4,"sample does not have an associated bay program method code"
"425",999,"GCWD","GCWD.PHORUN7.54","11/11/2015","12:00:00","TDS.1","M1",5219,"CMC","NTWQM",2015-11-11 12:00:00,0.1,"ISM",1,"Water",NA,30,"MG/L",NA,NA,NA,2018-03-01 14:36:42,NA,2,NA,1,1,"S","PARTNTID",NA,NA,4,"sample does not have an associated bay program method code"
"426",999,"LRA","ALLARM.LT1","12/04/2015","14:05:00","NO3N.3","M1",463,"CMC","NTWQM",2015-12-04 14:05:00,0.3,"ISM",2,"Water",NA,4.6,"MG/L",NA,NA,NA,2017-10-10 11:47:15,NA,2,NA,1,1,"S","PARTNTID",NA,NA,4,"sample does not have an associated bay program method code"
"427",999,"LRA","ALLARM.LT5","10/08/2015","14:45:00","NO3N.3","M1",486,"CMC","NTWQM",2015-10-08 14:45:00,0.3,"ISM",2,"Water",NA,4.1,"MG/L",NA,NA,NA,2017-10-10 11:47:36,NA,2,NA,1,1,"S","PARTNTID",NA,NA,4,"sample does not have an associated bay program method code"
"428",999,"GCWD","GCWD.UNTPHORUN0.05TEMP","12/11/2015","12:00:00","TDS.1","M1",5368,"CMC","NTWQM",2015-12-11 12:00:00,0.1,"ISM",1,"Water",NA,30,"MG/L",NA,NA,NA,2018-03-01 14:37:26,NA,2,NA,1,2,"VP","PARTNTID",NA,NA,4,"sample does not have an associated bay program method code"
"429",999,"GCWD","GCWD.UNTPHORUN0.05TEMP","12/11/2015","12:00:00","TDS.1","M1",5368,"CMC","NTWQM",2015-12-11 12:00:00,0.1,"ISM",1,"Water",NA,30,"MG/L",NA,NA,NA,2018-03-01 14:37:26,NA,2,NA,1,2,"VP","PARTNTID",NA,NA,4,"sample does not have an associated bay program method code"
"430",999,"LRA","ALLARM.LT5","10/08/2015","14:45:00","TDS.1","M1",486,"CMC","NTWQM",2015-10-08 14:45:00,0.3,"ISM",1,"Water",NA,400,"MG/L",NA,NA,NA,2017-10-10 11:47:36,NA,2,NA,1,1,"S","PARTNTID",NA,NA,4,"sample does not have an associated bay program method code"
"431",999,"LRA","ALLARM.LT1","02/06/2015","14:05:00","NO3N.3","M1",458,"CMC","NTWQM",2015-02-06 14:05:00,0.3,"ISM",2,"Water",NA,5.2,"MG/L",NA,NA,NA,2017-12-08 14:19:17,NA,2,NA,1,1,"S","PARTNTID",NA,NA,4,"sample does not have an associated bay program method code"
"432",999,"LRA","ALLARM.LT2","12/04/2015","14:10:00","TDS.1","M1",469,"CMC","NTWQM",2015-12-04 14:10:00,0.3,"ISM",1,"Water",NA,370,"MG/L",NA,NA,NA,2017-10-10 11:47:20,NA,2,NA,1,1,"S","PARTNTID",NA,NA,4,"sample does not have an associated bay program method code"
"433",999,"LRA","ALLARM.LT10","02/06/2015","16:03:00","NO3N.3","M1",512,"CMC","NTWQM",2015-02-06 16:03:00,0.3,"ISM",2,"Water",NA,4.4,"MG/L",NA,NA,NA,2017-10-10 11:48:02,NA,2,NA,1,1,"S","PARTNTID",NA,NA,4,"sample does not have an associated bay program method code"
"434",999,"LRA","ALLARM.LT3","12/04/2015","13:55:00","TDS.1","M1",475,"CMC","NTWQM",2015-12-04 13:55:00,0.3,"ISM",1,"Water",NA,400,"MG/L",NA,NA,NA,2017-10-10 11:47:25,NA,2,NA,1,1,"S","PARTNTID",NA,NA,4,"sample does not have an associated bay program method code"
"435",999,"LRA","ALLARM.LT8","10/08/2015","15:40:00","TDS.1","M1",504,"CMC","NTWQM",2015-10-08 15:40:00,0.3,"ISM",1,"Water",NA,450,"MG/L",NA,NA,NA,2017-10-10 11:47:54,NA,2,NA,1,1,"S","PARTNTID",NA,NA,4,"sample does not have an associated bay program method code"
"436",999,"LRA","ALLARM.LT10","02/06/2015","16:03:00","TDS.1","M1",512,"CMC","NTWQM",2015-02-06 16:03:00,0.3,"ISM",1,"Water",NA,520,"MG/L",NA,NA,NA,2017-10-10 11:48:02,NA,2,NA,1,1,"S","PARTNTID",NA,NA,4,"sample does not have an associated bay program method code"
"437",999,"LRA","ALLARM.LT5","12/04/2015","15:10:00","TDS.1","M1",487,"CMC","NTWQM",2015-12-04 15:10:00,0.3,"ISM",1,"Water",NA,410,"MG/L",NA,NA,NA,2017-10-10 11:47:37,NA,2,NA,1,1,"S","PARTNTID",NA,NA,4,"sample does not have an associated bay program method code"
"438",999,"LRA","ALLARM.LT1","04/17/2015","13:50:00","NO3N.3","M1",459,"CMC","NTWQM",2015-04-17 13:50:00,0.3,"ISM",2,"Water",NA,4.9,"MG/L",NA,NA,NA,2017-10-10 11:47:12,NA,2,NA,1,1,"S","PARTNTID",NA,NA,4,"sample does not have an associated bay program method code"
"439",999,"LRA","ALLARM.LT3","02/06/2015","14:21:00","TDS.1","M1",470,"CMC","NTWQM",2015-02-06 14:21:00,0.3,"ISM",1,"Water",NA,430,"MG/L",NA,NA,NA,2017-10-10 11:47:21,NA,2,NA,1,1,"S","PARTNTID",NA,NA,4,"sample does not have an associated bay program method code"
"440",999,"LRA","ALLARM.LT10","04/17/2015","15:56:00","NO3N.3","M1",513,"CMC","NTWQM",2015-04-17 15:56:00,0.3,"ISM",2,"Water",NA,3.1,"MG/L",NA,NA,NA,2017-10-10 11:48:03,NA,2,NA,1,1,"S","PARTNTID",NA,NA,4,"sample does not have an associated bay program method code"
"441",999,"LRA","ALLARM.LT9","12/04/2015","16:00:00","NO3N.3","M1",511,"CMC","NTWQM",2015-12-04 16:00:00,0.3,"ISM",2,"Water",NA,3.2,"MG/L",NA,NA,NA,2017-10-10 11:48:01,NA,2,NA,1,1,"S","PARTNTID",NA,NA,4,"sample does not have an associated bay program method code"
"442",999,"LRA","ALLARM.LT8","12/04/2015","15:50:00","TDS.1","M1",505,"CMC","NTWQM",2015-12-04 15:50:00,0.3,"ISM",1,"Water",NA,470,"MG/L",NA,NA,NA,2017-10-10 11:47:55,NA,2,NA,1,1,"S","PARTNTID",NA,NA,4,"sample does not have an associated bay program method code"
"443",999,"LRA","ALLARM.LT3","04/17/2015","14:16:00","NO3N.3","M1",471,"CMC","NTWQM",2015-04-17 14:16:00,0.3,"ISM",2,"Water",NA,4.2,"MG/L",NA,NA,NA,2017-10-10 11:47:22,NA,2,NA,1,1,"S","PARTNTID",NA,NA,4,"sample does not have an associated bay program method code"
"444",999,"LRA","ALLARM.LT6","02/06/2015","15:21:00","TDS.1","M1",488,"CMC","NTWQM",2015-02-06 15:21:00,0.3,"ISM",1,"Water",NA,430,"MG/L",NA,NA,NA,2017-10-10 11:47:38,NA,2,NA,1,1,"S","PARTNTID",NA,NA,4,"sample does not have an associated bay program method code"
"445",999,"LRA","ALLARM.LT1","06/02/2015","08:55:00","NO3N.3","M1",460,"CMC","NTWQM",2015-06-02 08:55:00,0.3,"ISM",2,"Water",NA,5.2,"MG/L",NA,NA,NA,2017-10-10 11:47:13,NA,2,NA,1,1,"S","PARTNTID",NA,NA,4,"sample does not have an associated bay program method code"
"446",999,"LRA","ALLARM.LT3","04/17/2015","14:16:00","TDS.1","M1",471,"CMC","NTWQM",2015-04-17 14:16:00,0.3,"ISM",1,"Water",NA,370,"MG/L",NA,NA,NA,2017-10-10 11:47:22,NA,2,NA,1,1,"S","PARTNTID",NA,NA,4,"sample does not have an associated bay program method code"
"447",999,"LRA","ALLARM.LT10","06/02/2015","22:40:00","NO3N.3","M1",514,"CMC","NTWQM",2015-06-02 22:40:00,0.3,"ISM",2,"Water",NA,2.5,"MG/L",NA,NA,NA,2017-10-10 11:48:04,NA,2,NA,1,1,"S","PARTNTID",NA,NA,4,"sample does not have an associated bay program method code"
"448",999,"LRA","ALLARM.LT4","04/17/2015","14:39:00","TDS.1","M1",477,"CMC","NTWQM",2015-04-17 14:39:00,0.3,"ISM",1,"Water",NA,430,"MG/L",NA,NA,NA,2017-10-10 11:47:27,NA,2,NA,1,1,"S","PARTNTID",NA,NA,4,"sample does not have an associated bay program method code"
"449",999,"LRA","ALLARM.LT9","02/06/2015","15:54:00","TDS.1","M1",506,"CMC","NTWQM",2015-02-06 15:54:00,0.3,"ISM",1,"Water",NA,490,"MG/L",NA,NA,NA,2017-10-10 11:47:56,NA,2,NA,1,1,"S","PARTNTID",NA,NA,4,"sample does not have an associated bay program method code"
"450",999,"LRA","ALLARM.LT5","04/17/2015","15:00:00","TDS.1","M1",483,"CMC","NTWQM",2015-04-17 15:00:00,0.3,"ISM",1,"Water",NA,380,"MG/L",NA,NA,NA,2017-10-10 11:47:33,NA,2,NA,1,1,"S","PARTNTID",NA,NA,4,"sample does not have an associated bay program method code"
"451",999,"LRA","ALLARM.LT6","04/17/2015","15:12:00","TDS.1","M1",489,"CMC","NTWQM",2015-04-17 15:12:00,0.3,"ISM",1,"Water",NA,380,"MG/L",NA,NA,NA,2017-10-10 11:47:38,NA,2,NA,1,1,"S","PARTNTID",NA,NA,4,"sample does not have an associated bay program method code"
"452",999,"LRA","ALLARM.LT4","06/02/2015","09:34:00","NO3N.3","M1",478,"CMC","NTWQM",2015-06-02 09:34:00,0.3,"ISM",2,"Water",NA,4.5,"MG/L",NA,NA,NA,2017-10-10 11:47:28,NA,2,NA,1,1,"S","PARTNTID",NA,NA,4,"sample does not have an associated bay program method code"
"453",999,"LRA","ALLARM.LT3","06/02/2015","09:11:00","TDS.1","M1",472,"CMC","NTWQM",2015-06-02 09:11:00,0.3,"ISM",1,"Water",NA,370,"MG/L",NA,NA,NA,2017-10-10 11:47:23,NA,2,NA,1,1,"S","PARTNTID",NA,NA,4,"sample does not have an associated bay program method code"
"454",999,"LRA","ALLARM.LT10","08/19/2015","16:00:00","NO3N.3","M1",515,"CMC","NTWQM",2015-08-19 16:00:00,0.3,"ISM",2,"Water",NA,3.6,"MG/L",NA,NA,NA,2017-10-10 11:48:06,NA,2,NA,1,1,"S","PARTNTID",NA,NA,4,"sample does not have an associated bay program method code"
"455",999,"LRA","ALLARM.LT1","08/19/2015","08:00:00","TDS.1","M1",461,"CMC","NTWQM",2015-08-19 08:00:00,0.3,"ISM",1,"Water",NA,370,"MG/L",NA,NA,NA,2017-10-10 11:47:13,NA,2,NA,1,1,"S","PARTNTID",NA,NA,4,"sample does not have an associated bay program method code"
"456",999,"LRA","ALLARM.LT9","04/17/2015","15:43:00","TDS.1","M1",507,"CMC","NTWQM",2015-04-17 15:43:00,0.3,"ISM",1,"Water",NA,440,"MG/L",NA,NA,NA,2017-10-10 11:47:57,NA,2,NA,1,1,"S","PARTNTID",NA,NA,4,"sample does not have an associated bay program method code"
"457",999,"LRA","ALLARM.LT7","06/02/2015","10:20:00","NO3N.3","M1",496,"CMC","NTWQM",2015-06-02 10:20:00,0.3,"ISM",2,"Water",NA,3.6,"MG/L",NA,NA,NA,2017-10-10 11:47:45,NA,2,NA,1,1,"S","PARTNTID",NA,NA,4,"sample does not have an associated bay program method code"
"458",999,"LRA","ALLARM.LT6","06/02/2015","10:08:00","TDS.1","M1",490,"CMC","NTWQM",2015-06-02 10:08:00,0.3,"ISM",1,"Water",NA,410,"MG/L",NA,NA,NA,2017-10-10 11:47:39,NA,2,NA,1,1,"S","PARTNTID",NA,NA,4,"sample does not have an associated bay program method code"
"459",999,"LRA","ALLARM.LT1","10/08/2015","13:55:00","NO3N.3","M1",462,"CMC","NTWQM",2015-10-08 13:55:00,0.3,"ISM",2,"Water",NA,5.1,"MG/L",NA,NA,NA,2017-10-10 11:47:14,NA,2,NA,1,1,"S","PARTNTID",NA,NA,4,"sample does not have an associated bay program method code"
"460",999,"LRA","ALLARM.LT3","08/19/2015","08:30:00","TDS.1","M1",473,"CMC","NTWQM",2015-08-19 08:30:00,0.3,"ISM",1,"Water",NA,410,"MG/L",NA,NA,NA,2017-10-10 11:47:24,NA,2,NA,1,1,"S","PARTNTID",NA,NA,4,"sample does not have an associated bay program method code"
"461",999,"LRA","ALLARM.LT9","06/02/2015","10:40:00","NO3N.3","M1",508,"CMC","NTWQM",2015-06-02 10:40:00,0.3,"ISM",2,"Water",NA,2.8,"MG/L",NA,NA,NA,2017-10-10 11:47:58,NA,2,NA,1,1,"S","PARTNTID",NA,NA,4,"sample does not have an associated bay program method code"
"462",999,"LRA","ALLARM.LT4","08/19/2015","12:00:00","TDS.1","M1",479,"CMC","NTWQM",2015-08-19 12:00:00,0.3,"ISM",1,"Water",NA,400,"MG/L",NA,NA,NA,2017-10-10 11:47:29,NA,2,NA,1,1,"S","PARTNTID",NA,NA,4,"sample does not have an associated bay program method code"
"463",999,"LRA","ALLARM.LT9","06/02/2015","10:40:00","TDS.1","M1",508,"CMC","NTWQM",2015-06-02 10:40:00,0.3,"ISM",1,"Water",NA,460,"MG/L",NA,NA,NA,2017-10-10 11:47:58,NA,2,NA,1,1,"S","PARTNTID",NA,NA,4,"sample does not have an associated bay program method code"
"464",999,"LRA","ALLARM.LT7","08/19/2015","12:00:00","NO3N.3","M1",497,"CMC","NTWQM",2015-08-19 12:00:00,0.3,"ISM",2,"Water",NA,3.9,"MG/L",NA,NA,NA,2017-10-10 11:47:46,NA,2,NA,1,1,"S","PARTNTID",NA,NA,4,"sample does not have an associated bay program method code"
"465",999,"LRA","ALLARM.LT4","02/06/2015","14:49:00","NO3N.3","M1",476,"CMC","NTWQM",2015-02-06 14:49:00,0.3,"ISM",2,"Water",NA,5.8,"MG/L",NA,NA,NA,2017-10-10 11:47:26,NA,2,NA,1,1,"S","PARTNTID",NA,NA,4,"sample does not have an associated bay program method code"
"466",999,"LRA","ALLARM.LT4","10/08/2015","14:25:00","NO3N.3","M1",480,"CMC","NTWQM",2015-10-08 14:25:00,0.3,"ISM",2,"Water",NA,4.4,"MG/L",NA,NA,NA,2017-10-10 11:47:30,NA,2,NA,1,1,"S","PARTNTID",NA,NA,4,"sample does not have an associated bay program method code"
"467",999,"LRA","ALLARM.LT9","08/19/2015","12:00:00","NO3N.3","M1",509,"CMC","NTWQM",2015-08-19 12:00:00,0.3,"ISM",2,"Water",NA,3.9,"MG/L",NA,NA,NA,2017-10-10 11:47:59,NA,2,NA,1,1,"S","PARTNTID",NA,NA,4,"sample does not have an associated bay program method code"
"468",999,"LRA","ALLARM.LT5","06/02/2015","09:50:00","NO3N.3","M1",484,"CMC","NTWQM",2015-06-02 09:50:00,0.3,"ISM",2,"Water",NA,4.3,"MG/L",NA,NA,NA,2017-10-10 11:47:34,NA,2,NA,1,1,"S","PARTNTID",NA,NA,4,"sample does not have an associated bay program method code"
"469",999,"LRA","ALLARM.LT6","10/08/2015","15:10:00","NO3N.3","M1",492,"CMC","NTWQM",2015-10-08 15:10:00,0.3,"ISM",2,"Water",NA,4.1,"MG/L",NA,NA,NA,2017-10-10 11:47:41,NA,2,NA,1,1,"S","PARTNTID",NA,NA,4,"sample does not have an associated bay program method code"
"470",999,"LRA","ALLARM.LT9","08/19/2015","12:00:00","TDS.1","M1",509,"CMC","NTWQM",2015-08-19 12:00:00,0.3,"ISM",1,"Water",NA,490,"MG/L",NA,NA,NA,2017-10-10 11:47:59,NA,2,NA,1,1,"S","PARTNTID",NA,NA,4,"sample does not have an associated bay program method code"
"471",999,"LRA","ALLARM.LT7","10/08/2015","15:25:00","NO3N.3","M1",498,"CMC","NTWQM",2015-10-08 15:25:00,0.3,"ISM",2,"Water",NA,4,"MG/L",NA,NA,NA,2017-10-10 11:47:47,NA,2,NA,1,1,"S","PARTNTID",NA,NA,4,"sample does not have an associated bay program method code"
"472",999,"LRA","ALLARM.LT8","02/06/2015","15:45:00","NO3N.3","M1",500,"CMC","NTWQM",2015-02-06 15:45:00,0.3,"ISM",2,"Water",NA,4.7,"MG/L",NA,NA,NA,2017-10-10 11:47:49,NA,2,NA,1,1,"S","PARTNTID",NA,NA,4,"sample does not have an associated bay program method code"
"473",999,"LRA","ALLARM.LT8","10/08/2015","15:40:00","NO3N.3","M1",504,"CMC","NTWQM",2015-10-08 15:40:00,0.3,"ISM",2,"Water",NA,4,"MG/L",NA,NA,NA,2017-10-10 11:47:54,NA,2,NA,1,1,"S","PARTNTID",NA,NA,4,"sample does not have an associated bay program method code"
"474",999,"LRA","ALLARM.LT7","10/08/2015","15:25:00","TDS.1","M1",498,"CMC","NTWQM",2015-10-08 15:25:00,0.3,"ISM",1,"Water",NA,440,"MG/L",NA,NA,NA,2017-10-10 11:47:47,NA,2,NA,1,1,"S","PARTNTID",NA,NA,4,"sample does not have an associated bay program method code"
"475",999,"LRA","ALLARM.LT5","12/04/2015","15:10:00","NO3N.3","M1",487,"CMC","NTWQM",2015-12-04 15:10:00,0.3,"ISM",2,"Water",NA,3.7,"MG/L",NA,NA,NA,2017-10-10 11:47:37,NA,2,NA,1,1,"S","PARTNTID",NA,NA,4,"sample does not have an associated bay program method code"
"476",999,"LRA","ALLARM.LT4","12/04/2015","14:40:00","TDS.1","M1",481,"CMC","NTWQM",2015-12-04 14:40:00,0.3,"ISM",1,"Water",NA,450,"MG/L",NA,NA,NA,2017-10-10 11:47:31,NA,2,NA,1,1,"S","PARTNTID",NA,NA,4,"sample does not have an associated bay program method code"
"477",999,"LRA","ALLARM.LT6","12/04/2015","15:25:00","NO3N.3","M1",493,"CMC","NTWQM",2015-12-04 15:25:00,0.3,"ISM",2,"Water",NA,4.4,"MG/L",NA,NA,NA,2017-10-10 11:47:42,NA,2,NA,1,1,"S","PARTNTID",NA,NA,4,"sample does not have an associated bay program method code"
"478",999,"LRA","ALLARM.LT7","04/17/2015","15:23:00","NO3N.3","M1",495,"CMC","NTWQM",2015-04-17 15:23:00,0.3,"ISM",2,"Water",NA,3.5,"MG/L",NA,NA,NA,2017-10-10 11:47:44,NA,2,NA,1,1,"S","PARTNTID",NA,NA,4,"sample does not have an associated bay program method code"
"479",999,"LRA","ALLARM.LT2","06/02/2015","09:02:00","TDS.1","M1",466,"CMC","NTWQM",2015-06-02 09:02:00,0.3,"ISM",1,"Water",NA,360,"MG/L",NA,NA,NA,2017-10-10 11:47:18,NA,2,NA,1,1,"S","PARTNTID",NA,NA,4,"sample does not have an associated bay program method code"
"480",999,"LRA","ALLARM.LT5","02/06/2015","15:08:00","NO3N.3","M1",482,"CMC","NTWQM",2015-02-06 15:08:00,0.3,"ISM",2,"Water",NA,5.8,"MG/L",NA,NA,NA,2017-10-10 11:47:32,NA,2,NA,1,1,"S","PARTNTID",NA,NA,4,"sample does not have an associated bay program method code"
"481",999,"LRA","ALLARM.LT8","08/19/2015","12:00:00","NO3N.3","M1",503,"CMC","NTWQM",2015-08-19 12:00:00,0.3,"ISM",2,"Water",NA,3.8,"MG/L",NA,NA,NA,2017-10-10 11:47:53,NA,2,NA,1,1,"S","PARTNTID",NA,NA,4,"sample does not have an associated bay program method code"
"482",999,"LRA","ALLARM.LT2","04/17/2015","14:06:00","NO3N.3","M1",465,"CMC","NTWQM",2015-04-17 14:06:00,0.3,"ISM",2,"Water",NA,4.3,"MG/L",NA,NA,NA,2017-10-10 11:47:17,NA,2,NA,1,1,"S","PARTNTID",NA,NA,4,"sample does not have an associated bay program method code"
"483",999,"LRA","ALLARM.LT10","04/17/2015","15:56:00","TDS.1","M1",513,"CMC","NTWQM",2015-04-17 15:56:00,0.3,"ISM",1,"Water",NA,480,"MG/L",NA,NA,NA,2017-10-10 11:48:03,NA,2,NA,1,1,"S","PARTNTID",NA,NA,4,"sample does not have an associated bay program method code"
"484",999,"LRA","ALLARM.LT9","12/04/2015","16:00:00","TDS.1","M1",511,"CMC","NTWQM",2015-12-04 16:00:00,0.3,"ISM",1,"Water",NA,490,"MG/L",NA,NA,NA,2017-10-10 11:48:01,NA,2,NA,1,1,"S","PARTNTID",NA,NA,4,"sample does not have an associated bay program method code"
"485",999,"LRA","ALLARM.LT7","02/06/2015","15:30:00","NO3N.3","M1",494,"CMC","NTWQM",2015-02-06 15:30:00,0.3,"ISM",2,"Water",NA,4.8,"MG/L",NA,NA,NA,2017-10-10 11:47:43,NA,2,NA,1,1,"S","PARTNTID",NA,NA,4,"sample does not have an associated bay program method code"
"486",999,"LRA","ALLARM.LT2","08/19/2015","08:15:00","TDS.1","M1",467,"CMC","NTWQM",2015-08-19 08:15:00,0.3,"ISM",1,"Water",NA,370,"MG/L",NA,NA,NA,2017-10-10 11:47:18,NA,2,NA,1,1,"S","PARTNTID",NA,NA,4,"sample does not have an associated bay program method code"
"487",999,"LRA","ALLARM.LT9","02/06/2015","15:54:00","NO3N.3","M1",506,"CMC","NTWQM",2015-02-06 15:54:00,0.3,"ISM",2,"Water",NA,4.9,"MG/L",NA,NA,NA,2017-10-10 11:47:56,NA,2,NA,1,1,"S","PARTNTID",NA,NA,4,"sample does not have an associated bay program method code"
"488",999,"LRA","ALLARM.LT8","02/06/2015","15:45:00","TDS.1","M1",500,"CMC","NTWQM",2015-02-06 15:45:00,0.3,"ISM",1,"Water",NA,470,"MG/L",NA,NA,NA,2017-10-10 11:47:49,NA,2,NA,1,1,"S","PARTNTID",NA,NA,4,"sample does not have an associated bay program method code"
"489",999,"LRA","ALLARM.LT6","04/17/2015","15:12:00","NO3N.3","M1",489,"CMC","NTWQM",2015-04-17 15:12:00,0.3,"ISM",2,"Water",NA,4.1,"MG/L",NA,NA,NA,2017-10-10 11:47:38,NA,2,NA,1,1,"S","PARTNTID",NA,NA,4,"sample does not have an associated bay program method code"
"490",999,"LRA","ALLARM.LT6","08/19/2015","12:00:00","NO3N.3","M1",491,"CMC","NTWQM",2015-08-19 12:00:00,0.3,"ISM",2,"Water",NA,3.9,"MG/L",NA,NA,NA,2017-10-10 11:47:40,NA,2,NA,1,1,"S","PARTNTID",NA,NA,4,"sample does not have an associated bay program method code"
"491",999,"LRA","ALLARM.LT5","08/19/2015","09:20:00","TDS.1","M1",485,"CMC","NTWQM",2015-08-19 09:20:00,0.3,"ISM",1,"Water",NA,410,"MG/L",NA,NA,NA,2017-10-10 11:47:35,NA,2,NA,1,1,"S","PARTNTID",NA,NA,4,"sample does not have an associated bay program method code"
"492",999,"LRA","ALLARM.LT7","12/04/2015","15:40:00","NO3N.3","M1",499,"CMC","NTWQM",2015-12-04 15:40:00,0.3,"ISM",2,"Water",NA,3.6,"MG/L",NA,NA,NA,2017-10-10 11:47:48,NA,2,NA,1,1,"S","PARTNTID",NA,NA,4,"sample does not have an associated bay program method code"
"493",999,"LRA","ALLARM.LT8","04/17/2015","15:33:00","NO3N.3","M1",501,"CMC","NTWQM",2015-04-17 15:33:00,0.3,"ISM",2,"Water",NA,3.7,"MG/L",NA,NA,NA,2017-10-10 11:47:50,NA,2,NA,1,1,"S","PARTNTID",NA,NA,4,"sample does not have an associated bay program method code"
"494",999,"LRA","ALLARM.LT8","12/04/2015","15:50:00","NO3N.3","M1",505,"CMC","NTWQM",2015-12-04 15:50:00,0.3,"ISM",2,"Water",NA,3.6,"MG/L",NA,NA,NA,2017-10-10 11:47:55,NA,2,NA,1,1,"S","PARTNTID",NA,NA,4,"sample does not have an associated bay program method code"
"495",999,"LRA","ALLARM.LT9","04/17/2015","15:43:00","NO3N.3","M1",507,"CMC","NTWQM",2015-04-17 15:43:00,0.3,"ISM",2,"Water",NA,3.6,"MG/L",NA,NA,NA,2017-10-10 11:47:57,NA,2,NA,1,1,"S","PARTNTID",NA,NA,4,"sample does not have an associated bay program method code"
"496",999,"LRA","ALLARM.LT2","08/19/2015","08:15:00","NO3N.3","M1",467,"CMC","NTWQM",2015-08-19 08:15:00,0.3,"ISM",2,"Water",NA,4.8,"MG/L",NA,NA,NA,2017-10-10 11:47:18,NA,2,NA,1,1,"S","PARTNTID",NA,NA,4,"sample does not have an associated bay program method code"
"497",999,"LRA","ALLARM.LT2","12/04/2015","14:10:00","NO3N.3","M1",469,"CMC","NTWQM",2015-12-04 14:10:00,0.3,"ISM",2,"Water",NA,4.7,"MG/L",NA,NA,NA,2017-10-10 11:47:20,NA,2,NA,1,1,"S","PARTNTID",NA,NA,4,"sample does not have an associated bay program method code"
"498",999,"LRA","ALLARM.LT8","06/02/2015","10:30:00","TDS.1","M1",502,"CMC","NTWQM",2015-06-02 10:30:00,0.3,"ISM",1,"Water",NA,450,"MG/L",NA,NA,NA,2017-10-10 11:47:51,NA,2,NA,1,1,"S","PARTNTID",NA,NA,4,"sample does not have an associated bay program method code"
"499",999,"LRA","ALLARM.LT9","10/08/2015","15:50:00","NO3N.3","M1",510,"CMC","NTWQM",2015-10-08 15:50:00,0.3,"ISM",2,"Water",NA,3.4,"MG/L",NA,NA,NA,2017-10-10 11:48:00,NA,2,NA,1,1,"S","PARTNTID",NA,NA,4,"sample does not have an associated bay program method code"
"500",999,"LRA","ALLARM.LT7","06/02/2015","10:20:00","TDS.1","M1",496,"CMC","NTWQM",2015-06-02 10:20:00,0.3,"ISM",1,"Water",NA,430,"MG/L",NA,NA,NA,2017-10-10 11:47:45,NA,2,NA,1,1,"S","PARTNTID",NA,NA,4,"sample does not have an associated bay program method code"
"501",999,"LRA","ALLARM.LT8","06/02/2015","10:30:00","NO3N.3","M1",502,"CMC","NTWQM",2015-06-02 10:30:00,0.3,"ISM",2,"Water",NA,3.3,"MG/L",NA,NA,NA,2017-10-10 11:47:51,NA,2,NA,1,1,"S","PARTNTID",NA,NA,4,"sample does not have an associated bay program method code"
"502",999,"LRA","ALLARM.LT2","10/08/2015","13:55:00","TDS.1","M1",468,"CMC","NTWQM",2015-10-08 13:55:00,0.3,"ISM",1,"Water",NA,370,"MG/L",NA,NA,NA,2017-10-10 11:47:19,NA,2,NA,1,1,"S","PARTNTID",NA,NA,4,"sample does not have an associated bay program method code"
"503",999,"LRA","ALLARM.LT8","08/19/2015","12:00:00","TDS.1","M1",503,"CMC","NTWQM",2015-08-19 12:00:00,0.3,"ISM",1,"Water",NA,440,"MG/L",NA,NA,NA,2017-10-10 11:47:53,NA,2,NA,1,1,"S","PARTNTID",NA,NA,4,"sample does not have an associated bay program method code"
"504",999,"LRA","ALLARM.LT4","10/08/2015","14:25:00","TDS.1","M1",480,"CMC","NTWQM",2015-10-08 14:25:00,0.3,"ISM",1,"Water",NA,410,"MG/L",NA,NA,NA,2017-10-10 11:47:30,NA,2,NA,1,1,"S","PARTNTID",NA,NA,4,"sample does not have an associated bay program method code"
"505",999,"LRA","ALLARM.LT6","06/02/2015","10:08:00","NO3N.3","M1",490,"CMC","NTWQM",2015-06-02 10:08:00,0.3,"ISM",2,"Water",NA,4.6,"MG/L",NA,NA,NA,2017-10-10 11:47:39,NA,2,NA,1,1,"S","PARTNTID",NA,NA,4,"sample does not have an associated bay program method code"
"506",999,"LRA","ALLARM.LT6","02/06/2015","15:21:00","NO3N.3","M1",488,"CMC","NTWQM",2015-02-06 15:21:00,0.3,"ISM",2,"Water",NA,5.9,"MG/L",NA,NA,NA,2017-10-10 11:47:38,NA,2,NA,1,1,"S","PARTNTID",NA,NA,4,"sample does not have an associated bay program method code"
