"","paramMethod","SOURCE","STATION","SAMPLE_DATE","SAMPLE_TIME","paramCode","SAMPLE_ID","EventId","AGENCY","PROGRAM","DateTime","DEPTH","SAMPLE_TYPE","TIER","Matrix","QUALIFIER","VALUE","UNITS","PROBLEM","LAB","labName","detLimit","qaFlag","COMMENTS","count.x","count.y","LAYER","PROJECT","SampleAnalyticalMethodIdentifier","SubstanceIdentificationName"
"1020",999,"ALLARM","ALLARM.LT7","07/08/1999","12:00:00","TDS.1","M1",1324,"CMC","NTWQM",1999-07-08 12:00:00,0.1,"ISM","1","Water",NA,160,"MG/L",NA,NA,NA,NA,2,NA,1,1,"S","PARTNTID",NA,NA
"1021",999,"ALLARM","ALLARM.LT4","05/08/1999","12:00:00","TDS.1","M1",1301,"CMC","NTWQM",1999-05-08 12:00:00,0.1,"ISM","1","Water",NA,210,"MG/L",NA,NA,NA,NA,2,NA,1,1,"S","PARTNTID",NA,NA
"1022",999,"ALLARM","ALLARM.LT10","11/08/1999","12:00:00","TDS.1","M1",1367,"CMC","NTWQM",1999-11-08 12:00:00,0.1,"ISM","1","Water",NA,500,"MG/L",NA,NA,NA,NA,2,NA,1,1,"S","PARTNTID",NA,NA
"1023",999,"ALLARM","ALLARM.LT1","01/08/1999","12:00:00","TDS.1","M1",1258,"CMC","NTWQM",1999-01-08 12:00:00,0.1,"ISM","1","Water",NA,290,"MG/L",NA,NA,NA,NA,2,NA,1,1,"S","PARTNTID",NA,NA
"1024",999,"ALLARM","ALLARM.LT1","09/08/1999","12:00:00","TDS.1","M1",1338,"CMC","NTWQM",1999-09-08 12:00:00,0.1,"ISM","1","Water",NA,150,"MG/L",NA,NA,NA,NA,2,NA,1,1,"S","PARTNTID",NA,NA
"1025",999,"ALLARM","ALLARM.LT5","09/08/1999","12:00:00","TDS.1","M1",1342,"CMC","NTWQM",1999-09-08 12:00:00,0.1,"ISM","1","Water",NA,140,"MG/L",NA,NA,NA,NA,2,NA,1,1,"S","PARTNTID",NA,NA
"1026",999,"ALLARM","ALLARM.LT7","08/08/1999","12:00:00","TDS.1","M1",1334,"CMC","NTWQM",1999-08-08 12:00:00,0.1,"ISM","1","Water",NA,170,"MG/L",NA,NA,NA,NA,2,NA,1,1,"S","PARTNTID",NA,NA
"1027",999,"ALLARM","ALLARM.LT6","05/08/1999","12:00:00","TDS.1","M1",1303,"CMC","NTWQM",1999-05-08 12:00:00,0.1,"ISM","1","Water",NA,230,"MG/L",NA,NA,NA,NA,2,NA,1,1,"S","PARTNTID",NA,NA
"1028",999,"ALLARM","ALLARM.LT10","12/08/1999","12:00:00","TDS.1","M1",1377,"CMC","NTWQM",1999-12-08 12:00:00,0.1,"ISM","1","Water",NA,400,"MG/L",NA,NA,NA,NA,2,NA,1,1,"S","PARTNTID",NA,NA
"1029",999,"ALLARM","ALLARM.LT9","07/08/1999","12:00:00","TDS.1","M1",1326,"CMC","NTWQM",1999-07-08 12:00:00,0.1,"ISM","1","Water",NA,200,"MG/L",NA,NA,NA,NA,2,NA,1,1,"S","PARTNTID",NA,NA
"1030",999,"ALLARM","ALLARM.LT1","10/08/1999","12:00:00","TDS.1","M1",1348,"CMC","NTWQM",1999-10-08 12:00:00,0.1,"ISM","1","Water",NA,170,"MG/L",NA,NA,NA,NA,2,NA,1,1,"S","PARTNTID",NA,NA
"1031",999,"ALLARM","ALLARM.LT5","10/08/1999","12:00:00","TDS.1","M1",1352,"CMC","NTWQM",1999-10-08 12:00:00,0.1,"ISM","1","Water",NA,100,"MG/L",NA,NA,NA,NA,2,NA,1,1,"S","PARTNTID",NA,NA
"1032",999,"ALLARM","ALLARM.LT7","09/08/1999","12:00:00","TDS.1","M1",1344,"CMC","NTWQM",1999-09-08 12:00:00,0.1,"ISM","1","Water",NA,400,"MG/L",NA,NA,NA,NA,2,NA,1,1,"S","PARTNTID",NA,NA
"1033",999,"ALLARM","ALLARM.LT2","01/08/1999","12:00:00","TDS.1","M1",1259,"CMC","NTWQM",1999-01-08 12:00:00,0.1,"ISM","1","Water",NA,300,"MG/L",NA,NA,NA,NA,2,NA,1,1,"S","PARTNTID",NA,NA
"1034",999,"ALLARM","ALLARM.LT9","08/08/1999","12:00:00","TDS.1","M1",1336,"CMC","NTWQM",1999-08-08 12:00:00,0.1,"ISM","1","Water",NA,120,"MG/L",NA,NA,NA,NA,2,NA,1,1,"S","PARTNTID",NA,NA
"1035",999,"ALLARM","ALLARM.LT2","09/08/1999","12:00:00","TDS.1","M1",1339,"CMC","NTWQM",1999-09-08 12:00:00,0.1,"ISM","1","Water",NA,600,"MG/L",NA,NA,NA,NA,2,NA,1,1,"S","PARTNTID",NA,NA
"1036",999,"ALLARM","ALLARM.LT1","04/08/1999","12:00:00","TDS.1","M1",1288,"CMC","NTWQM",1999-04-08 12:00:00,0.1,"ISM","1","Water",NA,260,"MG/L",NA,NA,NA,NA,2,NA,1,1,"S","PARTNTID",NA,NA
"1037",999,"ALLARM","ALLARM.LT5","11/08/1999","12:00:00","TDS.1","M1",1362,"CMC","NTWQM",1999-11-08 12:00:00,0.1,"ISM","1","Water",NA,180,"MG/L",NA,NA,NA,NA,2,NA,1,1,"S","PARTNTID",NA,NA
"1038",999,"ALLARM","ALLARM.LT7","10/08/1999","12:00:00","TDS.1","M1",1354,"CMC","NTWQM",1999-10-08 12:00:00,0.1,"ISM","1","Water",NA,500,"MG/L",NA,NA,NA,NA,2,NA,1,1,"S","PARTNTID",NA,NA
"1039",999,"ALLARM","ALLARM.LT1","07/08/1999","12:00:00","TDS.1","M1",1318,"CMC","NTWQM",1999-07-08 12:00:00,0.1,"ISM","1","Water",NA,160,"MG/L",NA,NA,NA,NA,2,NA,1,1,"S","PARTNTID",NA,NA
"1040",999,"ALLARM","ALLARM.LT9","09/08/1999","12:00:00","TDS.1","M1",1346,"CMC","NTWQM",1999-09-08 12:00:00,0.1,"ISM","1","Water",NA,400,"MG/L",NA,NA,NA,NA,2,NA,1,1,"S","PARTNTID",NA,NA
"1041",999,"ALLARM","ALLARM.LT1","05/08/1999","12:00:00","TDS.1","M1",1298,"CMC","NTWQM",1999-05-08 12:00:00,0.1,"ISM","1","Water",NA,200,"MG/L",NA,NA,NA,NA,2,NA,1,1,"S","PARTNTID",NA,NA
"1042",999,"ALLARM","ALLARM.LT1","12/08/1999","12:00:00","TDS.1","M1",1368,"CMC","NTWQM",1999-12-08 12:00:00,0.1,"ISM","1","Water",NA,160,"MG/L",NA,NA,NA,NA,2,NA,1,1,"S","PARTNTID",NA,NA
"1043",999,"ALLARM","ALLARM.LT5","12/08/1999","12:00:00","TDS.1","M1",1372,"CMC","NTWQM",1999-12-08 12:00:00,0.1,"ISM","1","Water",NA,110,"MG/L",NA,NA,NA,NA,2,NA,1,1,"S","PARTNTID",NA,NA
"1044",999,"ALLARM","ALLARM.LT7","11/08/1999","12:00:00","TDS.1","M1",1364,"CMC","NTWQM",1999-11-08 12:00:00,0.1,"ISM","1","Water",NA,300,"MG/L",NA,NA,NA,NA,2,NA,1,1,"S","PARTNTID",NA,NA
"1045",999,"ALLARM","ALLARM.LT8","07/08/1999","12:00:00","TDS.1","M1",1325,"CMC","NTWQM",1999-07-08 12:00:00,0.1,"ISM","1","Water",NA,190,"MG/L",NA,NA,NA,NA,2,NA,1,1,"S","PARTNTID",NA,NA
"1046",999,"ALLARM","ALLARM.LT1","06/08/1999","12:00:00","TDS.1","M1",1308,"CMC","NTWQM",1999-06-08 12:00:00,0.1,"ISM","1","Water",NA,160,"MG/L",NA,NA,NA,NA,2,NA,1,1,"S","PARTNTID",NA,NA
"1047",999,"ALLARM","ALLARM.LT2","11/08/1999","12:00:00","TDS.1","M1",1359,"CMC","NTWQM",1999-11-08 12:00:00,0.1,"ISM","1","Water",NA,170,"MG/L",NA,NA,NA,NA,2,NA,1,1,"S","PARTNTID",NA,NA
"1048",999,"ALLARM","ALLARM.LT2","04/08/1999","12:00:00","TDS.1","M1",1289,"CMC","NTWQM",1999-04-08 12:00:00,0.1,"ISM","1","Water",NA,270,"MG/L",NA,NA,NA,NA,2,NA,1,1,"S","PARTNTID",NA,NA
"1049",999,"ALLARM","ALLARM.LT6","09/08/1999","12:00:00","TDS.1","M1",1343,"CMC","NTWQM",1999-09-08 12:00:00,0.1,"ISM","1","Water",NA,600,"MG/L",NA,NA,NA,NA,2,NA,1,1,"S","PARTNTID",NA,NA
"1050",999,"ALLARM","ALLARM.LT7","12/08/1999","12:00:00","TDS.1","M1",1374,"CMC","NTWQM",1999-12-08 12:00:00,0.1,"ISM","1","Water",NA,400,"MG/L",NA,NA,NA,NA,2,NA,1,1,"S","PARTNTID",NA,NA
"1051",999,"ALLARM","ALLARM.LT10","09/08/1999","12:00:00","TDS.1","M1",1347,"CMC","NTWQM",1999-09-08 12:00:00,0.1,"ISM","1","Water",NA,140,"MG/L",NA,NA,NA,NA,2,NA,1,1,"S","PARTNTID",NA,NA
"1052",999,"ALLARM","ALLARM.LT6","12/08/1999","12:00:00","TDS.1","M1",1373,"CMC","NTWQM",1999-12-08 12:00:00,0.1,"ISM","1","Water",NA,500,"MG/L",NA,NA,NA,NA,2,NA,1,1,"S","PARTNTID",NA,NA
"1053",999,"ALLARM","ALLARM.LT2","05/08/1999","12:00:00","TDS.1","M1",1299,"CMC","NTWQM",1999-05-08 12:00:00,0.1,"ISM","1","Water",NA,200,"MG/L",NA,NA,NA,NA,2,NA,1,1,"S","PARTNTID",NA,NA
"1054",999,"ALLARM","ALLARM.LT6","10/08/1999","12:00:00","TDS.1","M1",1353,"CMC","NTWQM",1999-10-08 12:00:00,0.1,"ISM","1","Water",NA,300,"MG/L",NA,NA,NA,NA,2,NA,1,1,"S","PARTNTID",NA,NA
"1055",999,"ALLARM","ALLARM.LT7","06/08/1999","12:00:00","TDS.1","M1",1314,"CMC","NTWQM",1999-06-08 12:00:00,0.1,"ISM","1","Water",NA,170,"MG/L",NA,NA,NA,NA,2,NA,1,1,"S","PARTNTID",NA,NA
"1056",999,"ALLARM","ALLARM.LT4","04/08/1999","12:00:00","TDS.1","M1",1291,"CMC","NTWQM",1999-04-08 12:00:00,0.1,"ISM","1","Water",NA,220,"MG/L",NA,NA,NA,NA,2,NA,1,1,"S","PARTNTID",NA,NA
"1057",999,"ALLARM","ALLARM.LT10","10/08/1999","12:00:00","TDS.1","M1",1357,"CMC","NTWQM",1999-10-08 12:00:00,0.1,"ISM","1","Water",NA,100,"MG/L",NA,NA,NA,NA,2,NA,1,1,"S","PARTNTID",NA,NA
"1058",999,"ALLARM","ALLARM.LT1","08/08/1999","12:00:00","TDS.1","M1",1328,"CMC","NTWQM",1999-08-08 12:00:00,0.1,"ISM","1","Water",NA,160,"MG/L",NA,NA,NA,NA,2,NA,1,1,"S","PARTNTID",NA,NA
"1059",999,"ALLARM","ALLARM.LT6","11/08/1999","12:00:00","TDS.1","M1",1363,"CMC","NTWQM",1999-11-08 12:00:00,0.1,"ISM","1","Water",NA,300,"MG/L",NA,NA,NA,NA,2,NA,1,1,"S","PARTNTID",NA,NA
"1060",999,"ALLARM","ALLARM.LT3","09/08/1999","12:00:00","TDS.1","M1",1340,"CMC","NTWQM",1999-09-08 12:00:00,0.1,"ISM","1","Water",NA,170,"MG/L",NA,NA,NA,NA,2,NA,1,1,"S","PARTNTID",NA,NA
"1061",999,"ALLARM","ALLARM.LT5","08/08/1999","12:00:00","TDS.1","M1",1332,"CMC","NTWQM",1999-08-08 12:00:00,0.1,"ISM","1","Water",NA,130,"MG/L",NA,NA,NA,NA,2,NA,1,1,"S","PARTNTID",NA,NA
"1062",999,"ALLARM","ALLARM.LT6","04/08/1999","12:00:00","TDS.1","M1",1293,"CMC","NTWQM",1999-04-08 12:00:00,0.1,"ISM","1","Water",NA,380,"MG/L",NA,NA,NA,NA,2,NA,1,1,"S","PARTNTID",NA,NA
"1063",999,"ALLARM","ALLARM.LT2","07/08/1999","12:00:00","TDS.1","M1",1319,"CMC","NTWQM",1999-07-08 12:00:00,0.1,"ISM","1","Water",NA,150,"MG/L",NA,NA,NA,NA,2,NA,1,1,"S","PARTNTID",NA,NA
"1064",999,"ALLARM","ALLARM.LT5","01/08/1999","12:00:00","TDS.1","M1",1262,"CMC","NTWQM",1999-01-08 12:00:00,0.1,"ISM","1","Water",NA,340,"MG/L",NA,NA,NA,NA,2,NA,1,1,"S","PARTNTID",NA,NA
"1065",999,"ALLARM","ALLARM.LT5","04/08/1999","12:00:00","TDS.1","M1",1292,"CMC","NTWQM",1999-04-08 12:00:00,0.1,"ISM","1","Water",NA,340,"MG/L",NA,NA,NA,NA,2,NA,1,1,"S","PARTNTID",NA,NA
"1066",999,"ALLARM","ALLARM.LT4","06/08/1999","12:00:00","TDS.1","M1",1311,"CMC","NTWQM",1999-06-08 12:00:00,0.1,"ISM","1","Water",NA,170,"MG/L",NA,NA,NA,NA,2,NA,1,1,"S","PARTNTID",NA,NA
"1067",999,"ALLARM","ALLARM.LT8","06/08/1999","12:00:00","TDS.1","M1",1315,"CMC","NTWQM",1999-06-08 12:00:00,0.1,"ISM","1","Water",NA,200,"MG/L",NA,NA,NA,NA,2,NA,1,1,"S","PARTNTID",NA,NA
"1068",999,"ALLARM","ALLARM.LT10","05/08/1999","12:00:00","TDS.1","M1",1307,"CMC","NTWQM",1999-05-08 12:00:00,0.1,"ISM","1","Water",NA,300,"MG/L",NA,NA,NA,NA,2,NA,1,1,"S","PARTNTID",NA,NA
"1069",999,"ALLARM","ALLARM.LT2","08/08/1999","12:00:00","TDS.1","M1",1329,"CMC","NTWQM",1999-08-08 12:00:00,0.1,"ISM","1","Water",NA,150,"MG/L",NA,NA,NA,NA,2,NA,1,1,"S","PARTNTID",NA,NA
"1070",999,"ALLARM","ALLARM.LT6","08/08/1999","12:00:00","TDS.1","M1",1333,"CMC","NTWQM",1999-08-08 12:00:00,0.1,"ISM","1","Water",NA,150,"MG/L",NA,NA,NA,NA,2,NA,1,1,"S","PARTNTID",NA,NA
"1071",999,"ALLARM","ALLARM.LT4","07/08/1999","12:00:00","TDS.1","M1",1321,"CMC","NTWQM",1999-07-08 12:00:00,0.1,"ISM","1","Water",NA,170,"MG/L",NA,NA,NA,NA,2,NA,1,1,"S","PARTNTID",NA,NA
"1072",999,"ALLARM","ALLARM.LT6","06/08/1999","12:00:00","TDS.1","M1",1313,"CMC","NTWQM",1999-06-08 12:00:00,0.1,"ISM","1","Water",NA,180,"MG/L",NA,NA,NA,NA,2,NA,1,1,"S","PARTNTID",NA,NA
"1073",999,"ALLARM","ALLARM.LT7","04/08/1999","12:00:00","TDS.1","M1",1294,"CMC","NTWQM",1999-04-08 12:00:00,0.1,"ISM","1","Water",NA,350,"MG/L",NA,NA,NA,NA,2,NA,1,1,"S","PARTNTID",NA,NA
"1074",999,"ALLARM","ALLARM.LT10","06/08/1999","12:00:00","TDS.1","M1",1317,"CMC","NTWQM",1999-06-08 12:00:00,0.1,"ISM","1","Water",NA,190,"MG/L",NA,NA,NA,NA,2,NA,1,1,"S","PARTNTID",NA,NA
"1075",999,"ALLARM","ALLARM.LT8","12/08/1999","12:00:00","TDS.1","M1",1375,"CMC","NTWQM",1999-12-08 12:00:00,0.1,"ISM","1","Water",NA,300,"MG/L",NA,NA,NA,NA,2,NA,1,1,"S","PARTNTID",NA,NA
"1076",999,"ALLARM","ALLARM.LT1","11/08/1999","12:00:00","TDS.1","M1",1358,"CMC","NTWQM",1999-11-08 12:00:00,0.1,"ISM","1","Water",NA,160,"MG/L",NA,NA,NA,NA,2,NA,1,1,"S","PARTNTID",NA,NA
"1077",999,"ALLARM","ALLARM.LT6","07/08/1999","12:00:00","TDS.1","M1",1323,"CMC","NTWQM",1999-07-08 12:00:00,0.1,"ISM","1","Water",NA,170,"MG/L",NA,NA,NA,NA,2,NA,1,1,"S","PARTNTID",NA,NA
"1078",999,"ALLARM","ALLARM.LT9","06/08/1999","12:00:00","TDS.1","M1",1316,"CMC","NTWQM",1999-06-08 12:00:00,0.1,"ISM","1","Water",NA,190,"MG/L",NA,NA,NA,NA,2,NA,1,1,"S","PARTNTID",NA,NA
"1079",999,"ALLARM","ALLARM.LT3","12/08/1999","12:00:00","TDS.1","M1",1370,"CMC","NTWQM",1999-12-08 12:00:00,0.1,"ISM","1","Water",NA,130,"MG/L",NA,NA,NA,NA,2,NA,1,1,"S","PARTNTID",NA,NA
"1080",999,"ALLARM","ALLARM.LT2","12/08/1999","12:00:00","TDS.1","M1",1369,"CMC","NTWQM",1999-12-08 12:00:00,0.1,"ISM","1","Water",NA,150,"MG/L",NA,NA,NA,NA,2,NA,1,1,"S","PARTNTID",NA,NA
"1081",999,"ALLARM","ALLARM.LT2","10/08/1999","12:00:00","TDS.1","M1",1349,"CMC","NTWQM",1999-10-08 12:00:00,0.1,"ISM","1","Water",NA,170,"MG/L",NA,NA,NA,NA,2,NA,1,1,"S","PARTNTID",NA,NA
"1082",999,"ALLARM","ALLARM.LT3","06/08/1999","12:00:00","TDS.1","M1",1310,"CMC","NTWQM",1999-06-08 12:00:00,0.1,"ISM","1","Water",NA,170,"MG/L",NA,NA,NA,NA,2,NA,1,1,"S","PARTNTID",NA,NA
"1083",999,"ALLARM","ALLARM.LT8","09/08/1999","12:00:00","TDS.1","M1",1345,"CMC","NTWQM",1999-09-08 12:00:00,0.1,"ISM","1","Water",NA,70,"MG/L",NA,NA,NA,NA,2,NA,1,1,"S","PARTNTID",NA,NA
"1084",999,"ALLARM","ALLARM.LT5","05/08/1999","12:00:00","TDS.1","M1",1302,"CMC","NTWQM",1999-05-08 12:00:00,0.1,"ISM","1","Water",NA,220,"MG/L",NA,NA,NA,NA,2,NA,1,1,"S","PARTNTID",NA,NA
"1085",999,"ALLARM","ALLARM.LT10","08/08/1999","12:00:00","TDS.1","M1",1337,"CMC","NTWQM",1999-08-08 12:00:00,0.1,"ISM","1","Water",NA,130,"MG/L",NA,NA,NA,NA,2,NA,1,1,"S","PARTNTID",NA,NA
"1086",999,"ALLARM","ALLARM.LT9","05/08/1999","12:00:00","TDS.1","M1",1306,"CMC","NTWQM",1999-05-08 12:00:00,0.1,"ISM","1","Water",NA,260,"MG/L",NA,NA,NA,NA,2,NA,1,1,"S","PARTNTID",NA,NA
"1087",999,"ALLARM","ALLARM.LT9","10/08/1999","12:00:00","TDS.1","M1",1356,"CMC","NTWQM",1999-10-08 12:00:00,0.1,"ISM","1","Water",NA,100,"MG/L",NA,NA,NA,NA,2,NA,1,1,"S","PARTNTID",NA,NA
"1088",999,"ALLARM","ALLARM.LT4","10/08/1999","12:00:00","TDS.1","M1",1351,"CMC","NTWQM",1999-10-08 12:00:00,0.1,"ISM","1","Water",NA,300,"MG/L",NA,NA,NA,NA,2,NA,1,1,"S","PARTNTID",NA,NA
"1089",999,"ALLARM","ALLARM.LT5","06/08/1999","12:00:00","TDS.1","M1",1312,"CMC","NTWQM",1999-06-08 12:00:00,0.1,"ISM","1","Water",NA,160,"MG/L",NA,NA,NA,NA,2,NA,1,1,"S","PARTNTID",NA,NA
"1090",999,"ALLARM","ALLARM.LT8","08/08/1999","12:00:00","TDS.1","M1",1335,"CMC","NTWQM",1999-08-08 12:00:00,0.1,"ISM","1","Water",NA,150,"MG/L",NA,NA,NA,NA,2,NA,1,1,"S","PARTNTID",NA,NA
"1091",999,"ALLARM","ALLARM.LT3","05/08/1999","12:00:00","TDS.1","M1",1300,"CMC","NTWQM",1999-05-08 12:00:00,0.1,"ISM","1","Water",NA,200,"MG/L",NA,NA,NA,NA,2,NA,1,1,"S","PARTNTID",NA,NA
"1092",999,"ALLARM","ALLARM.LT4","08/08/1999","12:00:00","TDS.1","M1",1331,"CMC","NTWQM",1999-08-08 12:00:00,0.1,"ISM","1","Water",NA,160,"MG/L",NA,NA,NA,NA,2,NA,1,1,"S","PARTNTID",NA,NA
"1093",999,"ALLARM","ALLARM.LT3","10/08/1999","12:00:00","TDS.1","M1",1350,"CMC","NTWQM",1999-10-08 12:00:00,0.1,"ISM","1","Water",NA,130,"MG/L",NA,NA,NA,NA,2,NA,1,1,"S","PARTNTID",NA,NA
"1094",999,"ALLARM","ALLARM.LT3","08/08/1999","12:00:00","TDS.1","M1",1330,"CMC","NTWQM",1999-08-08 12:00:00,0.1,"ISM","1","Water",NA,150,"MG/L",NA,NA,NA,NA,2,NA,1,1,"S","PARTNTID",NA,NA
"1095",999,"ALLARM","ALLARM.LT4","11/08/1999","12:00:00","TDS.1","M1",1361,"CMC","NTWQM",1999-11-08 12:00:00,0.1,"ISM","1","Water",NA,140,"MG/L",NA,NA,NA,NA,2,NA,1,1,"S","PARTNTID",NA,NA
"1096",999,"ALLARM","ALLARM.LT8","11/08/1999","12:00:00","TDS.1","M1",1365,"CMC","NTWQM",1999-11-08 12:00:00,0.1,"ISM","1","Water",NA,500,"MG/L",NA,NA,NA,NA,2,NA,1,1,"S","PARTNTID",NA,NA
"1097",999,"ALLARM","ALLARM.LT9","04/08/1999","12:00:00","TDS.1","M1",1296,"CMC","NTWQM",1999-04-08 12:00:00,0.1,"ISM","1","Water",NA,380,"MG/L",NA,NA,NA,NA,2,NA,1,1,"S","PARTNTID",NA,NA
"1098",999,"ALLARM","ALLARM.LT3","01/08/1999","12:00:00","TDS.1","M1",1260,"CMC","NTWQM",1999-01-08 12:00:00,0.1,"ISM","1","Water",NA,280,"MG/L",NA,NA,NA,NA,2,NA,1,1,"S","PARTNTID",NA,NA
"1099",999,"ALLARM","ALLARM.LT3","04/08/1999","12:00:00","TDS.1","M1",1290,"CMC","NTWQM",1999-04-08 12:00:00,0.1,"ISM","1","Water",NA,310,"MG/L",NA,NA,NA,NA,2,NA,1,1,"S","PARTNTID",NA,NA
"1100",999,"ALLARM","ALLARM.LT4","12/08/1999","12:00:00","TDS.1","M1",1371,"CMC","NTWQM",1999-12-08 12:00:00,0.1,"ISM","1","Water",NA,80,"MG/L",NA,NA,NA,NA,2,NA,1,1,"S","PARTNTID",NA,NA
"1101",999,"ALLARM","ALLARM.LT9","12/08/1999","12:00:00","TDS.1","M1",1376,"CMC","NTWQM",1999-12-08 12:00:00,0.1,"ISM","1","Water",NA,300,"MG/L",NA,NA,NA,NA,2,NA,1,1,"S","PARTNTID",NA,NA
"1102",999,"ALLARM","ALLARM.LT8","10/08/1999","12:00:00","TDS.1","M1",1355,"CMC","NTWQM",1999-10-08 12:00:00,0.1,"ISM","1","Water",NA,300,"MG/L",NA,NA,NA,NA,2,NA,1,1,"S","PARTNTID",NA,NA
"1103",999,"ALLARM","ALLARM.LT10","04/08/1999","12:00:00","TDS.1","M1",1297,"CMC","NTWQM",1999-04-08 12:00:00,0.1,"ISM","1","Water",NA,400,"MG/L",NA,NA,NA,NA,2,NA,1,1,"S","PARTNTID",NA,NA
"1104",999,"ALLARM","ALLARM.LT7","05/08/1999","12:00:00","TDS.1","M1",1304,"CMC","NTWQM",1999-05-08 12:00:00,0.1,"ISM","1","Water",NA,250,"MG/L",NA,NA,NA,NA,2,NA,1,1,"S","PARTNTID",NA,NA
"1105",999,"ALLARM","ALLARM.LT2","06/08/1999","12:00:00","TDS.1","M1",1309,"CMC","NTWQM",1999-06-08 12:00:00,0.1,"ISM","1","Water",NA,150,"MG/L",NA,NA,NA,NA,2,NA,1,1,"S","PARTNTID",NA,NA
"1106",999,"ALLARM","ALLARM.LT8","05/08/1999","12:00:00","TDS.1","M1",1305,"CMC","NTWQM",1999-05-08 12:00:00,0.1,"ISM","1","Water",NA,280,"MG/L",NA,NA,NA,NA,2,NA,1,1,"S","PARTNTID",NA,NA
"1107",999,"ALLARM","ALLARM.LT10","07/08/1999","12:00:00","TDS.1","M1",1327,"CMC","NTWQM",1999-07-08 12:00:00,0.1,"ISM","1","Water",NA,180,"MG/L",NA,NA,NA,NA,2,NA,1,1,"S","PARTNTID",NA,NA
"1108",999,"ALLARM","ALLARM.LT9","11/08/1999","12:00:00","TDS.1","M1",1366,"CMC","NTWQM",1999-11-08 12:00:00,0.1,"ISM","1","Water",NA,300,"MG/L",NA,NA,NA,NA,2,NA,1,1,"S","PARTNTID",NA,NA
"1109",999,"ALLARM","ALLARM.LT4","09/08/1999","12:00:00","TDS.1","M1",1341,"CMC","NTWQM",1999-09-08 12:00:00,0.1,"ISM","1","Water",NA,180,"MG/L",NA,NA,NA,NA,2,NA,1,1,"S","PARTNTID",NA,NA
"1110",999,"ALLARM","ALLARM.LT8","04/08/1999","12:00:00","TDS.1","M1",1295,"CMC","NTWQM",1999-04-08 12:00:00,0.1,"ISM","1","Water",NA,400,"MG/L",NA,NA,NA,NA,2,NA,1,1,"S","PARTNTID",NA,NA
"1111",999,"ALLARM","ALLARM.LT4","01/08/1999","12:00:00","TDS.1","M1",1261,"CMC","NTWQM",1999-01-08 12:00:00,0.1,"ISM","1","Water",NA,310,"MG/L",NA,NA,NA,NA,2,NA,1,1,"S","PARTNTID",NA,NA
"1112",999,"ALLARM","ALLARM.LT3","11/08/1999","12:00:00","TDS.1","M1",1360,"CMC","NTWQM",1999-11-08 12:00:00,0.1,"ISM","1","Water",NA,100,"MG/L",NA,NA,NA,NA,2,NA,1,1,"S","PARTNTID",NA,NA
"1113",999,"ALLARM","ALLARM.LT3","07/08/1999","12:00:00","TDS.1","M1",1320,"CMC","NTWQM",1999-07-08 12:00:00,0.1,"ISM","1","Water",NA,160,"MG/L",NA,NA,NA,NA,2,NA,1,1,"S","PARTNTID",NA,NA
"1114",999,"ALLARM","ALLARM.LT5","07/08/1999","12:00:00","TDS.1","M1",1322,"CMC","NTWQM",1999-07-08 12:00:00,0.1,"ISM","1","Water",NA,140,"MG/L",NA,NA,NA,NA,2,NA,1,1,"S","PARTNTID",NA,NA
