"","Code","Latitude","Longitude","NameLong","Description","Datum"
"1","ALLARM.LT1",40.17663,-77.18537,"LeTort Spring Run 6.51","LeTort Site 1","NAD83"
"2","ALLARM.LT10",40.23487,-77.14193,"LeTort Spring Run 0.04","LeTort Site 10","NAD83"
"3","ALLARM.LT2",40.17667,-77.18507,"UNT to LeTort Spring Run 0.01","LeTort Site 2","NAD83"
"4","ALLARM.LT3",40.17999,-77.18692,"LeTort Spring Run 6.24","LeTort Site 3","NAD83"
"5","ALLARM.LT4",40.18844,-77.18606,"LeTort Spring Run 5.56","LeTort Site 4","NAD83"
"6","ALLARM.LT5",40.19528,-77.18423,"LeTort Spring Run 5.05","LeTort Site 5","NAD83"
"7","ALLARM.LT6",40.20792,-77.18104,"LeTort Spring Run 4.05","LeTort Site 6","NAD83"
"8","ALLARM.LT7",40.21418,-77.16883,"LeTort Spring Run 3.05","LeTort Site 7","NAD83"
"9","ALLARM.LT8",40.21847,-77.16003,"LeTort Spring Run 2.34","LeTort Site 8","NAD83"
"10","ALLARM.LT9",40.22429,-77.14928,"LeTort Spring Run 1.53","LeTort Site 9","NAD83"
"11","CCWA.BS00.0",40.18534,-77.392621,"Big Spring 00.0","Big Spring 00.0","NAD83"
"12","CCWA.CONO00.1",40.270861,-76.9156,"Conodoguinet Creek 00.1","Conodoguinet Creek 00.1","NAD83"
"13","CCWA.CONO02.6",40.256489,-76.928446,"Conodoguinet Creek 02.6","Conodoguinet Creek 02.6","NAD83"
"14","CCWA.CONO06.4",40.256938,-76.944205,"Conodoguinet Creek 06.4","Conodoguinet Creek 06.4","NAD83"
"15","CCWA.CONO09.5",40.251142,-76.958114,"CCWA.CONO09.5","Conodoguinet Creek 09.5","NAD83"
"16","CCWA.CONO13.2",40.262529,-76.978808,"Conodoguinet Creek 13.2","Conodoguinet Creek 13.2","NAD83"
"17","CCWA.CONO17.1",40.267855,-77.015436,"Conodoguinet Creek 17.1","Conodoguinet Creek 17.1","NAD83"
"18","CCWA.CONO27.5",40.258784,-77.10283,"Conodoguinet Creek 27.5","Conodoguinet Creek 27.5","NAD83"
"19","CCWA.CONO46.3",40.214601,-77.297451,"Conodoguinet Creek 46.3","Conodoguinet Creek 46.3","NAD83"
"20","CCWA.CONO48.8",40.226963,-77.332296,"Conodoguinet Creek 48.8","Conodoguinet Creek 48.8","NAD83"
"21","CCWA.CONO66.5",40.149675,-77.507219,"Conodoguinet Creek 66.5","Conodoguinet Creek 66.5","NAD83"
"22","CCWA.CONO74.5",40.076156,-77.595852,"Conodoguinet Creek 74.5","Conodoguinet Creek 74.5","NAD83"
"23","CCWA.CONO82.9",40.09015,-77.64789,"Conodoguinet Creek 82.9","Conodoguinet Creek 82.9","NAD83"
"24","CCWA.DC00.9",40.201195,-77.417339,"Doubling Creek 00.9","Doubling Creek 00.9","NAD83"
"25","CCWA.DS01.0",40.027322,-77.507586,"Dykeman Spring 01.0","Dykeman Spring 01.0","NAD83"
"26","CCWA.HR00.1",40.251474,-77.022519,"Hogestown Run 00.1","Hogestown Run 00.1","NAD83"
"27","CCWA.LR00.1",40.227646,-77.20661,"Loudon's Run 00.1","Loudon's Run 00.1","NAD83"
"28","CCWA.LTRT04.5",40.20152,-77.184854,"LeTort Spring Run 04.5","LeTort Spring Run 04.5","NAD83"
"29","CCWA.MSC02.8",40.07262,-77.537821,"Middle Spring Creek 02.8","Middle Spring Creek 02.8","NAD83"
"30","CCWA.MTRK00.1",40.211399,-77.299815,"Mount Rock Creek 00.1","Mount Rock Creek 00.1","NAD83"
"31","CCWA.MTRK03.9",40.161072,-77.315195,"Mount Rock Creek 03.9","Mount Rock Creek 03.9","NAD83"
"32","CCWA.TRND01.0",40.209576,-77.027172,"Trindle Spring 01.0","Trindle Spring 01.0","NAD83"
"33","CCWA.UN01.1",40.284529,-77.101384,"Unnamed 01.1","Unnamed 01.1","NAD83"
"34","CCWA.WRTZ00.1",40.241721,-77.175346,"Wertz Run 00.1","Wertz Run 00.1","NAD83"
