"","paramMethod","SOURCE","STATION","SAMPLE_DATE","SAMPLE_TIME","paramCode","SAMPLE_ID","EventId","AGENCY","PROGRAM","DateTime","DEPTH","SAMPLE_TYPE","TIER","Matrix","QUALIFIER","VALUE","UNITS","PROBLEM","LAB","labName","detLimit","qaFlag","COMMENTS","count.x","count.y","LAYER","PROJECT","SampleAnalyticalMethodIdentifier","SubstanceIdentificationName"
"438",189,"ALLARM","ALLARM.WL","06/07/2007","12:00:00","OP.5","S1",2446,"CMC","NTWQM",2007-06-07 12:00:00,0.1,"D","2","Water",NA,0,"MG/L",NA,"ACARL","ALLARM Community Aquatic Research Laboratory",0.02,2,NA,1,1,"S","PARTNTID","L02 ","PO4F"
"441",189,"ALLARM","ALLARM.LT2","05/07/2007","12:00:00","OP.5","S1",2422,"CMC","NTWQM",2007-05-07 12:00:00,0.1,"D","2","Water",NA,0,"MG/L",NA,"ACARL","ALLARM Community Aquatic Research Laboratory",0.02,2,NA,1,1,"S","PARTNTID","L02 ","PO4F"
"442",189,"ALLARM","ALLARM.WL","04/07/2007","12:00:00","OP.5","S1",2420,"CMC","NTWQM",2007-04-07 12:00:00,0.1,"D","2","Water",NA,0,"MG/L",NA,"ACARL","ALLARM Community Aquatic Research Laboratory",0.02,2,NA,1,1,"S","PARTNTID","L02 ","PO4F"
"443",189,"ALLARM","ALLARM.LT10","11/01/2007","12:00:00","OP.5","S1",2508,"CMC","NTWQM",2007-11-01 12:00:00,0.1,"D","2","Water",NA,0,"MG/L",NA,"ACARL","ALLARM Community Aquatic Research Laboratory",0.02,2,NA,1,1,"S","PARTNTID","L02 ","PO4F"
"444",189,"ALLARM","ALLARM.LT3","06/07/2007","12:00:00","OP.5","S1",2436,"CMC","NTWQM",2007-06-07 12:00:00,0.1,"D","2","Water",NA,0,"MG/L",NA,"ACARL","ALLARM Community Aquatic Research Laboratory",0.02,2,NA,1,1,"S","PARTNTID","L02 ","PO4F"
"445",189,"ALLARM","ALLARM.LT4","10/07/2007","12:00:00","OP.5","S1",2489,"CMC","NTWQM",2007-10-07 12:00:00,0.1,"D","2","Water",NA,0,"MG/L",NA,"ACARL","ALLARM Community Aquatic Research Laboratory",0.02,2,NA,1,1,"S","PARTNTID","L02 ","PO4F"
"446",189,"ALLARM","ALLARM.MG2","03/07/2007","12:00:00","OP.5","S1",2406,"CMC","NTWQM",2007-03-07 12:00:00,0.1,"D","2","Water",NA,0,"MG/L",NA,"ACARL","ALLARM Community Aquatic Research Laboratory",0.02,2,NA,1,1,"S","PARTNTID","L02 ","PO4F"
"448",189,"ALLARM","ALLARM.LT10","06/07/2007","12:00:00","OP.5","S1",2443,"CMC","NTWQM",2007-06-07 12:00:00,0.1,"D","2","Water",NA,0,"MG/L",NA,"ACARL","ALLARM Community Aquatic Research Laboratory",0.02,2,NA,1,1,"S","PARTNTID","L02 ","PO4F"
"450",189,"ALLARM","ALLARM.WL","03/07/2007","12:00:00","OP.5","S1",2407,"CMC","NTWQM",2007-03-07 12:00:00,0.1,"D","2","Water",NA,0,"MG/L",NA,"ACARL","ALLARM Community Aquatic Research Laboratory",0.02,2,NA,1,1,"S","PARTNTID","L02 ","PO4F"
"451",189,"ALLARM","ALLARM.LT3","10/07/2007","12:00:00","OP.5","S1",2488,"CMC","NTWQM",2007-10-07 12:00:00,0.1,"D","2","Water",NA,0,"MG/L",NA,"ACARL","ALLARM Community Aquatic Research Laboratory",0.02,2,NA,1,1,"S","PARTNTID","L02 ","PO4F"
"454",189,"ALLARM","ALLARM.LT3","03/07/2007","12:00:00","OP.5","S1",2397,"CMC","NTWQM",2007-03-07 12:00:00,0.1,"D","2","Water",NA,0,"MG/L",NA,"ACARL","ALLARM Community Aquatic Research Laboratory",0.02,2,NA,1,1,"S","PARTNTID","L02 ","PO4F"
"457",189,"ALLARM","ALLARM.LT1","03/07/2007","12:00:00","OP.5","S1",2395,"CMC","NTWQM",2007-03-07 12:00:00,0.1,"D","2","Water",NA,0,"MG/L",NA,"ACARL","ALLARM Community Aquatic Research Laboratory",0.02,2,NA,1,1,"S","PARTNTID","L02 ","PO4F"
"461",189,"ALLARM","ALLARM.LT5","04/07/2007","12:00:00","OP.5","S1",2412,"CMC","NTWQM",2007-04-07 12:00:00,0.1,"D","2","Water",NA,0,"MG/L",NA,"ACARL","ALLARM Community Aquatic Research Laboratory",0.02,2,NA,1,1,"S","PARTNTID","L02 ","PO4F"
"462",189,"ALLARM","ALLARM.LT4","04/07/2007","12:00:00","OP.5","S1",2411,"CMC","NTWQM",2007-04-07 12:00:00,0.1,"D","2","Water",NA,0,"MG/L",NA,"ACARL","ALLARM Community Aquatic Research Laboratory",0.02,2,NA,1,1,"S","PARTNTID","L02 ","PO4F"
"463",189,"ALLARM","ALLARM.LT1","06/07/2007","12:00:00","OP.5","S1",2434,"CMC","NTWQM",2007-06-07 12:00:00,0.1,"D","2","Water",NA,0,"MG/L",NA,"ACARL","ALLARM Community Aquatic Research Laboratory",0.02,2,NA,1,1,"S","PARTNTID","L02 ","PO4F"
"464",189,"ALLARM","ALLARM.LT4","03/07/2007","12:00:00","OP.5","S1",2398,"CMC","NTWQM",2007-03-07 12:00:00,0.1,"D","2","Water",NA,0,"MG/L",NA,"ACARL","ALLARM Community Aquatic Research Laboratory",0.02,2,NA,1,1,"S","PARTNTID","L02 ","PO4F"
"472",189,"ALLARM","ALLARM.WL","07/07/2007","12:00:00","OP.5","S1",2459,"CMC","NTWQM",2007-07-07 12:00:00,0.1,"D","2","Water",NA,0,"MG/L",NA,"ACARL","ALLARM Community Aquatic Research Laboratory",0.02,2,NA,1,1,"S","PARTNTID","L02 ","PO4F"
"474",189,"ALLARM","ALLARM.LT2","03/07/2007","12:00:00","OP.5","S1",2396,"CMC","NTWQM",2007-03-07 12:00:00,0.1,"D","2","Water",NA,0,"MG/L",NA,"ACARL","ALLARM Community Aquatic Research Laboratory",0.02,2,NA,1,1,"S","PARTNTID","L02 ","PO4F"
"475",189,"ALLARM","ALLARM.LT1","04/07/2007","12:00:00","OP.5","S1",2408,"CMC","NTWQM",2007-04-07 12:00:00,0.1,"D","2","Water",NA,0,"MG/L",NA,"ACARL","ALLARM Community Aquatic Research Laboratory",0.02,2,NA,1,1,"S","PARTNTID","L02 ","PO4F"
"476",189,"ALLARM","ALLARM.LT10","04/07/2007","12:00:00","OP.5","S1",2417,"CMC","NTWQM",2007-04-07 12:00:00,0.1,"D","2","Water",NA,0,"MG/L",NA,"ACARL","ALLARM Community Aquatic Research Laboratory",0.02,2,NA,1,1,"S","PARTNTID","L02 ","PO4F"
"479",189,"ALLARM","ALLARM.LT8","02/07/2007","12:00:00","OP.5","S1",2389,"CMC","NTWQM",2007-02-07 12:00:00,0.1,"D","2","Water",NA,0,"MG/L",NA,"ACARL","ALLARM Community Aquatic Research Laboratory",0.02,2,NA,1,1,"S","PARTNTID","L02 ","PO4F"
"480",189,"ALLARM","ALLARM.LT10","02/07/2007","12:00:00","OP.5","S1",2391,"CMC","NTWQM",2007-02-07 12:00:00,0.1,"D","2","Water",NA,0,"MG/L",NA,"ACARL","ALLARM Community Aquatic Research Laboratory",0.02,2,NA,1,1,"S","PARTNTID","L02 ","PO4F"
"482",189,"ALLARM","ALLARM.LT4","06/07/2007","12:00:00","OP.5","S1",2437,"CMC","NTWQM",2007-06-07 12:00:00,0.1,"D","2","Water",NA,0,"MG/L",NA,"ACARL","ALLARM Community Aquatic Research Laboratory",0.02,2,NA,1,1,"S","PARTNTID","L02 ","PO4F"
"483",189,"ALLARM","ALLARM.LT3","04/07/2007","12:00:00","OP.5","S1",2410,"CMC","NTWQM",2007-04-07 12:00:00,0.1,"D","2","Water",NA,0,"MG/L",NA,"ACARL","ALLARM Community Aquatic Research Laboratory",0.02,2,NA,1,1,"S","PARTNTID","L02 ","PO4F"
"485",189,"ALLARM","ALLARM.LT10","03/07/2007","12:00:00","OP.5","S1",2404,"CMC","NTWQM",2007-03-07 12:00:00,0.1,"D","2","Water",NA,0,"MG/L",NA,"ACARL","ALLARM Community Aquatic Research Laboratory",0.02,2,NA,1,1,"S","PARTNTID","L02 ","PO4F"
"488",189,"ALLARM","ALLARM.LT4","07/07/2007","12:00:00","OP.5","S1",2450,"CMC","NTWQM",2007-07-07 12:00:00,0.1,"D","2","Water",NA,0,"MG/L",NA,"ACARL","ALLARM Community Aquatic Research Laboratory",0.02,2,NA,1,1,"S","PARTNTID","L02 ","PO4F"
"490",189,"ALLARM","ALLARM.LT3","05/07/2007","12:00:00","OP.5","S1",2423,"CMC","NTWQM",2007-05-07 12:00:00,0.1,"D","2","Water",NA,0,"MG/L",NA,"ACARL","ALLARM Community Aquatic Research Laboratory",0.02,2,NA,1,1,"S","PARTNTID","L02 ","PO4F"
"491",189,"ALLARM","ALLARM.LT8","12/01/2007","12:00:00","OP.5","S1",2519,"CMC","NTWQM",2007-12-01 12:00:00,0.1,"D","2","Water",NA,0,"MG/L",NA,"ACARL","ALLARM Community Aquatic Research Laboratory",0.02,2,NA,1,1,"S","PARTNTID","L02 ","PO4F"
"492",189,"ALLARM","ALLARM.LT5","12/01/2007","12:00:00","OP.5","S1",2516,"CMC","NTWQM",2007-12-01 12:00:00,0.1,"D","2","Water",NA,0,"MG/L",NA,"ACARL","ALLARM Community Aquatic Research Laboratory",0.02,2,NA,1,1,"S","PARTNTID","L02 ","PO4F"
"493",189,"ALLARM","ALLARM.WL","11/01/2007","12:00:00","OP.5","S1",2511,"CMC","NTWQM",2007-11-01 12:00:00,0.1,"D","2","Water",NA,0,"MG/L",NA,"ACARL","ALLARM Community Aquatic Research Laboratory",0.02,2,NA,1,1,"S","PARTNTID","L02 ","PO4F"
"494",189,"ALLARM","ALLARM.LT2","04/07/2007","12:00:00","OP.5","S1",2409,"CMC","NTWQM",2007-04-07 12:00:00,0.1,"D","2","Water",NA,0,"MG/L",NA,"ACARL","ALLARM Community Aquatic Research Laboratory",0.02,2,NA,1,1,"S","PARTNTID","L02 ","PO4F"
"497",189,"ALLARM","ALLARM.MG1","12/01/2007","12:00:00","OP.5","S1",2522,"CMC","NTWQM",2007-12-01 12:00:00,0.1,"D","2","Water",NA,0,"MG/L",NA,"ACARL","ALLARM Community Aquatic Research Laboratory",0.02,2,NA,1,1,"S","PARTNTID","L02 ","PO4F"
"501",189,"ALLARM","ALLARM.LT6","06/07/2007","12:00:00","OP.5","S1",2439,"CMC","NTWQM",2007-06-07 12:00:00,0.1,"D","2","Water",NA,0,"MG/L",NA,"ACARL","ALLARM Community Aquatic Research Laboratory",0.02,2,NA,1,1,"S","PARTNTID","L02 ","PO4F"
"502",189,"ALLARM","ALLARM.MG2","04/07/2007","12:00:00","OP.5","S1",2419,"CMC","NTWQM",2007-04-07 12:00:00,0.1,"D","2","Water",NA,0,"MG/L",NA,"ACARL","ALLARM Community Aquatic Research Laboratory",0.02,2,NA,1,1,"S","PARTNTID","L02 ","PO4F"
"503",189,"ALLARM","ALLARM.LT7","02/07/2007","12:00:00","OP.5","S1",2388,"CMC","NTWQM",2007-02-07 12:00:00,0.1,"D","2","Water",NA,0,"MG/L",NA,"ACARL","ALLARM Community Aquatic Research Laboratory",0.02,2,NA,1,1,"S","PARTNTID","L02 ","PO4F"
"504",189,"ALLARM","ALLARM.LT4","12/01/2007","12:00:00","OP.5","S1",2515,"CMC","NTWQM",2007-12-01 12:00:00,0.1,"D","2","Water",NA,0,"MG/L",NA,"ACARL","ALLARM Community Aquatic Research Laboratory",0.02,2,NA,1,1,"S","PARTNTID","L02 ","PO4F"
"505",189,"ALLARM","ALLARM.LT8","07/07/2007","12:00:00","OP.5","S1",2454,"CMC","NTWQM",2007-07-07 12:00:00,0.1,"D","2","Water",NA,0,"MG/L",NA,"ACARL","ALLARM Community Aquatic Research Laboratory",0.02,2,NA,1,1,"S","PARTNTID","L02 ","PO4F"
"506",189,"ALLARM","ALLARM.LT4","05/07/2007","12:00:00","OP.5","S1",2424,"CMC","NTWQM",2007-05-07 12:00:00,0.1,"D","2","Water",NA,0,"MG/L",NA,"ACARL","ALLARM Community Aquatic Research Laboratory",0.02,2,NA,1,1,"S","PARTNTID","L02 ","PO4F"
"507",189,"ALLARM","ALLARM.LT5","05/07/2007","12:00:00","OP.5","S1",2425,"CMC","NTWQM",2007-05-07 12:00:00,0.1,"D","2","Water",NA,0,"MG/L",NA,"ACARL","ALLARM Community Aquatic Research Laboratory",0.02,2,NA,1,1,"S","PARTNTID","L02 ","PO4F"
"509",189,"ALLARM","ALLARM.LT1","12/01/2007","12:00:00","OP.5","S1",2512,"CMC","NTWQM",2007-12-01 12:00:00,0.1,"D","2","Water",NA,0,"MG/L",NA,"ACARL","ALLARM Community Aquatic Research Laboratory",0.02,2,NA,1,1,"S","PARTNTID","L02 ","PO4F"
"514",189,"ALLARM","ALLARM.LT3","12/01/2007","12:00:00","OP.5","S1",2514,"CMC","NTWQM",2007-12-01 12:00:00,0.1,"D","2","Water",NA,0,"MG/L",NA,"ACARL","ALLARM Community Aquatic Research Laboratory",0.02,2,NA,1,1,"S","PARTNTID","L02 ","PO4F"
"518",189,"ALLARM","ALLARM.LT6","04/07/2007","12:00:00","OP.5","S1",2413,"CMC","NTWQM",2007-04-07 12:00:00,0.1,"D","2","Water",NA,0,"MG/L",NA,"ACARL","ALLARM Community Aquatic Research Laboratory",0.02,2,NA,1,1,"S","PARTNTID","L02 ","PO4F"
"519",189,"ALLARM","ALLARM.LT6","12/01/2007","12:00:00","OP.5","S1",2517,"CMC","NTWQM",2007-12-01 12:00:00,0.1,"D","2","Water",NA,0,"MG/L",NA,"ACARL","ALLARM Community Aquatic Research Laboratory",0.02,2,NA,1,1,"S","PARTNTID","L02 ","PO4F"
"521",189,"ALLARM","ALLARM.LT2","11/01/2007","12:00:00","OP.5","S1",2500,"CMC","NTWQM",2007-11-01 12:00:00,0.1,"D","2","Water",NA,0,"MG/L",NA,"ACARL","ALLARM Community Aquatic Research Laboratory",0.02,2,NA,1,1,"S","PARTNTID","L02 ","PO4F"
"522",189,"ALLARM","ALLARM.MG2","12/01/2007","12:00:00","OP.5","S1",2523,"CMC","NTWQM",2007-12-01 12:00:00,0.1,"D","2","Water",NA,0,"MG/L",NA,"ACARL","ALLARM Community Aquatic Research Laboratory",0.02,2,NA,1,1,"S","PARTNTID","L02 ","PO4F"
"523",189,"ALLARM","ALLARM.LT5","03/07/2007","12:00:00","OP.5","S1",2399,"CMC","NTWQM",2007-03-07 12:00:00,0.1,"D","2","Water",NA,0,"MG/L",NA,"ACARL","ALLARM Community Aquatic Research Laboratory",0.02,2,NA,1,1,"S","PARTNTID","L02 ","PO4F"
"525",189,"ALLARM","ALLARM.LT10","12/01/2007","12:00:00","OP.5","S1",2521,"CMC","NTWQM",2007-12-01 12:00:00,0.1,"D","2","Water",NA,0,"MG/L",NA,"ACARL","ALLARM Community Aquatic Research Laboratory",0.02,2,NA,1,1,"S","PARTNTID","L02 ","PO4F"
"526",189,"ALLARM","ALLARM.WL","12/01/2007","12:00:00","OP.5","S1",2524,"CMC","NTWQM",2007-12-01 12:00:00,0.1,"D","2","Water",NA,0,"MG/L",NA,"ACARL","ALLARM Community Aquatic Research Laboratory",0.02,2,NA,1,2,"VP","PARTNTID","L02 ","PO4F"
"528",189,"ALLARM","ALLARM.WL","12/01/2007","12:00:00","OP.5","S1",2524,"CMC","NTWQM",2007-12-01 12:00:00,0.1,"D","2","Water",NA,0,"MG/L",NA,"ACARL","ALLARM Community Aquatic Research Laboratory",0.02,2,NA,1,2,"VP","PARTNTID","L02 ","PO4F"
"531",189,"ALLARM","ALLARM.MG2","06/07/2007","12:00:00","OP.5","S1",2445,"CMC","NTWQM",2007-06-07 12:00:00,0.1,"D","2","Water",NA,0,"MG/L",NA,"ACARL","ALLARM Community Aquatic Research Laboratory",0.02,2,NA,1,1,"S","PARTNTID","L02 ","PO4F"
"534",189,"ALLARM","ALLARM.LT6","07/07/2007","12:00:00","OP.5","S1",2452,"CMC","NTWQM",2007-07-07 12:00:00,0.1,"D","2","Water",NA,0,"MG/L",NA,"ACARL","ALLARM Community Aquatic Research Laboratory",0.02,2,NA,1,1,"S","PARTNTID","L02 ","PO4F"
"535",189,"ALLARM","ALLARM.LT2","06/07/2007","12:00:00","OP.5","S1",2435,"CMC","NTWQM",2007-06-07 12:00:00,0.1,"D","2","Water",NA,0,"MG/L",NA,"ACARL","ALLARM Community Aquatic Research Laboratory",0.02,2,NA,1,1,"S","PARTNTID","L02 ","PO4F"
"536",189,"ALLARM","ALLARM.MG1","03/07/2007","12:00:00","OP.5","S1",2405,"CMC","NTWQM",2007-03-07 12:00:00,0.1,"D","2","Water",NA,0,"MG/L",NA,"ACARL","ALLARM Community Aquatic Research Laboratory",0.02,2,NA,1,1,"S","PARTNTID","L02 ","PO4F"
"537",189,"ALLARM","ALLARM.LT6","03/07/2007","12:00:00","OP.5","S1",2400,"CMC","NTWQM",2007-03-07 12:00:00,0.1,"D","2","Water",NA,0,"MG/L",NA,"ACARL","ALLARM Community Aquatic Research Laboratory",0.02,2,NA,1,1,"S","PARTNTID","L02 ","PO4F"
"540",189,"ALLARM","ALLARM.LT8","06/07/2007","12:00:00","OP.5","S1",2441,"CMC","NTWQM",2007-06-07 12:00:00,0.1,"D","2","Water",NA,0,"MG/L",NA,"ACARL","ALLARM Community Aquatic Research Laboratory",0.02,2,NA,1,1,"S","PARTNTID","L02 ","PO4F"
"544",189,"ALLARM","ALLARM.LT7","04/07/2007","12:00:00","OP.5","S1",2414,"CMC","NTWQM",2007-04-07 12:00:00,0.1,"D","2","Water",NA,0,"MG/L",NA,"ACARL","ALLARM Community Aquatic Research Laboratory",0.02,2,NA,1,1,"S","PARTNTID","L02 ","PO4F"
"545",189,"ALLARM","ALLARM.LT8","04/07/2007","12:00:00","OP.5","S1",2415,"CMC","NTWQM",2007-04-07 12:00:00,0.1,"D","2","Water",NA,0,"MG/L",NA,"ACARL","ALLARM Community Aquatic Research Laboratory",0.02,2,NA,1,1,"S","PARTNTID","L02 ","PO4F"
"546",189,"ALLARM","ALLARM.LT9","12/01/2007","12:00:00","OP.5","S1",2520,"CMC","NTWQM",2007-12-01 12:00:00,0.1,"D","2","Water",NA,0,"MG/L",NA,"ACARL","ALLARM Community Aquatic Research Laboratory",0.02,2,NA,1,1,"S","PARTNTID","L02 ","PO4F"
"547",189,"ALLARM","ALLARM.LT7","12/01/2007","12:00:00","OP.5","S1",2518,"CMC","NTWQM",2007-12-01 12:00:00,0.1,"D","2","Water",NA,0,"MG/L",NA,"ACARL","ALLARM Community Aquatic Research Laboratory",0.02,2,NA,1,1,"S","PARTNTID","L02 ","PO4F"
"549",189,"ALLARM","ALLARM.LT7","05/07/2007","12:00:00","OP.5","S1",2427,"CMC","NTWQM",2007-05-07 12:00:00,0.1,"D","2","Water",NA,0,"MG/L",NA,"ACARL","ALLARM Community Aquatic Research Laboratory",0.02,2,NA,1,1,"S","PARTNTID","L02 ","PO4F"
"551",189,"ALLARM","ALLARM.MG2","07/07/2007","12:00:00","OP.5","S1",2458,"CMC","NTWQM",2007-07-07 12:00:00,0.1,"D","2","Water",NA,0,"MG/L",NA,"ACARL","ALLARM Community Aquatic Research Laboratory",0.02,2,NA,1,1,"S","PARTNTID","L02 ","PO4F"
"558",189,"ALLARM","ALLARM.LT6","05/07/2007","12:00:00","OP.5","S1",2426,"CMC","NTWQM",2007-05-07 12:00:00,0.1,"D","2","Water",NA,0,"MG/L",NA,"ACARL","ALLARM Community Aquatic Research Laboratory",0.02,2,NA,1,1,"S","PARTNTID","L02 ","PO4F"
"559",189,"ALLARM","ALLARM.LT9","02/07/2007","12:00:00","OP.5","S1",2390,"CMC","NTWQM",2007-02-07 12:00:00,0.1,"D","2","Water",NA,0,"MG/L",NA,"ACARL","ALLARM Community Aquatic Research Laboratory",0.02,2,NA,1,1,"S","PARTNTID","L02 ","PO4F"
"565",189,"ALLARM","ALLARM.LT9","03/07/2007","12:00:00","OP.5","S1",2403,"CMC","NTWQM",2007-03-07 12:00:00,0.1,"D","2","Water",NA,0,"MG/L",NA,"ACARL","ALLARM Community Aquatic Research Laboratory",0.02,2,NA,1,1,"S","PARTNTID","L02 ","PO4F"
"566",189,"ALLARM","ALLARM.MG1","04/07/2007","12:00:00","OP.5","S1",2418,"CMC","NTWQM",2007-04-07 12:00:00,0.1,"D","2","Water",NA,0,"MG/L",NA,"ACARL","ALLARM Community Aquatic Research Laboratory",0.02,2,NA,1,1,"S","PARTNTID","L02 ","PO4F"
"568",189,"ALLARM","ALLARM.LT7","03/07/2007","12:00:00","OP.5","S1",2401,"CMC","NTWQM",2007-03-07 12:00:00,0.1,"D","2","Water",NA,0,"MG/L",NA,"ACARL","ALLARM Community Aquatic Research Laboratory",0.02,2,NA,1,1,"S","PARTNTID","L02 ","PO4F"
"572",189,"ALLARM","ALLARM.LT9","05/07/2007","12:00:00","OP.5","S1",2429,"CMC","NTWQM",2007-05-07 12:00:00,0.1,"D","2","Water",NA,0,"MG/L",NA,"ACARL","ALLARM Community Aquatic Research Laboratory",0.02,2,NA,1,1,"S","PARTNTID","L02 ","PO4F"
"573",189,"ALLARM","ALLARM.LT8","03/07/2007","12:00:00","OP.5","S1",2402,"CMC","NTWQM",2007-03-07 12:00:00,0.1,"D","2","Water",NA,0,"MG/L",NA,"ACARL","ALLARM Community Aquatic Research Laboratory",0.02,2,NA,1,1,"S","PARTNTID","L02 ","PO4F"
"574",189,"ALLARM","ALLARM.LT7","06/07/2007","12:00:00","OP.5","S1",2440,"CMC","NTWQM",2007-06-07 12:00:00,0.1,"D","2","Water",NA,0,"MG/L",NA,"ACARL","ALLARM Community Aquatic Research Laboratory",0.02,2,NA,1,1,"S","PARTNTID","L02 ","PO4F"
"575",189,"ALLARM","ALLARM.LT9","04/07/2007","12:00:00","OP.5","S1",2416,"CMC","NTWQM",2007-04-07 12:00:00,0.1,"D","2","Water",NA,0,"MG/L",NA,"ACARL","ALLARM Community Aquatic Research Laboratory",0.02,2,NA,1,1,"S","PARTNTID","L02 ","PO4F"
