"","paramMethod","SOURCE","STATION","SAMPLE_DATE","SAMPLE_TIME","paramCode","SAMPLE_ID","EventId","AGENCY","PROGRAM","DateTime","DEPTH","SAMPLE_TYPE","TIER","Matrix","QUALIFIER","VALUE","UNITS","PROBLEM","LAB","labName","detLimit","qaFlag","COMMENTS","count.x","count.y","LAYER","PROJECT","SampleAnalyticalMethodIdentifier","SubstanceIdentificationName"
"719",999,"ALLARM","ALLARM.LT1","07/07/2007","12:00:00","TDS.1","M1",2447,"CMC","NTWQM",2007-07-07 12:00:00,0.1,"ISM","1","Water",NA,280,"MG/L",NA,NA,NA,NA,2,NA,1,1,"S","PARTNTID",NA,NA
"720",999,"ALLARM","ALLARM.MG2","05/07/2007","12:00:00","TDS.1","M1",2432,"CMC","NTWQM",2007-05-07 12:00:00,0.1,"ISM","1","Water",NA,450,"MG/L",NA,NA,NA,NA,2,NA,1,1,"S","PARTNTID",NA,NA
"721",999,"ALLARM","ALLARM.LT7","01/07/2007","12:00:00","TDS.1","M1",2376,"CMC","NTWQM",2007-01-07 12:00:00,0.1,"ISM","1","Water",NA,340,"MG/L",NA,NA,NA,NA,2,NA,1,1,"S","PARTNTID",NA,NA
"722",999,"ALLARM","ALLARM.LT8","11/01/2007","12:00:00","TDS.1","M1",2506,"CMC","NTWQM",2007-11-01 12:00:00,0.1,"ISM","1","Water",NA,340,"MG/L",NA,NA,NA,NA,2,NA,1,1,"S","PARTNTID",NA,NA
"723",999,"ALLARM","ALLARM.LT1","01/07/2007","12:00:00","TDS.1","M1",2370,"CMC","NTWQM",2007-01-07 12:00:00,0.1,"ISM","1","Water",NA,310,"MG/L",NA,NA,NA,NA,2,NA,1,1,"S","PARTNTID",NA,NA
"724",999,"ALLARM","ALLARM.LT10","10/07/2007","12:00:00","TDS.1","M1",2495,"CMC","NTWQM",2007-10-07 12:00:00,0.1,"ISM","1","Water",NA,150,"MG/L",NA,NA,NA,NA,2,NA,1,1,"S","PARTNTID",NA,NA
"725",999,"ALLARM","ALLARM.LT3","07/07/2007","12:00:00","TDS.1","M1",2449,"CMC","NTWQM",2007-07-07 12:00:00,0.1,"ISM","1","Water",NA,290,"MG/L",NA,NA,NA,NA,2,NA,1,1,"S","PARTNTID",NA,NA
"726",999,"ALLARM","ALLARM.MG1","10/07/2007","12:00:00","TDS.1","M1",2496,"CMC","NTWQM",2007-10-07 12:00:00,0.1,"ISM","1","Water",NA,50,"MG/L",NA,NA,NA,NA,2,NA,1,1,"S","PARTNTID",NA,NA
"727",999,"ALLARM","ALLARM.LT7","02/07/2007","12:00:00","TDS.1","M1",2388,"CMC","NTWQM",2007-02-07 12:00:00,0.1,"ISM","1","Water",NA,350,"MG/L",NA,NA,NA,NA,2,NA,1,1,"S","PARTNTID",NA,NA
"728",999,"ALLARM","ALLARM.WL","11/01/2007","12:00:00","TDS.1","M1",2511,"CMC","NTWQM",2007-11-01 12:00:00,0.1,"ISM","1","Water",NA,400,"MG/L",NA,NA,NA,NA,2,NA,1,1,"S","PARTNTID",NA,NA
"729",999,"ALLARM","ALLARM.LT1","02/07/2007","12:00:00","TDS.1","M1",2382,"CMC","NTWQM",2007-02-07 12:00:00,0.1,"ISM","1","Water",NA,300,"MG/L",NA,NA,NA,NA,2,NA,1,1,"S","PARTNTID",NA,NA
"730",999,"ALLARM","ALLARM.LT1","09/07/2007","12:00:00","TDS.1","M1",2473,"CMC","NTWQM",2007-09-07 12:00:00,0.1,"ISM","1","Water",NA,260,"MG/L",NA,NA,NA,NA,2,NA,1,1,"S","PARTNTID",NA,NA
"731",999,"ALLARM","ALLARM.MG1","11/01/2007","12:00:00","TDS.1","M1",2509,"CMC","NTWQM",2007-11-01 12:00:00,0.1,"ISM","1","Water",NA,450,"MG/L",NA,NA,NA,NA,2,NA,1,1,"S","PARTNTID",NA,NA
"732",999,"ALLARM","ALLARM.MG2","07/07/2007","12:00:00","TDS.1","M1",2458,"CMC","NTWQM",2007-07-07 12:00:00,0.1,"ISM","1","Water",NA,280,"MG/L",NA,NA,NA,NA,2,NA,1,1,"S","PARTNTID",NA,NA
"733",999,"ALLARM","ALLARM.LT7","03/07/2007","12:00:00","TDS.1","M1",2401,"CMC","NTWQM",2007-03-07 12:00:00,0.1,"ISM","1","Water",NA,330,"MG/L",NA,NA,NA,NA,2,NA,1,1,"S","PARTNTID",NA,NA
"734",999,"ALLARM","ALLARM.LT10","12/01/2007","12:00:00","TDS.1","M1",2521,"CMC","NTWQM",2007-12-01 12:00:00,0.1,"ISM","1","Water",NA,410,"MG/L",NA,NA,NA,NA,2,NA,1,1,"S","PARTNTID",NA,NA
"735",999,"ALLARM","ALLARM.LT1","03/07/2007","12:00:00","TDS.1","M1",2395,"CMC","NTWQM",2007-03-07 12:00:00,0.1,"ISM","1","Water",NA,290,"MG/L",NA,NA,NA,NA,2,NA,1,1,"S","PARTNTID",NA,NA
"736",999,"ALLARM","ALLARM.MG1","12/01/2007","12:00:00","TDS.1","M1",2522,"CMC","NTWQM",2007-12-01 12:00:00,0.1,"ISM","1","Water",NA,510,"MG/L",NA,NA,NA,NA,2,NA,1,1,"S","PARTNTID",NA,NA
"737",999,"ALLARM","ALLARM.WL","12/01/2007","12:00:00","TDS.1","M1",2524,"CMC","NTWQM",2007-12-01 12:00:00,0.1,"ISM","1","Water",NA,410,"MG/L",NA,NA,NA,NA,2,NA,1,2,"VP","PARTNTID",NA,NA
"738",999,"ALLARM","ALLARM.LT3","12/01/2007","12:00:00","TDS.1","M1",2514,"CMC","NTWQM",2007-12-01 12:00:00,0.1,"ISM","1","Water",NA,350,"MG/L",NA,NA,NA,NA,2,NA,1,1,"S","PARTNTID",NA,NA
"739",999,"ALLARM","ALLARM.LT7","04/07/2007","12:00:00","TDS.1","M1",2414,"CMC","NTWQM",2007-04-07 12:00:00,0.1,"ISM","1","Water",NA,290,"MG/L",NA,NA,NA,NA,2,NA,1,1,"S","PARTNTID",NA,NA
"740",999,"ALLARM","ALLARM.LT2","01/07/2007","12:00:00","TDS.1","M1",2371,"CMC","NTWQM",2007-01-07 12:00:00,0.1,"ISM","1","Water",NA,290,"MG/L",NA,NA,NA,NA,2,NA,1,1,"S","PARTNTID",NA,NA
"741",999,"ALLARM","ALLARM.LT1","04/07/2007","12:00:00","TDS.1","M1",2408,"CMC","NTWQM",2007-04-07 12:00:00,0.1,"ISM","1","Water",NA,280,"MG/L",NA,NA,NA,NA,2,NA,1,1,"S","PARTNTID",NA,NA
"742",999,"ALLARM","ALLARM.MG2","01/07/2007","12:00:00","TDS.1","M1",2381,"CMC","NTWQM",2007-01-07 12:00:00,0.1,"ISM","1","Water",NA,470,"MG/L",NA,NA,NA,NA,2,NA,1,1,"S","PARTNTID",NA,NA
"743",999,"ALLARM","ALLARM.MG2","09/07/2007","12:00:00","TDS.1","M1",2484,"CMC","NTWQM",2007-09-07 12:00:00,0.1,"ISM","1","Water",NA,300,"MG/L",NA,NA,NA,NA,2,NA,1,1,"S","PARTNTID",NA,NA
"744",999,"ALLARM","ALLARM.LT7","12/01/2007","12:00:00","TDS.1","M1",2518,"CMC","NTWQM",2007-12-01 12:00:00,0.1,"ISM","1","Water",NA,360,"MG/L",NA,NA,NA,NA,2,NA,1,1,"S","PARTNTID",NA,NA
"745",999,"ALLARM","ALLARM.LT7","05/07/2007","12:00:00","TDS.1","M1",2427,"CMC","NTWQM",2007-05-07 12:00:00,0.1,"ISM","1","Water",NA,300,"MG/L",NA,NA,NA,NA,2,NA,1,1,"S","PARTNTID",NA,NA
"746",999,"ALLARM","ALLARM.LT2","02/07/2007","12:00:00","TDS.1","M1",2383,"CMC","NTWQM",2007-02-07 12:00:00,0.1,"ISM","1","Water",NA,280,"MG/L",NA,NA,NA,NA,2,NA,1,1,"S","PARTNTID",NA,NA
"747",999,"ALLARM","ALLARM.LT1","05/07/2007","12:00:00","TDS.1","M1",2421,"CMC","NTWQM",2007-05-07 12:00:00,0.1,"ISM","1","Water",NA,290,"MG/L",NA,NA,NA,NA,2,NA,1,1,"S","PARTNTID",NA,NA
"748",999,"ALLARM","ALLARM.MG2","03/07/2007","12:00:00","TDS.1","M1",2406,"CMC","NTWQM",2007-03-07 12:00:00,0.1,"ISM","1","Water",NA,470,"MG/L",NA,NA,NA,NA,2,NA,1,1,"S","PARTNTID",NA,NA
"749",999,"ALLARM","ALLARM.WL","07/07/2007","12:00:00","TDS.1","M1",2459,"CMC","NTWQM",2007-07-07 12:00:00,0.1,"ISM","1","Water",NA,230,"MG/L",NA,NA,NA,NA,2,NA,1,1,"S","PARTNTID",NA,NA
"750",999,"ALLARM","ALLARM.LT8","01/07/2007","12:00:00","TDS.1","M1",2377,"CMC","NTWQM",2007-01-07 12:00:00,0.1,"ISM","1","Water",NA,340,"MG/L",NA,NA,NA,NA,2,NA,1,1,"S","PARTNTID",NA,NA
"751",999,"ALLARM","ALLARM.LT1","08/07/2007","12:00:00","TDS.1","M1",2460,"CMC","NTWQM",2007-08-07 12:00:00,0.1,"ISM","1","Water",NA,260,"MG/L",NA,NA,NA,NA,2,NA,1,1,"S","PARTNTID",NA,NA
"752",999,"ALLARM","ALLARM.LT2","03/07/2007","12:00:00","TDS.1","M1",2396,"CMC","NTWQM",2007-03-07 12:00:00,0.1,"ISM","1","Water",NA,270,"MG/L",NA,NA,NA,NA,2,NA,1,1,"S","PARTNTID",NA,NA
"753",999,"ALLARM","ALLARM.LT1","06/07/2007","12:00:00","TDS.1","M1",2434,"CMC","NTWQM",2007-06-07 12:00:00,0.1,"ISM","1","Water",NA,270,"MG/L",NA,NA,NA,NA,2,NA,1,1,"S","PARTNTID",NA,NA
"754",999,"ALLARM","ALLARM.MG2","04/07/2007","12:00:00","TDS.1","M1",2419,"CMC","NTWQM",2007-04-07 12:00:00,0.1,"ISM","1","Water",NA,440,"MG/L",NA,NA,NA,NA,2,NA,1,1,"S","PARTNTID",NA,NA
"755",999,"ALLARM","ALLARM.LT9","12/01/2007","12:00:00","TDS.1","M1",2520,"CMC","NTWQM",2007-12-01 12:00:00,0.1,"ISM","1","Water",NA,370,"MG/L",NA,NA,NA,NA,2,NA,1,1,"S","PARTNTID",NA,NA
"756",999,"ALLARM","ALLARM.LT9","05/07/2007","12:00:00","TDS.1","M1",2429,"CMC","NTWQM",2007-05-07 12:00:00,0.1,"ISM","1","Water",NA,300,"MG/L",NA,NA,NA,NA,2,NA,1,1,"S","PARTNTID",NA,NA
"757",999,"ALLARM","ALLARM.LT4","01/07/2007","12:00:00","TDS.1","M1",2373,"CMC","NTWQM",2007-01-07 12:00:00,0.1,"ISM","1","Water",NA,310,"MG/L",NA,NA,NA,NA,2,NA,1,1,"S","PARTNTID",NA,NA
"758",999,"ALLARM","ALLARM.LT2","04/07/2007","12:00:00","TDS.1","M1",2409,"CMC","NTWQM",2007-04-07 12:00:00,0.1,"ISM","1","Water",NA,270,"MG/L",NA,NA,NA,NA,2,NA,1,1,"S","PARTNTID",NA,NA
"759",999,"ALLARM","ALLARM.LT10","09/07/2007","12:00:00","TDS.1","M1",2482,"CMC","NTWQM",2007-09-07 12:00:00,0.1,"ISM","1","Water",NA,280,"MG/L",NA,NA,NA,NA,2,NA,1,1,"S","PARTNTID",NA,NA
"760",999,"ALLARM","ALLARM.LT3","06/07/2007","12:00:00","TDS.1","M1",2436,"CMC","NTWQM",2007-06-07 12:00:00,0.1,"ISM","1","Water",NA,290,"MG/L",NA,NA,NA,NA,2,NA,1,1,"S","PARTNTID",NA,NA
"761",999,"ALLARM","ALLARM.MG1","01/07/2007","12:00:00","TDS.1","M1",2380,"CMC","NTWQM",2007-01-07 12:00:00,0.1,"ISM","1","Water",NA,480,"MG/L",NA,NA,NA,NA,2,NA,1,1,"S","PARTNTID",NA,NA
"762",999,"ALLARM","ALLARM.LT7","08/07/2007","12:00:00","TDS.1","M1",2466,"CMC","NTWQM",2007-08-07 12:00:00,0.1,"ISM","1","Water",NA,280,"MG/L",NA,NA,NA,NA,2,NA,1,1,"S","PARTNTID",NA,NA
"763",999,"ALLARM","ALLARM.LT4","02/07/2007","12:00:00","TDS.1","M1",2385,"CMC","NTWQM",2007-02-07 12:00:00,0.1,"ISM","1","Water",NA,310,"MG/L",NA,NA,NA,NA,2,NA,1,1,"S","PARTNTID",NA,NA
"764",999,"ALLARM","ALLARM.MG2","08/07/2007","12:00:00","TDS.1","M1",2471,"CMC","NTWQM",2007-08-07 12:00:00,0.1,"ISM","1","Water",NA,150,"MG/L",NA,NA,NA,NA,2,NA,1,1,"S","PARTNTID",NA,NA
"765",999,"ALLARM","ALLARM.LT2","05/07/2007","12:00:00","TDS.1","M1",2422,"CMC","NTWQM",2007-05-07 12:00:00,0.1,"ISM","1","Water",NA,260,"MG/L",NA,NA,NA,NA,2,NA,1,1,"S","PARTNTID",NA,NA
"766",999,"ALLARM","ALLARM.MG2","06/07/2007","12:00:00","TDS.1","M1",2445,"CMC","NTWQM",2007-06-07 12:00:00,0.1,"ISM","1","Water",NA,270,"MG/L",NA,NA,NA,NA,2,NA,1,1,"S","PARTNTID",NA,NA
"767",999,"ALLARM","ALLARM.MG1","02/07/2007","12:00:00","TDS.1","M1",2392,"CMC","NTWQM",2007-02-07 12:00:00,0.1,"ISM","1","Water",NA,500,"MG/L",NA,NA,NA,NA,2,NA,1,1,"S","PARTNTID",NA,NA
"768",999,"ALLARM","ALLARM.LT5","12/01/2007","12:00:00","TDS.1","M1",2516,"CMC","NTWQM",2007-12-01 12:00:00,0.1,"ISM","1","Water",NA,340,"MG/L",NA,NA,NA,NA,2,NA,1,1,"S","PARTNTID",NA,NA
"769",999,"ALLARM","ALLARM.LT4","03/07/2007","12:00:00","TDS.1","M1",2398,"CMC","NTWQM",2007-03-07 12:00:00,0.1,"ISM","1","Water",NA,300,"MG/L",NA,NA,NA,NA,2,NA,1,1,"S","PARTNTID",NA,NA
"770",999,"ALLARM","ALLARM.LT10","04/07/2007","12:00:00","TDS.1","M1",2417,"CMC","NTWQM",2007-04-07 12:00:00,0.1,"ISM","1","Water",NA,310,"MG/L",NA,NA,NA,NA,2,NA,1,1,"S","PARTNTID",NA,NA
"771",999,"ALLARM","ALLARM.LT2","06/07/2007","12:00:00","TDS.1","M1",2435,"CMC","NTWQM",2007-06-07 12:00:00,0.1,"ISM","1","Water",NA,260,"MG/L",NA,NA,NA,NA,2,NA,1,1,"S","PARTNTID",NA,NA
"772",999,"ALLARM","ALLARM.WL","04/07/2007","12:00:00","TDS.1","M1",2420,"CMC","NTWQM",2007-04-07 12:00:00,0.1,"ISM","1","Water",NA,390,"MG/L",NA,NA,NA,NA,2,NA,1,1,"S","PARTNTID",NA,NA
"773",999,"ALLARM","ALLARM.LT9","08/07/2007","12:00:00","TDS.1","M1",2468,"CMC","NTWQM",2007-08-07 12:00:00,0.1,"ISM","1","Water",NA,290,"MG/L",NA,NA,NA,NA,2,NA,1,1,"S","PARTNTID",NA,NA
"774",999,"ALLARM","ALLARM.LT6","01/07/2007","12:00:00","TDS.1","M1",2375,"CMC","NTWQM",2007-01-07 12:00:00,0.1,"ISM","1","Water",NA,310,"MG/L",NA,NA,NA,NA,2,NA,1,1,"S","PARTNTID",NA,NA
"775",999,"ALLARM","ALLARM.LT4","04/07/2007","12:00:00","TDS.1","M1",2411,"CMC","NTWQM",2007-04-07 12:00:00,0.1,"ISM","1","Water",NA,280,"MG/L",NA,NA,NA,NA,2,NA,1,1,"S","PARTNTID",NA,NA
"776",999,"ALLARM","ALLARM.LT1","10/07/2007","12:00:00","TDS.1","M1",2486,"CMC","NTWQM",2007-10-07 12:00:00,0.1,"ISM","1","Water",NA,260,"MG/L",NA,NA,NA,NA,2,NA,1,1,"S","PARTNTID",NA,NA
"777",999,"ALLARM","ALLARM.LT2","12/01/2007","12:00:00","TDS.1","M1",2513,"CMC","NTWQM",2007-12-01 12:00:00,0.1,"ISM","1","Water",NA,330,"MG/L",NA,NA,NA,NA,2,NA,1,1,"S","PARTNTID",NA,NA
"778",999,"ALLARM","ALLARM.LT6","11/01/2007","12:00:00","TDS.1","M1",2504,"CMC","NTWQM",2007-11-01 12:00:00,0.1,"ISM","1","Water",NA,300,"MG/L",NA,NA,NA,NA,2,NA,1,1,"S","PARTNTID",NA,NA
"779",999,"ALLARM","ALLARM.LT7","11/01/2007","12:00:00","TDS.1","M1",2505,"CMC","NTWQM",2007-11-01 12:00:00,0.1,"ISM","1","Water",NA,300,"MG/L",NA,NA,NA,NA,2,NA,1,1,"S","PARTNTID",NA,NA
"780",999,"ALLARM","ALLARM.LT6","02/07/2007","12:00:00","TDS.1","M1",2387,"CMC","NTWQM",2007-02-07 12:00:00,0.1,"ISM","1","Water",NA,390,"MG/L",NA,NA,NA,NA,2,NA,1,1,"S","PARTNTID",NA,NA
"781",999,"ALLARM","ALLARM.LT1","11/01/2007","12:00:00","TDS.1","M1",2499,"CMC","NTWQM",2007-11-01 12:00:00,0.1,"ISM","1","Water",NA,300,"MG/L",NA,NA,NA,NA,2,NA,1,1,"S","PARTNTID",NA,NA
"782",999,"ALLARM","ALLARM.LT10","06/07/2007","12:00:00","TDS.1","M1",2443,"CMC","NTWQM",2007-06-07 12:00:00,0.1,"ISM","1","Water",NA,300,"MG/L",NA,NA,NA,NA,2,NA,1,1,"S","PARTNTID",NA,NA
"783",999,"ALLARM","ALLARM.WL","06/07/2007","12:00:00","TDS.1","M1",2446,"CMC","NTWQM",2007-06-07 12:00:00,0.1,"ISM","1","Water",NA,450,"MG/L",NA,NA,NA,NA,2,NA,1,1,"S","PARTNTID",NA,NA
"784",999,"ALLARM","ALLARM.LT6","05/07/2007","12:00:00","TDS.1","M1",2426,"CMC","NTWQM",2007-05-07 12:00:00,0.1,"ISM","1","Water",NA,260,"MG/L",NA,NA,NA,NA,2,NA,1,1,"S","PARTNTID",NA,NA
"785",999,"ALLARM","ALLARM.LT9","10/07/2007","12:00:00","TDS.1","M1",2494,"CMC","NTWQM",2007-10-07 12:00:00,0.1,"ISM","1","Water",NA,190,"MG/L",NA,NA,NA,NA,2,NA,1,1,"S","PARTNTID",NA,NA
"786",999,"ALLARM","ALLARM.LT1","12/01/2007","12:00:00","TDS.1","M1",2512,"CMC","NTWQM",2007-12-01 12:00:00,0.1,"ISM","1","Water",NA,330,"MG/L",NA,NA,NA,NA,2,NA,1,1,"S","PARTNTID",NA,NA
"787",999,"ALLARM","ALLARM.LT2","09/07/2007","12:00:00","TDS.1","M1",2474,"CMC","NTWQM",2007-09-07 12:00:00,0.1,"ISM","1","Water",NA,240,"MG/L",NA,NA,NA,NA,2,NA,1,1,"S","PARTNTID",NA,NA
"788",999,"ALLARM","ALLARM.MG2","10/07/2007","12:00:00","TDS.1","M1",2497,"CMC","NTWQM",2007-10-07 12:00:00,0.1,"ISM","1","Water",NA,50,"MG/L",NA,NA,NA,NA,2,NA,1,1,"S","PARTNTID",NA,NA
"789",999,"ALLARM","ALLARM.LT8","03/07/2007","12:00:00","TDS.1","M1",2402,"CMC","NTWQM",2007-03-07 12:00:00,0.1,"ISM","1","Water",NA,340,"MG/L",NA,NA,NA,NA,2,NA,1,1,"S","PARTNTID",NA,NA
"790",999,"ALLARM","ALLARM.LT10","05/07/2007","12:00:00","TDS.1","M1",2430,"CMC","NTWQM",2007-05-07 12:00:00,0.1,"ISM","1","Water",NA,290,"MG/L",NA,NA,NA,NA,2,NA,1,1,"S","PARTNTID",NA,NA
"791",999,"ALLARM","ALLARM.LT10","03/07/2007","12:00:00","TDS.1","M1",2404,"CMC","NTWQM",2007-03-07 12:00:00,0.1,"ISM","1","Water",NA,460,"MG/L",NA,NA,NA,NA,2,NA,1,1,"S","PARTNTID",NA,NA
"792",999,"ALLARM","ALLARM.LT10","01/07/2007","12:00:00","TDS.1","M1",2379,"CMC","NTWQM",2007-01-07 12:00:00,0.1,"ISM","1","Water",NA,400,"MG/L",NA,NA,NA,NA,2,NA,1,1,"S","PARTNTID",NA,NA
"793",999,"ALLARM","ALLARM.LT2","10/07/2007","12:00:00","TDS.1","M1",2487,"CMC","NTWQM",2007-10-07 12:00:00,0.1,"ISM","1","Water",NA,250,"MG/L",NA,NA,NA,NA,2,NA,1,1,"S","PARTNTID",NA,NA
"794",999,"ALLARM","ALLARM.LT4","07/07/2007","12:00:00","TDS.1","M1",2450,"CMC","NTWQM",2007-07-07 12:00:00,0.1,"ISM","1","Water",NA,270,"MG/L",NA,NA,NA,NA,2,NA,1,1,"S","PARTNTID",NA,NA
"795",999,"ALLARM","ALLARM.MG2","11/01/2007","12:00:00","TDS.1","M1",2510,"CMC","NTWQM",2007-11-01 12:00:00,0.1,"ISM","1","Water",NA,460,"MG/L",NA,NA,NA,NA,2,NA,1,1,"S","PARTNTID",NA,NA
"796",999,"ALLARM","ALLARM.LT8","02/07/2007","12:00:00","TDS.1","M1",2389,"CMC","NTWQM",2007-02-07 12:00:00,0.1,"ISM","1","Water",NA,340,"MG/L",NA,NA,NA,NA,2,NA,1,1,"S","PARTNTID",NA,NA
"797",999,"ALLARM","ALLARM.LT10","11/01/2007","12:00:00","TDS.1","M1",2508,"CMC","NTWQM",2007-11-01 12:00:00,0.1,"ISM","1","Water",NA,350,"MG/L",NA,NA,NA,NA,2,NA,1,1,"S","PARTNTID",NA,NA
"798",999,"ALLARM","ALLARM.LT10","02/07/2007","12:00:00","TDS.1","M1",2391,"CMC","NTWQM",2007-02-07 12:00:00,0.1,"ISM","1","Water",NA,400,"MG/L",NA,NA,NA,NA,2,NA,1,1,"S","PARTNTID",NA,NA
"799",999,"ALLARM","ALLARM.LT5","10/07/2007","12:00:00","TDS.1","M1",2490,"CMC","NTWQM",2007-10-07 12:00:00,0.1,"ISM","1","Water",NA,260,"MG/L",NA,NA,NA,NA,2,NA,1,1,"S","PARTNTID",NA,NA
"800",999,"ALLARM","ALLARM.LT4","08/07/2007","12:00:00","TDS.1","M1",2463,"CMC","NTWQM",2007-08-07 12:00:00,0.1,"ISM","1","Water",NA,280,"MG/L",NA,NA,NA,NA,2,NA,1,1,"S","PARTNTID",NA,NA
"801",999,"ALLARM","ALLARM.WL","09/07/2007","12:00:00","TDS.1","M1",2485,"CMC","NTWQM",2007-09-07 12:00:00,0.1,"ISM","1","Water",NA,350,"MG/L",NA,NA,NA,NA,2,NA,1,1,"S","PARTNTID",NA,NA
"802",999,"ALLARM","ALLARM.LT3","02/07/2007","12:00:00","TDS.1","M1",2384,"CMC","NTWQM",2007-02-07 12:00:00,0.1,"ISM","1","Water",NA,300,"MG/L",NA,NA,NA,NA,2,NA,1,1,"S","PARTNTID",NA,NA
"803",999,"ALLARM","ALLARM.MG1","09/07/2007","12:00:00","TDS.1","M1",2483,"CMC","NTWQM",2007-09-07 12:00:00,0.1,"ISM","1","Water",NA,430,"MG/L",NA,NA,NA,NA,2,NA,1,1,"S","PARTNTID",NA,NA
"804",999,"ALLARM","ALLARM.WL","12/01/2007","12:00:00","TDS.1","M1",2524,"CMC","NTWQM",2007-12-01 12:00:00,0.1,"ISM","1","Water",NA,410,"MG/L",NA,NA,NA,NA,2,NA,1,2,"VP","PARTNTID",NA,NA
"805",999,"ALLARM","ALLARM.LT4","09/07/2007","12:00:00","TDS.1","M1",2476,"CMC","NTWQM",2007-09-07 12:00:00,0.1,"ISM","1","Water",NA,250,"MG/L",NA,NA,NA,NA,2,NA,1,1,"S","PARTNTID",NA,NA
"806",999,"ALLARM","ALLARM.WL","03/07/2007","12:00:00","TDS.1","M1",2407,"CMC","NTWQM",2007-03-07 12:00:00,0.1,"ISM","1","Water",NA,450,"MG/L",NA,NA,NA,NA,2,NA,1,1,"S","PARTNTID",NA,NA
"807",999,"ALLARM","ALLARM.LT4","12/01/2007","12:00:00","TDS.1","M1",2515,"CMC","NTWQM",2007-12-01 12:00:00,0.1,"ISM","1","Water",NA,350,"MG/L",NA,NA,NA,NA,2,NA,1,1,"S","PARTNTID",NA,NA
"808",999,"ALLARM","ALLARM.LT8","12/01/2007","12:00:00","TDS.1","M1",2519,"CMC","NTWQM",2007-12-01 12:00:00,0.1,"ISM","1","Water",NA,360,"MG/L",NA,NA,NA,NA,2,NA,1,1,"S","PARTNTID",NA,NA
"809",999,"ALLARM","ALLARM.LT3","01/07/2007","12:00:00","TDS.1","M1",2372,"CMC","NTWQM",2007-01-07 12:00:00,0.1,"ISM","1","Water",NA,320,"MG/L",NA,NA,NA,NA,2,NA,1,1,"S","PARTNTID",NA,NA
"810",999,"ALLARM","ALLARM.LT5","07/07/2007","12:00:00","TDS.1","M1",2451,"CMC","NTWQM",2007-07-07 12:00:00,0.1,"ISM","1","Water",NA,260,"MG/L",NA,NA,NA,NA,2,NA,1,1,"S","PARTNTID",NA,NA
"811",999,"ALLARM","ALLARM.LT4","10/07/2007","12:00:00","TDS.1","M1",2489,"CMC","NTWQM",2007-10-07 12:00:00,0.1,"ISM","1","Water",NA,260,"MG/L",NA,NA,NA,NA,2,NA,1,1,"S","PARTNTID",NA,NA
"812",999,"ALLARM","ALLARM.LT5","05/07/2007","12:00:00","TDS.1","M1",2425,"CMC","NTWQM",2007-05-07 12:00:00,0.1,"ISM","1","Water",NA,260,"MG/L",NA,NA,NA,NA,2,NA,1,1,"S","PARTNTID",NA,NA
"813",999,"ALLARM","ALLARM.MG1","03/07/2007","12:00:00","TDS.1","M1",2405,"CMC","NTWQM",2007-03-07 12:00:00,0.1,"ISM","1","Water",NA,460,"MG/L",NA,NA,NA,NA,2,NA,1,1,"S","PARTNTID",NA,NA
"814",999,"ALLARM","ALLARM.LT6","08/07/2007","12:00:00","TDS.1","M1",2465,"CMC","NTWQM",2007-08-07 12:00:00,0.1,"ISM","1","Water",NA,280,"MG/L",NA,NA,NA,NA,2,NA,1,1,"S","PARTNTID",NA,NA
"815",999,"ALLARM","ALLARM.LT10","07/07/2007","12:00:00","TDS.1","M1",2456,"CMC","NTWQM",2007-07-07 12:00:00,0.1,"ISM","1","Water",NA,310,"MG/L",NA,NA,NA,NA,2,NA,1,1,"S","PARTNTID",NA,NA
"816",999,"ALLARM","ALLARM.LT7","10/07/2007","12:00:00","TDS.1","M1",2492,"CMC","NTWQM",2007-10-07 12:00:00,0.1,"ISM","1","Water",NA,230,"MG/L",NA,NA,NA,NA,2,NA,1,1,"S","PARTNTID",NA,NA
"817",999,"ALLARM","ALLARM.LT9","06/07/2007","12:00:00","TDS.1","M1",2442,"CMC","NTWQM",2007-06-07 12:00:00,0.1,"ISM","1","Water",NA,310,"MG/L",NA,NA,NA,NA,2,NA,1,1,"S","PARTNTID",NA,NA
"818",999,"ALLARM","ALLARM.LT9","11/01/2007","12:00:00","TDS.1","M1",2507,"CMC","NTWQM",2007-11-01 12:00:00,0.1,"ISM","1","Water",NA,380,"MG/L",NA,NA,NA,NA,2,NA,1,1,"S","PARTNTID",NA,NA
"819",999,"ALLARM","ALLARM.MG1","04/07/2007","12:00:00","TDS.1","M1",2418,"CMC","NTWQM",2007-04-07 12:00:00,0.1,"ISM","1","Water",NA,430,"MG/L",NA,NA,NA,NA,2,NA,1,1,"S","PARTNTID",NA,NA
"820",999,"ALLARM","ALLARM.LT10","08/07/2007","12:00:00","TDS.1","M1",2469,"CMC","NTWQM",2007-08-07 12:00:00,0.1,"ISM","1","Water",NA,280,"MG/L",NA,NA,NA,NA,2,NA,1,1,"S","PARTNTID",NA,NA
"821",999,"ALLARM","ALLARM.LT3","03/07/2007","12:00:00","TDS.1","M1",2397,"CMC","NTWQM",2007-03-07 12:00:00,0.1,"ISM","1","Water",NA,280,"MG/L",NA,NA,NA,NA,2,NA,1,1,"S","PARTNTID",NA,NA
"822",999,"ALLARM","ALLARM.LT3","10/07/2007","12:00:00","TDS.1","M1",2488,"CMC","NTWQM",2007-10-07 12:00:00,0.1,"ISM","1","Water",NA,270,"MG/L",NA,NA,NA,NA,2,NA,1,1,"S","PARTNTID",NA,NA
"823",999,"ALLARM","ALLARM.LT6","12/01/2007","12:00:00","TDS.1","M1",2517,"CMC","NTWQM",2007-12-01 12:00:00,0.1,"ISM","1","Water",NA,330,"MG/L",NA,NA,NA,NA,2,NA,1,1,"S","PARTNTID",NA,NA
"824",999,"ALLARM","ALLARM.MG1","08/07/2007","12:00:00","TDS.1","M1",2470,"CMC","NTWQM",2007-08-07 12:00:00,0.1,"ISM","1","Water",NA,90,"MG/L",NA,NA,NA,NA,2,NA,1,1,"S","PARTNTID",NA,NA
"825",999,"ALLARM","ALLARM.MG1","05/07/2007","12:00:00","TDS.1","M1",2431,"CMC","NTWQM",2007-05-07 12:00:00,0.1,"ISM","1","Water",NA,450,"MG/L",NA,NA,NA,NA,2,NA,1,1,"S","PARTNTID",NA,NA
"826",999,"ALLARM","ALLARM.LT5","01/07/2007","12:00:00","TDS.1","M1",2374,"CMC","NTWQM",2007-01-07 12:00:00,0.1,"ISM","1","Water",NA,310,"MG/L",NA,NA,NA,NA,2,NA,1,1,"S","PARTNTID",NA,NA
"827",999,"ALLARM","ALLARM.LT3","04/07/2007","12:00:00","TDS.1","M1",2410,"CMC","NTWQM",2007-04-07 12:00:00,0.1,"ISM","1","Water",NA,280,"MG/L",NA,NA,NA,NA,2,NA,1,1,"S","PARTNTID",NA,NA
"828",999,"ALLARM","ALLARM.MG2","12/01/2007","12:00:00","TDS.1","M1",2523,"CMC","NTWQM",2007-12-01 12:00:00,0.1,"ISM","1","Water",NA,510,"MG/L",NA,NA,NA,NA,2,NA,1,1,"S","PARTNTID",NA,NA
"829",999,"ALLARM","ALLARM.LT4","06/07/2007","12:00:00","TDS.1","M1",2437,"CMC","NTWQM",2007-06-07 12:00:00,0.1,"ISM","1","Water",NA,280,"MG/L",NA,NA,NA,NA,2,NA,1,1,"S","PARTNTID",NA,NA
"830",999,"ALLARM","ALLARM.LT3","09/07/2007","12:00:00","TDS.1","M1",2475,"CMC","NTWQM",2007-09-07 12:00:00,0.1,"ISM","1","Water",NA,260,"MG/L",NA,NA,NA,NA,2,NA,1,1,"S","PARTNTID",NA,NA
"831",999,"ALLARM","ALLARM.LT5","04/07/2007","12:00:00","TDS.1","M1",2412,"CMC","NTWQM",2007-04-07 12:00:00,0.1,"ISM","1","Water",NA,270,"MG/L",NA,NA,NA,NA,2,NA,1,1,"S","PARTNTID",NA,NA
"832",999,"ALLARM","ALLARM.LT5","02/07/2007","12:00:00","TDS.1","M1",2386,"CMC","NTWQM",2007-02-07 12:00:00,0.1,"ISM","1","Water",NA,300,"MG/L",NA,NA,NA,NA,2,NA,1,1,"S","PARTNTID",NA,NA
"833",999,"ALLARM","ALLARM.LT7","06/07/2007","12:00:00","TDS.1","M1",2440,"CMC","NTWQM",2007-06-07 12:00:00,0.1,"ISM","1","Water",NA,300,"MG/L",NA,NA,NA,NA,2,NA,1,1,"S","PARTNTID",NA,NA
"834",999,"ALLARM","ALLARM.LT3","05/07/2007","12:00:00","TDS.1","M1",2423,"CMC","NTWQM",2007-05-07 12:00:00,0.1,"ISM","1","Water",NA,280,"MG/L",NA,NA,NA,NA,2,NA,1,1,"S","PARTNTID",NA,NA
"835",999,"ALLARM","ALLARM.WL","08/07/2007","12:00:00","TDS.1","M1",2472,"CMC","NTWQM",2007-08-07 12:00:00,0.1,"ISM","1","Water",NA,110,"MG/L",NA,NA,NA,NA,2,NA,1,1,"S","PARTNTID",NA,NA
"836",999,"ALLARM","ALLARM.LT7","09/07/2007","12:00:00","TDS.1","M1",2479,"CMC","NTWQM",2007-09-07 12:00:00,0.1,"ISM","1","Water",NA,270,"MG/L",NA,NA,NA,NA,2,NA,1,1,"S","PARTNTID",NA,NA
"837",999,"ALLARM","ALLARM.LT6","07/07/2007","12:00:00","TDS.1","M1",2452,"CMC","NTWQM",2007-07-07 12:00:00,0.1,"ISM","1","Water",NA,280,"MG/L",NA,NA,NA,NA,2,NA,1,1,"S","PARTNTID",NA,NA
"838",999,"ALLARM","ALLARM.LT5","03/07/2007","12:00:00","TDS.1","M1",2399,"CMC","NTWQM",2007-03-07 12:00:00,0.1,"ISM","1","Water",NA,290,"MG/L",NA,NA,NA,NA,2,NA,1,1,"S","PARTNTID",NA,NA
"839",999,"ALLARM","ALLARM.LT2","11/01/2007","12:00:00","TDS.1","M1",2500,"CMC","NTWQM",2007-11-01 12:00:00,0.1,"ISM","1","Water",NA,280,"MG/L",NA,NA,NA,NA,2,NA,1,1,"S","PARTNTID",NA,NA
"840",999,"ALLARM","ALLARM.LT9","03/07/2007","12:00:00","TDS.1","M1",2403,"CMC","NTWQM",2007-03-07 12:00:00,0.1,"ISM","1","Water",NA,350,"MG/L",NA,NA,NA,NA,2,NA,1,1,"S","PARTNTID",NA,NA
"841",999,"ALLARM","ALLARM.LT9","01/07/2007","12:00:00","TDS.1","M1",2378,"CMC","NTWQM",2007-01-07 12:00:00,0.1,"ISM","1","Water",NA,350,"MG/L",NA,NA,NA,NA,2,NA,1,1,"S","PARTNTID",NA,NA
"842",999,"ALLARM","ALLARM.LT6","03/07/2007","12:00:00","TDS.1","M1",2400,"CMC","NTWQM",2007-03-07 12:00:00,0.1,"ISM","1","Water",NA,310,"MG/L",NA,NA,NA,NA,2,NA,1,1,"S","PARTNTID",NA,NA
"843",999,"ALLARM","ALLARM.LT5","08/07/2007","12:00:00","TDS.1","M1",2464,"CMC","NTWQM",2007-08-07 12:00:00,0.1,"ISM","1","Water",NA,280,"MG/L",NA,NA,NA,NA,2,NA,1,1,"S","PARTNTID",NA,NA
"844",999,"ALLARM","ALLARM.LT2","07/07/2007","12:00:00","TDS.1","M1",2448,"CMC","NTWQM",2007-07-07 12:00:00,0.1,"ISM","1","Water",NA,270,"MG/L",NA,NA,NA,NA,2,NA,1,1,"S","PARTNTID",NA,NA
"845",999,"ALLARM","ALLARM.WL","10/07/2007","12:00:00","TDS.1","M1",2498,"CMC","NTWQM",2007-10-07 12:00:00,0.1,"ISM","1","Water",NA,50,"MG/L",NA,NA,NA,NA,2,NA,1,1,"S","PARTNTID",NA,NA
"846",999,"ALLARM","ALLARM.LT6","06/07/2007","12:00:00","TDS.1","M1",2439,"CMC","NTWQM",2007-06-07 12:00:00,0.1,"ISM","1","Water",NA,280,"MG/L",NA,NA,NA,NA,2,NA,1,1,"S","PARTNTID",NA,NA
"847",999,"ALLARM","ALLARM.LT9","02/07/2007","12:00:00","TDS.1","M1",2390,"CMC","NTWQM",2007-02-07 12:00:00,0.1,"ISM","1","Water",NA,340,"MG/L",NA,NA,NA,NA,2,NA,1,1,"S","PARTNTID",NA,NA
"848",999,"ALLARM","ALLARM.LT6","09/07/2007","12:00:00","TDS.1","M1",2478,"CMC","NTWQM",2007-09-07 12:00:00,0.1,"ISM","1","Water",NA,250,"MG/L",NA,NA,NA,NA,2,NA,1,1,"S","PARTNTID",NA,NA
"849",999,"ALLARM","ALLARM.LT2","08/07/2007","12:00:00","TDS.1","M1",2461,"CMC","NTWQM",2007-08-07 12:00:00,0.1,"ISM","1","Water",NA,250,"MG/L",NA,NA,NA,NA,2,NA,1,1,"S","PARTNTID",NA,NA
"850",999,"ALLARM","ALLARM.LT4","05/07/2007","12:00:00","TDS.1","M1",2424,"CMC","NTWQM",2007-05-07 12:00:00,0.1,"ISM","1","Water",NA,260,"MG/L",NA,NA,NA,NA,2,NA,1,1,"S","PARTNTID",NA,NA
"851",999,"ALLARM","ALLARM.LT3","08/07/2007","12:00:00","TDS.1","M1",2462,"CMC","NTWQM",2007-08-07 12:00:00,0.1,"ISM","1","Water",NA,280,"MG/L",NA,NA,NA,NA,2,NA,1,1,"S","PARTNTID",NA,NA
"852",999,"ALLARM","ALLARM.LT7","07/07/2007","12:00:00","TDS.1","M1",2453,"CMC","NTWQM",2007-07-07 12:00:00,0.1,"ISM","1","Water",NA,290,"MG/L",NA,NA,NA,NA,2,NA,1,1,"S","PARTNTID",NA,NA
"853",999,"ALLARM","ALLARM.LT8","10/07/2007","12:00:00","TDS.1","M1",2493,"CMC","NTWQM",2007-10-07 12:00:00,0.1,"ISM","1","Water",NA,210,"MG/L",NA,NA,NA,NA,2,NA,1,1,"S","PARTNTID",NA,NA
"854",999,"ALLARM","ALLARM.LT3","11/01/2007","12:00:00","TDS.1","M1",2501,"CMC","NTWQM",2007-11-01 12:00:00,0.1,"ISM","1","Water",NA,310,"MG/L",NA,NA,NA,NA,2,NA,1,1,"S","PARTNTID",NA,NA
"855",999,"ALLARM","ALLARM.LT5","06/07/2007","12:00:00","TDS.1","M1",2438,"CMC","NTWQM",2007-06-07 12:00:00,0.1,"ISM","1","Water",NA,290,"MG/L",NA,NA,NA,NA,2,NA,1,1,"S","PARTNTID",NA,NA
"856",999,"ALLARM","ALLARM.LT6","10/07/2007","12:00:00","TDS.1","M1",2491,"CMC","NTWQM",2007-10-07 12:00:00,0.1,"ISM","1","Water",NA,240,"MG/L",NA,NA,NA,NA,2,NA,1,1,"S","PARTNTID",NA,NA
"857",999,"ALLARM","ALLARM.LT4","11/01/2007","12:00:00","TDS.1","M1",2502,"CMC","NTWQM",2007-11-01 12:00:00,0.1,"ISM","1","Water",NA,310,"MG/L",NA,NA,NA,NA,2,NA,1,1,"S","PARTNTID",NA,NA
"858",999,"ALLARM","ALLARM.LT5","11/01/2007","12:00:00","TDS.1","M1",2503,"CMC","NTWQM",2007-11-01 12:00:00,0.1,"ISM","1","Water",NA,300,"MG/L",NA,NA,NA,NA,2,NA,1,1,"S","PARTNTID",NA,NA
"859",999,"ALLARM","ALLARM.LT8","07/07/2007","12:00:00","TDS.1","M1",2454,"CMC","NTWQM",2007-07-07 12:00:00,0.1,"ISM","1","Water",NA,300,"MG/L",NA,NA,NA,NA,2,NA,1,1,"S","PARTNTID",NA,NA
"860",999,"ALLARM","ALLARM.LT5","09/07/2007","12:00:00","TDS.1","M1",2477,"CMC","NTWQM",2007-09-07 12:00:00,0.1,"ISM","1","Water",NA,250,"MG/L",NA,NA,NA,NA,2,NA,1,1,"S","PARTNTID",NA,NA
"861",999,"ALLARM","ALLARM.LT9","09/07/2007","12:00:00","TDS.1","M1",2481,"CMC","NTWQM",2007-09-07 12:00:00,0.1,"ISM","1","Water",NA,280,"MG/L",NA,NA,NA,NA,2,NA,1,1,"S","PARTNTID",NA,NA
"862",999,"ALLARM","ALLARM.LT8","09/07/2007","12:00:00","TDS.1","M1",2480,"CMC","NTWQM",2007-09-07 12:00:00,0.1,"ISM","1","Water",NA,280,"MG/L",NA,NA,NA,NA,2,NA,1,1,"S","PARTNTID",NA,NA
"863",999,"ALLARM","ALLARM.WL","05/07/2007","12:00:00","TDS.1","M1",2433,"CMC","NTWQM",2007-05-07 12:00:00,0.1,"ISM","1","Water",NA,450,"MG/L",NA,NA,NA,NA,2,NA,1,1,"S","PARTNTID",NA,NA
"864",999,"ALLARM","ALLARM.LT9","07/07/2007","12:00:00","TDS.1","M1",2455,"CMC","NTWQM",2007-07-07 12:00:00,0.1,"ISM","1","Water",NA,310,"MG/L",NA,NA,NA,NA,2,NA,1,1,"S","PARTNTID",NA,NA
"865",999,"ALLARM","ALLARM.LT8","05/07/2007","12:00:00","TDS.1","M1",2428,"CMC","NTWQM",2007-05-07 12:00:00,0.1,"ISM","1","Water",NA,300,"MG/L",NA,NA,NA,NA,2,NA,1,1,"S","PARTNTID",NA,NA
"866",999,"ALLARM","ALLARM.LT8","08/07/2007","12:00:00","TDS.1","M1",2467,"CMC","NTWQM",2007-08-07 12:00:00,0.1,"ISM","1","Water",NA,290,"MG/L",NA,NA,NA,NA,2,NA,1,1,"S","PARTNTID",NA,NA
"867",999,"ALLARM","ALLARM.LT9","04/07/2007","12:00:00","TDS.1","M1",2416,"CMC","NTWQM",2007-04-07 12:00:00,0.1,"ISM","1","Water",NA,290,"MG/L",NA,NA,NA,NA,2,NA,1,1,"S","PARTNTID",NA,NA
"868",999,"ALLARM","ALLARM.MG1","06/07/2007","12:00:00","TDS.1","M1",2444,"CMC","NTWQM",2007-06-07 12:00:00,0.1,"ISM","1","Water",NA,480,"MG/L",NA,NA,NA,NA,2,NA,1,1,"S","PARTNTID",NA,NA
"869",999,"ALLARM","ALLARM.LT6","04/07/2007","12:00:00","TDS.1","M1",2413,"CMC","NTWQM",2007-04-07 12:00:00,0.1,"ISM","1","Water",NA,270,"MG/L",NA,NA,NA,NA,2,NA,1,1,"S","PARTNTID",NA,NA
"870",999,"ALLARM","ALLARM.LT8","06/07/2007","12:00:00","TDS.1","M1",2441,"CMC","NTWQM",2007-06-07 12:00:00,0.1,"ISM","1","Water",NA,300,"MG/L",NA,NA,NA,NA,2,NA,1,1,"S","PARTNTID",NA,NA
