"","paramMethod","SOURCE","STATION","SAMPLE_DATE","SAMPLE_TIME","paramCode","SAMPLE_ID","EventId","AGENCY","PROGRAM","DateTime","DEPTH","SAMPLE_TYPE","TIER","Matrix","QUALIFIER","VALUE","UNITS","PROBLEM","LAB","labName","modifiedDate","detLimit","qaFlag","COMMENTS","count.x","count.y","LAYER","PROJECT","SampleAnalyticalMethodIdentifier","SubstanceIdentificationName","errorCode","errorName"
"876",999,"LRA","ALLARM.LT3","06/09/2009","12:00:00","TDS.1","M1",2748,"CMC","NTWQM",2009-06-09 12:00:00,0.3,"ISM",1,"Water",NA,290,"MG/L",NA,NA,NA,2017-10-30 10:22:30,NA,2,NA,1,1,"S","PARTNTID",NA,NA,4,"sample does not have an associated bay program method code"
"877",999,"LRA","ALLARM.WL","03/09/2009","12:00:00","NO3N.3","M1",2719,"CMC","NTWQM",2009-03-09 12:00:00,0.3,"ISM",2,"Water",NA,1.4,"MG/L",NA,NA,NA,2017-10-30 10:22:01,NA,2,NA,1,1,"S","PARTNTID",NA,NA,4,"sample does not have an associated bay program method code"
"878",999,"LRA","ALLARM.LT7","11/06/2009","12:00:00","NO3N.3","M1",2817,"CMC","NTWQM",2009-11-06 12:00:00,0.3,"ISM",2,"Water",NA,3.4,"MG/L",NA,NA,NA,2017-10-30 10:23:54,NA,2,NA,1,1,"S","PARTNTID",NA,NA,4,"sample does not have an associated bay program method code"
"879",999,"LRA","ALLARM.LT4","12/04/2009","12:00:00","TDS.1","M1",2827,"CMC","NTWQM",2009-12-04 12:00:00,0.3,"ISM",1,"Water",NA,380,"MG/L",NA,NA,NA,2017-10-30 10:24:07,NA,2,NA,1,1,"S","PARTNTID",NA,NA,4,"sample does not have an associated bay program method code"
"880",999,"LRA","ALLARM.LT3","07/09/2009","12:00:00","NO3N.3","M1",2761,"CMC","NTWQM",2009-07-09 12:00:00,0.3,"ISM",2,"Water",NA,4.95,"MG/L",NA,NA,NA,2017-10-30 10:22:45,NA,2,NA,1,1,"S","PARTNTID",NA,NA,4,"sample does not have an associated bay program method code"
"881",999,"LRA","ALLARM.LT7","11/06/2009","12:00:00","TDS.1","M1",2817,"CMC","NTWQM",2009-11-06 12:00:00,0.3,"ISM",1,"Water",NA,330,"MG/L",NA,NA,NA,2017-10-30 10:23:54,NA,2,NA,1,1,"S","PARTNTID",NA,NA,4,"sample does not have an associated bay program method code"
"882",999,"LRA","ALLARM.LT9","05/09/2009","12:00:00","NO3N.3","M1",2741,"CMC","NTWQM",2009-05-09 12:00:00,0.3,"ISM",2,"Water",NA,3.2,"MG/L",NA,NA,NA,2017-10-30 10:22:22,NA,2,NA,1,1,"S","PARTNTID",NA,NA,4,"sample does not have an associated bay program method code"
"883",999,"LRA","ALLARM.LT3","07/09/2009","12:00:00","TDS.1","M1",2761,"CMC","NTWQM",2009-07-09 12:00:00,0.3,"ISM",1,"Water",NA,300,"MG/L",NA,NA,NA,2017-10-30 10:22:45,NA,2,NA,1,1,"S","PARTNTID",NA,NA,4,"sample does not have an associated bay program method code"
"884",999,"LRA","ALLARM.LT6","06/09/2009","12:00:00","TDS.1","M1",2751,"CMC","NTWQM",2009-06-09 12:00:00,0.3,"ISM",1,"Water",NA,310,"MG/L",NA,NA,NA,2017-10-30 10:22:34,NA,2,NA,1,1,"S","PARTNTID",NA,NA,4,"sample does not have an associated bay program method code"
"885",999,"LRA","ALLARM.LT7","12/04/2009","12:00:00","NO3N.3","M1",2830,"CMC","NTWQM",2009-12-04 12:00:00,0.3,"ISM",2,"Water",NA,3.2,"MG/L",NA,NA,NA,2017-10-30 10:24:12,NA,2,NA,1,1,"S","PARTNTID",NA,NA,4,"sample does not have an associated bay program method code"
"886",999,"LRA","ALLARM.WL","04/09/2009","12:00:00","TDS.1","M1",2732,"CMC","NTWQM",2009-04-09 12:00:00,0.3,"ISM",1,"Water",NA,470,"MG/L",NA,NA,NA,2017-10-30 10:22:13,NA,2,NA,1,1,"S","PARTNTID",NA,NA,4,"sample does not have an associated bay program method code"
"887",999,"LRA","ALLARM.LT3","08/05/2009","12:00:00","NO3N.3","M1",2774,"CMC","NTWQM",2009-08-05 12:00:00,0.3,"ISM",2,"Water",NA,4,"MG/L",NA,NA,NA,2017-10-30 10:23:00,NA,2,NA,1,1,"S","PARTNTID",NA,NA,4,"sample does not have an associated bay program method code"
"888",999,"LRA","ALLARM.LT7","12/04/2009","12:00:00","TDS.1","M1",2830,"CMC","NTWQM",2009-12-04 12:00:00,0.3,"ISM",1,"Water",NA,340,"MG/L",NA,NA,NA,2017-10-30 10:24:12,NA,2,NA,1,1,"S","PARTNTID",NA,NA,4,"sample does not have an associated bay program method code"
"889",999,"LRA","ALLARM.LT3","08/05/2009","12:00:00","TDS.1","M1",2774,"CMC","NTWQM",2009-08-05 12:00:00,0.3,"ISM",1,"Water",NA,280,"MG/L",NA,NA,NA,2017-10-30 10:23:00,NA,2,NA,1,1,"S","PARTNTID",NA,NA,4,"sample does not have an associated bay program method code"
"890",999,"LRA","ALLARM.WL","05/09/2009","12:00:00","NO3N.3","M1",2745,"CMC","NTWQM",2009-05-09 12:00:00,0.3,"ISM",2,"Water",NA,1.4,"MG/L",NA,NA,NA,2017-10-30 10:22:27,NA,2,NA,1,1,"S","PARTNTID",NA,NA,4,"sample does not have an associated bay program method code"
"891",999,"LRA","ALLARM.LT6","07/09/2009","12:00:00","TDS.1","M1",2764,"CMC","NTWQM",2009-07-09 12:00:00,0.3,"ISM",1,"Water",NA,300,"MG/L",NA,NA,NA,2017-10-30 10:22:48,NA,2,NA,1,1,"S","PARTNTID",NA,NA,4,"sample does not have an associated bay program method code"
"892",999,"LRA","ALLARM.LT8","01/09/2009","12:00:00","NO3N.3","M1",2688,"CMC","NTWQM",2009-01-09 12:00:00,0.3,"ISM",2,"Water",NA,3.15,"MG/L",NA,NA,NA,2017-10-30 10:21:30,NA,2,NA,1,1,"S","PARTNTID",NA,NA,4,"sample does not have an associated bay program method code"
"893",999,"LRA","ALLARM.LT3","09/18/2009","12:00:00","NO3N.3","M1",2787,"CMC","NTWQM",2009-09-18 12:00:00,0.3,"ISM",2,"Water",NA,3.75,"MG/L",NA,NA,NA,2017-10-30 10:23:15,NA,2,NA,1,1,"S","PARTNTID",NA,NA,4,"sample does not have an associated bay program method code"
"894",999,"LRA","ALLARM.MG1","12/04/2009","12:00:00","NO3N.3","M1",2834,"CMC","NTWQM",2009-12-04 12:00:00,0.3,"ISM",2,"Water",NA,1.75,"MG/L",NA,NA,NA,2017-10-30 10:24:17,NA,2,NA,1,1,"S","PARTNTID",NA,NA,4,"sample does not have an associated bay program method code"
"895",999,"LRA","ALLARM.LT8","01/09/2009","12:00:00","TDS.1","M1",2688,"CMC","NTWQM",2009-01-09 12:00:00,0.3,"ISM",1,"Water",NA,350,"MG/L",NA,NA,NA,2017-10-30 10:21:30,NA,2,NA,1,1,"S","PARTNTID",NA,NA,4,"sample does not have an associated bay program method code"
"896",999,"LRA","ALLARM.LT3","09/18/2009","12:00:00","TDS.1","M1",2787,"CMC","NTWQM",2009-09-18 12:00:00,0.3,"ISM",1,"Water",NA,270,"MG/L",NA,NA,NA,2017-10-30 10:23:15,NA,2,NA,1,1,"S","PARTNTID",NA,NA,4,"sample does not have an associated bay program method code"
"897",999,"LRA","ALLARM.WL","06/09/2009","12:00:00","NO3N.3","M1",2758,"CMC","NTWQM",2009-06-09 12:00:00,0.3,"ISM",2,"Water",NA,2.4,"MG/L",NA,NA,NA,2017-10-30 10:22:41,NA,2,NA,1,1,"S","PARTNTID",NA,NA,4,"sample does not have an associated bay program method code"
"898",999,"LRA","ALLARM.LT6","08/05/2009","12:00:00","TDS.1","M1",2777,"CMC","NTWQM",2009-08-05 12:00:00,0.3,"ISM",1,"Water",NA,290,"MG/L",NA,NA,NA,2017-10-30 10:23:03,NA,2,NA,1,1,"S","PARTNTID",NA,NA,4,"sample does not have an associated bay program method code"
"899",999,"LRA","ALLARM.LT8","02/09/2009","12:00:00","NO3N.3","M1",2701,"CMC","NTWQM",2009-02-09 12:00:00,0.3,"ISM",2,"Water",NA,3.05,"MG/L",NA,NA,NA,2017-10-30 10:21:42,NA,2,NA,1,1,"S","PARTNTID",NA,NA,4,"sample does not have an associated bay program method code"
"900",999,"LRA","ALLARM.LT3","10/02/2009","12:00:00","NO3N.3","M1",2800,"CMC","NTWQM",2009-10-02 12:00:00,0.3,"ISM",2,"Water",NA,3.3,"MG/L",NA,NA,NA,2017-10-30 10:23:32,NA,2,NA,1,1,"S","PARTNTID",NA,NA,4,"sample does not have an associated bay program method code"
"901",999,"LRA","ALLARM.MG2","01/09/2009","12:00:00","NO3N.3","M1",2692,"CMC","NTWQM",2009-01-09 12:00:00,0.3,"ISM",2,"Water",NA,1.2,"MG/L",NA,NA,NA,2017-10-30 10:21:33,NA,2,NA,1,1,"S","PARTNTID",NA,NA,4,"sample does not have an associated bay program method code"
"902",999,"LRA","ALLARM.LT8","02/09/2009","12:00:00","TDS.1","M1",2701,"CMC","NTWQM",2009-02-09 12:00:00,0.3,"ISM",1,"Water",NA,350,"MG/L",NA,NA,NA,2017-10-30 10:21:42,NA,2,NA,1,1,"S","PARTNTID",NA,NA,4,"sample does not have an associated bay program method code"
"903",999,"LRA","ALLARM.LT3","10/02/2009","12:00:00","TDS.1","M1",2800,"CMC","NTWQM",2009-10-02 12:00:00,0.3,"ISM",1,"Water",NA,280,"MG/L",NA,NA,NA,2017-10-30 10:23:32,NA,2,NA,1,1,"S","PARTNTID",NA,NA,4,"sample does not have an associated bay program method code"
"904",999,"LRA","ALLARM.WL","07/09/2009","12:00:00","NO3N.3","M1",2771,"CMC","NTWQM",2009-07-09 12:00:00,0.3,"ISM",2,"Water",NA,0.7,"MG/L",NA,NA,NA,2017-10-30 10:22:56,NA,2,NA,1,1,"S","PARTNTID",NA,NA,4,"sample does not have an associated bay program method code"
"905",999,"LRA","ALLARM.LT6","09/18/2009","12:00:00","TDS.1","M1",2790,"CMC","NTWQM",2009-09-18 12:00:00,0.3,"ISM",1,"Water",NA,280,"MG/L",NA,NA,NA,2017-10-30 10:23:19,NA,2,NA,1,1,"S","PARTNTID",NA,NA,4,"sample does not have an associated bay program method code"
"906",999,"LRA","ALLARM.LT8","03/09/2009","12:00:00","NO3N.3","M1",2714,"CMC","NTWQM",2009-03-09 12:00:00,0.3,"ISM",2,"Water",NA,2.6,"MG/L",NA,NA,NA,2017-10-30 10:21:56,NA,2,NA,1,1,"S","PARTNTID",NA,NA,4,"sample does not have an associated bay program method code"
"907",999,"LRA","ALLARM.LT3","11/06/2009","12:00:00","NO3N.3","M1",2813,"CMC","NTWQM",2009-11-06 12:00:00,0.3,"ISM",2,"Water",NA,3.6,"MG/L",NA,NA,NA,2017-10-30 10:23:49,NA,2,NA,1,1,"S","PARTNTID",NA,NA,4,"sample does not have an associated bay program method code"
"908",999,"LRA","ALLARM.MG2","02/09/2009","12:00:00","NO3N.3","M1",2705,"CMC","NTWQM",2009-02-09 12:00:00,0.3,"ISM",2,"Water",NA,1.8,"MG/L",NA,NA,NA,2017-10-30 10:21:47,NA,2,NA,1,1,"S","PARTNTID",NA,NA,4,"sample does not have an associated bay program method code"
"909",999,"LRA","ALLARM.LT8","03/09/2009","12:00:00","TDS.1","M1",2714,"CMC","NTWQM",2009-03-09 12:00:00,0.3,"ISM",1,"Water",NA,330,"MG/L",NA,NA,NA,2017-10-30 10:21:56,NA,2,NA,1,1,"S","PARTNTID",NA,NA,4,"sample does not have an associated bay program method code"
"910",999,"LRA","ALLARM.LT3","11/06/2009","12:00:00","TDS.1","M1",2813,"CMC","NTWQM",2009-11-06 12:00:00,0.3,"ISM",1,"Water",NA,290,"MG/L",NA,NA,NA,2017-10-30 10:23:49,NA,2,NA,1,1,"S","PARTNTID",NA,NA,4,"sample does not have an associated bay program method code"
"911",999,"LRA","ALLARM.WL","08/05/2009","12:00:00","NO3N.3","M1",2784,"CMC","NTWQM",2009-08-05 12:00:00,0.3,"ISM",2,"Water",NA,0.2,"MG/L",NA,NA,NA,2017-10-30 10:23:12,NA,2,NA,1,1,"S","PARTNTID",NA,NA,4,"sample does not have an associated bay program method code"
"912",999,"LRA","ALLARM.LT6","10/02/2009","12:00:00","TDS.1","M1",2803,"CMC","NTWQM",2009-10-02 12:00:00,0.3,"ISM",1,"Water",NA,300,"MG/L",NA,NA,NA,2017-10-30 10:23:36,NA,2,NA,1,1,"S","PARTNTID",NA,NA,4,"sample does not have an associated bay program method code"
"913",999,"LRA","ALLARM.LT8","04/09/2009","12:00:00","NO3N.3","M1",2727,"CMC","NTWQM",2009-04-09 12:00:00,0.3,"ISM",2,"Water",NA,3.8,"MG/L",NA,NA,NA,2017-10-30 10:22:08,NA,2,NA,1,1,"S","PARTNTID",NA,NA,4,"sample does not have an associated bay program method code"
"914",999,"LRA","ALLARM.LT3","12/04/2009","12:00:00","NO3N.3","M1",2826,"CMC","NTWQM",2009-12-04 12:00:00,0.3,"ISM",2,"Water",NA,4.85,"MG/L",NA,NA,NA,2017-10-30 10:24:06,NA,2,NA,1,1,"S","PARTNTID",NA,NA,4,"sample does not have an associated bay program method code"
"915",999,"LRA","ALLARM.MG2","03/09/2009","12:00:00","NO3N.3","M1",2718,"CMC","NTWQM",2009-03-09 12:00:00,0.3,"ISM",2,"Water",NA,1.6,"MG/L",NA,NA,NA,2017-10-30 10:22:00,NA,2,NA,1,1,"S","PARTNTID",NA,NA,4,"sample does not have an associated bay program method code"
"916",999,"LRA","ALLARM.LT8","04/09/2009","12:00:00","TDS.1","M1",2727,"CMC","NTWQM",2009-04-09 12:00:00,0.3,"ISM",1,"Water",NA,330,"MG/L",NA,NA,NA,2017-10-30 10:22:08,NA,2,NA,1,1,"S","PARTNTID",NA,NA,4,"sample does not have an associated bay program method code"
"917",999,"LRA","ALLARM.LT3","12/04/2009","12:00:00","TDS.1","M1",2826,"CMC","NTWQM",2009-12-04 12:00:00,0.3,"ISM",1,"Water",NA,300,"MG/L",NA,NA,NA,2017-10-30 10:24:06,NA,2,NA,1,1,"S","PARTNTID",NA,NA,4,"sample does not have an associated bay program method code"
"918",999,"LRA","ALLARM.WL","09/18/2009","12:00:00","NO3N.3","M1",2797,"CMC","NTWQM",2009-09-18 12:00:00,0.3,"ISM",2,"Water",NA,0.15,"MG/L",NA,NA,NA,2017-10-30 10:23:28,NA,2,NA,1,1,"S","PARTNTID",NA,NA,4,"sample does not have an associated bay program method code"
"919",999,"LRA","ALLARM.LT6","11/06/2009","12:00:00","TDS.1","M1",2816,"CMC","NTWQM",2009-11-06 12:00:00,0.3,"ISM",1,"Water",NA,310,"MG/L",NA,NA,NA,2017-10-30 10:23:53,NA,2,NA,1,1,"S","PARTNTID",NA,NA,4,"sample does not have an associated bay program method code"
"920",999,"LRA","ALLARM.LT8","05/09/2009","12:00:00","NO3N.3","M1",2740,"CMC","NTWQM",2009-05-09 12:00:00,0.3,"ISM",2,"Water",NA,2.5,"MG/L",NA,NA,NA,2017-10-30 10:22:21,NA,2,NA,1,1,"S","PARTNTID",NA,NA,4,"sample does not have an associated bay program method code"
"921",999,"LRA","ALLARM.LT4","01/09/2009","12:00:00","NO3N.3","M1",2684,"CMC","NTWQM",2009-01-09 12:00:00,0.3,"ISM",2,"Water",NA,3.55,"MG/L",NA,NA,NA,2017-10-30 10:21:26,NA,2,NA,1,1,"S","PARTNTID",NA,NA,4,"sample does not have an associated bay program method code"
"922",999,"LRA","ALLARM.MG2","04/09/2009","12:00:00","NO3N.3","M1",2731,"CMC","NTWQM",2009-04-09 12:00:00,0.3,"ISM",2,"Water",NA,2.1,"MG/L",NA,NA,NA,2017-10-30 10:22:12,NA,2,NA,1,1,"S","PARTNTID",NA,NA,4,"sample does not have an associated bay program method code"
"923",999,"LRA","ALLARM.LT8","05/09/2009","12:00:00","TDS.1","M1",2740,"CMC","NTWQM",2009-05-09 12:00:00,0.3,"ISM",1,"Water",NA,340,"MG/L",NA,NA,NA,2017-10-30 10:22:21,NA,2,NA,1,1,"S","PARTNTID",NA,NA,4,"sample does not have an associated bay program method code"
"924",999,"LRA","ALLARM.LT4","01/09/2009","12:00:00","TDS.1","M1",2684,"CMC","NTWQM",2009-01-09 12:00:00,0.3,"ISM",1,"Water",NA,320,"MG/L",NA,NA,NA,2017-10-30 10:21:26,NA,2,NA,1,1,"S","PARTNTID",NA,NA,4,"sample does not have an associated bay program method code"
"925",999,"LRA","ALLARM.WL","10/02/2009","12:00:00","NO3N.3","M1",2810,"CMC","NTWQM",2009-10-02 12:00:00,0.3,"ISM",2,"Water",NA,0.2,"MG/L",NA,NA,NA,2017-10-30 10:23:45,NA,2,NA,1,1,"S","PARTNTID",NA,NA,4,"sample does not have an associated bay program method code"
"926",999,"LRA","ALLARM.LT6","12/04/2009","12:00:00","TDS.1","M1",2829,"CMC","NTWQM",2009-12-04 12:00:00,0.3,"ISM",1,"Water",NA,310,"MG/L",NA,NA,NA,2017-10-30 10:24:10,NA,2,NA,1,1,"S","PARTNTID",NA,NA,4,"sample does not have an associated bay program method code"
"927",999,"LRA","ALLARM.LT8","06/09/2009","12:00:00","NO3N.3","M1",2753,"CMC","NTWQM",2009-06-09 12:00:00,0.3,"ISM",2,"Water",NA,3.6,"MG/L",NA,NA,NA,2017-10-30 10:22:35,NA,2,NA,1,1,"S","PARTNTID",NA,NA,4,"sample does not have an associated bay program method code"
"928",999,"LRA","ALLARM.LT4","02/09/2009","12:00:00","NO3N.3","M1",2697,"CMC","NTWQM",2009-02-09 12:00:00,0.3,"ISM",2,"Water",NA,3.25,"MG/L",NA,NA,NA,2017-10-30 10:21:38,NA,2,NA,1,1,"S","PARTNTID",NA,NA,4,"sample does not have an associated bay program method code"
"929",999,"LRA","ALLARM.MG2","05/09/2009","12:00:00","NO3N.3","M1",2744,"CMC","NTWQM",2009-05-09 12:00:00,0.3,"ISM",2,"Water",NA,1.6,"MG/L",NA,NA,NA,2017-10-30 10:22:26,NA,2,NA,1,1,"S","PARTNTID",NA,NA,4,"sample does not have an associated bay program method code"
"930",999,"LRA","ALLARM.LT8","06/09/2009","12:00:00","TDS.1","M1",2753,"CMC","NTWQM",2009-06-09 12:00:00,0.3,"ISM",1,"Water",NA,320,"MG/L",NA,NA,NA,2017-10-30 10:22:35,NA,2,NA,1,1,"S","PARTNTID",NA,NA,4,"sample does not have an associated bay program method code"
"931",999,"LRA","ALLARM.LT4","02/09/2009","12:00:00","TDS.1","M1",2697,"CMC","NTWQM",2009-02-09 12:00:00,0.3,"ISM",1,"Water",NA,310,"MG/L",NA,NA,NA,2017-10-30 10:21:38,NA,2,NA,1,1,"S","PARTNTID",NA,NA,4,"sample does not have an associated bay program method code"
"932",999,"LRA","ALLARM.WL","11/06/2009","12:00:00","NO3N.3","M1",2823,"CMC","NTWQM",2009-11-06 12:00:00,0.3,"ISM",2,"Water",NA,0.3,"MG/L",NA,NA,NA,2017-10-30 10:24:02,NA,2,NA,1,1,"S","PARTNTID",NA,NA,4,"sample does not have an associated bay program method code"
"933",999,"LRA","ALLARM.LT7","01/09/2009","12:00:00","TDS.1","M1",2687,"CMC","NTWQM",2009-01-09 12:00:00,0.3,"ISM",1,"Water",NA,350,"MG/L",NA,NA,NA,2017-10-30 10:21:29,NA,2,NA,1,1,"S","PARTNTID",NA,NA,4,"sample does not have an associated bay program method code"
"934",999,"LRA","ALLARM.LT8","07/09/2009","12:00:00","NO3N.3","M1",2766,"CMC","NTWQM",2009-07-09 12:00:00,0.3,"ISM",2,"Water",NA,4.15,"MG/L",NA,NA,NA,2017-10-30 10:22:50,NA,2,NA,1,1,"S","PARTNTID",NA,NA,4,"sample does not have an associated bay program method code"
"935",999,"LRA","ALLARM.LT4","03/09/2009","12:00:00","NO3N.3","M1",2710,"CMC","NTWQM",2009-03-09 12:00:00,0.3,"ISM",2,"Water",NA,3.9,"MG/L",NA,NA,NA,2017-10-30 10:21:52,NA,2,NA,1,1,"S","PARTNTID",NA,NA,4,"sample does not have an associated bay program method code"
"936",999,"LRA","ALLARM.MG2","06/09/2009","12:00:00","NO3N.3","M1",2757,"CMC","NTWQM",2009-06-09 12:00:00,0.3,"ISM",2,"Water",NA,2.15,"MG/L",NA,NA,NA,2017-10-30 10:22:40,NA,2,NA,1,1,"S","PARTNTID",NA,NA,4,"sample does not have an associated bay program method code"
"937",999,"LRA","ALLARM.LT8","07/09/2009","12:00:00","TDS.1","M1",2766,"CMC","NTWQM",2009-07-09 12:00:00,0.3,"ISM",1,"Water",NA,330,"MG/L",NA,NA,NA,2017-10-30 10:22:50,NA,2,NA,1,1,"S","PARTNTID",NA,NA,4,"sample does not have an associated bay program method code"
"938",999,"LRA","ALLARM.LT4","03/09/2009","12:00:00","TDS.1","M1",2710,"CMC","NTWQM",2009-03-09 12:00:00,0.3,"ISM",1,"Water",NA,310,"MG/L",NA,NA,NA,2017-10-30 10:21:52,NA,2,NA,1,1,"S","PARTNTID",NA,NA,4,"sample does not have an associated bay program method code"
"939",999,"LRA","ALLARM.WL","12/04/2009","12:00:00","NO3N.3","M1",2836,"CMC","NTWQM",2009-12-04 12:00:00,0.3,"ISM",2,"Water",NA,0.5,"MG/L",NA,NA,NA,2017-10-30 10:24:19,NA,2,NA,1,1,"S","PARTNTID",NA,NA,4,"sample does not have an associated bay program method code"
"940",999,"LRA","ALLARM.LT7","02/09/2009","12:00:00","TDS.1","M1",2700,"CMC","NTWQM",2009-02-09 12:00:00,0.3,"ISM",1,"Water",NA,350,"MG/L",NA,NA,NA,2017-10-30 10:21:41,NA,2,NA,1,1,"S","PARTNTID",NA,NA,4,"sample does not have an associated bay program method code"
"941",999,"LRA","ALLARM.LT8","08/05/2009","12:00:00","NO3N.3","M1",2779,"CMC","NTWQM",2009-08-05 12:00:00,0.3,"ISM",2,"Water",NA,3.3,"MG/L",NA,NA,NA,2017-10-30 10:23:06,NA,2,NA,1,1,"S","PARTNTID",NA,NA,4,"sample does not have an associated bay program method code"
"942",999,"LRA","ALLARM.LT4","04/09/2009","12:00:00","NO3N.3","M1",2723,"CMC","NTWQM",2009-04-09 12:00:00,0.3,"ISM",2,"Water",NA,4.4,"MG/L",NA,NA,NA,2017-10-30 10:22:04,NA,2,NA,1,1,"S","PARTNTID",NA,NA,4,"sample does not have an associated bay program method code"
"943",999,"LRA","ALLARM.MG2","07/09/2009","12:00:00","NO3N.3","M1",2770,"CMC","NTWQM",2009-07-09 12:00:00,0.3,"ISM",2,"Water",NA,1.9,"MG/L",NA,NA,NA,2017-10-30 10:22:55,NA,2,NA,1,1,"S","PARTNTID",NA,NA,4,"sample does not have an associated bay program method code"
"944",999,"LRA","ALLARM.LT4","04/09/2009","12:00:00","TDS.1","M1",2723,"CMC","NTWQM",2009-04-09 12:00:00,0.3,"ISM",1,"Water",NA,290,"MG/L",NA,NA,NA,2017-10-30 10:22:04,NA,2,NA,1,1,"S","PARTNTID",NA,NA,4,"sample does not have an associated bay program method code"
"945",999,"LRA","ALLARM.MG1","02/09/2009","12:00:00","NO3N.3","M1",2704,"CMC","NTWQM",2009-02-09 12:00:00,0.3,"ISM",2,"Water",NA,1.75,"MG/L",NA,NA,NA,2017-10-30 10:21:45,NA,2,NA,1,1,"S","PARTNTID",NA,NA,4,"sample does not have an associated bay program method code"
"946",999,"LRA","ALLARM.LT5","10/02/2009","12:00:00","NO3N.3","M1",2802,"CMC","NTWQM",2009-10-02 12:00:00,0.3,"ISM",2,"Water",NA,3.1,"MG/L",NA,NA,NA,2017-10-30 10:23:34,NA,2,NA,1,1,"S","PARTNTID",NA,NA,4,"sample does not have an associated bay program method code"
"947",999,"LRA","ALLARM.LT7","03/09/2009","12:00:00","TDS.1","M1",2713,"CMC","NTWQM",2009-03-09 12:00:00,0.3,"ISM",1,"Water",NA,330,"MG/L",NA,NA,NA,2017-10-30 10:21:55,NA,2,NA,1,1,"S","PARTNTID",NA,NA,4,"sample does not have an associated bay program method code"
"948",999,"LRA","ALLARM.LT4","05/09/2009","12:00:00","NO3N.3","M1",2736,"CMC","NTWQM",2009-05-09 12:00:00,0.3,"ISM",2,"Water",NA,3.7,"MG/L",NA,NA,NA,2017-10-30 10:22:17,NA,2,NA,1,1,"S","PARTNTID",NA,NA,4,"sample does not have an associated bay program method code"
"949",999,"LRA","ALLARM.LT5","10/02/2009","12:00:00","TDS.1","M1",2802,"CMC","NTWQM",2009-10-02 12:00:00,0.3,"ISM",1,"Water",NA,290,"MG/L",NA,NA,NA,2017-10-30 10:23:34,NA,2,NA,1,1,"S","PARTNTID",NA,NA,4,"sample does not have an associated bay program method code"
"950",999,"LRA","ALLARM.LT1","01/09/2009","12:00:00","NO3N.3","M1",2681,"CMC","NTWQM",2009-01-09 12:00:00,0.3,"ISM",2,"Water",NA,3.9,"MG/L",NA,NA,NA,2017-10-30 10:21:24,NA,2,NA,1,1,"S","PARTNTID",NA,NA,4,"sample does not have an associated bay program method code"
"951",999,"LRA","ALLARM.LT4","05/09/2009","12:00:00","TDS.1","M1",2736,"CMC","NTWQM",2009-05-09 12:00:00,0.3,"ISM",1,"Water",NA,300,"MG/L",NA,NA,NA,2017-10-30 10:22:17,NA,2,NA,1,1,"S","PARTNTID",NA,NA,4,"sample does not have an associated bay program method code"
"952",999,"LRA","ALLARM.MG1","03/09/2009","12:00:00","NO3N.3","M1",2717,"CMC","NTWQM",2009-03-09 12:00:00,0.3,"ISM",2,"Water",NA,1.7,"MG/L",NA,NA,NA,2017-10-30 10:21:58,NA,2,NA,1,1,"S","PARTNTID",NA,NA,4,"sample does not have an associated bay program method code"
"953",999,"LRA","ALLARM.LT1","01/09/2009","12:00:00","TDS.1","M1",2681,"CMC","NTWQM",2009-01-09 12:00:00,0.3,"ISM",1,"Water",NA,320,"MG/L",NA,NA,NA,2017-10-30 10:21:24,NA,2,NA,1,1,"S","PARTNTID",NA,NA,4,"sample does not have an associated bay program method code"
"954",999,"LRA","ALLARM.LT7","04/09/2009","12:00:00","TDS.1","M1",2726,"CMC","NTWQM",2009-04-09 12:00:00,0.3,"ISM",1,"Water",NA,320,"MG/L",NA,NA,NA,2017-10-30 10:22:07,NA,2,NA,1,1,"S","PARTNTID",NA,NA,4,"sample does not have an associated bay program method code"
"955",999,"LRA","ALLARM.LT4","06/09/2009","12:00:00","NO3N.3","M1",2749,"CMC","NTWQM",2009-06-09 12:00:00,0.3,"ISM",2,"Water",NA,4.35,"MG/L",NA,NA,NA,2017-10-30 10:22:31,NA,2,NA,1,1,"S","PARTNTID",NA,NA,4,"sample does not have an associated bay program method code"
"956",999,"LRA","ALLARM.LT5","11/06/2009","12:00:00","TDS.1","M1",2815,"CMC","NTWQM",2009-11-06 12:00:00,0.3,"ISM",1,"Water",NA,310,"MG/L",NA,NA,NA,2017-10-30 10:23:51,NA,2,NA,1,1,"S","PARTNTID",NA,NA,4,"sample does not have an associated bay program method code"
"957",999,"LRA","ALLARM.LT1","02/09/2009","12:00:00","NO3N.3","M1",2694,"CMC","NTWQM",2009-02-09 12:00:00,0.3,"ISM",2,"Water",NA,4.25,"MG/L",NA,NA,NA,2017-10-30 10:21:35,NA,2,NA,1,1,"S","PARTNTID",NA,NA,4,"sample does not have an associated bay program method code"
"958",999,"LRA","ALLARM.LT4","06/09/2009","12:00:00","TDS.1","M1",2749,"CMC","NTWQM",2009-06-09 12:00:00,0.3,"ISM",1,"Water",NA,300,"MG/L",NA,NA,NA,2017-10-30 10:22:31,NA,2,NA,1,1,"S","PARTNTID",NA,NA,4,"sample does not have an associated bay program method code"
"959",999,"LRA","ALLARM.MG1","04/09/2009","12:00:00","NO3N.3","M1",2730,"CMC","NTWQM",2009-04-09 12:00:00,0.3,"ISM",2,"Water",NA,2.2,"MG/L",NA,NA,NA,2017-10-30 10:22:11,NA,2,NA,1,1,"S","PARTNTID",NA,NA,4,"sample does not have an associated bay program method code"
"960",999,"LRA","ALLARM.LT1","02/09/2009","12:00:00","TDS.1","M1",2694,"CMC","NTWQM",2009-02-09 12:00:00,0.3,"ISM",1,"Water",NA,300,"MG/L",NA,NA,NA,2017-10-30 10:21:35,NA,2,NA,1,1,"S","PARTNTID",NA,NA,4,"sample does not have an associated bay program method code"
"961",999,"LRA","ALLARM.LT7","05/09/2009","12:00:00","TDS.1","M1",2739,"CMC","NTWQM",2009-05-09 12:00:00,0.3,"ISM",1,"Water",NA,330,"MG/L",NA,NA,NA,2017-10-30 10:22:20,NA,2,NA,1,1,"S","PARTNTID",NA,NA,4,"sample does not have an associated bay program method code"
"962",999,"LRA","ALLARM.LT4","07/09/2009","12:00:00","NO3N.3","M1",2762,"CMC","NTWQM",2009-07-09 12:00:00,0.3,"ISM",2,"Water",NA,4.75,"MG/L",NA,NA,NA,2017-10-30 10:22:46,NA,2,NA,1,1,"S","PARTNTID",NA,NA,4,"sample does not have an associated bay program method code"
"963",999,"LRA","ALLARM.LT5","12/04/2009","12:00:00","TDS.1","M1",2828,"CMC","NTWQM",2009-12-04 12:00:00,0.3,"ISM",1,"Water",NA,300,"MG/L",NA,NA,NA,2017-10-30 10:24:09,NA,2,NA,1,1,"S","PARTNTID",NA,NA,4,"sample does not have an associated bay program method code"
"964",999,"LRA","ALLARM.LT1","03/09/2009","12:00:00","NO3N.3","M1",2707,"CMC","NTWQM",2009-03-09 12:00:00,0.3,"ISM",2,"Water",NA,3.7,"MG/L",NA,NA,NA,2017-10-30 10:21:49,NA,2,NA,1,1,"S","PARTNTID",NA,NA,4,"sample does not have an associated bay program method code"
"965",999,"LRA","ALLARM.LT4","07/09/2009","12:00:00","TDS.1","M1",2762,"CMC","NTWQM",2009-07-09 12:00:00,0.3,"ISM",1,"Water",NA,300,"MG/L",NA,NA,NA,2017-10-30 10:22:46,NA,2,NA,1,1,"S","PARTNTID",NA,NA,4,"sample does not have an associated bay program method code"
"966",999,"LRA","ALLARM.MG1","05/09/2009","12:00:00","NO3N.3","M1",2743,"CMC","NTWQM",2009-05-09 12:00:00,0.3,"ISM",2,"Water",NA,1.8,"MG/L",NA,NA,NA,2017-10-30 10:22:25,NA,2,NA,1,1,"S","PARTNTID",NA,NA,4,"sample does not have an associated bay program method code"
"967",999,"LRA","ALLARM.LT1","03/09/2009","12:00:00","TDS.1","M1",2707,"CMC","NTWQM",2009-03-09 12:00:00,0.3,"ISM",1,"Water",NA,320,"MG/L",NA,NA,NA,2017-10-30 10:21:49,NA,2,NA,1,1,"S","PARTNTID",NA,NA,4,"sample does not have an associated bay program method code"
"968",999,"LRA","ALLARM.LT8","12/04/2009","12:00:00","NO3N.3","M1",2831,"CMC","NTWQM",2009-12-04 12:00:00,0.3,"ISM",2,"Water",NA,3.55,"MG/L",NA,NA,NA,2017-10-30 10:24:13,NA,2,NA,1,1,"S","PARTNTID",NA,NA,4,"sample does not have an associated bay program method code"
"969",999,"LRA","ALLARM.LT4","08/05/2009","12:00:00","NO3N.3","M1",2775,"CMC","NTWQM",2009-08-05 12:00:00,0.3,"ISM",2,"Water",NA,3.8,"MG/L",NA,NA,NA,2017-10-30 10:23:01,NA,2,NA,1,1,"S","PARTNTID",NA,NA,4,"sample does not have an associated bay program method code"
"970",999,"LRA","ALLARM.LT6","01/09/2009","12:00:00","TDS.1","M1",2686,"CMC","NTWQM",2009-01-09 12:00:00,0.3,"ISM",1,"Water",NA,330,"MG/L",NA,NA,NA,2017-10-30 10:21:28,NA,2,NA,1,1,"S","PARTNTID",NA,NA,4,"sample does not have an associated bay program method code"
"971",999,"LRA","ALLARM.LT1","04/09/2009","12:00:00","NO3N.3","M1",2720,"CMC","NTWQM",2009-04-09 12:00:00,0.3,"ISM",2,"Water",NA,4.9,"MG/L",NA,NA,NA,2017-10-30 10:22:01,NA,2,NA,1,1,"S","PARTNTID",NA,NA,4,"sample does not have an associated bay program method code"
"972",999,"LRA","ALLARM.LT4","08/05/2009","12:00:00","TDS.1","M1",2775,"CMC","NTWQM",2009-08-05 12:00:00,0.3,"ISM",1,"Water",NA,290,"MG/L",NA,NA,NA,2017-10-30 10:23:01,NA,2,NA,1,1,"S","PARTNTID",NA,NA,4,"sample does not have an associated bay program method code"
"973",999,"LRA","ALLARM.MG1","06/09/2009","12:00:00","NO3N.3","M1",2756,"CMC","NTWQM",2009-06-09 12:00:00,0.3,"ISM",2,"Water",NA,2.3,"MG/L",NA,NA,NA,2017-10-30 10:22:39,NA,2,NA,1,1,"S","PARTNTID",NA,NA,4,"sample does not have an associated bay program method code"
"974",999,"LRA","ALLARM.LT1","04/09/2009","12:00:00","TDS.1","M1",2720,"CMC","NTWQM",2009-04-09 12:00:00,0.3,"ISM",1,"Water",NA,300,"MG/L",NA,NA,NA,2017-10-30 10:22:01,NA,2,NA,1,1,"S","PARTNTID",NA,NA,4,"sample does not have an associated bay program method code"
"975",999,"LRA","ALLARM.LT9","01/09/2009","12:00:00","NO3N.3","M1",2689,"CMC","NTWQM",2009-01-09 12:00:00,0.3,"ISM",2,"Water",NA,3.3,"MG/L",NA,NA,NA,2017-10-30 10:21:31,NA,2,NA,1,1,"S","PARTNTID",NA,NA,4,"sample does not have an associated bay program method code"
"976",999,"LRA","ALLARM.LT4","09/18/2009","12:00:00","NO3N.3","M1",2788,"CMC","NTWQM",2009-09-18 12:00:00,0.3,"ISM",2,"Water",NA,4.65,"MG/L",NA,NA,NA,2017-10-30 10:23:16,NA,2,NA,1,1,"S","PARTNTID",NA,NA,4,"sample does not have an associated bay program method code"
"977",999,"LRA","ALLARM.LT6","02/09/2009","12:00:00","TDS.1","M1",2699,"CMC","NTWQM",2009-02-09 12:00:00,0.3,"ISM",1,"Water",NA,320,"MG/L",NA,NA,NA,2017-10-30 10:21:40,NA,2,NA,1,1,"S","PARTNTID",NA,NA,4,"sample does not have an associated bay program method code"
"978",999,"LRA","ALLARM.LT1","05/09/2009","12:00:00","NO3N.3","M1",2733,"CMC","NTWQM",2009-05-09 12:00:00,0.3,"ISM",2,"Water",NA,3.6,"MG/L",NA,NA,NA,2017-10-30 10:22:14,NA,2,NA,1,1,"S","PARTNTID",NA,NA,4,"sample does not have an associated bay program method code"
"979",999,"LRA","ALLARM.LT4","09/18/2009","12:00:00","TDS.1","M1",2788,"CMC","NTWQM",2009-09-18 12:00:00,0.3,"ISM",1,"Water",NA,250,"MG/L",NA,NA,NA,2017-10-30 10:23:16,NA,2,NA,1,1,"S","PARTNTID",NA,NA,4,"sample does not have an associated bay program method code"
"980",999,"LRA","ALLARM.MG1","07/09/2009","12:00:00","NO3N.3","M1",2769,"CMC","NTWQM",2009-07-09 12:00:00,0.3,"ISM",2,"Water",NA,2.3,"MG/L",NA,NA,NA,2017-10-30 10:22:54,NA,2,NA,1,1,"S","PARTNTID",NA,NA,4,"sample does not have an associated bay program method code"
"981",999,"LRA","ALLARM.LT1","05/09/2009","12:00:00","TDS.1","M1",2733,"CMC","NTWQM",2009-05-09 12:00:00,0.3,"ISM",1,"Water",NA,290,"MG/L",NA,NA,NA,2017-10-30 10:22:14,NA,2,NA,1,1,"S","PARTNTID",NA,NA,4,"sample does not have an associated bay program method code"
"982",999,"LRA","ALLARM.LT9","02/09/2009","12:00:00","NO3N.3","M1",2702,"CMC","NTWQM",2009-02-09 12:00:00,0.3,"ISM",2,"Water",NA,3.35,"MG/L",NA,NA,NA,2017-10-30 10:21:43,NA,2,NA,1,1,"S","PARTNTID",NA,NA,4,"sample does not have an associated bay program method code"
"983",999,"LRA","ALLARM.LT4","10/02/2009","12:00:00","NO3N.3","M1",2801,"CMC","NTWQM",2009-10-02 12:00:00,0.3,"ISM",2,"Water",NA,3.3,"MG/L",NA,NA,NA,2017-10-30 10:23:33,NA,2,NA,1,1,"S","PARTNTID",NA,NA,4,"sample does not have an associated bay program method code"
"984",999,"LRA","ALLARM.LT6","03/09/2009","12:00:00","TDS.1","M1",2712,"CMC","NTWQM",2009-03-09 12:00:00,0.3,"ISM",1,"Water",NA,310,"MG/L",NA,NA,NA,2017-10-30 10:21:54,NA,2,NA,1,1,"S","PARTNTID",NA,NA,4,"sample does not have an associated bay program method code"
"985",999,"LRA","ALLARM.LT1","06/09/2009","12:00:00","NO3N.3","M1",2746,"CMC","NTWQM",2009-06-09 12:00:00,0.3,"ISM",2,"Water",NA,4.7,"MG/L",NA,NA,NA,2017-10-30 10:22:28,NA,2,NA,1,1,"S","PARTNTID",NA,NA,4,"sample does not have an associated bay program method code"
"986",999,"LRA","ALLARM.LT4","10/02/2009","12:00:00","TDS.1","M1",2801,"CMC","NTWQM",2009-10-02 12:00:00,0.3,"ISM",1,"Water",NA,300,"MG/L",NA,NA,NA,2017-10-30 10:23:33,NA,2,NA,1,1,"S","PARTNTID",NA,NA,4,"sample does not have an associated bay program method code"
"987",999,"LRA","ALLARM.MG1","08/05/2009","12:00:00","NO3N.3","M1",2782,"CMC","NTWQM",2009-08-05 12:00:00,0.3,"ISM",2,"Water",NA,1.7,"MG/L",NA,NA,NA,2017-10-30 10:23:09,NA,2,NA,1,1,"S","PARTNTID",NA,NA,4,"sample does not have an associated bay program method code"
"988",999,"LRA","ALLARM.LT1","06/09/2009","12:00:00","TDS.1","M1",2746,"CMC","NTWQM",2009-06-09 12:00:00,0.3,"ISM",1,"Water",NA,290,"MG/L",NA,NA,NA,2017-10-30 10:22:28,NA,2,NA,1,1,"S","PARTNTID",NA,NA,4,"sample does not have an associated bay program method code"
"989",999,"LRA","ALLARM.LT9","03/09/2009","12:00:00","NO3N.3","M1",2715,"CMC","NTWQM",2009-03-09 12:00:00,0.3,"ISM",2,"Water",NA,3.1,"MG/L",NA,NA,NA,2017-10-30 10:21:57,NA,2,NA,1,1,"S","PARTNTID",NA,NA,4,"sample does not have an associated bay program method code"
"990",999,"LRA","ALLARM.LT4","11/06/2009","12:00:00","NO3N.3","M1",2814,"CMC","NTWQM",2009-11-06 12:00:00,0.3,"ISM",2,"Water",NA,5.2,"MG/L",NA,NA,NA,2017-10-30 10:23:50,NA,2,NA,1,1,"S","PARTNTID",NA,NA,4,"sample does not have an associated bay program method code"
"991",999,"LRA","ALLARM.LT6","04/09/2009","12:00:00","TDS.1","M1",2725,"CMC","NTWQM",2009-04-09 12:00:00,0.3,"ISM",1,"Water",NA,290,"MG/L",NA,NA,NA,2017-10-30 10:22:06,NA,2,NA,1,1,"S","PARTNTID",NA,NA,4,"sample does not have an associated bay program method code"
"992",999,"LRA","ALLARM.LT1","07/09/2009","12:00:00","NO3N.3","M1",2759,"CMC","NTWQM",2009-07-09 12:00:00,0.3,"ISM",2,"Water",NA,4.9,"MG/L",NA,NA,NA,2017-10-30 10:22:42,NA,2,NA,1,1,"S","PARTNTID",NA,NA,4,"sample does not have an associated bay program method code"
"993",999,"LRA","ALLARM.LT4","11/06/2009","12:00:00","TDS.1","M1",2814,"CMC","NTWQM",2009-11-06 12:00:00,0.3,"ISM",1,"Water",NA,310,"MG/L",NA,NA,NA,2017-10-30 10:23:50,NA,2,NA,1,1,"S","PARTNTID",NA,NA,4,"sample does not have an associated bay program method code"
"994",999,"LRA","ALLARM.MG1","09/18/2009","12:00:00","NO3N.3","M1",2795,"CMC","NTWQM",2009-09-18 12:00:00,0.3,"ISM",2,"Water",NA,1.4,"MG/L",NA,NA,NA,2017-10-30 10:23:25,NA,2,NA,1,1,"S","PARTNTID",NA,NA,4,"sample does not have an associated bay program method code"
"995",999,"LRA","ALLARM.LT1","07/09/2009","12:00:00","TDS.1","M1",2759,"CMC","NTWQM",2009-07-09 12:00:00,0.3,"ISM",1,"Water",NA,300,"MG/L",NA,NA,NA,2017-10-30 10:22:42,NA,2,NA,1,1,"S","PARTNTID",NA,NA,4,"sample does not have an associated bay program method code"
"996",999,"LRA","ALLARM.LT9","04/09/2009","12:00:00","NO3N.3","M1",2728,"CMC","NTWQM",2009-04-09 12:00:00,0.3,"ISM",2,"Water",NA,3.9,"MG/L",NA,NA,NA,2017-10-30 10:22:09,NA,2,NA,1,1,"S","PARTNTID",NA,NA,4,"sample does not have an associated bay program method code"
"997",999,"LRA","ALLARM.LT4","12/04/2009","12:00:00","NO3N.3","M1",2827,"CMC","NTWQM",2009-12-04 12:00:00,0.3,"ISM",2,"Water",NA,2.85,"MG/L",NA,NA,NA,2017-10-30 10:24:07,NA,2,NA,1,1,"S","PARTNTID",NA,NA,4,"sample does not have an associated bay program method code"
"998",999,"LRA","ALLARM.LT6","05/09/2009","12:00:00","TDS.1","M1",2738,"CMC","NTWQM",2009-05-09 12:00:00,0.3,"ISM",1,"Water",NA,300,"MG/L",NA,NA,NA,2017-10-30 10:22:19,NA,2,NA,1,1,"S","PARTNTID",NA,NA,4,"sample does not have an associated bay program method code"
"999",999,"LRA","ALLARM.LT1","08/05/2009","12:00:00","NO3N.3","M1",2772,"CMC","NTWQM",2009-08-05 12:00:00,0.3,"ISM",2,"Water",NA,4.5,"MG/L",NA,NA,NA,2017-10-30 10:22:57,NA,2,NA,1,1,"S","PARTNTID",NA,NA,4,"sample does not have an associated bay program method code"
"1000",999,"LRA","ALLARM.LT2","01/09/2009","12:00:00","TDS.1","M1",2682,"CMC","NTWQM",2009-01-09 12:00:00,0.3,"ISM",1,"Water",NA,300,"MG/L",NA,NA,NA,2017-10-30 10:21:25,NA,2,NA,1,1,"S","PARTNTID",NA,NA,4,"sample does not have an associated bay program method code"
"1001",999,"LRA","ALLARM.MG1","10/02/2009","12:00:00","NO3N.3","M1",2808,"CMC","NTWQM",2009-10-02 12:00:00,0.3,"ISM",2,"Water",NA,1.5,"MG/L",NA,NA,NA,2017-10-30 10:23:42,NA,2,NA,1,1,"S","PARTNTID",NA,NA,4,"sample does not have an associated bay program method code"
"1002",999,"LRA","ALLARM.LT1","08/05/2009","12:00:00","TDS.1","M1",2772,"CMC","NTWQM",2009-08-05 12:00:00,0.3,"ISM",1,"Water",NA,290,"MG/L",NA,NA,NA,2017-10-30 10:22:57,NA,2,NA,1,1,"S","PARTNTID",NA,NA,4,"sample does not have an associated bay program method code"
"1003",999,"LRA","ALLARM.WL","09/18/2009","12:00:00","TDS.1","M1",2797,"CMC","NTWQM",2009-09-18 12:00:00,0.3,"ISM",1,"Water",NA,370,"MG/L",NA,NA,NA,2017-10-30 10:23:28,NA,2,NA,1,1,"S","PARTNTID",NA,NA,4,"sample does not have an associated bay program method code"
"1004",999,"LRA","ALLARM.LT5","01/09/2009","12:00:00","NO3N.3","M1",2685,"CMC","NTWQM",2009-01-09 12:00:00,0.3,"ISM",2,"Water",NA,3.7,"MG/L",NA,NA,NA,2017-10-30 10:21:27,NA,2,NA,1,1,"S","PARTNTID",NA,NA,4,"sample does not have an associated bay program method code"
"1005",999,"LRA","ALLARM.MG1","10/02/2009","12:00:00","TDS.1","M1",2808,"CMC","NTWQM",2009-10-02 12:00:00,0.3,"ISM",1,"Water",NA,450,"MG/L",NA,NA,NA,2017-10-30 10:23:42,NA,2,NA,1,1,"S","PARTNTID",NA,NA,4,"sample does not have an associated bay program method code"
"1006",999,"LRA","ALLARM.LT1","09/18/2009","12:00:00","NO3N.3","M1",2785,"CMC","NTWQM",2009-09-18 12:00:00,0.3,"ISM",2,"Water",NA,3.95,"MG/L",NA,NA,NA,2017-10-30 10:23:13,NA,2,NA,1,1,"S","PARTNTID",NA,NA,4,"sample does not have an associated bay program method code"
"1007",999,"LRA","ALLARM.LT5","01/09/2009","12:00:00","TDS.1","M1",2685,"CMC","NTWQM",2009-01-09 12:00:00,0.3,"ISM",1,"Water",NA,320,"MG/L",NA,NA,NA,2017-10-30 10:21:27,NA,2,NA,1,1,"S","PARTNTID",NA,NA,4,"sample does not have an associated bay program method code"
"1008",999,"LRA","ALLARM.MG1","11/06/2009","12:00:00","NO3N.3","M1",2821,"CMC","NTWQM",2009-11-06 12:00:00,0.3,"ISM",2,"Water",NA,2.2,"MG/L",NA,NA,NA,2017-10-30 10:23:59,NA,2,NA,1,1,"S","PARTNTID",NA,NA,4,"sample does not have an associated bay program method code"
"1009",999,"LRA","ALLARM.LT1","09/18/2009","12:00:00","TDS.1","M1",2785,"CMC","NTWQM",2009-09-18 12:00:00,0.3,"ISM",1,"Water",NA,280,"MG/L",NA,NA,NA,2017-10-30 10:23:13,NA,2,NA,1,1,"S","PARTNTID",NA,NA,4,"sample does not have an associated bay program method code"
"1010",999,"LRA","ALLARM.LT9","06/09/2009","12:00:00","NO3N.3","M1",2754,"CMC","NTWQM",2009-06-09 12:00:00,0.3,"ISM",2,"Water",NA,3.6,"MG/L",NA,NA,NA,2017-10-30 10:22:37,NA,2,NA,1,1,"S","PARTNTID",NA,NA,4,"sample does not have an associated bay program method code"
"1011",999,"LRA","ALLARM.LT5","02/09/2009","12:00:00","NO3N.3","M1",2698,"CMC","NTWQM",2009-02-09 12:00:00,0.3,"ISM",2,"Water",NA,3.8,"MG/L",NA,NA,NA,2017-10-30 10:21:39,NA,2,NA,1,1,"S","PARTNTID",NA,NA,4,"sample does not have an associated bay program method code"
"1012",999,"LRA","ALLARM.MG1","11/06/2009","12:00:00","TDS.1","M1",2821,"CMC","NTWQM",2009-11-06 12:00:00,0.3,"ISM",1,"Water",NA,440,"MG/L",NA,NA,NA,2017-10-30 10:23:59,NA,2,NA,1,1,"S","PARTNTID",NA,NA,4,"sample does not have an associated bay program method code"
"1013",999,"LRA","ALLARM.LT1","10/02/2009","12:00:00","NO3N.3","M1",2798,"CMC","NTWQM",2009-10-02 12:00:00,0.3,"ISM",2,"Water",NA,3.7,"MG/L",NA,NA,NA,2017-10-30 10:23:29,NA,2,NA,1,1,"S","PARTNTID",NA,NA,4,"sample does not have an associated bay program method code"
"1014",999,"LRA","ALLARM.LT5","02/09/2009","12:00:00","TDS.1","M1",2698,"CMC","NTWQM",2009-02-09 12:00:00,0.3,"ISM",1,"Water",NA,320,"MG/L",NA,NA,NA,2017-10-30 10:21:39,NA,2,NA,1,1,"S","PARTNTID",NA,NA,4,"sample does not have an associated bay program method code"
"1015",999,"LRA","ALLARM.WL","05/09/2009","12:00:00","TDS.1","M1",2745,"CMC","NTWQM",2009-05-09 12:00:00,0.3,"ISM",1,"Water",NA,450,"MG/L",NA,NA,NA,2017-10-30 10:22:27,NA,2,NA,1,1,"S","PARTNTID",NA,NA,4,"sample does not have an associated bay program method code"
"1016",999,"LRA","ALLARM.LT1","10/02/2009","12:00:00","TDS.1","M1",2798,"CMC","NTWQM",2009-10-02 12:00:00,0.3,"ISM",1,"Water",NA,280,"MG/L",NA,NA,NA,2017-10-30 10:23:29,NA,2,NA,1,1,"S","PARTNTID",NA,NA,4,"sample does not have an associated bay program method code"
"1017",999,"LRA","ALLARM.LT9","07/09/2009","12:00:00","NO3N.3","M1",2767,"CMC","NTWQM",2009-07-09 12:00:00,0.3,"ISM",2,"Water",NA,3.6,"MG/L",NA,NA,NA,2017-10-30 10:22:52,NA,2,NA,1,1,"S","PARTNTID",NA,NA,4,"sample does not have an associated bay program method code"
"1018",999,"LRA","ALLARM.LT5","03/09/2009","12:00:00","NO3N.3","M1",2711,"CMC","NTWQM",2009-03-09 12:00:00,0.3,"ISM",2,"Water",NA,4,"MG/L",NA,NA,NA,2017-10-30 10:21:53,NA,2,NA,1,1,"S","PARTNTID",NA,NA,4,"sample does not have an associated bay program method code"
"1019",999,"LRA","ALLARM.MG1","12/04/2009","12:00:00","TDS.1","M1",2834,"CMC","NTWQM",2009-12-04 12:00:00,0.3,"ISM",1,"Water",NA,450,"MG/L",NA,NA,NA,2017-10-30 10:24:17,NA,2,NA,1,1,"S","PARTNTID",NA,NA,4,"sample does not have an associated bay program method code"
"1020",999,"LRA","ALLARM.LT1","11/06/2009","12:00:00","NO3N.3","M1",2811,"CMC","NTWQM",2009-11-06 12:00:00,0.3,"ISM",2,"Water",NA,4.9,"MG/L",NA,NA,NA,2017-10-30 10:23:46,NA,2,NA,1,1,"S","PARTNTID",NA,NA,4,"sample does not have an associated bay program method code"
"1021",999,"LRA","ALLARM.LT5","03/09/2009","12:00:00","TDS.1","M1",2711,"CMC","NTWQM",2009-03-09 12:00:00,0.3,"ISM",1,"Water",NA,310,"MG/L",NA,NA,NA,2017-10-30 10:21:53,NA,2,NA,1,1,"S","PARTNTID",NA,NA,4,"sample does not have an associated bay program method code"
"1022",999,"LRA","ALLARM.WL","06/09/2009","12:00:00","TDS.1","M1",2758,"CMC","NTWQM",2009-06-09 12:00:00,0.3,"ISM",1,"Water",NA,440,"MG/L",NA,NA,NA,2017-10-30 10:22:41,NA,2,NA,1,1,"S","PARTNTID",NA,NA,4,"sample does not have an associated bay program method code"
"1023",999,"LRA","ALLARM.LT1","11/06/2009","12:00:00","TDS.1","M1",2811,"CMC","NTWQM",2009-11-06 12:00:00,0.3,"ISM",1,"Water",NA,300,"MG/L",NA,NA,NA,2017-10-30 10:23:46,NA,2,NA,1,1,"S","PARTNTID",NA,NA,4,"sample does not have an associated bay program method code"
"1024",999,"LRA","ALLARM.LT9","08/05/2009","12:00:00","NO3N.3","M1",2780,"CMC","NTWQM",2009-08-05 12:00:00,0.3,"ISM",2,"Water",NA,3,"MG/L",NA,NA,NA,2017-10-30 10:23:07,NA,2,NA,1,1,"S","PARTNTID",NA,NA,4,"sample does not have an associated bay program method code"
"1025",999,"LRA","ALLARM.LT5","04/09/2009","12:00:00","NO3N.3","M1",2724,"CMC","NTWQM",2009-04-09 12:00:00,0.3,"ISM",2,"Water",NA,5.3,"MG/L",NA,NA,NA,2017-10-30 10:22:05,NA,2,NA,1,1,"S","PARTNTID",NA,NA,4,"sample does not have an associated bay program method code"
"1026",999,"LRA","ALLARM.MG2","01/09/2009","12:00:00","TDS.1","M1",2692,"CMC","NTWQM",2009-01-09 12:00:00,0.3,"ISM",1,"Water",NA,480,"MG/L",NA,NA,NA,2017-10-30 10:21:33,NA,2,NA,1,1,"S","PARTNTID",NA,NA,4,"sample does not have an associated bay program method code"
"1027",999,"LRA","ALLARM.LT1","12/04/2009","12:00:00","NO3N.3","M1",2824,"CMC","NTWQM",2009-12-04 12:00:00,0.3,"ISM",2,"Water",NA,5.7,"MG/L",NA,NA,NA,2017-10-30 10:24:03,NA,2,NA,1,1,"S","PARTNTID",NA,NA,4,"sample does not have an associated bay program method code"
"1028",999,"LRA","ALLARM.LT5","04/09/2009","12:00:00","TDS.1","M1",2724,"CMC","NTWQM",2009-04-09 12:00:00,0.3,"ISM",1,"Water",NA,290,"MG/L",NA,NA,NA,2017-10-30 10:22:05,NA,2,NA,1,1,"S","PARTNTID",NA,NA,4,"sample does not have an associated bay program method code"
"1029",999,"LRA","ALLARM.WL","07/09/2009","12:00:00","TDS.1","M1",2771,"CMC","NTWQM",2009-07-09 12:00:00,0.3,"ISM",1,"Water",NA,470,"MG/L",NA,NA,NA,2017-10-30 10:22:56,NA,2,NA,1,1,"S","PARTNTID",NA,NA,4,"sample does not have an associated bay program method code"
"1030",999,"LRA","ALLARM.LT1","12/04/2009","12:00:00","TDS.1","M1",2824,"CMC","NTWQM",2009-12-04 12:00:00,0.3,"ISM",1,"Water",NA,310,"MG/L",NA,NA,NA,2017-10-30 10:24:03,NA,2,NA,1,1,"S","PARTNTID",NA,NA,4,"sample does not have an associated bay program method code"
"1031",999,"LRA","ALLARM.LT9","09/18/2009","12:00:00","NO3N.3","M1",2793,"CMC","NTWQM",2009-09-18 12:00:00,0.3,"ISM",2,"Water",NA,3.65,"MG/L",NA,NA,NA,2017-10-30 10:23:23,NA,2,NA,1,1,"S","PARTNTID",NA,NA,4,"sample does not have an associated bay program method code"
"1032",999,"LRA","ALLARM.LT5","05/09/2009","12:00:00","NO3N.3","M1",2737,"CMC","NTWQM",2009-05-09 12:00:00,0.3,"ISM",2,"Water",NA,3.1,"MG/L",NA,NA,NA,2017-10-30 10:22:18,NA,2,NA,1,1,"S","PARTNTID",NA,NA,4,"sample does not have an associated bay program method code"
"1033",999,"LRA","ALLARM.MG2","02/09/2009","12:00:00","TDS.1","M1",2705,"CMC","NTWQM",2009-02-09 12:00:00,0.3,"ISM",1,"Water",NA,490,"MG/L",NA,NA,NA,2017-10-30 10:21:47,NA,2,NA,1,1,"S","PARTNTID",NA,NA,4,"sample does not have an associated bay program method code"
"1034",999,"LRA","ALLARM.LT10","01/09/2009","12:00:00","NO3N.3","M1",2690,"CMC","NTWQM",2009-01-09 12:00:00,0.3,"ISM",2,"Water",NA,3.5,"MG/L",NA,NA,NA,2017-10-30 10:21:32,NA,2,NA,1,1,"S","PARTNTID",NA,NA,4,"sample does not have an associated bay program method code"
"1035",999,"LRA","ALLARM.LT5","05/09/2009","12:00:00","TDS.1","M1",2737,"CMC","NTWQM",2009-05-09 12:00:00,0.3,"ISM",1,"Water",NA,300,"MG/L",NA,NA,NA,2017-10-30 10:22:18,NA,2,NA,1,1,"S","PARTNTID",NA,NA,4,"sample does not have an associated bay program method code"
"1036",999,"LRA","ALLARM.WL","08/05/2009","12:00:00","TDS.1","M1",2784,"CMC","NTWQM",2009-08-05 12:00:00,0.3,"ISM",1,"Water",NA,470,"MG/L",NA,NA,NA,2017-10-30 10:23:12,NA,2,NA,1,1,"S","PARTNTID",NA,NA,4,"sample does not have an associated bay program method code"
"1037",999,"LRA","ALLARM.LT10","01/09/2009","12:00:00","TDS.1","M1",2690,"CMC","NTWQM",2009-01-09 12:00:00,0.3,"ISM",1,"Water",NA,380,"MG/L",NA,NA,NA,2017-10-30 10:21:32,NA,2,NA,1,1,"S","PARTNTID",NA,NA,4,"sample does not have an associated bay program method code"
"1038",999,"LRA","ALLARM.LT9","10/02/2009","12:00:00","NO3N.3","M1",2806,"CMC","NTWQM",2009-10-02 12:00:00,0.3,"ISM",2,"Water",NA,2.8,"MG/L",NA,NA,NA,2017-10-30 10:23:40,NA,2,NA,1,1,"S","PARTNTID",NA,NA,4,"sample does not have an associated bay program method code"
"1039",999,"LRA","ALLARM.LT5","06/09/2009","12:00:00","NO3N.3","M1",2750,"CMC","NTWQM",2009-06-09 12:00:00,0.3,"ISM",2,"Water",NA,4.1,"MG/L",NA,NA,NA,2017-10-30 10:22:33,NA,2,NA,1,1,"S","PARTNTID",NA,NA,4,"sample does not have an associated bay program method code"
"1040",999,"LRA","ALLARM.MG2","03/09/2009","12:00:00","TDS.1","M1",2718,"CMC","NTWQM",2009-03-09 12:00:00,0.3,"ISM",1,"Water",NA,490,"MG/L",NA,NA,NA,2017-10-30 10:22:00,NA,2,NA,1,1,"S","PARTNTID",NA,NA,4,"sample does not have an associated bay program method code"
"1041",999,"LRA","ALLARM.LT10","02/09/2009","12:00:00","NO3N.3","M1",2703,"CMC","NTWQM",2009-02-09 12:00:00,0.3,"ISM",2,"Water",NA,3.3,"MG/L",NA,NA,NA,2017-10-30 10:21:44,NA,2,NA,1,1,"S","PARTNTID",NA,NA,4,"sample does not have an associated bay program method code"
"1042",999,"LRA","ALLARM.LT5","06/09/2009","12:00:00","TDS.1","M1",2750,"CMC","NTWQM",2009-06-09 12:00:00,0.3,"ISM",1,"Water",NA,300,"MG/L",NA,NA,NA,2017-10-30 10:22:33,NA,2,NA,1,1,"S","PARTNTID",NA,NA,4,"sample does not have an associated bay program method code"
"1043",999,"LRA","ALLARM.LT10","08/05/2009","12:00:00","NO3N.3","M1",2781,"CMC","NTWQM",2009-08-05 12:00:00,0.3,"ISM",2,"Water",NA,3.1,"MG/L",NA,NA,NA,2017-10-30 10:23:08,NA,2,NA,1,1,"S","PARTNTID",NA,NA,4,"sample does not have an associated bay program method code"
"1044",999,"LRA","ALLARM.LT10","02/09/2009","12:00:00","TDS.1","M1",2703,"CMC","NTWQM",2009-02-09 12:00:00,0.3,"ISM",1,"Water",NA,390,"MG/L",NA,NA,NA,2017-10-30 10:21:44,NA,2,NA,1,1,"S","PARTNTID",NA,NA,4,"sample does not have an associated bay program method code"
"1045",999,"LRA","ALLARM.LT9","11/06/2009","12:00:00","NO3N.3","M1",2819,"CMC","NTWQM",2009-11-06 12:00:00,0.3,"ISM",2,"Water",NA,2.8,"MG/L",NA,NA,NA,2017-10-30 10:23:57,NA,2,NA,1,1,"S","PARTNTID",NA,NA,4,"sample does not have an associated bay program method code"
"1046",999,"LRA","ALLARM.LT5","07/09/2009","12:00:00","NO3N.3","M1",2763,"CMC","NTWQM",2009-07-09 12:00:00,0.3,"ISM",2,"Water",NA,4.6,"MG/L",NA,NA,NA,2017-10-30 10:22:47,NA,2,NA,1,1,"S","PARTNTID",NA,NA,4,"sample does not have an associated bay program method code"
"1047",999,"LRA","ALLARM.MG2","04/09/2009","12:00:00","TDS.1","M1",2731,"CMC","NTWQM",2009-04-09 12:00:00,0.3,"ISM",1,"Water",NA,470,"MG/L",NA,NA,NA,2017-10-30 10:22:12,NA,2,NA,1,1,"S","PARTNTID",NA,NA,4,"sample does not have an associated bay program method code"
"1048",999,"LRA","ALLARM.LT10","03/09/2009","12:00:00","NO3N.3","M1",2716,"CMC","NTWQM",2009-03-09 12:00:00,0.3,"ISM",2,"Water",NA,3.5,"MG/L",NA,NA,NA,2017-10-30 10:21:58,NA,2,NA,1,1,"S","PARTNTID",NA,NA,4,"sample does not have an associated bay program method code"
"1049",999,"LRA","ALLARM.LT5","07/09/2009","12:00:00","TDS.1","M1",2763,"CMC","NTWQM",2009-07-09 12:00:00,0.3,"ISM",1,"Water",NA,300,"MG/L",NA,NA,NA,2017-10-30 10:22:47,NA,2,NA,1,1,"S","PARTNTID",NA,NA,4,"sample does not have an associated bay program method code"
"1050",999,"LRA","ALLARM.WL","10/02/2009","12:00:00","TDS.1","M1",2810,"CMC","NTWQM",2009-10-02 12:00:00,0.3,"ISM",1,"Water",NA,360,"MG/L",NA,NA,NA,2017-10-30 10:23:45,NA,2,NA,1,1,"S","PARTNTID",NA,NA,4,"sample does not have an associated bay program method code"
"1051",999,"LRA","ALLARM.LT10","03/09/2009","12:00:00","TDS.1","M1",2716,"CMC","NTWQM",2009-03-09 12:00:00,0.3,"ISM",1,"Water",NA,420,"MG/L",NA,NA,NA,2017-10-30 10:21:58,NA,2,NA,1,1,"S","PARTNTID",NA,NA,4,"sample does not have an associated bay program method code"
"1052",999,"LRA","ALLARM.LT9","12/04/2009","12:00:00","NO3N.3","M1",2832,"CMC","NTWQM",2009-12-04 12:00:00,0.3,"ISM",2,"Water",NA,3.45,"MG/L",NA,NA,NA,2017-10-30 10:24:14,NA,2,NA,1,1,"S","PARTNTID",NA,NA,4,"sample does not have an associated bay program method code"
"1053",999,"LRA","ALLARM.LT5","08/05/2009","12:00:00","NO3N.3","M1",2776,"CMC","NTWQM",2009-08-05 12:00:00,0.3,"ISM",2,"Water",NA,3.7,"MG/L",NA,NA,NA,2017-10-30 10:23:02,NA,2,NA,1,1,"S","PARTNTID",NA,NA,4,"sample does not have an associated bay program method code"
"1054",999,"LRA","ALLARM.MG2","05/09/2009","12:00:00","TDS.1","M1",2744,"CMC","NTWQM",2009-05-09 12:00:00,0.3,"ISM",1,"Water",NA,450,"MG/L",NA,NA,NA,2017-10-30 10:22:26,NA,2,NA,1,1,"S","PARTNTID",NA,NA,4,"sample does not have an associated bay program method code"
"1055",999,"LRA","ALLARM.LT10","04/09/2009","12:00:00","NO3N.3","M1",2729,"CMC","NTWQM",2009-04-09 12:00:00,0.3,"ISM",2,"Water",NA,3.5,"MG/L",NA,NA,NA,2017-10-30 10:22:10,NA,2,NA,1,1,"S","PARTNTID",NA,NA,4,"sample does not have an associated bay program method code"
"1056",999,"LRA","ALLARM.LT5","08/05/2009","12:00:00","TDS.1","M1",2776,"CMC","NTWQM",2009-08-05 12:00:00,0.3,"ISM",1,"Water",NA,290,"MG/L",NA,NA,NA,2017-10-30 10:23:02,NA,2,NA,1,1,"S","PARTNTID",NA,NA,4,"sample does not have an associated bay program method code"
"1057",999,"LRA","ALLARM.WL","11/06/2009","12:00:00","TDS.1","M1",2823,"CMC","NTWQM",2009-11-06 12:00:00,0.3,"ISM",1,"Water",NA,460,"MG/L",NA,NA,NA,2017-10-30 10:24:02,NA,2,NA,1,1,"S","PARTNTID",NA,NA,4,"sample does not have an associated bay program method code"
"1058",999,"LRA","ALLARM.LT10","04/09/2009","12:00:00","TDS.1","M1",2729,"CMC","NTWQM",2009-04-09 12:00:00,0.3,"ISM",1,"Water",NA,390,"MG/L",NA,NA,NA,2017-10-30 10:22:10,NA,2,NA,1,1,"S","PARTNTID",NA,NA,4,"sample does not have an associated bay program method code"
"1059",999,"LRA","ALLARM.MG1","01/09/2009","12:00:00","NO3N.3","M1",2691,"CMC","NTWQM",2009-01-09 12:00:00,0.3,"ISM",2,"Water",NA,2.1,"MG/L",NA,NA,NA,2017-10-30 10:21:33,NA,2,NA,1,1,"S","PARTNTID",NA,NA,4,"sample does not have an associated bay program method code"
"1060",999,"LRA","ALLARM.LT5","09/18/2009","12:00:00","NO3N.3","M1",2789,"CMC","NTWQM",2009-09-18 12:00:00,0.3,"ISM",2,"Water",NA,3.95,"MG/L",NA,NA,NA,2017-10-30 10:23:18,NA,2,NA,1,1,"S","PARTNTID",NA,NA,4,"sample does not have an associated bay program method code"
"1061",999,"LRA","ALLARM.MG2","06/09/2009","12:00:00","TDS.1","M1",2757,"CMC","NTWQM",2009-06-09 12:00:00,0.3,"ISM",1,"Water",NA,440,"MG/L",NA,NA,NA,2017-10-30 10:22:40,NA,2,NA,1,1,"S","PARTNTID",NA,NA,4,"sample does not have an associated bay program method code"
"1062",999,"LRA","ALLARM.LT10","05/09/2009","12:00:00","NO3N.3","M1",2742,"CMC","NTWQM",2009-05-09 12:00:00,0.3,"ISM",2,"Water",NA,2.8,"MG/L",NA,NA,NA,2017-10-30 10:22:24,NA,2,NA,1,1,"S","PARTNTID",NA,NA,4,"sample does not have an associated bay program method code"
"1063",999,"LRA","ALLARM.LT5","09/18/2009","12:00:00","TDS.1","M1",2789,"CMC","NTWQM",2009-09-18 12:00:00,0.3,"ISM",1,"Water",NA,270,"MG/L",NA,NA,NA,2017-10-30 10:23:18,NA,2,NA,1,1,"S","PARTNTID",NA,NA,4,"sample does not have an associated bay program method code"
"1064",999,"LRA","ALLARM.WL","12/04/2009","12:00:00","TDS.1","M1",2836,"CMC","NTWQM",2009-12-04 12:00:00,0.3,"ISM",1,"Water",NA,440,"MG/L",NA,NA,NA,2017-10-30 10:24:19,NA,2,NA,1,1,"S","PARTNTID",NA,NA,4,"sample does not have an associated bay program method code"
"1065",999,"LRA","ALLARM.LT10","05/09/2009","12:00:00","TDS.1","M1",2742,"CMC","NTWQM",2009-05-09 12:00:00,0.3,"ISM",1,"Water",NA,380,"MG/L",NA,NA,NA,2017-10-30 10:22:24,NA,2,NA,1,1,"S","PARTNTID",NA,NA,4,"sample does not have an associated bay program method code"
"1066",999,"LRA","ALLARM.LT8","08/05/2009","12:00:00","TDS.1","M1",2779,"CMC","NTWQM",2009-08-05 12:00:00,0.3,"ISM",1,"Water",NA,310,"MG/L",NA,NA,NA,2017-10-30 10:23:06,NA,2,NA,1,1,"S","PARTNTID",NA,NA,4,"sample does not have an associated bay program method code"
"1067",999,"LRA","ALLARM.LT2","11/06/2009","12:00:00","NO3N.3","M1",2812,"CMC","NTWQM",2009-11-06 12:00:00,0.3,"ISM",2,"Water",NA,4.9,"MG/L",NA,NA,NA,2017-10-30 10:23:47,NA,2,NA,1,1,"S","PARTNTID",NA,NA,4,"sample does not have an associated bay program method code"
"1068",999,"LRA","ALLARM.MG2","07/09/2009","12:00:00","TDS.1","M1",2770,"CMC","NTWQM",2009-07-09 12:00:00,0.3,"ISM",1,"Water",NA,450,"MG/L",NA,NA,NA,2017-10-30 10:22:55,NA,2,NA,1,1,"S","PARTNTID",NA,NA,4,"sample does not have an associated bay program method code"
"1069",999,"LRA","ALLARM.LT10","06/09/2009","12:00:00","NO3N.3","M1",2755,"CMC","NTWQM",2009-06-09 12:00:00,0.3,"ISM",2,"Water",NA,3.25,"MG/L",NA,NA,NA,2017-10-30 10:22:38,NA,2,NA,1,1,"S","PARTNTID",NA,NA,4,"sample does not have an associated bay program method code"
"1070",999,"LRA","ALLARM.LT2","11/06/2009","12:00:00","TDS.1","M1",2812,"CMC","NTWQM",2009-11-06 12:00:00,0.3,"ISM",1,"Water",NA,290,"MG/L",NA,NA,NA,2017-10-30 10:23:47,NA,2,NA,1,1,"S","PARTNTID",NA,NA,4,"sample does not have an associated bay program method code"
"1071",999,"LRA","ALLARM.MG2","08/05/2009","12:00:00","NO3N.3","M1",2783,"CMC","NTWQM",2009-08-05 12:00:00,0.3,"ISM",2,"Water",NA,1.5,"MG/L",NA,NA,NA,2017-10-30 10:23:10,NA,2,NA,1,1,"S","PARTNTID",NA,NA,4,"sample does not have an associated bay program method code"
"1072",999,"LRA","ALLARM.LT10","06/09/2009","12:00:00","TDS.1","M1",2755,"CMC","NTWQM",2009-06-09 12:00:00,0.3,"ISM",1,"Water",NA,360,"MG/L",NA,NA,NA,2017-10-30 10:22:38,NA,2,NA,1,1,"S","PARTNTID",NA,NA,4,"sample does not have an associated bay program method code"
"1073",999,"LRA","ALLARM.LT8","09/18/2009","12:00:00","TDS.1","M1",2792,"CMC","NTWQM",2009-09-18 12:00:00,0.3,"ISM",1,"Water",NA,300,"MG/L",NA,NA,NA,2017-10-30 10:23:21,NA,2,NA,1,1,"S","PARTNTID",NA,NA,4,"sample does not have an associated bay program method code"
"1074",999,"LRA","ALLARM.LT5","11/06/2009","12:00:00","NO3N.3","M1",2815,"CMC","NTWQM",2009-11-06 12:00:00,0.3,"ISM",2,"Water",NA,2.9,"MG/L",NA,NA,NA,2017-10-30 10:23:51,NA,2,NA,1,1,"S","PARTNTID",NA,NA,4,"sample does not have an associated bay program method code"
"1075",999,"LRA","ALLARM.MG2","08/05/2009","12:00:00","TDS.1","M1",2783,"CMC","NTWQM",2009-08-05 12:00:00,0.3,"ISM",1,"Water",NA,420,"MG/L",NA,NA,NA,2017-10-30 10:23:10,NA,2,NA,1,1,"S","PARTNTID",NA,NA,4,"sample does not have an associated bay program method code"
"1076",999,"LRA","ALLARM.LT10","07/09/2009","12:00:00","NO3N.3","M1",2768,"CMC","NTWQM",2009-07-09 12:00:00,0.3,"ISM",2,"Water",NA,4.3,"MG/L",NA,NA,NA,2017-10-30 10:22:53,NA,2,NA,1,1,"S","PARTNTID",NA,NA,4,"sample does not have an associated bay program method code"
"1077",999,"LRA","ALLARM.LT2","12/04/2009","12:00:00","TDS.1","M1",2825,"CMC","NTWQM",2009-12-04 12:00:00,0.3,"ISM",1,"Water",NA,280,"MG/L",NA,NA,NA,2017-10-30 10:24:05,NA,2,NA,1,1,"S","PARTNTID",NA,NA,4,"sample does not have an associated bay program method code"
"1078",999,"LRA","ALLARM.MG2","09/18/2009","12:00:00","NO3N.3","M1",2796,"CMC","NTWQM",2009-09-18 12:00:00,0.3,"ISM",2,"Water",NA,1.05,"MG/L",NA,NA,NA,2017-10-30 10:23:26,NA,2,NA,1,1,"S","PARTNTID",NA,NA,4,"sample does not have an associated bay program method code"
"1079",999,"LRA","ALLARM.LT10","07/09/2009","12:00:00","TDS.1","M1",2768,"CMC","NTWQM",2009-07-09 12:00:00,0.3,"ISM",1,"Water",NA,360,"MG/L",NA,NA,NA,2017-10-30 10:22:53,NA,2,NA,1,1,"S","PARTNTID",NA,NA,4,"sample does not have an associated bay program method code"
"1080",999,"LRA","ALLARM.LT8","10/02/2009","12:00:00","TDS.1","M1",2805,"CMC","NTWQM",2009-10-02 12:00:00,0.3,"ISM",1,"Water",NA,310,"MG/L",NA,NA,NA,2017-10-30 10:23:38,NA,2,NA,1,1,"S","PARTNTID",NA,NA,4,"sample does not have an associated bay program method code"
"1081",999,"LRA","ALLARM.LT5","12/04/2009","12:00:00","NO3N.3","M1",2828,"CMC","NTWQM",2009-12-04 12:00:00,0.3,"ISM",2,"Water",NA,4.05,"MG/L",NA,NA,NA,2017-10-30 10:24:09,NA,2,NA,1,1,"S","PARTNTID",NA,NA,4,"sample does not have an associated bay program method code"
"1082",999,"LRA","ALLARM.MG2","09/18/2009","12:00:00","TDS.1","M1",2796,"CMC","NTWQM",2009-09-18 12:00:00,0.3,"ISM",1,"Water",NA,420,"MG/L",NA,NA,NA,2017-10-30 10:23:26,NA,2,NA,1,1,"S","PARTNTID",NA,NA,4,"sample does not have an associated bay program method code"
"1083",999,"LRA","ALLARM.LT6","06/09/2009","12:00:00","NO3N.3","M1",2751,"CMC","NTWQM",2009-06-09 12:00:00,0.3,"ISM",2,"Water",NA,4.15,"MG/L",NA,NA,NA,2017-10-30 10:22:34,NA,2,NA,1,1,"S","PARTNTID",NA,NA,4,"sample does not have an associated bay program method code"
"1084",999,"LRA","ALLARM.LT3","01/09/2009","12:00:00","TDS.1","M1",2683,"CMC","NTWQM",2009-01-09 12:00:00,0.3,"ISM",1,"Water",NA,320,"MG/L",NA,NA,NA,2017-10-30 10:21:26,NA,2,NA,1,1,"S","PARTNTID",NA,NA,4,"sample does not have an associated bay program method code"
"1085",999,"LRA","ALLARM.MG2","10/02/2009","12:00:00","NO3N.3","M1",2809,"CMC","NTWQM",2009-10-02 12:00:00,0.3,"ISM",2,"Water",NA,1.2,"MG/L",NA,NA,NA,2017-10-30 10:23:44,NA,2,NA,1,1,"S","PARTNTID",NA,NA,4,"sample does not have an associated bay program method code"
"1086",999,"LRA","ALLARM.LT10","08/05/2009","12:00:00","TDS.1","M1",2781,"CMC","NTWQM",2009-08-05 12:00:00,0.3,"ISM",1,"Water",NA,360,"MG/L",NA,NA,NA,2017-10-30 10:23:08,NA,2,NA,1,1,"S","PARTNTID",NA,NA,4,"sample does not have an associated bay program method code"
"1087",999,"LRA","ALLARM.LT2","08/05/2009","12:00:00","NO3N.3","M1",2773,"CMC","NTWQM",2009-08-05 12:00:00,0.3,"ISM",2,"Water",NA,4.3,"MG/L",NA,NA,NA,2017-10-30 10:22:59,NA,2,NA,1,1,"S","PARTNTID",NA,NA,4,"sample does not have an associated bay program method code"
"1088",999,"LRA","ALLARM.LT6","01/09/2009","12:00:00","NO3N.3","M1",2686,"CMC","NTWQM",2009-01-09 12:00:00,0.3,"ISM",2,"Water",NA,2.45,"MG/L",NA,NA,NA,2017-10-30 10:21:28,NA,2,NA,1,1,"S","PARTNTID",NA,NA,4,"sample does not have an associated bay program method code"
"1089",999,"LRA","ALLARM.LT7","06/09/2009","12:00:00","TDS.1","M1",2752,"CMC","NTWQM",2009-06-09 12:00:00,0.3,"ISM",1,"Water",NA,320,"MG/L",NA,NA,NA,2017-10-30 10:22:35,NA,2,NA,1,1,"S","PARTNTID",NA,NA,4,"sample does not have an associated bay program method code"
"1090",999,"LRA","ALLARM.LT10","09/18/2009","12:00:00","NO3N.3","M1",2794,"CMC","NTWQM",2009-09-18 12:00:00,0.3,"ISM",2,"Water",NA,2.5,"MG/L",NA,NA,NA,2017-10-30 10:23:24,NA,2,NA,1,1,"S","PARTNTID",NA,NA,4,"sample does not have an associated bay program method code"
"1091",999,"LRA","ALLARM.LT3","02/09/2009","12:00:00","TDS.1","M1",2696,"CMC","NTWQM",2009-02-09 12:00:00,0.3,"ISM",1,"Water",NA,310,"MG/L",NA,NA,NA,2017-10-30 10:21:37,NA,2,NA,1,1,"S","PARTNTID",NA,NA,4,"sample does not have an associated bay program method code"
"1092",999,"LRA","ALLARM.MG2","11/06/2009","12:00:00","NO3N.3","M1",2822,"CMC","NTWQM",2009-11-06 12:00:00,0.3,"ISM",2,"Water",NA,1.7,"MG/L",NA,NA,NA,2017-10-30 10:24:01,NA,2,NA,1,1,"S","PARTNTID",NA,NA,4,"sample does not have an associated bay program method code"
"1093",999,"LRA","ALLARM.LT10","09/18/2009","12:00:00","TDS.1","M1",2794,"CMC","NTWQM",2009-09-18 12:00:00,0.3,"ISM",1,"Water",NA,360,"MG/L",NA,NA,NA,2017-10-30 10:23:24,NA,2,NA,1,1,"S","PARTNTID",NA,NA,4,"sample does not have an associated bay program method code"
"1094",999,"LRA","ALLARM.LT2","09/18/2009","12:00:00","NO3N.3","M1",2786,"CMC","NTWQM",2009-09-18 12:00:00,0.3,"ISM",2,"Water",NA,4.15,"MG/L",NA,NA,NA,2017-10-30 10:23:14,NA,2,NA,1,1,"S","PARTNTID",NA,NA,4,"sample does not have an associated bay program method code"
"1095",999,"LRA","ALLARM.LT6","02/09/2009","12:00:00","NO3N.3","M1",2699,"CMC","NTWQM",2009-02-09 12:00:00,0.3,"ISM",2,"Water",NA,4.05,"MG/L",NA,NA,NA,2017-10-30 10:21:40,NA,2,NA,1,1,"S","PARTNTID",NA,NA,4,"sample does not have an associated bay program method code"
"1096",999,"LRA","ALLARM.LT7","07/09/2009","12:00:00","TDS.1","M1",2765,"CMC","NTWQM",2009-07-09 12:00:00,0.3,"ISM",1,"Water",NA,320,"MG/L",NA,NA,NA,2017-10-30 10:22:49,NA,2,NA,1,1,"S","PARTNTID",NA,NA,4,"sample does not have an associated bay program method code"
"1097",999,"LRA","ALLARM.LT10","10/02/2009","12:00:00","NO3N.3","M1",2807,"CMC","NTWQM",2009-10-02 12:00:00,0.3,"ISM",2,"Water",NA,3.2,"MG/L",NA,NA,NA,2017-10-30 10:23:41,NA,2,NA,1,1,"S","PARTNTID",NA,NA,4,"sample does not have an associated bay program method code"
"1098",999,"LRA","ALLARM.LT3","03/09/2009","12:00:00","TDS.1","M1",2709,"CMC","NTWQM",2009-03-09 12:00:00,0.3,"ISM",1,"Water",NA,320,"MG/L",NA,NA,NA,2017-10-30 10:21:51,NA,2,NA,1,1,"S","PARTNTID",NA,NA,4,"sample does not have an associated bay program method code"
"1099",999,"LRA","ALLARM.MG2","12/04/2009","12:00:00","NO3N.3","M1",2835,"CMC","NTWQM",2009-12-04 12:00:00,0.3,"ISM",2,"Water",NA,2.05,"MG/L",NA,NA,NA,2017-10-30 10:24:18,NA,2,NA,1,1,"S","PARTNTID",NA,NA,4,"sample does not have an associated bay program method code"
"1100",999,"LRA","ALLARM.LT10","10/02/2009","12:00:00","TDS.1","M1",2807,"CMC","NTWQM",2009-10-02 12:00:00,0.3,"ISM",1,"Water",NA,340,"MG/L",NA,NA,NA,2017-10-30 10:23:41,NA,2,NA,1,1,"S","PARTNTID",NA,NA,4,"sample does not have an associated bay program method code"
"1101",999,"LRA","ALLARM.LT2","10/02/2009","12:00:00","NO3N.3","M1",2799,"CMC","NTWQM",2009-10-02 12:00:00,0.3,"ISM",2,"Water",NA,3.8,"MG/L",NA,NA,NA,2017-10-30 10:23:30,NA,2,NA,1,1,"S","PARTNTID",NA,NA,4,"sample does not have an associated bay program method code"
"1102",999,"LRA","ALLARM.LT6","03/09/2009","12:00:00","NO3N.3","M1",2712,"CMC","NTWQM",2009-03-09 12:00:00,0.3,"ISM",2,"Water",NA,4.2,"MG/L",NA,NA,NA,2017-10-30 10:21:54,NA,2,NA,1,1,"S","PARTNTID",NA,NA,4,"sample does not have an associated bay program method code"
"1103",999,"LRA","ALLARM.LT7","08/05/2009","12:00:00","TDS.1","M1",2778,"CMC","NTWQM",2009-08-05 12:00:00,0.3,"ISM",1,"Water",NA,310,"MG/L",NA,NA,NA,2017-10-30 10:23:04,NA,2,NA,1,1,"S","PARTNTID",NA,NA,4,"sample does not have an associated bay program method code"
"1104",999,"LRA","ALLARM.LT10","11/06/2009","12:00:00","NO3N.3","M1",2820,"CMC","NTWQM",2009-11-06 12:00:00,0.3,"ISM",2,"Water",NA,3.3,"MG/L",NA,NA,NA,2017-10-30 10:23:58,NA,2,NA,1,1,"S","PARTNTID",NA,NA,4,"sample does not have an associated bay program method code"
"1105",999,"LRA","ALLARM.LT3","04/09/2009","12:00:00","TDS.1","M1",2722,"CMC","NTWQM",2009-04-09 12:00:00,0.3,"ISM",1,"Water",NA,300,"MG/L",NA,NA,NA,2017-10-30 10:22:03,NA,2,NA,1,1,"S","PARTNTID",NA,NA,4,"sample does not have an associated bay program method code"
"1106",999,"LRA","ALLARM.WL","01/09/2009","12:00:00","NO3N.3","M1",2693,"CMC","NTWQM",2009-01-09 12:00:00,0.3,"ISM",2,"Water",NA,1.05,"MG/L",NA,NA,NA,2017-10-30 10:21:34,NA,2,NA,1,1,"S","PARTNTID",NA,NA,4,"sample does not have an associated bay program method code"
"1107",999,"LRA","ALLARM.LT10","11/06/2009","12:00:00","TDS.1","M1",2820,"CMC","NTWQM",2009-11-06 12:00:00,0.3,"ISM",1,"Water",NA,370,"MG/L",NA,NA,NA,2017-10-30 10:23:58,NA,2,NA,1,1,"S","PARTNTID",NA,NA,4,"sample does not have an associated bay program method code"
"1108",999,"LRA","ALLARM.LT7","09/18/2009","12:00:00","NO3N.3","M1",2791,"CMC","NTWQM",2009-09-18 12:00:00,0.3,"ISM",2,"Water",NA,3.3,"MG/L",NA,NA,NA,2017-10-30 10:23:20,NA,2,NA,1,1,"S","PARTNTID",NA,NA,4,"sample does not have an associated bay program method code"
"1109",999,"LRA","ALLARM.LT6","04/09/2009","12:00:00","NO3N.3","M1",2725,"CMC","NTWQM",2009-04-09 12:00:00,0.3,"ISM",2,"Water",NA,4.4,"MG/L",NA,NA,NA,2017-10-30 10:22:06,NA,2,NA,1,1,"S","PARTNTID",NA,NA,4,"sample does not have an associated bay program method code"
"1110",999,"LRA","ALLARM.LT7","09/18/2009","12:00:00","TDS.1","M1",2791,"CMC","NTWQM",2009-09-18 12:00:00,0.3,"ISM",1,"Water",NA,320,"MG/L",NA,NA,NA,2017-10-30 10:23:20,NA,2,NA,1,1,"S","PARTNTID",NA,NA,4,"sample does not have an associated bay program method code"
"1111",999,"LRA","ALLARM.LT10","12/04/2009","12:00:00","NO3N.3","M1",2833,"CMC","NTWQM",2009-12-04 12:00:00,0.3,"ISM",2,"Water",NA,2.4,"MG/L",NA,NA,NA,2017-10-30 10:24:16,NA,2,NA,1,1,"S","PARTNTID",NA,NA,4,"sample does not have an associated bay program method code"
"1112",999,"LRA","ALLARM.LT3","05/09/2009","12:00:00","TDS.1","M1",2735,"CMC","NTWQM",2009-05-09 12:00:00,0.3,"ISM",1,"Water",NA,300,"MG/L",NA,NA,NA,2017-10-30 10:22:16,NA,2,NA,1,1,"S","PARTNTID",NA,NA,4,"sample does not have an associated bay program method code"
"1113",999,"LRA","ALLARM.WL","02/09/2009","12:00:00","NO3N.3","M1",2706,"CMC","NTWQM",2009-02-09 12:00:00,0.3,"ISM",2,"Water",NA,0.3,"MG/L",NA,NA,NA,2017-10-30 10:21:48,NA,2,NA,1,1,"S","PARTNTID",NA,NA,4,"sample does not have an associated bay program method code"
"1114",999,"LRA","ALLARM.LT10","12/04/2009","12:00:00","TDS.1","M1",2833,"CMC","NTWQM",2009-12-04 12:00:00,0.3,"ISM",1,"Water",NA,390,"MG/L",NA,NA,NA,2017-10-30 10:24:16,NA,2,NA,1,1,"S","PARTNTID",NA,NA,4,"sample does not have an associated bay program method code"
"1115",999,"LRA","ALLARM.LT2","12/04/2009","12:00:00","NO3N.3","M1",2825,"CMC","NTWQM",2009-12-04 12:00:00,0.3,"ISM",2,"Water",NA,3.55,"MG/L",NA,NA,NA,2017-10-30 10:24:05,NA,2,NA,1,1,"S","PARTNTID",NA,NA,4,"sample does not have an associated bay program method code"
"1116",999,"LRA","ALLARM.LT6","05/09/2009","12:00:00","NO3N.3","M1",2738,"CMC","NTWQM",2009-05-09 12:00:00,0.3,"ISM",2,"Water",NA,2.9,"MG/L",NA,NA,NA,2017-10-30 10:22:19,NA,2,NA,1,1,"S","PARTNTID",NA,NA,4,"sample does not have an associated bay program method code"
"1117",999,"LRA","ALLARM.LT7","10/02/2009","12:00:00","TDS.1","M1",2804,"CMC","NTWQM",2009-10-02 12:00:00,0.3,"ISM",1,"Water",NA,310,"MG/L",NA,NA,NA,2017-10-30 10:23:37,NA,2,NA,1,1,"S","PARTNTID",NA,NA,4,"sample does not have an associated bay program method code"
"1118",999,"LRA","ALLARM.LT2","01/09/2009","12:00:00","NO3N.3","M1",2682,"CMC","NTWQM",2009-01-09 12:00:00,0.3,"ISM",2,"Water",NA,4.3,"MG/L",NA,NA,NA,2017-10-30 10:21:25,NA,2,NA,1,1,"S","PARTNTID",NA,NA,4,"sample does not have an associated bay program method code"
"1119",999,"LRA","ALLARM.MG1","09/18/2009","12:00:00","TDS.1","M1",2795,"CMC","NTWQM",2009-09-18 12:00:00,0.3,"ISM",1,"Water",NA,440,"MG/L",NA,NA,NA,2017-10-30 10:23:25,NA,2,NA,1,1,"S","PARTNTID",NA,NA,4,"sample does not have an associated bay program method code"
"1120",999,"LRA","ALLARM.LT2","07/09/2009","12:00:00","NO3N.3","M1",2760,"CMC","NTWQM",2009-07-09 12:00:00,0.3,"ISM",2,"Water",NA,4.95,"MG/L",NA,NA,NA,2017-10-30 10:22:44,NA,2,NA,1,1,"S","PARTNTID",NA,NA,4,"sample does not have an associated bay program method code"
"1121",999,"LRA","ALLARM.LT9","04/09/2009","12:00:00","TDS.1","M1",2728,"CMC","NTWQM",2009-04-09 12:00:00,0.3,"ISM",1,"Water",NA,340,"MG/L",NA,NA,NA,2017-10-30 10:22:09,NA,2,NA,1,1,"S","PARTNTID",NA,NA,4,"sample does not have an associated bay program method code"
"1122",999,"LRA","ALLARM.LT3","01/09/2009","12:00:00","NO3N.3","M1",2683,"CMC","NTWQM",2009-01-09 12:00:00,0.3,"ISM",2,"Water",NA,3.7,"MG/L",NA,NA,NA,2017-10-30 10:21:26,NA,2,NA,1,1,"S","PARTNTID",NA,NA,4,"sample does not have an associated bay program method code"
"1123",999,"LRA","ALLARM.LT2","07/09/2009","12:00:00","TDS.1","M1",2760,"CMC","NTWQM",2009-07-09 12:00:00,0.3,"ISM",1,"Water",NA,290,"MG/L",NA,NA,NA,2017-10-30 10:22:44,NA,2,NA,1,1,"S","PARTNTID",NA,NA,4,"sample does not have an associated bay program method code"
"1124",999,"LRA","ALLARM.WL","03/09/2009","12:00:00","TDS.1","M1",2719,"CMC","NTWQM",2009-03-09 12:00:00,0.3,"ISM",1,"Water",NA,460,"MG/L",NA,NA,NA,2017-10-30 10:22:01,NA,2,NA,1,1,"S","PARTNTID",NA,NA,4,"sample does not have an associated bay program method code"
"1125",999,"LRA","ALLARM.LT2","02/09/2009","12:00:00","NO3N.3","M1",2695,"CMC","NTWQM",2009-02-09 12:00:00,0.3,"ISM",2,"Water",NA,4.55,"MG/L",NA,NA,NA,2017-10-30 10:21:36,NA,2,NA,1,1,"S","PARTNTID",NA,NA,4,"sample does not have an associated bay program method code"
"1126",999,"LRA","ALLARM.MG1","04/09/2009","12:00:00","TDS.1","M1",2730,"CMC","NTWQM",2009-04-09 12:00:00,0.3,"ISM",1,"Water",NA,260,"MG/L",NA,NA,NA,2017-10-30 10:22:11,NA,2,NA,1,1,"S","PARTNTID",NA,NA,4,"sample does not have an associated bay program method code"
"1127",999,"LRA","ALLARM.LT7","06/09/2009","12:00:00","NO3N.3","M1",2752,"CMC","NTWQM",2009-06-09 12:00:00,0.3,"ISM",2,"Water",NA,3.6,"MG/L",NA,NA,NA,2017-10-30 10:22:35,NA,2,NA,1,1,"S","PARTNTID",NA,NA,4,"sample does not have an associated bay program method code"
"1128",999,"LRA","ALLARM.LT2","02/09/2009","12:00:00","TDS.1","M1",2695,"CMC","NTWQM",2009-02-09 12:00:00,0.3,"ISM",1,"Water",NA,300,"MG/L",NA,NA,NA,2017-10-30 10:21:36,NA,2,NA,1,1,"S","PARTNTID",NA,NA,4,"sample does not have an associated bay program method code"
"1129",999,"LRA","ALLARM.LT3","02/09/2009","12:00:00","NO3N.3","M1",2696,"CMC","NTWQM",2009-02-09 12:00:00,0.3,"ISM",2,"Water",NA,3.75,"MG/L",NA,NA,NA,2017-10-30 10:21:37,NA,2,NA,1,1,"S","PARTNTID",NA,NA,4,"sample does not have an associated bay program method code"
"1130",999,"LRA","ALLARM.LT6","07/09/2009","12:00:00","NO3N.3","M1",2764,"CMC","NTWQM",2009-07-09 12:00:00,0.3,"ISM",2,"Water",NA,4.45,"MG/L",NA,NA,NA,2017-10-30 10:22:48,NA,2,NA,1,1,"S","PARTNTID",NA,NA,4,"sample does not have an associated bay program method code"
"1131",999,"LRA","ALLARM.LT9","11/06/2009","12:00:00","TDS.1","M1",2819,"CMC","NTWQM",2009-11-06 12:00:00,0.3,"ISM",1,"Water",NA,350,"MG/L",NA,NA,NA,2017-10-30 10:23:57,NA,2,NA,1,1,"S","PARTNTID",NA,NA,4,"sample does not have an associated bay program method code"
"1132",999,"LRA","ALLARM.LT2","03/09/2009","12:00:00","NO3N.3","M1",2708,"CMC","NTWQM",2009-03-09 12:00:00,0.3,"ISM",2,"Water",NA,4.3,"MG/L",NA,NA,NA,2017-10-30 10:21:50,NA,2,NA,1,1,"S","PARTNTID",NA,NA,4,"sample does not have an associated bay program method code"
"1133",999,"LRA","ALLARM.LT2","05/09/2009","12:00:00","NO3N.3","M1",2734,"CMC","NTWQM",2009-05-09 12:00:00,0.3,"ISM",2,"Water",NA,3.6,"MG/L",NA,NA,NA,2017-10-30 10:22:15,NA,2,NA,1,1,"S","PARTNTID",NA,NA,4,"sample does not have an associated bay program method code"
"1134",999,"LRA","ALLARM.LT7","07/09/2009","12:00:00","NO3N.3","M1",2765,"CMC","NTWQM",2009-07-09 12:00:00,0.3,"ISM",2,"Water",NA,4,"MG/L",NA,NA,NA,2017-10-30 10:22:49,NA,2,NA,1,1,"S","PARTNTID",NA,NA,4,"sample does not have an associated bay program method code"
"1135",999,"LRA","ALLARM.LT2","03/09/2009","12:00:00","TDS.1","M1",2708,"CMC","NTWQM",2009-03-09 12:00:00,0.3,"ISM",1,"Water",NA,290,"MG/L",NA,NA,NA,2017-10-30 10:21:50,NA,2,NA,1,1,"S","PARTNTID",NA,NA,4,"sample does not have an associated bay program method code"
"1136",999,"LRA","ALLARM.LT3","03/09/2009","12:00:00","NO3N.3","M1",2709,"CMC","NTWQM",2009-03-09 12:00:00,0.3,"ISM",2,"Water",NA,3.7,"MG/L",NA,NA,NA,2017-10-30 10:21:51,NA,2,NA,1,1,"S","PARTNTID",NA,NA,4,"sample does not have an associated bay program method code"
"1137",999,"LRA","ALLARM.LT6","08/05/2009","12:00:00","NO3N.3","M1",2777,"CMC","NTWQM",2009-08-05 12:00:00,0.3,"ISM",2,"Water",NA,3.6,"MG/L",NA,NA,NA,2017-10-30 10:23:03,NA,2,NA,1,1,"S","PARTNTID",NA,NA,4,"sample does not have an associated bay program method code"
"1138",999,"LRA","ALLARM.LT9","12/04/2009","12:00:00","TDS.1","M1",2832,"CMC","NTWQM",2009-12-04 12:00:00,0.3,"ISM",1,"Water",NA,310,"MG/L",NA,NA,NA,2017-10-30 10:24:14,NA,2,NA,1,1,"S","PARTNTID",NA,NA,4,"sample does not have an associated bay program method code"
"1139",999,"LRA","ALLARM.LT2","04/09/2009","12:00:00","NO3N.3","M1",2721,"CMC","NTWQM",2009-04-09 12:00:00,0.3,"ISM",2,"Water",NA,5,"MG/L",NA,NA,NA,2017-10-30 10:22:02,NA,2,NA,1,1,"S","PARTNTID",NA,NA,4,"sample does not have an associated bay program method code"
"1140",999,"LRA","ALLARM.LT2","06/09/2009","12:00:00","NO3N.3","M1",2747,"CMC","NTWQM",2009-06-09 12:00:00,0.3,"ISM",2,"Water",NA,4.85,"MG/L",NA,NA,NA,2017-10-30 10:22:29,NA,2,NA,1,1,"S","PARTNTID",NA,NA,4,"sample does not have an associated bay program method code"
"1141",999,"LRA","ALLARM.LT7","08/05/2009","12:00:00","NO3N.3","M1",2778,"CMC","NTWQM",2009-08-05 12:00:00,0.3,"ISM",2,"Water",NA,3.5,"MG/L",NA,NA,NA,2017-10-30 10:23:04,NA,2,NA,1,1,"S","PARTNTID",NA,NA,4,"sample does not have an associated bay program method code"
"1142",999,"LRA","ALLARM.LT2","04/09/2009","12:00:00","TDS.1","M1",2721,"CMC","NTWQM",2009-04-09 12:00:00,0.3,"ISM",1,"Water",NA,280,"MG/L",NA,NA,NA,2017-10-30 10:22:02,NA,2,NA,1,1,"S","PARTNTID",NA,NA,4,"sample does not have an associated bay program method code"
"1143",999,"LRA","ALLARM.LT3","04/09/2009","12:00:00","NO3N.3","M1",2722,"CMC","NTWQM",2009-04-09 12:00:00,0.3,"ISM",2,"Water",NA,5,"MG/L",NA,NA,NA,2017-10-30 10:22:03,NA,2,NA,1,1,"S","PARTNTID",NA,NA,4,"sample does not have an associated bay program method code"
"1144",999,"LRA","ALLARM.LT6","09/18/2009","12:00:00","NO3N.3","M1",2790,"CMC","NTWQM",2009-09-18 12:00:00,0.3,"ISM",2,"Water",NA,4.35,"MG/L",NA,NA,NA,2017-10-30 10:23:19,NA,2,NA,1,1,"S","PARTNTID",NA,NA,4,"sample does not have an associated bay program method code"
"1145",999,"LRA","ALLARM.MG1","01/09/2009","12:00:00","TDS.1","M1",2691,"CMC","NTWQM",2009-01-09 12:00:00,0.3,"ISM",1,"Water",NA,480,"MG/L",NA,NA,NA,2017-10-30 10:21:33,NA,2,NA,1,1,"S","PARTNTID",NA,NA,4,"sample does not have an associated bay program method code"
"1146",999,"LRA","ALLARM.MG1","03/09/2009","12:00:00","TDS.1","M1",2717,"CMC","NTWQM",2009-03-09 12:00:00,0.3,"ISM",1,"Water",NA,480,"MG/L",NA,NA,NA,2017-10-30 10:21:58,NA,2,NA,1,1,"S","PARTNTID",NA,NA,4,"sample does not have an associated bay program method code"
"1147",999,"LRA","ALLARM.LT7","05/09/2009","12:00:00","NO3N.3","M1",2739,"CMC","NTWQM",2009-05-09 12:00:00,0.3,"ISM",2,"Water",NA,2.7,"MG/L",NA,NA,NA,2017-10-30 10:22:20,NA,2,NA,1,1,"S","PARTNTID",NA,NA,4,"sample does not have an associated bay program method code"
"1148",999,"LRA","ALLARM.MG1","07/09/2009","12:00:00","TDS.1","M1",2769,"CMC","NTWQM",2009-07-09 12:00:00,0.3,"ISM",1,"Water",NA,460,"MG/L",NA,NA,NA,2017-10-30 10:22:54,NA,2,NA,1,1,"S","PARTNTID",NA,NA,4,"sample does not have an associated bay program method code"
"1149",999,"LRA","ALLARM.LT2","05/09/2009","12:00:00","TDS.1","M1",2734,"CMC","NTWQM",2009-05-09 12:00:00,0.3,"ISM",1,"Water",NA,280,"MG/L",NA,NA,NA,2017-10-30 10:22:15,NA,2,NA,1,1,"S","PARTNTID",NA,NA,4,"sample does not have an associated bay program method code"
"1150",999,"LRA","ALLARM.LT3","05/09/2009","12:00:00","NO3N.3","M1",2735,"CMC","NTWQM",2009-05-09 12:00:00,0.3,"ISM",2,"Water",NA,3.7,"MG/L",NA,NA,NA,2017-10-30 10:22:16,NA,2,NA,1,1,"S","PARTNTID",NA,NA,4,"sample does not have an associated bay program method code"
"1151",999,"LRA","ALLARM.LT6","10/02/2009","12:00:00","NO3N.3","M1",2803,"CMC","NTWQM",2009-10-02 12:00:00,0.3,"ISM",2,"Water",NA,3.1,"MG/L",NA,NA,NA,2017-10-30 10:23:36,NA,2,NA,1,1,"S","PARTNTID",NA,NA,4,"sample does not have an associated bay program method code"
"1152",999,"LRA","ALLARM.MG1","02/09/2009","12:00:00","TDS.1","M1",2704,"CMC","NTWQM",2009-02-09 12:00:00,0.3,"ISM",1,"Water",NA,490,"MG/L",NA,NA,NA,2017-10-30 10:21:45,NA,2,NA,1,1,"S","PARTNTID",NA,NA,4,"sample does not have an associated bay program method code"
"1153",999,"LRA","ALLARM.LT7","02/09/2009","12:00:00","NO3N.3","M1",2700,"CMC","NTWQM",2009-02-09 12:00:00,0.3,"ISM",2,"Water",NA,2.45,"MG/L",NA,NA,NA,2017-10-30 10:21:41,NA,2,NA,1,1,"S","PARTNTID",NA,NA,4,"sample does not have an associated bay program method code"
"1154",999,"LRA","ALLARM.LT7","04/09/2009","12:00:00","NO3N.3","M1",2726,"CMC","NTWQM",2009-04-09 12:00:00,0.3,"ISM",2,"Water",NA,3.8,"MG/L",NA,NA,NA,2017-10-30 10:22:07,NA,2,NA,1,1,"S","PARTNTID",NA,NA,4,"sample does not have an associated bay program method code"
"1155",999,"LRA","ALLARM.LT7","10/02/2009","12:00:00","NO3N.3","M1",2804,"CMC","NTWQM",2009-10-02 12:00:00,0.3,"ISM",2,"Water",NA,2.9,"MG/L",NA,NA,NA,2017-10-30 10:23:37,NA,2,NA,1,1,"S","PARTNTID",NA,NA,4,"sample does not have an associated bay program method code"
"1156",999,"LRA","ALLARM.LT2","06/09/2009","12:00:00","TDS.1","M1",2747,"CMC","NTWQM",2009-06-09 12:00:00,0.3,"ISM",1,"Water",NA,270,"MG/L",NA,NA,NA,2017-10-30 10:22:29,NA,2,NA,1,1,"S","PARTNTID",NA,NA,4,"sample does not have an associated bay program method code"
"1157",999,"LRA","ALLARM.LT3","06/09/2009","12:00:00","NO3N.3","M1",2748,"CMC","NTWQM",2009-06-09 12:00:00,0.3,"ISM",2,"Water",NA,4.5,"MG/L",NA,NA,NA,2017-10-30 10:22:30,NA,2,NA,1,1,"S","PARTNTID",NA,NA,4,"sample does not have an associated bay program method code"
"1158",999,"LRA","ALLARM.LT6","11/06/2009","12:00:00","NO3N.3","M1",2816,"CMC","NTWQM",2009-11-06 12:00:00,0.3,"ISM",2,"Water",NA,3.3,"MG/L",NA,NA,NA,2017-10-30 10:23:53,NA,2,NA,1,1,"S","PARTNTID",NA,NA,4,"sample does not have an associated bay program method code"
"1159",999,"LRA","ALLARM.LT7","01/09/2009","12:00:00","NO3N.3","M1",2687,"CMC","NTWQM",2009-01-09 12:00:00,0.3,"ISM",2,"Water",NA,3.75,"MG/L",NA,NA,NA,2017-10-30 10:21:29,NA,2,NA,1,1,"S","PARTNTID",NA,NA,4,"sample does not have an associated bay program method code"
"1160",999,"LRA","ALLARM.LT7","03/09/2009","12:00:00","NO3N.3","M1",2713,"CMC","NTWQM",2009-03-09 12:00:00,0.3,"ISM",2,"Water",NA,3.6,"MG/L",NA,NA,NA,2017-10-30 10:21:55,NA,2,NA,1,1,"S","PARTNTID",NA,NA,4,"sample does not have an associated bay program method code"
"1161",999,"LRA","ALLARM.LT6","12/04/2009","12:00:00","NO3N.3","M1",2829,"CMC","NTWQM",2009-12-04 12:00:00,0.3,"ISM",2,"Water",NA,3.1,"MG/L",NA,NA,NA,2017-10-30 10:24:10,NA,2,NA,1,1,"S","PARTNTID",NA,NA,4,"sample does not have an associated bay program method code"
"1162",999,"LRA","ALLARM.LT8","12/04/2009","12:00:00","TDS.1","M1",2831,"CMC","NTWQM",2009-12-04 12:00:00,0.3,"ISM",1,"Water",NA,360,"MG/L",NA,NA,NA,2017-10-30 10:24:13,NA,2,NA,1,1,"S","PARTNTID",NA,NA,4,"sample does not have an associated bay program method code"
"1163",999,"LRA","ALLARM.LT9","06/09/2009","12:00:00","TDS.1","M1",2754,"CMC","NTWQM",2009-06-09 12:00:00,0.3,"ISM",1,"Water",NA,340,"MG/L",NA,NA,NA,2017-10-30 10:22:37,NA,2,NA,1,1,"S","PARTNTID",NA,NA,4,"sample does not have an associated bay program method code"
"1164",999,"LRA","ALLARM.LT9","10/02/2009","12:00:00","TDS.1","M1",2806,"CMC","NTWQM",2009-10-02 12:00:00,0.3,"ISM",1,"Water",NA,330,"MG/L",NA,NA,NA,2017-10-30 10:23:40,NA,2,NA,1,1,"S","PARTNTID",NA,NA,4,"sample does not have an associated bay program method code"
"1165",999,"LRA","ALLARM.LT9","05/09/2009","12:00:00","TDS.1","M1",2741,"CMC","NTWQM",2009-05-09 12:00:00,0.3,"ISM",1,"Water",NA,360,"MG/L",NA,NA,NA,2017-10-30 10:22:22,NA,2,NA,1,1,"S","PARTNTID",NA,NA,4,"sample does not have an associated bay program method code"
"1166",999,"LRA","ALLARM.LT8","11/06/2009","12:00:00","NO3N.3","M1",2818,"CMC","NTWQM",2009-11-06 12:00:00,0.3,"ISM",2,"Water",NA,3.4,"MG/L",NA,NA,NA,2017-10-30 10:23:55,NA,2,NA,1,1,"S","PARTNTID",NA,NA,4,"sample does not have an associated bay program method code"
"1167",999,"LRA","ALLARM.MG1","06/09/2009","12:00:00","TDS.1","M1",2756,"CMC","NTWQM",2009-06-09 12:00:00,0.3,"ISM",1,"Water",NA,440,"MG/L",NA,NA,NA,2017-10-30 10:22:39,NA,2,NA,1,1,"S","PARTNTID",NA,NA,4,"sample does not have an associated bay program method code"
"1168",999,"LRA","ALLARM.LT8","11/06/2009","12:00:00","TDS.1","M1",2818,"CMC","NTWQM",2009-11-06 12:00:00,0.3,"ISM",1,"Water",NA,340,"MG/L",NA,NA,NA,2017-10-30 10:23:55,NA,2,NA,1,1,"S","PARTNTID",NA,NA,4,"sample does not have an associated bay program method code"
"1169",999,"LRA","ALLARM.MG1","05/09/2009","12:00:00","TDS.1","M1",2743,"CMC","NTWQM",2009-05-09 12:00:00,0.3,"ISM",1,"Water",NA,450,"MG/L",NA,NA,NA,2017-10-30 10:22:25,NA,2,NA,1,1,"S","PARTNTID",NA,NA,4,"sample does not have an associated bay program method code"
"1170",999,"LRA","ALLARM.LT2","08/05/2009","12:00:00","TDS.1","M1",2773,"CMC","NTWQM",2009-08-05 12:00:00,0.3,"ISM",1,"Water",NA,260,"MG/L",NA,NA,NA,2017-10-30 10:22:59,NA,2,NA,1,1,"S","PARTNTID",NA,NA,4,"sample does not have an associated bay program method code"
"1171",999,"LRA","ALLARM.LT2","10/02/2009","12:00:00","TDS.1","M1",2799,"CMC","NTWQM",2009-10-02 12:00:00,0.3,"ISM",1,"Water",NA,260,"MG/L",NA,NA,NA,2017-10-30 10:23:30,NA,2,NA,1,1,"S","PARTNTID",NA,NA,4,"sample does not have an associated bay program method code"
"1172",999,"LRA","ALLARM.LT8","10/02/2009","12:00:00","NO3N.3","M1",2805,"CMC","NTWQM",2009-10-02 12:00:00,0.3,"ISM",2,"Water",NA,3.5,"MG/L",NA,NA,NA,2017-10-30 10:23:38,NA,2,NA,1,1,"S","PARTNTID",NA,NA,4,"sample does not have an associated bay program method code"
"1173",999,"LRA","ALLARM.LT2","09/18/2009","12:00:00","TDS.1","M1",2786,"CMC","NTWQM",2009-09-18 12:00:00,0.3,"ISM",1,"Water",NA,260,"MG/L",NA,NA,NA,2017-10-30 10:23:14,NA,2,NA,1,1,"S","PARTNTID",NA,NA,4,"sample does not have an associated bay program method code"
"1174",999,"LRA","ALLARM.LT8","09/18/2009","12:00:00","NO3N.3","M1",2792,"CMC","NTWQM",2009-09-18 12:00:00,0.3,"ISM",2,"Water",NA,3.45,"MG/L",NA,NA,NA,2017-10-30 10:23:21,NA,2,NA,1,1,"S","PARTNTID",NA,NA,4,"sample does not have an associated bay program method code"
"1175",999,"LRA","ALLARM.WL","01/09/2009","12:00:00","TDS.1","M1",2693,"CMC","NTWQM",2009-01-09 12:00:00,0.3,"ISM",1,"Water",NA,480,"MG/L",NA,NA,NA,2017-10-30 10:21:34,NA,2,NA,1,1,"S","PARTNTID",NA,NA,4,"sample does not have an associated bay program method code"
"1176",999,"LRA","ALLARM.LT9","02/09/2009","12:00:00","TDS.1","M1",2702,"CMC","NTWQM",2009-02-09 12:00:00,0.3,"ISM",1,"Water",NA,360,"MG/L",NA,NA,NA,2017-10-30 10:21:43,NA,2,NA,1,1,"S","PARTNTID",NA,NA,4,"sample does not have an associated bay program method code"
"1177",999,"LRA","ALLARM.MG1","08/05/2009","12:00:00","TDS.1","M1",2782,"CMC","NTWQM",2009-08-05 12:00:00,0.3,"ISM",1,"Water",NA,450,"MG/L",NA,NA,NA,2017-10-30 10:23:09,NA,2,NA,1,1,"S","PARTNTID",NA,NA,4,"sample does not have an associated bay program method code"
"1178",999,"LRA","ALLARM.LT9","01/09/2009","12:00:00","TDS.1","M1",2689,"CMC","NTWQM",2009-01-09 12:00:00,0.3,"ISM",1,"Water",NA,380,"MG/L",NA,NA,NA,2017-10-30 10:21:31,NA,2,NA,1,1,"S","PARTNTID",NA,NA,4,"sample does not have an associated bay program method code"
"1179",999,"LRA","ALLARM.LT9","07/09/2009","12:00:00","TDS.1","M1",2767,"CMC","NTWQM",2009-07-09 12:00:00,0.3,"ISM",1,"Water",NA,340,"MG/L",NA,NA,NA,2017-10-30 10:22:52,NA,2,NA,1,1,"S","PARTNTID",NA,NA,4,"sample does not have an associated bay program method code"
"1180",999,"LRA","ALLARM.LT9","09/18/2009","12:00:00","TDS.1","M1",2793,"CMC","NTWQM",2009-09-18 12:00:00,0.3,"ISM",1,"Water",NA,320,"MG/L",NA,NA,NA,2017-10-30 10:23:23,NA,2,NA,1,1,"S","PARTNTID",NA,NA,4,"sample does not have an associated bay program method code"
"1181",999,"LRA","ALLARM.MG2","12/04/2009","12:00:00","TDS.1","M1",2835,"CMC","NTWQM",2009-12-04 12:00:00,0.3,"ISM",1,"Water",NA,440,"MG/L",NA,NA,NA,2017-10-30 10:24:18,NA,2,NA,1,1,"S","PARTNTID",NA,NA,4,"sample does not have an associated bay program method code"
"1182",999,"LRA","ALLARM.WL","02/09/2009","12:00:00","TDS.1","M1",2706,"CMC","NTWQM",2009-02-09 12:00:00,0.3,"ISM",1,"Water",NA,430,"MG/L",NA,NA,NA,2017-10-30 10:21:48,NA,2,NA,1,1,"S","PARTNTID",NA,NA,4,"sample does not have an associated bay program method code"
"1183",999,"LRA","ALLARM.MG2","11/06/2009","12:00:00","TDS.1","M1",2822,"CMC","NTWQM",2009-11-06 12:00:00,0.3,"ISM",1,"Water",NA,450,"MG/L",NA,NA,NA,2017-10-30 10:24:01,NA,2,NA,1,1,"S","PARTNTID",NA,NA,4,"sample does not have an associated bay program method code"
"1184",999,"LRA","ALLARM.LT9","03/09/2009","12:00:00","TDS.1","M1",2715,"CMC","NTWQM",2009-03-09 12:00:00,0.3,"ISM",1,"Water",NA,350,"MG/L",NA,NA,NA,2017-10-30 10:21:57,NA,2,NA,1,1,"S","PARTNTID",NA,NA,4,"sample does not have an associated bay program method code"
"1185",999,"LRA","ALLARM.MG2","10/02/2009","12:00:00","TDS.1","M1",2809,"CMC","NTWQM",2009-10-02 12:00:00,0.3,"ISM",1,"Water",NA,440,"MG/L",NA,NA,NA,2017-10-30 10:23:44,NA,2,NA,1,1,"S","PARTNTID",NA,NA,4,"sample does not have an associated bay program method code"
"1186",999,"LRA","ALLARM.LT9","08/05/2009","12:00:00","TDS.1","M1",2780,"CMC","NTWQM",2009-08-05 12:00:00,0.3,"ISM",1,"Water",NA,330,"MG/L",NA,NA,NA,2017-10-30 10:23:07,NA,2,NA,1,1,"S","PARTNTID",NA,NA,4,"sample does not have an associated bay program method code"
