"","paramMethod","SOURCE","STATION","SAMPLE_DATE","SAMPLE_TIME","paramCode","SAMPLE_ID","EventId","AGENCY","PROGRAM","DateTime","DEPTH","SAMPLE_TYPE","TIER","Matrix","QUALIFIER","VALUE","UNITS","PROBLEM","LAB","labName","modifiedDate","detLimit","qaFlag","COMMENTS","count.x","count.y","LAYER","PROJECT","SampleAnalyticalMethodIdentifier","SubstanceIdentificationName","errorCode","errorName"
"847",999,"LRA","ALLARM.LT3","09/08/2008","12:00:00","NO3N.3","M1",2631,"CMC","NTWQM",2008-09-08 12:00:00,0.3,"ISM",2,"Water",NA,4,"MG/L",NA,NA,NA,2017-10-30 10:20:33,NA,2,NA,1,1,"S","PARTNTID",NA,NA,4,"sample does not have an associated bay program method code"
"848",999,"LRA","ALLARM.LT1","10/08/2008","12:00:00","TDS.1","M1",2642,"CMC","NTWQM",2008-10-08 12:00:00,0.3,"ISM",1,"Water",NA,280,"MG/L",NA,NA,NA,2017-10-30 10:20:42,NA,2,NA,1,1,"S","PARTNTID",NA,NA,4,"sample does not have an associated bay program method code"
"849",999,"LRA","ALLARM.WL","05/08/2008","12:00:00","TDS.1","M1",2589,"CMC","NTWQM",2008-05-08 12:00:00,0.3,"ISM",1,"Water",NA,450,"MG/L",NA,NA,NA,2017-10-30 10:20:04,NA,2,NA,1,1,"S","PARTNTID",NA,NA,4,"sample does not have an associated bay program method code"
"850",999,"LRA","ALLARM.LT3","09/08/2008","12:00:00","TDS.1","M1",2631,"CMC","NTWQM",2008-09-08 12:00:00,0.3,"ISM",1,"Water",NA,290,"MG/L",NA,NA,NA,2017-10-30 10:20:33,NA,2,NA,1,1,"S","PARTNTID",NA,NA,4,"sample does not have an associated bay program method code"
"851",999,"LRA","ALLARM.LT8","01/08/2008","12:00:00","TDS.1","M1",2532,"CMC","NTWQM",2008-01-08 12:00:00,0.3,"ISM",1,"Water",NA,360,"MG/L",NA,NA,NA,2017-10-30 10:19:42,NA,2,NA,1,1,"S","PARTNTID",NA,NA,4,"sample does not have an associated bay program method code"
"852",999,"LRA","ALLARM.LT1","11/08/2008","12:00:00","NO3N.3","M1",2655,"CMC","NTWQM",2008-11-08 12:00:00,0.3,"ISM",2,"Water",NA,3.7,"MG/L",NA,NA,NA,2017-10-30 10:20:54,NA,2,NA,1,1,"S","PARTNTID",NA,NA,4,"sample does not have an associated bay program method code"
"853",999,"LRA","ALLARM.WL","06/08/2008","12:00:00","NO3N.3","M1",2602,"CMC","NTWQM",2008-06-08 12:00:00,0.3,"ISM",2,"Water",NA,2.7,"MG/L",NA,NA,NA,2017-10-30 10:20:12,NA,2,NA,1,1,"S","PARTNTID",NA,NA,4,"sample does not have an associated bay program method code"
"854",999,"LRA","ALLARM.LT3","10/08/2008","12:00:00","NO3N.3","M1",2644,"CMC","NTWQM",2008-10-08 12:00:00,0.3,"ISM",2,"Water",NA,4.9,"MG/L",NA,NA,NA,2017-10-30 10:20:45,NA,2,NA,1,1,"S","PARTNTID",NA,NA,4,"sample does not have an associated bay program method code"
"855",999,"LRA","ALLARM.LT1","11/08/2008","12:00:00","TDS.1","M1",2655,"CMC","NTWQM",2008-11-08 12:00:00,0.3,"ISM",1,"Water",NA,300,"MG/L",NA,NA,NA,2017-10-30 10:20:54,NA,2,NA,1,1,"S","PARTNTID",NA,NA,4,"sample does not have an associated bay program method code"
"856",999,"LRA","ALLARM.WL","06/08/2008","12:00:00","TDS.1","M1",2602,"CMC","NTWQM",2008-06-08 12:00:00,0.3,"ISM",1,"Water",NA,420,"MG/L",NA,NA,NA,2017-10-30 10:20:12,NA,2,NA,1,1,"S","PARTNTID",NA,NA,4,"sample does not have an associated bay program method code"
"857",999,"LRA","ALLARM.LT3","10/08/2008","12:00:00","TDS.1","M1",2644,"CMC","NTWQM",2008-10-08 12:00:00,0.3,"ISM",1,"Water",NA,270,"MG/L",NA,NA,NA,2017-10-30 10:20:45,NA,2,NA,1,1,"S","PARTNTID",NA,NA,4,"sample does not have an associated bay program method code"
"858",999,"LRA","ALLARM.LT8","02/08/2008","12:00:00","TDS.1","M1",2545,"CMC","NTWQM",2008-02-08 12:00:00,0.3,"ISM",1,"Water",NA,380,"MG/L",NA,NA,NA,2017-10-30 10:19:47,NA,2,NA,1,1,"S","PARTNTID",NA,NA,4,"sample does not have an associated bay program method code"
"859",999,"LRA","ALLARM.LT1","12/01/2008","12:00:00","NO3N.3","M1",2668,"CMC","NTWQM",2008-12-01 12:00:00,0.3,"ISM",2,"Water",NA,3.7,"MG/L",NA,NA,NA,2017-10-30 10:21:11,NA,2,NA,1,1,"S","PARTNTID",NA,NA,4,"sample does not have an associated bay program method code"
"860",999,"LRA","ALLARM.WL","07/08/2008","12:00:00","NO3N.3","M1",2615,"CMC","NTWQM",2008-07-08 12:00:00,0.3,"ISM",2,"Water",NA,0.4,"MG/L",NA,NA,NA,2017-10-30 10:20:20,NA,2,NA,1,1,"S","PARTNTID",NA,NA,4,"sample does not have an associated bay program method code"
"861",999,"LRA","ALLARM.LT3","11/08/2008","12:00:00","NO3N.3","M1",2657,"CMC","NTWQM",2008-11-08 12:00:00,0.3,"ISM",2,"Water",NA,3.9,"MG/L",NA,NA,NA,2017-10-30 10:20:56,NA,2,NA,1,1,"S","PARTNTID",NA,NA,4,"sample does not have an associated bay program method code"
"862",999,"LRA","ALLARM.LT1","12/01/2008","12:00:00","TDS.1","M1",2668,"CMC","NTWQM",2008-12-01 12:00:00,0.3,"ISM",1,"Water",NA,300,"MG/L",NA,NA,NA,2017-10-30 10:21:11,NA,2,NA,1,1,"S","PARTNTID",NA,NA,4,"sample does not have an associated bay program method code"
"863",999,"LRA","ALLARM.WL","07/08/2008","12:00:00","TDS.1","M1",2615,"CMC","NTWQM",2008-07-08 12:00:00,0.3,"ISM",1,"Water",NA,300,"MG/L",NA,NA,NA,2017-10-30 10:20:20,NA,2,NA,1,1,"S","PARTNTID",NA,NA,4,"sample does not have an associated bay program method code"
"864",999,"LRA","ALLARM.LT3","11/08/2008","12:00:00","TDS.1","M1",2657,"CMC","NTWQM",2008-11-08 12:00:00,0.3,"ISM",1,"Water",NA,300,"MG/L",NA,NA,NA,2017-10-30 10:20:56,NA,2,NA,1,1,"S","PARTNTID",NA,NA,4,"sample does not have an associated bay program method code"
"865",999,"LRA","ALLARM.LT8","03/08/2008","12:00:00","TDS.1","M1",2558,"CMC","NTWQM",2008-03-08 12:00:00,0.3,"ISM",1,"Water",NA,360,"MG/L",NA,NA,NA,2017-10-30 10:19:52,NA,2,NA,1,1,"S","PARTNTID",NA,NA,4,"sample does not have an associated bay program method code"
"866",999,"LRA","ALLARM.LT10","01/08/2008","12:00:00","NO3N.3","M1",2534,"CMC","NTWQM",2008-01-08 12:00:00,0.3,"ISM",2,"Water",NA,3.4,"MG/L",NA,NA,NA,2017-10-30 10:19:43,NA,2,NA,1,1,"S","PARTNTID",NA,NA,4,"sample does not have an associated bay program method code"
"867",999,"LRA","ALLARM.WL","08/18/2008","12:00:00","NO3N.3","M1",2628,"CMC","NTWQM",2008-08-18 12:00:00,0.3,"ISM",2,"Water",NA,0.7,"MG/L",NA,NA,NA,2017-10-30 10:20:30,NA,2,NA,1,1,"S","PARTNTID",NA,NA,4,"sample does not have an associated bay program method code"
"868",999,"LRA","ALLARM.LT3","12/01/2008","12:00:00","NO3N.3","M1",2670,"CMC","NTWQM",2008-12-01 12:00:00,0.3,"ISM",2,"Water",NA,3.9,"MG/L",NA,NA,NA,2017-10-30 10:21:14,NA,2,NA,1,1,"S","PARTNTID",NA,NA,4,"sample does not have an associated bay program method code"
"869",999,"LRA","ALLARM.LT10","01/08/2008","12:00:00","TDS.1","M1",2534,"CMC","NTWQM",2008-01-08 12:00:00,0.3,"ISM",1,"Water",NA,430,"MG/L",NA,NA,NA,2017-10-30 10:19:43,NA,2,NA,1,1,"S","PARTNTID",NA,NA,4,"sample does not have an associated bay program method code"
"870",999,"LRA","ALLARM.WL","08/18/2008","12:00:00","TDS.1","M1",2628,"CMC","NTWQM",2008-08-18 12:00:00,0.3,"ISM",1,"Water",NA,250,"MG/L",NA,NA,NA,2017-10-30 10:20:30,NA,2,NA,1,1,"S","PARTNTID",NA,NA,4,"sample does not have an associated bay program method code"
"871",999,"LRA","ALLARM.LT3","12/01/2008","12:00:00","TDS.1","M1",2670,"CMC","NTWQM",2008-12-01 12:00:00,0.3,"ISM",1,"Water",NA,310,"MG/L",NA,NA,NA,2017-10-30 10:21:14,NA,2,NA,1,1,"S","PARTNTID",NA,NA,4,"sample does not have an associated bay program method code"
"872",999,"LRA","ALLARM.LT8","04/08/2008","12:00:00","TDS.1","M1",2571,"CMC","NTWQM",2008-04-08 12:00:00,0.3,"ISM",1,"Water",NA,330,"MG/L",NA,NA,NA,2017-10-30 10:19:56,NA,2,NA,1,1,"S","PARTNTID",NA,NA,4,"sample does not have an associated bay program method code"
"873",999,"LRA","ALLARM.LT10","02/08/2008","12:00:00","NO3N.3","M1",2547,"CMC","NTWQM",2008-02-08 12:00:00,0.3,"ISM",2,"Water",NA,3,"MG/L",NA,NA,NA,2017-10-30 10:19:48,NA,2,NA,1,1,"S","PARTNTID",NA,NA,4,"sample does not have an associated bay program method code"
"874",999,"LRA","ALLARM.WL","09/08/2008","12:00:00","NO3N.3","M1",2641,"CMC","NTWQM",2008-09-08 12:00:00,0.3,"ISM",2,"Water",NA,1.1,"MG/L",NA,NA,NA,2017-10-30 10:20:40,NA,2,NA,1,1,"S","PARTNTID",NA,NA,4,"sample does not have an associated bay program method code"
"875",999,"LRA","ALLARM.LT4","01/08/2008","12:00:00","NO3N.3","M1",2528,"CMC","NTWQM",2008-01-08 12:00:00,0.3,"ISM",2,"Water",NA,3.4,"MG/L",NA,NA,NA,2017-10-30 10:19:41,NA,2,NA,1,1,"S","PARTNTID",NA,NA,4,"sample does not have an associated bay program method code"
"876",999,"LRA","ALLARM.LT10","02/08/2008","12:00:00","TDS.1","M1",2547,"CMC","NTWQM",2008-02-08 12:00:00,0.3,"ISM",1,"Water",NA,500,"MG/L",NA,NA,NA,2017-10-30 10:19:48,NA,2,NA,1,1,"S","PARTNTID",NA,NA,4,"sample does not have an associated bay program method code"
"877",999,"LRA","ALLARM.WL","09/08/2008","12:00:00","TDS.1","M1",2641,"CMC","NTWQM",2008-09-08 12:00:00,0.3,"ISM",1,"Water",NA,420,"MG/L",NA,NA,NA,2017-10-30 10:20:40,NA,2,NA,1,1,"S","PARTNTID",NA,NA,4,"sample does not have an associated bay program method code"
"878",999,"LRA","ALLARM.LT4","01/08/2008","12:00:00","TDS.1","M1",2528,"CMC","NTWQM",2008-01-08 12:00:00,0.3,"ISM",1,"Water",NA,320,"MG/L",NA,NA,NA,2017-10-30 10:19:41,NA,2,NA,1,1,"S","PARTNTID",NA,NA,4,"sample does not have an associated bay program method code"
"879",999,"LRA","ALLARM.LT8","05/08/2008","12:00:00","TDS.1","M1",2584,"CMC","NTWQM",2008-05-08 12:00:00,0.3,"ISM",1,"Water",NA,310,"MG/L",NA,NA,NA,2017-10-30 10:20:02,NA,2,NA,1,1,"S","PARTNTID",NA,NA,4,"sample does not have an associated bay program method code"
"880",999,"LRA","ALLARM.LT10","03/08/2008","12:00:00","NO3N.3","M1",2560,"CMC","NTWQM",2008-03-08 12:00:00,0.3,"ISM",2,"Water",NA,4.2,"MG/L",NA,NA,NA,2017-10-30 10:19:52,NA,2,NA,1,1,"S","PARTNTID",NA,NA,4,"sample does not have an associated bay program method code"
"881",999,"LRA","ALLARM.WL","10/08/2008","12:00:00","NO3N.3","M1",2654,"CMC","NTWQM",2008-10-08 12:00:00,0.3,"ISM",2,"Water",NA,0.1,"MG/L",NA,NA,NA,2017-10-30 10:20:53,NA,2,NA,1,1,"S","PARTNTID",NA,NA,4,"sample does not have an associated bay program method code"
"882",999,"LRA","ALLARM.LT4","02/08/2008","12:00:00","NO3N.3","M1",2541,"CMC","NTWQM",2008-02-08 12:00:00,0.3,"ISM",2,"Water",NA,4.5,"MG/L",NA,NA,NA,2017-10-30 10:19:46,NA,2,NA,1,1,"S","PARTNTID",NA,NA,4,"sample does not have an associated bay program method code"
"883",999,"LRA","ALLARM.LT10","03/08/2008","12:00:00","TDS.1","M1",2560,"CMC","NTWQM",2008-03-08 12:00:00,0.3,"ISM",1,"Water",NA,380,"MG/L",NA,NA,NA,2017-10-30 10:19:52,NA,2,NA,1,1,"S","PARTNTID",NA,NA,4,"sample does not have an associated bay program method code"
"884",999,"LRA","ALLARM.WL","10/08/2008","12:00:00","TDS.1","M1",2654,"CMC","NTWQM",2008-10-08 12:00:00,0.3,"ISM",1,"Water",NA,210,"MG/L",NA,NA,NA,2017-10-30 10:20:53,NA,2,NA,1,1,"S","PARTNTID",NA,NA,4,"sample does not have an associated bay program method code"
"885",999,"LRA","ALLARM.LT4","02/08/2008","12:00:00","TDS.1","M1",2541,"CMC","NTWQM",2008-02-08 12:00:00,0.3,"ISM",1,"Water",NA,330,"MG/L",NA,NA,NA,2017-10-30 10:19:46,NA,2,NA,1,1,"S","PARTNTID",NA,NA,4,"sample does not have an associated bay program method code"
"886",999,"LRA","ALLARM.LT8","06/08/2008","12:00:00","TDS.1","M1",2597,"CMC","NTWQM",2008-06-08 12:00:00,0.3,"ISM",1,"Water",NA,310,"MG/L",NA,NA,NA,2017-10-30 10:20:09,NA,2,NA,1,1,"S","PARTNTID",NA,NA,4,"sample does not have an associated bay program method code"
"887",999,"LRA","ALLARM.LT10","04/08/2008","12:00:00","NO3N.3","M1",2573,"CMC","NTWQM",2008-04-08 12:00:00,0.3,"ISM",2,"Water",NA,3.6,"MG/L",NA,NA,NA,2017-10-30 10:19:57,NA,2,NA,1,1,"S","PARTNTID",NA,NA,4,"sample does not have an associated bay program method code"
"888",999,"LRA","ALLARM.WL","11/08/2008","12:00:00","NO3N.3","M1",2667,"CMC","NTWQM",2008-11-08 12:00:00,0.3,"ISM",2,"Water",NA,1.05,"MG/L",NA,NA,NA,2017-10-30 10:21:09,NA,2,NA,1,1,"S","PARTNTID",NA,NA,4,"sample does not have an associated bay program method code"
"889",999,"LRA","ALLARM.LT4","03/08/2008","12:00:00","NO3N.3","M1",2554,"CMC","NTWQM",2008-03-08 12:00:00,0.3,"ISM",2,"Water",NA,4.4,"MG/L",NA,NA,NA,2017-10-30 10:19:50,NA,2,NA,1,1,"S","PARTNTID",NA,NA,4,"sample does not have an associated bay program method code"
"890",999,"LRA","ALLARM.LT10","04/08/2008","12:00:00","TDS.1","M1",2573,"CMC","NTWQM",2008-04-08 12:00:00,0.3,"ISM",1,"Water",NA,330,"MG/L",NA,NA,NA,2017-10-30 10:19:57,NA,2,NA,1,1,"S","PARTNTID",NA,NA,4,"sample does not have an associated bay program method code"
"891",999,"LRA","ALLARM.WL","11/08/2008","12:00:00","TDS.1","M1",2667,"CMC","NTWQM",2008-11-08 12:00:00,0.3,"ISM",1,"Water",NA,410,"MG/L",NA,NA,NA,2017-10-30 10:21:09,NA,2,NA,1,1,"S","PARTNTID",NA,NA,4,"sample does not have an associated bay program method code"
"892",999,"LRA","ALLARM.LT4","03/08/2008","12:00:00","TDS.1","M1",2554,"CMC","NTWQM",2008-03-08 12:00:00,0.3,"ISM",1,"Water",NA,320,"MG/L",NA,NA,NA,2017-10-30 10:19:50,NA,2,NA,1,1,"S","PARTNTID",NA,NA,4,"sample does not have an associated bay program method code"
"893",999,"LRA","ALLARM.LT8","07/08/2008","12:00:00","TDS.1","M1",2610,"CMC","NTWQM",2008-07-08 12:00:00,0.3,"ISM",1,"Water",NA,310,"MG/L",NA,NA,NA,2017-10-30 10:20:17,NA,2,NA,1,1,"S","PARTNTID",NA,NA,4,"sample does not have an associated bay program method code"
"894",999,"LRA","ALLARM.LT10","05/08/2008","12:00:00","NO3N.3","M1",2586,"CMC","NTWQM",2008-05-08 12:00:00,0.3,"ISM",2,"Water",NA,2.6,"MG/L",NA,NA,NA,2017-10-30 10:20:03,NA,2,NA,1,1,"S","PARTNTID",NA,NA,4,"sample does not have an associated bay program method code"
"895",999,"LRA","ALLARM.WL","12/01/2008","12:00:00","NO3N.3","M1",2680,"CMC","NTWQM",2008-12-01 12:00:00,0.3,"ISM",2,"Water",NA,0.6,"MG/L",NA,NA,NA,2017-10-30 10:21:23,NA,2,NA,1,1,"S","PARTNTID",NA,NA,4,"sample does not have an associated bay program method code"
"896",999,"LRA","ALLARM.LT4","04/08/2008","12:00:00","NO3N.3","M1",2567,"CMC","NTWQM",2008-04-08 12:00:00,0.3,"ISM",2,"Water",NA,4,"MG/L",NA,NA,NA,2017-10-30 10:19:55,NA,2,NA,1,1,"S","PARTNTID",NA,NA,4,"sample does not have an associated bay program method code"
"897",999,"LRA","ALLARM.LT10","05/08/2008","12:00:00","TDS.1","M1",2586,"CMC","NTWQM",2008-05-08 12:00:00,0.3,"ISM",1,"Water",NA,320,"MG/L",NA,NA,NA,2017-10-30 10:20:03,NA,2,NA,1,1,"S","PARTNTID",NA,NA,4,"sample does not have an associated bay program method code"
"898",999,"LRA","ALLARM.WL","12/01/2008","12:00:00","TDS.1","M1",2680,"CMC","NTWQM",2008-12-01 12:00:00,0.3,"ISM",1,"Water",NA,410,"MG/L",NA,NA,NA,2017-10-30 10:21:23,NA,2,NA,1,1,"S","PARTNTID",NA,NA,4,"sample does not have an associated bay program method code"
"899",999,"LRA","ALLARM.LT4","04/08/2008","12:00:00","TDS.1","M1",2567,"CMC","NTWQM",2008-04-08 12:00:00,0.3,"ISM",1,"Water",NA,310,"MG/L",NA,NA,NA,2017-10-30 10:19:55,NA,2,NA,1,1,"S","PARTNTID",NA,NA,4,"sample does not have an associated bay program method code"
"900",999,"LRA","ALLARM.LT8","08/18/2008","12:00:00","TDS.1","M1",2623,"CMC","NTWQM",2008-08-18 12:00:00,0.3,"ISM",1,"Water",NA,250,"MG/L",NA,NA,NA,2017-10-30 10:20:27,NA,2,NA,1,1,"S","PARTNTID",NA,NA,4,"sample does not have an associated bay program method code"
"901",999,"LRA","ALLARM.LT10","06/08/2008","12:00:00","NO3N.3","M1",2599,"CMC","NTWQM",2008-06-08 12:00:00,0.3,"ISM",2,"Water",NA,3.2,"MG/L",NA,NA,NA,2017-10-30 10:20:10,NA,2,NA,1,1,"S","PARTNTID",NA,NA,4,"sample does not have an associated bay program method code"
"902",999,"LRA","ALLARM.LT2","11/08/2008","12:00:00","TDS.1","M1",2656,"CMC","NTWQM",2008-11-08 12:00:00,0.3,"ISM",1,"Water",NA,280,"MG/L",NA,NA,NA,2017-10-30 10:20:55,NA,2,NA,1,1,"S","PARTNTID",NA,NA,4,"sample does not have an associated bay program method code"
"903",999,"LRA","ALLARM.LT4","05/08/2008","12:00:00","NO3N.3","M1",2580,"CMC","NTWQM",2008-05-08 12:00:00,0.3,"ISM",2,"Water",NA,2.9,"MG/L",NA,NA,NA,2017-10-30 10:20:01,NA,2,NA,1,1,"S","PARTNTID",NA,NA,4,"sample does not have an associated bay program method code"
"904",999,"LRA","ALLARM.LT1","01/08/2008","12:00:00","NO3N.3","M1",2525,"CMC","NTWQM",2008-01-08 12:00:00,0.3,"ISM",2,"Water",NA,3.7,"MG/L",NA,NA,NA,2017-10-30 10:19:39,NA,2,NA,1,1,"S","PARTNTID",NA,NA,4,"sample does not have an associated bay program method code"
"905",999,"LRA","ALLARM.LT5","10/08/2008","12:00:00","TDS.1","M1",2646,"CMC","NTWQM",2008-10-08 12:00:00,0.3,"ISM",1,"Water",NA,280,"MG/L",NA,NA,NA,2017-10-30 10:20:48,NA,2,NA,1,1,"S","PARTNTID",NA,NA,4,"sample does not have an associated bay program method code"
"906",999,"LRA","ALLARM.LT4","05/08/2008","12:00:00","TDS.1","M1",2580,"CMC","NTWQM",2008-05-08 12:00:00,0.3,"ISM",1,"Water",NA,290,"MG/L",NA,NA,NA,2017-10-30 10:20:01,NA,2,NA,1,1,"S","PARTNTID",NA,NA,4,"sample does not have an associated bay program method code"
"907",999,"LRA","ALLARM.LT1","01/08/2008","12:00:00","TDS.1","M1",2525,"CMC","NTWQM",2008-01-08 12:00:00,0.3,"ISM",1,"Water",NA,310,"MG/L",NA,NA,NA,2017-10-30 10:19:39,NA,2,NA,1,1,"S","PARTNTID",NA,NA,4,"sample does not have an associated bay program method code"
"908",999,"LRA","ALLARM.LT10","07/08/2008","12:00:00","NO3N.3","M1",2612,"CMC","NTWQM",2008-07-08 12:00:00,0.3,"ISM",2,"Water",NA,3,"MG/L",NA,NA,NA,2017-10-30 10:20:18,NA,2,NA,1,1,"S","PARTNTID",NA,NA,4,"sample does not have an associated bay program method code"
"909",999,"LRA","ALLARM.LT2","12/01/2008","12:00:00","TDS.1","M1",2669,"CMC","NTWQM",2008-12-01 12:00:00,0.3,"ISM",1,"Water",NA,290,"MG/L",NA,NA,NA,2017-10-30 10:21:13,NA,2,NA,1,1,"S","PARTNTID",NA,NA,4,"sample does not have an associated bay program method code"
"910",999,"LRA","ALLARM.LT4","06/08/2008","12:00:00","NO3N.3","M1",2593,"CMC","NTWQM",2008-06-08 12:00:00,0.3,"ISM",2,"Water",NA,3.8,"MG/L",NA,NA,NA,2017-10-30 10:20:07,NA,2,NA,1,1,"S","PARTNTID",NA,NA,4,"sample does not have an associated bay program method code"
"911",999,"LRA","ALLARM.LT1","02/08/2008","12:00:00","NO3N.3","M1",2538,"CMC","NTWQM",2008-02-08 12:00:00,0.3,"ISM",2,"Water",NA,4,"MG/L",NA,NA,NA,2017-10-30 10:19:44,NA,2,NA,1,1,"S","PARTNTID",NA,NA,4,"sample does not have an associated bay program method code"
"912",999,"LRA","ALLARM.LT5","11/08/2008","12:00:00","TDS.1","M1",2659,"CMC","NTWQM",2008-11-08 12:00:00,0.3,"ISM",1,"Water",NA,300,"MG/L",NA,NA,NA,2017-10-30 10:20:59,NA,2,NA,1,1,"S","PARTNTID",NA,NA,4,"sample does not have an associated bay program method code"
"913",999,"LRA","ALLARM.LT4","06/08/2008","12:00:00","TDS.1","M1",2593,"CMC","NTWQM",2008-06-08 12:00:00,0.3,"ISM",1,"Water",NA,290,"MG/L",NA,NA,NA,2017-10-30 10:20:07,NA,2,NA,1,1,"S","PARTNTID",NA,NA,4,"sample does not have an associated bay program method code"
"914",999,"LRA","ALLARM.LT1","02/08/2008","12:00:00","TDS.1","M1",2538,"CMC","NTWQM",2008-02-08 12:00:00,0.3,"ISM",1,"Water",NA,310,"MG/L",NA,NA,NA,2017-10-30 10:19:44,NA,2,NA,1,1,"S","PARTNTID",NA,NA,4,"sample does not have an associated bay program method code"
"915",999,"LRA","ALLARM.LT10","08/18/2008","12:00:00","NO3N.3","M1",2625,"CMC","NTWQM",2008-08-18 12:00:00,0.3,"ISM",2,"Water",NA,2.9,"MG/L",NA,NA,NA,2017-10-30 10:20:28,NA,2,NA,1,1,"S","PARTNTID",NA,NA,4,"sample does not have an associated bay program method code"
"916",999,"LRA","ALLARM.LT3","01/08/2008","12:00:00","TDS.1","M1",2527,"CMC","NTWQM",2008-01-08 12:00:00,0.3,"ISM",1,"Water",NA,310,"MG/L",NA,NA,NA,2017-10-30 10:19:40,NA,2,NA,1,1,"S","PARTNTID",NA,NA,4,"sample does not have an associated bay program method code"
"917",999,"LRA","ALLARM.LT4","07/08/2008","12:00:00","NO3N.3","M1",2606,"CMC","NTWQM",2008-07-08 12:00:00,0.3,"ISM",2,"Water",NA,4,"MG/L",NA,NA,NA,2017-10-30 10:20:14,NA,2,NA,1,1,"S","PARTNTID",NA,NA,4,"sample does not have an associated bay program method code"
"918",999,"LRA","ALLARM.LT1","03/08/2008","12:00:00","NO3N.3","M1",2551,"CMC","NTWQM",2008-03-08 12:00:00,0.3,"ISM",2,"Water",NA,4.2,"MG/L",NA,NA,NA,2017-10-30 10:19:49,NA,2,NA,1,1,"S","PARTNTID",NA,NA,4,"sample does not have an associated bay program method code"
"919",999,"LRA","ALLARM.LT5","12/01/2008","12:00:00","TDS.1","M1",2672,"CMC","NTWQM",2008-12-01 12:00:00,0.3,"ISM",1,"Water",NA,310,"MG/L",NA,NA,NA,2017-10-30 10:21:16,NA,2,NA,1,1,"S","PARTNTID",NA,NA,4,"sample does not have an associated bay program method code"
"920",999,"LRA","ALLARM.LT4","07/08/2008","12:00:00","TDS.1","M1",2606,"CMC","NTWQM",2008-07-08 12:00:00,0.3,"ISM",1,"Water",NA,290,"MG/L",NA,NA,NA,2017-10-30 10:20:14,NA,2,NA,1,1,"S","PARTNTID",NA,NA,4,"sample does not have an associated bay program method code"
"921",999,"LRA","ALLARM.LT1","03/08/2008","12:00:00","TDS.1","M1",2551,"CMC","NTWQM",2008-03-08 12:00:00,0.3,"ISM",1,"Water",NA,320,"MG/L",NA,NA,NA,2017-10-30 10:19:49,NA,2,NA,1,1,"S","PARTNTID",NA,NA,4,"sample does not have an associated bay program method code"
"922",999,"LRA","ALLARM.LT10","09/08/2008","12:00:00","NO3N.3","M1",2638,"CMC","NTWQM",2008-09-08 12:00:00,0.3,"ISM",2,"Water",NA,3.1,"MG/L",NA,NA,NA,2017-10-30 10:20:38,NA,2,NA,1,1,"S","PARTNTID",NA,NA,4,"sample does not have an associated bay program method code"
"923",999,"LRA","ALLARM.LT3","02/08/2008","12:00:00","TDS.1","M1",2540,"CMC","NTWQM",2008-02-08 12:00:00,0.3,"ISM",1,"Water",NA,320,"MG/L",NA,NA,NA,2017-10-30 10:19:45,NA,2,NA,1,1,"S","PARTNTID",NA,NA,4,"sample does not have an associated bay program method code"
"924",999,"LRA","ALLARM.LT1","04/08/2008","12:00:00","NO3N.3","M1",2564,"CMC","NTWQM",2008-04-08 12:00:00,0.3,"ISM",2,"Water",NA,4.5,"MG/L",NA,NA,NA,2017-10-30 10:19:54,NA,2,NA,1,1,"S","PARTNTID",NA,NA,4,"sample does not have an associated bay program method code"
"925",999,"LRA","ALLARM.LT10","09/08/2008","12:00:00","TDS.1","M1",2638,"CMC","NTWQM",2008-09-08 12:00:00,0.3,"ISM",1,"Water",NA,350,"MG/L",NA,NA,NA,2017-10-30 10:20:38,NA,2,NA,1,1,"S","PARTNTID",NA,NA,4,"sample does not have an associated bay program method code"
"926",999,"LRA","ALLARM.LT6","01/08/2008","12:00:00","TDS.1","M1",2530,"CMC","NTWQM",2008-01-08 12:00:00,0.3,"ISM",1,"Water",NA,360,"MG/L",NA,NA,NA,2017-10-30 10:19:42,NA,2,NA,1,1,"S","PARTNTID",NA,NA,4,"sample does not have an associated bay program method code"
"927",999,"LRA","ALLARM.LT1","04/08/2008","12:00:00","TDS.1","M1",2564,"CMC","NTWQM",2008-04-08 12:00:00,0.3,"ISM",1,"Water",NA,300,"MG/L",NA,NA,NA,2017-10-30 10:19:54,NA,2,NA,1,1,"S","PARTNTID",NA,NA,4,"sample does not have an associated bay program method code"
"928",999,"LRA","ALLARM.LT4","08/18/2008","12:00:00","TDS.1","M1",2619,"CMC","NTWQM",2008-08-18 12:00:00,0.3,"ISM",1,"Water",NA,240,"MG/L",NA,NA,NA,2017-10-30 10:20:24,NA,2,NA,1,1,"S","PARTNTID",NA,NA,4,"sample does not have an associated bay program method code"
"929",999,"LRA","ALLARM.LT10","10/08/2008","12:00:00","NO3N.3","M1",2651,"CMC","NTWQM",2008-10-08 12:00:00,0.3,"ISM",2,"Water",NA,3.9,"MG/L",NA,NA,NA,2017-10-30 10:20:51,NA,2,NA,1,1,"S","PARTNTID",NA,NA,4,"sample does not have an associated bay program method code"
"930",999,"LRA","ALLARM.LT3","03/08/2008","12:00:00","TDS.1","M1",2553,"CMC","NTWQM",2008-03-08 12:00:00,0.3,"ISM",1,"Water",NA,320,"MG/L",NA,NA,NA,2017-10-30 10:19:50,NA,2,NA,1,1,"S","PARTNTID",NA,NA,4,"sample does not have an associated bay program method code"
"931",999,"LRA","ALLARM.LT1","05/08/2008","12:00:00","NO3N.3","M1",2577,"CMC","NTWQM",2008-05-08 12:00:00,0.3,"ISM",2,"Water",NA,3.3,"MG/L",NA,NA,NA,2017-10-30 10:19:59,NA,2,NA,1,1,"S","PARTNTID",NA,NA,4,"sample does not have an associated bay program method code"
"932",999,"LRA","ALLARM.LT10","10/08/2008","12:00:00","TDS.1","M1",2651,"CMC","NTWQM",2008-10-08 12:00:00,0.3,"ISM",1,"Water",NA,340,"MG/L",NA,NA,NA,2017-10-30 10:20:51,NA,2,NA,1,1,"S","PARTNTID",NA,NA,4,"sample does not have an associated bay program method code"
"933",999,"LRA","ALLARM.LT6","02/08/2008","12:00:00","TDS.1","M1",2543,"CMC","NTWQM",2008-02-08 12:00:00,0.3,"ISM",1,"Water",NA,330,"MG/L",NA,NA,NA,2017-10-30 10:19:46,NA,2,NA,1,1,"S","PARTNTID",NA,NA,4,"sample does not have an associated bay program method code"
"934",999,"LRA","ALLARM.LT1","05/08/2008","12:00:00","TDS.1","M1",2577,"CMC","NTWQM",2008-05-08 12:00:00,0.3,"ISM",1,"Water",NA,290,"MG/L",NA,NA,NA,2017-10-30 10:19:59,NA,2,NA,1,1,"S","PARTNTID",NA,NA,4,"sample does not have an associated bay program method code"
"935",999,"LRA","ALLARM.LT4","09/08/2008","12:00:00","TDS.1","M1",2632,"CMC","NTWQM",2008-09-08 12:00:00,0.3,"ISM",1,"Water",NA,280,"MG/L",NA,NA,NA,2017-10-30 10:20:33,NA,2,NA,1,1,"S","PARTNTID",NA,NA,4,"sample does not have an associated bay program method code"
"936",999,"LRA","ALLARM.LT10","11/08/2008","12:00:00","NO3N.3","M1",2664,"CMC","NTWQM",2008-11-08 12:00:00,0.3,"ISM",2,"Water",NA,3.25,"MG/L",NA,NA,NA,2017-10-30 10:21:05,NA,2,NA,1,1,"S","PARTNTID",NA,NA,4,"sample does not have an associated bay program method code"
"937",999,"LRA","ALLARM.LT3","04/08/2008","12:00:00","TDS.1","M1",2566,"CMC","NTWQM",2008-04-08 12:00:00,0.3,"ISM",1,"Water",NA,290,"MG/L",NA,NA,NA,2017-10-30 10:19:55,NA,2,NA,1,1,"S","PARTNTID",NA,NA,4,"sample does not have an associated bay program method code"
"938",999,"LRA","ALLARM.LT1","06/08/2008","12:00:00","NO3N.3","M1",2590,"CMC","NTWQM",2008-06-08 12:00:00,0.3,"ISM",2,"Water",NA,3.7,"MG/L",NA,NA,NA,2017-10-30 10:20:05,NA,2,NA,1,1,"S","PARTNTID",NA,NA,4,"sample does not have an associated bay program method code"
"939",999,"LRA","ALLARM.LT10","11/08/2008","12:00:00","TDS.1","M1",2664,"CMC","NTWQM",2008-11-08 12:00:00,0.3,"ISM",1,"Water",NA,300,"MG/L",NA,NA,NA,2017-10-30 10:21:05,NA,2,NA,1,1,"S","PARTNTID",NA,NA,4,"sample does not have an associated bay program method code"
"940",999,"LRA","ALLARM.LT6","03/08/2008","12:00:00","TDS.1","M1",2556,"CMC","NTWQM",2008-03-08 12:00:00,0.3,"ISM",1,"Water",NA,330,"MG/L",NA,NA,NA,2017-10-30 10:19:51,NA,2,NA,1,1,"S","PARTNTID",NA,NA,4,"sample does not have an associated bay program method code"
"941",999,"LRA","ALLARM.LT1","06/08/2008","12:00:00","TDS.1","M1",2590,"CMC","NTWQM",2008-06-08 12:00:00,0.3,"ISM",1,"Water",NA,290,"MG/L",NA,NA,NA,2017-10-30 10:20:05,NA,2,NA,1,1,"S","PARTNTID",NA,NA,4,"sample does not have an associated bay program method code"
"942",999,"LRA","ALLARM.LT4","10/08/2008","12:00:00","TDS.1","M1",2645,"CMC","NTWQM",2008-10-08 12:00:00,0.3,"ISM",1,"Water",NA,280,"MG/L",NA,NA,NA,2017-10-30 10:20:47,NA,2,NA,1,1,"S","PARTNTID",NA,NA,4,"sample does not have an associated bay program method code"
"943",999,"LRA","ALLARM.LT10","12/01/2008","12:00:00","NO3N.3","M1",2677,"CMC","NTWQM",2008-12-01 12:00:00,0.3,"ISM",2,"Water",NA,3.4,"MG/L",NA,NA,NA,2017-10-30 10:21:21,NA,2,NA,1,1,"S","PARTNTID",NA,NA,4,"sample does not have an associated bay program method code"
"944",999,"LRA","ALLARM.LT3","05/08/2008","12:00:00","TDS.1","M1",2579,"CMC","NTWQM",2008-05-08 12:00:00,0.3,"ISM",1,"Water",NA,290,"MG/L",NA,NA,NA,2017-10-30 10:20:00,NA,2,NA,1,1,"S","PARTNTID",NA,NA,4,"sample does not have an associated bay program method code"
"945",999,"LRA","ALLARM.LT1","07/08/2008","12:00:00","NO3N.3","M1",2603,"CMC","NTWQM",2008-07-08 12:00:00,0.3,"ISM",2,"Water",NA,4.5,"MG/L",NA,NA,NA,2017-10-30 10:20:13,NA,2,NA,1,1,"S","PARTNTID",NA,NA,4,"sample does not have an associated bay program method code"
"946",999,"LRA","ALLARM.LT10","12/01/2008","12:00:00","TDS.1","M1",2677,"CMC","NTWQM",2008-12-01 12:00:00,0.3,"ISM",1,"Water",NA,370,"MG/L",NA,NA,NA,2017-10-30 10:21:21,NA,2,NA,1,1,"S","PARTNTID",NA,NA,4,"sample does not have an associated bay program method code"
"947",999,"LRA","ALLARM.WL","02/08/2008","12:00:00","NO3N.3","M1",2550,"CMC","NTWQM",2008-02-08 12:00:00,0.3,"ISM",2,"Water",NA,2.7,"MG/L",NA,NA,NA,2017-10-30 10:19:49,NA,2,NA,1,1,"S","PARTNTID",NA,NA,4,"sample does not have an associated bay program method code"
"948",999,"LRA","ALLARM.LT1","07/08/2008","12:00:00","TDS.1","M1",2603,"CMC","NTWQM",2008-07-08 12:00:00,0.3,"ISM",1,"Water",NA,290,"MG/L",NA,NA,NA,2017-10-30 10:20:13,NA,2,NA,1,1,"S","PARTNTID",NA,NA,4,"sample does not have an associated bay program method code"
"949",999,"LRA","ALLARM.LT4","11/08/2008","12:00:00","TDS.1","M1",2658,"CMC","NTWQM",2008-11-08 12:00:00,0.3,"ISM",1,"Water",NA,300,"MG/L",NA,NA,NA,2017-10-30 10:20:57,NA,2,NA,1,1,"S","PARTNTID",NA,NA,4,"sample does not have an associated bay program method code"
"950",999,"LRA","ALLARM.LT2","01/08/2008","12:00:00","NO3N.3","M1",2526,"CMC","NTWQM",2008-01-08 12:00:00,0.3,"ISM",2,"Water",NA,4.5,"MG/L",NA,NA,NA,2017-10-30 10:19:40,NA,2,NA,1,1,"S","PARTNTID",NA,NA,4,"sample does not have an associated bay program method code"
"951",999,"LRA","ALLARM.LT3","06/08/2008","12:00:00","TDS.1","M1",2592,"CMC","NTWQM",2008-06-08 12:00:00,0.3,"ISM",1,"Water",NA,290,"MG/L",NA,NA,NA,2017-10-30 10:20:06,NA,2,NA,1,1,"S","PARTNTID",NA,NA,4,"sample does not have an associated bay program method code"
"952",999,"LRA","ALLARM.LT1","08/18/2008","12:00:00","NO3N.3","M1",2616,"CMC","NTWQM",2008-08-18 12:00:00,0.3,"ISM",2,"Water",NA,3.9,"MG/L",NA,NA,NA,2017-10-30 10:20:22,NA,2,NA,1,1,"S","PARTNTID",NA,NA,4,"sample does not have an associated bay program method code"
"953",999,"LRA","ALLARM.LT2","01/08/2008","12:00:00","TDS.1","M1",2526,"CMC","NTWQM",2008-01-08 12:00:00,0.3,"ISM",1,"Water",NA,290,"MG/L",NA,NA,NA,2017-10-30 10:19:40,NA,2,NA,1,1,"S","PARTNTID",NA,NA,4,"sample does not have an associated bay program method code"
"954",999,"LRA","ALLARM.WL","03/08/2008","12:00:00","NO3N.3","M1",2563,"CMC","NTWQM",2008-03-08 12:00:00,0.3,"ISM",2,"Water",NA,2.5,"MG/L",NA,NA,NA,2017-10-30 10:19:54,NA,2,NA,1,1,"S","PARTNTID",NA,NA,4,"sample does not have an associated bay program method code"
"955",999,"LRA","ALLARM.LT1","08/18/2008","12:00:00","TDS.1","M1",2616,"CMC","NTWQM",2008-08-18 12:00:00,0.3,"ISM",1,"Water",NA,250,"MG/L",NA,NA,NA,2017-10-30 10:20:22,NA,2,NA,1,1,"S","PARTNTID",NA,NA,4,"sample does not have an associated bay program method code"
"956",999,"LRA","ALLARM.LT4","12/01/2008","12:00:00","TDS.1","M1",2671,"CMC","NTWQM",2008-12-01 12:00:00,0.3,"ISM",1,"Water",NA,310,"MG/L",NA,NA,NA,2017-10-30 10:21:15,NA,2,NA,1,1,"S","PARTNTID",NA,NA,4,"sample does not have an associated bay program method code"
"957",999,"LRA","ALLARM.LT2","02/08/2008","12:00:00","NO3N.3","M1",2539,"CMC","NTWQM",2008-02-08 12:00:00,0.3,"ISM",2,"Water",NA,5.4,"MG/L",NA,NA,NA,2017-10-30 10:19:45,NA,2,NA,1,1,"S","PARTNTID",NA,NA,4,"sample does not have an associated bay program method code"
"958",999,"LRA","ALLARM.LT3","07/08/2008","12:00:00","TDS.1","M1",2605,"CMC","NTWQM",2008-07-08 12:00:00,0.3,"ISM",1,"Water",NA,290,"MG/L",NA,NA,NA,2017-10-30 10:20:14,NA,2,NA,1,1,"S","PARTNTID",NA,NA,4,"sample does not have an associated bay program method code"
"959",999,"LRA","ALLARM.LT1","09/08/2008","12:00:00","NO3N.3","M1",2629,"CMC","NTWQM",2008-09-08 12:00:00,0.3,"ISM",2,"Water",NA,3.9,"MG/L",NA,NA,NA,2017-10-30 10:20:31,NA,2,NA,1,1,"S","PARTNTID",NA,NA,4,"sample does not have an associated bay program method code"
"960",999,"LRA","ALLARM.LT2","02/08/2008","12:00:00","TDS.1","M1",2539,"CMC","NTWQM",2008-02-08 12:00:00,0.3,"ISM",1,"Water",NA,300,"MG/L",NA,NA,NA,2017-10-30 10:19:45,NA,2,NA,1,1,"S","PARTNTID",NA,NA,4,"sample does not have an associated bay program method code"
"961",999,"LRA","ALLARM.WL","04/08/2008","12:00:00","NO3N.3","M1",2576,"CMC","NTWQM",2008-04-08 12:00:00,0.3,"ISM",2,"Water",NA,2.1,"MG/L",NA,NA,NA,2017-10-30 10:19:58,NA,2,NA,1,1,"S","PARTNTID",NA,NA,4,"sample does not have an associated bay program method code"
"962",999,"LRA","ALLARM.LT1","09/08/2008","12:00:00","TDS.1","M1",2629,"CMC","NTWQM",2008-09-08 12:00:00,0.3,"ISM",1,"Water",NA,290,"MG/L",NA,NA,NA,2017-10-30 10:20:31,NA,2,NA,1,1,"S","PARTNTID",NA,NA,4,"sample does not have an associated bay program method code"
"963",999,"LRA","ALLARM.LT5","01/08/2008","12:00:00","TDS.1","M1",2529,"CMC","NTWQM",2008-01-08 12:00:00,0.3,"ISM",1,"Water",NA,320,"MG/L",NA,NA,NA,2017-10-30 10:19:41,NA,2,NA,1,1,"S","PARTNTID",NA,NA,4,"sample does not have an associated bay program method code"
"964",999,"LRA","ALLARM.LT2","03/08/2008","12:00:00","NO3N.3","M1",2552,"CMC","NTWQM",2008-03-08 12:00:00,0.3,"ISM",2,"Water",NA,5.2,"MG/L",NA,NA,NA,2017-10-30 10:19:49,NA,2,NA,1,1,"S","PARTNTID",NA,NA,4,"sample does not have an associated bay program method code"
"965",999,"LRA","ALLARM.LT3","08/18/2008","12:00:00","TDS.1","M1",2618,"CMC","NTWQM",2008-08-18 12:00:00,0.3,"ISM",1,"Water",NA,240,"MG/L",NA,NA,NA,2017-10-30 10:20:24,NA,2,NA,1,1,"S","PARTNTID",NA,NA,4,"sample does not have an associated bay program method code"
"966",999,"LRA","ALLARM.LT1","10/08/2008","12:00:00","NO3N.3","M1",2642,"CMC","NTWQM",2008-10-08 12:00:00,0.3,"ISM",2,"Water",NA,4.9,"MG/L",NA,NA,NA,2017-10-30 10:20:42,NA,2,NA,1,1,"S","PARTNTID",NA,NA,4,"sample does not have an associated bay program method code"
"967",999,"LRA","ALLARM.LT2","03/08/2008","12:00:00","TDS.1","M1",2552,"CMC","NTWQM",2008-03-08 12:00:00,0.3,"ISM",1,"Water",NA,310,"MG/L",NA,NA,NA,2017-10-30 10:19:49,NA,2,NA,1,1,"S","PARTNTID",NA,NA,4,"sample does not have an associated bay program method code"
"968",999,"LRA","ALLARM.WL","05/08/2008","12:00:00","NO3N.3","M1",2589,"CMC","NTWQM",2008-05-08 12:00:00,0.3,"ISM",2,"Water",NA,1.6,"MG/L",NA,NA,NA,2017-10-30 10:20:04,NA,2,NA,1,1,"S","PARTNTID",NA,NA,4,"sample does not have an associated bay program method code"
"969",999,"LRA","ALLARM.LT8","01/08/2008","12:00:00","NO3N.3","M1",2532,"CMC","NTWQM",2008-01-08 12:00:00,0.3,"ISM",2,"Water",NA,3.3,"MG/L",NA,NA,NA,2017-10-30 10:19:42,NA,2,NA,1,1,"S","PARTNTID",NA,NA,4,"sample does not have an associated bay program method code"
"970",999,"LRA","ALLARM.LT5","02/08/2008","12:00:00","TDS.1","M1",2542,"CMC","NTWQM",2008-02-08 12:00:00,0.3,"ISM",1,"Water",NA,320,"MG/L",NA,NA,NA,2017-10-30 10:19:46,NA,2,NA,1,1,"S","PARTNTID",NA,NA,4,"sample does not have an associated bay program method code"
"971",999,"LRA","ALLARM.LT2","04/08/2008","12:00:00","NO3N.3","M1",2565,"CMC","NTWQM",2008-04-08 12:00:00,0.3,"ISM",2,"Water",NA,4.9,"MG/L",NA,NA,NA,2017-10-30 10:19:55,NA,2,NA,1,1,"S","PARTNTID",NA,NA,4,"sample does not have an associated bay program method code"
"972",999,"LRA","ALLARM.LT6","08/18/2008","12:00:00","NO3N.3","M1",2621,"CMC","NTWQM",2008-08-18 12:00:00,0.3,"ISM",2,"Water",NA,3.4,"MG/L",NA,NA,NA,2017-10-30 10:20:26,NA,2,NA,1,1,"S","PARTNTID",NA,NA,4,"sample does not have an associated bay program method code"
"973",999,"LRA","ALLARM.MG1","12/01/2008","12:00:00","NO3N.3","M1",2678,"CMC","NTWQM",2008-12-01 12:00:00,0.3,"ISM",2,"Water",NA,1.8,"MG/L",NA,NA,NA,2017-10-30 10:21:22,NA,2,NA,1,1,"S","PARTNTID",NA,NA,4,"sample does not have an associated bay program method code"
"974",999,"LRA","ALLARM.LT2","04/08/2008","12:00:00","TDS.1","M1",2565,"CMC","NTWQM",2008-04-08 12:00:00,0.3,"ISM",1,"Water",NA,290,"MG/L",NA,NA,NA,2017-10-30 10:19:55,NA,2,NA,1,1,"S","PARTNTID",NA,NA,4,"sample does not have an associated bay program method code"
"975",999,"LRA","ALLARM.LT6","08/18/2008","12:00:00","TDS.1","M1",2621,"CMC","NTWQM",2008-08-18 12:00:00,0.3,"ISM",1,"Water",NA,240,"MG/L",NA,NA,NA,2017-10-30 10:20:26,NA,2,NA,1,1,"S","PARTNTID",NA,NA,4,"sample does not have an associated bay program method code"
"976",999,"LRA","ALLARM.LT8","02/08/2008","12:00:00","NO3N.3","M1",2545,"CMC","NTWQM",2008-02-08 12:00:00,0.3,"ISM",2,"Water",NA,4.4,"MG/L",NA,NA,NA,2017-10-30 10:19:47,NA,2,NA,1,1,"S","PARTNTID",NA,NA,4,"sample does not have an associated bay program method code"
"977",999,"LRA","ALLARM.LT5","03/08/2008","12:00:00","TDS.1","M1",2555,"CMC","NTWQM",2008-03-08 12:00:00,0.3,"ISM",1,"Water",NA,320,"MG/L",NA,NA,NA,2017-10-30 10:19:50,NA,2,NA,1,1,"S","PARTNTID",NA,NA,4,"sample does not have an associated bay program method code"
"978",999,"LRA","ALLARM.LT2","05/08/2008","12:00:00","NO3N.3","M1",2578,"CMC","NTWQM",2008-05-08 12:00:00,0.3,"ISM",2,"Water",NA,2.7,"MG/L",NA,NA,NA,2017-10-30 10:19:59,NA,2,NA,1,1,"S","PARTNTID",NA,NA,4,"sample does not have an associated bay program method code"
"979",999,"LRA","ALLARM.LT6","09/08/2008","12:00:00","NO3N.3","M1",2634,"CMC","NTWQM",2008-09-08 12:00:00,0.3,"ISM",2,"Water",NA,3.8,"MG/L",NA,NA,NA,2017-10-30 10:20:35,NA,2,NA,1,1,"S","PARTNTID",NA,NA,4,"sample does not have an associated bay program method code"
"980",999,"LRA","ALLARM.MG2","01/08/2008","12:00:00","NO3N.3","M1",2536,"CMC","NTWQM",2008-01-08 12:00:00,0.3,"ISM",2,"Water",NA,1.7,"MG/L",NA,NA,NA,2017-10-30 10:19:44,NA,2,NA,1,1,"S","PARTNTID",NA,NA,4,"sample does not have an associated bay program method code"
"981",999,"LRA","ALLARM.LT2","05/08/2008","12:00:00","TDS.1","M1",2578,"CMC","NTWQM",2008-05-08 12:00:00,0.3,"ISM",1,"Water",NA,280,"MG/L",NA,NA,NA,2017-10-30 10:19:59,NA,2,NA,1,1,"S","PARTNTID",NA,NA,4,"sample does not have an associated bay program method code"
"982",999,"LRA","ALLARM.LT6","09/08/2008","12:00:00","TDS.1","M1",2634,"CMC","NTWQM",2008-09-08 12:00:00,0.3,"ISM",1,"Water",NA,280,"MG/L",NA,NA,NA,2017-10-30 10:20:35,NA,2,NA,1,1,"S","PARTNTID",NA,NA,4,"sample does not have an associated bay program method code"
"983",999,"LRA","ALLARM.LT8","03/08/2008","12:00:00","NO3N.3","M1",2558,"CMC","NTWQM",2008-03-08 12:00:00,0.3,"ISM",2,"Water",NA,3.6,"MG/L",NA,NA,NA,2017-10-30 10:19:52,NA,2,NA,1,1,"S","PARTNTID",NA,NA,4,"sample does not have an associated bay program method code"
"984",999,"LRA","ALLARM.LT5","04/08/2008","12:00:00","TDS.1","M1",2568,"CMC","NTWQM",2008-04-08 12:00:00,0.3,"ISM",1,"Water",NA,300,"MG/L",NA,NA,NA,2017-10-30 10:19:55,NA,2,NA,1,1,"S","PARTNTID",NA,NA,4,"sample does not have an associated bay program method code"
"985",999,"LRA","ALLARM.LT2","06/08/2008","12:00:00","NO3N.3","M1",2591,"CMC","NTWQM",2008-06-08 12:00:00,0.3,"ISM",2,"Water",NA,4,"MG/L",NA,NA,NA,2017-10-30 10:20:05,NA,2,NA,1,1,"S","PARTNTID",NA,NA,4,"sample does not have an associated bay program method code"
"986",999,"LRA","ALLARM.LT6","10/08/2008","12:00:00","NO3N.3","M1",2647,"CMC","NTWQM",2008-10-08 12:00:00,0.3,"ISM",2,"Water",NA,4.3,"MG/L",NA,NA,NA,2017-10-30 10:20:48,NA,2,NA,1,1,"S","PARTNTID",NA,NA,4,"sample does not have an associated bay program method code"
"987",999,"LRA","ALLARM.MG2","02/08/2008","12:00:00","NO3N.3","M1",2549,"CMC","NTWQM",2008-02-08 12:00:00,0.3,"ISM",2,"Water",NA,1.7,"MG/L",NA,NA,NA,2017-10-30 10:19:49,NA,2,NA,1,1,"S","PARTNTID",NA,NA,4,"sample does not have an associated bay program method code"
"988",999,"LRA","ALLARM.LT2","06/08/2008","12:00:00","TDS.1","M1",2591,"CMC","NTWQM",2008-06-08 12:00:00,0.3,"ISM",1,"Water",NA,270,"MG/L",NA,NA,NA,2017-10-30 10:20:05,NA,2,NA,1,1,"S","PARTNTID",NA,NA,4,"sample does not have an associated bay program method code"
"989",999,"LRA","ALLARM.LT6","10/08/2008","12:00:00","TDS.1","M1",2647,"CMC","NTWQM",2008-10-08 12:00:00,0.3,"ISM",1,"Water",NA,290,"MG/L",NA,NA,NA,2017-10-30 10:20:48,NA,2,NA,1,1,"S","PARTNTID",NA,NA,4,"sample does not have an associated bay program method code"
"990",999,"LRA","ALLARM.LT8","04/08/2008","12:00:00","NO3N.3","M1",2571,"CMC","NTWQM",2008-04-08 12:00:00,0.3,"ISM",2,"Water",NA,3.6,"MG/L",NA,NA,NA,2017-10-30 10:19:56,NA,2,NA,1,1,"S","PARTNTID",NA,NA,4,"sample does not have an associated bay program method code"
"991",999,"LRA","ALLARM.LT5","05/08/2008","12:00:00","TDS.1","M1",2581,"CMC","NTWQM",2008-05-08 12:00:00,0.3,"ISM",1,"Water",NA,290,"MG/L",NA,NA,NA,2017-10-30 10:20:01,NA,2,NA,1,1,"S","PARTNTID",NA,NA,4,"sample does not have an associated bay program method code"
"992",999,"LRA","ALLARM.LT2","07/08/2008","12:00:00","NO3N.3","M1",2604,"CMC","NTWQM",2008-07-08 12:00:00,0.3,"ISM",2,"Water",NA,4.1,"MG/L",NA,NA,NA,2017-10-30 10:20:13,NA,2,NA,1,1,"S","PARTNTID",NA,NA,4,"sample does not have an associated bay program method code"
"993",999,"LRA","ALLARM.LT6","11/08/2008","12:00:00","NO3N.3","M1",2660,"CMC","NTWQM",2008-11-08 12:00:00,0.3,"ISM",2,"Water",NA,3.75,"MG/L",NA,NA,NA,2017-10-30 10:21:00,NA,2,NA,1,1,"S","PARTNTID",NA,NA,4,"sample does not have an associated bay program method code"
"994",999,"LRA","ALLARM.MG2","03/08/2008","12:00:00","NO3N.3","M1",2562,"CMC","NTWQM",2008-03-08 12:00:00,0.3,"ISM",2,"Water",NA,3,"MG/L",NA,NA,NA,2017-10-30 10:19:53,NA,2,NA,1,1,"S","PARTNTID",NA,NA,4,"sample does not have an associated bay program method code"
"995",999,"LRA","ALLARM.LT2","07/08/2008","12:00:00","TDS.1","M1",2604,"CMC","NTWQM",2008-07-08 12:00:00,0.3,"ISM",1,"Water",NA,280,"MG/L",NA,NA,NA,2017-10-30 10:20:13,NA,2,NA,1,1,"S","PARTNTID",NA,NA,4,"sample does not have an associated bay program method code"
"996",999,"LRA","ALLARM.LT6","11/08/2008","12:00:00","TDS.1","M1",2660,"CMC","NTWQM",2008-11-08 12:00:00,0.3,"ISM",1,"Water",NA,300,"MG/L",NA,NA,NA,2017-10-30 10:21:00,NA,2,NA,1,1,"S","PARTNTID",NA,NA,4,"sample does not have an associated bay program method code"
"997",999,"LRA","ALLARM.LT8","05/08/2008","12:00:00","NO3N.3","M1",2584,"CMC","NTWQM",2008-05-08 12:00:00,0.3,"ISM",2,"Water",NA,3.8,"MG/L",NA,NA,NA,2017-10-30 10:20:02,NA,2,NA,1,1,"S","PARTNTID",NA,NA,4,"sample does not have an associated bay program method code"
"998",999,"LRA","ALLARM.LT5","06/08/2008","12:00:00","TDS.1","M1",2594,"CMC","NTWQM",2008-06-08 12:00:00,0.3,"ISM",1,"Water",NA,290,"MG/L",NA,NA,NA,2017-10-30 10:20:07,NA,2,NA,1,1,"S","PARTNTID",NA,NA,4,"sample does not have an associated bay program method code"
"999",999,"LRA","ALLARM.LT2","08/18/2008","12:00:00","NO3N.3","M1",2617,"CMC","NTWQM",2008-08-18 12:00:00,0.3,"ISM",2,"Water",NA,4.2,"MG/L",NA,NA,NA,2017-10-30 10:20:23,NA,2,NA,1,1,"S","PARTNTID",NA,NA,4,"sample does not have an associated bay program method code"
"1000",999,"LRA","ALLARM.LT6","12/01/2008","12:00:00","NO3N.3","M1",2673,"CMC","NTWQM",2008-12-01 12:00:00,0.3,"ISM",2,"Water",NA,4,"MG/L",NA,NA,NA,2017-10-30 10:21:17,NA,2,NA,1,1,"S","PARTNTID",NA,NA,4,"sample does not have an associated bay program method code"
"1001",999,"LRA","ALLARM.MG2","04/08/2008","12:00:00","NO3N.3","M1",2575,"CMC","NTWQM",2008-04-08 12:00:00,0.3,"ISM",2,"Water",NA,2.7,"MG/L",NA,NA,NA,2017-10-30 10:19:58,NA,2,NA,1,1,"S","PARTNTID",NA,NA,4,"sample does not have an associated bay program method code"
"1002",999,"LRA","ALLARM.LT2","08/18/2008","12:00:00","TDS.1","M1",2617,"CMC","NTWQM",2008-08-18 12:00:00,0.3,"ISM",1,"Water",NA,240,"MG/L",NA,NA,NA,2017-10-30 10:20:23,NA,2,NA,1,1,"S","PARTNTID",NA,NA,4,"sample does not have an associated bay program method code"
"1003",999,"LRA","ALLARM.LT6","12/01/2008","12:00:00","TDS.1","M1",2673,"CMC","NTWQM",2008-12-01 12:00:00,0.3,"ISM",1,"Water",NA,320,"MG/L",NA,NA,NA,2017-10-30 10:21:17,NA,2,NA,1,1,"S","PARTNTID",NA,NA,4,"sample does not have an associated bay program method code"
"1004",999,"LRA","ALLARM.LT8","06/08/2008","12:00:00","NO3N.3","M1",2597,"CMC","NTWQM",2008-06-08 12:00:00,0.3,"ISM",2,"Water",NA,2.3,"MG/L",NA,NA,NA,2017-10-30 10:20:09,NA,2,NA,1,1,"S","PARTNTID",NA,NA,4,"sample does not have an associated bay program method code"
"1005",999,"LRA","ALLARM.LT5","07/08/2008","12:00:00","TDS.1","M1",2607,"CMC","NTWQM",2008-07-08 12:00:00,0.3,"ISM",1,"Water",NA,290,"MG/L",NA,NA,NA,2017-10-30 10:20:15,NA,2,NA,1,1,"S","PARTNTID",NA,NA,4,"sample does not have an associated bay program method code"
"1006",999,"LRA","ALLARM.LT2","09/08/2008","12:00:00","NO3N.3","M1",2630,"CMC","NTWQM",2008-09-08 12:00:00,0.3,"ISM",2,"Water",NA,4.6,"MG/L",NA,NA,NA,2017-10-30 10:20:32,NA,2,NA,1,1,"S","PARTNTID",NA,NA,4,"sample does not have an associated bay program method code"
"1007",999,"LRA","ALLARM.LT7","01/08/2008","12:00:00","NO3N.3","M1",2531,"CMC","NTWQM",2008-01-08 12:00:00,0.3,"ISM",2,"Water",NA,3.2,"MG/L",NA,NA,NA,2017-10-30 10:19:42,NA,2,NA,1,1,"S","PARTNTID",NA,NA,4,"sample does not have an associated bay program method code"
"1008",999,"LRA","ALLARM.MG2","05/08/2008","12:00:00","NO3N.3","M1",2588,"CMC","NTWQM",2008-05-08 12:00:00,0.3,"ISM",2,"Water",NA,1.6,"MG/L",NA,NA,NA,2017-10-30 10:20:04,NA,2,NA,1,1,"S","PARTNTID",NA,NA,4,"sample does not have an associated bay program method code"
"1009",999,"LRA","ALLARM.LT2","09/08/2008","12:00:00","TDS.1","M1",2630,"CMC","NTWQM",2008-09-08 12:00:00,0.3,"ISM",1,"Water",NA,270,"MG/L",NA,NA,NA,2017-10-30 10:20:32,NA,2,NA,1,1,"S","PARTNTID",NA,NA,4,"sample does not have an associated bay program method code"
"1010",999,"LRA","ALLARM.LT7","01/08/2008","12:00:00","TDS.1","M1",2531,"CMC","NTWQM",2008-01-08 12:00:00,0.3,"ISM",1,"Water",NA,360,"MG/L",NA,NA,NA,2017-10-30 10:19:42,NA,2,NA,1,1,"S","PARTNTID",NA,NA,4,"sample does not have an associated bay program method code"
"1011",999,"LRA","ALLARM.LT8","07/08/2008","12:00:00","NO3N.3","M1",2610,"CMC","NTWQM",2008-07-08 12:00:00,0.3,"ISM",2,"Water",NA,3.7,"MG/L",NA,NA,NA,2017-10-30 10:20:17,NA,2,NA,1,1,"S","PARTNTID",NA,NA,4,"sample does not have an associated bay program method code"
"1012",999,"LRA","ALLARM.LT5","08/18/2008","12:00:00","TDS.1","M1",2620,"CMC","NTWQM",2008-08-18 12:00:00,0.3,"ISM",1,"Water",NA,250,"MG/L",NA,NA,NA,2017-10-30 10:20:25,NA,2,NA,1,1,"S","PARTNTID",NA,NA,4,"sample does not have an associated bay program method code"
"1013",999,"LRA","ALLARM.LT2","10/08/2008","12:00:00","NO3N.3","M1",2643,"CMC","NTWQM",2008-10-08 12:00:00,0.3,"ISM",2,"Water",NA,4.8,"MG/L",NA,NA,NA,2017-10-30 10:20:43,NA,2,NA,1,1,"S","PARTNTID",NA,NA,4,"sample does not have an associated bay program method code"
"1014",999,"LRA","ALLARM.LT7","02/08/2008","12:00:00","NO3N.3","M1",2544,"CMC","NTWQM",2008-02-08 12:00:00,0.3,"ISM",2,"Water",NA,4.4,"MG/L",NA,NA,NA,2017-10-30 10:19:47,NA,2,NA,1,1,"S","PARTNTID",NA,NA,4,"sample does not have an associated bay program method code"
"1015",999,"LRA","ALLARM.MG2","06/08/2008","12:00:00","NO3N.3","M1",2601,"CMC","NTWQM",2008-06-08 12:00:00,0.3,"ISM",2,"Water",NA,1.5,"MG/L",NA,NA,NA,2017-10-30 10:20:11,NA,2,NA,1,1,"S","PARTNTID",NA,NA,4,"sample does not have an associated bay program method code"
"1016",999,"LRA","ALLARM.LT2","10/08/2008","12:00:00","TDS.1","M1",2643,"CMC","NTWQM",2008-10-08 12:00:00,0.3,"ISM",1,"Water",NA,260,"MG/L",NA,NA,NA,2017-10-30 10:20:43,NA,2,NA,1,1,"S","PARTNTID",NA,NA,4,"sample does not have an associated bay program method code"
"1017",999,"LRA","ALLARM.LT7","02/08/2008","12:00:00","TDS.1","M1",2544,"CMC","NTWQM",2008-02-08 12:00:00,0.3,"ISM",1,"Water",NA,360,"MG/L",NA,NA,NA,2017-10-30 10:19:47,NA,2,NA,1,1,"S","PARTNTID",NA,NA,4,"sample does not have an associated bay program method code"
"1018",999,"LRA","ALLARM.LT8","08/18/2008","12:00:00","NO3N.3","M1",2623,"CMC","NTWQM",2008-08-18 12:00:00,0.3,"ISM",2,"Water",NA,3.5,"MG/L",NA,NA,NA,2017-10-30 10:20:27,NA,2,NA,1,1,"S","PARTNTID",NA,NA,4,"sample does not have an associated bay program method code"
"1019",999,"LRA","ALLARM.LT5","09/08/2008","12:00:00","TDS.1","M1",2633,"CMC","NTWQM",2008-09-08 12:00:00,0.3,"ISM",1,"Water",NA,280,"MG/L",NA,NA,NA,2017-10-30 10:20:34,NA,2,NA,1,1,"S","PARTNTID",NA,NA,4,"sample does not have an associated bay program method code"
"1020",999,"LRA","ALLARM.LT2","11/08/2008","12:00:00","NO3N.3","M1",2656,"CMC","NTWQM",2008-11-08 12:00:00,0.3,"ISM",2,"Water",NA,4.6,"MG/L",NA,NA,NA,2017-10-30 10:20:55,NA,2,NA,1,1,"S","PARTNTID",NA,NA,4,"sample does not have an associated bay program method code"
"1021",999,"LRA","ALLARM.LT7","03/08/2008","12:00:00","NO3N.3","M1",2557,"CMC","NTWQM",2008-03-08 12:00:00,0.3,"ISM",2,"Water",NA,4.3,"MG/L",NA,NA,NA,2017-10-30 10:19:51,NA,2,NA,1,1,"S","PARTNTID",NA,NA,4,"sample does not have an associated bay program method code"
"1022",999,"LRA","ALLARM.MG2","07/08/2008","12:00:00","NO3N.3","M1",2614,"CMC","NTWQM",2008-07-08 12:00:00,0.3,"ISM",2,"Water",NA,1.9,"MG/L",NA,NA,NA,2017-10-30 10:20:19,NA,2,NA,1,1,"S","PARTNTID",NA,NA,4,"sample does not have an associated bay program method code"
"1023",999,"LRA","ALLARM.LT5","10/08/2008","12:00:00","NO3N.3","M1",2646,"CMC","NTWQM",2008-10-08 12:00:00,0.3,"ISM",2,"Water",NA,4.8,"MG/L",NA,NA,NA,2017-10-30 10:20:48,NA,2,NA,1,1,"S","PARTNTID",NA,NA,4,"sample does not have an associated bay program method code"
"1024",999,"LRA","ALLARM.LT7","03/08/2008","12:00:00","TDS.1","M1",2557,"CMC","NTWQM",2008-03-08 12:00:00,0.3,"ISM",1,"Water",NA,350,"MG/L",NA,NA,NA,2017-10-30 10:19:51,NA,2,NA,1,1,"S","PARTNTID",NA,NA,4,"sample does not have an associated bay program method code"
"1025",999,"LRA","ALLARM.LT10","06/08/2008","12:00:00","TDS.1","M1",2599,"CMC","NTWQM",2008-06-08 12:00:00,0.3,"ISM",1,"Water",NA,320,"MG/L",NA,NA,NA,2017-10-30 10:20:10,NA,2,NA,1,1,"S","PARTNTID",NA,NA,4,"sample does not have an associated bay program method code"
"1026",999,"LRA","ALLARM.LT7","09/08/2008","12:00:00","TDS.1","M1",2635,"CMC","NTWQM",2008-09-08 12:00:00,0.3,"ISM",1,"Water",NA,290,"MG/L",NA,NA,NA,2017-10-30 10:20:36,NA,2,NA,1,1,"S","PARTNTID",NA,NA,4,"sample does not have an associated bay program method code"
"1027",999,"LRA","ALLARM.LT2","12/01/2008","12:00:00","NO3N.3","M1",2669,"CMC","NTWQM",2008-12-01 12:00:00,0.3,"ISM",2,"Water",NA,4.6,"MG/L",NA,NA,NA,2017-10-30 10:21:13,NA,2,NA,1,1,"S","PARTNTID",NA,NA,4,"sample does not have an associated bay program method code"
"1028",999,"LRA","ALLARM.LT8","09/08/2008","12:00:00","TDS.1","M1",2636,"CMC","NTWQM",2008-09-08 12:00:00,0.3,"ISM",1,"Water",NA,310,"MG/L",NA,NA,NA,2017-10-30 10:20:36,NA,2,NA,1,1,"S","PARTNTID",NA,NA,4,"sample does not have an associated bay program method code"
"1029",999,"LRA","ALLARM.MG2","08/18/2008","12:00:00","NO3N.3","M1",2627,"CMC","NTWQM",2008-08-18 12:00:00,0.3,"ISM",2,"Water",NA,1.2,"MG/L",NA,NA,NA,2017-10-30 10:20:30,NA,2,NA,1,1,"S","PARTNTID",NA,NA,4,"sample does not have an associated bay program method code"
"1030",999,"LRA","ALLARM.LT5","11/08/2008","12:00:00","NO3N.3","M1",2659,"CMC","NTWQM",2008-11-08 12:00:00,0.3,"ISM",2,"Water",NA,3.55,"MG/L",NA,NA,NA,2017-10-30 10:20:59,NA,2,NA,1,1,"S","PARTNTID",NA,NA,4,"sample does not have an associated bay program method code"
"1031",999,"LRA","ALLARM.LT7","04/08/2008","12:00:00","TDS.1","M1",2570,"CMC","NTWQM",2008-04-08 12:00:00,0.3,"ISM",1,"Water",NA,340,"MG/L",NA,NA,NA,2017-10-30 10:19:56,NA,2,NA,1,1,"S","PARTNTID",NA,NA,4,"sample does not have an associated bay program method code"
"1032",999,"LRA","ALLARM.LT10","07/08/2008","12:00:00","TDS.1","M1",2612,"CMC","NTWQM",2008-07-08 12:00:00,0.3,"ISM",1,"Water",NA,330,"MG/L",NA,NA,NA,2017-10-30 10:20:18,NA,2,NA,1,1,"S","PARTNTID",NA,NA,4,"sample does not have an associated bay program method code"
"1033",999,"LRA","ALLARM.LT7","10/08/2008","12:00:00","TDS.1","M1",2648,"CMC","NTWQM",2008-10-08 12:00:00,0.3,"ISM",1,"Water",NA,300,"MG/L",NA,NA,NA,2017-10-30 10:20:49,NA,2,NA,1,1,"S","PARTNTID",NA,NA,4,"sample does not have an associated bay program method code"
"1034",999,"LRA","ALLARM.LT3","01/08/2008","12:00:00","NO3N.3","M1",2527,"CMC","NTWQM",2008-01-08 12:00:00,0.3,"ISM",2,"Water",NA,3.9,"MG/L",NA,NA,NA,2017-10-30 10:19:40,NA,2,NA,1,1,"S","PARTNTID",NA,NA,4,"sample does not have an associated bay program method code"
"1035",999,"LRA","ALLARM.LT8","10/08/2008","12:00:00","TDS.1","M1",2649,"CMC","NTWQM",2008-10-08 12:00:00,0.3,"ISM",1,"Water",NA,310,"MG/L",NA,NA,NA,2017-10-30 10:20:50,NA,2,NA,1,1,"S","PARTNTID",NA,NA,4,"sample does not have an associated bay program method code"
"1036",999,"LRA","ALLARM.MG2","09/08/2008","12:00:00","NO3N.3","M1",2640,"CMC","NTWQM",2008-09-08 12:00:00,0.3,"ISM",2,"Water",NA,0.7,"MG/L",NA,NA,NA,2017-10-30 10:20:39,NA,2,NA,1,1,"S","PARTNTID",NA,NA,4,"sample does not have an associated bay program method code"
"1037",999,"LRA","ALLARM.LT5","12/01/2008","12:00:00","NO3N.3","M1",2672,"CMC","NTWQM",2008-12-01 12:00:00,0.3,"ISM",2,"Water",NA,4.1,"MG/L",NA,NA,NA,2017-10-30 10:21:16,NA,2,NA,1,1,"S","PARTNTID",NA,NA,4,"sample does not have an associated bay program method code"
"1038",999,"LRA","ALLARM.LT7","05/08/2008","12:00:00","TDS.1","M1",2583,"CMC","NTWQM",2008-05-08 12:00:00,0.3,"ISM",1,"Water",NA,320,"MG/L",NA,NA,NA,2017-10-30 10:20:02,NA,2,NA,1,1,"S","PARTNTID",NA,NA,4,"sample does not have an associated bay program method code"
"1039",999,"LRA","ALLARM.LT10","08/18/2008","12:00:00","TDS.1","M1",2625,"CMC","NTWQM",2008-08-18 12:00:00,0.3,"ISM",1,"Water",NA,270,"MG/L",NA,NA,NA,2017-10-30 10:20:28,NA,2,NA,1,1,"S","PARTNTID",NA,NA,4,"sample does not have an associated bay program method code"
"1040",999,"LRA","ALLARM.LT7","11/08/2008","12:00:00","TDS.1","M1",2661,"CMC","NTWQM",2008-11-08 12:00:00,0.3,"ISM",1,"Water",NA,320,"MG/L",NA,NA,NA,2017-10-30 10:21:02,NA,2,NA,1,1,"S","PARTNTID",NA,NA,4,"sample does not have an associated bay program method code"
"1041",999,"LRA","ALLARM.LT3","02/08/2008","12:00:00","NO3N.3","M1",2540,"CMC","NTWQM",2008-02-08 12:00:00,0.3,"ISM",2,"Water",NA,5.4,"MG/L",NA,NA,NA,2017-10-30 10:19:45,NA,2,NA,1,1,"S","PARTNTID",NA,NA,4,"sample does not have an associated bay program method code"
"1042",999,"LRA","ALLARM.LT8","11/08/2008","12:00:00","TDS.1","M1",2662,"CMC","NTWQM",2008-11-08 12:00:00,0.3,"ISM",1,"Water",NA,320,"MG/L",NA,NA,NA,2017-10-30 10:21:03,NA,2,NA,1,1,"S","PARTNTID",NA,NA,4,"sample does not have an associated bay program method code"
"1043",999,"LRA","ALLARM.MG2","10/08/2008","12:00:00","NO3N.3","M1",2653,"CMC","NTWQM",2008-10-08 12:00:00,0.3,"ISM",2,"Water",NA,2.4,"MG/L",NA,NA,NA,2017-10-30 10:20:53,NA,2,NA,1,1,"S","PARTNTID",NA,NA,4,"sample does not have an associated bay program method code"
"1044",999,"LRA","ALLARM.LT6","01/08/2008","12:00:00","NO3N.3","M1",2530,"CMC","NTWQM",2008-01-08 12:00:00,0.3,"ISM",2,"Water",NA,4.1,"MG/L",NA,NA,NA,2017-10-30 10:19:42,NA,2,NA,1,1,"S","PARTNTID",NA,NA,4,"sample does not have an associated bay program method code"
"1045",999,"LRA","ALLARM.LT7","06/08/2008","12:00:00","TDS.1","M1",2596,"CMC","NTWQM",2008-06-08 12:00:00,0.3,"ISM",1,"Water",NA,300,"MG/L",NA,NA,NA,2017-10-30 10:20:08,NA,2,NA,1,1,"S","PARTNTID",NA,NA,4,"sample does not have an associated bay program method code"
"1046",999,"LRA","ALLARM.LT4","08/18/2008","12:00:00","NO3N.3","M1",2619,"CMC","NTWQM",2008-08-18 12:00:00,0.3,"ISM",2,"Water",NA,3.8,"MG/L",NA,NA,NA,2017-10-30 10:20:24,NA,2,NA,1,1,"S","PARTNTID",NA,NA,4,"sample does not have an associated bay program method code"
"1047",999,"LRA","ALLARM.LT8","12/01/2008","12:00:00","NO3N.3","M1",2675,"CMC","NTWQM",2008-12-01 12:00:00,0.3,"ISM",2,"Water",NA,3.6,"MG/L",NA,NA,NA,2017-10-30 10:21:19,NA,2,NA,1,1,"S","PARTNTID",NA,NA,4,"sample does not have an associated bay program method code"
"1048",999,"LRA","ALLARM.LT3","03/08/2008","12:00:00","NO3N.3","M1",2553,"CMC","NTWQM",2008-03-08 12:00:00,0.3,"ISM",2,"Water",NA,4.5,"MG/L",NA,NA,NA,2017-10-30 10:19:50,NA,2,NA,1,1,"S","PARTNTID",NA,NA,4,"sample does not have an associated bay program method code"
"1049",999,"LRA","ALLARM.LT7","07/08/2008","12:00:00","NO3N.3","M1",2609,"CMC","NTWQM",2008-07-08 12:00:00,0.3,"ISM",2,"Water",NA,3.6,"MG/L",NA,NA,NA,2017-10-30 10:20:16,NA,2,NA,1,1,"S","PARTNTID",NA,NA,4,"sample does not have an associated bay program method code"
"1050",999,"LRA","ALLARM.LT8","12/01/2008","12:00:00","TDS.1","M1",2675,"CMC","NTWQM",2008-12-01 12:00:00,0.3,"ISM",1,"Water",NA,340,"MG/L",NA,NA,NA,2017-10-30 10:21:19,NA,2,NA,1,1,"S","PARTNTID",NA,NA,4,"sample does not have an associated bay program method code"
"1051",999,"LRA","ALLARM.LT6","02/08/2008","12:00:00","NO3N.3","M1",2543,"CMC","NTWQM",2008-02-08 12:00:00,0.3,"ISM",2,"Water",NA,4.1,"MG/L",NA,NA,NA,2017-10-30 10:19:46,NA,2,NA,1,1,"S","PARTNTID",NA,NA,4,"sample does not have an associated bay program method code"
"1052",999,"LRA","ALLARM.LT7","07/08/2008","12:00:00","TDS.1","M1",2609,"CMC","NTWQM",2008-07-08 12:00:00,0.3,"ISM",1,"Water",NA,310,"MG/L",NA,NA,NA,2017-10-30 10:20:16,NA,2,NA,1,1,"S","PARTNTID",NA,NA,4,"sample does not have an associated bay program method code"
"1053",999,"LRA","ALLARM.LT4","09/08/2008","12:00:00","NO3N.3","M1",2632,"CMC","NTWQM",2008-09-08 12:00:00,0.3,"ISM",2,"Water",NA,3.9,"MG/L",NA,NA,NA,2017-10-30 10:20:33,NA,2,NA,1,1,"S","PARTNTID",NA,NA,4,"sample does not have an associated bay program method code"
"1054",999,"LRA","ALLARM.LT9","01/08/2008","12:00:00","NO3N.3","M1",2533,"CMC","NTWQM",2008-01-08 12:00:00,0.3,"ISM",2,"Water",NA,3.5,"MG/L",NA,NA,NA,2017-10-30 10:19:43,NA,2,NA,1,1,"S","PARTNTID",NA,NA,4,"sample does not have an associated bay program method code"
"1055",999,"LRA","ALLARM.LT3","04/08/2008","12:00:00","NO3N.3","M1",2566,"CMC","NTWQM",2008-04-08 12:00:00,0.3,"ISM",2,"Water",NA,4.3,"MG/L",NA,NA,NA,2017-10-30 10:19:55,NA,2,NA,1,1,"S","PARTNTID",NA,NA,4,"sample does not have an associated bay program method code"
"1056",999,"LRA","ALLARM.LT7","08/18/2008","12:00:00","NO3N.3","M1",2622,"CMC","NTWQM",2008-08-18 12:00:00,0.3,"ISM",2,"Water",NA,3.4,"MG/L",NA,NA,NA,2017-10-30 10:20:26,NA,2,NA,1,1,"S","PARTNTID",NA,NA,4,"sample does not have an associated bay program method code"
"1057",999,"LRA","ALLARM.LT9","01/08/2008","12:00:00","TDS.1","M1",2533,"CMC","NTWQM",2008-01-08 12:00:00,0.3,"ISM",1,"Water",NA,370,"MG/L",NA,NA,NA,2017-10-30 10:19:43,NA,2,NA,1,1,"S","PARTNTID",NA,NA,4,"sample does not have an associated bay program method code"
"1058",999,"LRA","ALLARM.LT6","03/08/2008","12:00:00","NO3N.3","M1",2556,"CMC","NTWQM",2008-03-08 12:00:00,0.3,"ISM",2,"Water",NA,4.6,"MG/L",NA,NA,NA,2017-10-30 10:19:51,NA,2,NA,1,1,"S","PARTNTID",NA,NA,4,"sample does not have an associated bay program method code"
"1059",999,"LRA","ALLARM.LT7","08/18/2008","12:00:00","TDS.1","M1",2622,"CMC","NTWQM",2008-08-18 12:00:00,0.3,"ISM",1,"Water",NA,260,"MG/L",NA,NA,NA,2017-10-30 10:20:26,NA,2,NA,1,1,"S","PARTNTID",NA,NA,4,"sample does not have an associated bay program method code"
"1060",999,"LRA","ALLARM.LT4","10/08/2008","12:00:00","NO3N.3","M1",2645,"CMC","NTWQM",2008-10-08 12:00:00,0.3,"ISM",2,"Water",NA,4.7,"MG/L",NA,NA,NA,2017-10-30 10:20:47,NA,2,NA,1,1,"S","PARTNTID",NA,NA,4,"sample does not have an associated bay program method code"
"1061",999,"LRA","ALLARM.LT9","02/08/2008","12:00:00","NO3N.3","M1",2546,"CMC","NTWQM",2008-02-08 12:00:00,0.3,"ISM",2,"Water",NA,4.6,"MG/L",NA,NA,NA,2017-10-30 10:19:48,NA,2,NA,1,1,"S","PARTNTID",NA,NA,4,"sample does not have an associated bay program method code"
"1062",999,"LRA","ALLARM.LT3","05/08/2008","12:00:00","NO3N.3","M1",2579,"CMC","NTWQM",2008-05-08 12:00:00,0.3,"ISM",2,"Water",NA,2.9,"MG/L",NA,NA,NA,2017-10-30 10:20:00,NA,2,NA,1,1,"S","PARTNTID",NA,NA,4,"sample does not have an associated bay program method code"
"1063",999,"LRA","ALLARM.LT7","09/08/2008","12:00:00","NO3N.3","M1",2635,"CMC","NTWQM",2008-09-08 12:00:00,0.3,"ISM",2,"Water",NA,4.3,"MG/L",NA,NA,NA,2017-10-30 10:20:36,NA,2,NA,1,1,"S","PARTNTID",NA,NA,4,"sample does not have an associated bay program method code"
"1064",999,"LRA","ALLARM.WL","01/08/2008","12:00:00","TDS.1","M1",2537,"CMC","NTWQM",2008-01-08 12:00:00,0.3,"ISM",1,"Water",NA,390,"MG/L",NA,NA,NA,2017-10-30 10:19:44,NA,2,NA,1,1,"S","PARTNTID",NA,NA,4,"sample does not have an associated bay program method code"
"1065",999,"LRA","ALLARM.LT6","04/08/2008","12:00:00","NO3N.3","M1",2569,"CMC","NTWQM",2008-04-08 12:00:00,0.3,"ISM",2,"Water",NA,3.9,"MG/L",NA,NA,NA,2017-10-30 10:19:56,NA,2,NA,1,1,"S","PARTNTID",NA,NA,4,"sample does not have an associated bay program method code"
"1066",999,"LRA","ALLARM.LT9","08/18/2008","12:00:00","TDS.1","M1",2624,"CMC","NTWQM",2008-08-18 12:00:00,0.3,"ISM",1,"Water",NA,260,"MG/L",NA,NA,NA,2017-10-30 10:20:28,NA,2,NA,1,1,"S","PARTNTID",NA,NA,4,"sample does not have an associated bay program method code"
"1067",999,"LRA","ALLARM.LT4","11/08/2008","12:00:00","NO3N.3","M1",2658,"CMC","NTWQM",2008-11-08 12:00:00,0.3,"ISM",2,"Water",NA,3.9,"MG/L",NA,NA,NA,2017-10-30 10:20:57,NA,2,NA,1,1,"S","PARTNTID",NA,NA,4,"sample does not have an associated bay program method code"
"1068",999,"LRA","ALLARM.LT6","04/08/2008","12:00:00","TDS.1","M1",2569,"CMC","NTWQM",2008-04-08 12:00:00,0.3,"ISM",1,"Water",NA,290,"MG/L",NA,NA,NA,2017-10-30 10:19:56,NA,2,NA,1,1,"S","PARTNTID",NA,NA,4,"sample does not have an associated bay program method code"
"1069",999,"LRA","ALLARM.LT3","06/08/2008","12:00:00","NO3N.3","M1",2592,"CMC","NTWQM",2008-06-08 12:00:00,0.3,"ISM",2,"Water",NA,3.2,"MG/L",NA,NA,NA,2017-10-30 10:20:06,NA,2,NA,1,1,"S","PARTNTID",NA,NA,4,"sample does not have an associated bay program method code"
"1070",999,"LRA","ALLARM.LT7","10/08/2008","12:00:00","NO3N.3","M1",2648,"CMC","NTWQM",2008-10-08 12:00:00,0.3,"ISM",2,"Water",NA,4.5,"MG/L",NA,NA,NA,2017-10-30 10:20:49,NA,2,NA,1,1,"S","PARTNTID",NA,NA,4,"sample does not have an associated bay program method code"
"1071",999,"LRA","ALLARM.WL","02/08/2008","12:00:00","TDS.1","M1",2550,"CMC","NTWQM",2008-02-08 12:00:00,0.3,"ISM",1,"Water",NA,520,"MG/L",NA,NA,NA,2017-10-30 10:19:49,NA,2,NA,1,1,"S","PARTNTID",NA,NA,4,"sample does not have an associated bay program method code"
"1072",999,"LRA","ALLARM.LT6","05/08/2008","12:00:00","NO3N.3","M1",2582,"CMC","NTWQM",2008-05-08 12:00:00,0.3,"ISM",2,"Water",NA,3.7,"MG/L",NA,NA,NA,2017-10-30 10:20:01,NA,2,NA,1,1,"S","PARTNTID",NA,NA,4,"sample does not have an associated bay program method code"
"1073",999,"LRA","ALLARM.LT9","09/08/2008","12:00:00","TDS.1","M1",2637,"CMC","NTWQM",2008-09-08 12:00:00,0.3,"ISM",1,"Water",NA,350,"MG/L",NA,NA,NA,2017-10-30 10:20:37,NA,2,NA,1,1,"S","PARTNTID",NA,NA,4,"sample does not have an associated bay program method code"
"1074",999,"LRA","ALLARM.LT4","12/01/2008","12:00:00","NO3N.3","M1",2671,"CMC","NTWQM",2008-12-01 12:00:00,0.3,"ISM",2,"Water",NA,3.5,"MG/L",NA,NA,NA,2017-10-30 10:21:15,NA,2,NA,1,1,"S","PARTNTID",NA,NA,4,"sample does not have an associated bay program method code"
"1075",999,"LRA","ALLARM.LT6","05/08/2008","12:00:00","TDS.1","M1",2582,"CMC","NTWQM",2008-05-08 12:00:00,0.3,"ISM",1,"Water",NA,300,"MG/L",NA,NA,NA,2017-10-30 10:20:01,NA,2,NA,1,1,"S","PARTNTID",NA,NA,4,"sample does not have an associated bay program method code"
"1076",999,"LRA","ALLARM.LT3","07/08/2008","12:00:00","NO3N.3","M1",2605,"CMC","NTWQM",2008-07-08 12:00:00,0.3,"ISM",2,"Water",NA,3.8,"MG/L",NA,NA,NA,2017-10-30 10:20:14,NA,2,NA,1,1,"S","PARTNTID",NA,NA,4,"sample does not have an associated bay program method code"
"1077",999,"LRA","ALLARM.LT7","11/08/2008","12:00:00","NO3N.3","M1",2661,"CMC","NTWQM",2008-11-08 12:00:00,0.3,"ISM",2,"Water",NA,3.25,"MG/L",NA,NA,NA,2017-10-30 10:21:02,NA,2,NA,1,1,"S","PARTNTID",NA,NA,4,"sample does not have an associated bay program method code"
"1078",999,"LRA","ALLARM.WL","03/08/2008","12:00:00","TDS.1","M1",2563,"CMC","NTWQM",2008-03-08 12:00:00,0.3,"ISM",1,"Water",NA,520,"MG/L",NA,NA,NA,2017-10-30 10:19:54,NA,2,NA,1,1,"S","PARTNTID",NA,NA,4,"sample does not have an associated bay program method code"
"1079",999,"LRA","ALLARM.LT6","06/08/2008","12:00:00","NO3N.3","M1",2595,"CMC","NTWQM",2008-06-08 12:00:00,0.3,"ISM",2,"Water",NA,3.7,"MG/L",NA,NA,NA,2017-10-30 10:20:08,NA,2,NA,1,1,"S","PARTNTID",NA,NA,4,"sample does not have an associated bay program method code"
"1080",999,"LRA","ALLARM.LT9","10/08/2008","12:00:00","TDS.1","M1",2650,"CMC","NTWQM",2008-10-08 12:00:00,0.3,"ISM",1,"Water",NA,320,"MG/L",NA,NA,NA,2017-10-30 10:20:50,NA,2,NA,1,1,"S","PARTNTID",NA,NA,4,"sample does not have an associated bay program method code"
"1081",999,"LRA","ALLARM.LT5","01/08/2008","12:00:00","NO3N.3","M1",2529,"CMC","NTWQM",2008-01-08 12:00:00,0.3,"ISM",2,"Water",NA,4.3,"MG/L",NA,NA,NA,2017-10-30 10:19:41,NA,2,NA,1,1,"S","PARTNTID",NA,NA,4,"sample does not have an associated bay program method code"
"1082",999,"LRA","ALLARM.LT6","06/08/2008","12:00:00","TDS.1","M1",2595,"CMC","NTWQM",2008-06-08 12:00:00,0.3,"ISM",1,"Water",NA,300,"MG/L",NA,NA,NA,2017-10-30 10:20:08,NA,2,NA,1,1,"S","PARTNTID",NA,NA,4,"sample does not have an associated bay program method code"
"1083",999,"LRA","ALLARM.LT3","08/18/2008","12:00:00","NO3N.3","M1",2618,"CMC","NTWQM",2008-08-18 12:00:00,0.3,"ISM",2,"Water",NA,3.5,"MG/L",NA,NA,NA,2017-10-30 10:20:24,NA,2,NA,1,1,"S","PARTNTID",NA,NA,4,"sample does not have an associated bay program method code"
"1084",999,"LRA","ALLARM.LT7","12/01/2008","12:00:00","NO3N.3","M1",2674,"CMC","NTWQM",2008-12-01 12:00:00,0.3,"ISM",2,"Water",NA,3.3,"MG/L",NA,NA,NA,2017-10-30 10:21:18,NA,2,NA,1,1,"S","PARTNTID",NA,NA,4,"sample does not have an associated bay program method code"
"1085",999,"LRA","ALLARM.WL","04/08/2008","12:00:00","TDS.1","M1",2576,"CMC","NTWQM",2008-04-08 12:00:00,0.3,"ISM",1,"Water",NA,480,"MG/L",NA,NA,NA,2017-10-30 10:19:58,NA,2,NA,1,1,"S","PARTNTID",NA,NA,4,"sample does not have an associated bay program method code"
"1086",999,"LRA","ALLARM.LT6","07/08/2008","12:00:00","NO3N.3","M1",2608,"CMC","NTWQM",2008-07-08 12:00:00,0.3,"ISM",2,"Water",NA,3.5,"MG/L",NA,NA,NA,2017-10-30 10:20:16,NA,2,NA,1,1,"S","PARTNTID",NA,NA,4,"sample does not have an associated bay program method code"
"1087",999,"LRA","ALLARM.LT7","12/01/2008","12:00:00","TDS.1","M1",2674,"CMC","NTWQM",2008-12-01 12:00:00,0.3,"ISM",1,"Water",NA,340,"MG/L",NA,NA,NA,2017-10-30 10:21:18,NA,2,NA,1,1,"S","PARTNTID",NA,NA,4,"sample does not have an associated bay program method code"
"1088",999,"LRA","ALLARM.LT5","02/08/2008","12:00:00","NO3N.3","M1",2542,"CMC","NTWQM",2008-02-08 12:00:00,0.3,"ISM",2,"Water",NA,3.6,"MG/L",NA,NA,NA,2017-10-30 10:19:46,NA,2,NA,1,1,"S","PARTNTID",NA,NA,4,"sample does not have an associated bay program method code"
"1089",999,"LRA","ALLARM.LT6","07/08/2008","12:00:00","TDS.1","M1",2608,"CMC","NTWQM",2008-07-08 12:00:00,0.3,"ISM",1,"Water",NA,290,"MG/L",NA,NA,NA,2017-10-30 10:20:16,NA,2,NA,1,1,"S","PARTNTID",NA,NA,4,"sample does not have an associated bay program method code"
"1090",999,"LRA","ALLARM.MG1","11/08/2008","12:00:00","TDS.1","M1",2665,"CMC","NTWQM",2008-11-08 12:00:00,0.3,"ISM",1,"Water",NA,460,"MG/L",NA,NA,NA,2017-10-30 10:21:06,NA,2,NA,1,1,"S","PARTNTID",NA,NA,4,"sample does not have an associated bay program method code"
"1091",999,"LRA","ALLARM.LT9","12/01/2008","12:00:00","NO3N.3","M1",2676,"CMC","NTWQM",2008-12-01 12:00:00,0.3,"ISM",2,"Water",NA,3.8,"MG/L",NA,NA,NA,2017-10-30 10:21:20,NA,2,NA,1,1,"S","PARTNTID",NA,NA,4,"sample does not have an associated bay program method code"
"1092",999,"LRA","ALLARM.LT9","06/08/2008","12:00:00","TDS.1","M1",2598,"CMC","NTWQM",2008-06-08 12:00:00,0.3,"ISM",1,"Water",NA,310,"MG/L",NA,NA,NA,2017-10-30 10:20:10,NA,2,NA,1,1,"S","PARTNTID",NA,NA,4,"sample does not have an associated bay program method code"
"1093",999,"LRA","ALLARM.MG1","06/08/2008","12:00:00","NO3N.3","M1",2600,"CMC","NTWQM",2008-06-08 12:00:00,0.3,"ISM",2,"Water",NA,3.9,"MG/L",NA,NA,NA,2017-10-30 10:20:11,NA,2,NA,1,1,"S","PARTNTID",NA,NA,4,"sample does not have an associated bay program method code"
"1094",999,"LRA","ALLARM.LT9","12/01/2008","12:00:00","TDS.1","M1",2676,"CMC","NTWQM",2008-12-01 12:00:00,0.3,"ISM",1,"Water",NA,350,"MG/L",NA,NA,NA,2017-10-30 10:21:20,NA,2,NA,1,1,"S","PARTNTID",NA,NA,4,"sample does not have an associated bay program method code"
"1095",999,"LRA","ALLARM.LT5","03/08/2008","12:00:00","NO3N.3","M1",2555,"CMC","NTWQM",2008-03-08 12:00:00,0.3,"ISM",2,"Water",NA,5,"MG/L",NA,NA,NA,2017-10-30 10:19:50,NA,2,NA,1,1,"S","PARTNTID",NA,NA,4,"sample does not have an associated bay program method code"
"1096",999,"LRA","ALLARM.LT9","07/08/2008","12:00:00","NO3N.3","M1",2611,"CMC","NTWQM",2008-07-08 12:00:00,0.3,"ISM",2,"Water",NA,2.6,"MG/L",NA,NA,NA,2017-10-30 10:20:18,NA,2,NA,1,1,"S","PARTNTID",NA,NA,4,"sample does not have an associated bay program method code"
"1097",999,"LRA","ALLARM.MG1","12/01/2008","12:00:00","TDS.1","M1",2678,"CMC","NTWQM",2008-12-01 12:00:00,0.3,"ISM",1,"Water",NA,420,"MG/L",NA,NA,NA,2017-10-30 10:21:22,NA,2,NA,1,1,"S","PARTNTID",NA,NA,4,"sample does not have an associated bay program method code"
"1098",999,"LRA","ALLARM.MG1","01/08/2008","12:00:00","NO3N.3","M1",2535,"CMC","NTWQM",2008-01-08 12:00:00,0.3,"ISM",2,"Water",NA,1.9,"MG/L",NA,NA,NA,2017-10-30 10:19:43,NA,2,NA,1,1,"S","PARTNTID",NA,NA,4,"sample does not have an associated bay program method code"
"1099",999,"LRA","ALLARM.LT9","07/08/2008","12:00:00","TDS.1","M1",2611,"CMC","NTWQM",2008-07-08 12:00:00,0.3,"ISM",1,"Water",NA,320,"MG/L",NA,NA,NA,2017-10-30 10:20:18,NA,2,NA,1,1,"S","PARTNTID",NA,NA,4,"sample does not have an associated bay program method code"
"1100",999,"LRA","ALLARM.MG1","07/08/2008","12:00:00","NO3N.3","M1",2613,"CMC","NTWQM",2008-07-08 12:00:00,0.3,"ISM",2,"Water",NA,2.3,"MG/L",NA,NA,NA,2017-10-30 10:20:19,NA,2,NA,1,1,"S","PARTNTID",NA,NA,4,"sample does not have an associated bay program method code"
"1101",999,"LRA","ALLARM.MG1","01/08/2008","12:00:00","TDS.1","M1",2535,"CMC","NTWQM",2008-01-08 12:00:00,0.3,"ISM",1,"Water",NA,570,"MG/L",NA,NA,NA,2017-10-30 10:19:43,NA,2,NA,1,1,"S","PARTNTID",NA,NA,4,"sample does not have an associated bay program method code"
"1102",999,"LRA","ALLARM.LT5","04/08/2008","12:00:00","NO3N.3","M1",2568,"CMC","NTWQM",2008-04-08 12:00:00,0.3,"ISM",2,"Water",NA,4.4,"MG/L",NA,NA,NA,2017-10-30 10:19:55,NA,2,NA,1,1,"S","PARTNTID",NA,NA,4,"sample does not have an associated bay program method code"
"1103",999,"LRA","ALLARM.LT9","08/18/2008","12:00:00","NO3N.3","M1",2624,"CMC","NTWQM",2008-08-18 12:00:00,0.3,"ISM",2,"Water",NA,2.5,"MG/L",NA,NA,NA,2017-10-30 10:20:28,NA,2,NA,1,1,"S","PARTNTID",NA,NA,4,"sample does not have an associated bay program method code"
"1104",999,"LRA","ALLARM.MG2","01/08/2008","12:00:00","TDS.1","M1",2536,"CMC","NTWQM",2008-01-08 12:00:00,0.3,"ISM",1,"Water",NA,520,"MG/L",NA,NA,NA,2017-10-30 10:19:44,NA,2,NA,1,1,"S","PARTNTID",NA,NA,4,"sample does not have an associated bay program method code"
"1105",999,"LRA","ALLARM.MG1","02/08/2008","12:00:00","NO3N.3","M1",2548,"CMC","NTWQM",2008-02-08 12:00:00,0.3,"ISM",2,"Water",NA,2.4,"MG/L",NA,NA,NA,2017-10-30 10:19:48,NA,2,NA,1,1,"S","PARTNTID",NA,NA,4,"sample does not have an associated bay program method code"
"1106",999,"LRA","ALLARM.LT8","09/08/2008","12:00:00","NO3N.3","M1",2636,"CMC","NTWQM",2008-09-08 12:00:00,0.3,"ISM",2,"Water",NA,3.7,"MG/L",NA,NA,NA,2017-10-30 10:20:36,NA,2,NA,1,1,"S","PARTNTID",NA,NA,4,"sample does not have an associated bay program method code"
"1107",999,"LRA","ALLARM.MG1","08/18/2008","12:00:00","NO3N.3","M1",2626,"CMC","NTWQM",2008-08-18 12:00:00,0.3,"ISM",2,"Water",NA,2.1,"MG/L",NA,NA,NA,2017-10-30 10:20:29,NA,2,NA,1,1,"S","PARTNTID",NA,NA,4,"sample does not have an associated bay program method code"
"1108",999,"LRA","ALLARM.MG1","02/08/2008","12:00:00","TDS.1","M1",2548,"CMC","NTWQM",2008-02-08 12:00:00,0.3,"ISM",1,"Water",NA,520,"MG/L",NA,NA,NA,2017-10-30 10:19:48,NA,2,NA,1,1,"S","PARTNTID",NA,NA,4,"sample does not have an associated bay program method code"
"1109",999,"LRA","ALLARM.LT5","05/08/2008","12:00:00","NO3N.3","M1",2581,"CMC","NTWQM",2008-05-08 12:00:00,0.3,"ISM",2,"Water",NA,3.1,"MG/L",NA,NA,NA,2017-10-30 10:20:01,NA,2,NA,1,1,"S","PARTNTID",NA,NA,4,"sample does not have an associated bay program method code"
"1110",999,"LRA","ALLARM.LT9","09/08/2008","12:00:00","NO3N.3","M1",2637,"CMC","NTWQM",2008-09-08 12:00:00,0.3,"ISM",2,"Water",NA,3.2,"MG/L",NA,NA,NA,2017-10-30 10:20:37,NA,2,NA,1,1,"S","PARTNTID",NA,NA,4,"sample does not have an associated bay program method code"
"1111",999,"LRA","ALLARM.MG2","02/08/2008","12:00:00","TDS.1","M1",2549,"CMC","NTWQM",2008-02-08 12:00:00,0.3,"ISM",1,"Water",NA,510,"MG/L",NA,NA,NA,2017-10-30 10:19:49,NA,2,NA,1,1,"S","PARTNTID",NA,NA,4,"sample does not have an associated bay program method code"
"1112",999,"LRA","ALLARM.MG1","03/08/2008","12:00:00","NO3N.3","M1",2561,"CMC","NTWQM",2008-03-08 12:00:00,0.3,"ISM",2,"Water",NA,3.2,"MG/L",NA,NA,NA,2017-10-30 10:19:53,NA,2,NA,1,1,"S","PARTNTID",NA,NA,4,"sample does not have an associated bay program method code"
"1113",999,"LRA","ALLARM.LT8","10/08/2008","12:00:00","NO3N.3","M1",2649,"CMC","NTWQM",2008-10-08 12:00:00,0.3,"ISM",2,"Water",NA,4.3,"MG/L",NA,NA,NA,2017-10-30 10:20:50,NA,2,NA,1,1,"S","PARTNTID",NA,NA,4,"sample does not have an associated bay program method code"
"1114",999,"LRA","ALLARM.MG1","09/08/2008","12:00:00","NO3N.3","M1",2639,"CMC","NTWQM",2008-09-08 12:00:00,0.3,"ISM",2,"Water",NA,1.9,"MG/L",NA,NA,NA,2017-10-30 10:20:39,NA,2,NA,1,1,"S","PARTNTID",NA,NA,4,"sample does not have an associated bay program method code"
"1115",999,"LRA","ALLARM.MG1","03/08/2008","12:00:00","TDS.1","M1",2561,"CMC","NTWQM",2008-03-08 12:00:00,0.3,"ISM",1,"Water",NA,520,"MG/L",NA,NA,NA,2017-10-30 10:19:53,NA,2,NA,1,1,"S","PARTNTID",NA,NA,4,"sample does not have an associated bay program method code"
"1116",999,"LRA","ALLARM.LT5","06/08/2008","12:00:00","NO3N.3","M1",2594,"CMC","NTWQM",2008-06-08 12:00:00,0.3,"ISM",2,"Water",NA,3.4,"MG/L",NA,NA,NA,2017-10-30 10:20:07,NA,2,NA,1,1,"S","PARTNTID",NA,NA,4,"sample does not have an associated bay program method code"
"1117",999,"LRA","ALLARM.LT9","10/08/2008","12:00:00","NO3N.3","M1",2650,"CMC","NTWQM",2008-10-08 12:00:00,0.3,"ISM",2,"Water",NA,4.2,"MG/L",NA,NA,NA,2017-10-30 10:20:50,NA,2,NA,1,1,"S","PARTNTID",NA,NA,4,"sample does not have an associated bay program method code"
"1118",999,"LRA","ALLARM.MG2","03/08/2008","12:00:00","TDS.1","M1",2562,"CMC","NTWQM",2008-03-08 12:00:00,0.3,"ISM",1,"Water",NA,520,"MG/L",NA,NA,NA,2017-10-30 10:19:53,NA,2,NA,1,1,"S","PARTNTID",NA,NA,4,"sample does not have an associated bay program method code"
"1119",999,"LRA","ALLARM.MG1","04/08/2008","12:00:00","NO3N.3","M1",2574,"CMC","NTWQM",2008-04-08 12:00:00,0.3,"ISM",2,"Water",NA,2.6,"MG/L",NA,NA,NA,2017-10-30 10:19:57,NA,2,NA,1,1,"S","PARTNTID",NA,NA,4,"sample does not have an associated bay program method code"
"1120",999,"LRA","ALLARM.LT8","11/08/2008","12:00:00","NO3N.3","M1",2662,"CMC","NTWQM",2008-11-08 12:00:00,0.3,"ISM",2,"Water",NA,3.8,"MG/L",NA,NA,NA,2017-10-30 10:21:03,NA,2,NA,1,1,"S","PARTNTID",NA,NA,4,"sample does not have an associated bay program method code"
"1121",999,"LRA","ALLARM.MG1","10/08/2008","12:00:00","NO3N.3","M1",2652,"CMC","NTWQM",2008-10-08 12:00:00,0.3,"ISM",2,"Water",NA,2.7,"MG/L",NA,NA,NA,2017-10-30 10:20:52,NA,2,NA,1,1,"S","PARTNTID",NA,NA,4,"sample does not have an associated bay program method code"
"1122",999,"LRA","ALLARM.MG1","04/08/2008","12:00:00","TDS.1","M1",2574,"CMC","NTWQM",2008-04-08 12:00:00,0.3,"ISM",1,"Water",NA,500,"MG/L",NA,NA,NA,2017-10-30 10:19:57,NA,2,NA,1,1,"S","PARTNTID",NA,NA,4,"sample does not have an associated bay program method code"
"1123",999,"LRA","ALLARM.LT5","07/08/2008","12:00:00","NO3N.3","M1",2607,"CMC","NTWQM",2008-07-08 12:00:00,0.3,"ISM",2,"Water",NA,3.7,"MG/L",NA,NA,NA,2017-10-30 10:20:15,NA,2,NA,1,1,"S","PARTNTID",NA,NA,4,"sample does not have an associated bay program method code"
"1124",999,"LRA","ALLARM.LT9","11/08/2008","12:00:00","NO3N.3","M1",2663,"CMC","NTWQM",2008-11-08 12:00:00,0.3,"ISM",2,"Water",NA,4,"MG/L",NA,NA,NA,2017-10-30 10:21:04,NA,2,NA,1,1,"S","PARTNTID",NA,NA,4,"sample does not have an associated bay program method code"
"1125",999,"LRA","ALLARM.MG2","04/08/2008","12:00:00","TDS.1","M1",2575,"CMC","NTWQM",2008-04-08 12:00:00,0.3,"ISM",1,"Water",NA,480,"MG/L",NA,NA,NA,2017-10-30 10:19:58,NA,2,NA,1,1,"S","PARTNTID",NA,NA,4,"sample does not have an associated bay program method code"
"1126",999,"LRA","ALLARM.MG1","05/08/2008","12:00:00","NO3N.3","M1",2587,"CMC","NTWQM",2008-05-08 12:00:00,0.3,"ISM",2,"Water",NA,2.3,"MG/L",NA,NA,NA,2017-10-30 10:20:03,NA,2,NA,1,1,"S","PARTNTID",NA,NA,4,"sample does not have an associated bay program method code"
"1127",999,"LRA","ALLARM.LT9","11/08/2008","12:00:00","TDS.1","M1",2663,"CMC","NTWQM",2008-11-08 12:00:00,0.3,"ISM",1,"Water",NA,330,"MG/L",NA,NA,NA,2017-10-30 10:21:04,NA,2,NA,1,1,"S","PARTNTID",NA,NA,4,"sample does not have an associated bay program method code"
"1128",999,"LRA","ALLARM.MG1","11/08/2008","12:00:00","NO3N.3","M1",2665,"CMC","NTWQM",2008-11-08 12:00:00,0.3,"ISM",2,"Water",NA,1.7,"MG/L",NA,NA,NA,2017-10-30 10:21:06,NA,2,NA,1,1,"S","PARTNTID",NA,NA,4,"sample does not have an associated bay program method code"
"1129",999,"LRA","ALLARM.MG1","05/08/2008","12:00:00","TDS.1","M1",2587,"CMC","NTWQM",2008-05-08 12:00:00,0.3,"ISM",1,"Water",NA,460,"MG/L",NA,NA,NA,2017-10-30 10:20:03,NA,2,NA,1,1,"S","PARTNTID",NA,NA,4,"sample does not have an associated bay program method code"
"1130",999,"LRA","ALLARM.LT5","08/18/2008","12:00:00","NO3N.3","M1",2620,"CMC","NTWQM",2008-08-18 12:00:00,0.3,"ISM",2,"Water",NA,3.7,"MG/L",NA,NA,NA,2017-10-30 10:20:25,NA,2,NA,1,1,"S","PARTNTID",NA,NA,4,"sample does not have an associated bay program method code"
"1131",999,"LRA","ALLARM.MG2","11/08/2008","12:00:00","NO3N.3","M1",2666,"CMC","NTWQM",2008-11-08 12:00:00,0.3,"ISM",2,"Water",NA,1.35,"MG/L",NA,NA,NA,2017-10-30 10:21:08,NA,2,NA,1,1,"S","PARTNTID",NA,NA,4,"sample does not have an associated bay program method code"
"1132",999,"LRA","ALLARM.MG2","05/08/2008","12:00:00","TDS.1","M1",2588,"CMC","NTWQM",2008-05-08 12:00:00,0.3,"ISM",1,"Water",NA,460,"MG/L",NA,NA,NA,2017-10-30 10:20:04,NA,2,NA,1,1,"S","PARTNTID",NA,NA,4,"sample does not have an associated bay program method code"
"1133",999,"LRA","ALLARM.LT9","04/08/2008","12:00:00","TDS.1","M1",2572,"CMC","NTWQM",2008-04-08 12:00:00,0.3,"ISM",1,"Water",NA,330,"MG/L",NA,NA,NA,2017-10-30 10:19:57,NA,2,NA,1,1,"S","PARTNTID",NA,NA,4,"sample does not have an associated bay program method code"
"1134",999,"LRA","ALLARM.MG2","11/08/2008","12:00:00","TDS.1","M1",2666,"CMC","NTWQM",2008-11-08 12:00:00,0.3,"ISM",1,"Water",NA,460,"MG/L",NA,NA,NA,2017-10-30 10:21:08,NA,2,NA,1,1,"S","PARTNTID",NA,NA,4,"sample does not have an associated bay program method code"
"1135",999,"LRA","ALLARM.MG2","09/08/2008","12:00:00","TDS.1","M1",2640,"CMC","NTWQM",2008-09-08 12:00:00,0.3,"ISM",1,"Water",NA,430,"MG/L",NA,NA,NA,2017-10-30 10:20:39,NA,2,NA,1,1,"S","PARTNTID",NA,NA,4,"sample does not have an associated bay program method code"
"1136",999,"LRA","ALLARM.MG1","06/08/2008","12:00:00","TDS.1","M1",2600,"CMC","NTWQM",2008-06-08 12:00:00,0.3,"ISM",1,"Water",NA,450,"MG/L",NA,NA,NA,2017-10-30 10:20:11,NA,2,NA,1,1,"S","PARTNTID",NA,NA,4,"sample does not have an associated bay program method code"
"1137",999,"LRA","ALLARM.LT5","09/08/2008","12:00:00","NO3N.3","M1",2633,"CMC","NTWQM",2008-09-08 12:00:00,0.3,"ISM",2,"Water",NA,4.1,"MG/L",NA,NA,NA,2017-10-30 10:20:34,NA,2,NA,1,1,"S","PARTNTID",NA,NA,4,"sample does not have an associated bay program method code"
"1138",999,"LRA","ALLARM.MG2","12/01/2008","12:00:00","NO3N.3","M1",2679,"CMC","NTWQM",2008-12-01 12:00:00,0.3,"ISM",2,"Water",NA,1.6,"MG/L",NA,NA,NA,2017-10-30 10:21:23,NA,2,NA,1,1,"S","PARTNTID",NA,NA,4,"sample does not have an associated bay program method code"
"1139",999,"LRA","ALLARM.MG2","06/08/2008","12:00:00","TDS.1","M1",2601,"CMC","NTWQM",2008-06-08 12:00:00,0.3,"ISM",1,"Water",NA,450,"MG/L",NA,NA,NA,2017-10-30 10:20:11,NA,2,NA,1,1,"S","PARTNTID",NA,NA,4,"sample does not have an associated bay program method code"
"1140",999,"LRA","ALLARM.LT9","05/08/2008","12:00:00","TDS.1","M1",2585,"CMC","NTWQM",2008-05-08 12:00:00,0.3,"ISM",1,"Water",NA,320,"MG/L",NA,NA,NA,2017-10-30 10:20:02,NA,2,NA,1,1,"S","PARTNTID",NA,NA,4,"sample does not have an associated bay program method code"
"1141",999,"LRA","ALLARM.MG2","12/01/2008","12:00:00","TDS.1","M1",2679,"CMC","NTWQM",2008-12-01 12:00:00,0.3,"ISM",1,"Water",NA,430,"MG/L",NA,NA,NA,2017-10-30 10:21:23,NA,2,NA,1,1,"S","PARTNTID",NA,NA,4,"sample does not have an associated bay program method code"
"1142",999,"LRA","ALLARM.MG1","08/18/2008","12:00:00","TDS.1","M1",2626,"CMC","NTWQM",2008-08-18 12:00:00,0.3,"ISM",1,"Water",NA,390,"MG/L",NA,NA,NA,2017-10-30 10:20:29,NA,2,NA,1,1,"S","PARTNTID",NA,NA,4,"sample does not have an associated bay program method code"
"1143",999,"LRA","ALLARM.MG1","07/08/2008","12:00:00","TDS.1","M1",2613,"CMC","NTWQM",2008-07-08 12:00:00,0.3,"ISM",1,"Water",NA,450,"MG/L",NA,NA,NA,2017-10-30 10:20:19,NA,2,NA,1,1,"S","PARTNTID",NA,NA,4,"sample does not have an associated bay program method code"
"1144",999,"LRA","ALLARM.MG1","09/08/2008","12:00:00","TDS.1","M1",2639,"CMC","NTWQM",2008-09-08 12:00:00,0.3,"ISM",1,"Water",NA,450,"MG/L",NA,NA,NA,2017-10-30 10:20:39,NA,2,NA,1,1,"S","PARTNTID",NA,NA,4,"sample does not have an associated bay program method code"
"1145",999,"LRA","ALLARM.LT9","02/08/2008","12:00:00","TDS.1","M1",2546,"CMC","NTWQM",2008-02-08 12:00:00,0.3,"ISM",1,"Water",NA,380,"MG/L",NA,NA,NA,2017-10-30 10:19:48,NA,2,NA,1,1,"S","PARTNTID",NA,NA,4,"sample does not have an associated bay program method code"
"1146",999,"LRA","ALLARM.MG2","08/18/2008","12:00:00","TDS.1","M1",2627,"CMC","NTWQM",2008-08-18 12:00:00,0.3,"ISM",1,"Water",NA,380,"MG/L",NA,NA,NA,2017-10-30 10:20:30,NA,2,NA,1,1,"S","PARTNTID",NA,NA,4,"sample does not have an associated bay program method code"
"1147",999,"LRA","ALLARM.MG2","07/08/2008","12:00:00","TDS.1","M1",2614,"CMC","NTWQM",2008-07-08 12:00:00,0.3,"ISM",1,"Water",NA,450,"MG/L",NA,NA,NA,2017-10-30 10:20:19,NA,2,NA,1,1,"S","PARTNTID",NA,NA,4,"sample does not have an associated bay program method code"
"1148",999,"LRA","ALLARM.LT9","03/08/2008","12:00:00","TDS.1","M1",2559,"CMC","NTWQM",2008-03-08 12:00:00,0.3,"ISM",1,"Water",NA,370,"MG/L",NA,NA,NA,2017-10-30 10:19:52,NA,2,NA,1,1,"S","PARTNTID",NA,NA,4,"sample does not have an associated bay program method code"
"1149",999,"LRA","ALLARM.LT7","04/08/2008","12:00:00","NO3N.3","M1",2570,"CMC","NTWQM",2008-04-08 12:00:00,0.3,"ISM",2,"Water",NA,3.4,"MG/L",NA,NA,NA,2017-10-30 10:19:56,NA,2,NA,1,1,"S","PARTNTID",NA,NA,4,"sample does not have an associated bay program method code"
"1150",999,"LRA","ALLARM.LT9","04/08/2008","12:00:00","NO3N.3","M1",2572,"CMC","NTWQM",2008-04-08 12:00:00,0.3,"ISM",2,"Water",NA,4,"MG/L",NA,NA,NA,2017-10-30 10:19:57,NA,2,NA,1,1,"S","PARTNTID",NA,NA,4,"sample does not have an associated bay program method code"
"1151",999,"LRA","ALLARM.MG1","10/08/2008","12:00:00","TDS.1","M1",2652,"CMC","NTWQM",2008-10-08 12:00:00,0.3,"ISM",1,"Water",NA,430,"MG/L",NA,NA,NA,2017-10-30 10:20:52,NA,2,NA,1,1,"S","PARTNTID",NA,NA,4,"sample does not have an associated bay program method code"
"1152",999,"LRA","ALLARM.LT7","05/08/2008","12:00:00","NO3N.3","M1",2583,"CMC","NTWQM",2008-05-08 12:00:00,0.3,"ISM",2,"Water",NA,3.9,"MG/L",NA,NA,NA,2017-10-30 10:20:02,NA,2,NA,1,1,"S","PARTNTID",NA,NA,4,"sample does not have an associated bay program method code"
"1153",999,"LRA","ALLARM.LT9","06/08/2008","12:00:00","NO3N.3","M1",2598,"CMC","NTWQM",2008-06-08 12:00:00,0.3,"ISM",2,"Water",NA,2.4,"MG/L",NA,NA,NA,2017-10-30 10:20:10,NA,2,NA,1,1,"S","PARTNTID",NA,NA,4,"sample does not have an associated bay program method code"
"1154",999,"LRA","ALLARM.LT7","06/08/2008","12:00:00","NO3N.3","M1",2596,"CMC","NTWQM",2008-06-08 12:00:00,0.3,"ISM",2,"Water",NA,4.2,"MG/L",NA,NA,NA,2017-10-30 10:20:08,NA,2,NA,1,1,"S","PARTNTID",NA,NA,4,"sample does not have an associated bay program method code"
"1155",999,"LRA","ALLARM.LT9","05/08/2008","12:00:00","NO3N.3","M1",2585,"CMC","NTWQM",2008-05-08 12:00:00,0.3,"ISM",2,"Water",NA,3.3,"MG/L",NA,NA,NA,2017-10-30 10:20:02,NA,2,NA,1,1,"S","PARTNTID",NA,NA,4,"sample does not have an associated bay program method code"
"1156",999,"LRA","ALLARM.MG2","10/08/2008","12:00:00","TDS.1","M1",2653,"CMC","NTWQM",2008-10-08 12:00:00,0.3,"ISM",1,"Water",NA,440,"MG/L",NA,NA,NA,2017-10-30 10:20:53,NA,2,NA,1,1,"S","PARTNTID",NA,NA,4,"sample does not have an associated bay program method code"
"1157",999,"LRA","ALLARM.LT9","03/08/2008","12:00:00","NO3N.3","M1",2559,"CMC","NTWQM",2008-03-08 12:00:00,0.3,"ISM",2,"Water",NA,4.1,"MG/L",NA,NA,NA,2017-10-30 10:19:52,NA,2,NA,1,1,"S","PARTNTID",NA,NA,4,"sample does not have an associated bay program method code"
