"","paramMethod","SOURCE","STATION","SAMPLE_DATE","SAMPLE_TIME","paramCode","SAMPLE_ID","EventId","AGENCY","PROGRAM","DateTime","DEPTH","SAMPLE_TYPE","TIER","Matrix","QUALIFIER","VALUE","UNITS","PROBLEM","LAB","labName","modifiedDate","detLimit","qaFlag","COMMENTS","count.x","count.y","LAYER","PROJECT","SampleAnalyticalMethodIdentifier","SubstanceIdentificationName","errorCode","errorName"
"680",999,"LRA","ALLARM.LT9","05/08/1999","12:00:00","TDS.1","M1",1306,"CMC","NTWQM",1999-05-08 12:00:00,0.3,"ISM",1,"Water",NA,260,"MG/L",NA,NA,NA,2017-10-27 15:56:34,NA,2,NA,1,1,"S","PARTNTID",NA,NA,4,"sample does not have an associated bay program method code"
"681",999,"LRA","ALLARM.LT2","10/08/1999","12:00:00","TDS.1","M1",1349,"CMC","NTWQM",1999-10-08 12:00:00,0.3,"ISM",1,"Water",NA,170,"MG/L",NA,NA,NA,2017-10-27 15:57:13,NA,2,NA,1,1,"S","PARTNTID",NA,NA,4,"sample does not have an associated bay program method code"
"682",999,"LRA","ALLARM.LT10","03/08/1999","12:00:00","NO3N.3","M1",1287,"CMC","NTWQM",1999-03-08 12:00:00,0.3,"ISM",2,"Water",NA,4.8,"MG/L",NA,NA,NA,2017-10-27 15:56:17,NA,2,NA,1,1,"S","PARTNTID",NA,NA,4,"sample does not have an associated bay program method code"
"683",999,"LRA","ALLARM.LT4","06/08/1999","12:00:00","TDS.1","M1",1311,"CMC","NTWQM",1999-06-08 12:00:00,0.3,"ISM",1,"Water",NA,170,"MG/L",NA,NA,NA,2017-10-27 15:56:38,NA,2,NA,1,1,"S","PARTNTID",NA,NA,4,"sample does not have an associated bay program method code"
"684",999,"LRA","ALLARM.LT7","10/08/1999","12:00:00","TDS.1","M1",1354,"CMC","NTWQM",1999-10-08 12:00:00,0.3,"ISM",1,"Water",NA,500,"MG/L",NA,NA,NA,2017-10-27 15:57:18,NA,2,NA,1,1,"S","PARTNTID",NA,NA,4,"sample does not have an associated bay program method code"
"685",999,"LRA","ALLARM.LT2","11/08/1999","12:00:00","NO3N.3","M1",1359,"CMC","NTWQM",1999-11-08 12:00:00,0.3,"ISM",2,"Water",NA,6.9,"MG/L",NA,NA,NA,2017-10-27 15:57:23,NA,2,NA,1,1,"S","PARTNTID",NA,NA,4,"sample does not have an associated bay program method code"
"686",999,"LRA","ALLARM.LT4","07/08/1999","12:00:00","NO3N.3","M1",1321,"CMC","NTWQM",1999-07-08 12:00:00,0.3,"ISM",2,"Water",NA,4,"MG/L",NA,NA,NA,2017-10-27 15:56:46,NA,2,NA,1,1,"S","PARTNTID",NA,NA,4,"sample does not have an associated bay program method code"
"687",999,"LRA","ALLARM.LT6","03/08/1999","12:00:00","NO3N.3","M1",1283,"CMC","NTWQM",1999-03-08 12:00:00,0.3,"ISM",2,"Water",NA,4.6,"MG/L",NA,NA,NA,2017-10-27 15:56:14,NA,2,NA,1,1,"S","PARTNTID",NA,NA,4,"sample does not have an associated bay program method code"
"688",999,"LRA","ALLARM.LT10","04/08/1999","12:00:00","NO3N.3","M1",1297,"CMC","NTWQM",1999-04-08 12:00:00,0.3,"ISM",2,"Water",NA,5,"MG/L",NA,NA,NA,2017-10-27 15:56:26,NA,2,NA,1,1,"S","PARTNTID",NA,NA,4,"sample does not have an associated bay program method code"
"689",999,"LRA","ALLARM.LT9","07/08/1999","12:00:00","NO3N.3","M1",1326,"CMC","NTWQM",1999-07-08 12:00:00,0.3,"ISM",2,"Water",NA,2.8,"MG/L",NA,NA,NA,2017-10-27 15:56:50,NA,2,NA,1,1,"S","PARTNTID",NA,NA,4,"sample does not have an associated bay program method code"
"690",999,"LRA","ALLARM.LT3","06/08/1999","12:00:00","TDS.1","M1",1310,"CMC","NTWQM",1999-06-08 12:00:00,0.3,"ISM",1,"Water",NA,170,"MG/L",NA,NA,NA,2017-10-27 15:56:37,NA,2,NA,1,1,"S","PARTNTID",NA,NA,4,"sample does not have an associated bay program method code"
"691",999,"LRA","ALLARM.LT10","04/08/1999","12:00:00","TDS.1","M1",1297,"CMC","NTWQM",1999-04-08 12:00:00,0.3,"ISM",1,"Water",NA,400,"MG/L",NA,NA,NA,2017-10-27 15:56:26,NA,2,NA,1,1,"S","PARTNTID",NA,NA,4,"sample does not have an associated bay program method code"
"692",999,"LRA","ALLARM.LT2","12/08/1999","12:00:00","NO3N.3","M1",1369,"CMC","NTWQM",1999-12-08 12:00:00,0.3,"ISM",2,"Water",NA,4.2,"MG/L",NA,NA,NA,2017-10-27 15:57:33,NA,2,NA,1,1,"S","PARTNTID",NA,NA,4,"sample does not have an associated bay program method code"
"693",999,"LRA","ALLARM.LT4","08/08/1999","12:00:00","TDS.1","M1",1331,"CMC","NTWQM",1999-08-08 12:00:00,0.3,"ISM",1,"Water",NA,160,"MG/L",NA,NA,NA,2017-10-27 15:56:55,NA,2,NA,1,1,"S","PARTNTID",NA,NA,4,"sample does not have an associated bay program method code"
"694",999,"LRA","ALLARM.LT1","04/08/1999","12:00:00","NO3N.3","M1",1288,"CMC","NTWQM",1999-04-08 12:00:00,0.3,"ISM",2,"Water",NA,4.4,"MG/L",NA,NA,NA,2017-10-27 15:56:18,NA,2,NA,1,1,"S","PARTNTID",NA,NA,4,"sample does not have an associated bay program method code"
"695",999,"LRA","ALLARM.LT10","05/08/1999","12:00:00","NO3N.3","M1",1307,"CMC","NTWQM",1999-05-08 12:00:00,0.3,"ISM",2,"Water",NA,4.2,"MG/L",NA,NA,NA,2017-10-27 15:56:35,NA,2,NA,1,1,"S","PARTNTID",NA,NA,4,"sample does not have an associated bay program method code"
"696",999,"LRA","ALLARM.LT4","09/08/1999","12:00:00","NO3N.3","M1",1341,"CMC","NTWQM",1999-09-08 12:00:00,0.3,"ISM",2,"Water",NA,4.6,"MG/L",NA,NA,NA,2017-10-27 15:57:04,NA,2,NA,1,1,"S","PARTNTID",NA,NA,4,"sample does not have an associated bay program method code"
"697",999,"LRA","ALLARM.LT10","05/08/1999","12:00:00","TDS.1","M1",1307,"CMC","NTWQM",1999-05-08 12:00:00,0.3,"ISM",1,"Water",NA,300,"MG/L",NA,NA,NA,2017-10-27 15:56:35,NA,2,NA,1,1,"S","PARTNTID",NA,NA,4,"sample does not have an associated bay program method code"
"698",999,"LRA","ALLARM.LT7","12/08/1999","12:00:00","TDS.1","M1",1374,"CMC","NTWQM",1999-12-08 12:00:00,0.3,"ISM",1,"Water",NA,400,"MG/L",NA,NA,NA,2017-10-27 15:57:39,NA,2,NA,1,1,"S","PARTNTID",NA,NA,4,"sample does not have an associated bay program method code"
"699",999,"LRA","ALLARM.LT3","01/08/1999","12:00:00","NO3N.3","M1",1260,"CMC","NTWQM",1999-01-08 12:00:00,0.3,"ISM",2,"Water",NA,4.2,"MG/L",NA,NA,NA,2017-10-27 15:55:58,NA,2,NA,1,1,"S","PARTNTID",NA,NA,4,"sample does not have an associated bay program method code"
"700",999,"LRA","ALLARM.LT6","05/08/1999","12:00:00","NO3N.3","M1",1303,"CMC","NTWQM",1999-05-08 12:00:00,0.3,"ISM",2,"Water",NA,4.2,"MG/L",NA,NA,NA,2017-10-27 15:56:31,NA,2,NA,1,1,"S","PARTNTID",NA,NA,4,"sample does not have an associated bay program method code"
"701",999,"LRA","ALLARM.LT10","06/08/1999","12:00:00","NO3N.3","M1",1317,"CMC","NTWQM",1999-06-08 12:00:00,0.3,"ISM",2,"Water",NA,5,"MG/L",NA,NA,NA,2017-10-27 15:56:43,NA,2,NA,1,1,"S","PARTNTID",NA,NA,4,"sample does not have an associated bay program method code"
"702",999,"LRA","ALLARM.LT6","05/08/1999","12:00:00","TDS.1","M1",1303,"CMC","NTWQM",1999-05-08 12:00:00,0.3,"ISM",1,"Water",NA,230,"MG/L",NA,NA,NA,2017-10-27 15:56:31,NA,2,NA,1,1,"S","PARTNTID",NA,NA,4,"sample does not have an associated bay program method code"
"703",999,"LRA","ALLARM.LT4","10/08/1999","12:00:00","NO3N.3","M1",1351,"CMC","NTWQM",1999-10-08 12:00:00,0.3,"ISM",2,"Water",NA,8.8,"MG/L",NA,NA,NA,2017-10-27 15:57:15,NA,2,NA,1,1,"S","PARTNTID",NA,NA,4,"sample does not have an associated bay program method code"
"704",999,"LRA","ALLARM.LT10","06/08/1999","12:00:00","TDS.1","M1",1317,"CMC","NTWQM",1999-06-08 12:00:00,0.3,"ISM",1,"Water",NA,190,"MG/L",NA,NA,NA,2017-10-27 15:56:43,NA,2,NA,1,1,"S","PARTNTID",NA,NA,4,"sample does not have an associated bay program method code"
"705",999,"LRA","ALLARM.LT3","02/08/1999","12:00:00","NO3N.3","M1",1270,"CMC","NTWQM",1999-02-08 12:00:00,0.3,"ISM",2,"Water",NA,4.2,"MG/L",NA,NA,NA,2017-10-27 15:56:05,NA,2,NA,1,1,"S","PARTNTID",NA,NA,4,"sample does not have an associated bay program method code"
"706",999,"LRA","ALLARM.LT4","10/08/1999","12:00:00","TDS.1","M1",1351,"CMC","NTWQM",1999-10-08 12:00:00,0.3,"ISM",1,"Water",NA,300,"MG/L",NA,NA,NA,2017-10-27 15:57:15,NA,2,NA,1,1,"S","PARTNTID",NA,NA,4,"sample does not have an associated bay program method code"
"707",999,"LRA","ALLARM.LT10","07/08/1999","12:00:00","NO3N.3","M1",1327,"CMC","NTWQM",1999-07-08 12:00:00,0.3,"ISM",2,"Water",NA,3.4,"MG/L",NA,NA,NA,2017-10-27 15:56:51,NA,2,NA,1,1,"S","PARTNTID",NA,NA,4,"sample does not have an associated bay program method code"
"708",999,"LRA","ALLARM.LT6","06/08/1999","12:00:00","TDS.1","M1",1313,"CMC","NTWQM",1999-06-08 12:00:00,0.3,"ISM",1,"Water",NA,180,"MG/L",NA,NA,NA,2017-10-27 15:56:39,NA,2,NA,1,1,"S","PARTNTID",NA,NA,4,"sample does not have an associated bay program method code"
"709",999,"LRA","ALLARM.LT5","05/08/1999","12:00:00","TDS.1","M1",1302,"CMC","NTWQM",1999-05-08 12:00:00,0.3,"ISM",1,"Water",NA,220,"MG/L",NA,NA,NA,2017-10-27 15:56:30,NA,2,NA,1,1,"S","PARTNTID",NA,NA,4,"sample does not have an associated bay program method code"
"710",999,"LRA","ALLARM.LT10","07/08/1999","12:00:00","TDS.1","M1",1327,"CMC","NTWQM",1999-07-08 12:00:00,0.3,"ISM",1,"Water",NA,180,"MG/L",NA,NA,NA,2017-10-27 15:56:51,NA,2,NA,1,1,"S","PARTNTID",NA,NA,4,"sample does not have an associated bay program method code"
"711",999,"LRA","ALLARM.LT6","07/08/1999","12:00:00","NO3N.3","M1",1323,"CMC","NTWQM",1999-07-08 12:00:00,0.3,"ISM",2,"Water",NA,4.4,"MG/L",NA,NA,NA,2017-10-27 15:56:48,NA,2,NA,1,1,"S","PARTNTID",NA,NA,4,"sample does not have an associated bay program method code"
"712",999,"LRA","ALLARM.LT4","11/08/1999","12:00:00","TDS.1","M1",1361,"CMC","NTWQM",1999-11-08 12:00:00,0.3,"ISM",1,"Water",NA,140,"MG/L",NA,NA,NA,2017-10-27 15:57:25,NA,2,NA,1,1,"S","PARTNTID",NA,NA,4,"sample does not have an associated bay program method code"
"713",999,"LRA","ALLARM.LT10","08/08/1999","12:00:00","NO3N.3","M1",1337,"CMC","NTWQM",1999-08-08 12:00:00,0.3,"ISM",2,"Water",NA,5,"MG/L",NA,NA,NA,2017-10-27 15:57:00,NA,2,NA,1,1,"S","PARTNTID",NA,NA,4,"sample does not have an associated bay program method code"
"714",999,"LRA","ALLARM.LT9","11/08/1999","12:00:00","NO3N.3","M1",1366,"CMC","NTWQM",1999-11-08 12:00:00,0.3,"ISM",2,"Water",NA,5,"MG/L",NA,NA,NA,2017-10-27 15:57:30,NA,2,NA,1,1,"S","PARTNTID",NA,NA,4,"sample does not have an associated bay program method code"
"715",999,"LRA","ALLARM.LT10","08/08/1999","12:00:00","TDS.1","M1",1337,"CMC","NTWQM",1999-08-08 12:00:00,0.3,"ISM",1,"Water",NA,130,"MG/L",NA,NA,NA,2017-10-27 15:57:00,NA,2,NA,1,1,"S","PARTNTID",NA,NA,4,"sample does not have an associated bay program method code"
"716",999,"LRA","ALLARM.LT3","04/08/1999","12:00:00","NO3N.3","M1",1290,"CMC","NTWQM",1999-04-08 12:00:00,0.3,"ISM",2,"Water",NA,4,"MG/L",NA,NA,NA,2017-10-27 15:56:20,NA,2,NA,1,1,"S","PARTNTID",NA,NA,4,"sample does not have an associated bay program method code"
"717",999,"LRA","ALLARM.LT9","11/08/1999","12:00:00","TDS.1","M1",1366,"CMC","NTWQM",1999-11-08 12:00:00,0.3,"ISM",1,"Water",NA,300,"MG/L",NA,NA,NA,2017-10-27 15:57:30,NA,2,NA,1,1,"S","PARTNTID",NA,NA,4,"sample does not have an associated bay program method code"
"718",999,"LRA","ALLARM.LT1","01/08/1999","12:00:00","NO3N.3","M1",1258,"CMC","NTWQM",1999-01-08 12:00:00,0.3,"ISM",2,"Water",NA,4.8,"MG/L",NA,NA,NA,2017-10-27 15:55:57,NA,2,NA,1,1,"S","PARTNTID",NA,NA,4,"sample does not have an associated bay program method code"
"719",999,"LRA","ALLARM.LT4","12/08/1999","12:00:00","TDS.1","M1",1371,"CMC","NTWQM",1999-12-08 12:00:00,0.3,"ISM",1,"Water",NA,80,"MG/L",NA,NA,NA,2017-10-27 15:57:35,NA,2,NA,1,1,"S","PARTNTID",NA,NA,4,"sample does not have an associated bay program method code"
"720",999,"LRA","ALLARM.LT1","01/08/1999","12:00:00","TDS.1","M1",1258,"CMC","NTWQM",1999-01-08 12:00:00,0.3,"ISM",1,"Water",NA,290,"MG/L",NA,NA,NA,2017-10-27 15:55:57,NA,2,NA,1,1,"S","PARTNTID",NA,NA,4,"sample does not have an associated bay program method code"
"721",999,"LRA","ALLARM.LT10","09/08/1999","12:00:00","TDS.1","M1",1347,"CMC","NTWQM",1999-09-08 12:00:00,0.3,"ISM",1,"Water",NA,140,"MG/L",NA,NA,NA,2017-10-27 15:57:11,NA,2,NA,1,1,"S","PARTNTID",NA,NA,4,"sample does not have an associated bay program method code"
"722",999,"LRA","ALLARM.LT3","05/08/1999","12:00:00","NO3N.3","M1",1300,"CMC","NTWQM",1999-05-08 12:00:00,0.3,"ISM",2,"Water",NA,4.6,"MG/L",NA,NA,NA,2017-10-27 15:56:29,NA,2,NA,1,1,"S","PARTNTID",NA,NA,4,"sample does not have an associated bay program method code"
"723",999,"LRA","ALLARM.LT5","01/08/1999","12:00:00","NO3N.3","M1",1262,"CMC","NTWQM",1999-01-08 12:00:00,0.3,"ISM",2,"Water",NA,5.2,"MG/L",NA,NA,NA,2017-10-27 15:55:59,NA,2,NA,1,1,"S","PARTNTID",NA,NA,4,"sample does not have an associated bay program method code"
"724",999,"LRA","ALLARM.LT1","02/08/1999","12:00:00","NO3N.3","M1",1268,"CMC","NTWQM",1999-02-08 12:00:00,0.3,"ISM",2,"Water",NA,4.2,"MG/L",NA,NA,NA,2017-10-27 15:56:03,NA,2,NA,1,1,"S","PARTNTID",NA,NA,4,"sample does not have an associated bay program method code"
"725",999,"LRA","ALLARM.LT10","10/08/1999","12:00:00","NO3N.3","M1",1357,"CMC","NTWQM",1999-10-08 12:00:00,0.3,"ISM",2,"Water",NA,4.6,"MG/L",NA,NA,NA,2017-10-27 15:57:21,NA,2,NA,1,1,"S","PARTNTID",NA,NA,4,"sample does not have an associated bay program method code"
"726",999,"LRA","ALLARM.LT1","09/08/1999","12:00:00","TDS.1","M1",1338,"CMC","NTWQM",1999-09-08 12:00:00,0.3,"ISM",1,"Water",NA,150,"MG/L",NA,NA,NA,2017-10-27 15:57:01,NA,2,NA,1,1,"S","PARTNTID",NA,NA,4,"sample does not have an associated bay program method code"
"727",999,"LRA","ALLARM.LT5","08/08/1999","12:00:00","TDS.1","M1",1332,"CMC","NTWQM",1999-08-08 12:00:00,0.3,"ISM",1,"Water",NA,130,"MG/L",NA,NA,NA,2017-10-27 15:56:56,NA,2,NA,1,1,"S","PARTNTID",NA,NA,4,"sample does not have an associated bay program method code"
"728",999,"LRA","ALLARM.LT10","10/08/1999","12:00:00","TDS.1","M1",1357,"CMC","NTWQM",1999-10-08 12:00:00,0.3,"ISM",1,"Water",NA,100,"MG/L",NA,NA,NA,2017-10-27 15:57:21,NA,2,NA,1,1,"S","PARTNTID",NA,NA,4,"sample does not have an associated bay program method code"
"729",999,"LRA","ALLARM.LT1","03/08/1999","12:00:00","NO3N.3","M1",1278,"CMC","NTWQM",1999-03-08 12:00:00,0.3,"ISM",2,"Water",NA,4.5,"MG/L",NA,NA,NA,2017-10-27 15:56:10,NA,2,NA,1,1,"S","PARTNTID",NA,NA,4,"sample does not have an associated bay program method code"
"730",999,"LRA","ALLARM.LT1","10/08/1999","12:00:00","NO3N.3","M1",1348,"CMC","NTWQM",1999-10-08 12:00:00,0.3,"ISM",2,"Water",NA,8.9,"MG/L",NA,NA,NA,2017-10-27 15:57:12,NA,2,NA,1,1,"S","PARTNTID",NA,NA,4,"sample does not have an associated bay program method code"
"731",999,"LRA","ALLARM.LT6","10/08/1999","12:00:00","TDS.1","M1",1353,"CMC","NTWQM",1999-10-08 12:00:00,0.3,"ISM",1,"Water",NA,300,"MG/L",NA,NA,NA,2017-10-27 15:57:17,NA,2,NA,1,1,"S","PARTNTID",NA,NA,4,"sample does not have an associated bay program method code"
"732",999,"LRA","ALLARM.LT10","11/08/1999","12:00:00","NO3N.3","M1",1367,"CMC","NTWQM",1999-11-08 12:00:00,0.3,"ISM",2,"Water",NA,5.2,"MG/L",NA,NA,NA,2017-10-27 15:57:31,NA,2,NA,1,1,"S","PARTNTID",NA,NA,4,"sample does not have an associated bay program method code"
"733",999,"LRA","ALLARM.LT3","07/08/1999","12:00:00","NO3N.3","M1",1320,"CMC","NTWQM",1999-07-08 12:00:00,0.3,"ISM",2,"Water",NA,4.2,"MG/L",NA,NA,NA,2017-10-27 15:56:45,NA,2,NA,1,1,"S","PARTNTID",NA,NA,4,"sample does not have an associated bay program method code"
"734",999,"LRA","ALLARM.LT7","05/08/1999","12:00:00","TDS.1","M1",1304,"CMC","NTWQM",1999-05-08 12:00:00,0.3,"ISM",1,"Water",NA,250,"MG/L",NA,NA,NA,2017-10-27 15:56:32,NA,2,NA,1,1,"S","PARTNTID",NA,NA,4,"sample does not have an associated bay program method code"
"735",999,"LRA","ALLARM.LT10","11/08/1999","12:00:00","TDS.1","M1",1367,"CMC","NTWQM",1999-11-08 12:00:00,0.3,"ISM",1,"Water",NA,500,"MG/L",NA,NA,NA,2017-10-27 15:57:31,NA,2,NA,1,1,"S","PARTNTID",NA,NA,4,"sample does not have an associated bay program method code"
"736",999,"LRA","ALLARM.LT1","04/08/1999","12:00:00","TDS.1","M1",1288,"CMC","NTWQM",1999-04-08 12:00:00,0.3,"ISM",1,"Water",NA,260,"MG/L",NA,NA,NA,2017-10-27 15:56:18,NA,2,NA,1,1,"S","PARTNTID",NA,NA,4,"sample does not have an associated bay program method code"
"737",999,"LRA","ALLARM.LT6","11/08/1999","12:00:00","TDS.1","M1",1363,"CMC","NTWQM",1999-11-08 12:00:00,0.3,"ISM",1,"Water",NA,300,"MG/L",NA,NA,NA,2017-10-27 15:57:27,NA,2,NA,1,1,"S","PARTNTID",NA,NA,4,"sample does not have an associated bay program method code"
"738",999,"LRA","ALLARM.LT2","06/08/1999","12:00:00","TDS.1","M1",1309,"CMC","NTWQM",1999-06-08 12:00:00,0.3,"ISM",1,"Water",NA,150,"MG/L",NA,NA,NA,2017-10-27 15:56:36,NA,2,NA,1,1,"S","PARTNTID",NA,NA,4,"sample does not have an associated bay program method code"
"739",999,"LRA","ALLARM.LT10","12/08/1999","12:00:00","NO3N.3","M1",1377,"CMC","NTWQM",1999-12-08 12:00:00,0.3,"ISM",2,"Water",NA,2.2,"MG/L",NA,NA,NA,2017-10-27 15:57:42,NA,2,NA,1,1,"S","PARTNTID",NA,NA,4,"sample does not have an associated bay program method code"
"740",999,"LRA","ALLARM.LT1","05/08/1999","12:00:00","NO3N.3","M1",1298,"CMC","NTWQM",1999-05-08 12:00:00,0.3,"ISM",2,"Water",NA,4,"MG/L",NA,NA,NA,2017-10-27 15:56:27,NA,2,NA,1,1,"S","PARTNTID",NA,NA,4,"sample does not have an associated bay program method code"
"741",999,"LRA","ALLARM.LT6","12/08/1999","12:00:00","NO3N.3","M1",1373,"CMC","NTWQM",1999-12-08 12:00:00,0.3,"ISM",2,"Water",NA,2.3,"MG/L",NA,NA,NA,2017-10-27 15:57:38,NA,2,NA,1,1,"S","PARTNTID",NA,NA,4,"sample does not have an associated bay program method code"
"742",999,"LRA","ALLARM.LT1","05/08/1999","12:00:00","TDS.1","M1",1298,"CMC","NTWQM",1999-05-08 12:00:00,0.3,"ISM",1,"Water",NA,200,"MG/L",NA,NA,NA,2017-10-27 15:56:27,NA,2,NA,1,1,"S","PARTNTID",NA,NA,4,"sample does not have an associated bay program method code"
"743",999,"LRA","ALLARM.LT2","07/08/1999","12:00:00","TDS.1","M1",1319,"CMC","NTWQM",1999-07-08 12:00:00,0.3,"ISM",1,"Water",NA,150,"MG/L",NA,NA,NA,2017-10-27 15:56:44,NA,2,NA,1,1,"S","PARTNTID",NA,NA,4,"sample does not have an associated bay program method code"
"744",999,"LRA","ALLARM.LT6","12/08/1999","12:00:00","TDS.1","M1",1373,"CMC","NTWQM",1999-12-08 12:00:00,0.3,"ISM",1,"Water",NA,500,"MG/L",NA,NA,NA,2017-10-27 15:57:38,NA,2,NA,1,1,"S","PARTNTID",NA,NA,4,"sample does not have an associated bay program method code"
"745",999,"LRA","ALLARM.LT3","09/08/1999","12:00:00","NO3N.3","M1",1340,"CMC","NTWQM",1999-09-08 12:00:00,0.3,"ISM",2,"Water",NA,4.5,"MG/L",NA,NA,NA,2017-10-27 15:57:03,NA,2,NA,1,1,"S","PARTNTID",NA,NA,4,"sample does not have an associated bay program method code"
"746",999,"LRA","ALLARM.LT1","06/08/1999","12:00:00","NO3N.3","M1",1308,"CMC","NTWQM",1999-06-08 12:00:00,0.3,"ISM",2,"Water",NA,3.8,"MG/L",NA,NA,NA,2017-10-27 15:56:36,NA,2,NA,1,1,"S","PARTNTID",NA,NA,4,"sample does not have an associated bay program method code"
"747",999,"LRA","ALLARM.LT8","09/08/1999","12:00:00","NO3N.3","M1",1345,"CMC","NTWQM",1999-09-08 12:00:00,0.3,"ISM",2,"Water",NA,2.8,"MG/L",NA,NA,NA,2017-10-27 15:57:08,NA,2,NA,1,1,"S","PARTNTID",NA,NA,4,"sample does not have an associated bay program method code"
"748",999,"LRA","ALLARM.LT1","06/08/1999","12:00:00","TDS.1","M1",1308,"CMC","NTWQM",1999-06-08 12:00:00,0.3,"ISM",1,"Water",NA,160,"MG/L",NA,NA,NA,2017-10-27 15:56:36,NA,2,NA,1,1,"S","PARTNTID",NA,NA,4,"sample does not have an associated bay program method code"
"749",999,"LRA","ALLARM.LT2","08/08/1999","12:00:00","TDS.1","M1",1329,"CMC","NTWQM",1999-08-08 12:00:00,0.3,"ISM",1,"Water",NA,150,"MG/L",NA,NA,NA,2017-10-27 15:56:53,NA,2,NA,1,1,"S","PARTNTID",NA,NA,4,"sample does not have an associated bay program method code"
"750",999,"LRA","ALLARM.LT8","09/08/1999","12:00:00","TDS.1","M1",1345,"CMC","NTWQM",1999-09-08 12:00:00,0.3,"ISM",1,"Water",NA,70,"MG/L",NA,NA,NA,2017-10-27 15:57:08,NA,2,NA,1,1,"S","PARTNTID",NA,NA,4,"sample does not have an associated bay program method code"
"751",999,"LRA","ALLARM.LT1","07/08/1999","12:00:00","NO3N.3","M1",1318,"CMC","NTWQM",1999-07-08 12:00:00,0.3,"ISM",2,"Water",NA,3.9,"MG/L",NA,NA,NA,2017-10-27 15:56:43,NA,2,NA,1,1,"S","PARTNTID",NA,NA,4,"sample does not have an associated bay program method code"
"752",999,"LRA","ALLARM.LT2","02/08/1999","12:00:00","NO3N.3","M1",1269,"CMC","NTWQM",1999-02-08 12:00:00,0.3,"ISM",2,"Water",NA,4.2,"MG/L",NA,NA,NA,2017-10-27 15:56:04,NA,2,NA,1,1,"S","PARTNTID",NA,NA,4,"sample does not have an associated bay program method code"
"753",999,"LRA","ALLARM.LT5","06/08/1999","12:00:00","NO3N.3","M1",1312,"CMC","NTWQM",1999-06-08 12:00:00,0.3,"ISM",2,"Water",NA,4.1,"MG/L",NA,NA,NA,2017-10-27 15:56:39,NA,2,NA,1,1,"S","PARTNTID",NA,NA,4,"sample does not have an associated bay program method code"
"754",999,"LRA","ALLARM.LT1","07/08/1999","12:00:00","TDS.1","M1",1318,"CMC","NTWQM",1999-07-08 12:00:00,0.3,"ISM",1,"Water",NA,160,"MG/L",NA,NA,NA,2017-10-27 15:56:43,NA,2,NA,1,1,"S","PARTNTID",NA,NA,4,"sample does not have an associated bay program method code"
"755",999,"LRA","ALLARM.LT3","10/08/1999","12:00:00","TDS.1","M1",1350,"CMC","NTWQM",1999-10-08 12:00:00,0.3,"ISM",1,"Water",NA,130,"MG/L",NA,NA,NA,2017-10-27 15:57:14,NA,2,NA,1,1,"S","PARTNTID",NA,NA,4,"sample does not have an associated bay program method code"
"756",999,"LRA","ALLARM.LT4","05/08/1999","12:00:00","NO3N.3","M1",1301,"CMC","NTWQM",1999-05-08 12:00:00,0.3,"ISM",2,"Water",NA,4.2,"MG/L",NA,NA,NA,2017-10-27 15:56:29,NA,2,NA,1,1,"S","PARTNTID",NA,NA,4,"sample does not have an associated bay program method code"
"757",999,"LRA","ALLARM.LT1","08/08/1999","12:00:00","NO3N.3","M1",1328,"CMC","NTWQM",1999-08-08 12:00:00,0.3,"ISM",2,"Water",NA,6,"MG/L",NA,NA,NA,2017-10-27 15:56:52,NA,2,NA,1,1,"S","PARTNTID",NA,NA,4,"sample does not have an associated bay program method code"
"758",999,"LRA","ALLARM.LT2","03/08/1999","12:00:00","NO3N.3","M1",1279,"CMC","NTWQM",1999-03-08 12:00:00,0.3,"ISM",2,"Water",NA,4.5,"MG/L",NA,NA,NA,2017-10-27 15:56:11,NA,2,NA,1,1,"S","PARTNTID",NA,NA,4,"sample does not have an associated bay program method code"
"759",999,"LRA","ALLARM.LT3","11/08/1999","12:00:00","NO3N.3","M1",1360,"CMC","NTWQM",1999-11-08 12:00:00,0.3,"ISM",2,"Water",NA,6.6,"MG/L",NA,NA,NA,2017-10-27 15:57:24,NA,2,NA,1,1,"S","PARTNTID",NA,NA,4,"sample does not have an associated bay program method code"
"760",999,"LRA","ALLARM.LT1","08/08/1999","12:00:00","TDS.1","M1",1328,"CMC","NTWQM",1999-08-08 12:00:00,0.3,"ISM",1,"Water",NA,160,"MG/L",NA,NA,NA,2017-10-27 15:56:52,NA,2,NA,1,1,"S","PARTNTID",NA,NA,4,"sample does not have an associated bay program method code"
"761",999,"LRA","ALLARM.LT5","07/08/1999","12:00:00","TDS.1","M1",1322,"CMC","NTWQM",1999-07-08 12:00:00,0.3,"ISM",1,"Water",NA,140,"MG/L",NA,NA,NA,2017-10-27 15:56:47,NA,2,NA,1,1,"S","PARTNTID",NA,NA,4,"sample does not have an associated bay program method code"
"762",999,"LRA","ALLARM.LT3","11/08/1999","12:00:00","TDS.1","M1",1360,"CMC","NTWQM",1999-11-08 12:00:00,0.3,"ISM",1,"Water",NA,100,"MG/L",NA,NA,NA,2017-10-27 15:57:24,NA,2,NA,1,1,"S","PARTNTID",NA,NA,4,"sample does not have an associated bay program method code"
"763",999,"LRA","ALLARM.LT1","09/08/1999","12:00:00","NO3N.3","M1",1338,"CMC","NTWQM",1999-09-08 12:00:00,0.3,"ISM",2,"Water",NA,6,"MG/L",NA,NA,NA,2017-10-27 15:57:01,NA,2,NA,1,1,"S","PARTNTID",NA,NA,4,"sample does not have an associated bay program method code"
"764",999,"LRA","ALLARM.LT2","04/08/1999","12:00:00","NO3N.3","M1",1289,"CMC","NTWQM",1999-04-08 12:00:00,0.3,"ISM",2,"Water",NA,4.4,"MG/L",NA,NA,NA,2017-10-27 15:56:19,NA,2,NA,1,1,"S","PARTNTID",NA,NA,4,"sample does not have an associated bay program method code"
"765",999,"LRA","ALLARM.LT7","04/08/1999","12:00:00","NO3N.3","M1",1294,"CMC","NTWQM",1999-04-08 12:00:00,0.3,"ISM",2,"Water",NA,4.6,"MG/L",NA,NA,NA,2017-10-27 15:56:23,NA,2,NA,1,1,"S","PARTNTID",NA,NA,4,"sample does not have an associated bay program method code"
"766",999,"LRA","ALLARM.LT5","01/08/1999","12:00:00","TDS.1","M1",1262,"CMC","NTWQM",1999-01-08 12:00:00,0.3,"ISM",1,"Water",NA,340,"MG/L",NA,NA,NA,2017-10-27 15:55:59,NA,2,NA,1,1,"S","PARTNTID",NA,NA,4,"sample does not have an associated bay program method code"
"767",999,"LRA","ALLARM.LT9","06/08/1999","12:00:00","TDS.1","M1",1316,"CMC","NTWQM",1999-06-08 12:00:00,0.3,"ISM",1,"Water",NA,190,"MG/L",NA,NA,NA,2017-10-27 15:56:42,NA,2,NA,1,1,"S","PARTNTID",NA,NA,4,"sample does not have an associated bay program method code"
"768",999,"LRA","ALLARM.LT7","04/08/1999","12:00:00","TDS.1","M1",1294,"CMC","NTWQM",1999-04-08 12:00:00,0.3,"ISM",1,"Water",NA,350,"MG/L",NA,NA,NA,2017-10-27 15:56:23,NA,2,NA,1,1,"S","PARTNTID",NA,NA,4,"sample does not have an associated bay program method code"
"769",999,"LRA","ALLARM.LT3","12/08/1999","12:00:00","TDS.1","M1",1370,"CMC","NTWQM",1999-12-08 12:00:00,0.3,"ISM",1,"Water",NA,130,"MG/L",NA,NA,NA,2017-10-27 15:57:34,NA,2,NA,1,1,"S","PARTNTID",NA,NA,4,"sample does not have an associated bay program method code"
"770",999,"LRA","ALLARM.LT5","02/08/1999","12:00:00","NO3N.3","M1",1272,"CMC","NTWQM",1999-02-08 12:00:00,0.3,"ISM",2,"Water",NA,4.6,"MG/L",NA,NA,NA,2017-10-27 15:56:06,NA,2,NA,1,1,"S","PARTNTID",NA,NA,4,"sample does not have an associated bay program method code"
"771",999,"LRA","ALLARM.LT8","12/08/1999","12:00:00","TDS.1","M1",1375,"CMC","NTWQM",1999-12-08 12:00:00,0.3,"ISM",1,"Water",NA,300,"MG/L",NA,NA,NA,2017-10-27 15:57:40,NA,2,NA,1,1,"S","PARTNTID",NA,NA,4,"sample does not have an associated bay program method code"
"772",999,"LRA","ALLARM.LT2","05/08/1999","12:00:00","TDS.1","M1",1299,"CMC","NTWQM",1999-05-08 12:00:00,0.3,"ISM",1,"Water",NA,200,"MG/L",NA,NA,NA,2017-10-27 15:56:28,NA,2,NA,1,1,"S","PARTNTID",NA,NA,4,"sample does not have an associated bay program method code"
"773",999,"LRA","ALLARM.LT1","10/08/1999","12:00:00","TDS.1","M1",1348,"CMC","NTWQM",1999-10-08 12:00:00,0.3,"ISM",1,"Water",NA,170,"MG/L",NA,NA,NA,2017-10-27 15:57:12,NA,2,NA,1,1,"S","PARTNTID",NA,NA,4,"sample does not have an associated bay program method code"
"774",999,"LRA","ALLARM.LT6","04/08/1999","12:00:00","NO3N.3","M1",1293,"CMC","NTWQM",1999-04-08 12:00:00,0.3,"ISM",2,"Water",NA,4.4,"MG/L",NA,NA,NA,2017-10-27 15:56:22,NA,2,NA,1,1,"S","PARTNTID",NA,NA,4,"sample does not have an associated bay program method code"
"775",999,"LRA","ALLARM.LT9","01/08/1999","12:00:00","NO3N.3","M1",1266,"CMC","NTWQM",1999-01-08 12:00:00,0.3,"ISM",2,"Water",NA,5.4,"MG/L",NA,NA,NA,2017-10-27 15:56:02,NA,2,NA,1,1,"S","PARTNTID",NA,NA,4,"sample does not have an associated bay program method code"
"776",999,"LRA","ALLARM.LT2","06/08/1999","12:00:00","NO3N.3","M1",1309,"CMC","NTWQM",1999-06-08 12:00:00,0.3,"ISM",2,"Water",NA,4.7,"MG/L",NA,NA,NA,2017-10-27 15:56:36,NA,2,NA,1,1,"S","PARTNTID",NA,NA,4,"sample does not have an associated bay program method code"
"777",999,"LRA","ALLARM.LT1","11/08/1999","12:00:00","NO3N.3","M1",1358,"CMC","NTWQM",1999-11-08 12:00:00,0.3,"ISM",2,"Water",NA,6.5,"MG/L",NA,NA,NA,2017-10-27 15:57:22,NA,2,NA,1,1,"S","PARTNTID",NA,NA,4,"sample does not have an associated bay program method code"
"778",999,"LRA","ALLARM.LT9","08/08/1999","12:00:00","TDS.1","M1",1336,"CMC","NTWQM",1999-08-08 12:00:00,0.3,"ISM",1,"Water",NA,120,"MG/L",NA,NA,NA,2017-10-27 15:57:00,NA,2,NA,1,1,"S","PARTNTID",NA,NA,4,"sample does not have an associated bay program method code"
"779",999,"LRA","ALLARM.LT7","06/08/1999","12:00:00","NO3N.3","M1",1314,"CMC","NTWQM",1999-06-08 12:00:00,0.3,"ISM",2,"Water",NA,4.72,"MG/L",NA,NA,NA,2017-10-27 15:56:40,NA,2,NA,1,1,"S","PARTNTID",NA,NA,4,"sample does not have an associated bay program method code"
"780",999,"LRA","ALLARM.LT1","11/08/1999","12:00:00","TDS.1","M1",1358,"CMC","NTWQM",1999-11-08 12:00:00,0.3,"ISM",1,"Water",NA,160,"MG/L",NA,NA,NA,2017-10-27 15:57:22,NA,2,NA,1,1,"S","PARTNTID",NA,NA,4,"sample does not have an associated bay program method code"
"781",999,"LRA","ALLARM.LT2","07/08/1999","12:00:00","NO3N.3","M1",1319,"CMC","NTWQM",1999-07-08 12:00:00,0.3,"ISM",2,"Water",NA,4.8,"MG/L",NA,NA,NA,2017-10-27 15:56:44,NA,2,NA,1,1,"S","PARTNTID",NA,NA,4,"sample does not have an associated bay program method code"
"782",999,"LRA","ALLARM.LT3","01/08/1999","12:00:00","TDS.1","M1",1260,"CMC","NTWQM",1999-01-08 12:00:00,0.3,"ISM",1,"Water",NA,280,"MG/L",NA,NA,NA,2017-10-27 15:55:58,NA,2,NA,1,1,"S","PARTNTID",NA,NA,4,"sample does not have an associated bay program method code"
"783",999,"LRA","ALLARM.LT8","01/08/1999","12:00:00","NO3N.3","M1",1265,"CMC","NTWQM",1999-01-08 12:00:00,0.3,"ISM",2,"Water",NA,5.8,"MG/L",NA,NA,NA,2017-10-27 15:56:01,NA,2,NA,1,1,"S","PARTNTID",NA,NA,4,"sample does not have an associated bay program method code"
"784",999,"LRA","ALLARM.LT1","12/08/1999","12:00:00","NO3N.3","M1",1368,"CMC","NTWQM",1999-12-08 12:00:00,0.3,"ISM",2,"Water",NA,4.2,"MG/L",NA,NA,NA,2017-10-27 15:57:32,NA,2,NA,1,1,"S","PARTNTID",NA,NA,4,"sample does not have an associated bay program method code"
"785",999,"LRA","ALLARM.LT4","03/08/1999","12:00:00","NO3N.3","M1",1281,"CMC","NTWQM",1999-03-08 12:00:00,0.3,"ISM",2,"Water",NA,4.5,"MG/L",NA,NA,NA,2017-10-27 15:56:13,NA,2,NA,1,1,"S","PARTNTID",NA,NA,4,"sample does not have an associated bay program method code"
"786",999,"LRA","ALLARM.LT2","08/08/1999","12:00:00","NO3N.3","M1",1329,"CMC","NTWQM",1999-08-08 12:00:00,0.3,"ISM",2,"Water",NA,7.6,"MG/L",NA,NA,NA,2017-10-27 15:56:53,NA,2,NA,1,1,"S","PARTNTID",NA,NA,4,"sample does not have an associated bay program method code"
"787",999,"LRA","ALLARM.LT1","12/08/1999","12:00:00","TDS.1","M1",1368,"CMC","NTWQM",1999-12-08 12:00:00,0.3,"ISM",1,"Water",NA,160,"MG/L",NA,NA,NA,2017-10-27 15:57:32,NA,2,NA,1,1,"S","PARTNTID",NA,NA,4,"sample does not have an associated bay program method code"
"788",999,"LRA","ALLARM.LT8","02/08/1999","12:00:00","NO3N.3","M1",1275,"CMC","NTWQM",1999-02-08 12:00:00,0.3,"ISM",2,"Water",NA,5,"MG/L",NA,NA,NA,2017-10-27 15:56:08,NA,2,NA,1,1,"S","PARTNTID",NA,NA,4,"sample does not have an associated bay program method code"
"789",999,"LRA","ALLARM.LT2","01/08/1999","12:00:00","TDS.1","M1",1259,"CMC","NTWQM",1999-01-08 12:00:00,0.3,"ISM",1,"Water",NA,300,"MG/L",NA,NA,NA,2017-10-27 15:55:57,NA,2,NA,1,1,"S","PARTNTID",NA,NA,4,"sample does not have an associated bay program method code"
"790",999,"LRA","ALLARM.LT4","04/08/1999","12:00:00","NO3N.3","M1",1291,"CMC","NTWQM",1999-04-08 12:00:00,0.3,"ISM",2,"Water",NA,4,"MG/L",NA,NA,NA,2017-10-27 15:56:21,NA,2,NA,1,1,"S","PARTNTID",NA,NA,4,"sample does not have an associated bay program method code"
"791",999,"LRA","ALLARM.LT10","01/08/1999","12:00:00","NO3N.3","M1",1267,"CMC","NTWQM",1999-01-08 12:00:00,0.3,"ISM",2,"Water",NA,5.2,"MG/L",NA,NA,NA,2017-10-27 15:56:03,NA,2,NA,1,1,"S","PARTNTID",NA,NA,4,"sample does not have an associated bay program method code"
"792",999,"LRA","ALLARM.LT2","09/08/1999","12:00:00","NO3N.3","M1",1339,"CMC","NTWQM",1999-09-08 12:00:00,0.3,"ISM",2,"Water",NA,5.05,"MG/L",NA,NA,NA,2017-10-27 15:57:02,NA,2,NA,1,1,"S","PARTNTID",NA,NA,4,"sample does not have an associated bay program method code"
"793",999,"LRA","ALLARM.LT3","10/08/1999","12:00:00","NO3N.3","M1",1350,"CMC","NTWQM",1999-10-08 12:00:00,0.3,"ISM",2,"Water",NA,6.9,"MG/L",NA,NA,NA,2017-10-27 15:57:14,NA,2,NA,1,1,"S","PARTNTID",NA,NA,4,"sample does not have an associated bay program method code"
"794",999,"LRA","ALLARM.LT5","12/08/1999","12:00:00","TDS.1","M1",1372,"CMC","NTWQM",1999-12-08 12:00:00,0.3,"ISM",1,"Water",NA,110,"MG/L",NA,NA,NA,2017-10-27 15:57:36,NA,2,NA,1,1,"S","PARTNTID",NA,NA,4,"sample does not have an associated bay program method code"
"795",999,"LRA","ALLARM.LT2","09/08/1999","12:00:00","TDS.1","M1",1339,"CMC","NTWQM",1999-09-08 12:00:00,0.3,"ISM",1,"Water",NA,600,"MG/L",NA,NA,NA,2017-10-27 15:57:02,NA,2,NA,1,1,"S","PARTNTID",NA,NA,4,"sample does not have an associated bay program method code"
"796",999,"LRA","ALLARM.LT5","06/08/1999","12:00:00","TDS.1","M1",1312,"CMC","NTWQM",1999-06-08 12:00:00,0.3,"ISM",1,"Water",NA,160,"MG/L",NA,NA,NA,2017-10-27 15:56:39,NA,2,NA,1,1,"S","PARTNTID",NA,NA,4,"sample does not have an associated bay program method code"
"797",999,"LRA","ALLARM.LT10","02/08/1999","12:00:00","NO3N.3","M1",1277,"CMC","NTWQM",1999-02-08 12:00:00,0.3,"ISM",2,"Water",NA,4.8,"MG/L",NA,NA,NA,2017-10-27 15:56:10,NA,2,NA,1,1,"S","PARTNTID",NA,NA,4,"sample does not have an associated bay program method code"
"798",999,"LRA","ALLARM.LT4","05/08/1999","12:00:00","TDS.1","M1",1301,"CMC","NTWQM",1999-05-08 12:00:00,0.3,"ISM",1,"Water",NA,210,"MG/L",NA,NA,NA,2017-10-27 15:56:29,NA,2,NA,1,1,"S","PARTNTID",NA,NA,4,"sample does not have an associated bay program method code"
"799",999,"LRA","ALLARM.LT2","10/08/1999","12:00:00","NO3N.3","M1",1349,"CMC","NTWQM",1999-10-08 12:00:00,0.3,"ISM",2,"Water",NA,10,"MG/L",NA,NA,NA,2017-10-27 15:57:13,NA,2,NA,1,1,"S","PARTNTID",NA,NA,4,"sample does not have an associated bay program method code"
"800",999,"LRA","ALLARM.LT6","08/08/1999","12:00:00","TDS.1","M1",1333,"CMC","NTWQM",1999-08-08 12:00:00,0.3,"ISM",1,"Water",NA,150,"MG/L",NA,NA,NA,2017-10-27 15:56:57,NA,2,NA,1,1,"S","PARTNTID",NA,NA,4,"sample does not have an associated bay program method code"
"801",999,"LRA","ALLARM.LT8","04/08/1999","12:00:00","NO3N.3","M1",1295,"CMC","NTWQM",1999-04-08 12:00:00,0.3,"ISM",2,"Water",NA,5.4,"MG/L",NA,NA,NA,2017-10-27 15:56:24,NA,2,NA,1,1,"S","PARTNTID",NA,NA,4,"sample does not have an associated bay program method code"
"802",999,"LRA","ALLARM.LT4","06/08/1999","12:00:00","NO3N.3","M1",1311,"CMC","NTWQM",1999-06-08 12:00:00,0.3,"ISM",2,"Water",NA,5.1,"MG/L",NA,NA,NA,2017-10-27 15:56:38,NA,2,NA,1,1,"S","PARTNTID",NA,NA,4,"sample does not have an associated bay program method code"
"803",999,"LRA","ALLARM.LT6","02/08/1999","12:00:00","NO3N.3","M1",1273,"CMC","NTWQM",1999-02-08 12:00:00,0.3,"ISM",2,"Water",NA,4.6,"MG/L",NA,NA,NA,2017-10-27 15:56:07,NA,2,NA,1,1,"S","PARTNTID",NA,NA,4,"sample does not have an associated bay program method code"
"804",999,"LRA","ALLARM.LT6","04/08/1999","12:00:00","TDS.1","M1",1293,"CMC","NTWQM",1999-04-08 12:00:00,0.3,"ISM",1,"Water",NA,380,"MG/L",NA,NA,NA,2017-10-27 15:56:22,NA,2,NA,1,1,"S","PARTNTID",NA,NA,4,"sample does not have an associated bay program method code"
"805",999,"LRA","ALLARM.LT9","06/08/1999","12:00:00","NO3N.3","M1",1316,"CMC","NTWQM",1999-06-08 12:00:00,0.3,"ISM",2,"Water",NA,5.6,"MG/L",NA,NA,NA,2017-10-27 15:56:42,NA,2,NA,1,1,"S","PARTNTID",NA,NA,4,"sample does not have an associated bay program method code"
"806",999,"LRA","ALLARM.LT9","12/08/1999","12:00:00","TDS.1","M1",1376,"CMC","NTWQM",1999-12-08 12:00:00,0.3,"ISM",1,"Water",NA,300,"MG/L",NA,NA,NA,2017-10-27 15:57:41,NA,2,NA,1,1,"S","PARTNTID",NA,NA,4,"sample does not have an associated bay program method code"
"807",999,"LRA","ALLARM.LT2","04/08/1999","12:00:00","TDS.1","M1",1289,"CMC","NTWQM",1999-04-08 12:00:00,0.3,"ISM",1,"Water",NA,270,"MG/L",NA,NA,NA,2017-10-27 15:56:19,NA,2,NA,1,1,"S","PARTNTID",NA,NA,4,"sample does not have an associated bay program method code"
"808",999,"LRA","ALLARM.LT3","12/08/1999","12:00:00","NO3N.3","M1",1370,"CMC","NTWQM",1999-12-08 12:00:00,0.3,"ISM",2,"Water",NA,4.3,"MG/L",NA,NA,NA,2017-10-27 15:57:34,NA,2,NA,1,1,"S","PARTNTID",NA,NA,4,"sample does not have an associated bay program method code"
"809",999,"LRA","ALLARM.LT2","11/08/1999","12:00:00","TDS.1","M1",1359,"CMC","NTWQM",1999-11-08 12:00:00,0.3,"ISM",1,"Water",NA,170,"MG/L",NA,NA,NA,2017-10-27 15:57:23,NA,2,NA,1,1,"S","PARTNTID",NA,NA,4,"sample does not have an associated bay program method code"
"810",999,"LRA","ALLARM.LT4","07/08/1999","12:00:00","TDS.1","M1",1321,"CMC","NTWQM",1999-07-08 12:00:00,0.3,"ISM",1,"Water",NA,170,"MG/L",NA,NA,NA,2017-10-27 15:56:46,NA,2,NA,1,1,"S","PARTNTID",NA,NA,4,"sample does not have an associated bay program method code"
"811",999,"LRA","ALLARM.LT2","05/08/1999","12:00:00","NO3N.3","M1",1299,"CMC","NTWQM",1999-05-08 12:00:00,0.3,"ISM",2,"Water",NA,4.2,"MG/L",NA,NA,NA,2017-10-27 15:56:28,NA,2,NA,1,1,"S","PARTNTID",NA,NA,4,"sample does not have an associated bay program method code"
"812",999,"LRA","ALLARM.LT4","08/08/1999","12:00:00","NO3N.3","M1",1331,"CMC","NTWQM",1999-08-08 12:00:00,0.3,"ISM",2,"Water",NA,4.8,"MG/L",NA,NA,NA,2017-10-27 15:56:55,NA,2,NA,1,1,"S","PARTNTID",NA,NA,4,"sample does not have an associated bay program method code"
"813",999,"LRA","ALLARM.LT9","07/08/1999","12:00:00","TDS.1","M1",1326,"CMC","NTWQM",1999-07-08 12:00:00,0.3,"ISM",1,"Water",NA,200,"MG/L",NA,NA,NA,2017-10-27 15:56:50,NA,2,NA,1,1,"S","PARTNTID",NA,NA,4,"sample does not have an associated bay program method code"
"814",999,"LRA","ALLARM.LT4","01/08/1999","12:00:00","NO3N.3","M1",1261,"CMC","NTWQM",1999-01-08 12:00:00,0.3,"ISM",2,"Water",NA,4.6,"MG/L",NA,NA,NA,2017-10-27 15:55:58,NA,2,NA,1,1,"S","PARTNTID",NA,NA,4,"sample does not have an associated bay program method code"
"815",999,"LRA","ALLARM.LT5","03/08/1999","12:00:00","NO3N.3","M1",1282,"CMC","NTWQM",1999-03-08 12:00:00,0.3,"ISM",2,"Water",NA,4.4,"MG/L",NA,NA,NA,2017-10-27 15:56:13,NA,2,NA,1,1,"S","PARTNTID",NA,NA,4,"sample does not have an associated bay program method code"
"816",999,"LRA","ALLARM.LT2","12/08/1999","12:00:00","TDS.1","M1",1369,"CMC","NTWQM",1999-12-08 12:00:00,0.3,"ISM",1,"Water",NA,150,"MG/L",NA,NA,NA,2017-10-27 15:57:33,NA,2,NA,1,1,"S","PARTNTID",NA,NA,4,"sample does not have an associated bay program method code"
"817",999,"LRA","ALLARM.LT7","08/08/1999","12:00:00","NO3N.3","M1",1334,"CMC","NTWQM",1999-08-08 12:00:00,0.3,"ISM",2,"Water",NA,5.8,"MG/L",NA,NA,NA,2017-10-27 15:56:58,NA,2,NA,1,1,"S","PARTNTID",NA,NA,4,"sample does not have an associated bay program method code"
"818",999,"LRA","ALLARM.LT8","07/08/1999","12:00:00","NO3N.3","M1",1325,"CMC","NTWQM",1999-07-08 12:00:00,0.3,"ISM",2,"Water",NA,3.2,"MG/L",NA,NA,NA,2017-10-27 15:56:50,NA,2,NA,1,1,"S","PARTNTID",NA,NA,4,"sample does not have an associated bay program method code"
"819",999,"LRA","ALLARM.LT5","12/08/1999","12:00:00","NO3N.3","M1",1372,"CMC","NTWQM",1999-12-08 12:00:00,0.3,"ISM",2,"Water",NA,4.2,"MG/L",NA,NA,NA,2017-10-27 15:57:36,NA,2,NA,1,1,"S","PARTNTID",NA,NA,4,"sample does not have an associated bay program method code"
"820",999,"LRA","ALLARM.LT4","09/08/1999","12:00:00","TDS.1","M1",1341,"CMC","NTWQM",1999-09-08 12:00:00,0.3,"ISM",1,"Water",NA,180,"MG/L",NA,NA,NA,2017-10-27 15:57:04,NA,2,NA,1,1,"S","PARTNTID",NA,NA,4,"sample does not have an associated bay program method code"
"821",999,"LRA","ALLARM.LT9","09/08/1999","12:00:00","NO3N.3","M1",1346,"CMC","NTWQM",1999-09-08 12:00:00,0.3,"ISM",2,"Water",NA,3.3,"MG/L",NA,NA,NA,2017-10-27 15:57:09,NA,2,NA,1,1,"S","PARTNTID",NA,NA,4,"sample does not have an associated bay program method code"
"822",999,"LRA","ALLARM.LT9","02/08/1999","12:00:00","NO3N.3","M1",1276,"CMC","NTWQM",1999-02-08 12:00:00,0.3,"ISM",2,"Water",NA,5,"MG/L",NA,NA,NA,2017-10-27 15:56:09,NA,2,NA,1,1,"S","PARTNTID",NA,NA,4,"sample does not have an associated bay program method code"
"823",999,"LRA","ALLARM.LT10","12/08/1999","12:00:00","TDS.1","M1",1377,"CMC","NTWQM",1999-12-08 12:00:00,0.3,"ISM",1,"Water",NA,400,"MG/L",NA,NA,NA,2017-10-27 15:57:42,NA,2,NA,1,1,"S","PARTNTID",NA,NA,4,"sample does not have an associated bay program method code"
"824",999,"LRA","ALLARM.LT9","09/08/1999","12:00:00","TDS.1","M1",1346,"CMC","NTWQM",1999-09-08 12:00:00,0.3,"ISM",1,"Water",NA,400,"MG/L",NA,NA,NA,2017-10-27 15:57:09,NA,2,NA,1,1,"S","PARTNTID",NA,NA,4,"sample does not have an associated bay program method code"
"825",999,"LRA","ALLARM.LT8","08/08/1999","12:00:00","TDS.1","M1",1335,"CMC","NTWQM",1999-08-08 12:00:00,0.3,"ISM",1,"Water",NA,150,"MG/L",NA,NA,NA,2017-10-27 15:56:59,NA,2,NA,1,1,"S","PARTNTID",NA,NA,4,"sample does not have an associated bay program method code"
"826",999,"LRA","ALLARM.LT8","08/08/1999","12:00:00","NO3N.3","M1",1335,"CMC","NTWQM",1999-08-08 12:00:00,0.3,"ISM",2,"Water",NA,5.8,"MG/L",NA,NA,NA,2017-10-27 15:56:59,NA,2,NA,1,1,"S","PARTNTID",NA,NA,4,"sample does not have an associated bay program method code"
"827",999,"LRA","ALLARM.LT6","06/08/1999","12:00:00","NO3N.3","M1",1313,"CMC","NTWQM",1999-06-08 12:00:00,0.3,"ISM",2,"Water",NA,6.2,"MG/L",NA,NA,NA,2017-10-27 15:56:39,NA,2,NA,1,1,"S","PARTNTID",NA,NA,4,"sample does not have an associated bay program method code"
"828",999,"LRA","ALLARM.LT5","11/08/1999","12:00:00","TDS.1","M1",1362,"CMC","NTWQM",1999-11-08 12:00:00,0.3,"ISM",1,"Water",NA,180,"MG/L",NA,NA,NA,2017-10-27 15:57:26,NA,2,NA,1,1,"S","PARTNTID",NA,NA,4,"sample does not have an associated bay program method code"
"829",999,"LRA","ALLARM.LT9","10/08/1999","12:00:00","NO3N.3","M1",1356,"CMC","NTWQM",1999-10-08 12:00:00,0.3,"ISM",2,"Water",NA,4.3,"MG/L",NA,NA,NA,2017-10-27 15:57:20,NA,2,NA,1,1,"S","PARTNTID",NA,NA,4,"sample does not have an associated bay program method code"
"830",999,"LRA","ALLARM.LT6","09/08/1999","12:00:00","NO3N.3","M1",1343,"CMC","NTWQM",1999-09-08 12:00:00,0.3,"ISM",2,"Water",NA,2.3,"MG/L",NA,NA,NA,2017-10-27 15:57:06,NA,2,NA,1,1,"S","PARTNTID",NA,NA,4,"sample does not have an associated bay program method code"
"831",999,"LRA","ALLARM.LT3","03/08/1999","12:00:00","NO3N.3","M1",1280,"CMC","NTWQM",1999-03-08 12:00:00,0.3,"ISM",2,"Water",NA,4.2,"MG/L",NA,NA,NA,2017-10-27 15:56:12,NA,2,NA,1,1,"S","PARTNTID",NA,NA,4,"sample does not have an associated bay program method code"
"832",999,"LRA","ALLARM.LT3","05/08/1999","12:00:00","TDS.1","M1",1300,"CMC","NTWQM",1999-05-08 12:00:00,0.3,"ISM",1,"Water",NA,200,"MG/L",NA,NA,NA,2017-10-27 15:56:29,NA,2,NA,1,1,"S","PARTNTID",NA,NA,4,"sample does not have an associated bay program method code"
"833",999,"LRA","ALLARM.LT4","04/08/1999","12:00:00","TDS.1","M1",1291,"CMC","NTWQM",1999-04-08 12:00:00,0.3,"ISM",1,"Water",NA,220,"MG/L",NA,NA,NA,2017-10-27 15:56:21,NA,2,NA,1,1,"S","PARTNTID",NA,NA,4,"sample does not have an associated bay program method code"
"834",999,"LRA","ALLARM.LT6","07/08/1999","12:00:00","TDS.1","M1",1323,"CMC","NTWQM",1999-07-08 12:00:00,0.3,"ISM",1,"Water",NA,170,"MG/L",NA,NA,NA,2017-10-27 15:56:48,NA,2,NA,1,1,"S","PARTNTID",NA,NA,4,"sample does not have an associated bay program method code"
"835",999,"LRA","ALLARM.LT8","10/08/1999","12:00:00","NO3N.3","M1",1355,"CMC","NTWQM",1999-10-08 12:00:00,0.3,"ISM",2,"Water",NA,3.8,"MG/L",NA,NA,NA,2017-10-27 15:57:19,NA,2,NA,1,1,"S","PARTNTID",NA,NA,4,"sample does not have an associated bay program method code"
"836",999,"LRA","ALLARM.LT7","09/08/1999","12:00:00","NO3N.3","M1",1344,"CMC","NTWQM",1999-09-08 12:00:00,0.3,"ISM",2,"Water",NA,2.7,"MG/L",NA,NA,NA,2017-10-27 15:57:07,NA,2,NA,1,1,"S","PARTNTID",NA,NA,4,"sample does not have an associated bay program method code"
"837",999,"LRA","ALLARM.LT4","12/08/1999","12:00:00","NO3N.3","M1",1371,"CMC","NTWQM",1999-12-08 12:00:00,0.3,"ISM",2,"Water",NA,4.4,"MG/L",NA,NA,NA,2017-10-27 15:57:35,NA,2,NA,1,1,"S","PARTNTID",NA,NA,4,"sample does not have an associated bay program method code"
"838",999,"LRA","ALLARM.LT8","10/08/1999","12:00:00","TDS.1","M1",1355,"CMC","NTWQM",1999-10-08 12:00:00,0.3,"ISM",1,"Water",NA,300,"MG/L",NA,NA,NA,2017-10-27 15:57:19,NA,2,NA,1,1,"S","PARTNTID",NA,NA,4,"sample does not have an associated bay program method code"
"839",999,"LRA","ALLARM.LT10","09/08/1999","12:00:00","NO3N.3","M1",1347,"CMC","NTWQM",1999-09-08 12:00:00,0.3,"ISM",2,"Water",NA,4,"MG/L",NA,NA,NA,2017-10-27 15:57:11,NA,2,NA,1,1,"S","PARTNTID",NA,NA,4,"sample does not have an associated bay program method code"
"840",999,"LRA","ALLARM.LT7","03/08/1999","12:00:00","NO3N.3","M1",1284,"CMC","NTWQM",1999-03-08 12:00:00,0.3,"ISM",2,"Water",NA,4.6,"MG/L",NA,NA,NA,2017-10-27 15:56:15,NA,2,NA,1,1,"S","PARTNTID",NA,NA,4,"sample does not have an associated bay program method code"
"841",999,"LRA","ALLARM.LT2","01/08/1999","12:00:00","NO3N.3","M1",1259,"CMC","NTWQM",1999-01-08 12:00:00,0.3,"ISM",2,"Water",NA,4.2,"MG/L",NA,NA,NA,2017-10-27 15:55:57,NA,2,NA,1,1,"S","PARTNTID",NA,NA,4,"sample does not have an associated bay program method code"
"842",999,"LRA","ALLARM.LT8","04/08/1999","12:00:00","TDS.1","M1",1295,"CMC","NTWQM",1999-04-08 12:00:00,0.3,"ISM",1,"Water",NA,400,"MG/L",NA,NA,NA,2017-10-27 15:56:24,NA,2,NA,1,1,"S","PARTNTID",NA,NA,4,"sample does not have an associated bay program method code"
"843",999,"LRA","ALLARM.LT6","11/08/1999","12:00:00","NO3N.3","M1",1363,"CMC","NTWQM",1999-11-08 12:00:00,0.3,"ISM",2,"Water",NA,6.3,"MG/L",NA,NA,NA,2017-10-27 15:57:27,NA,2,NA,1,1,"S","PARTNTID",NA,NA,4,"sample does not have an associated bay program method code"
"844",999,"LRA","ALLARM.LT3","07/08/1999","12:00:00","TDS.1","M1",1320,"CMC","NTWQM",1999-07-08 12:00:00,0.3,"ISM",1,"Water",NA,160,"MG/L",NA,NA,NA,2017-10-27 15:56:45,NA,2,NA,1,1,"S","PARTNTID",NA,NA,4,"sample does not have an associated bay program method code"
"845",999,"LRA","ALLARM.LT5","10/08/1999","12:00:00","NO3N.3","M1",1352,"CMC","NTWQM",1999-10-08 12:00:00,0.3,"ISM",2,"Water",NA,5.3,"MG/L",NA,NA,NA,2017-10-27 15:57:16,NA,2,NA,1,1,"S","PARTNTID",NA,NA,4,"sample does not have an associated bay program method code"
"846",999,"LRA","ALLARM.LT8","11/08/1999","12:00:00","TDS.1","M1",1365,"CMC","NTWQM",1999-11-08 12:00:00,0.3,"ISM",1,"Water",NA,500,"MG/L",NA,NA,NA,2017-10-27 15:57:29,NA,2,NA,1,1,"S","PARTNTID",NA,NA,4,"sample does not have an associated bay program method code"
"847",999,"LRA","ALLARM.LT6","09/08/1999","12:00:00","TDS.1","M1",1343,"CMC","NTWQM",1999-09-08 12:00:00,0.3,"ISM",1,"Water",NA,600,"MG/L",NA,NA,NA,2017-10-27 15:57:06,NA,2,NA,1,1,"S","PARTNTID",NA,NA,4,"sample does not have an associated bay program method code"
"848",999,"LRA","ALLARM.LT8","05/08/1999","12:00:00","NO3N.3","M1",1305,"CMC","NTWQM",1999-05-08 12:00:00,0.3,"ISM",2,"Water",NA,4.6,"MG/L",NA,NA,NA,2017-10-27 15:56:33,NA,2,NA,1,1,"S","PARTNTID",NA,NA,4,"sample does not have an associated bay program method code"
"849",999,"LRA","ALLARM.LT3","06/08/1999","12:00:00","NO3N.3","M1",1310,"CMC","NTWQM",1999-06-08 12:00:00,0.3,"ISM",2,"Water",NA,4.24,"MG/L",NA,NA,NA,2017-10-27 15:56:37,NA,2,NA,1,1,"S","PARTNTID",NA,NA,4,"sample does not have an associated bay program method code"
"850",999,"LRA","ALLARM.LT8","05/08/1999","12:00:00","TDS.1","M1",1305,"CMC","NTWQM",1999-05-08 12:00:00,0.3,"ISM",1,"Water",NA,280,"MG/L",NA,NA,NA,2017-10-27 15:56:33,NA,2,NA,1,1,"S","PARTNTID",NA,NA,4,"sample does not have an associated bay program method code"
"851",999,"LRA","ALLARM.LT6","10/08/1999","12:00:00","NO3N.3","M1",1353,"CMC","NTWQM",1999-10-08 12:00:00,0.3,"ISM",2,"Water",NA,4.9,"MG/L",NA,NA,NA,2017-10-27 15:57:17,NA,2,NA,1,1,"S","PARTNTID",NA,NA,4,"sample does not have an associated bay program method code"
"852",999,"LRA","ALLARM.LT5","09/08/1999","12:00:00","NO3N.3","M1",1342,"CMC","NTWQM",1999-09-08 12:00:00,0.3,"ISM",2,"Water",NA,5,"MG/L",NA,NA,NA,2017-10-27 15:57:05,NA,2,NA,1,1,"S","PARTNTID",NA,NA,4,"sample does not have an associated bay program method code"
"853",999,"LRA","ALLARM.LT8","06/08/1999","12:00:00","NO3N.3","M1",1315,"CMC","NTWQM",1999-06-08 12:00:00,0.3,"ISM",2,"Water",NA,6.8,"MG/L",NA,NA,NA,2017-10-27 15:56:41,NA,2,NA,1,1,"S","PARTNTID",NA,NA,4,"sample does not have an associated bay program method code"
"854",999,"LRA","ALLARM.LT9","05/08/1999","12:00:00","NO3N.3","M1",1306,"CMC","NTWQM",1999-05-08 12:00:00,0.3,"ISM",2,"Water",NA,5,"MG/L",NA,NA,NA,2017-10-27 15:56:34,NA,2,NA,1,1,"S","PARTNTID",NA,NA,4,"sample does not have an associated bay program method code"
"855",999,"LRA","ALLARM.LT5","09/08/1999","12:00:00","TDS.1","M1",1342,"CMC","NTWQM",1999-09-08 12:00:00,0.3,"ISM",1,"Water",NA,140,"MG/L",NA,NA,NA,2017-10-27 15:57:05,NA,2,NA,1,1,"S","PARTNTID",NA,NA,4,"sample does not have an associated bay program method code"
"856",999,"LRA","ALLARM.LT9","03/08/1999","12:00:00","NO3N.3","M1",1286,"CMC","NTWQM",1999-03-08 12:00:00,0.3,"ISM",2,"Water",NA,4.8,"MG/L",NA,NA,NA,2017-10-27 15:56:16,NA,2,NA,1,1,"S","PARTNTID",NA,NA,4,"sample does not have an associated bay program method code"
"857",999,"LRA","ALLARM.LT3","09/08/1999","12:00:00","TDS.1","M1",1340,"CMC","NTWQM",1999-09-08 12:00:00,0.3,"ISM",1,"Water",NA,170,"MG/L",NA,NA,NA,2017-10-27 15:57:03,NA,2,NA,1,1,"S","PARTNTID",NA,NA,4,"sample does not have an associated bay program method code"
"858",999,"LRA","ALLARM.LT7","01/08/1999","12:00:00","NO3N.3","M1",1264,"CMC","NTWQM",1999-01-08 12:00:00,0.3,"ISM",2,"Water",NA,5.2,"MG/L",NA,NA,NA,2017-10-27 15:56:01,NA,2,NA,1,1,"S","PARTNTID",NA,NA,4,"sample does not have an associated bay program method code"
"859",999,"LRA","ALLARM.LT4","11/08/1999","12:00:00","NO3N.3","M1",1361,"CMC","NTWQM",1999-11-08 12:00:00,0.3,"ISM",2,"Water",NA,6.6,"MG/L",NA,NA,NA,2017-10-27 15:57:25,NA,2,NA,1,1,"S","PARTNTID",NA,NA,4,"sample does not have an associated bay program method code"
"860",999,"LRA","ALLARM.LT3","08/08/1999","12:00:00","NO3N.3","M1",1330,"CMC","NTWQM",1999-08-08 12:00:00,0.3,"ISM",2,"Water",NA,5,"MG/L",NA,NA,NA,2017-10-27 15:56:54,NA,2,NA,1,1,"S","PARTNTID",NA,NA,4,"sample does not have an associated bay program method code"
"861",999,"LRA","ALLARM.LT5","04/08/1999","12:00:00","NO3N.3","M1",1292,"CMC","NTWQM",1999-04-08 12:00:00,0.3,"ISM",2,"Water",NA,4.4,"MG/L",NA,NA,NA,2017-10-27 15:56:22,NA,2,NA,1,1,"S","PARTNTID",NA,NA,4,"sample does not have an associated bay program method code"
"862",999,"LRA","ALLARM.LT5","10/08/1999","12:00:00","TDS.1","M1",1352,"CMC","NTWQM",1999-10-08 12:00:00,0.3,"ISM",1,"Water",NA,100,"MG/L",NA,NA,NA,2017-10-27 15:57:16,NA,2,NA,1,1,"S","PARTNTID",NA,NA,4,"sample does not have an associated bay program method code"
"863",999,"LRA","ALLARM.LT7","06/08/1999","12:00:00","TDS.1","M1",1314,"CMC","NTWQM",1999-06-08 12:00:00,0.3,"ISM",1,"Water",NA,170,"MG/L",NA,NA,NA,2017-10-27 15:56:40,NA,2,NA,1,1,"S","PARTNTID",NA,NA,4,"sample does not have an associated bay program method code"
"864",999,"LRA","ALLARM.LT7","07/08/1999","12:00:00","NO3N.3","M1",1324,"CMC","NTWQM",1999-07-08 12:00:00,0.3,"ISM",2,"Water",NA,3.5,"MG/L",NA,NA,NA,2017-10-27 15:56:49,NA,2,NA,1,1,"S","PARTNTID",NA,NA,4,"sample does not have an associated bay program method code"
"865",999,"LRA","ALLARM.LT5","11/08/1999","12:00:00","NO3N.3","M1",1362,"CMC","NTWQM",1999-11-08 12:00:00,0.3,"ISM",2,"Water",NA,5.5,"MG/L",NA,NA,NA,2017-10-27 15:57:26,NA,2,NA,1,1,"S","PARTNTID",NA,NA,4,"sample does not have an associated bay program method code"
"866",999,"LRA","ALLARM.LT5","07/08/1999","12:00:00","NO3N.3","M1",1322,"CMC","NTWQM",1999-07-08 12:00:00,0.3,"ISM",2,"Water",NA,3.6,"MG/L",NA,NA,NA,2017-10-27 15:56:47,NA,2,NA,1,1,"S","PARTNTID",NA,NA,4,"sample does not have an associated bay program method code"
"867",999,"LRA","ALLARM.LT7","05/08/1999","12:00:00","NO3N.3","M1",1304,"CMC","NTWQM",1999-05-08 12:00:00,0.3,"ISM",2,"Water",NA,4.8,"MG/L",NA,NA,NA,2017-10-27 15:56:32,NA,2,NA,1,1,"S","PARTNTID",NA,NA,4,"sample does not have an associated bay program method code"
"868",999,"LRA","ALLARM.LT5","05/08/1999","12:00:00","NO3N.3","M1",1302,"CMC","NTWQM",1999-05-08 12:00:00,0.3,"ISM",2,"Water",NA,4.2,"MG/L",NA,NA,NA,2017-10-27 15:56:30,NA,2,NA,1,1,"S","PARTNTID",NA,NA,4,"sample does not have an associated bay program method code"
"869",999,"LRA","ALLARM.LT8","11/08/1999","12:00:00","NO3N.3","M1",1365,"CMC","NTWQM",1999-11-08 12:00:00,0.3,"ISM",2,"Water",NA,5.6,"MG/L",NA,NA,NA,2017-10-27 15:57:29,NA,2,NA,1,1,"S","PARTNTID",NA,NA,4,"sample does not have an associated bay program method code"
"870",999,"LRA","ALLARM.LT7","10/08/1999","12:00:00","NO3N.3","M1",1354,"CMC","NTWQM",1999-10-08 12:00:00,0.3,"ISM",2,"Water",NA,4.5,"MG/L",NA,NA,NA,2017-10-27 15:57:18,NA,2,NA,1,1,"S","PARTNTID",NA,NA,4,"sample does not have an associated bay program method code"
"871",999,"LRA","ALLARM.LT4","01/08/1999","12:00:00","TDS.1","M1",1261,"CMC","NTWQM",1999-01-08 12:00:00,0.3,"ISM",1,"Water",NA,310,"MG/L",NA,NA,NA,2017-10-27 15:55:58,NA,2,NA,1,1,"S","PARTNTID",NA,NA,4,"sample does not have an associated bay program method code"
"872",999,"LRA","ALLARM.LT5","08/08/1999","12:00:00","NO3N.3","M1",1332,"CMC","NTWQM",1999-08-08 12:00:00,0.3,"ISM",2,"Water",NA,4.8,"MG/L",NA,NA,NA,2017-10-27 15:56:56,NA,2,NA,1,1,"S","PARTNTID",NA,NA,4,"sample does not have an associated bay program method code"
"873",999,"LRA","ALLARM.LT9","10/08/1999","12:00:00","TDS.1","M1",1356,"CMC","NTWQM",1999-10-08 12:00:00,0.3,"ISM",1,"Water",NA,100,"MG/L",NA,NA,NA,2017-10-27 15:57:20,NA,2,NA,1,1,"S","PARTNTID",NA,NA,4,"sample does not have an associated bay program method code"
"874",999,"LRA","ALLARM.LT7","02/08/1999","12:00:00","NO3N.3","M1",1274,"CMC","NTWQM",1999-02-08 12:00:00,0.3,"ISM",2,"Water",NA,4.8,"MG/L",NA,NA,NA,2017-10-27 15:56:07,NA,2,NA,1,1,"S","PARTNTID",NA,NA,4,"sample does not have an associated bay program method code"
"875",999,"LRA","ALLARM.LT8","03/08/1999","12:00:00","NO3N.3","M1",1285,"CMC","NTWQM",1999-03-08 12:00:00,0.3,"ISM",2,"Water",NA,5,"MG/L",NA,NA,NA,2017-10-27 15:56:15,NA,2,NA,1,1,"S","PARTNTID",NA,NA,4,"sample does not have an associated bay program method code"
"876",999,"LRA","ALLARM.LT8","12/08/1999","12:00:00","NO3N.3","M1",1375,"CMC","NTWQM",1999-12-08 12:00:00,0.3,"ISM",2,"Water",NA,1.7,"MG/L",NA,NA,NA,2017-10-27 15:57:40,NA,2,NA,1,1,"S","PARTNTID",NA,NA,4,"sample does not have an associated bay program method code"
"877",999,"LRA","ALLARM.LT9","04/08/1999","12:00:00","TDS.1","M1",1296,"CMC","NTWQM",1999-04-08 12:00:00,0.3,"ISM",1,"Water",NA,380,"MG/L",NA,NA,NA,2017-10-27 15:56:25,NA,2,NA,1,1,"S","PARTNTID",NA,NA,4,"sample does not have an associated bay program method code"
"878",999,"LRA","ALLARM.LT6","08/08/1999","12:00:00","NO3N.3","M1",1333,"CMC","NTWQM",1999-08-08 12:00:00,0.3,"ISM",2,"Water",NA,5.4,"MG/L",NA,NA,NA,2017-10-27 15:56:57,NA,2,NA,1,1,"S","PARTNTID",NA,NA,4,"sample does not have an associated bay program method code"
"879",999,"LRA","ALLARM.LT5","04/08/1999","12:00:00","TDS.1","M1",1292,"CMC","NTWQM",1999-04-08 12:00:00,0.3,"ISM",1,"Water",NA,340,"MG/L",NA,NA,NA,2017-10-27 15:56:22,NA,2,NA,1,1,"S","PARTNTID",NA,NA,4,"sample does not have an associated bay program method code"
"880",999,"LRA","ALLARM.LT6","01/08/1999","12:00:00","NO3N.3","M1",1263,"CMC","NTWQM",1999-01-08 12:00:00,0.3,"ISM",2,"Water",NA,5,"MG/L",NA,NA,NA,2017-10-27 15:56:00,NA,2,NA,1,1,"S","PARTNTID",NA,NA,4,"sample does not have an associated bay program method code"
"881",999,"LRA","ALLARM.LT7","07/08/1999","12:00:00","TDS.1","M1",1324,"CMC","NTWQM",1999-07-08 12:00:00,0.3,"ISM",1,"Water",NA,160,"MG/L",NA,NA,NA,2017-10-27 15:56:49,NA,2,NA,1,1,"S","PARTNTID",NA,NA,4,"sample does not have an associated bay program method code"
"882",999,"LRA","ALLARM.LT7","09/08/1999","12:00:00","TDS.1","M1",1344,"CMC","NTWQM",1999-09-08 12:00:00,0.3,"ISM",1,"Water",NA,400,"MG/L",NA,NA,NA,2017-10-27 15:57:07,NA,2,NA,1,1,"S","PARTNTID",NA,NA,4,"sample does not have an associated bay program method code"
"883",999,"LRA","ALLARM.LT8","06/08/1999","12:00:00","TDS.1","M1",1315,"CMC","NTWQM",1999-06-08 12:00:00,0.3,"ISM",1,"Water",NA,200,"MG/L",NA,NA,NA,2017-10-27 15:56:41,NA,2,NA,1,1,"S","PARTNTID",NA,NA,4,"sample does not have an associated bay program method code"
"884",999,"LRA","ALLARM.LT9","12/08/1999","12:00:00","NO3N.3","M1",1376,"CMC","NTWQM",1999-12-08 12:00:00,0.3,"ISM",2,"Water",NA,1.7,"MG/L",NA,NA,NA,2017-10-27 15:57:41,NA,2,NA,1,1,"S","PARTNTID",NA,NA,4,"sample does not have an associated bay program method code"
"885",999,"LRA","ALLARM.LT9","08/08/1999","12:00:00","NO3N.3","M1",1336,"CMC","NTWQM",1999-08-08 12:00:00,0.3,"ISM",2,"Water",NA,5.2,"MG/L",NA,NA,NA,2017-10-27 15:57:00,NA,2,NA,1,1,"S","PARTNTID",NA,NA,4,"sample does not have an associated bay program method code"
"886",999,"LRA","ALLARM.LT3","04/08/1999","12:00:00","TDS.1","M1",1290,"CMC","NTWQM",1999-04-08 12:00:00,0.3,"ISM",1,"Water",NA,310,"MG/L",NA,NA,NA,2017-10-27 15:56:20,NA,2,NA,1,1,"S","PARTNTID",NA,NA,4,"sample does not have an associated bay program method code"
"887",999,"LRA","ALLARM.LT7","11/08/1999","12:00:00","NO3N.3","M1",1364,"CMC","NTWQM",1999-11-08 12:00:00,0.3,"ISM",2,"Water",NA,4.6,"MG/L",NA,NA,NA,2017-10-27 15:57:28,NA,2,NA,1,1,"S","PARTNTID",NA,NA,4,"sample does not have an associated bay program method code"
"888",999,"LRA","ALLARM.LT4","02/08/1999","12:00:00","NO3N.3","M1",1271,"CMC","NTWQM",1999-02-08 12:00:00,0.3,"ISM",2,"Water",NA,4,"MG/L",NA,NA,NA,2017-10-27 15:56:05,NA,2,NA,1,1,"S","PARTNTID",NA,NA,4,"sample does not have an associated bay program method code"
"889",999,"LRA","ALLARM.LT9","04/08/1999","12:00:00","NO3N.3","M1",1296,"CMC","NTWQM",1999-04-08 12:00:00,0.3,"ISM",2,"Water",NA,5.2,"MG/L",NA,NA,NA,2017-10-27 15:56:25,NA,2,NA,1,1,"S","PARTNTID",NA,NA,4,"sample does not have an associated bay program method code"
"890",999,"LRA","ALLARM.LT7","12/08/1999","12:00:00","NO3N.3","M1",1374,"CMC","NTWQM",1999-12-08 12:00:00,0.3,"ISM",2,"Water",NA,1.9,"MG/L",NA,NA,NA,2017-10-27 15:57:39,NA,2,NA,1,1,"S","PARTNTID",NA,NA,4,"sample does not have an associated bay program method code"
"891",999,"LRA","ALLARM.LT7","11/08/1999","12:00:00","TDS.1","M1",1364,"CMC","NTWQM",1999-11-08 12:00:00,0.3,"ISM",1,"Water",NA,300,"MG/L",NA,NA,NA,2017-10-27 15:57:28,NA,2,NA,1,1,"S","PARTNTID",NA,NA,4,"sample does not have an associated bay program method code"
"892",999,"LRA","ALLARM.LT3","08/08/1999","12:00:00","TDS.1","M1",1330,"CMC","NTWQM",1999-08-08 12:00:00,0.3,"ISM",1,"Water",NA,150,"MG/L",NA,NA,NA,2017-10-27 15:56:54,NA,2,NA,1,1,"S","PARTNTID",NA,NA,4,"sample does not have an associated bay program method code"
"893",999,"LRA","ALLARM.LT7","08/08/1999","12:00:00","TDS.1","M1",1334,"CMC","NTWQM",1999-08-08 12:00:00,0.3,"ISM",1,"Water",NA,170,"MG/L",NA,NA,NA,2017-10-27 15:56:58,NA,2,NA,1,1,"S","PARTNTID",NA,NA,4,"sample does not have an associated bay program method code"
"894",999,"LRA","ALLARM.LT8","07/08/1999","12:00:00","TDS.1","M1",1325,"CMC","NTWQM",1999-07-08 12:00:00,0.3,"ISM",1,"Water",NA,190,"MG/L",NA,NA,NA,2017-10-27 15:56:50,NA,2,NA,1,1,"S","PARTNTID",NA,NA,4,"sample does not have an associated bay program method code"
