"","paramMethod","SOURCE","STATION","SAMPLE_DATE","SAMPLE_TIME","paramCode","SAMPLE_ID","EventId","AGENCY","PROGRAM","DateTime","DEPTH","SAMPLE_TYPE","TIER","Matrix","QUALIFIER","VALUE","UNITS","PROBLEM","LAB","labName","detLimit","qaFlag","COMMENTS","count.x","count.y","LAYER","PROJECT","SampleAnalyticalMethodIdentifier","SubstanceIdentificationName"
"847",999,"ALLARM","ALLARM.LT6","09/08/2008","12:00:00","TDS.1","M1",2634,"CMC","NTWQM",2008-09-08 12:00:00,0.1,"ISM","1","Water",NA,280,"MG/L",NA,NA,NA,NA,2,NA,1,1,"S","PARTNTID",NA,NA
"848",999,"ALLARM","ALLARM.LT5","01/08/2008","12:00:00","TDS.1","M1",2529,"CMC","NTWQM",2008-01-08 12:00:00,0.1,"ISM","1","Water",NA,320,"MG/L",NA,NA,NA,NA,2,NA,1,1,"S","PARTNTID",NA,NA
"849",999,"ALLARM","ALLARM.LT3","05/08/2008","12:00:00","TDS.1","M1",2579,"CMC","NTWQM",2008-05-08 12:00:00,0.1,"ISM","1","Water",NA,290,"MG/L",NA,NA,NA,NA,2,NA,1,1,"S","PARTNTID",NA,NA
"850",999,"ALLARM","ALLARM.LT10","09/08/2008","12:00:00","TDS.1","M1",2638,"CMC","NTWQM",2008-09-08 12:00:00,0.1,"ISM","1","Water",NA,350,"MG/L",NA,NA,NA,NA,2,NA,1,1,"S","PARTNTID",NA,NA
"851",999,"ALLARM","ALLARM.LT1","01/08/2008","12:00:00","TDS.1","M1",2525,"CMC","NTWQM",2008-01-08 12:00:00,0.1,"ISM","1","Water",NA,310,"MG/L",NA,NA,NA,NA,2,NA,1,1,"S","PARTNTID",NA,NA
"852",999,"ALLARM","ALLARM.LT8","06/08/2008","12:00:00","TDS.1","M1",2597,"CMC","NTWQM",2008-06-08 12:00:00,0.1,"ISM","1","Water",NA,310,"MG/L",NA,NA,NA,NA,2,NA,1,1,"S","PARTNTID",NA,NA
"853",999,"ALLARM","ALLARM.LT6","10/08/2008","12:00:00","TDS.1","M1",2647,"CMC","NTWQM",2008-10-08 12:00:00,0.1,"ISM","1","Water",NA,290,"MG/L",NA,NA,NA,NA,2,NA,1,1,"S","PARTNTID",NA,NA
"854",999,"ALLARM","ALLARM.LT5","02/08/2008","12:00:00","TDS.1","M1",2542,"CMC","NTWQM",2008-02-08 12:00:00,0.1,"ISM","1","Water",NA,320,"MG/L",NA,NA,NA,NA,2,NA,1,1,"S","PARTNTID",NA,NA
"855",999,"ALLARM","ALLARM.LT3","06/08/2008","12:00:00","TDS.1","M1",2592,"CMC","NTWQM",2008-06-08 12:00:00,0.1,"ISM","1","Water",NA,290,"MG/L",NA,NA,NA,NA,2,NA,1,1,"S","PARTNTID",NA,NA
"856",999,"ALLARM","ALLARM.LT10","10/08/2008","12:00:00","TDS.1","M1",2651,"CMC","NTWQM",2008-10-08 12:00:00,0.1,"ISM","1","Water",NA,340,"MG/L",NA,NA,NA,NA,2,NA,1,1,"S","PARTNTID",NA,NA
"857",999,"ALLARM","ALLARM.LT1","02/08/2008","12:00:00","TDS.1","M1",2538,"CMC","NTWQM",2008-02-08 12:00:00,0.1,"ISM","1","Water",NA,310,"MG/L",NA,NA,NA,NA,2,NA,1,1,"S","PARTNTID",NA,NA
"858",999,"ALLARM","ALLARM.LT8","07/08/2008","12:00:00","TDS.1","M1",2610,"CMC","NTWQM",2008-07-08 12:00:00,0.1,"ISM","1","Water",NA,310,"MG/L",NA,NA,NA,NA,2,NA,1,1,"S","PARTNTID",NA,NA
"859",999,"ALLARM","ALLARM.LT6","11/08/2008","12:00:00","TDS.1","M1",2660,"CMC","NTWQM",2008-11-08 12:00:00,0.1,"ISM","1","Water",NA,300,"MG/L",NA,NA,NA,NA,2,NA,1,1,"S","PARTNTID",NA,NA
"860",999,"ALLARM","ALLARM.LT5","03/08/2008","12:00:00","TDS.1","M1",2555,"CMC","NTWQM",2008-03-08 12:00:00,0.1,"ISM","1","Water",NA,320,"MG/L",NA,NA,NA,NA,2,NA,1,1,"S","PARTNTID",NA,NA
"861",999,"ALLARM","ALLARM.LT3","07/08/2008","12:00:00","TDS.1","M1",2605,"CMC","NTWQM",2008-07-08 12:00:00,0.1,"ISM","1","Water",NA,290,"MG/L",NA,NA,NA,NA,2,NA,1,1,"S","PARTNTID",NA,NA
"862",999,"ALLARM","ALLARM.LT10","11/08/2008","12:00:00","TDS.1","M1",2664,"CMC","NTWQM",2008-11-08 12:00:00,0.1,"ISM","1","Water",NA,300,"MG/L",NA,NA,NA,NA,2,NA,1,1,"S","PARTNTID",NA,NA
"863",999,"ALLARM","ALLARM.LT1","03/08/2008","12:00:00","TDS.1","M1",2551,"CMC","NTWQM",2008-03-08 12:00:00,0.1,"ISM","1","Water",NA,320,"MG/L",NA,NA,NA,NA,2,NA,1,1,"S","PARTNTID",NA,NA
"864",999,"ALLARM","ALLARM.LT8","08/18/2008","12:00:00","TDS.1","M1",2623,"CMC","NTWQM",2008-08-18 12:00:00,0.1,"ISM","1","Water",NA,250,"MG/L",NA,NA,NA,NA,2,NA,1,1,"S","PARTNTID",NA,NA
"865",999,"ALLARM","ALLARM.LT6","12/01/2008","12:00:00","TDS.1","M1",2673,"CMC","NTWQM",2008-12-01 12:00:00,0.1,"ISM","1","Water",NA,320,"MG/L",NA,NA,NA,NA,2,NA,1,1,"S","PARTNTID",NA,NA
"866",999,"ALLARM","ALLARM.LT5","04/08/2008","12:00:00","TDS.1","M1",2568,"CMC","NTWQM",2008-04-08 12:00:00,0.1,"ISM","1","Water",NA,300,"MG/L",NA,NA,NA,NA,2,NA,1,1,"S","PARTNTID",NA,NA
"867",999,"ALLARM","ALLARM.LT3","08/18/2008","12:00:00","TDS.1","M1",2618,"CMC","NTWQM",2008-08-18 12:00:00,0.1,"ISM","1","Water",NA,240,"MG/L",NA,NA,NA,NA,2,NA,1,1,"S","PARTNTID",NA,NA
"868",999,"ALLARM","ALLARM.LT10","12/01/2008","12:00:00","TDS.1","M1",2677,"CMC","NTWQM",2008-12-01 12:00:00,0.1,"ISM","1","Water",NA,370,"MG/L",NA,NA,NA,NA,2,NA,1,1,"S","PARTNTID",NA,NA
"869",999,"ALLARM","ALLARM.LT1","04/08/2008","12:00:00","TDS.1","M1",2564,"CMC","NTWQM",2008-04-08 12:00:00,0.1,"ISM","1","Water",NA,300,"MG/L",NA,NA,NA,NA,2,NA,1,1,"S","PARTNTID",NA,NA
"870",999,"ALLARM","ALLARM.LT8","09/08/2008","12:00:00","TDS.1","M1",2636,"CMC","NTWQM",2008-09-08 12:00:00,0.1,"ISM","1","Water",NA,310,"MG/L",NA,NA,NA,NA,2,NA,1,1,"S","PARTNTID",NA,NA
"871",999,"ALLARM","ALLARM.LT7","01/08/2008","12:00:00","TDS.1","M1",2531,"CMC","NTWQM",2008-01-08 12:00:00,0.1,"ISM","1","Water",NA,360,"MG/L",NA,NA,NA,NA,2,NA,1,1,"S","PARTNTID",NA,NA
"872",999,"ALLARM","ALLARM.LT5","05/08/2008","12:00:00","TDS.1","M1",2581,"CMC","NTWQM",2008-05-08 12:00:00,0.1,"ISM","1","Water",NA,290,"MG/L",NA,NA,NA,NA,2,NA,1,1,"S","PARTNTID",NA,NA
"873",999,"ALLARM","ALLARM.LT3","09/08/2008","12:00:00","TDS.1","M1",2631,"CMC","NTWQM",2008-09-08 12:00:00,0.1,"ISM","1","Water",NA,290,"MG/L",NA,NA,NA,NA,2,NA,1,1,"S","PARTNTID",NA,NA
"874",999,"ALLARM","ALLARM.LT2","01/08/2008","12:00:00","TDS.1","M1",2526,"CMC","NTWQM",2008-01-08 12:00:00,0.1,"ISM","1","Water",NA,290,"MG/L",NA,NA,NA,NA,2,NA,1,1,"S","PARTNTID",NA,NA
"875",999,"ALLARM","ALLARM.LT1","05/08/2008","12:00:00","TDS.1","M1",2577,"CMC","NTWQM",2008-05-08 12:00:00,0.1,"ISM","1","Water",NA,290,"MG/L",NA,NA,NA,NA,2,NA,1,1,"S","PARTNTID",NA,NA
"876",999,"ALLARM","ALLARM.LT8","10/08/2008","12:00:00","TDS.1","M1",2649,"CMC","NTWQM",2008-10-08 12:00:00,0.1,"ISM","1","Water",NA,310,"MG/L",NA,NA,NA,NA,2,NA,1,1,"S","PARTNTID",NA,NA
"877",999,"ALLARM","ALLARM.LT7","02/08/2008","12:00:00","TDS.1","M1",2544,"CMC","NTWQM",2008-02-08 12:00:00,0.1,"ISM","1","Water",NA,360,"MG/L",NA,NA,NA,NA,2,NA,1,1,"S","PARTNTID",NA,NA
"878",999,"ALLARM","ALLARM.LT5","06/08/2008","12:00:00","TDS.1","M1",2594,"CMC","NTWQM",2008-06-08 12:00:00,0.1,"ISM","1","Water",NA,290,"MG/L",NA,NA,NA,NA,2,NA,1,1,"S","PARTNTID",NA,NA
"879",999,"ALLARM","ALLARM.LT3","10/08/2008","12:00:00","TDS.1","M1",2644,"CMC","NTWQM",2008-10-08 12:00:00,0.1,"ISM","1","Water",NA,270,"MG/L",NA,NA,NA,NA,2,NA,1,1,"S","PARTNTID",NA,NA
"880",999,"ALLARM","ALLARM.LT2","02/08/2008","12:00:00","TDS.1","M1",2539,"CMC","NTWQM",2008-02-08 12:00:00,0.1,"ISM","1","Water",NA,300,"MG/L",NA,NA,NA,NA,2,NA,1,1,"S","PARTNTID",NA,NA
"881",999,"ALLARM","ALLARM.LT1","06/08/2008","12:00:00","TDS.1","M1",2590,"CMC","NTWQM",2008-06-08 12:00:00,0.1,"ISM","1","Water",NA,290,"MG/L",NA,NA,NA,NA,2,NA,1,1,"S","PARTNTID",NA,NA
"882",999,"ALLARM","ALLARM.LT8","11/08/2008","12:00:00","TDS.1","M1",2662,"CMC","NTWQM",2008-11-08 12:00:00,0.1,"ISM","1","Water",NA,320,"MG/L",NA,NA,NA,NA,2,NA,1,1,"S","PARTNTID",NA,NA
"883",999,"ALLARM","ALLARM.LT7","03/08/2008","12:00:00","TDS.1","M1",2557,"CMC","NTWQM",2008-03-08 12:00:00,0.1,"ISM","1","Water",NA,350,"MG/L",NA,NA,NA,NA,2,NA,1,1,"S","PARTNTID",NA,NA
"884",999,"ALLARM","ALLARM.LT5","07/08/2008","12:00:00","TDS.1","M1",2607,"CMC","NTWQM",2008-07-08 12:00:00,0.1,"ISM","1","Water",NA,290,"MG/L",NA,NA,NA,NA,2,NA,1,1,"S","PARTNTID",NA,NA
"885",999,"ALLARM","ALLARM.LT3","11/08/2008","12:00:00","TDS.1","M1",2657,"CMC","NTWQM",2008-11-08 12:00:00,0.1,"ISM","1","Water",NA,300,"MG/L",NA,NA,NA,NA,2,NA,1,1,"S","PARTNTID",NA,NA
"886",999,"ALLARM","ALLARM.LT2","03/08/2008","12:00:00","TDS.1","M1",2552,"CMC","NTWQM",2008-03-08 12:00:00,0.1,"ISM","1","Water",NA,310,"MG/L",NA,NA,NA,NA,2,NA,1,1,"S","PARTNTID",NA,NA
"887",999,"ALLARM","ALLARM.LT1","07/08/2008","12:00:00","TDS.1","M1",2603,"CMC","NTWQM",2008-07-08 12:00:00,0.1,"ISM","1","Water",NA,290,"MG/L",NA,NA,NA,NA,2,NA,1,1,"S","PARTNTID",NA,NA
"888",999,"ALLARM","ALLARM.LT8","12/01/2008","12:00:00","TDS.1","M1",2675,"CMC","NTWQM",2008-12-01 12:00:00,0.1,"ISM","1","Water",NA,340,"MG/L",NA,NA,NA,NA,2,NA,1,1,"S","PARTNTID",NA,NA
"889",999,"ALLARM","ALLARM.LT7","04/08/2008","12:00:00","TDS.1","M1",2570,"CMC","NTWQM",2008-04-08 12:00:00,0.1,"ISM","1","Water",NA,340,"MG/L",NA,NA,NA,NA,2,NA,1,1,"S","PARTNTID",NA,NA
"890",999,"ALLARM","ALLARM.LT5","08/18/2008","12:00:00","TDS.1","M1",2620,"CMC","NTWQM",2008-08-18 12:00:00,0.1,"ISM","1","Water",NA,250,"MG/L",NA,NA,NA,NA,2,NA,1,1,"S","PARTNTID",NA,NA
"891",999,"ALLARM","ALLARM.LT3","12/01/2008","12:00:00","TDS.1","M1",2670,"CMC","NTWQM",2008-12-01 12:00:00,0.1,"ISM","1","Water",NA,310,"MG/L",NA,NA,NA,NA,2,NA,1,1,"S","PARTNTID",NA,NA
"892",999,"ALLARM","ALLARM.LT2","04/08/2008","12:00:00","TDS.1","M1",2565,"CMC","NTWQM",2008-04-08 12:00:00,0.1,"ISM","1","Water",NA,290,"MG/L",NA,NA,NA,NA,2,NA,1,1,"S","PARTNTID",NA,NA
"893",999,"ALLARM","ALLARM.LT1","08/18/2008","12:00:00","TDS.1","M1",2616,"CMC","NTWQM",2008-08-18 12:00:00,0.1,"ISM","1","Water",NA,250,"MG/L",NA,NA,NA,NA,2,NA,1,1,"S","PARTNTID",NA,NA
"894",999,"ALLARM","ALLARM.LT9","01/08/2008","12:00:00","TDS.1","M1",2533,"CMC","NTWQM",2008-01-08 12:00:00,0.1,"ISM","1","Water",NA,370,"MG/L",NA,NA,NA,NA,2,NA,1,1,"S","PARTNTID",NA,NA
"895",999,"ALLARM","ALLARM.LT7","05/08/2008","12:00:00","TDS.1","M1",2583,"CMC","NTWQM",2008-05-08 12:00:00,0.1,"ISM","1","Water",NA,320,"MG/L",NA,NA,NA,NA,2,NA,1,1,"S","PARTNTID",NA,NA
"896",999,"ALLARM","ALLARM.LT5","09/08/2008","12:00:00","TDS.1","M1",2633,"CMC","NTWQM",2008-09-08 12:00:00,0.1,"ISM","1","Water",NA,280,"MG/L",NA,NA,NA,NA,2,NA,1,1,"S","PARTNTID",NA,NA
"897",999,"ALLARM","ALLARM.LT4","01/08/2008","12:00:00","TDS.1","M1",2528,"CMC","NTWQM",2008-01-08 12:00:00,0.1,"ISM","1","Water",NA,320,"MG/L",NA,NA,NA,NA,2,NA,1,1,"S","PARTNTID",NA,NA
"898",999,"ALLARM","ALLARM.LT2","05/08/2008","12:00:00","TDS.1","M1",2578,"CMC","NTWQM",2008-05-08 12:00:00,0.1,"ISM","1","Water",NA,280,"MG/L",NA,NA,NA,NA,2,NA,1,1,"S","PARTNTID",NA,NA
"899",999,"ALLARM","ALLARM.LT1","09/08/2008","12:00:00","TDS.1","M1",2629,"CMC","NTWQM",2008-09-08 12:00:00,0.1,"ISM","1","Water",NA,290,"MG/L",NA,NA,NA,NA,2,NA,1,1,"S","PARTNTID",NA,NA
"900",999,"ALLARM","ALLARM.LT9","02/08/2008","12:00:00","TDS.1","M1",2546,"CMC","NTWQM",2008-02-08 12:00:00,0.1,"ISM","1","Water",NA,380,"MG/L",NA,NA,NA,NA,2,NA,1,1,"S","PARTNTID",NA,NA
"901",999,"ALLARM","ALLARM.LT7","06/08/2008","12:00:00","TDS.1","M1",2596,"CMC","NTWQM",2008-06-08 12:00:00,0.1,"ISM","1","Water",NA,300,"MG/L",NA,NA,NA,NA,2,NA,1,1,"S","PARTNTID",NA,NA
"902",999,"ALLARM","ALLARM.LT5","10/08/2008","12:00:00","TDS.1","M1",2646,"CMC","NTWQM",2008-10-08 12:00:00,0.1,"ISM","1","Water",NA,280,"MG/L",NA,NA,NA,NA,2,NA,1,1,"S","PARTNTID",NA,NA
"903",999,"ALLARM","ALLARM.LT4","02/08/2008","12:00:00","TDS.1","M1",2541,"CMC","NTWQM",2008-02-08 12:00:00,0.1,"ISM","1","Water",NA,330,"MG/L",NA,NA,NA,NA,2,NA,1,1,"S","PARTNTID",NA,NA
"904",999,"ALLARM","ALLARM.LT2","06/08/2008","12:00:00","TDS.1","M1",2591,"CMC","NTWQM",2008-06-08 12:00:00,0.1,"ISM","1","Water",NA,270,"MG/L",NA,NA,NA,NA,2,NA,1,1,"S","PARTNTID",NA,NA
"905",999,"ALLARM","ALLARM.LT1","10/08/2008","12:00:00","TDS.1","M1",2642,"CMC","NTWQM",2008-10-08 12:00:00,0.1,"ISM","1","Water",NA,280,"MG/L",NA,NA,NA,NA,2,NA,1,1,"S","PARTNTID",NA,NA
"906",999,"ALLARM","ALLARM.LT9","03/08/2008","12:00:00","TDS.1","M1",2559,"CMC","NTWQM",2008-03-08 12:00:00,0.1,"ISM","1","Water",NA,370,"MG/L",NA,NA,NA,NA,2,NA,1,1,"S","PARTNTID",NA,NA
"907",999,"ALLARM","ALLARM.LT7","07/08/2008","12:00:00","TDS.1","M1",2609,"CMC","NTWQM",2008-07-08 12:00:00,0.1,"ISM","1","Water",NA,310,"MG/L",NA,NA,NA,NA,2,NA,1,1,"S","PARTNTID",NA,NA
"908",999,"ALLARM","ALLARM.LT5","11/08/2008","12:00:00","TDS.1","M1",2659,"CMC","NTWQM",2008-11-08 12:00:00,0.1,"ISM","1","Water",NA,300,"MG/L",NA,NA,NA,NA,2,NA,1,1,"S","PARTNTID",NA,NA
"909",999,"ALLARM","ALLARM.LT4","03/08/2008","12:00:00","TDS.1","M1",2554,"CMC","NTWQM",2008-03-08 12:00:00,0.1,"ISM","1","Water",NA,320,"MG/L",NA,NA,NA,NA,2,NA,1,1,"S","PARTNTID",NA,NA
"910",999,"ALLARM","ALLARM.LT2","07/08/2008","12:00:00","TDS.1","M1",2604,"CMC","NTWQM",2008-07-08 12:00:00,0.1,"ISM","1","Water",NA,280,"MG/L",NA,NA,NA,NA,2,NA,1,1,"S","PARTNTID",NA,NA
"911",999,"ALLARM","ALLARM.LT1","11/08/2008","12:00:00","TDS.1","M1",2655,"CMC","NTWQM",2008-11-08 12:00:00,0.1,"ISM","1","Water",NA,300,"MG/L",NA,NA,NA,NA,2,NA,1,1,"S","PARTNTID",NA,NA
"912",999,"ALLARM","ALLARM.LT9","04/08/2008","12:00:00","TDS.1","M1",2572,"CMC","NTWQM",2008-04-08 12:00:00,0.1,"ISM","1","Water",NA,330,"MG/L",NA,NA,NA,NA,2,NA,1,1,"S","PARTNTID",NA,NA
"913",999,"ALLARM","ALLARM.LT7","08/18/2008","12:00:00","TDS.1","M1",2622,"CMC","NTWQM",2008-08-18 12:00:00,0.1,"ISM","1","Water",NA,260,"MG/L",NA,NA,NA,NA,2,NA,1,1,"S","PARTNTID",NA,NA
"914",999,"ALLARM","ALLARM.LT5","12/01/2008","12:00:00","TDS.1","M1",2672,"CMC","NTWQM",2008-12-01 12:00:00,0.1,"ISM","1","Water",NA,310,"MG/L",NA,NA,NA,NA,2,NA,1,1,"S","PARTNTID",NA,NA
"915",999,"ALLARM","ALLARM.LT4","04/08/2008","12:00:00","TDS.1","M1",2567,"CMC","NTWQM",2008-04-08 12:00:00,0.1,"ISM","1","Water",NA,310,"MG/L",NA,NA,NA,NA,2,NA,1,1,"S","PARTNTID",NA,NA
"916",999,"ALLARM","ALLARM.LT2","08/18/2008","12:00:00","TDS.1","M1",2617,"CMC","NTWQM",2008-08-18 12:00:00,0.1,"ISM","1","Water",NA,240,"MG/L",NA,NA,NA,NA,2,NA,1,1,"S","PARTNTID",NA,NA
"917",999,"ALLARM","ALLARM.LT1","12/01/2008","12:00:00","TDS.1","M1",2668,"CMC","NTWQM",2008-12-01 12:00:00,0.1,"ISM","1","Water",NA,300,"MG/L",NA,NA,NA,NA,2,NA,1,1,"S","PARTNTID",NA,NA
"918",999,"ALLARM","ALLARM.LT9","05/08/2008","12:00:00","TDS.1","M1",2585,"CMC","NTWQM",2008-05-08 12:00:00,0.1,"ISM","1","Water",NA,320,"MG/L",NA,NA,NA,NA,2,NA,1,1,"S","PARTNTID",NA,NA
"919",999,"ALLARM","ALLARM.LT7","09/08/2008","12:00:00","TDS.1","M1",2635,"CMC","NTWQM",2008-09-08 12:00:00,0.1,"ISM","1","Water",NA,290,"MG/L",NA,NA,NA,NA,2,NA,1,1,"S","PARTNTID",NA,NA
"920",999,"ALLARM","ALLARM.LT6","01/08/2008","12:00:00","TDS.1","M1",2530,"CMC","NTWQM",2008-01-08 12:00:00,0.1,"ISM","1","Water",NA,360,"MG/L",NA,NA,NA,NA,2,NA,1,1,"S","PARTNTID",NA,NA
"921",999,"ALLARM","ALLARM.LT4","05/08/2008","12:00:00","TDS.1","M1",2580,"CMC","NTWQM",2008-05-08 12:00:00,0.1,"ISM","1","Water",NA,290,"MG/L",NA,NA,NA,NA,2,NA,1,1,"S","PARTNTID",NA,NA
"922",999,"ALLARM","ALLARM.LT2","09/08/2008","12:00:00","TDS.1","M1",2630,"CMC","NTWQM",2008-09-08 12:00:00,0.1,"ISM","1","Water",NA,270,"MG/L",NA,NA,NA,NA,2,NA,1,1,"S","PARTNTID",NA,NA
"923",999,"ALLARM","ALLARM.LT10","01/08/2008","12:00:00","TDS.1","M1",2534,"CMC","NTWQM",2008-01-08 12:00:00,0.1,"ISM","1","Water",NA,430,"MG/L",NA,NA,NA,NA,2,NA,1,1,"S","PARTNTID",NA,NA
"924",999,"ALLARM","ALLARM.LT9","06/08/2008","12:00:00","TDS.1","M1",2598,"CMC","NTWQM",2008-06-08 12:00:00,0.1,"ISM","1","Water",NA,310,"MG/L",NA,NA,NA,NA,2,NA,1,1,"S","PARTNTID",NA,NA
"925",999,"ALLARM","ALLARM.LT7","10/08/2008","12:00:00","TDS.1","M1",2648,"CMC","NTWQM",2008-10-08 12:00:00,0.1,"ISM","1","Water",NA,300,"MG/L",NA,NA,NA,NA,2,NA,1,1,"S","PARTNTID",NA,NA
"926",999,"ALLARM","ALLARM.LT6","02/08/2008","12:00:00","TDS.1","M1",2543,"CMC","NTWQM",2008-02-08 12:00:00,0.1,"ISM","1","Water",NA,330,"MG/L",NA,NA,NA,NA,2,NA,1,1,"S","PARTNTID",NA,NA
"927",999,"ALLARM","ALLARM.LT4","06/08/2008","12:00:00","TDS.1","M1",2593,"CMC","NTWQM",2008-06-08 12:00:00,0.1,"ISM","1","Water",NA,290,"MG/L",NA,NA,NA,NA,2,NA,1,1,"S","PARTNTID",NA,NA
"928",999,"ALLARM","ALLARM.LT2","10/08/2008","12:00:00","TDS.1","M1",2643,"CMC","NTWQM",2008-10-08 12:00:00,0.1,"ISM","1","Water",NA,260,"MG/L",NA,NA,NA,NA,2,NA,1,1,"S","PARTNTID",NA,NA
"929",999,"ALLARM","ALLARM.LT10","02/08/2008","12:00:00","TDS.1","M1",2547,"CMC","NTWQM",2008-02-08 12:00:00,0.1,"ISM","1","Water",NA,500,"MG/L",NA,NA,NA,NA,2,NA,1,1,"S","PARTNTID",NA,NA
"930",999,"ALLARM","ALLARM.LT9","07/08/2008","12:00:00","TDS.1","M1",2611,"CMC","NTWQM",2008-07-08 12:00:00,0.1,"ISM","1","Water",NA,320,"MG/L",NA,NA,NA,NA,2,NA,1,1,"S","PARTNTID",NA,NA
"931",999,"ALLARM","ALLARM.LT7","11/08/2008","12:00:00","TDS.1","M1",2661,"CMC","NTWQM",2008-11-08 12:00:00,0.1,"ISM","1","Water",NA,320,"MG/L",NA,NA,NA,NA,2,NA,1,1,"S","PARTNTID",NA,NA
"932",999,"ALLARM","ALLARM.LT6","03/08/2008","12:00:00","TDS.1","M1",2556,"CMC","NTWQM",2008-03-08 12:00:00,0.1,"ISM","1","Water",NA,330,"MG/L",NA,NA,NA,NA,2,NA,1,1,"S","PARTNTID",NA,NA
"933",999,"ALLARM","ALLARM.LT4","07/08/2008","12:00:00","TDS.1","M1",2606,"CMC","NTWQM",2008-07-08 12:00:00,0.1,"ISM","1","Water",NA,290,"MG/L",NA,NA,NA,NA,2,NA,1,1,"S","PARTNTID",NA,NA
"934",999,"ALLARM","ALLARM.LT2","11/08/2008","12:00:00","TDS.1","M1",2656,"CMC","NTWQM",2008-11-08 12:00:00,0.1,"ISM","1","Water",NA,280,"MG/L",NA,NA,NA,NA,2,NA,1,1,"S","PARTNTID",NA,NA
"935",999,"ALLARM","ALLARM.LT10","03/08/2008","12:00:00","TDS.1","M1",2560,"CMC","NTWQM",2008-03-08 12:00:00,0.1,"ISM","1","Water",NA,380,"MG/L",NA,NA,NA,NA,2,NA,1,1,"S","PARTNTID",NA,NA
"936",999,"ALLARM","ALLARM.LT9","08/18/2008","12:00:00","TDS.1","M1",2624,"CMC","NTWQM",2008-08-18 12:00:00,0.1,"ISM","1","Water",NA,260,"MG/L",NA,NA,NA,NA,2,NA,1,1,"S","PARTNTID",NA,NA
"937",999,"ALLARM","ALLARM.LT7","12/01/2008","12:00:00","TDS.1","M1",2674,"CMC","NTWQM",2008-12-01 12:00:00,0.1,"ISM","1","Water",NA,340,"MG/L",NA,NA,NA,NA,2,NA,1,1,"S","PARTNTID",NA,NA
"938",999,"ALLARM","ALLARM.LT6","04/08/2008","12:00:00","TDS.1","M1",2569,"CMC","NTWQM",2008-04-08 12:00:00,0.1,"ISM","1","Water",NA,290,"MG/L",NA,NA,NA,NA,2,NA,1,1,"S","PARTNTID",NA,NA
"939",999,"ALLARM","ALLARM.LT4","08/18/2008","12:00:00","TDS.1","M1",2619,"CMC","NTWQM",2008-08-18 12:00:00,0.1,"ISM","1","Water",NA,240,"MG/L",NA,NA,NA,NA,2,NA,1,1,"S","PARTNTID",NA,NA
"940",999,"ALLARM","ALLARM.LT2","12/01/2008","12:00:00","TDS.1","M1",2669,"CMC","NTWQM",2008-12-01 12:00:00,0.1,"ISM","1","Water",NA,290,"MG/L",NA,NA,NA,NA,2,NA,1,1,"S","PARTNTID",NA,NA
"941",999,"ALLARM","ALLARM.LT10","04/08/2008","12:00:00","TDS.1","M1",2573,"CMC","NTWQM",2008-04-08 12:00:00,0.1,"ISM","1","Water",NA,330,"MG/L",NA,NA,NA,NA,2,NA,1,1,"S","PARTNTID",NA,NA
"942",999,"ALLARM","ALLARM.LT9","09/08/2008","12:00:00","TDS.1","M1",2637,"CMC","NTWQM",2008-09-08 12:00:00,0.1,"ISM","1","Water",NA,350,"MG/L",NA,NA,NA,NA,2,NA,1,1,"S","PARTNTID",NA,NA
"943",999,"ALLARM","ALLARM.LT8","01/08/2008","12:00:00","TDS.1","M1",2532,"CMC","NTWQM",2008-01-08 12:00:00,0.1,"ISM","1","Water",NA,360,"MG/L",NA,NA,NA,NA,2,NA,1,1,"S","PARTNTID",NA,NA
"944",999,"ALLARM","ALLARM.LT6","05/08/2008","12:00:00","TDS.1","M1",2582,"CMC","NTWQM",2008-05-08 12:00:00,0.1,"ISM","1","Water",NA,300,"MG/L",NA,NA,NA,NA,2,NA,1,1,"S","PARTNTID",NA,NA
"945",999,"ALLARM","ALLARM.LT4","09/08/2008","12:00:00","TDS.1","M1",2632,"CMC","NTWQM",2008-09-08 12:00:00,0.1,"ISM","1","Water",NA,280,"MG/L",NA,NA,NA,NA,2,NA,1,1,"S","PARTNTID",NA,NA
"946",999,"ALLARM","ALLARM.LT3","01/08/2008","12:00:00","TDS.1","M1",2527,"CMC","NTWQM",2008-01-08 12:00:00,0.1,"ISM","1","Water",NA,310,"MG/L",NA,NA,NA,NA,2,NA,1,1,"S","PARTNTID",NA,NA
"947",999,"ALLARM","ALLARM.LT10","05/08/2008","12:00:00","TDS.1","M1",2586,"CMC","NTWQM",2008-05-08 12:00:00,0.1,"ISM","1","Water",NA,320,"MG/L",NA,NA,NA,NA,2,NA,1,1,"S","PARTNTID",NA,NA
"948",999,"ALLARM","ALLARM.LT9","10/08/2008","12:00:00","TDS.1","M1",2650,"CMC","NTWQM",2008-10-08 12:00:00,0.1,"ISM","1","Water",NA,320,"MG/L",NA,NA,NA,NA,2,NA,1,1,"S","PARTNTID",NA,NA
"949",999,"ALLARM","ALLARM.LT8","02/08/2008","12:00:00","TDS.1","M1",2545,"CMC","NTWQM",2008-02-08 12:00:00,0.1,"ISM","1","Water",NA,380,"MG/L",NA,NA,NA,NA,2,NA,1,1,"S","PARTNTID",NA,NA
"950",999,"ALLARM","ALLARM.LT6","06/08/2008","12:00:00","TDS.1","M1",2595,"CMC","NTWQM",2008-06-08 12:00:00,0.1,"ISM","1","Water",NA,300,"MG/L",NA,NA,NA,NA,2,NA,1,1,"S","PARTNTID",NA,NA
"951",999,"ALLARM","ALLARM.LT4","10/08/2008","12:00:00","TDS.1","M1",2645,"CMC","NTWQM",2008-10-08 12:00:00,0.1,"ISM","1","Water",NA,280,"MG/L",NA,NA,NA,NA,2,NA,1,1,"S","PARTNTID",NA,NA
"952",999,"ALLARM","ALLARM.LT3","02/08/2008","12:00:00","TDS.1","M1",2540,"CMC","NTWQM",2008-02-08 12:00:00,0.1,"ISM","1","Water",NA,320,"MG/L",NA,NA,NA,NA,2,NA,1,1,"S","PARTNTID",NA,NA
"953",999,"ALLARM","ALLARM.LT10","06/08/2008","12:00:00","TDS.1","M1",2599,"CMC","NTWQM",2008-06-08 12:00:00,0.1,"ISM","1","Water",NA,320,"MG/L",NA,NA,NA,NA,2,NA,1,1,"S","PARTNTID",NA,NA
"954",999,"ALLARM","ALLARM.LT9","11/08/2008","12:00:00","TDS.1","M1",2663,"CMC","NTWQM",2008-11-08 12:00:00,0.1,"ISM","1","Water",NA,330,"MG/L",NA,NA,NA,NA,2,NA,1,1,"S","PARTNTID",NA,NA
"955",999,"ALLARM","ALLARM.LT8","03/08/2008","12:00:00","TDS.1","M1",2558,"CMC","NTWQM",2008-03-08 12:00:00,0.1,"ISM","1","Water",NA,360,"MG/L",NA,NA,NA,NA,2,NA,1,1,"S","PARTNTID",NA,NA
"956",999,"ALLARM","ALLARM.LT6","07/08/2008","12:00:00","TDS.1","M1",2608,"CMC","NTWQM",2008-07-08 12:00:00,0.1,"ISM","1","Water",NA,290,"MG/L",NA,NA,NA,NA,2,NA,1,1,"S","PARTNTID",NA,NA
"957",999,"ALLARM","ALLARM.LT4","11/08/2008","12:00:00","TDS.1","M1",2658,"CMC","NTWQM",2008-11-08 12:00:00,0.1,"ISM","1","Water",NA,300,"MG/L",NA,NA,NA,NA,2,NA,1,1,"S","PARTNTID",NA,NA
"958",999,"ALLARM","ALLARM.LT3","03/08/2008","12:00:00","TDS.1","M1",2553,"CMC","NTWQM",2008-03-08 12:00:00,0.1,"ISM","1","Water",NA,320,"MG/L",NA,NA,NA,NA,2,NA,1,1,"S","PARTNTID",NA,NA
"959",999,"ALLARM","ALLARM.LT10","07/08/2008","12:00:00","TDS.1","M1",2612,"CMC","NTWQM",2008-07-08 12:00:00,0.1,"ISM","1","Water",NA,330,"MG/L",NA,NA,NA,NA,2,NA,1,1,"S","PARTNTID",NA,NA
"960",999,"ALLARM","ALLARM.LT9","12/01/2008","12:00:00","TDS.1","M1",2676,"CMC","NTWQM",2008-12-01 12:00:00,0.1,"ISM","1","Water",NA,350,"MG/L",NA,NA,NA,NA,2,NA,1,1,"S","PARTNTID",NA,NA
"961",999,"ALLARM","ALLARM.LT8","04/08/2008","12:00:00","TDS.1","M1",2571,"CMC","NTWQM",2008-04-08 12:00:00,0.1,"ISM","1","Water",NA,330,"MG/L",NA,NA,NA,NA,2,NA,1,1,"S","PARTNTID",NA,NA
"962",999,"ALLARM","ALLARM.LT6","08/18/2008","12:00:00","TDS.1","M1",2621,"CMC","NTWQM",2008-08-18 12:00:00,0.1,"ISM","1","Water",NA,240,"MG/L",NA,NA,NA,NA,2,NA,1,1,"S","PARTNTID",NA,NA
"963",999,"ALLARM","ALLARM.LT4","12/01/2008","12:00:00","TDS.1","M1",2671,"CMC","NTWQM",2008-12-01 12:00:00,0.1,"ISM","1","Water",NA,310,"MG/L",NA,NA,NA,NA,2,NA,1,1,"S","PARTNTID",NA,NA
"964",999,"ALLARM","ALLARM.LT3","04/08/2008","12:00:00","TDS.1","M1",2566,"CMC","NTWQM",2008-04-08 12:00:00,0.1,"ISM","1","Water",NA,290,"MG/L",NA,NA,NA,NA,2,NA,1,1,"S","PARTNTID",NA,NA
"965",999,"ALLARM","ALLARM.LT10","08/18/2008","12:00:00","TDS.1","M1",2625,"CMC","NTWQM",2008-08-18 12:00:00,0.1,"ISM","1","Water",NA,270,"MG/L",NA,NA,NA,NA,2,NA,1,1,"S","PARTNTID",NA,NA
"966",999,"ALLARM","ALLARM.MG1","01/08/2008","12:00:00","TDS.1","M1",2535,"CMC","NTWQM",2008-01-08 12:00:00,0.1,"ISM","1","Water",NA,570,"MG/L",NA,NA,NA,NA,2,NA,1,1,"S","PARTNTID",NA,NA
"967",999,"ALLARM","ALLARM.LT8","05/08/2008","12:00:00","TDS.1","M1",2584,"CMC","NTWQM",2008-05-08 12:00:00,0.1,"ISM","1","Water",NA,310,"MG/L",NA,NA,NA,NA,2,NA,1,1,"S","PARTNTID",NA,NA
"968",999,"ALLARM","ALLARM.MG1","08/18/2008","12:00:00","TDS.1","M1",2626,"CMC","NTWQM",2008-08-18 12:00:00,0.1,"ISM","1","Water",NA,390,"MG/L",NA,NA,NA,NA,2,NA,1,1,"S","PARTNTID",NA,NA
"969",999,"ALLARM","ALLARM.MG2","05/08/2008","12:00:00","TDS.1","M1",2588,"CMC","NTWQM",2008-05-08 12:00:00,0.1,"ISM","1","Water",NA,460,"MG/L",NA,NA,NA,NA,2,NA,1,1,"S","PARTNTID",NA,NA
"970",999,"ALLARM","ALLARM.MG2","03/08/2008","12:00:00","TDS.1","M1",2562,"CMC","NTWQM",2008-03-08 12:00:00,0.1,"ISM","1","Water",NA,520,"MG/L",NA,NA,NA,NA,2,NA,1,1,"S","PARTNTID",NA,NA
"971",999,"ALLARM","ALLARM.MG2","10/08/2008","12:00:00","TDS.1","M1",2653,"CMC","NTWQM",2008-10-08 12:00:00,0.1,"ISM","1","Water",NA,440,"MG/L",NA,NA,NA,NA,2,NA,1,1,"S","PARTNTID",NA,NA
"972",999,"ALLARM","ALLARM.MG1","02/08/2008","12:00:00","TDS.1","M1",2548,"CMC","NTWQM",2008-02-08 12:00:00,0.1,"ISM","1","Water",NA,520,"MG/L",NA,NA,NA,NA,2,NA,1,1,"S","PARTNTID",NA,NA
"973",999,"ALLARM","ALLARM.MG1","11/08/2008","12:00:00","TDS.1","M1",2665,"CMC","NTWQM",2008-11-08 12:00:00,0.1,"ISM","1","Water",NA,460,"MG/L",NA,NA,NA,NA,2,NA,1,1,"S","PARTNTID",NA,NA
"974",999,"ALLARM","ALLARM.MG1","09/08/2008","12:00:00","TDS.1","M1",2639,"CMC","NTWQM",2008-09-08 12:00:00,0.1,"ISM","1","Water",NA,450,"MG/L",NA,NA,NA,NA,2,NA,1,1,"S","PARTNTID",NA,NA
"975",999,"ALLARM","ALLARM.WL","01/08/2008","12:00:00","TDS.1","M1",2537,"CMC","NTWQM",2008-01-08 12:00:00,0.1,"ISM","1","Water",NA,390,"MG/L",NA,NA,NA,NA,2,NA,1,1,"S","PARTNTID",NA,NA
"976",999,"ALLARM","ALLARM.MG2","04/08/2008","12:00:00","TDS.1","M1",2575,"CMC","NTWQM",2008-04-08 12:00:00,0.1,"ISM","1","Water",NA,480,"MG/L",NA,NA,NA,NA,2,NA,1,1,"S","PARTNTID",NA,NA
"977",999,"ALLARM","ALLARM.MG2","11/08/2008","12:00:00","TDS.1","M1",2666,"CMC","NTWQM",2008-11-08 12:00:00,0.1,"ISM","1","Water",NA,460,"MG/L",NA,NA,NA,NA,2,NA,1,1,"S","PARTNTID",NA,NA
"978",999,"ALLARM","ALLARM.MG1","03/08/2008","12:00:00","TDS.1","M1",2561,"CMC","NTWQM",2008-03-08 12:00:00,0.1,"ISM","1","Water",NA,520,"MG/L",NA,NA,NA,NA,2,NA,1,1,"S","PARTNTID",NA,NA
"979",999,"ALLARM","ALLARM.MG1","12/01/2008","12:00:00","TDS.1","M1",2678,"CMC","NTWQM",2008-12-01 12:00:00,0.1,"ISM","1","Water",NA,420,"MG/L",NA,NA,NA,NA,2,NA,1,1,"S","PARTNTID",NA,NA
"980",999,"ALLARM","ALLARM.MG1","10/08/2008","12:00:00","TDS.1","M1",2652,"CMC","NTWQM",2008-10-08 12:00:00,0.1,"ISM","1","Water",NA,430,"MG/L",NA,NA,NA,NA,2,NA,1,1,"S","PARTNTID",NA,NA
"981",999,"ALLARM","ALLARM.WL","02/08/2008","12:00:00","TDS.1","M1",2550,"CMC","NTWQM",2008-02-08 12:00:00,0.1,"ISM","1","Water",NA,520,"MG/L",NA,NA,NA,NA,2,NA,1,1,"S","PARTNTID",NA,NA
"982",999,"ALLARM","ALLARM.WL","11/08/2008","12:00:00","TDS.1","M1",2667,"CMC","NTWQM",2008-11-08 12:00:00,0.1,"ISM","1","Water",NA,410,"MG/L",NA,NA,NA,NA,2,NA,1,1,"S","PARTNTID",NA,NA
"983",999,"ALLARM","ALLARM.MG2","12/01/2008","12:00:00","TDS.1","M1",2679,"CMC","NTWQM",2008-12-01 12:00:00,0.1,"ISM","1","Water",NA,430,"MG/L",NA,NA,NA,NA,2,NA,1,1,"S","PARTNTID",NA,NA
"984",999,"ALLARM","ALLARM.MG1","04/08/2008","12:00:00","TDS.1","M1",2574,"CMC","NTWQM",2008-04-08 12:00:00,0.1,"ISM","1","Water",NA,500,"MG/L",NA,NA,NA,NA,2,NA,1,1,"S","PARTNTID",NA,NA
"985",999,"ALLARM","ALLARM.MG2","01/08/2008","12:00:00","TDS.1","M1",2536,"CMC","NTWQM",2008-01-08 12:00:00,0.1,"ISM","1","Water",NA,520,"MG/L",NA,NA,NA,NA,2,NA,1,1,"S","PARTNTID",NA,NA
"986",999,"ALLARM","ALLARM.WL","05/08/2008","12:00:00","TDS.1","M1",2589,"CMC","NTWQM",2008-05-08 12:00:00,0.1,"ISM","1","Water",NA,450,"MG/L",NA,NA,NA,NA,2,NA,1,1,"S","PARTNTID",NA,NA
"987",999,"ALLARM","ALLARM.WL","03/08/2008","12:00:00","TDS.1","M1",2563,"CMC","NTWQM",2008-03-08 12:00:00,0.1,"ISM","1","Water",NA,520,"MG/L",NA,NA,NA,NA,2,NA,1,1,"S","PARTNTID",NA,NA
"988",999,"ALLARM","ALLARM.WL","12/01/2008","12:00:00","TDS.1","M1",2680,"CMC","NTWQM",2008-12-01 12:00:00,0.1,"ISM","1","Water",NA,410,"MG/L",NA,NA,NA,NA,2,NA,1,1,"S","PARTNTID",NA,NA
"989",999,"ALLARM","ALLARM.MG1","07/08/2008","12:00:00","TDS.1","M1",2613,"CMC","NTWQM",2008-07-08 12:00:00,0.1,"ISM","1","Water",NA,450,"MG/L",NA,NA,NA,NA,2,NA,1,1,"S","PARTNTID",NA,NA
"990",999,"ALLARM","ALLARM.MG1","05/08/2008","12:00:00","TDS.1","M1",2587,"CMC","NTWQM",2008-05-08 12:00:00,0.1,"ISM","1","Water",NA,460,"MG/L",NA,NA,NA,NA,2,NA,1,1,"S","PARTNTID",NA,NA
"991",999,"ALLARM","ALLARM.MG2","02/08/2008","12:00:00","TDS.1","M1",2549,"CMC","NTWQM",2008-02-08 12:00:00,0.1,"ISM","1","Water",NA,510,"MG/L",NA,NA,NA,NA,2,NA,1,1,"S","PARTNTID",NA,NA
"992",999,"ALLARM","ALLARM.WL","06/08/2008","12:00:00","TDS.1","M1",2602,"CMC","NTWQM",2008-06-08 12:00:00,0.1,"ISM","1","Water",NA,420,"MG/L",NA,NA,NA,NA,2,NA,1,1,"S","PARTNTID",NA,NA
"993",999,"ALLARM","ALLARM.WL","04/08/2008","12:00:00","TDS.1","M1",2576,"CMC","NTWQM",2008-04-08 12:00:00,0.1,"ISM","1","Water",NA,480,"MG/L",NA,NA,NA,NA,2,NA,1,1,"S","PARTNTID",NA,NA
"994",999,"ALLARM","ALLARM.MG2","09/08/2008","12:00:00","TDS.1","M1",2640,"CMC","NTWQM",2008-09-08 12:00:00,0.1,"ISM","1","Water",NA,430,"MG/L",NA,NA,NA,NA,2,NA,1,1,"S","PARTNTID",NA,NA
"995",999,"ALLARM","ALLARM.MG2","07/08/2008","12:00:00","TDS.1","M1",2614,"CMC","NTWQM",2008-07-08 12:00:00,0.1,"ISM","1","Water",NA,450,"MG/L",NA,NA,NA,NA,2,NA,1,1,"S","PARTNTID",NA,NA
"996",999,"ALLARM","ALLARM.MG1","06/08/2008","12:00:00","TDS.1","M1",2600,"CMC","NTWQM",2008-06-08 12:00:00,0.1,"ISM","1","Water",NA,450,"MG/L",NA,NA,NA,NA,2,NA,1,1,"S","PARTNTID",NA,NA
"997",999,"ALLARM","ALLARM.WL","09/08/2008","12:00:00","TDS.1","M1",2641,"CMC","NTWQM",2008-09-08 12:00:00,0.1,"ISM","1","Water",NA,420,"MG/L",NA,NA,NA,NA,2,NA,1,1,"S","PARTNTID",NA,NA
"998",999,"ALLARM","ALLARM.WL","07/08/2008","12:00:00","TDS.1","M1",2615,"CMC","NTWQM",2008-07-08 12:00:00,0.1,"ISM","1","Water",NA,300,"MG/L",NA,NA,NA,NA,2,NA,1,1,"S","PARTNTID",NA,NA
"999",999,"ALLARM","ALLARM.WL","10/08/2008","12:00:00","TDS.1","M1",2654,"CMC","NTWQM",2008-10-08 12:00:00,0.1,"ISM","1","Water",NA,210,"MG/L",NA,NA,NA,NA,2,NA,1,1,"S","PARTNTID",NA,NA
"1000",999,"ALLARM","ALLARM.WL","08/18/2008","12:00:00","TDS.1","M1",2628,"CMC","NTWQM",2008-08-18 12:00:00,0.1,"ISM","1","Water",NA,250,"MG/L",NA,NA,NA,NA,2,NA,1,1,"S","PARTNTID",NA,NA
"1001",999,"ALLARM","ALLARM.MG2","08/18/2008","12:00:00","TDS.1","M1",2627,"CMC","NTWQM",2008-08-18 12:00:00,0.1,"ISM","1","Water",NA,380,"MG/L",NA,NA,NA,NA,2,NA,1,1,"S","PARTNTID",NA,NA
"1002",999,"ALLARM","ALLARM.MG2","06/08/2008","12:00:00","TDS.1","M1",2601,"CMC","NTWQM",2008-06-08 12:00:00,0.1,"ISM","1","Water",NA,450,"MG/L",NA,NA,NA,NA,2,NA,1,1,"S","PARTNTID",NA,NA
