"","paramMethod","SOURCE","STATION","SAMPLE_DATE","SAMPLE_TIME","paramCode","SAMPLE_ID","EventId","AGENCY","PROGRAM","DateTime","DEPTH","SAMPLE_TYPE","TIER","Matrix","QUALIFIER","VALUE","UNITS","PROBLEM","LAB","labName","detLimit","qaFlag","COMMENTS","count.x","count.y","LAYER","PROJECT","SampleAnalyticalMethodIdentifier","SubstanceIdentificationName"
"469",189,"ALLARM","ALLARM.LT9","01/08/2008","12:00:00","OP.5","S1",2533,"CMC","NTWQM",2008-01-08 12:00:00,0.1,"D","2","Water",NA,0,"MG/L",NA,"ACARL","ALLARM Community Aquatic Research Laboratory",0.02,2,NA,1,1,"S","PARTNTID","L02 ","PO4F"
"470",189,"ALLARM","ALLARM.LT9","02/08/2008","12:00:00","OP.5","S1",2546,"CMC","NTWQM",2008-02-08 12:00:00,0.1,"D","2","Water",NA,0,"MG/L",NA,"ACARL","ALLARM Community Aquatic Research Laboratory",0.02,2,NA,1,1,"S","PARTNTID","L02 ","PO4F"
"471",189,"ALLARM","ALLARM.LT8","10/08/2008","12:00:00","OP.5","S1",2649,"CMC","NTWQM",2008-10-08 12:00:00,0.1,"D","2","Water",NA,0,"MG/L",NA,"ACARL","ALLARM Community Aquatic Research Laboratory",0.02,2,NA,1,1,"S","PARTNTID","L02 ","PO4F"
"473",189,"ALLARM","ALLARM.LT8","12/01/2008","12:00:00","OP.5","S1",2675,"CMC","NTWQM",2008-12-01 12:00:00,0.1,"D","2","Water",NA,0,"MG/L",NA,"ACARL","ALLARM Community Aquatic Research Laboratory",0.02,2,NA,1,1,"S","PARTNTID","L02 ","PO4F"
"475",189,"ALLARM","ALLARM.LT10","05/08/2008","12:00:00","OP.5","S1",2586,"CMC","NTWQM",2008-05-08 12:00:00,0.1,"D","2","Water",NA,0,"MG/L",NA,"ACARL","ALLARM Community Aquatic Research Laboratory",0.02,2,NA,1,1,"S","PARTNTID","L02 ","PO4F"
"476",189,"ALLARM","ALLARM.LT8","11/08/2008","12:00:00","OP.5","S1",2662,"CMC","NTWQM",2008-11-08 12:00:00,0.1,"D","2","Water",NA,0,"MG/L",NA,"ACARL","ALLARM Community Aquatic Research Laboratory",0.02,2,NA,1,1,"S","PARTNTID","L02 ","PO4F"
"478",189,"ALLARM","ALLARM.LT1","02/08/2008","12:00:00","OP.5","S1",2538,"CMC","NTWQM",2008-02-08 12:00:00,0.1,"D","2","Water",NA,0,"MG/L",NA,"ACARL","ALLARM Community Aquatic Research Laboratory",0.02,2,NA,1,1,"S","PARTNTID","L02 ","PO4F"
"479",189,"ALLARM","ALLARM.LT6","04/08/2008","12:00:00","OP.5","S1",2569,"CMC","NTWQM",2008-04-08 12:00:00,0.1,"D","2","Water",NA,0,"MG/L",NA,"ACARL","ALLARM Community Aquatic Research Laboratory",0.02,2,NA,1,1,"S","PARTNTID","L02 ","PO4F"
"482",189,"ALLARM","ALLARM.LT10","04/08/2008","12:00:00","OP.5","S1",2573,"CMC","NTWQM",2008-04-08 12:00:00,0.1,"D","2","Water",NA,0,"MG/L",NA,"ACARL","ALLARM Community Aquatic Research Laboratory",0.02,2,NA,1,1,"S","PARTNTID","L02 ","PO4F"
"484",189,"ALLARM","ALLARM.LT1","03/08/2008","12:00:00","OP.5","S1",2551,"CMC","NTWQM",2008-03-08 12:00:00,0.1,"D","2","Water",NA,0,"MG/L",NA,"ACARL","ALLARM Community Aquatic Research Laboratory",0.02,2,NA,1,1,"S","PARTNTID","L02 ","PO4F"
"485",189,"ALLARM","ALLARM.LT6","05/08/2008","12:00:00","OP.5","S1",2582,"CMC","NTWQM",2008-05-08 12:00:00,0.1,"D","2","Water",NA,0,"MG/L",NA,"ACARL","ALLARM Community Aquatic Research Laboratory",0.02,2,NA,1,1,"S","PARTNTID","L02 ","PO4F"
"488",189,"ALLARM","ALLARM.LT8","06/08/2008","12:00:00","OP.5","S1",2597,"CMC","NTWQM",2008-06-08 12:00:00,0.1,"D","2","Water",NA,0,"MG/L",NA,"ACARL","ALLARM Community Aquatic Research Laboratory",0.02,2,NA,1,1,"S","PARTNTID","L02 ","PO4F"
"490",189,"ALLARM","ALLARM.LT5","02/08/2008","12:00:00","OP.5","S1",2542,"CMC","NTWQM",2008-02-08 12:00:00,0.1,"D","2","Water",NA,0,"MG/L",NA,"ACARL","ALLARM Community Aquatic Research Laboratory",0.02,2,NA,1,1,"S","PARTNTID","L02 ","PO4F"
"491",189,"ALLARM","ALLARM.LT6","06/08/2008","12:00:00","OP.5","S1",2595,"CMC","NTWQM",2008-06-08 12:00:00,0.1,"D","2","Water",NA,0,"MG/L",NA,"ACARL","ALLARM Community Aquatic Research Laboratory",0.02,2,NA,1,1,"S","PARTNTID","L02 ","PO4F"
"492",189,"ALLARM","ALLARM.LT10","10/08/2008","12:00:00","OP.5","S1",2651,"CMC","NTWQM",2008-10-08 12:00:00,0.1,"D","2","Water",NA,0,"MG/L",NA,"ACARL","ALLARM Community Aquatic Research Laboratory",0.02,2,NA,1,1,"S","PARTNTID","L02 ","PO4F"
"493",189,"ALLARM","ALLARM.MG1","03/08/2008","12:00:00","OP.5","S1",2561,"CMC","NTWQM",2008-03-08 12:00:00,0.1,"D","2","Water",NA,0,"MG/L",NA,"ACARL","ALLARM Community Aquatic Research Laboratory",0.02,2,NA,1,1,"S","PARTNTID","L02 ","PO4F"
"496",189,"ALLARM","ALLARM.LT5","03/08/2008","12:00:00","OP.5","S1",2555,"CMC","NTWQM",2008-03-08 12:00:00,0.1,"D","2","Water",NA,0,"MG/L",NA,"ACARL","ALLARM Community Aquatic Research Laboratory",0.02,2,NA,1,1,"S","PARTNTID","L02 ","PO4F"
"502",189,"ALLARM","ALLARM.LT5","04/08/2008","12:00:00","OP.5","S1",2568,"CMC","NTWQM",2008-04-08 12:00:00,0.1,"D","2","Water",NA,0,"MG/L",NA,"ACARL","ALLARM Community Aquatic Research Laboratory",0.02,2,NA,1,1,"S","PARTNTID","L02 ","PO4F"
"503",189,"ALLARM","ALLARM.LT9","10/08/2008","12:00:00","OP.5","S1",2650,"CMC","NTWQM",2008-10-08 12:00:00,0.1,"D","2","Water",NA,0,"MG/L",NA,"ACARL","ALLARM Community Aquatic Research Laboratory",0.02,2,NA,1,1,"S","PARTNTID","L02 ","PO4F"
"505",189,"ALLARM","ALLARM.LT1","04/08/2008","12:00:00","OP.5","S1",2564,"CMC","NTWQM",2008-04-08 12:00:00,0.1,"D","2","Water",NA,0,"MG/L",NA,"ACARL","ALLARM Community Aquatic Research Laboratory",0.02,2,NA,1,1,"S","PARTNTID","L02 ","PO4F"
"507",189,"ALLARM","ALLARM.LT9","04/08/2008","12:00:00","OP.5","S1",2572,"CMC","NTWQM",2008-04-08 12:00:00,0.1,"D","2","Water",NA,0,"MG/L",NA,"ACARL","ALLARM Community Aquatic Research Laboratory",0.02,2,NA,1,1,"S","PARTNTID","L02 ","PO4F"
"508",189,"ALLARM","ALLARM.LT5","05/08/2008","12:00:00","OP.5","S1",2581,"CMC","NTWQM",2008-05-08 12:00:00,0.1,"D","2","Water",NA,0,"MG/L",NA,"ACARL","ALLARM Community Aquatic Research Laboratory",0.02,2,NA,1,1,"S","PARTNTID","L02 ","PO4F"
"510",189,"ALLARM","ALLARM.LT2","01/08/2008","12:00:00","OP.5","S1",2526,"CMC","NTWQM",2008-01-08 12:00:00,0.1,"D","2","Water",NA,0,"MG/L",NA,"ACARL","ALLARM Community Aquatic Research Laboratory",0.02,2,NA,1,1,"S","PARTNTID","L02 ","PO4F"
"513",189,"ALLARM","ALLARM.LT9","05/08/2008","12:00:00","OP.5","S1",2585,"CMC","NTWQM",2008-05-08 12:00:00,0.1,"D","2","Water",NA,0,"MG/L",NA,"ACARL","ALLARM Community Aquatic Research Laboratory",0.02,2,NA,1,1,"S","PARTNTID","L02 ","PO4F"
"514",189,"ALLARM","ALLARM.LT5","06/08/2008","12:00:00","OP.5","S1",2594,"CMC","NTWQM",2008-06-08 12:00:00,0.1,"D","2","Water",NA,0,"MG/L",NA,"ACARL","ALLARM Community Aquatic Research Laboratory",0.02,2,NA,1,1,"S","PARTNTID","L02 ","PO4F"
"516",189,"ALLARM","ALLARM.LT2","02/08/2008","12:00:00","OP.5","S1",2539,"CMC","NTWQM",2008-02-08 12:00:00,0.1,"D","2","Water",NA,0,"MG/L",NA,"ACARL","ALLARM Community Aquatic Research Laboratory",0.02,2,NA,1,1,"S","PARTNTID","L02 ","PO4F"
"522",189,"ALLARM","ALLARM.LT2","03/08/2008","12:00:00","OP.5","S1",2552,"CMC","NTWQM",2008-03-08 12:00:00,0.1,"D","2","Water",NA,0,"MG/L",NA,"ACARL","ALLARM Community Aquatic Research Laboratory",0.02,2,NA,1,1,"S","PARTNTID","L02 ","PO4F"
"527",189,"ALLARM","ALLARM.MG1","02/08/2008","12:00:00","OP.5","S1",2548,"CMC","NTWQM",2008-02-08 12:00:00,0.1,"D","2","Water",NA,0,"MG/L",NA,"ACARL","ALLARM Community Aquatic Research Laboratory",0.02,2,NA,1,1,"S","PARTNTID","L02 ","PO4F"
"528",189,"ALLARM","ALLARM.LT2","04/08/2008","12:00:00","OP.5","S1",2565,"CMC","NTWQM",2008-04-08 12:00:00,0.1,"D","2","Water",NA,0,"MG/L",NA,"ACARL","ALLARM Community Aquatic Research Laboratory",0.02,2,NA,1,1,"S","PARTNTID","L02 ","PO4F"
"533",189,"ALLARM","ALLARM.LT4","01/08/2008","12:00:00","OP.5","S1",2528,"CMC","NTWQM",2008-01-08 12:00:00,0.1,"D","2","Water",NA,0,"MG/L",NA,"ACARL","ALLARM Community Aquatic Research Laboratory",0.02,2,NA,1,1,"S","PARTNTID","L02 ","PO4F"
"534",189,"ALLARM","ALLARM.LT2","05/08/2008","12:00:00","OP.5","S1",2578,"CMC","NTWQM",2008-05-08 12:00:00,0.1,"D","2","Water",NA,0,"MG/L",NA,"ACARL","ALLARM Community Aquatic Research Laboratory",0.02,2,NA,1,1,"S","PARTNTID","L02 ","PO4F"
"536",189,"ALLARM","ALLARM.LT2","12/01/2008","12:00:00","OP.5","S1",2669,"CMC","NTWQM",2008-12-01 12:00:00,0.1,"D","2","Water",NA,0,"MG/L",NA,"ACARL","ALLARM Community Aquatic Research Laboratory",0.02,2,NA,1,1,"S","PARTNTID","L02 ","PO4F"
"539",189,"ALLARM","ALLARM.LT4","02/08/2008","12:00:00","OP.5","S1",2541,"CMC","NTWQM",2008-02-08 12:00:00,0.1,"D","2","Water",NA,0,"MG/L",NA,"ACARL","ALLARM Community Aquatic Research Laboratory",0.02,2,NA,1,1,"S","PARTNTID","L02 ","PO4F"
"540",189,"ALLARM","ALLARM.LT2","06/08/2008","12:00:00","OP.5","S1",2591,"CMC","NTWQM",2008-06-08 12:00:00,0.1,"D","2","Water",NA,0,"MG/L",NA,"ACARL","ALLARM Community Aquatic Research Laboratory",0.02,2,NA,1,1,"S","PARTNTID","L02 ","PO4F"
"542",189,"ALLARM","ALLARM.LT3","01/08/2008","12:00:00","OP.5","S1",2527,"CMC","NTWQM",2008-01-08 12:00:00,0.1,"D","2","Water",NA,0,"MG/L",NA,"ACARL","ALLARM Community Aquatic Research Laboratory",0.02,2,NA,1,1,"S","PARTNTID","L02 ","PO4F"
"544",189,"ALLARM","ALLARM.LT5","11/08/2008","12:00:00","OP.5","S1",2659,"CMC","NTWQM",2008-11-08 12:00:00,0.1,"D","2","Water",NA,0,"MG/L",NA,"ACARL","ALLARM Community Aquatic Research Laboratory",0.02,2,NA,1,1,"S","PARTNTID","L02 ","PO4F"
"545",189,"ALLARM","ALLARM.LT4","03/08/2008","12:00:00","OP.5","S1",2554,"CMC","NTWQM",2008-03-08 12:00:00,0.1,"D","2","Water",NA,0,"MG/L",NA,"ACARL","ALLARM Community Aquatic Research Laboratory",0.02,2,NA,1,1,"S","PARTNTID","L02 ","PO4F"
"546",189,"ALLARM","ALLARM.MG1","05/08/2008","12:00:00","OP.5","S1",2587,"CMC","NTWQM",2008-05-08 12:00:00,0.1,"D","2","Water",NA,0,"MG/L",NA,"ACARL","ALLARM Community Aquatic Research Laboratory",0.02,2,NA,1,1,"S","PARTNTID","L02 ","PO4F"
"548",189,"ALLARM","ALLARM.LT3","02/08/2008","12:00:00","OP.5","S1",2540,"CMC","NTWQM",2008-02-08 12:00:00,0.1,"D","2","Water",NA,0,"MG/L",NA,"ACARL","ALLARM Community Aquatic Research Laboratory",0.02,2,NA,1,1,"S","PARTNTID","L02 ","PO4F"
"550",189,"ALLARM","ALLARM.LT5","12/01/2008","12:00:00","OP.5","S1",2672,"CMC","NTWQM",2008-12-01 12:00:00,0.1,"D","2","Water",NA,0,"MG/L",NA,"ACARL","ALLARM Community Aquatic Research Laboratory",0.02,2,NA,1,1,"S","PARTNTID","L02 ","PO4F"
"551",189,"ALLARM","ALLARM.LT4","04/08/2008","12:00:00","OP.5","S1",2567,"CMC","NTWQM",2008-04-08 12:00:00,0.1,"D","2","Water",NA,0,"MG/L",NA,"ACARL","ALLARM Community Aquatic Research Laboratory",0.02,2,NA,1,1,"S","PARTNTID","L02 ","PO4F"
"552",189,"ALLARM","ALLARM.MG1","06/08/2008","12:00:00","OP.5","S1",2600,"CMC","NTWQM",2008-06-08 12:00:00,0.1,"D","2","Water",NA,0,"MG/L",NA,"ACARL","ALLARM Community Aquatic Research Laboratory",0.02,2,NA,1,1,"S","PARTNTID","L02 ","PO4F"
"554",189,"ALLARM","ALLARM.LT3","03/08/2008","12:00:00","OP.5","S1",2553,"CMC","NTWQM",2008-03-08 12:00:00,0.1,"D","2","Water",NA,0,"MG/L",NA,"ACARL","ALLARM Community Aquatic Research Laboratory",0.02,2,NA,1,1,"S","PARTNTID","L02 ","PO4F"
"556",189,"ALLARM","ALLARM.LT6","01/08/2008","12:00:00","OP.5","S1",2530,"CMC","NTWQM",2008-01-08 12:00:00,0.1,"D","2","Water",NA,0,"MG/L",NA,"ACARL","ALLARM Community Aquatic Research Laboratory",0.02,2,NA,1,1,"S","PARTNTID","L02 ","PO4F"
"557",189,"ALLARM","ALLARM.LT4","05/08/2008","12:00:00","OP.5","S1",2580,"CMC","NTWQM",2008-05-08 12:00:00,0.1,"D","2","Water",NA,0,"MG/L",NA,"ACARL","ALLARM Community Aquatic Research Laboratory",0.02,2,NA,1,1,"S","PARTNTID","L02 ","PO4F"
"559",189,"ALLARM","ALLARM.LT10","01/08/2008","12:00:00","OP.5","S1",2534,"CMC","NTWQM",2008-01-08 12:00:00,0.1,"D","2","Water",NA,0,"MG/L",NA,"ACARL","ALLARM Community Aquatic Research Laboratory",0.02,2,NA,1,1,"S","PARTNTID","L02 ","PO4F"
"560",189,"ALLARM","ALLARM.LT3","04/08/2008","12:00:00","OP.5","S1",2566,"CMC","NTWQM",2008-04-08 12:00:00,0.1,"D","2","Water",NA,0,"MG/L",NA,"ACARL","ALLARM Community Aquatic Research Laboratory",0.02,2,NA,1,1,"S","PARTNTID","L02 ","PO4F"
"562",189,"ALLARM","ALLARM.LT6","02/08/2008","12:00:00","OP.5","S1",2543,"CMC","NTWQM",2008-02-08 12:00:00,0.1,"D","2","Water",NA,0,"MG/L",NA,"ACARL","ALLARM Community Aquatic Research Laboratory",0.02,2,NA,1,1,"S","PARTNTID","L02 ","PO4F"
"564",189,"ALLARM","ALLARM.MG1","08/18/2008","12:00:00","OP.5","S1",2626,"CMC","NTWQM",2008-08-18 12:00:00,0.1,"D","2","Water",NA,0,"MG/L",NA,"ACARL","ALLARM Community Aquatic Research Laboratory",0.02,2,NA,1,1,"S","PARTNTID","L02 ","PO4F"
"565",189,"ALLARM","ALLARM.LT10","02/08/2008","12:00:00","OP.5","S1",2547,"CMC","NTWQM",2008-02-08 12:00:00,0.1,"D","2","Water",NA,0,"MG/L",NA,"ACARL","ALLARM Community Aquatic Research Laboratory",0.02,2,NA,1,1,"S","PARTNTID","L02 ","PO4F"
"566",189,"ALLARM","ALLARM.LT3","05/08/2008","12:00:00","OP.5","S1",2579,"CMC","NTWQM",2008-05-08 12:00:00,0.1,"D","2","Water",NA,0,"MG/L",NA,"ACARL","ALLARM Community Aquatic Research Laboratory",0.02,2,NA,1,1,"S","PARTNTID","L02 ","PO4F"
"567",189,"ALLARM","ALLARM.LT3","12/01/2008","12:00:00","OP.5","S1",2670,"CMC","NTWQM",2008-12-01 12:00:00,0.1,"D","2","Water",NA,0,"MG/L",NA,"ACARL","ALLARM Community Aquatic Research Laboratory",0.02,2,NA,1,1,"S","PARTNTID","L02 ","PO4F"
"568",189,"ALLARM","ALLARM.LT6","03/08/2008","12:00:00","OP.5","S1",2556,"CMC","NTWQM",2008-03-08 12:00:00,0.1,"D","2","Water",NA,0,"MG/L",NA,"ACARL","ALLARM Community Aquatic Research Laboratory",0.02,2,NA,1,1,"S","PARTNTID","L02 ","PO4F"
"571",189,"ALLARM","ALLARM.LT10","03/08/2008","12:00:00","OP.5","S1",2560,"CMC","NTWQM",2008-03-08 12:00:00,0.1,"D","2","Water",NA,0,"MG/L",NA,"ACARL","ALLARM Community Aquatic Research Laboratory",0.02,2,NA,1,1,"S","PARTNTID","L02 ","PO4F"
"577",189,"ALLARM","ALLARM.MG2","05/08/2008","12:00:00","OP.5","S1",2588,"CMC","NTWQM",2008-05-08 12:00:00,0.1,"D","2","Water",NA,0,"MG/L",NA,"ACARL","ALLARM Community Aquatic Research Laboratory",0.02,2,NA,1,1,"S","PARTNTID","L02 ","PO4F"
"579",189,"ALLARM","ALLARM.LT8","01/08/2008","12:00:00","OP.5","S1",2532,"CMC","NTWQM",2008-01-08 12:00:00,0.1,"D","2","Water",NA,0,"MG/L",NA,"ACARL","ALLARM Community Aquatic Research Laboratory",0.02,2,NA,1,1,"S","PARTNTID","L02 ","PO4F"
"585",189,"ALLARM","ALLARM.LT8","02/08/2008","12:00:00","OP.5","S1",2545,"CMC","NTWQM",2008-02-08 12:00:00,0.1,"D","2","Water",NA,0,"MG/L",NA,"ACARL","ALLARM Community Aquatic Research Laboratory",0.02,2,NA,1,1,"S","PARTNTID","L02 ","PO4F"
"586",189,"ALLARM","ALLARM.WL","08/18/2008","12:00:00","OP.5","S1",2628,"CMC","NTWQM",2008-08-18 12:00:00,0.1,"D","2","Water",NA,0,"MG/L",NA,"ACARL","ALLARM Community Aquatic Research Laboratory",0.02,2,NA,1,1,"S","PARTNTID","L02 ","PO4F"
"588",189,"ALLARM","ALLARM.LT7","01/08/2008","12:00:00","OP.5","S1",2531,"CMC","NTWQM",2008-01-08 12:00:00,0.1,"D","2","Water",NA,0,"MG/L",NA,"ACARL","ALLARM Community Aquatic Research Laboratory",0.02,2,NA,1,1,"S","PARTNTID","L02 ","PO4F"
"590",189,"ALLARM","ALLARM.WL","02/08/2008","12:00:00","OP.5","S1",2550,"CMC","NTWQM",2008-02-08 12:00:00,0.1,"D","2","Water",NA,0,"MG/L",NA,"ACARL","ALLARM Community Aquatic Research Laboratory",0.02,2,NA,1,1,"S","PARTNTID","L02 ","PO4F"
"591",189,"ALLARM","ALLARM.LT8","03/08/2008","12:00:00","OP.5","S1",2558,"CMC","NTWQM",2008-03-08 12:00:00,0.1,"D","2","Water",NA,0,"MG/L",NA,"ACARL","ALLARM Community Aquatic Research Laboratory",0.02,2,NA,1,1,"S","PARTNTID","L02 ","PO4F"
"594",189,"ALLARM","ALLARM.LT7","02/08/2008","12:00:00","OP.5","S1",2544,"CMC","NTWQM",2008-02-08 12:00:00,0.1,"D","2","Water",NA,0,"MG/L",NA,"ACARL","ALLARM Community Aquatic Research Laboratory",0.02,2,NA,1,1,"S","PARTNTID","L02 ","PO4F"
"595",189,"ALLARM","ALLARM.MG2","08/18/2008","12:00:00","OP.5","S1",2627,"CMC","NTWQM",2008-08-18 12:00:00,0.1,"D","2","Water",NA,0,"MG/L",NA,"ACARL","ALLARM Community Aquatic Research Laboratory",0.02,2,NA,1,1,"S","PARTNTID","L02 ","PO4F"
"596",189,"ALLARM","ALLARM.WL","03/08/2008","12:00:00","OP.5","S1",2563,"CMC","NTWQM",2008-03-08 12:00:00,0.1,"D","2","Water",NA,0,"MG/L",NA,"ACARL","ALLARM Community Aquatic Research Laboratory",0.02,2,NA,1,1,"S","PARTNTID","L02 ","PO4F"
"597",189,"ALLARM","ALLARM.LT8","04/08/2008","12:00:00","OP.5","S1",2571,"CMC","NTWQM",2008-04-08 12:00:00,0.1,"D","2","Water",NA,0,"MG/L",NA,"ACARL","ALLARM Community Aquatic Research Laboratory",0.02,2,NA,1,1,"S","PARTNTID","L02 ","PO4F"
"598",189,"ALLARM","ALLARM.WL","10/08/2008","12:00:00","OP.5","S1",2654,"CMC","NTWQM",2008-10-08 12:00:00,0.1,"D","2","Water",NA,0,"MG/L",NA,"ACARL","ALLARM Community Aquatic Research Laboratory",0.02,2,NA,1,1,"S","PARTNTID","L02 ","PO4F"
"599",189,"ALLARM","ALLARM.LT4","12/01/2008","12:00:00","OP.5","S1",2671,"CMC","NTWQM",2008-12-01 12:00:00,0.1,"D","2","Water",NA,0,"MG/L",NA,"ACARL","ALLARM Community Aquatic Research Laboratory",0.02,2,NA,1,1,"S","PARTNTID","L02 ","PO4F"
"600",189,"ALLARM","ALLARM.LT7","03/08/2008","12:00:00","OP.5","S1",2557,"CMC","NTWQM",2008-03-08 12:00:00,0.1,"D","2","Water",NA,0,"MG/L",NA,"ACARL","ALLARM Community Aquatic Research Laboratory",0.02,2,NA,1,1,"S","PARTNTID","L02 ","PO4F"
"602",189,"ALLARM","ALLARM.WL","04/08/2008","12:00:00","OP.5","S1",2576,"CMC","NTWQM",2008-04-08 12:00:00,0.1,"D","2","Water",NA,0,"MG/L",NA,"ACARL","ALLARM Community Aquatic Research Laboratory",0.02,2,NA,1,1,"S","PARTNTID","L02 ","PO4F"
"603",189,"ALLARM","ALLARM.LT8","05/08/2008","12:00:00","OP.5","S1",2584,"CMC","NTWQM",2008-05-08 12:00:00,0.1,"D","2","Water",NA,0,"MG/L",NA,"ACARL","ALLARM Community Aquatic Research Laboratory",0.02,2,NA,1,1,"S","PARTNTID","L02 ","PO4F"
"605",189,"ALLARM","ALLARM.LT5","01/08/2008","12:00:00","OP.5","S1",2529,"CMC","NTWQM",2008-01-08 12:00:00,0.1,"D","2","Water",NA,0,"MG/L",NA,"ACARL","ALLARM Community Aquatic Research Laboratory",0.02,2,NA,1,1,"S","PARTNTID","L02 ","PO4F"
"606",189,"ALLARM","ALLARM.LT7","04/08/2008","12:00:00","OP.5","S1",2570,"CMC","NTWQM",2008-04-08 12:00:00,0.1,"D","2","Water",NA,0,"MG/L",NA,"ACARL","ALLARM Community Aquatic Research Laboratory",0.02,2,NA,1,1,"S","PARTNTID","L02 ","PO4F"
"608",189,"ALLARM","ALLARM.WL","05/08/2008","12:00:00","OP.5","S1",2589,"CMC","NTWQM",2008-05-08 12:00:00,0.1,"D","2","Water",NA,0,"MG/L",NA,"ACARL","ALLARM Community Aquatic Research Laboratory",0.02,2,NA,1,1,"S","PARTNTID","L02 ","PO4F"
"612",189,"ALLARM","ALLARM.LT7","05/08/2008","12:00:00","OP.5","S1",2583,"CMC","NTWQM",2008-05-08 12:00:00,0.1,"D","2","Water",NA,0,"MG/L",NA,"ACARL","ALLARM Community Aquatic Research Laboratory",0.02,2,NA,1,1,"S","PARTNTID","L02 ","PO4F"
"614",189,"ALLARM","ALLARM.MG2","02/08/2008","12:00:00","OP.5","S1",2549,"CMC","NTWQM",2008-02-08 12:00:00,0.1,"D","2","Water",NA,0,"MG/L",NA,"ACARL","ALLARM Community Aquatic Research Laboratory",0.02,2,NA,1,1,"S","PARTNTID","L02 ","PO4F"
"616",189,"ALLARM","ALLARM.LT7","10/08/2008","12:00:00","OP.5","S1",2648,"CMC","NTWQM",2008-10-08 12:00:00,0.1,"D","2","Water",NA,0,"MG/L",NA,"ACARL","ALLARM Community Aquatic Research Laboratory",0.02,2,NA,1,1,"S","PARTNTID","L02 ","PO4F"
"617",189,"ALLARM","ALLARM.LT7","08/18/2008","12:00:00","OP.5","S1",2622,"CMC","NTWQM",2008-08-18 12:00:00,0.1,"D","2","Water",NA,0,"MG/L",NA,"ACARL","ALLARM Community Aquatic Research Laboratory",0.02,2,NA,1,1,"S","PARTNTID","L02 ","PO4F"
