"","Code","Latitude","Longitude","NameLong","Description","Datum"
"1","ALLARM.LT1",40.17663,-77.18537,"LeTort Spring Run 6.51","LeTort Site 1","NAD83"
"2","ALLARM.LT10",40.23487,-77.14193,"LeTort Spring Run 0.04","LeTort Site 10","NAD83"
"3","ALLARM.LT2",40.17667,-77.18507,"UNT to LeTort Spring Run 0.01","LeTort Site 2","NAD83"
"4","ALLARM.LT3",40.17999,-77.18692,"LeTort Spring Run 6.24","LeTort Site 3","NAD83"
"5","ALLARM.LT4",40.18844,-77.18606,"LeTort Spring Run 5.56","LeTort Site 4","NAD83"
"6","ALLARM.LT5",40.19528,-77.18423,"LeTort Spring Run 5.05","LeTort Site 5","NAD83"
"7","ALLARM.LT6",40.20792,-77.18104,"LeTort Spring Run 4.05","LeTort Site 6","NAD83"
"8","ALLARM.LT7",40.21418,-77.16883,"LeTort Spring Run 3.05","LeTort Site 7","NAD83"
"9","ALLARM.LT8",40.21847,-77.16003,"LeTort Spring Run 2.34","LeTort Site 8","NAD83"
"10","ALLARM.LT9",40.22429,-77.14928,"LeTort Spring Run 1.53","LeTort Site 9","NAD83"
"11","ALLARM.MG1",40.19568,-77.18767,"Molly Grub 0.02","Molly Grub 1","NAD83"
"12","ALLARM.MG2",40.19608,-77.18518,"Molly Grub 0.18","Molly Grub 2","NAD83"
"13","ALLARM.WL",40.19588,-77.18745,"Mully Grub Wetland 0.15","Wetland","NAD83"
"14","AWA.GP",39.731672,-77.540817,"George Property","George Property","NAD83"
"15","AWA.HB",39.810403,-77.576394,"Hess Benedict","Hess Benedict","NAD83"
"16","AWA.MASP",39.839708,-77.537533,"Mont Alto State Park","Mont Alto State Park","NAD83"
"17","AWA.MR",39.741172,-77.491586,"Mackey Run","Mackey Run","NAD83"
"18","AWA.OCP",39.751283,-77.601036,"Owls Club Picnic","Owls Club Picnic","NAD83"
"19","AWA.RR1",39.739406,-77.481092,NA,"Red Run #1","NAD83"
"20","AWA.RR2",39.741603,-77.491469,NA,"Red Run #2","NAD83"
"21","AWA.RRP",39.740386,-77.519908,NA,"Red Run Park","NAD83"
"22","CCWA.BS00.0",40.18534,-77.392621,"Big Spring 00.0","Big Spring 00.0","NAD83"
"23","MSWA.S1",40.04716,-77.52071,"RR Fayette St","RR Fayette St","NAD83"
"24","MSWA.S4",40.06169,-77.53258,"Bard Road/Old Mill Road Bridge","Bard Road/Old Mill Road Bridge","NAD83"
