"","paramMethod","SOURCE","STATION","SAMPLE_DATE","SAMPLE_TIME","paramCode","SAMPLE_ID","EventId","AGENCY","PROGRAM","DateTime","DEPTH","SAMPLE_TYPE","TIER","Matrix","QUALIFIER","VALUE","UNITS","PROBLEM","LAB","labName","detLimit","qaFlag","COMMENTS","count.x","count.y","LAYER","PROJECT","SampleAnalyticalMethodIdentifier","SubstanceIdentificationName"
"445",189,"ALLARM","ALLARM.LT5","07/20/2004","12:00:00","OP.5","S1",1989,"CMC","NTWQM",2004-07-20 12:00:00,0.1,"D",2,"Water",NA,0,"MG/L",NA,"ACARL","ALLARM Community Aquatic Research Laboratory",0.02,2,NA,1,1,"S","PARTNTID","L02 ","PO4F"
"446",189,"ALLARM","ALLARM.LT2","12/08/2004","12:00:00","OP.5","S1",2051,"CMC","NTWQM",2004-12-08 12:00:00,0.1,"D",2,"Water",NA,0,"MG/L",NA,"ACARL","ALLARM Community Aquatic Research Laboratory",0.02,2,NA,1,1,"S","PARTNTID","L02 ","PO4F"
"451",189,"ALLARM","ALLARM.LT5","08/24/2004","12:00:00","OP.5","S1",2002,"CMC","NTWQM",2004-08-24 12:00:00,0.1,"D",2,"Water",NA,0,"MG/L",NA,"ACARL","ALLARM Community Aquatic Research Laboratory",0.02,2,NA,1,1,"S","PARTNTID","L02 ","PO4F"
"453",189,"ALLARM","ALLARM.LT2","11/09/2004","12:00:00","OP.5","S1",2038,"CMC","NTWQM",2004-11-09 12:00:00,0.1,"D",2,"Water",NA,0,"MG/L",NA,"ACARL","ALLARM Community Aquatic Research Laboratory",0.02,2,NA,1,1,"S","PARTNTID","L02 ","PO4F"
"462",189,"ALLARM","ALLARM.LT1","10/26/2004","12:00:00","OP.5","S1",2024,"CMC","NTWQM",2004-10-26 12:00:00,0.1,"D",2,"Water",NA,0,"MG/L",NA,"ACARL","ALLARM Community Aquatic Research Laboratory",0.02,2,NA,1,1,"S","PARTNTID","L02 ","PO4F"
"466",189,"ALLARM","ALLARM.LT3","12/08/2004","12:00:00","OP.5","S1",2052,"CMC","NTWQM",2004-12-08 12:00:00,0.1,"D",2,"Water",NA,0,"MG/L",NA,"ACARL","ALLARM Community Aquatic Research Laboratory",0.02,2,NA,1,1,"S","PARTNTID","L02 ","PO4F"
"467",189,"ALLARM","ALLARM.LT3","10/26/2004","12:00:00","OP.5","S1",2026,"CMC","NTWQM",2004-10-26 12:00:00,0.1,"D",2,"Water",NA,0,"MG/L",NA,"ACARL","ALLARM Community Aquatic Research Laboratory",0.02,2,NA,1,1,"S","PARTNTID","L02 ","PO4F"
"473",189,"ALLARM","ALLARM.LT3","11/09/2004","12:00:00","OP.5","S1",2039,"CMC","NTWQM",2004-11-09 12:00:00,0.1,"D",2,"Water",NA,0,"MG/L",NA,"ACARL","ALLARM Community Aquatic Research Laboratory",0.02,2,NA,1,1,"S","PARTNTID","L02 ","PO4F"
"474",189,"ALLARM","ALLARM.LT1","12/08/2004","12:00:00","OP.5","S1",2050,"CMC","NTWQM",2004-12-08 12:00:00,0.1,"D",2,"Water",NA,0,"MG/L",NA,"ACARL","ALLARM Community Aquatic Research Laboratory",0.02,2,NA,1,1,"S","PARTNTID","L02 ","PO4F"
"475",189,"ALLARM","ALLARM.LT9","11/09/2004","12:00:00","OP.5","S1",2045,"CMC","NTWQM",2004-11-09 12:00:00,0.1,"D",2,"Water",NA,0,"MG/L",NA,"ACARL","ALLARM Community Aquatic Research Laboratory",0.02,2,NA,1,1,"S","PARTNTID","L02 ","PO4F"
"479",189,"ALLARM","ALLARM.LT10","11/09/2004","12:00:00","OP.5","S1",2046,"CMC","NTWQM",2004-11-09 12:00:00,0.1,"D",2,"Water",NA,0,"MG/L",NA,"ACARL","ALLARM Community Aquatic Research Laboratory",0.02,2,NA,1,1,"S","PARTNTID","L02 ","PO4F"
"488",189,"ALLARM","ALLARM.MG2","10/26/2004","12:00:00","OP.5","S1",2035,"CMC","NTWQM",2004-10-26 12:00:00,0.1,"D",2,"Water",NA,0,"MG/L",NA,"ACARL","ALLARM Community Aquatic Research Laboratory",0.02,2,NA,1,1,"S","PARTNTID","L02 ","PO4F"
"493",189,"ALLARM","ALLARM.LT5","11/09/2004","12:00:00","OP.5","S1",2041,"CMC","NTWQM",2004-11-09 12:00:00,0.1,"D",2,"Water",NA,0,"MG/L",NA,"ACARL","ALLARM Community Aquatic Research Laboratory",0.02,2,NA,1,1,"S","PARTNTID","L02 ","PO4F"
"494",189,"ALLARM","ALLARM.MG2","11/09/2004","12:00:00","OP.5","S1",2048,"CMC","NTWQM",2004-11-09 12:00:00,0.1,"D",2,"Water",NA,0,"MG/L",NA,"ACARL","ALLARM Community Aquatic Research Laboratory",0.02,2,NA,1,1,"S","PARTNTID","L02 ","PO4F"
"499",189,"ALLARM","ALLARM.LT5","12/08/2004","12:00:00","OP.5","S1",2054,"CMC","NTWQM",2004-12-08 12:00:00,0.1,"D",2,"Water",NA,0,"MG/L",NA,"ACARL","ALLARM Community Aquatic Research Laboratory",0.02,2,NA,1,1,"S","PARTNTID","L02 ","PO4F"
"509",189,"ALLARM","ALLARM.LT9","10/26/2004","12:00:00","OP.5","S1",2032,"CMC","NTWQM",2004-10-26 12:00:00,0.1,"D",2,"Water",NA,0,"MG/L",NA,"ACARL","ALLARM Community Aquatic Research Laboratory",0.02,2,NA,1,1,"S","PARTNTID","L02 ","PO4F"
"515",189,"ALLARM","ALLARM.MG1","08/24/2004","12:00:00","OP.5","S1",2008,"CMC","NTWQM",2004-08-24 12:00:00,0.1,"D",2,"Water",NA,0.01,"MG/L",NA,"ACARL","ALLARM Community Aquatic Research Laboratory",0.02,2,NA,1,1,"S","PARTNTID","L02 ","PO4F"
"521",189,"ALLARM","ALLARM.LT9","12/08/2004","12:00:00","OP.5","S1",2058,"CMC","NTWQM",2004-12-08 12:00:00,0.1,"D",2,"Water",NA,0,"MG/L",NA,"ACARL","ALLARM Community Aquatic Research Laboratory",0.02,2,NA,1,1,"S","PARTNTID","L02 ","PO4F"
"528",189,"ALLARM","ALLARM.LT4","10/26/2004","12:00:00","OP.5","S1",2027,"CMC","NTWQM",2004-10-26 12:00:00,0.1,"D",2,"Water",NA,0,"MG/L",NA,"ACARL","ALLARM Community Aquatic Research Laboratory",0.02,2,NA,1,1,"S","PARTNTID","L02 ","PO4F"
"540",189,"ALLARM","ALLARM.LT10","12/08/2004","12:00:00","OP.5","S1",2059,"CMC","NTWQM",2004-12-08 12:00:00,0.1,"D",2,"Water",NA,0,"MG/L",NA,"ACARL","ALLARM Community Aquatic Research Laboratory",0.02,2,NA,1,1,"S","PARTNTID","L02 ","PO4F"
"544",189,"ALLARM","ALLARM.LT7","11/09/2004","12:00:00","OP.5","S1",2043,"CMC","NTWQM",2004-11-09 12:00:00,0.1,"D",2,"Water",NA,0,"MG/L",NA,"ACARL","ALLARM Community Aquatic Research Laboratory",0.02,2,NA,1,1,"S","PARTNTID","L02 ","PO4F"
"547",189,"ALLARM","ALLARM.LT4","11/09/2004","12:00:00","OP.5","S1",2040,"CMC","NTWQM",2004-11-09 12:00:00,0.1,"D",2,"Water",NA,0,"MG/L",NA,"ACARL","ALLARM Community Aquatic Research Laboratory",0.02,2,NA,1,1,"S","PARTNTID","L02 ","PO4F"
"550",189,"ALLARM","ALLARM.LT7","12/08/2004","12:00:00","OP.5","S1",2056,"CMC","NTWQM",2004-12-08 12:00:00,0.1,"D",2,"Water",NA,0,"MG/L",NA,"ACARL","ALLARM Community Aquatic Research Laboratory",0.02,2,NA,1,1,"S","PARTNTID","L02 ","PO4F"
"553",189,"ALLARM","ALLARM.LT4","12/08/2004","12:00:00","OP.5","S1",2053,"CMC","NTWQM",2004-12-08 12:00:00,0.1,"D",2,"Water",NA,0,"MG/L",NA,"ACARL","ALLARM Community Aquatic Research Laboratory",0.02,2,NA,1,1,"S","PARTNTID","L02 ","PO4F"
"566",189,"ALLARM","ALLARM.LT6","12/08/2004","12:00:00","OP.5","S1",2055,"CMC","NTWQM",2004-12-08 12:00:00,0.1,"D",2,"Water",NA,0,"MG/L",NA,"ACARL","ALLARM Community Aquatic Research Laboratory",0.02,2,NA,1,1,"S","PARTNTID","L02 ","PO4F"
"569",189,"ALLARM","ALLARM.LT4","08/24/2004","12:00:00","OP.5","S1",2001,"CMC","NTWQM",2004-08-24 12:00:00,0.1,"D",2,"Water",NA,0,"MG/L",NA,"ACARL","ALLARM Community Aquatic Research Laboratory",0.02,2,NA,1,1,"S","PARTNTID","L02 ","PO4F"
"570",189,"ALLARM","ALLARM.LT8","11/09/2004","12:00:00","OP.5","S1",2044,"CMC","NTWQM",2004-11-09 12:00:00,0.1,"D",2,"Water",NA,0,"MG/L",NA,"ACARL","ALLARM Community Aquatic Research Laboratory",0.02,2,NA,1,1,"S","PARTNTID","L02 ","PO4F"
"576",189,"ALLARM","ALLARM.LT8","12/08/2004","12:00:00","OP.5","S1",2057,"CMC","NTWQM",2004-12-08 12:00:00,0.1,"D",2,"Water",NA,0,"MG/L",NA,"ACARL","ALLARM Community Aquatic Research Laboratory",0.02,2,NA,1,1,"S","PARTNTID","L02 ","PO4F"
"583",189,"ALLARM","ALLARM.LT6","11/09/2004","12:00:00","OP.5","S1",2042,"CMC","NTWQM",2004-11-09 12:00:00,0.1,"D",2,"Water",NA,0,"MG/L",NA,"ACARL","ALLARM Community Aquatic Research Laboratory",0.02,2,NA,1,1,"S","PARTNTID","L02 ","PO4F"
