"","paramMethod","SOURCE","STATION","SAMPLE_DATE","SAMPLE_TIME","paramCode","SAMPLE_ID","EventId","AGENCY","PROGRAM","DateTime","DEPTH","SAMPLE_TYPE","TIER","Matrix","QUALIFIER","VALUE","UNITS","PROBLEM","LAB","labName","detLimit","qaFlag","COMMENTS","count.x","count.y","LAYER","PROJECT","SampleAnalyticalMethodIdentifier","SubstanceIdentificationName"
"729",999,"ALLARM","ALLARM.LT3","06/23/2004","12:00:00","TDS.1","M1",1974,"CMC","NTWQM",2004-06-23 12:00:00,0.1,"ISM",1,"Water",NA,240,"MG/L",NA,NA,NA,NA,2,NA,1,1,"S","PARTNTID",NA,NA
"730",999,"ALLARM","ALLARM.LT7","08/24/2004","12:00:00","TDS.1","M1",2004,"CMC","NTWQM",2004-08-24 12:00:00,0.1,"ISM",1,"Water",NA,250,"MG/L",NA,NA,NA,NA,2,NA,1,1,"S","PARTNTID",NA,NA
"731",999,"ALLARM","ALLARM.LT4","01/30/2004","12:00:00","TDS.1","M1",1918,"CMC","NTWQM",2004-01-30 12:00:00,0.1,"ISM",1,"Water",NA,340,"MG/L",NA,NA,NA,NA,2,NA,1,1,"S","PARTNTID",NA,NA
"732",999,"ALLARM","ALLARM.LT10","10/26/2004","12:00:00","TDS.1","M1",2033,"CMC","NTWQM",2004-10-26 12:00:00,0.1,"ISM",1,"Water",NA,260,"MG/L",NA,NA,NA,NA,2,NA,1,1,"S","PARTNTID",NA,NA
"733",999,"ALLARM","ALLARM.LT1","01/30/2004","12:00:00","TDS.1","M1",1915,"CMC","NTWQM",2004-01-30 12:00:00,0.1,"ISM",1,"Water",NA,290,"MG/L",NA,NA,NA,NA,2,NA,1,1,"S","PARTNTID",NA,NA
"734",999,"ALLARM","ALLARM.LT7","02/17/2004","12:00:00","TDS.1","M1",1929,"CMC","NTWQM",2004-02-17 12:00:00,0.1,"ISM",1,"Water",NA,340,"MG/L",NA,NA,NA,NA,2,NA,1,1,"S","PARTNTID",NA,NA
"735",999,"ALLARM","ALLARM.LT3","07/20/2004","12:00:00","TDS.1","M1",1987,"CMC","NTWQM",2004-07-20 12:00:00,0.1,"ISM",1,"Water",NA,230,"MG/L",NA,NA,NA,NA,2,NA,1,1,"S","PARTNTID",NA,NA
"736",999,"ALLARM","ALLARM.LT7","09/21/2004","12:00:00","TDS.1","M1",2017,"CMC","NTWQM",2004-09-21 12:00:00,0.1,"ISM",1,"Water",NA,260,"MG/L",NA,NA,NA,NA,2,NA,1,1,"S","PARTNTID",NA,NA
"737",999,"ALLARM","ALLARM.LT4","02/17/2004","12:00:00","TDS.1","M1",1926,"CMC","NTWQM",2004-02-17 12:00:00,0.1,"ISM",1,"Water",NA,320,"MG/L",NA,NA,NA,NA,2,NA,1,1,"S","PARTNTID",NA,NA
"738",999,"ALLARM","ALLARM.LT10","11/09/2004","12:00:00","TDS.1","M1",2046,"CMC","NTWQM",2004-11-09 12:00:00,0.1,"ISM",1,"Water",NA,310,"MG/L",NA,NA,NA,NA,2,NA,1,1,"S","PARTNTID",NA,NA
"739",999,"ALLARM","ALLARM.LT1","02/17/2004","12:00:00","TDS.1","M1",1923,"CMC","NTWQM",2004-02-17 12:00:00,0.1,"ISM",1,"Water",NA,250,"MG/L",NA,NA,NA,NA,2,NA,1,1,"S","PARTNTID",NA,NA
"740",999,"ALLARM","ALLARM.LT7","03/23/2004","12:00:00","TDS.1","M1",1941,"CMC","NTWQM",2004-03-23 12:00:00,0.1,"ISM",1,"Water",NA,320,"MG/L",NA,NA,NA,NA,2,NA,1,1,"S","PARTNTID",NA,NA
"741",999,"ALLARM","ALLARM.LT3","08/24/2004","12:00:00","TDS.1","M1",2000,"CMC","NTWQM",2004-08-24 12:00:00,0.1,"ISM",1,"Water",NA,230,"MG/L",NA,NA,NA,NA,2,NA,1,1,"S","PARTNTID",NA,NA
"742",999,"ALLARM","ALLARM.LT7","10/26/2004","12:00:00","TDS.1","M1",2030,"CMC","NTWQM",2004-10-26 12:00:00,0.1,"ISM",1,"Water",NA,280,"MG/L",NA,NA,NA,NA,2,NA,1,1,"S","PARTNTID",NA,NA
"743",999,"ALLARM","ALLARM.LT4","03/23/2004","12:00:00","TDS.1","M1",1938,"CMC","NTWQM",2004-03-23 12:00:00,0.1,"ISM",1,"Water",NA,270,"MG/L",NA,NA,NA,NA,2,NA,1,1,"S","PARTNTID",NA,NA
"744",999,"ALLARM","ALLARM.LT10","12/08/2004","12:00:00","TDS.1","M1",2059,"CMC","NTWQM",2004-12-08 12:00:00,0.1,"ISM",1,"Water",NA,310,"MG/L",NA,NA,NA,NA,2,NA,1,1,"S","PARTNTID",NA,NA
"745",999,"ALLARM","ALLARM.LT1","03/23/2004","12:00:00","TDS.1","M1",1935,"CMC","NTWQM",2004-03-23 12:00:00,0.1,"ISM",1,"Water",NA,250,"MG/L",NA,NA,NA,NA,2,NA,1,1,"S","PARTNTID",NA,NA
"746",999,"ALLARM","ALLARM.LT7","04/13/2004","12:00:00","TDS.1","M1",1953,"CMC","NTWQM",2004-04-13 12:00:00,0.1,"ISM",1,"Water",NA,280,"MG/L",NA,NA,NA,NA,2,NA,1,1,"S","PARTNTID",NA,NA
"747",999,"ALLARM","ALLARM.LT3","09/21/2004","12:00:00","TDS.1","M1",2013,"CMC","NTWQM",2004-09-21 12:00:00,0.1,"ISM",1,"Water",NA,260,"MG/L",NA,NA,NA,NA,2,NA,1,1,"S","PARTNTID",NA,NA
"748",999,"ALLARM","ALLARM.LT7","11/09/2004","12:00:00","TDS.1","M1",2043,"CMC","NTWQM",2004-11-09 12:00:00,0.1,"ISM",1,"Water",NA,290,"MG/L",NA,NA,NA,NA,2,NA,1,1,"S","PARTNTID",NA,NA
"749",999,"ALLARM","ALLARM.LT4","04/13/2004","12:00:00","TDS.1","M1",1950,"CMC","NTWQM",2004-04-13 12:00:00,0.1,"ISM",1,"Water",NA,290,"MG/L",NA,NA,NA,NA,2,NA,1,1,"S","PARTNTID",NA,NA
"750",999,"ALLARM","ALLARM.LT2","01/30/2004","12:00:00","TDS.1","M1",1916,"CMC","NTWQM",2004-01-30 12:00:00,0.1,"ISM",1,"Water",NA,260,"MG/L",NA,NA,NA,NA,2,NA,1,1,"S","PARTNTID",NA,NA
"751",999,"ALLARM","ALLARM.LT1","04/13/2004","12:00:00","TDS.1","M1",1947,"CMC","NTWQM",2004-04-13 12:00:00,0.1,"ISM",1,"Water",NA,250,"MG/L",NA,NA,NA,NA,2,NA,1,1,"S","PARTNTID",NA,NA
"752",999,"ALLARM","ALLARM.LT7","05/04/2004","12:00:00","TDS.1","M1",1965,"CMC","NTWQM",2004-05-04 12:00:00,0.1,"ISM",1,"Water",NA,280,"MG/L",NA,NA,NA,NA,2,NA,1,1,"S","PARTNTID",NA,NA
"753",999,"ALLARM","ALLARM.LT3","10/26/2004","12:00:00","TDS.1","M1",2026,"CMC","NTWQM",2004-10-26 12:00:00,0.1,"ISM",1,"Water",NA,250,"MG/L",NA,NA,NA,NA,2,NA,1,1,"S","PARTNTID",NA,NA
"754",999,"ALLARM","ALLARM.LT7","12/08/2004","12:00:00","TDS.1","M1",2056,"CMC","NTWQM",2004-12-08 12:00:00,0.1,"ISM",1,"Water",NA,270,"MG/L",NA,NA,NA,NA,2,NA,1,1,"S","PARTNTID",NA,NA
"755",999,"ALLARM","ALLARM.LT4","05/04/2004","12:00:00","TDS.1","M1",1962,"CMC","NTWQM",2004-05-04 12:00:00,0.1,"ISM",1,"Water",NA,260,"MG/L",NA,NA,NA,NA,2,NA,1,1,"S","PARTNTID",NA,NA
"756",999,"ALLARM","ALLARM.LT2","02/17/2004","12:00:00","TDS.1","M1",1924,"CMC","NTWQM",2004-02-17 12:00:00,0.1,"ISM",1,"Water",NA,260,"MG/L",NA,NA,NA,NA,2,NA,1,1,"S","PARTNTID",NA,NA
"757",999,"ALLARM","ALLARM.LT1","05/04/2004","12:00:00","TDS.1","M1",1959,"CMC","NTWQM",2004-05-04 12:00:00,0.1,"ISM",1,"Water",NA,270,"MG/L",NA,NA,NA,NA,2,NA,1,1,"S","PARTNTID",NA,NA
"758",999,"ALLARM","ALLARM.LT7","06/23/2004","12:00:00","TDS.1","M1",1978,"CMC","NTWQM",2004-06-23 12:00:00,0.1,"ISM",1,"Water",NA,270,"MG/L",NA,NA,NA,NA,2,NA,1,1,"S","PARTNTID",NA,NA
"759",999,"ALLARM","ALLARM.LT3","11/09/2004","12:00:00","TDS.1","M1",2039,"CMC","NTWQM",2004-11-09 12:00:00,0.1,"ISM",1,"Water",NA,290,"MG/L",NA,NA,NA,NA,2,NA,1,1,"S","PARTNTID",NA,NA
"760",999,"ALLARM","ALLARM.LT8","02/17/2004","12:00:00","TDS.1","M1",1930,"CMC","NTWQM",2004-02-17 12:00:00,0.1,"ISM",1,"Water",NA,330,"MG/L",NA,NA,NA,NA,2,NA,1,1,"S","PARTNTID",NA,NA
"761",999,"ALLARM","ALLARM.MG2","01/30/2004","12:00:00","TDS.1","M1",1922,"CMC","NTWQM",2004-01-30 12:00:00,0.1,"ISM",1,"Water",NA,320,"MG/L",NA,NA,NA,NA,2,NA,1,1,"S","PARTNTID",NA,NA
"762",999,"ALLARM","ALLARM.LT2","03/23/2004","12:00:00","TDS.1","M1",1936,"CMC","NTWQM",2004-03-23 12:00:00,0.1,"ISM",1,"Water",NA,260,"MG/L",NA,NA,NA,NA,2,NA,1,1,"S","PARTNTID",NA,NA
"763",999,"ALLARM","ALLARM.LT1","06/23/2004","12:00:00","TDS.1","M1",1972,"CMC","NTWQM",2004-06-23 12:00:00,0.1,"ISM",1,"Water",NA,260,"MG/L",NA,NA,NA,NA,2,NA,1,1,"S","PARTNTID",NA,NA
"764",999,"ALLARM","ALLARM.LT7","07/20/2004","12:00:00","TDS.1","M1",1991,"CMC","NTWQM",2004-07-20 12:00:00,0.1,"ISM",1,"Water",NA,250,"MG/L",NA,NA,NA,NA,2,NA,1,1,"S","PARTNTID",NA,NA
"765",999,"ALLARM","ALLARM.LT3","12/08/2004","12:00:00","TDS.1","M1",2052,"CMC","NTWQM",2004-12-08 12:00:00,0.1,"ISM",1,"Water",NA,270,"MG/L",NA,NA,NA,NA,2,NA,1,1,"S","PARTNTID",NA,NA
"766",999,"ALLARM","ALLARM.MG2","02/17/2004","12:00:00","TDS.1","M1",1934,"CMC","NTWQM",2004-02-17 12:00:00,0.1,"ISM",1,"Water",NA,480,"MG/L",NA,NA,NA,NA,2,NA,1,1,"S","PARTNTID",NA,NA
"767",999,"ALLARM","ALLARM.LT4","07/20/2004","12:00:00","TDS.1","M1",1988,"CMC","NTWQM",2004-07-20 12:00:00,0.1,"ISM",1,"Water",NA,230,"MG/L",NA,NA,NA,NA,2,NA,1,1,"S","PARTNTID",NA,NA
"768",999,"ALLARM","ALLARM.LT2","04/13/2004","12:00:00","TDS.1","M1",1948,"CMC","NTWQM",2004-04-13 12:00:00,0.1,"ISM",1,"Water",NA,230,"MG/L",NA,NA,NA,NA,2,NA,1,1,"S","PARTNTID",NA,NA
"769",999,"ALLARM","ALLARM.LT1","07/20/2004","12:00:00","TDS.1","M1",1985,"CMC","NTWQM",2004-07-20 12:00:00,0.1,"ISM",1,"Water",NA,241,"MG/L",NA,NA,NA,NA,2,NA,1,1,"S","PARTNTID",NA,NA
"770",999,"ALLARM","ALLARM.LT5","03/23/2004","12:00:00","TDS.1","M1",1939,"CMC","NTWQM",2004-03-23 12:00:00,0.1,"ISM",1,"Water",NA,310,"MG/L",NA,NA,NA,NA,2,NA,1,1,"S","PARTNTID",NA,NA
"771",999,"ALLARM","ALLARM.LT10","03/23/2004","12:00:00","TDS.1","M1",1944,"CMC","NTWQM",2004-03-23 12:00:00,0.1,"ISM",1,"Water",NA,430,"MG/L",NA,NA,NA,NA,2,NA,1,1,"S","PARTNTID",NA,NA
"772",999,"ALLARM","ALLARM.MG2","03/23/2004","12:00:00","TDS.1","M1",1946,"CMC","NTWQM",2004-03-23 12:00:00,0.1,"ISM",1,"Water",NA,490,"MG/L",NA,NA,NA,NA,2,NA,1,1,"S","PARTNTID",NA,NA
"773",999,"ALLARM","ALLARM.LT4","08/24/2004","12:00:00","TDS.1","M1",2001,"CMC","NTWQM",2004-08-24 12:00:00,0.1,"ISM",1,"Water",NA,230,"MG/L",NA,NA,NA,NA,2,NA,1,1,"S","PARTNTID",NA,NA
"774",999,"ALLARM","ALLARM.LT2","05/04/2004","12:00:00","TDS.1","M1",1960,"CMC","NTWQM",2004-05-04 12:00:00,0.1,"ISM",1,"Water",NA,240,"MG/L",NA,NA,NA,NA,2,NA,1,1,"S","PARTNTID",NA,NA
"775",999,"ALLARM","ALLARM.LT1","08/24/2004","12:00:00","TDS.1","M1",1998,"CMC","NTWQM",2004-08-24 12:00:00,0.1,"ISM",1,"Water",NA,230,"MG/L",NA,NA,NA,NA,2,NA,1,1,"S","PARTNTID",NA,NA
"776",999,"ALLARM","ALLARM.LT5","04/13/2004","12:00:00","TDS.1","M1",1951,"CMC","NTWQM",2004-04-13 12:00:00,0.1,"ISM",1,"Water",NA,290,"MG/L",NA,NA,NA,NA,2,NA,1,1,"S","PARTNTID",NA,NA
"777",999,"ALLARM","ALLARM.LT10","04/13/2004","12:00:00","TDS.1","M1",1956,"CMC","NTWQM",2004-04-13 12:00:00,0.1,"ISM",1,"Water",NA,280,"MG/L",NA,NA,NA,NA,2,NA,1,1,"S","PARTNTID",NA,NA
"778",999,"ALLARM","ALLARM.MG2","04/13/2004","12:00:00","TDS.1","M1",1958,"CMC","NTWQM",2004-04-13 12:00:00,0.1,"ISM",1,"Water",NA,290,"MG/L",NA,NA,NA,NA,2,NA,1,1,"S","PARTNTID",NA,NA
"779",999,"ALLARM","ALLARM.LT4","09/21/2004","12:00:00","TDS.1","M1",2014,"CMC","NTWQM",2004-09-21 12:00:00,0.1,"ISM",1,"Water",NA,250,"MG/L",NA,NA,NA,NA,2,NA,1,1,"S","PARTNTID",NA,NA
"780",999,"ALLARM","ALLARM.LT2","06/23/2004","12:00:00","TDS.1","M1",1973,"CMC","NTWQM",2004-06-23 12:00:00,0.1,"ISM",1,"Water",NA,240,"MG/L",NA,NA,NA,NA,2,NA,1,1,"S","PARTNTID",NA,NA
"781",999,"ALLARM","ALLARM.LT1","09/21/2004","12:00:00","TDS.1","M1",2011,"CMC","NTWQM",2004-09-21 12:00:00,0.1,"ISM",1,"Water",NA,250,"MG/L",NA,NA,NA,NA,2,NA,1,1,"S","PARTNTID",NA,NA
"782",999,"ALLARM","ALLARM.LT5","05/04/2004","12:00:00","TDS.1","M1",1963,"CMC","NTWQM",2004-05-04 12:00:00,0.1,"ISM",1,"Water",NA,260,"MG/L",NA,NA,NA,NA,2,NA,1,1,"S","PARTNTID",NA,NA
"783",999,"ALLARM","ALLARM.LT10","05/04/2004","12:00:00","TDS.1","M1",1968,"CMC","NTWQM",2004-05-04 12:00:00,0.1,"ISM",1,"Water",NA,350,"MG/L",NA,NA,NA,NA,2,NA,1,1,"S","PARTNTID",NA,NA
"784",999,"ALLARM","ALLARM.MG2","05/04/2004","12:00:00","TDS.1","M1",1970,"CMC","NTWQM",2004-05-04 12:00:00,0.1,"ISM",1,"Water",NA,450,"MG/L",NA,NA,NA,NA,2,NA,1,1,"S","PARTNTID",NA,NA
"785",999,"ALLARM","ALLARM.LT4","10/26/2004","12:00:00","TDS.1","M1",2027,"CMC","NTWQM",2004-10-26 12:00:00,0.1,"ISM",1,"Water",NA,260,"MG/L",NA,NA,NA,NA,2,NA,1,1,"S","PARTNTID",NA,NA
"786",999,"ALLARM","ALLARM.LT2","07/20/2004","12:00:00","TDS.1","M1",1986,"CMC","NTWQM",2004-07-20 12:00:00,0.1,"ISM",1,"Water",NA,230,"MG/L",NA,NA,NA,NA,2,NA,1,1,"S","PARTNTID",NA,NA
"787",999,"ALLARM","ALLARM.LT1","10/26/2004","12:00:00","TDS.1","M1",2024,"CMC","NTWQM",2004-10-26 12:00:00,0.1,"ISM",1,"Water",NA,240,"MG/L",NA,NA,NA,NA,2,NA,1,1,"S","PARTNTID",NA,NA
"788",999,"ALLARM","ALLARM.LT5","06/23/2004","12:00:00","TDS.1","M1",1976,"CMC","NTWQM",2004-06-23 12:00:00,0.1,"ISM",1,"Water",NA,250,"MG/L",NA,NA,NA,NA,2,NA,1,1,"S","PARTNTID",NA,NA
"789",999,"ALLARM","ALLARM.LT10","06/23/2004","12:00:00","TDS.1","M1",1981,"CMC","NTWQM",2004-06-23 12:00:00,0.1,"ISM",1,"Water",NA,270,"MG/L",NA,NA,NA,NA,2,NA,1,1,"S","PARTNTID",NA,NA
"790",999,"ALLARM","ALLARM.MG2","06/23/2004","12:00:00","TDS.1","M1",1983,"CMC","NTWQM",2004-06-23 12:00:00,0.1,"ISM",1,"Water",NA,430,"MG/L",NA,NA,NA,NA,2,NA,1,1,"S","PARTNTID",NA,NA
"791",999,"ALLARM","ALLARM.LT4","11/09/2004","12:00:00","TDS.1","M1",2040,"CMC","NTWQM",2004-11-09 12:00:00,0.1,"ISM",1,"Water",NA,250,"MG/L",NA,NA,NA,NA,2,NA,1,1,"S","PARTNTID",NA,NA
"792",999,"ALLARM","ALLARM.LT2","08/24/2004","12:00:00","TDS.1","M1",1999,"CMC","NTWQM",2004-08-24 12:00:00,0.1,"ISM",1,"Water",NA,220,"MG/L",NA,NA,NA,NA,2,NA,1,1,"S","PARTNTID",NA,NA
"793",999,"ALLARM","ALLARM.LT1","11/09/2004","12:00:00","TDS.1","M1",2037,"CMC","NTWQM",2004-11-09 12:00:00,0.1,"ISM",1,"Water",NA,270,"MG/L",NA,NA,NA,NA,2,NA,1,1,"S","PARTNTID",NA,NA
"794",999,"ALLARM","ALLARM.LT5","07/20/2004","12:00:00","TDS.1","M1",1989,"CMC","NTWQM",2004-07-20 12:00:00,0.1,"ISM",1,"Water",NA,220,"MG/L",NA,NA,NA,NA,2,NA,1,1,"S","PARTNTID",NA,NA
"795",999,"ALLARM","ALLARM.LT10","07/20/2004","12:00:00","TDS.1","M1",1994,"CMC","NTWQM",2004-07-20 12:00:00,0.1,"ISM",1,"Water",NA,270,"MG/L",NA,NA,NA,NA,2,NA,1,1,"S","PARTNTID",NA,NA
"796",999,"ALLARM","ALLARM.MG2","07/20/2004","12:00:00","TDS.1","M1",1996,"CMC","NTWQM",2004-07-20 12:00:00,0.1,"ISM",1,"Water",NA,380,"MG/L",NA,NA,NA,NA,2,NA,1,1,"S","PARTNTID",NA,NA
"797",999,"ALLARM","ALLARM.LT4","12/08/2004","12:00:00","TDS.1","M1",2053,"CMC","NTWQM",2004-12-08 12:00:00,0.1,"ISM",1,"Water",NA,290,"MG/L",NA,NA,NA,NA,2,NA,1,1,"S","PARTNTID",NA,NA
"798",999,"ALLARM","ALLARM.LT3","04/13/2004","12:00:00","TDS.1","M1",1949,"CMC","NTWQM",2004-04-13 12:00:00,0.1,"ISM",1,"Water",NA,260,"MG/L",NA,NA,NA,NA,2,NA,1,1,"S","PARTNTID",NA,NA
"799",999,"ALLARM","ALLARM.LT1","12/08/2004","12:00:00","TDS.1","M1",2050,"CMC","NTWQM",2004-12-08 12:00:00,0.1,"ISM",1,"Water",NA,270,"MG/L",NA,NA,NA,NA,2,NA,1,1,"S","PARTNTID",NA,NA
"800",999,"ALLARM","ALLARM.LT5","08/24/2004","12:00:00","TDS.1","M1",2002,"CMC","NTWQM",2004-08-24 12:00:00,0.1,"ISM",1,"Water",NA,230,"MG/L",NA,NA,NA,NA,2,NA,1,1,"S","PARTNTID",NA,NA
"801",999,"ALLARM","ALLARM.LT4","06/23/2004","12:00:00","TDS.1","M1",1975,"CMC","NTWQM",2004-06-23 12:00:00,0.1,"ISM",1,"Water",NA,240,"MG/L",NA,NA,NA,NA,2,NA,1,1,"S","PARTNTID",NA,NA
"802",999,"ALLARM","ALLARM.LT2","10/26/2004","12:00:00","TDS.1","M1",2025,"CMC","NTWQM",2004-10-26 12:00:00,0.1,"ISM",1,"Water",NA,240,"MG/L",NA,NA,NA,NA,2,NA,1,1,"S","PARTNTID",NA,NA
"803",999,"ALLARM","ALLARM.LT6","11/09/2004","12:00:00","TDS.1","M1",2042,"CMC","NTWQM",2004-11-09 12:00:00,0.1,"ISM",1,"Water",NA,280,"MG/L",NA,NA,NA,NA,2,NA,1,1,"S","PARTNTID",NA,NA
"804",999,"ALLARM","ALLARM.LT3","05/04/2004","12:00:00","TDS.1","M1",1961,"CMC","NTWQM",2004-05-04 12:00:00,0.1,"ISM",1,"Water",NA,240,"MG/L",NA,NA,NA,NA,2,NA,1,1,"S","PARTNTID",NA,NA
"805",999,"ALLARM","ALLARM.LT10","02/17/2004","12:00:00","TDS.1","M1",1932,"CMC","NTWQM",2004-02-17 12:00:00,0.1,"ISM",1,"Water",NA,470,"MG/L",NA,NA,NA,NA,2,NA,1,1,"S","PARTNTID",NA,NA
"806",999,"ALLARM","ALLARM.LT8","03/23/2004","12:00:00","TDS.1","M1",1942,"CMC","NTWQM",2004-03-23 12:00:00,0.1,"ISM",1,"Water",NA,310,"MG/L",NA,NA,NA,NA,2,NA,1,1,"S","PARTNTID",NA,NA
"807",999,"ALLARM","ALLARM.LT10","09/21/2004","12:00:00","TDS.1","M1",2020,"CMC","NTWQM",2004-09-21 12:00:00,0.1,"ISM",1,"Water",NA,300,"MG/L",NA,NA,NA,NA,2,NA,1,1,"S","PARTNTID",NA,NA
"808",999,"ALLARM","ALLARM.LT2","11/09/2004","12:00:00","TDS.1","M1",2038,"CMC","NTWQM",2004-11-09 12:00:00,0.1,"ISM",1,"Water",NA,265,"MG/L",NA,NA,NA,NA,2,NA,1,1,"S","PARTNTID",NA,NA
"809",999,"ALLARM","ALLARM.LT6","12/08/2004","12:00:00","TDS.1","M1",2055,"CMC","NTWQM",2004-12-08 12:00:00,0.1,"ISM",1,"Water",NA,240,"MG/L",NA,NA,NA,NA,2,NA,1,1,"S","PARTNTID",NA,NA
"810",999,"ALLARM","ALLARM.LT9","06/23/2004","12:00:00","TDS.1","M1",1980,"CMC","NTWQM",2004-06-23 12:00:00,0.1,"ISM",1,"Water",NA,270,"MG/L",NA,NA,NA,NA,2,NA,1,1,"S","PARTNTID",NA,NA
"811",999,"ALLARM","ALLARM.WL","08/24/2004","12:00:00","TDS.1","M1",2010,"CMC","NTWQM",2004-08-24 12:00:00,0.1,"ISM",1,"Water",NA,400,"MG/L",NA,NA,NA,NA,2,NA,1,1,"S","PARTNTID",NA,NA
"812",999,"ALLARM","ALLARM.LT8","04/13/2004","12:00:00","TDS.1","M1",1954,"CMC","NTWQM",2004-04-13 12:00:00,0.1,"ISM",1,"Water",NA,250,"MG/L",NA,NA,NA,NA,2,NA,1,1,"S","PARTNTID",NA,NA
"813",999,"ALLARM","ALLARM.MG1","08/24/2004","12:00:00","TDS.1","M1",2008,"CMC","NTWQM",2004-08-24 12:00:00,0.1,"ISM",1,"Water",NA,360,"MG/L",NA,NA,NA,NA,2,NA,1,1,"S","PARTNTID",NA,NA
"814",999,"ALLARM","ALLARM.LT2","12/08/2004","12:00:00","TDS.1","M1",2051,"CMC","NTWQM",2004-12-08 12:00:00,0.1,"ISM",1,"Water",NA,260,"MG/L",NA,NA,NA,NA,2,NA,1,1,"S","PARTNTID",NA,NA
"815",999,"ALLARM","ALLARM.MG2","10/26/2004","12:00:00","TDS.1","M1",2035,"CMC","NTWQM",2004-10-26 12:00:00,0.1,"ISM",1,"Water",NA,410,"MG/L",NA,NA,NA,NA,2,NA,1,1,"S","PARTNTID",NA,NA
"816",999,"ALLARM","ALLARM.LT9","07/20/2004","12:00:00","TDS.1","M1",1993,"CMC","NTWQM",2004-07-20 12:00:00,0.1,"ISM",1,"Water",NA,250,"MG/L",NA,NA,NA,NA,2,NA,1,1,"S","PARTNTID",NA,NA
"817",999,"ALLARM","ALLARM.WL","09/21/2004","12:00:00","TDS.1","M1",2023,"CMC","NTWQM",2004-09-21 12:00:00,0.1,"ISM",1,"Water",NA,410,"MG/L",NA,NA,NA,NA,2,NA,1,1,"S","PARTNTID",NA,NA
"818",999,"ALLARM","ALLARM.LT8","05/04/2004","12:00:00","TDS.1","M1",1966,"CMC","NTWQM",2004-05-04 12:00:00,0.1,"ISM",1,"Water",NA,280,"MG/L",NA,NA,NA,NA,2,NA,1,1,"S","PARTNTID",NA,NA
"819",999,"ALLARM","ALLARM.MG1","09/21/2004","12:00:00","TDS.1","M1",2021,"CMC","NTWQM",2004-09-21 12:00:00,0.1,"ISM",1,"Water",NA,380,"MG/L",NA,NA,NA,NA,2,NA,1,1,"S","PARTNTID",NA,NA
"820",999,"ALLARM","ALLARM.LT3","01/30/2004","12:00:00","TDS.1","M1",1917,"CMC","NTWQM",2004-01-30 12:00:00,0.1,"ISM",1,"Water",NA,310,"MG/L",NA,NA,NA,NA,2,NA,1,1,"S","PARTNTID",NA,NA
"821",999,"ALLARM","ALLARM.MG2","11/09/2004","12:00:00","TDS.1","M1",2048,"CMC","NTWQM",2004-11-09 12:00:00,0.1,"ISM",1,"Water",NA,430,"MG/L",NA,NA,NA,NA,2,NA,1,1,"S","PARTNTID",NA,NA
"822",999,"ALLARM","ALLARM.LT9","08/24/2004","12:00:00","TDS.1","M1",2006,"CMC","NTWQM",2004-08-24 12:00:00,0.1,"ISM",1,"Water",NA,250,"MG/L",NA,NA,NA,NA,2,NA,1,1,"S","PARTNTID",NA,NA
"823",999,"ALLARM","ALLARM.LT8","08/24/2004","12:00:00","TDS.1","M1",2005,"CMC","NTWQM",2004-08-24 12:00:00,0.1,"ISM",1,"Water",NA,250,"MG/L",NA,NA,NA,NA,2,NA,1,1,"S","PARTNTID",NA,NA
"824",999,"ALLARM","ALLARM.LT8","06/23/2004","12:00:00","TDS.1","M1",1979,"CMC","NTWQM",2004-06-23 12:00:00,0.1,"ISM",1,"Water",NA,270,"MG/L",NA,NA,NA,NA,2,NA,1,1,"S","PARTNTID",NA,NA
"825",999,"ALLARM","ALLARM.MG1","10/26/2004","12:00:00","TDS.1","M1",2034,"CMC","NTWQM",2004-10-26 12:00:00,0.1,"ISM",1,"Water",NA,400,"MG/L",NA,NA,NA,NA,2,NA,1,1,"S","PARTNTID",NA,NA
"826",999,"ALLARM","ALLARM.LT3","02/17/2004","12:00:00","TDS.1","M1",1925,"CMC","NTWQM",2004-02-17 12:00:00,0.1,"ISM",1,"Water",NA,280,"MG/L",NA,NA,NA,NA,2,NA,1,1,"S","PARTNTID",NA,NA
"827",999,"ALLARM","ALLARM.WL","11/09/2004","12:00:00","TDS.1","M1",2049,"CMC","NTWQM",2004-11-09 12:00:00,0.1,"ISM",1,"Water",NA,390,"MG/L",NA,NA,NA,NA,2,NA,1,1,"S","PARTNTID",NA,NA
"828",999,"ALLARM","ALLARM.LT9","09/21/2004","12:00:00","TDS.1","M1",2019,"CMC","NTWQM",2004-09-21 12:00:00,0.1,"ISM",1,"Water",NA,290,"MG/L",NA,NA,NA,NA,2,NA,1,1,"S","PARTNTID",NA,NA
"829",999,"ALLARM","ALLARM.LT8","09/21/2004","12:00:00","TDS.1","M1",2018,"CMC","NTWQM",2004-09-21 12:00:00,0.1,"ISM",1,"Water",NA,270,"MG/L",NA,NA,NA,NA,2,NA,1,1,"S","PARTNTID",NA,NA
"830",999,"ALLARM","ALLARM.LT8","07/20/2004","12:00:00","TDS.1","M1",1992,"CMC","NTWQM",2004-07-20 12:00:00,0.1,"ISM",1,"Water",NA,250,"MG/L",NA,NA,NA,NA,2,NA,1,1,"S","PARTNTID",NA,NA
"831",999,"ALLARM","ALLARM.MG1","11/09/2004","12:00:00","TDS.1","M1",2047,"CMC","NTWQM",2004-11-09 12:00:00,0.1,"ISM",1,"Water",NA,430,"MG/L",NA,NA,NA,NA,2,NA,1,1,"S","PARTNTID",NA,NA
"832",999,"ALLARM","ALLARM.LT3","03/23/2004","12:00:00","TDS.1","M1",1937,"CMC","NTWQM",2004-03-23 12:00:00,0.1,"ISM",1,"Water",NA,260,"MG/L",NA,NA,NA,NA,2,NA,1,1,"S","PARTNTID",NA,NA
"833",999,"ALLARM","ALLARM.WL","12/08/2004","12:00:00","TDS.1","M1",2062,"CMC","NTWQM",2004-12-08 12:00:00,0.1,"ISM",1,"Water",NA,240,"MG/L",NA,NA,NA,NA,2,NA,1,1,"S","PARTNTID",NA,NA
"834",999,"ALLARM","ALLARM.LT9","10/26/2004","12:00:00","TDS.1","M1",2032,"CMC","NTWQM",2004-10-26 12:00:00,0.1,"ISM",1,"Water",NA,290,"MG/L",NA,NA,NA,NA,2,NA,1,1,"S","PARTNTID",NA,NA
"835",999,"ALLARM","ALLARM.LT8","10/26/2004","12:00:00","TDS.1","M1",2031,"CMC","NTWQM",2004-10-26 12:00:00,0.1,"ISM",1,"Water",NA,290,"MG/L",NA,NA,NA,NA,2,NA,1,1,"S","PARTNTID",NA,NA
"836",999,"ALLARM","ALLARM.MG2","09/21/2004","12:00:00","TDS.1","M1",2022,"CMC","NTWQM",2004-09-21 12:00:00,0.1,"ISM",1,"Water",NA,400,"MG/L",NA,NA,NA,NA,2,NA,1,1,"S","PARTNTID",NA,NA
"837",999,"ALLARM","ALLARM.MG1","12/08/2004","12:00:00","TDS.1","M1",2060,"CMC","NTWQM",2004-12-08 12:00:00,0.1,"ISM",1,"Water",NA,330,"MG/L",NA,NA,NA,NA,2,NA,1,1,"S","PARTNTID",NA,NA
"838",999,"ALLARM","ALLARM.LT9","04/13/2004","12:00:00","TDS.1","M1",1955,"CMC","NTWQM",2004-04-13 12:00:00,0.1,"ISM",1,"Water",NA,260,"MG/L",NA,NA,NA,NA,2,NA,1,1,"S","PARTNTID",NA,NA
"839",999,"ALLARM","ALLARM.WL","06/23/2004","12:00:00","TDS.1","M1",1984,"CMC","NTWQM",2004-06-23 12:00:00,0.1,"ISM",1,"Water",NA,360,"MG/L",NA,NA,NA,NA,2,NA,1,1,"S","PARTNTID",NA,NA
"840",999,"ALLARM","ALLARM.LT9","11/09/2004","12:00:00","TDS.1","M1",2045,"CMC","NTWQM",2004-11-09 12:00:00,0.1,"ISM",1,"Water",NA,300,"MG/L",NA,NA,NA,NA,2,NA,1,1,"S","PARTNTID",NA,NA
"841",999,"ALLARM","ALLARM.LT10","08/24/2004","12:00:00","TDS.1","M1",2007,"CMC","NTWQM",2004-08-24 12:00:00,0.1,"ISM",1,"Water",NA,270,"MG/L",NA,NA,NA,NA,2,NA,1,1,"S","PARTNTID",NA,NA
"842",999,"ALLARM","ALLARM.LT6","06/23/2004","12:00:00","TDS.1","M1",1977,"CMC","NTWQM",2004-06-23 12:00:00,0.1,"ISM",1,"Water",NA,250,"MG/L",NA,NA,NA,NA,2,NA,1,1,"S","PARTNTID",NA,NA
"843",999,"ALLARM","ALLARM.MG2","08/24/2004","12:00:00","TDS.1","M1",2009,"CMC","NTWQM",2004-08-24 12:00:00,0.1,"ISM",1,"Water",NA,380,"MG/L",NA,NA,NA,NA,2,NA,1,1,"S","PARTNTID",NA,NA
"844",999,"ALLARM","ALLARM.LT9","05/04/2004","12:00:00","TDS.1","M1",1967,"CMC","NTWQM",2004-05-04 12:00:00,0.1,"ISM",1,"Water",NA,300,"MG/L",NA,NA,NA,NA,2,NA,1,1,"S","PARTNTID",NA,NA
"845",999,"ALLARM","ALLARM.LT5","02/17/2004","12:00:00","TDS.1","M1",1927,"CMC","NTWQM",2004-02-17 12:00:00,0.1,"ISM",1,"Water",NA,310,"MG/L",NA,NA,NA,NA,2,NA,1,1,"S","PARTNTID",NA,NA
"846",999,"ALLARM","ALLARM.LT5","09/21/2004","12:00:00","TDS.1","M1",2015,"CMC","NTWQM",2004-09-21 12:00:00,0.1,"ISM",1,"Water",NA,260,"MG/L",NA,NA,NA,NA,2,NA,1,1,"S","PARTNTID",NA,NA
"847",999,"ALLARM","ALLARM.LT8","12/08/2004","12:00:00","TDS.1","M1",2057,"CMC","NTWQM",2004-12-08 12:00:00,0.1,"ISM",1,"Water",NA,280,"MG/L",NA,NA,NA,NA,2,NA,1,1,"S","PARTNTID",NA,NA
"848",999,"ALLARM","ALLARM.LT6","07/20/2004","12:00:00","TDS.1","M1",1990,"CMC","NTWQM",2004-07-20 12:00:00,0.1,"ISM",1,"Water",NA,220,"MG/L",NA,NA,NA,NA,2,NA,1,1,"S","PARTNTID",NA,NA
"849",999,"ALLARM","ALLARM.LT6","05/04/2004","12:00:00","TDS.1","M1",1964,"CMC","NTWQM",2004-05-04 12:00:00,0.1,"ISM",1,"Water",NA,260,"MG/L",NA,NA,NA,NA,2,NA,1,1,"S","PARTNTID",NA,NA
"850",999,"ALLARM","ALLARM.LT6","03/23/2004","12:00:00","TDS.1","M1",1940,"CMC","NTWQM",2004-03-23 12:00:00,0.1,"ISM",1,"Water",NA,290,"MG/L",NA,NA,NA,NA,2,NA,1,1,"S","PARTNTID",NA,NA
"851",999,"ALLARM","ALLARM.LT5","12/08/2004","12:00:00","TDS.1","M1",2054,"CMC","NTWQM",2004-12-08 12:00:00,0.1,"ISM",1,"Water",NA,260,"MG/L",NA,NA,NA,NA,2,NA,1,1,"S","PARTNTID",NA,NA
"852",999,"ALLARM","ALLARM.LT5","10/26/2004","12:00:00","TDS.1","M1",2028,"CMC","NTWQM",2004-10-26 12:00:00,0.1,"ISM",1,"Water",NA,260,"MG/L",NA,NA,NA,NA,2,NA,1,1,"S","PARTNTID",NA,NA
"853",999,"ALLARM","ALLARM.LT9","02/17/2004","12:00:00","TDS.1","M1",1931,"CMC","NTWQM",2004-02-17 12:00:00,0.1,"ISM",1,"Water",NA,360,"MG/L",NA,NA,NA,NA,2,NA,1,1,"S","PARTNTID",NA,NA
"854",999,"ALLARM","ALLARM.LT8","11/09/2004","12:00:00","TDS.1","M1",2044,"CMC","NTWQM",2004-11-09 12:00:00,0.1,"ISM",1,"Water",NA,300,"MG/L",NA,NA,NA,NA,2,NA,1,1,"S","PARTNTID",NA,NA
"855",999,"ALLARM","ALLARM.LT9","03/23/2004","12:00:00","TDS.1","M1",1943,"CMC","NTWQM",2004-03-23 12:00:00,0.1,"ISM",1,"Water",NA,320,"MG/L",NA,NA,NA,NA,2,NA,1,1,"S","PARTNTID",NA,NA
"856",999,"ALLARM","ALLARM.LT6","04/13/2004","12:00:00","TDS.1","M1",1952,"CMC","NTWQM",2004-04-13 12:00:00,0.1,"ISM",1,"Water",NA,290,"MG/L",NA,NA,NA,NA,2,NA,1,1,"S","PARTNTID",NA,NA
"857",999,"ALLARM","ALLARM.LT6","02/17/2004","12:00:00","TDS.1","M1",1928,"CMC","NTWQM",2004-02-17 12:00:00,0.1,"ISM",1,"Water",NA,310,"MG/L",NA,NA,NA,NA,2,NA,1,1,"S","PARTNTID",NA,NA
"858",999,"ALLARM","ALLARM.LT5","11/09/2004","12:00:00","TDS.1","M1",2041,"CMC","NTWQM",2004-11-09 12:00:00,0.1,"ISM",1,"Water",NA,280,"MG/L",NA,NA,NA,NA,2,NA,1,1,"S","PARTNTID",NA,NA
"859",999,"ALLARM","ALLARM.MG1","07/20/2004","12:00:00","TDS.1","M1",1995,"CMC","NTWQM",2004-07-20 12:00:00,0.1,"ISM",1,"Water",NA,370,"MG/L",NA,NA,NA,NA,2,NA,1,1,"S","PARTNTID",NA,NA
"860",999,"ALLARM","ALLARM.WL","05/04/2004","12:00:00","TDS.1","M1",1971,"CMC","NTWQM",2004-05-04 12:00:00,0.1,"ISM",1,"Water",NA,440,"MG/L",NA,NA,NA,NA,2,NA,1,1,"S","PARTNTID",NA,NA
"861",999,"ALLARM","ALLARM.WL","07/20/2004","12:00:00","TDS.1","M1",1997,"CMC","NTWQM",2004-07-20 12:00:00,0.1,"ISM",1,"Water",NA,360,"MG/L",NA,NA,NA,NA,2,NA,1,1,"S","PARTNTID",NA,NA
"862",999,"ALLARM","ALLARM.MG1","01/30/2004","12:00:00","TDS.1","M1",1921,"CMC","NTWQM",2004-01-30 12:00:00,0.1,"ISM",1,"Water",NA,310,"MG/L",NA,NA,NA,NA,2,NA,1,1,"S","PARTNTID",NA,NA
"863",999,"ALLARM","ALLARM.MG2","12/08/2004","12:00:00","TDS.1","M1",2061,"CMC","NTWQM",2004-12-08 12:00:00,0.1,"ISM",1,"Water",NA,230,"MG/L",NA,NA,NA,NA,2,NA,1,1,"S","PARTNTID",NA,NA
"864",999,"ALLARM","ALLARM.MG1","05/04/2004","12:00:00","TDS.1","M1",1969,"CMC","NTWQM",2004-05-04 12:00:00,0.1,"ISM",1,"Water",NA,430,"MG/L",NA,NA,NA,NA,2,NA,1,1,"S","PARTNTID",NA,NA
"865",999,"ALLARM","ALLARM.LT6","10/26/2004","12:00:00","TDS.1","M1",2029,"CMC","NTWQM",2004-10-26 12:00:00,0.1,"ISM",1,"Water",NA,260,"MG/L",NA,NA,NA,NA,2,NA,1,1,"S","PARTNTID",NA,NA
"866",999,"ALLARM","ALLARM.MG1","06/23/2004","12:00:00","TDS.1","M1",1982,"CMC","NTWQM",2004-06-23 12:00:00,0.1,"ISM",1,"Water",NA,420,"MG/L",NA,NA,NA,NA,2,NA,1,1,"S","PARTNTID",NA,NA
"867",999,"ALLARM","ALLARM.MG1","04/13/2004","12:00:00","TDS.1","M1",1957,"CMC","NTWQM",2004-04-13 12:00:00,0.1,"ISM",1,"Water",NA,290,"MG/L",NA,NA,NA,NA,2,NA,1,1,"S","PARTNTID",NA,NA
"868",999,"ALLARM","ALLARM.MG1","02/17/2004","12:00:00","TDS.1","M1",1933,"CMC","NTWQM",2004-02-17 12:00:00,0.1,"ISM",1,"Water",NA,480,"MG/L",NA,NA,NA,NA,2,NA,1,1,"S","PARTNTID",NA,NA
"869",999,"ALLARM","ALLARM.LT9","12/08/2004","12:00:00","TDS.1","M1",2058,"CMC","NTWQM",2004-12-08 12:00:00,0.1,"ISM",1,"Water",NA,280,"MG/L",NA,NA,NA,NA,2,NA,1,1,"S","PARTNTID",NA,NA
"870",999,"ALLARM","ALLARM.MG1","03/23/2004","12:00:00","TDS.1","M1",1945,"CMC","NTWQM",2004-03-23 12:00:00,0.1,"ISM",1,"Water",NA,480,"MG/L",NA,NA,NA,NA,2,NA,1,1,"S","PARTNTID",NA,NA
"871",999,"ALLARM","ALLARM.LT6","08/24/2004","12:00:00","TDS.1","M1",2003,"CMC","NTWQM",2004-08-24 12:00:00,0.1,"ISM",1,"Water",NA,240,"MG/L",NA,NA,NA,NA,2,NA,1,1,"S","PARTNTID",NA,NA
"872",999,"ALLARM","ALLARM.LT6","09/21/2004","12:00:00","TDS.1","M1",2016,"CMC","NTWQM",2004-09-21 12:00:00,0.1,"ISM",1,"Water",NA,270,"MG/L",NA,NA,NA,NA,2,NA,1,1,"S","PARTNTID",NA,NA
