"","Code","OrganizationFormalName","MailingAddress","SupplementalMailingAddress","MailingAddressCityName","State","MailingAddressPostalCode","Telephone"
"1","ALLARM","LeTort Regional Authority","415 Franklin Street",NA,"Carlisle","PA",17013,"717 245 1565"
"61","BCVM","Bradford County Volunteer Monitors","28 N College St PO Box 1773",NA,"Carlisle","PA",17013,"717 245 1565"
"91","GCWD","God's Country Water Dogs","28 N College St PO Box 1773",NA,"Carlisle","PA",NA,"717 245 1565"
"285","AWA","Antietam Watershed Association","28 N College St PO Box 1773",NA,"Carlisle","PA",17013,"717 245 1565"
"409","MSWA","Middle Spring Watershed Association","28 N College St PO Box 1773",NA,"Carlisle","PA",17013,"717 245 1565"
