"","paramMethod","SOURCE","STATION","SAMPLE_DATE","SAMPLE_TIME","paramCode","SAMPLE_ID","EventId","AGENCY","PROGRAM","DateTime","DEPTH","SAMPLE_TYPE","TIER","Matrix","QUALIFIER","VALUE","UNITS","PROBLEM","LAB","labName","detLimit","qaFlag","COMMENTS","count.x","count.y","LAYER","PROJECT","SampleAnalyticalMethodIdentifier","SubstanceIdentificationName"
"660",999,"BCVM","BCVM.SATCRE3.02","01/04/2012","12:00:00","TDS.1","M1",4595,"CMC","NTWQM",2012-01-04 12:00:00,0.1,"ISM","1","Water",NA,100,"MG/L",NA,NA,NA,NA,2,NA,1,1,"S","PARTNTID",NA,NA
"661",999,"ALLARM","ALLARM.LT3","06/12/2012","12:00:00","TDS.1","M1",3169,"CMC","NTWQM",2012-06-12 12:00:00,0.1,"ISM","1","Water",NA,380,"MG/L",NA,NA,NA,NA,2,NA,1,1,"S","PARTNTID",NA,NA
"662",999,"BCVM","BCVM.SATCRE3.02","01/11/2012","12:00:00","TDS.1","M1",4596,"CMC","NTWQM",2012-01-11 12:00:00,0.1,"ISM","1","Water",NA,80,"MG/L",NA,NA,NA,NA,2,NA,1,1,"S","PARTNTID",NA,NA
"663",999,"GCWD","GCWD.DODHOLRUN0.32","10/17/2012","12:00:00","TDS.1","M1",4796,"CMC","NTWQM",2012-10-17 12:00:00,0.1,"ISM","1","Water",NA,80,"MG/L",NA,NA,NA,NA,2,NA,1,1,"S","PARTNTID",NA,NA
"664",999,"ALLARM","ALLARM.LT1","02/12/2012","12:00:00","TDS.1","M1",3147,"CMC","NTWQM",2012-02-12 12:00:00,0.1,"ISM","1","Water",NA,400,"MG/L",NA,NA,NA,NA,2,NA,1,1,"S","PARTNTID",NA,NA
"665",999,"ALLARM","ALLARM.LT6","12/04/2012","12:00:00","TDS.1","M1",3202,"CMC","NTWQM",2012-12-04 12:00:00,0.1,"ISM","1","Water",NA,380,"MG/L",NA,NA,NA,NA,2,NA,1,1,"S","PARTNTID",NA,NA
"666",999,"BCVM","BCVM.SATCRE3.02","02/01/2012","12:00:00","TDS.1","M1",4598,"CMC","NTWQM",2012-02-01 12:00:00,0.1,"ISM","1","Water",NA,90,"MG/L",NA,NA,NA,NA,2,NA,1,1,"S","PARTNTID",NA,NA
"667",999,"ALLARM","ALLARM.LT3","08/15/2012","12:00:00","TDS.1","M1",3179,"CMC","NTWQM",2012-08-15 12:00:00,0.1,"ISM","1","Water",NA,360,"MG/L",NA,NA,NA,NA,2,NA,1,1,"S","PARTNTID",NA,NA
"668",999,"BCVM","BCVM.SATCRE3.02","02/08/2012","12:00:00","TDS.1","M1",4599,"CMC","NTWQM",2012-02-08 12:00:00,0.1,"ISM","1","Water",NA,80,"MG/L",NA,NA,NA,NA,2,NA,1,1,"S","PARTNTID",NA,NA
"669",999,"GCWD","GCWD.EASFORSINCRE10.25","01/06/2012","12:00:00","TDS.1","M1",4846,"CMC","NTWQM",2012-01-06 12:00:00,0.1,"ISM","1","Water",NA,20,"MG/L",NA,NA,NA,NA,2,NA,1,1,"S","PARTNTID",NA,NA
"670",999,"ALLARM","ALLARM.LT1","04/12/2012","12:00:00","TDS.1","M1",3157,"CMC","NTWQM",2012-04-12 12:00:00,0.1,"ISM","1","Water",NA,380,"MG/L",NA,NA,NA,NA,2,NA,1,1,"S","PARTNTID",NA,NA
"671",999,"ALLARM","ALLARM.LT7","02/12/2012","12:00:00","TDS.1","M1",3153,"CMC","NTWQM",2012-02-12 12:00:00,0.1,"ISM","1","Water",NA,440,"MG/L",NA,NA,NA,NA,2,NA,1,1,"S","PARTNTID",NA,NA
"672",999,"BCVM","BCVM.SATCRE3.02","02/29/2012","12:00:00","TDS.1","M1",4601,"CMC","NTWQM",2012-02-29 12:00:00,0.1,"ISM","1","Water",NA,60,"MG/L",NA,NA,NA,NA,2,NA,1,1,"S","PARTNTID",NA,NA
"673",999,"ALLARM","ALLARM.LT3","10/09/2012","12:00:00","TDS.1","M1",3189,"CMC","NTWQM",2012-10-09 12:00:00,0.1,"ISM","1","Water",NA,360,"MG/L",NA,NA,NA,NA,2,NA,1,1,"S","PARTNTID",NA,NA
"674",999,"BCVM","BCVM.SATCRE3.02","03/07/2012","12:00:00","TDS.1","M1",4602,"CMC","NTWQM",2012-03-07 12:00:00,0.1,"ISM","1","Water",NA,80,"MG/L",NA,NA,NA,NA,2,NA,1,1,"S","PARTNTID",NA,NA
"675",999,"GCWD","GCWD.GENFOR10.77","02/23/2012","12:00:00","TDS.1","M1",4920,"CMC","NTWQM",2012-02-23 12:00:00,0.1,"ISM","1","Water",NA,40,"MG/L",NA,NA,NA,NA,2,NA,1,1,"S","PARTNTID",NA,NA
"676",999,"ALLARM","ALLARM.LT1","06/12/2012","12:00:00","TDS.1","M1",3167,"CMC","NTWQM",2012-06-12 12:00:00,0.1,"ISM","1","Water",NA,420,"MG/L",NA,NA,NA,NA,2,NA,1,1,"S","PARTNTID",NA,NA
"677",999,"ALLARM","ALLARM.LT7","04/12/2012","12:00:00","TDS.1","M1",3163,"CMC","NTWQM",2012-04-12 12:00:00,0.1,"ISM","1","Water",NA,420,"MG/L",NA,NA,NA,NA,2,NA,1,1,"S","PARTNTID",NA,NA
"678",999,"BCVM","BCVM.SATCRE3.02","03/21/2012","12:00:00","TDS.1","M1",4604,"CMC","NTWQM",2012-03-21 12:00:00,0.1,"ISM","1","Water",NA,80,"MG/L",NA,NA,NA,NA,2,NA,1,1,"S","PARTNTID",NA,NA
"679",999,"ALLARM","ALLARM.LT3","12/04/2012","12:00:00","TDS.1","M1",3199,"CMC","NTWQM",2012-12-04 12:00:00,0.1,"ISM","1","Water",NA,390,"MG/L",NA,NA,NA,NA,2,NA,1,1,"S","PARTNTID",NA,NA
"680",999,"BCVM","BCVM.SATCRE3.02","03/29/2012","12:00:00","TDS.1","M1",4605,"CMC","NTWQM",2012-03-29 12:00:00,0.1,"ISM","1","Water",NA,80,"MG/L",NA,NA,NA,NA,2,NA,1,1,"S","PARTNTID",NA,NA
"681",999,"GCWD","GCWD.GENFOR10.77","05/28/2012","12:00:00","TDS.1","M1",4923,"CMC","NTWQM",2012-05-28 12:00:00,0.1,"ISM","1","Water",NA,40,"MG/L",NA,NA,NA,NA,2,NA,1,1,"S","PARTNTID",NA,NA
"682",999,"ALLARM","ALLARM.LT1","08/15/2012","12:00:00","TDS.1","M1",3177,"CMC","NTWQM",2012-08-15 12:00:00,0.1,"ISM","1","Water",NA,390,"MG/L",NA,NA,NA,NA,2,NA,1,1,"S","PARTNTID",NA,NA
"683",999,"ALLARM","ALLARM.LT7","06/12/2012","12:00:00","TDS.1","M1",3173,"CMC","NTWQM",2012-06-12 12:00:00,0.1,"ISM","1","Water",NA,440,"MG/L",NA,NA,NA,NA,2,NA,1,1,"S","PARTNTID",NA,NA
"684",999,"BCVM","BCVM.SATCRE3.02","04/11/2012","12:00:00","TDS.1","M1",4607,"CMC","NTWQM",2012-04-11 12:00:00,0.1,"ISM","1","Water",NA,70,"MG/L",NA,NA,NA,NA,2,NA,1,1,"S","PARTNTID",NA,NA
"685",999,"ALLARM","ALLARM.LT4","02/12/2012","12:00:00","TDS.1","M1",3150,"CMC","NTWQM",2012-02-12 12:00:00,0.1,"ISM","1","Water",NA,400,"MG/L",NA,NA,NA,NA,2,NA,1,1,"S","PARTNTID",NA,NA
"686",999,"BCVM","BCVM.SATCRE3.02","04/18/2012","12:00:00","TDS.1","M1",4608,"CMC","NTWQM",2012-04-18 12:00:00,0.1,"ISM","1","Water",NA,80,"MG/L",NA,NA,NA,NA,2,NA,1,1,"S","PARTNTID",NA,NA
"687",999,"ALLARM","ALLARM.LT1","10/09/2012","12:00:00","TDS.1","M1",3187,"CMC","NTWQM",2012-10-09 12:00:00,0.1,"ISM","1","Water",NA,360,"MG/L",NA,NA,NA,NA,2,NA,1,1,"S","PARTNTID",NA,NA
"688",999,"BCVM","BCVM.SATCRE3.02","04/25/2012","12:00:00","TDS.1","M1",4609,"CMC","NTWQM",2012-04-25 12:00:00,0.1,"ISM","1","Water",NA,90,"MG/L",NA,NA,NA,NA,2,NA,1,1,"S","PARTNTID",NA,NA
"689",999,"ALLARM","ALLARM.LT7","08/15/2012","12:00:00","TDS.1","M1",3183,"CMC","NTWQM",2012-08-15 12:00:00,0.1,"ISM","1","Water",NA,340,"MG/L",NA,NA,NA,NA,2,NA,1,1,"S","PARTNTID",NA,NA
"690",999,"BCVM","BCVM.SATCRE3.02","05/02/2012","12:00:00","TDS.1","M1",4610,"CMC","NTWQM",2012-05-02 12:00:00,0.1,"ISM","1","Water",NA,70,"MG/L",NA,NA,NA,NA,2,NA,1,1,"S","PARTNTID",NA,NA
"691",999,"ALLARM","ALLARM.LT4","04/12/2012","12:00:00","TDS.1","M1",3160,"CMC","NTWQM",2012-04-12 12:00:00,0.1,"ISM","1","Water",NA,430,"MG/L",NA,NA,NA,NA,2,NA,1,1,"S","PARTNTID",NA,NA
"692",999,"BCVM","BCVM.SATCRE3.02","05/09/2012","12:00:00","TDS.1","M1",4611,"CMC","NTWQM",2012-05-09 12:00:00,0.1,"ISM","1","Water",NA,70,"MG/L",NA,NA,NA,NA,2,NA,1,1,"S","PARTNTID",NA,NA
"693",999,"ALLARM","ALLARM.LT1","12/04/2012","12:00:00","TDS.1","M1",3197,"CMC","NTWQM",2012-12-04 12:00:00,0.1,"ISM","1","Water",NA,380,"MG/L",NA,NA,NA,NA,2,NA,1,1,"S","PARTNTID",NA,NA
"694",999,"BCVM","BCVM.SATCRE3.02","05/23/2012","12:00:00","TDS.1","M1",4612,"CMC","NTWQM",2012-05-23 12:00:00,0.1,"ISM","1","Water",NA,90,"MG/L",NA,NA,NA,NA,2,NA,1,1,"S","PARTNTID",NA,NA
"695",999,"ALLARM","ALLARM.LT7","10/09/2012","12:00:00","TDS.1","M1",3193,"CMC","NTWQM",2012-10-09 12:00:00,0.1,"ISM","1","Water",NA,410,"MG/L",NA,NA,NA,NA,2,NA,1,1,"S","PARTNTID",NA,NA
"696",999,"ALLARM","ALLARM.LT4","06/12/2012","12:00:00","TDS.1","M1",3170,"CMC","NTWQM",2012-06-12 12:00:00,0.1,"ISM","1","Water",NA,410,"MG/L",NA,NA,NA,NA,2,NA,1,1,"S","PARTNTID",NA,NA
"697",999,"GCWD","GCWD.GERBRA4.32","04/02/2012","12:00:00","TDS.1","M1",4951,"CMC","NTWQM",2012-04-02 12:00:00,0.1,"ISM","1","Water",NA,73,"MG/L",NA,NA,NA,NA,2,NA,1,1,"S","PARTNTID",NA,NA
"698",999,"BCVM","BCVM.SATCRE3.02","06/13/2012","12:00:00","TDS.1","M1",4614,"CMC","NTWQM",2012-06-13 12:00:00,0.1,"ISM","1","Water",NA,110,"MG/L",NA,NA,NA,NA,2,NA,1,1,"S","PARTNTID",NA,NA
"699",999,"ALLARM","ALLARM.LT10","02/12/2012","12:00:00","TDS.1","M1",3156,"CMC","NTWQM",2012-02-12 12:00:00,0.1,"ISM","1","Water",NA,470,"MG/L",NA,NA,NA,NA,2,NA,1,1,"S","PARTNTID",NA,NA
"700",999,"BCVM","BCVM.SATCRE3.02","06/27/2012","12:00:00","TDS.1","M1",4615,"CMC","NTWQM",2012-06-27 12:00:00,0.1,"ISM","1","Water",NA,130,"MG/L",NA,NA,NA,NA,2,NA,1,1,"S","PARTNTID",NA,NA
"701",999,"ALLARM","ALLARM.LT7","12/04/2012","12:00:00","TDS.1","M1",3203,"CMC","NTWQM",2012-12-04 12:00:00,0.1,"ISM","1","Water",NA,300,"MG/L",NA,NA,NA,NA,2,NA,1,1,"S","PARTNTID",NA,NA
"702",999,"ALLARM","ALLARM.LT4","08/15/2012","12:00:00","TDS.1","M1",3180,"CMC","NTWQM",2012-08-15 12:00:00,0.1,"ISM","1","Water",NA,350,"MG/L",NA,NA,NA,NA,2,NA,1,1,"S","PARTNTID",NA,NA
"703",999,"GCWD","GCWD.MOOHOLRUN0.06","07/16/2012","12:00:00","TDS.1","M1",5131,"CMC","NTWQM",2012-07-16 12:00:00,0.1,"ISM","1","Water",NA,100,"MG/L",NA,NA,NA,NA,2,NA,1,2,"VP","PARTNTID",NA,NA
"704",999,"BCVM","BCVM.SATCRE3.02","07/18/2012","12:00:00","TDS.1","M1",4617,"CMC","NTWQM",2012-07-18 12:00:00,0.1,"ISM","1","Water",NA,140,"MG/L",NA,NA,NA,NA,2,NA,1,1,"S","PARTNTID",NA,NA
"705",999,"ALLARM","ALLARM.LT10","04/12/2012","12:00:00","TDS.1","M1",3166,"CMC","NTWQM",2012-04-12 12:00:00,0.1,"ISM","1","Water",NA,430,"MG/L",NA,NA,NA,NA,2,NA,1,1,"S","PARTNTID",NA,NA
"706",999,"BCVM","BCVM.SATCRE3.02","10/19/2012","12:00:00","TDS.1","M1",4623,"CMC","NTWQM",2012-10-19 12:00:00,0.1,"ISM","1","Water",NA,160,"MG/L",NA,NA,NA,NA,2,NA,1,1,"S","PARTNTID",NA,NA
"707",999,"ALLARM","ALLARM.LT8","02/12/2012","12:00:00","TDS.1","M1",3154,"CMC","NTWQM",2012-02-12 12:00:00,0.1,"ISM","1","Water",NA,440,"MG/L",NA,NA,NA,NA,2,NA,1,1,"S","PARTNTID",NA,NA
"708",999,"ALLARM","ALLARM.LT4","10/09/2012","12:00:00","TDS.1","M1",3190,"CMC","NTWQM",2012-10-09 12:00:00,0.1,"ISM","1","Water",NA,390,"MG/L",NA,NA,NA,NA,2,NA,1,1,"S","PARTNTID",NA,NA
"709",999,"GCWD","GCWD.GERBRA4.32","04/29/2012","12:00:00","TDS.1","M1",4953,"CMC","NTWQM",2012-04-29 12:00:00,0.1,"ISM","1","Water",NA,60,"MG/L",NA,NA,NA,NA,2,NA,1,1,"S","PARTNTID",NA,NA
"710",999,"BCVM","BCVM.TUTCRE2.03","01/25/2012","12:00:00","TDS.1","M1",4651,"CMC","NTWQM",2012-01-25 12:00:00,0.1,"ISM","1","Water",NA,110,"MG/L",NA,NA,NA,NA,2,NA,1,1,"S","PARTNTID",NA,NA
"711",999,"ALLARM","ALLARM.LT10","06/12/2012","12:00:00","TDS.1","M1",3176,"CMC","NTWQM",2012-06-12 12:00:00,0.1,"ISM","1","Water",NA,510,"MG/L",NA,NA,NA,NA,2,NA,1,1,"S","PARTNTID",NA,NA
"712",999,"BCVM","BCVM.TUTCRE2.03","03/27/2012","12:00:00","TDS.1","M1",4652,"CMC","NTWQM",2012-03-27 12:00:00,0.1,"ISM","1","Water",NA,100,"MG/L",NA,NA,NA,NA,2,NA,1,1,"S","PARTNTID",NA,NA
"713",999,"ALLARM","ALLARM.LT8","04/12/2012","12:00:00","TDS.1","M1",3164,"CMC","NTWQM",2012-04-12 12:00:00,0.1,"ISM","1","Water",NA,410,"MG/L",NA,NA,NA,NA,2,NA,1,1,"S","PARTNTID",NA,NA
"714",999,"ALLARM","ALLARM.LT4","12/04/2012","12:00:00","TDS.1","M1",3200,"CMC","NTWQM",2012-12-04 12:00:00,0.1,"ISM","1","Water",NA,380,"MG/L",NA,NA,NA,NA,2,NA,1,1,"S","PARTNTID",NA,NA
"715",999,"GCWD","GCWD.GERBRA4.32","05/19/2012","12:00:00","TDS.1","M1",4956,"CMC","NTWQM",2012-05-19 12:00:00,0.1,"ISM","1","Water",NA,70,"MG/L",NA,NA,NA,NA,2,NA,1,1,"S","PARTNTID",NA,NA
"716",999,"BCVM","BCVM.WOLCRE1.92","03/27/2012","12:00:00","TDS.1","M1",4645,"CMC","NTWQM",2012-03-27 12:00:00,0.1,"ISM","1","Water",NA,90,"MG/L",NA,NA,NA,NA,2,NA,1,1,"S","PARTNTID",NA,NA
"717",999,"ALLARM","ALLARM.LT10","08/15/2012","12:00:00","TDS.1","M1",3186,"CMC","NTWQM",2012-08-15 12:00:00,0.1,"ISM","1","Water",NA,250,"MG/L",NA,NA,NA,NA,2,NA,1,1,"S","PARTNTID",NA,NA
"718",999,"GCWD","GCWD.BEEFLARUN0.12","01/14/2012","12:00:00","TDS.1","M1",4655,"CMC","NTWQM",2012-01-14 12:00:00,0.1,"ISM","1","Water",NA,10,"MG/L",NA,NA,NA,NA,2,NA,1,1,"S","PARTNTID",NA,NA
"719",999,"ALLARM","ALLARM.LT8","06/12/2012","12:00:00","TDS.1","M1",3174,"CMC","NTWQM",2012-06-12 12:00:00,0.1,"ISM","1","Water",NA,440,"MG/L",NA,NA,NA,NA,2,NA,1,1,"S","PARTNTID",NA,NA
"720",999,"ALLARM","ALLARM.LT5","02/12/2012","12:00:00","TDS.1","M1",3151,"CMC","NTWQM",2012-02-12 12:00:00,0.1,"ISM","1","Water",NA,410,"MG/L",NA,NA,NA,NA,2,NA,1,1,"S","PARTNTID",NA,NA
"721",999,"GCWD","GCWD.GERBRA4.32","06/09/2012","12:00:00","TDS.1","M1",4959,"CMC","NTWQM",2012-06-09 12:00:00,0.1,"ISM","1","Water",NA,60,"MG/L",NA,NA,NA,NA,2,NA,1,1,"S","PARTNTID",NA,NA
"722",999,"ALLARM","ALLARM.LT10","10/09/2012","12:00:00","TDS.1","M1",3196,"CMC","NTWQM",2012-10-09 12:00:00,0.1,"ISM","1","Water",NA,460,"MG/L",NA,NA,NA,NA,2,NA,1,1,"S","PARTNTID",NA,NA
"723",999,"GCWD","GCWD.GERBRA4.32","06/16/2012","12:00:00","TDS.1","M1",4960,"CMC","NTWQM",2012-06-16 12:00:00,0.1,"ISM","1","Water",NA,75,"MG/L",NA,NA,NA,NA,2,NA,1,1,"S","PARTNTID",NA,NA
"724",999,"GCWD","GCWD.BEEFLARUN0.12","04/12/2012","12:00:00","TDS.1","M1",4658,"CMC","NTWQM",2012-04-12 12:00:00,0.1,"ISM","1","Water",NA,10,"MG/L",NA,NA,NA,NA,2,NA,1,1,"S","PARTNTID",NA,NA
"725",999,"ALLARM","ALLARM.LT8","08/15/2012","12:00:00","TDS.1","M1",3184,"CMC","NTWQM",2012-08-15 12:00:00,0.1,"ISM","1","Water",NA,340,"MG/L",NA,NA,NA,NA,2,NA,1,1,"S","PARTNTID",NA,NA
"726",999,"ALLARM","ALLARM.LT5","04/12/2012","12:00:00","TDS.1","M1",3161,"CMC","NTWQM",2012-04-12 12:00:00,0.1,"ISM","1","Water",NA,390,"MG/L",NA,NA,NA,NA,2,NA,1,1,"S","PARTNTID",NA,NA
"727",999,"GCWD","GCWD.GERBRA4.32","06/30/2012","12:00:00","TDS.1","M1",4962,"CMC","NTWQM",2012-06-30 12:00:00,0.1,"ISM","1","Water",NA,90,"MG/L",NA,NA,NA,NA,2,NA,1,1,"S","PARTNTID",NA,NA
"728",999,"ALLARM","ALLARM.LT10","12/04/2012","12:00:00","TDS.1","M1",3206,"CMC","NTWQM",2012-12-04 12:00:00,0.1,"ISM","1","Water",NA,460,"MG/L",NA,NA,NA,NA,2,NA,1,1,"S","PARTNTID",NA,NA
"729",999,"GCWD","GCWD.GERBRA4.32","07/07/2012","12:00:00","TDS.1","M1",4963,"CMC","NTWQM",2012-07-07 12:00:00,0.1,"ISM","1","Water",NA,90,"MG/L",NA,NA,NA,NA,2,NA,1,1,"S","PARTNTID",NA,NA
"730",999,"GCWD","GCWD.BEEFLARUN0.12","08/28/2012","12:00:00","TDS.1","M1",4661,"CMC","NTWQM",2012-08-28 12:00:00,0.1,"ISM","1","Water",NA,20,"MG/L",NA,NA,NA,NA,2,NA,1,1,"S","PARTNTID",NA,NA
"731",999,"ALLARM","ALLARM.LT8","10/09/2012","12:00:00","TDS.1","M1",3194,"CMC","NTWQM",2012-10-09 12:00:00,0.1,"ISM","1","Water",NA,420,"MG/L",NA,NA,NA,NA,2,NA,1,1,"S","PARTNTID",NA,NA
"732",999,"ALLARM","ALLARM.LT5","06/12/2012","12:00:00","TDS.1","M1",3171,"CMC","NTWQM",2012-06-12 12:00:00,0.1,"ISM","1","Water",NA,390,"MG/L",NA,NA,NA,NA,2,NA,1,1,"S","PARTNTID",NA,NA
"733",999,"GCWD","GCWD.GERBRA4.32","07/24/2012","12:00:00","TDS.1","M1",4965,"CMC","NTWQM",2012-07-24 12:00:00,0.1,"ISM","1","Water",NA,110,"MG/L",NA,NA,NA,NA,2,NA,1,1,"S","PARTNTID",NA,NA
"734",999,"ALLARM","ALLARM.LT2","02/12/2012","12:00:00","TDS.1","M1",3148,"CMC","NTWQM",2012-02-12 12:00:00,0.1,"ISM","1","Water",NA,390,"MG/L",NA,NA,NA,NA,2,NA,1,1,"S","PARTNTID",NA,NA
"735",999,"GCWD","GCWD.GERBRA4.32","07/29/2012","12:00:00","TDS.1","M1",4966,"CMC","NTWQM",2012-07-29 12:00:00,0.1,"ISM","1","Water",NA,120,"MG/L",NA,NA,NA,NA,2,NA,1,1,"S","PARTNTID",NA,NA
"736",999,"GCWD","GCWD.BEEFLARUN0.12","12/04/2012","12:00:00","TDS.1","M1",4664,"CMC","NTWQM",2012-12-04 12:00:00,0.1,"ISM","1","Water",NA,20,"MG/L",NA,NA,NA,NA,2,NA,1,1,"S","PARTNTID",NA,NA
"737",999,"ALLARM","ALLARM.LT8","12/04/2012","12:00:00","TDS.1","M1",3204,"CMC","NTWQM",2012-12-04 12:00:00,0.1,"ISM","1","Water",NA,410,"MG/L",NA,NA,NA,NA,2,NA,1,1,"S","PARTNTID",NA,NA
"738",999,"ALLARM","ALLARM.LT5","08/15/2012","12:00:00","TDS.1","M1",3181,"CMC","NTWQM",2012-08-15 12:00:00,0.1,"ISM","1","Water",NA,350,"MG/L",NA,NA,NA,NA,2,NA,1,1,"S","PARTNTID",NA,NA
"739",999,"GCWD","GCWD.GERBRA4.32","08/12/2012","12:00:00","TDS.1","M1",4968,"CMC","NTWQM",2012-08-12 12:00:00,0.1,"ISM","1","Water",NA,120,"MG/L",NA,NA,NA,NA,2,NA,1,1,"S","PARTNTID",NA,NA
"740",999,"ALLARM","ALLARM.LT2","04/12/2012","12:00:00","TDS.1","M1",3158,"CMC","NTWQM",2012-04-12 12:00:00,0.1,"ISM","1","Water",NA,370,"MG/L",NA,NA,NA,NA,2,NA,1,1,"S","PARTNTID",NA,NA
"741",999,"GCWD","GCWD.GERBRA4.32","08/18/2012","12:00:00","TDS.1","M1",4969,"CMC","NTWQM",2012-08-18 12:00:00,0.1,"ISM","1","Water",NA,120,"MG/L",NA,NA,NA,NA,2,NA,1,1,"S","PARTNTID",NA,NA
"742",999,"GCWD","GCWD.BIGMOORUN5.78","05/12/2012","12:00:00","TDS.1","M1",4702,"CMC","NTWQM",2012-05-12 12:00:00,0.1,"ISM","1","Water",NA,35,"MG/L",NA,NA,NA,NA,2,NA,1,1,"S","PARTNTID",NA,NA
"743",999,"ALLARM","ALLARM.LT9","02/12/2012","12:00:00","TDS.1","M1",3155,"CMC","NTWQM",2012-02-12 12:00:00,0.1,"ISM","1","Water",NA,450,"MG/L",NA,NA,NA,NA,2,NA,1,1,"S","PARTNTID",NA,NA
"744",999,"ALLARM","ALLARM.LT5","10/09/2012","12:00:00","TDS.1","M1",3191,"CMC","NTWQM",2012-10-09 12:00:00,0.1,"ISM","1","Water",NA,390,"MG/L",NA,NA,NA,NA,2,NA,1,1,"S","PARTNTID",NA,NA
"745",999,"GCWD","GCWD.GERBRA4.32","09/08/2012","12:00:00","TDS.1","M1",4971,"CMC","NTWQM",2012-09-08 12:00:00,0.1,"ISM","1","Water",NA,140,"MG/L",NA,NA,NA,NA,2,NA,1,1,"S","PARTNTID",NA,NA
"746",999,"ALLARM","ALLARM.LT2","06/12/2012","12:00:00","TDS.1","M1",3168,"CMC","NTWQM",2012-06-12 12:00:00,0.1,"ISM","1","Water",NA,360,"MG/L",NA,NA,NA,NA,2,NA,1,1,"S","PARTNTID",NA,NA
"747",999,"GCWD","GCWD.GERBRA4.32","09/16/2012","12:00:00","TDS.1","M1",4972,"CMC","NTWQM",2012-09-16 12:00:00,0.1,"ISM","1","Water",NA,130,"MG/L",NA,NA,NA,NA,2,NA,1,1,"S","PARTNTID",NA,NA
"748",999,"GCWD","GCWD.BIGMOORUN5.78","06/17/2012","12:00:00","TDS.1","M1",4705,"CMC","NTWQM",2012-06-17 12:00:00,0.1,"ISM","1","Water",NA,50,"MG/L",NA,NA,NA,NA,2,NA,1,1,"S","PARTNTID",NA,NA
"749",999,"ALLARM","ALLARM.LT9","04/12/2012","12:00:00","TDS.1","M1",3165,"CMC","NTWQM",2012-04-12 12:00:00,0.1,"ISM","1","Water",NA,430,"MG/L",NA,NA,NA,NA,2,NA,1,1,"S","PARTNTID",NA,NA
"750",999,"ALLARM","ALLARM.LT5","12/04/2012","12:00:00","TDS.1","M1",3201,"CMC","NTWQM",2012-12-04 12:00:00,0.1,"ISM","1","Water",NA,380,"MG/L",NA,NA,NA,NA,2,NA,1,1,"S","PARTNTID",NA,NA
"751",999,"GCWD","GCWD.GERBRA4.32","09/29/2012","12:00:00","TDS.1","M1",4974,"CMC","NTWQM",2012-09-29 12:00:00,0.1,"ISM","1","Water",NA,125,"MG/L",NA,NA,NA,NA,2,NA,1,1,"S","PARTNTID",NA,NA
"752",999,"ALLARM","ALLARM.LT2","08/15/2012","12:00:00","TDS.1","M1",3178,"CMC","NTWQM",2012-08-15 12:00:00,0.1,"ISM","1","Water",NA,360,"MG/L",NA,NA,NA,NA,2,NA,1,1,"S","PARTNTID",NA,NA
"753",999,"GCWD","GCWD.GERBRA4.32","10/06/2012","12:00:00","TDS.1","M1",4975,"CMC","NTWQM",2012-10-06 12:00:00,0.1,"ISM","1","Water",NA,120,"MG/L",NA,NA,NA,NA,2,NA,1,1,"S","PARTNTID",NA,NA
"754",999,"GCWD","GCWD.BIGMOORUN5.78","08/10/2012","12:00:00","TDS.1","M1",4708,"CMC","NTWQM",2012-08-10 12:00:00,0.1,"ISM","1","Water",NA,50,"MG/L",NA,NA,NA,NA,2,NA,1,1,"S","PARTNTID",NA,NA
"755",999,"ALLARM","ALLARM.LT9","06/12/2012","12:00:00","TDS.1","M1",3175,"CMC","NTWQM",2012-06-12 12:00:00,0.1,"ISM","1","Water",NA,450,"MG/L",NA,NA,NA,NA,2,NA,1,1,"S","PARTNTID",NA,NA
"756",999,"ALLARM","ALLARM.LT6","02/12/2012","12:00:00","TDS.1","M1",3152,"CMC","NTWQM",2012-02-12 12:00:00,0.1,"ISM","1","Water",NA,430,"MG/L",NA,NA,NA,NA,2,NA,1,1,"S","PARTNTID",NA,NA
"757",999,"GCWD","GCWD.GERBRA4.32","10/21/2012","12:00:00","TDS.1","M1",4977,"CMC","NTWQM",2012-10-21 12:00:00,0.1,"ISM","1","Water",NA,125,"MG/L",NA,NA,NA,NA,2,NA,1,1,"S","PARTNTID",NA,NA
"758",999,"ALLARM","ALLARM.LT2","10/09/2012","12:00:00","TDS.1","M1",3188,"CMC","NTWQM",2012-10-09 12:00:00,0.1,"ISM","1","Water",NA,360,"MG/L",NA,NA,NA,NA,2,NA,1,1,"S","PARTNTID",NA,NA
"759",999,"GCWD","GCWD.CALCRE0.11","08/10/2012","12:00:00","TDS.1","M1",4762,"CMC","NTWQM",2012-08-10 12:00:00,0.1,"ISM","1","Water",NA,80,"MG/L",NA,NA,NA,NA,2,NA,1,2,"VP","PARTNTID",NA,NA
"760",999,"GCWD","GCWD.CALCRE0.11","08/10/2012","12:00:00","TDS.1","M1",4762,"CMC","NTWQM",2012-08-10 12:00:00,0.1,"ISM","1","Water",NA,80,"MG/L",NA,NA,NA,NA,2,NA,1,2,"VP","PARTNTID",NA,NA
"761",999,"ALLARM","ALLARM.LT9","08/15/2012","12:00:00","TDS.1","M1",3185,"CMC","NTWQM",2012-08-15 12:00:00,0.1,"ISM","1","Water",NA,260,"MG/L",NA,NA,NA,NA,2,NA,1,1,"S","PARTNTID",NA,NA
"762",999,"ALLARM","ALLARM.LT6","04/12/2012","12:00:00","TDS.1","M1",3162,"CMC","NTWQM",2012-04-12 12:00:00,0.1,"ISM","1","Water",NA,390,"MG/L",NA,NA,NA,NA,2,NA,1,1,"S","PARTNTID",NA,NA
"763",999,"GCWD","GCWD.GERBRA4.32","11/18/2012","12:00:00","TDS.1","M1",4980,"CMC","NTWQM",2012-11-18 12:00:00,0.1,"ISM","1","Water",NA,70,"MG/L",NA,NA,NA,NA,2,NA,1,1,"S","PARTNTID",NA,NA
"764",999,"ALLARM","ALLARM.LT2","12/04/2012","12:00:00","TDS.1","M1",3198,"CMC","NTWQM",2012-12-04 12:00:00,0.1,"ISM","1","Water",NA,360,"MG/L",NA,NA,NA,NA,2,NA,1,1,"S","PARTNTID",NA,NA
"765",999,"GCWD","GCWD.GERBRA4.32","12/03/2012","12:00:00","TDS.1","M1",4981,"CMC","NTWQM",2012-12-03 12:00:00,0.1,"ISM","1","Water",NA,90,"MG/L",NA,NA,NA,NA,2,NA,1,1,"S","PARTNTID",NA,NA
"766",999,"GCWD","GCWD.COWRIV34.68","02/22/2012","12:00:00","TDS.1","M1",4781,"CMC","NTWQM",2012-02-22 12:00:00,0.1,"ISM","1","Water",NA,80,"MG/L",NA,NA,NA,NA,2,NA,1,1,"S","PARTNTID",NA,NA
"767",999,"ALLARM","ALLARM.LT9","10/09/2012","12:00:00","TDS.1","M1",3195,"CMC","NTWQM",2012-10-09 12:00:00,0.1,"ISM","1","Water",NA,450,"MG/L",NA,NA,NA,NA,2,NA,1,1,"S","PARTNTID",NA,NA
"768",999,"ALLARM","ALLARM.LT6","06/12/2012","12:00:00","TDS.1","M1",3172,"CMC","NTWQM",2012-06-12 12:00:00,0.1,"ISM","1","Water",NA,400,"MG/L",NA,NA,NA,NA,2,NA,1,1,"S","PARTNTID",NA,NA
"769",999,"GCWD","GCWD.GERBRA4.32","12/15/2012","12:00:00","TDS.1","M1",4983,"CMC","NTWQM",2012-12-15 12:00:00,0.1,"ISM","1","Water",NA,60,"MG/L",NA,NA,NA,NA,2,NA,1,1,"S","PARTNTID",NA,NA
"770",999,"ALLARM","ALLARM.LT3","02/12/2012","12:00:00","TDS.1","M1",3149,"CMC","NTWQM",2012-02-12 12:00:00,0.1,"ISM","1","Water",NA,390,"MG/L",NA,NA,NA,NA,2,NA,1,1,"S","PARTNTID",NA,NA
"771",999,"GCWD","GCWD.GERBRA4.32","12/30/2012","12:00:00","TDS.1","M1",4984,"CMC","NTWQM",2012-12-30 12:00:00,0.1,"ISM","1","Water",NA,60,"MG/L",NA,NA,NA,NA,2,NA,1,1,"S","PARTNTID",NA,NA
"772",999,"GCWD","GCWD.COWRIV34.68","11/30/2012","12:00:00","TDS.1","M1",4789,"CMC","NTWQM",2012-11-30 12:00:00,0.1,"ISM","1","Water",NA,110,"MG/L",NA,NA,NA,NA,2,NA,1,1,"S","PARTNTID",NA,NA
"773",999,"ALLARM","ALLARM.LT9","12/04/2012","12:00:00","TDS.1","M1",3205,"CMC","NTWQM",2012-12-04 12:00:00,0.1,"ISM","1","Water",NA,430,"MG/L",NA,NA,NA,NA,2,NA,1,1,"S","PARTNTID",NA,NA
"774",999,"ALLARM","ALLARM.LT6","08/15/2012","12:00:00","TDS.1","M1",3182,"CMC","NTWQM",2012-08-15 12:00:00,0.1,"ISM","1","Water",NA,340,"MG/L",NA,NA,NA,NA,2,NA,1,1,"S","PARTNTID",NA,NA
"775",999,"GCWD","GCWD.KETCRE53.66","04/30/2012","12:00:00","TDS.1","M1",5077,"CMC","NTWQM",2012-04-30 12:00:00,0.1,"ISM","1","Water",NA,20,"MG/L",NA,NA,NA,NA,2,NA,1,1,"S","PARTNTID",NA,NA
"776",999,"ALLARM","ALLARM.LT3","04/12/2012","12:00:00","TDS.1","M1",3159,"CMC","NTWQM",2012-04-12 12:00:00,0.1,"ISM","1","Water",NA,380,"MG/L",NA,NA,NA,NA,2,NA,1,1,"S","PARTNTID",NA,NA
"777",999,"GCWD","GCWD.KETCRE53.66","05/17/2012","12:00:00","TDS.1","M1",5078,"CMC","NTWQM",2012-05-17 12:00:00,0.1,"ISM","1","Water",NA,25,"MG/L",NA,NA,NA,NA,2,NA,1,1,"S","PARTNTID",NA,NA
"778",999,"GCWD","GCWD.DODHOLRUN0.32","07/16/2012","12:00:00","TDS.1","M1",4793,"CMC","NTWQM",2012-07-16 12:00:00,0.1,"ISM","1","Water",NA,70,"MG/L",NA,NA,NA,NA,2,NA,1,1,"S","PARTNTID",NA,NA
"779",999,"BCVM","BCVM.BROCRE1.89","03/28/2012","12:00:00","TDS.1","M1",4649,"CMC","NTWQM",2012-03-28 12:00:00,0.1,"ISM","1","Water",NA,120,"MG/L",NA,NA,NA,NA,2,NA,1,1,"S","PARTNTID",NA,NA
"780",999,"ALLARM","ALLARM.LT6","10/09/2012","12:00:00","TDS.1","M1",3192,"CMC","NTWQM",2012-10-09 12:00:00,0.1,"ISM","1","Water",NA,390,"MG/L",NA,NA,NA,NA,2,NA,1,1,"S","PARTNTID",NA,NA
"781",999,"GCWD","GCWD.KETCRE53.66","08/18/2012","12:00:00","TDS.1","M1",5080,"CMC","NTWQM",2012-08-18 12:00:00,0.1,"ISM","1","Water",NA,33,"MG/L",NA,NA,NA,NA,2,NA,1,1,"S","PARTNTID",NA,NA
"782",999,"GCWD","GCWD.DODHOLRUN0.32","09/17/2012","12:00:00","TDS.1","M1",4795,"CMC","NTWQM",2012-09-17 12:00:00,0.1,"ISM","1","Water",NA,80,"MG/L",NA,NA,NA,NA,2,NA,1,1,"S","PARTNTID",NA,NA
"783",999,"GCWD","GCWD.KETCRE53.66","12/05/2012","12:00:00","TDS.1","M1",5081,"CMC","NTWQM",2012-12-05 12:00:00,0.1,"ISM","1","Water",NA,40,"MG/L",NA,NA,NA,NA,2,NA,1,1,"S","PARTNTID",NA,NA
"784",999,"GCWD","GCWD.SOUBRAPINCRE0.17","04/15/2012","12:00:00","TDS.1","M1",5259,"CMC","NTWQM",2012-04-15 12:00:00,0.1,"ISM","1","Water",NA,60,"MG/L",NA,NA,NA,NA,2,NA,1,1,"S","PARTNTID",NA,NA
"785",999,"BCVM","BCVM.SATCRE3.02","01/25/2012","12:00:00","TDS.1","M1",4597,"CMC","NTWQM",2012-01-25 12:00:00,0.1,"ISM","1","Water",NA,90,"MG/L",NA,NA,NA,NA,2,NA,1,1,"S","PARTNTID",NA,NA
"786",999,"GCWD","GCWD.DODHOLRUN0.32","11/15/2012","12:00:00","TDS.1","M1",4797,"CMC","NTWQM",2012-11-15 12:00:00,0.1,"ISM","1","Water",NA,50,"MG/L",NA,NA,NA,NA,2,NA,1,1,"S","PARTNTID",NA,NA
"787",999,"GCWD","GCWD.LITPHORUN0.02","01/01/2012","12:00:00","TDS.1","M1",5089,"CMC","NTWQM",2012-01-01 12:00:00,0.1,"ISM","1","Water",NA,50,"MG/L",NA,NA,NA,NA,2,NA,1,1,"S","PARTNTID",NA,NA
"788",999,"GCWD","GCWD.DODHOLRUN0.32","12/03/2012","12:00:00","TDS.1","M1",4798,"CMC","NTWQM",2012-12-03 12:00:00,0.1,"ISM","1","Water",NA,60,"MG/L",NA,NA,NA,NA,2,NA,1,1,"S","PARTNTID",NA,NA
"789",999,"GCWD","GCWD.LITPHORUN0.02","02/23/2012","12:00:00","TDS.1","M1",5090,"CMC","NTWQM",2012-02-23 12:00:00,0.1,"ISM","1","Water",NA,70,"MG/L",NA,NA,NA,NA,2,NA,1,1,"S","PARTNTID",NA,NA
"790",999,"GCWD","GCWD.SOUBRAPINCRE0.17","09/21/2012","12:00:00","TDS.1","M1",5262,"CMC","NTWQM",2012-09-21 12:00:00,0.1,"ISM","1","Water",NA,90,"MG/L",NA,NA,NA,NA,2,NA,1,1,"S","PARTNTID",NA,NA
"791",999,"BCVM","BCVM.SATCRE3.02","02/22/2012","12:00:00","TDS.1","M1",4600,"CMC","NTWQM",2012-02-22 12:00:00,0.1,"ISM","1","Water",NA,80,"MG/L",NA,NA,NA,NA,2,NA,1,1,"S","PARTNTID",NA,NA
"792",999,"GCWD","GCWD.EASFORSINCRE10.25","02/03/2012","12:00:00","TDS.1","M1",4847,"CMC","NTWQM",2012-02-03 12:00:00,0.1,"ISM","1","Water",NA,20,"MG/L",NA,NA,NA,NA,2,NA,1,1,"S","PARTNTID",NA,NA
"793",999,"GCWD","GCWD.LITPHORUN0.02","04/15/2012","12:00:00","TDS.1","M1",5092,"CMC","NTWQM",2012-04-15 12:00:00,0.1,"ISM","1","Water",NA,80,"MG/L",NA,NA,NA,NA,2,NA,1,1,"S","PARTNTID",NA,NA
"794",999,"GCWD","GCWD.GENFOR10.77","01/01/2012","12:00:00","TDS.1","M1",4919,"CMC","NTWQM",2012-01-01 12:00:00,0.1,"ISM","1","Water",NA,30,"MG/L",NA,NA,NA,NA,2,NA,1,1,"S","PARTNTID",NA,NA
"795",999,"BCVM","BCVM.WOLCRE1.92","01/25/2012","12:00:00","TDS.1","M1",4644,"CMC","NTWQM",2012-01-25 12:00:00,0.1,"ISM","1","Water",NA,100,"MG/L",NA,NA,NA,NA,2,NA,1,1,"S","PARTNTID",NA,NA
"796",999,"GCWD","GCWD.LITPHORUN0.02","05/25/2012","12:00:00","TDS.1","M1",5114,"CMC","NTWQM",2012-05-25 12:00:00,0.1,"ISM","1","Water",NA,90,"MG/L",NA,NA,NA,NA,2,NA,1,2,"VP","PARTNTID",NA,NA
"797",999,"BCVM","BCVM.SATCRE3.02","03/14/2012","12:00:00","TDS.1","M1",4603,"CMC","NTWQM",2012-03-14 12:00:00,0.1,"ISM","1","Water",NA,80,"MG/L",NA,NA,NA,NA,2,NA,1,1,"S","PARTNTID",NA,NA
"798",999,"GCWD","GCWD.GENFOR10.77","03/11/2012","12:00:00","TDS.1","M1",4921,"CMC","NTWQM",2012-03-11 12:00:00,0.1,"ISM","1","Water",NA,30,"MG/L",NA,NA,NA,NA,2,NA,1,1,"S","PARTNTID",NA,NA
"799",999,"GCWD","GCWD.LITPHORUN0.02","05/28/2012","12:00:00","TDS.1","M1",5093,"CMC","NTWQM",2012-05-28 12:00:00,0.1,"ISM","1","Water",NA,90,"MG/L",NA,NA,NA,NA,2,NA,1,1,"S","PARTNTID",NA,NA
"800",999,"GCWD","GCWD.GENFOR10.77","04/15/2012","12:00:00","TDS.1","M1",4922,"CMC","NTWQM",2012-04-15 12:00:00,0.1,"ISM","1","Water",NA,40,"MG/L",NA,NA,NA,NA,2,NA,1,1,"S","PARTNTID",NA,NA
"801",999,"GCWD","GCWD.LITPHORUN0.02","06/15/2012","12:00:00","TDS.1","M1",5094,"CMC","NTWQM",2012-06-15 12:00:00,0.1,"ISM","1","Water",NA,100,"MG/L",NA,NA,NA,NA,2,NA,1,1,"S","PARTNTID",NA,NA
"802",999,"GCWD","GCWD.SUNBRA0.76","05/23/2012","12:00:00","TDS.1","M1",5282,"CMC","NTWQM",2012-05-23 12:00:00,0.1,"ISM","1","Water",NA,20,"MG/L",NA,NA,NA,NA,2,NA,1,1,"S","PARTNTID",NA,NA
"803",999,"BCVM","BCVM.SATCRE3.02","04/04/2012","12:00:00","TDS.1","M1",4606,"CMC","NTWQM",2012-04-04 12:00:00,0.1,"ISM","1","Water",NA,90,"MG/L",NA,NA,NA,NA,2,NA,1,1,"S","PARTNTID",NA,NA
"804",999,"GCWD","GCWD.GENFOR10.77","06/15/2012","12:00:00","TDS.1","M1",4924,"CMC","NTWQM",2012-06-15 12:00:00,0.1,"ISM","1","Water",NA,40,"MG/L",NA,NA,NA,NA,2,NA,1,1,"S","PARTNTID",NA,NA
"805",999,"GCWD","GCWD.LITPHORUN0.02","09/16/2012","12:00:00","TDS.1","M1",5096,"CMC","NTWQM",2012-09-16 12:00:00,0.1,"ISM","1","Water",NA,100,"MG/L",NA,NA,NA,NA,2,NA,1,1,"S","PARTNTID",NA,NA
"806",999,"GCWD","GCWD.GENFOR10.77","08/10/2012","12:00:00","TDS.1","M1",4925,"CMC","NTWQM",2012-08-10 12:00:00,0.1,"ISM","1","Water",NA,60,"MG/L",NA,NA,NA,NA,2,NA,1,1,"S","PARTNTID",NA,NA
"807",999,"GCWD","GCWD.MARCRE0.05","01/01/2012","12:00:00","TDS.1","M1",5116,"CMC","NTWQM",2012-01-01 12:00:00,0.1,"ISM","1","Water",NA,40,"MG/L",NA,NA,NA,NA,2,NA,1,1,"S","PARTNTID",NA,NA
"808",999,"GCWD","GCWD.GENFOR10.77","09/16/2012","12:00:00","TDS.1","M1",4926,"CMC","NTWQM",2012-09-16 12:00:00,0.1,"ISM","1","Water",NA,50,"MG/L",NA,NA,NA,NA,2,NA,1,1,"S","PARTNTID",NA,NA
"809",999,"GCWD","GCWD.MARCRE0.05","02/22/2012","12:00:00","TDS.1","M1",5117,"CMC","NTWQM",2012-02-22 12:00:00,0.1,"ISM","1","Water",NA,50,"MG/L",NA,NA,NA,NA,2,NA,1,1,"S","PARTNTID",NA,NA
"810",999,"GCWD","GCWD.GENFOR9.31","02/23/2012","12:00:00","TDS.1","M1",4943,"CMC","NTWQM",2012-02-23 12:00:00,0.1,"ISM","1","Water",NA,50,"MG/L",NA,NA,NA,NA,2,NA,1,1,"S","PARTNTID",NA,NA
"811",999,"GCWD","GCWD.MARCRE0.05","04/29/2012","12:00:00","TDS.1","M1",5118,"CMC","NTWQM",2012-04-29 12:00:00,0.1,"ISM","1","Water",NA,60,"MG/L",NA,NA,NA,NA,2,NA,1,1,"S","PARTNTID",NA,NA
"812",999,"GCWD","GCWD.GENFOR9.31","03/11/2012","12:00:00","TDS.1","M1",4944,"CMC","NTWQM",2012-03-11 12:00:00,0.1,"ISM","1","Water",NA,30,"MG/L",NA,NA,NA,NA,2,NA,1,1,"S","PARTNTID",NA,NA
"813",999,"GCWD","GCWD.MARCRE0.05","08/19/2012","12:00:00","TDS.1","M1",5119,"CMC","NTWQM",2012-08-19 12:00:00,0.1,"ISM","1","Water",NA,70,"MG/L",NA,NA,NA,NA,2,NA,1,1,"S","PARTNTID",NA,NA
"814",999,"GCWD","GCWD.GENFOR9.31","04/15/2012","12:00:00","TDS.1","M1",4945,"CMC","NTWQM",2012-04-15 12:00:00,0.1,"ISM","1","Water",NA,40,"MG/L",NA,NA,NA,NA,2,NA,1,1,"S","PARTNTID",NA,NA
"815",999,"GCWD","GCWD.MARCRE0.05","11/30/2012","12:00:00","TDS.1","M1",5120,"CMC","NTWQM",2012-11-30 12:00:00,0.1,"ISM","1","Water",NA,60,"MG/L",NA,NA,NA,NA,2,NA,1,1,"S","PARTNTID",NA,NA
"816",999,"GCWD","GCWD.GENFOR9.31","06/15/2012","12:00:00","TDS.1","M1",4946,"CMC","NTWQM",2012-06-15 12:00:00,0.1,"ISM","1","Water",NA,35,"MG/L",NA,NA,NA,NA,2,NA,1,1,"S","PARTNTID",NA,NA
"817",999,"BCVM","BCVM.SATCRE3.02","05/30/2012","12:00:00","TDS.1","M1",4613,"CMC","NTWQM",2012-05-30 12:00:00,0.1,"ISM","1","Water",NA,110,"MG/L",NA,NA,NA,NA,2,NA,1,1,"S","PARTNTID",NA,NA
"818",999,"GCWD","GCWD.MOOHOLRUN0.06","05/17/2012","12:00:00","TDS.1","M1",5129,"CMC","NTWQM",2012-05-17 12:00:00,0.1,"ISM","1","Water",NA,60,"MG/L",NA,NA,NA,NA,2,NA,1,1,"S","PARTNTID",NA,NA
"819",999,"GCWD","GCWD.BIGMOORUN3.70","01/08/2012","12:00:00","TDS.1","M1",4700,"CMC","NTWQM",2012-01-08 12:00:00,0.1,"ISM","1","Water",NA,40,"MG/L",NA,NA,NA,NA,2,NA,1,1,"S","PARTNTID",NA,NA
"820",999,"GCWD","GCWD.MOOHOLRUN0.06","06/06/2012","12:00:00","TDS.1","M1",5130,"CMC","NTWQM",2012-06-06 12:00:00,0.1,"ISM","1","Water",NA,70,"MG/L",NA,NA,NA,NA,2,NA,1,1,"S","PARTNTID",NA,NA
"821",999,"GCWD","GCWD.GERBRA4.32","04/12/2012","12:00:00","TDS.1","M1",5074,"CMC","NTWQM",2012-04-12 12:00:00,0.1,"ISM","1","Water",NA,80,"MG/L",NA,NA,NA,NA,2,NA,1,2,"VP","PARTNTID",NA,NA
"822",999,"GCWD","GCWD.GERBRA4.32","04/12/2012","12:00:00","TDS.1","M1",5074,"CMC","NTWQM",2012-04-12 12:00:00,0.1,"ISM","1","Water",NA,80,"MG/L",NA,NA,NA,NA,2,NA,1,2,"VP","PARTNTID",NA,NA
"823",999,"BCVM","BCVM.SATCRE3.02","07/11/2012","12:00:00","TDS.1","M1",4616,"CMC","NTWQM",2012-07-11 12:00:00,0.1,"ISM","1","Water",NA,160,"MG/L",NA,NA,NA,NA,2,NA,1,1,"S","PARTNTID",NA,NA
"824",999,"GCWD","GCWD.UKW006","02/19/2012","12:00:00","TDS.1","M1",5303,"CMC","NTWQM",2012-02-19 12:00:00,0.1,"ISM","1","Water",NA,20,"MG/L",NA,NA,NA,NA,2,NA,1,1,"S","PARTNTID",NA,NA
"825",999,"GCWD","GCWD.GERBRA4.32","04/14/2012","12:00:00","TDS.1","M1",5075,"CMC","NTWQM",2012-04-14 12:00:00,0.1,"ISM","1","Water",NA,80,"MG/L",NA,NA,NA,NA,2,NA,1,2,"VP","PARTNTID",NA,NA
"826",999,"GCWD","GCWD.GERBRA4.32","04/14/2012","12:00:00","TDS.1","M1",5075,"CMC","NTWQM",2012-04-14 12:00:00,0.1,"ISM","1","Water",NA,80,"MG/L",NA,NA,NA,NA,2,NA,1,2,"VP","PARTNTID",NA,NA
"827",999,"GCWD","GCWD.BIGMOORUN5.78","05/26/2012","12:00:00","TDS.1","M1",4704,"CMC","NTWQM",2012-05-26 12:00:00,0.1,"ISM","1","Water",NA,40,"MG/L",NA,NA,NA,NA,2,NA,1,1,"S","PARTNTID",NA,NA
"828",999,"GCWD","GCWD.GERBRA4.32","04/21/2012","12:00:00","TDS.1","M1",4952,"CMC","NTWQM",2012-04-21 12:00:00,0.1,"ISM","1","Water",NA,90,"MG/L",NA,NA,NA,NA,2,NA,1,1,"S","PARTNTID",NA,NA
"829",999,"BCVM","BCVM.SATCRE3.02","10/26/2012","12:00:00","TDS.1","M1",4624,"CMC","NTWQM",2012-10-26 12:00:00,0.1,"ISM","1","Water",NA,160,"MG/L",NA,NA,NA,NA,2,NA,1,1,"S","PARTNTID",NA,NA
"830",999,"GCWD","GCWD.MOOHOLRUN0.06","10/17/2012","12:00:00","TDS.1","M1",5134,"CMC","NTWQM",2012-10-17 12:00:00,0.1,"ISM","1","Water",NA,100,"MG/L",NA,NA,NA,NA,2,NA,1,1,"S","PARTNTID",NA,NA
"831",999,"GCWD","GCWD.BIGMOORUN5.78","07/01/2012","12:00:00","TDS.1","M1",4706,"CMC","NTWQM",2012-07-01 12:00:00,0.1,"ISM","1","Water",NA,50,"MG/L",NA,NA,NA,NA,2,NA,1,1,"S","PARTNTID",NA,NA
"832",999,"GCWD","GCWD.GERBRA4.32","05/05/2012","12:00:00","TDS.1","M1",4954,"CMC","NTWQM",2012-05-05 12:00:00,0.1,"ISM","1","Water",NA,60,"MG/L",NA,NA,NA,NA,2,NA,1,1,"S","PARTNTID",NA,NA
"833",999,"GCWD","GCWD.BIGMOORUN5.78","07/22/2012","12:00:00","TDS.1","M1",4707,"CMC","NTWQM",2012-07-22 12:00:00,0.1,"ISM","1","Water",NA,50,"MG/L",NA,NA,NA,NA,2,NA,1,1,"S","PARTNTID",NA,NA
"834",999,"GCWD","GCWD.GERBRA4.32","05/11/2012","12:00:00","TDS.1","M1",4955,"CMC","NTWQM",2012-05-11 12:00:00,0.1,"ISM","1","Water",NA,60,"MG/L",NA,NA,NA,NA,2,NA,1,1,"S","PARTNTID",NA,NA
"835",999,"GCWD","GCWD.PHORUN4.36","02/23/2012","12:00:00","TDS.1","M1",5173,"CMC","NTWQM",2012-02-23 12:00:00,0.1,"ISM","1","Water",NA,60,"MG/L",NA,NA,NA,NA,2,NA,1,1,"S","PARTNTID",NA,NA
"836",999,"GCWD","GCWD.NINRUN5.08","04/09/2012","12:00:00","TDS.1","M1",5143,"CMC","NTWQM",2012-04-09 12:00:00,0.1,"ISM","1","Water",NA,30,"MG/L",NA,NA,NA,NA,2,NA,1,1,"S","PARTNTID",NA,NA
"837",999,"GCWD","GCWD.BIGMOORUN5.78","09/20/2012","12:00:00","TDS.1","M1",4709,"CMC","NTWQM",2012-09-20 12:00:00,0.1,"ISM","1","Water",NA,50,"MG/L",NA,NA,NA,NA,2,NA,1,1,"S","PARTNTID",NA,NA
"838",999,"GCWD","GCWD.GERBRA4.32","05/26/2012","12:00:00","TDS.1","M1",4957,"CMC","NTWQM",2012-05-26 12:00:00,0.1,"ISM","1","Water",NA,70,"MG/L",NA,NA,NA,NA,2,NA,1,1,"S","PARTNTID",NA,NA
"839",999,"GCWD","GCWD.NINRUN5.08","04/30/2012","12:00:00","TDS.1","M1",5145,"CMC","NTWQM",2012-04-30 12:00:00,0.1,"ISM","1","Water",NA,30,"MG/L",NA,NA,NA,NA,2,NA,1,1,"S","PARTNTID",NA,NA
"840",999,"GCWD","GCWD.GERBRA4.32","06/02/2012","12:00:00","TDS.1","M1",4958,"CMC","NTWQM",2012-06-02 12:00:00,0.1,"ISM","1","Water",NA,80,"MG/L",NA,NA,NA,NA,2,NA,1,1,"S","PARTNTID",NA,NA
"841",999,"GCWD","GCWD.BEEFLARUN0.12","02/19/2012","12:00:00","TDS.1","M1",4656,"CMC","NTWQM",2012-02-19 12:00:00,0.1,"ISM","1","Water",NA,10,"MG/L",NA,NA,NA,NA,2,NA,1,1,"S","PARTNTID",NA,NA
"842",999,"GCWD","GCWD.UNTCOWRIV0.33","05/17/2012","12:00:00","TDS.1","M1",5326,"CMC","NTWQM",2012-05-17 12:00:00,0.1,"ISM","1","Water",NA,50,"MG/L",NA,NA,NA,NA,2,NA,1,1,"S","PARTNTID",NA,NA
"843",999,"GCWD","GCWD.BEEFLARUN0.12","03/31/2012","12:00:00","TDS.1","M1",4657,"CMC","NTWQM",2012-03-31 12:00:00,0.1,"ISM","1","Water",NA,10,"MG/L",NA,NA,NA,NA,2,NA,1,1,"S","PARTNTID",NA,NA
"844",999,"GCWD","GCWD.UNTCOWRIV0.33","06/06/2012","12:00:00","TDS.1","M1",5327,"CMC","NTWQM",2012-06-06 12:00:00,0.1,"ISM","1","Water",NA,60,"MG/L",NA,NA,NA,NA,2,NA,1,1,"S","PARTNTID",NA,NA
"845",999,"GCWD","GCWD.NINRUN5.08","05/21/2012","12:00:00","TDS.1","M1",5148,"CMC","NTWQM",2012-05-21 12:00:00,0.1,"ISM","1","Water",NA,30,"MG/L",NA,NA,NA,NA,2,NA,1,1,"S","PARTNTID",NA,NA
"846",999,"GCWD","GCWD.GERBRA4.32","06/23/2012","12:00:00","TDS.1","M1",4961,"CMC","NTWQM",2012-06-23 12:00:00,0.1,"ISM","1","Water",NA,80,"MG/L",NA,NA,NA,NA,2,NA,1,1,"S","PARTNTID",NA,NA
"847",999,"GCWD","GCWD.BEEFLARUN0.12","05/08/2012","12:00:00","TDS.1","M1",4659,"CMC","NTWQM",2012-05-08 12:00:00,0.1,"ISM","1","Water",NA,10,"MG/L",NA,NA,NA,NA,2,NA,1,1,"S","PARTNTID",NA,NA
"848",999,"GCWD","GCWD.UNTCOWRIV0.33","08/16/2012","12:00:00","TDS.1","M1",5329,"CMC","NTWQM",2012-08-16 12:00:00,0.1,"ISM","1","Water",NA,80,"MG/L",NA,NA,NA,NA,2,NA,1,1,"S","PARTNTID",NA,NA
"849",999,"GCWD","GCWD.BEEFLARUN0.12","05/16/2012","12:00:00","TDS.1","M1",4660,"CMC","NTWQM",2012-05-16 12:00:00,0.1,"ISM","1","Water",NA,10,"MG/L",NA,NA,NA,NA,2,NA,1,1,"S","PARTNTID",NA,NA
"850",999,"GCWD","GCWD.UNTCOWRIV0.33","09/17/2012","12:00:00","TDS.1","M1",5330,"CMC","NTWQM",2012-09-17 12:00:00,0.1,"ISM","1","Water",NA,90,"MG/L",NA,NA,NA,NA,2,NA,1,1,"S","PARTNTID",NA,NA
"851",999,"GCWD","GCWD.NINRUN5.08","06/12/2012","12:00:00","TDS.1","M1",5151,"CMC","NTWQM",2012-06-12 12:00:00,0.1,"ISM","1","Water",NA,40,"MG/L",NA,NA,NA,NA,2,NA,1,1,"S","PARTNTID",NA,NA
"852",999,"GCWD","GCWD.GERBRA4.32","07/15/2012","12:00:00","TDS.1","M1",4964,"CMC","NTWQM",2012-07-15 12:00:00,0.1,"ISM","1","Water",NA,100,"MG/L",NA,NA,NA,NA,2,NA,1,1,"S","PARTNTID",NA,NA
"853",999,"GCWD","GCWD.BEEFLARUN0.12","09/21/2012","12:00:00","TDS.1","M1",4662,"CMC","NTWQM",2012-09-21 12:00:00,0.1,"ISM","1","Water",NA,20,"MG/L",NA,NA,NA,NA,2,NA,1,1,"S","PARTNTID",NA,NA
"854",999,"GCWD","GCWD.UNTCOWRIV0.33","11/15/2012","12:00:00","TDS.1","M1",5332,"CMC","NTWQM",2012-11-15 12:00:00,0.1,"ISM","1","Water",NA,70,"MG/L",NA,NA,NA,NA,2,NA,1,1,"S","PARTNTID",NA,NA
"855",999,"GCWD","GCWD.BEEFLARUN0.12","11/11/2012","12:00:00","TDS.1","M1",4663,"CMC","NTWQM",2012-11-11 12:00:00,0.1,"ISM","1","Water",NA,10,"MG/L",NA,NA,NA,NA,2,NA,1,1,"S","PARTNTID",NA,NA
"856",999,"GCWD","GCWD.UNTCOWRIV0.33","12/03/2012","12:00:00","TDS.1","M1",5333,"CMC","NTWQM",2012-12-03 12:00:00,0.1,"ISM","1","Water",NA,70,"MG/L",NA,NA,NA,NA,2,NA,1,1,"S","PARTNTID",NA,NA
"857",999,"GCWD","GCWD.NINRUN5.08","07/02/2012","12:00:00","TDS.1","M1",5154,"CMC","NTWQM",2012-07-02 12:00:00,0.1,"ISM","1","Water",NA,40,"MG/L",NA,NA,NA,NA,2,NA,1,1,"S","PARTNTID",NA,NA
"858",999,"GCWD","GCWD.GERBRA4.32","08/05/2012","12:00:00","TDS.1","M1",4967,"CMC","NTWQM",2012-08-05 12:00:00,0.1,"ISM","1","Water",NA,110,"MG/L",NA,NA,NA,NA,2,NA,1,1,"S","PARTNTID",NA,NA
"859",999,"GCWD","GCWD.PHORUN7.54","08/10/2012","12:00:00","TDS.1","M1",5204,"CMC","NTWQM",2012-08-10 12:00:00,0.1,"ISM","1","Water",NA,90,"MG/L",NA,NA,NA,NA,2,NA,1,1,"S","PARTNTID",NA,NA
"860",999,"GCWD","GCWD.UNTFIRFORSINCRE0.24","01/24/2012","12:00:00","TDS.1","M1",5365,"CMC","NTWQM",2012-01-24 12:00:00,0.1,"ISM","1","Water",NA,30,"MG/L",NA,NA,NA,NA,2,NA,1,1,"S","PARTNTID",NA,NA
"861",999,"GCWD","GCWD.BIGMOORUN3.70","01/24/2012","12:00:00","TDS.1","M1",4701,"CMC","NTWQM",2012-01-24 12:00:00,0.1,"ISM","1","Water",NA,40,"MG/L",NA,NA,NA,NA,2,NA,1,1,"S","PARTNTID",NA,NA
"862",999,"GCWD","GCWD.UNTFIRFORSINCRE0.24","07/10/2012","12:00:00","TDS.1","M1",5366,"CMC","NTWQM",2012-07-10 12:00:00,0.1,"ISM","1","Water",NA,50,"MG/L",NA,NA,NA,NA,2,NA,1,1,"S","PARTNTID",NA,NA
"863",999,"GCWD","GCWD.NINRUN5.08","07/23/2012","12:00:00","TDS.1","M1",5157,"CMC","NTWQM",2012-07-23 12:00:00,0.1,"ISM","1","Water",NA,40,"MG/L",NA,NA,NA,NA,2,NA,1,1,"S","PARTNTID",NA,NA
"864",999,"GCWD","GCWD.GERBRA4.32","08/24/2012","12:00:00","TDS.1","M1",4970,"CMC","NTWQM",2012-08-24 12:00:00,0.1,"ISM","1","Water",NA,115,"MG/L",NA,NA,NA,NA,2,NA,1,1,"S","PARTNTID",NA,NA
"865",999,"GCWD","GCWD.BIGMOORUN5.78","05/19/2012","12:00:00","TDS.1","M1",4703,"CMC","NTWQM",2012-05-19 12:00:00,0.1,"ISM","1","Water",NA,40,"MG/L",NA,NA,NA,NA,2,NA,1,1,"S","PARTNTID",NA,NA
"866",999,"GCWD","GCWD.LITKETCRE2.51","03/29/2012","12:00:00","TDS.1","M1",5086,"CMC","NTWQM",2012-03-29 12:00:00,0.1,"ISM","1","Water",NA,40,"MG/L",NA,NA,NA,NA,2,NA,1,1,"S","PARTNTID",NA,NA
"867",999,"GCWD","GCWD.SOUBRAPINCRE0.17","05/16/2012","12:00:00","TDS.1","M1",5260,"CMC","NTWQM",2012-05-16 12:00:00,0.1,"ISM","1","Water",NA,50,"MG/L",NA,NA,NA,NA,2,NA,1,1,"S","PARTNTID",NA,NA
"868",999,"GCWD","GCWD.NORBRACOWRIV0.04","01/01/2012","12:00:00","TDS.1","M1",5160,"CMC","NTWQM",2012-01-01 12:00:00,0.1,"ISM","1","Water",NA,80,"MG/L",NA,NA,NA,NA,2,NA,1,1,"S","PARTNTID",NA,NA
"869",999,"GCWD","GCWD.NORBRACOWRIV0.04","02/22/2012","12:00:00","TDS.1","M1",5161,"CMC","NTWQM",2012-02-22 12:00:00,0.1,"ISM","1","Water",NA,90,"MG/L",NA,NA,NA,NA,2,NA,1,1,"S","PARTNTID",NA,NA
"870",999,"GCWD","GCWD.GERBRA4.32","09/23/2012","12:00:00","TDS.1","M1",4973,"CMC","NTWQM",2012-09-23 12:00:00,0.1,"ISM","1","Water",NA,120,"MG/L",NA,NA,NA,NA,2,NA,1,1,"S","PARTNTID",NA,NA
"871",999,"GCWD","GCWD.UKW006","05/08/2012","12:00:00","TDS.1","M1",5306,"CMC","NTWQM",2012-05-08 12:00:00,0.1,"ISM","1","Water",NA,10,"MG/L",NA,NA,NA,NA,2,NA,1,1,"S","PARTNTID",NA,NA
"872",999,"GCWD","GCWD.LITPHORUN0.02","03/11/2012","12:00:00","TDS.1","M1",5091,"CMC","NTWQM",2012-03-11 12:00:00,0.1,"ISM","1","Water",NA,50,"MG/L",NA,NA,NA,NA,2,NA,1,1,"S","PARTNTID",NA,NA
"873",999,"GCWD","GCWD.SOUBRAPINCRE0.17","11/11/2012","12:00:00","TDS.1","M1",5263,"CMC","NTWQM",2012-11-11 12:00:00,0.1,"ISM","1","Water",NA,60,"MG/L",NA,NA,NA,NA,2,NA,1,1,"S","PARTNTID",NA,NA
"874",999,"GCWD","GCWD.PHORUN4.36","01/01/2012","12:00:00","TDS.1","M1",5172,"CMC","NTWQM",2012-01-01 12:00:00,0.1,"ISM","1","Water",NA,40,"MG/L",NA,NA,NA,NA,2,NA,1,1,"S","PARTNTID",NA,NA
"875",999,"GCWD","GCWD.SOUBRAPINCRE0.17","12/04/2012","12:00:00","TDS.1","M1",5264,"CMC","NTWQM",2012-12-04 12:00:00,0.1,"ISM","1","Water",NA,60,"MG/L",NA,NA,NA,NA,2,NA,1,1,"S","PARTNTID",NA,NA
"876",999,"GCWD","GCWD.GERBRA4.32","10/14/2012","12:00:00","TDS.1","M1",4976,"CMC","NTWQM",2012-10-14 12:00:00,0.1,"ISM","1","Water",NA,120,"MG/L",NA,NA,NA,NA,2,NA,1,1,"S","PARTNTID",NA,NA
"877",999,"GCWD","GCWD.SUNBRA0.76","04/12/2012","12:00:00","TDS.1","M1",5279,"CMC","NTWQM",2012-04-12 12:00:00,0.1,"ISM","1","Water",NA,20,"MG/L",NA,NA,NA,NA,2,NA,1,1,"S","PARTNTID",NA,NA
"878",999,"GCWD","GCWD.LITPHORUN0.02","05/25/2012","12:00:00","TDS.1","M1",5114,"CMC","NTWQM",2012-05-25 12:00:00,0.1,"ISM","1","Water",NA,90,"MG/L",NA,NA,NA,NA,2,NA,1,2,"VP","PARTNTID",NA,NA
"879",999,"GCWD","GCWD.PHORUN4.36","04/15/2012","12:00:00","TDS.1","M1",5175,"CMC","NTWQM",2012-04-15 12:00:00,0.1,"ISM","1","Water",NA,60,"MG/L",NA,NA,NA,NA,2,NA,1,1,"S","PARTNTID",NA,NA
"880",999,"GCWD","GCWD.GERBRA4.32","11/04/2012","12:00:00","TDS.1","M1",4978,"CMC","NTWQM",2012-11-04 12:00:00,0.1,"ISM","1","Water",NA,65,"MG/L",NA,NA,NA,NA,2,NA,1,1,"S","PARTNTID",NA,NA
"881",999,"GCWD","GCWD.PHORUN4.36","05/28/2012","12:00:00","TDS.1","M1",5176,"CMC","NTWQM",2012-05-28 12:00:00,0.1,"ISM","1","Water",NA,70,"MG/L",NA,NA,NA,NA,2,NA,1,1,"S","PARTNTID",NA,NA
"882",999,"GCWD","GCWD.GERBRA4.32","11/11/2012","12:00:00","TDS.1","M1",4979,"CMC","NTWQM",2012-11-11 12:00:00,0.1,"ISM","1","Water",NA,80,"MG/L",NA,NA,NA,NA,2,NA,1,1,"S","PARTNTID",NA,NA
"883",999,"GCWD","GCWD.CALCRE0.11","09/16/2012","12:00:00","TDS.1","M1",4757,"CMC","NTWQM",2012-09-16 12:00:00,0.1,"ISM","1","Water",NA,70,"MG/L",NA,NA,NA,NA,2,NA,1,1,"S","PARTNTID",NA,NA
"884",999,"GCWD","GCWD.LITPHORUN0.02","08/10/2012","12:00:00","TDS.1","M1",5095,"CMC","NTWQM",2012-08-10 12:00:00,0.1,"ISM","1","Water",NA,110,"MG/L",NA,NA,NA,NA,2,NA,1,1,"S","PARTNTID",NA,NA
"885",999,"GCWD","GCWD.COWRIV34.68","01/01/2012","12:00:00","TDS.1","M1",4780,"CMC","NTWQM",2012-01-01 12:00:00,0.1,"ISM","1","Water",NA,70,"MG/L",NA,NA,NA,NA,2,NA,1,1,"S","PARTNTID",NA,NA
"886",999,"GCWD","GCWD.PHORUN4.36","09/16/2012","12:00:00","TDS.1","M1",5178,"CMC","NTWQM",2012-09-16 12:00:00,0.1,"ISM","1","Water",NA,90,"MG/L",NA,NA,NA,NA,2,NA,1,1,"S","PARTNTID",NA,NA
"887",999,"GCWD","GCWD.PHORUN7.54","01/01/2012","12:00:00","TDS.1","M1",5198,"CMC","NTWQM",2012-01-01 12:00:00,0.1,"ISM","1","Water",NA,40,"MG/L",NA,NA,NA,NA,2,NA,1,1,"S","PARTNTID",NA,NA
"888",999,"GCWD","GCWD.GERBRA4.32","12/05/2012","12:00:00","TDS.1","M1",4982,"CMC","NTWQM",2012-12-05 12:00:00,0.1,"ISM","1","Water",NA,100,"MG/L",NA,NA,NA,NA,2,NA,1,1,"S","PARTNTID",NA,NA
"889",999,"GCWD","GCWD.COWRIV34.68","04/29/2012","12:00:00","TDS.1","M1",4782,"CMC","NTWQM",2012-04-29 12:00:00,0.1,"ISM","1","Water",NA,170,"MG/L",NA,NA,NA,NA,2,NA,1,1,"S","PARTNTID",NA,NA
"890",999,"GCWD","GCWD.NINRUN5.08","06/04/2012","12:00:00","TDS.1","M1",5150,"CMC","NTWQM",2012-06-04 12:00:00,0.1,"ISM","1","Water",NA,40,"MG/L",NA,NA,NA,NA,2,NA,1,1,"S","PARTNTID",NA,NA
"891",999,"GCWD","GCWD.COWRIV34.68","08/19/2012","12:00:00","TDS.1","M1",4783,"CMC","NTWQM",2012-08-19 12:00:00,0.1,"ISM","1","Water",NA,130,"MG/L",NA,NA,NA,NA,2,NA,1,1,"S","PARTNTID",NA,NA
"892",999,"GCWD","GCWD.PHORUN7.54","03/11/2012","12:00:00","TDS.1","M1",5200,"CMC","NTWQM",2012-03-11 12:00:00,0.1,"ISM","1","Water",NA,40,"MG/L",NA,NA,NA,NA,2,NA,1,1,"S","PARTNTID",NA,NA
"893",999,"GCWD","GCWD.PHORUN7.54","04/15/2012","12:00:00","TDS.1","M1",5201,"CMC","NTWQM",2012-04-15 12:00:00,0.1,"ISM","1","Water",NA,60,"MG/L",NA,NA,NA,NA,2,NA,1,1,"S","PARTNTID",NA,NA
"894",999,"GCWD","GCWD.KETCRE53.66","04/02/2012","12:00:00","TDS.1","M1",5076,"CMC","NTWQM",2012-04-02 12:00:00,0.1,"ISM","1","Water",NA,30,"MG/L",NA,NA,NA,NA,2,NA,1,1,"S","PARTNTID",NA,NA
"895",999,"GCWD","GCWD.DODHOLRUN0.32","05/17/2012","12:00:00","TDS.1","M1",4791,"CMC","NTWQM",2012-05-17 12:00:00,0.1,"ISM","1","Water",NA,50,"MG/L",NA,NA,NA,NA,2,NA,1,1,"S","PARTNTID",NA,NA
"896",999,"GCWD","GCWD.NINRUN5.08","06/26/2012","12:00:00","TDS.1","M1",5153,"CMC","NTWQM",2012-06-26 12:00:00,0.1,"ISM","1","Water",NA,35,"MG/L",NA,NA,NA,NA,2,NA,1,1,"S","PARTNTID",NA,NA
"897",999,"GCWD","GCWD.DODHOLRUN0.32","06/06/2012","12:00:00","TDS.1","M1",4792,"CMC","NTWQM",2012-06-06 12:00:00,0.1,"ISM","1","Water",NA,50,"MG/L",NA,NA,NA,NA,2,NA,1,1,"S","PARTNTID",NA,NA
"898",999,"GCWD","GCWD.PHORUN7.54","06/15/2012","12:00:00","TDS.1","M1",5203,"CMC","NTWQM",2012-06-15 12:00:00,0.1,"ISM","1","Water",NA,50,"MG/L",NA,NA,NA,NA,2,NA,1,1,"S","PARTNTID",NA,NA
"899",999,"GCWD","GCWD.SUNBRA0.76","11/28/2012","12:00:00","TDS.1","M1",5290,"CMC","NTWQM",2012-11-28 12:00:00,0.1,"ISM","1","Water",NA,10,"MG/L",NA,NA,NA,NA,2,NA,1,1,"S","PARTNTID",NA,NA
"900",999,"GCWD","GCWD.KETCRE53.66","06/09/2012","12:00:00","TDS.1","M1",5079,"CMC","NTWQM",2012-06-09 12:00:00,0.1,"ISM","1","Water",NA,25,"MG/L",NA,NA,NA,NA,2,NA,1,1,"S","PARTNTID",NA,NA
"901",999,"GCWD","GCWD.DODHOLRUN0.32","08/16/2012","12:00:00","TDS.1","M1",4794,"CMC","NTWQM",2012-08-16 12:00:00,0.1,"ISM","1","Water",NA,50,"MG/L",NA,NA,NA,NA,2,NA,1,1,"S","PARTNTID",NA,NA
"902",999,"GCWD","GCWD.UKW006","01/14/2012","12:00:00","TDS.1","M1",5325,"CMC","NTWQM",2012-01-14 12:00:00,0.1,"ISM","1","Water",NA,10,"MG/L",NA,NA,NA,NA,2,NA,1,2,"VP","PARTNTID",NA,NA
"903",999,"GCWD","GCWD.PRORUN2.55","01/06/2012","12:00:00","TDS.1","M1",5258,"CMC","NTWQM",2012-01-06 12:00:00,0.1,"ISM","1","Water",NA,30,"MG/L",NA,NA,NA,NA,2,NA,1,1,"S","PARTNTID",NA,NA
"904",999,"GCWD","GCWD.MOOHOLRUN0.06","07/16/2012","12:00:00","TDS.1","M1",5131,"CMC","NTWQM",2012-07-16 12:00:00,0.1,"ISM","1","Water",NA,100,"MG/L",NA,NA,NA,NA,2,NA,1,2,"VP","PARTNTID",NA,NA
"905",999,"GCWD","GCWD.UNTGENFOR1.05","02/23/2012","12:00:00","TDS.1","M1",5367,"CMC","NTWQM",2012-02-23 12:00:00,0.1,"ISM","1","Water",NA,30,"MG/L",NA,NA,NA,NA,2,NA,1,1,"S","PARTNTID",NA,NA
"906",999,"GCWD","GCWD.NINRUN5.08","07/30/2012","12:00:00","TDS.1","M1",5158,"CMC","NTWQM",2012-07-30 12:00:00,0.1,"ISM","1","Water",NA,50,"MG/L",NA,NA,NA,NA,2,NA,1,1,"S","PARTNTID",NA,NA
"907",999,"GCWD","GCWD.MOOHOLRUN0.06","08/16/2012","12:00:00","TDS.1","M1",5132,"CMC","NTWQM",2012-08-16 12:00:00,0.1,"ISM","1","Water",NA,100,"MG/L",NA,NA,NA,NA,2,NA,1,1,"S","PARTNTID",NA,NA
"908",999,"GCWD","GCWD.UKW006","03/31/2012","12:00:00","TDS.1","M1",5304,"CMC","NTWQM",2012-03-31 12:00:00,0.1,"ISM","1","Water",NA,10,"MG/L",NA,NA,NA,NA,2,NA,1,1,"S","PARTNTID",NA,NA
"909",999,"GCWD","GCWD.SOUBRAPINCRE0.17","08/28/2012","12:00:00","TDS.1","M1",5261,"CMC","NTWQM",2012-08-28 12:00:00,0.1,"ISM","1","Water",NA,100,"MG/L",NA,NA,NA,NA,2,NA,1,1,"S","PARTNTID",NA,NA
"910",999,"GCWD","GCWD.WESBRAPINCRE14.64","03/31/2012","12:00:00","TDS.1","M1",5374,"CMC","NTWQM",2012-03-31 12:00:00,0.1,"ISM","1","Water",NA,30,"MG/L",NA,NA,NA,NA,2,NA,1,1,"S","PARTNTID",NA,NA
"911",999,"GCWD","GCWD.NINRUN5.08","05/14/2012","12:00:00","TDS.1","M1",5147,"CMC","NTWQM",2012-05-14 12:00:00,0.1,"ISM","1","Water",NA,30,"MG/L",NA,NA,NA,NA,2,NA,1,1,"S","PARTNTID",NA,NA
"912",999,"GCWD","GCWD.NORBRACOWRIV0.04","11/30/2012","12:00:00","TDS.1","M1",5162,"CMC","NTWQM",2012-11-30 12:00:00,0.1,"ISM","1","Water",NA,120,"MG/L",NA,NA,NA,NA,2,NA,1,1,"S","PARTNTID",NA,NA
"913",999,"GCWD","GCWD.MOOHOLRUN0.06","11/15/2012","12:00:00","TDS.1","M1",5135,"CMC","NTWQM",2012-11-15 12:00:00,0.1,"ISM","1","Water",NA,80,"MG/L",NA,NA,NA,NA,2,NA,1,1,"S","PARTNTID",NA,NA
"914",999,"GCWD","GCWD.UKW006","05/16/2012","12:00:00","TDS.1","M1",5307,"CMC","NTWQM",2012-05-16 12:00:00,0.1,"ISM","1","Water",NA,15,"MG/L",NA,NA,NA,NA,2,NA,1,1,"S","PARTNTID",NA,NA
"915",999,"GCWD","GCWD.MOOHOLRUN0.06","12/03/2012","12:00:00","TDS.1","M1",5136,"CMC","NTWQM",2012-12-03 12:00:00,0.1,"ISM","1","Water",NA,80,"MG/L",NA,NA,NA,NA,2,NA,1,1,"S","PARTNTID",NA,NA
"916",999,"GCWD","GCWD.UKW006","08/28/2012","12:00:00","TDS.1","M1",5308,"CMC","NTWQM",2012-08-28 12:00:00,0.1,"ISM","1","Water",NA,20,"MG/L",NA,NA,NA,NA,2,NA,1,1,"S","PARTNTID",NA,NA
"917",999,"GCWD","GCWD.UKW006","09/21/2012","12:00:00","TDS.1","M1",5309,"CMC","NTWQM",2012-09-21 12:00:00,0.1,"ISM","1","Water",NA,20,"MG/L",NA,NA,NA,NA,2,NA,1,1,"S","PARTNTID",NA,NA
"918",999,"GCWD","GCWD.PHORUN4.36","03/11/2012","12:00:00","TDS.1","M1",5174,"CMC","NTWQM",2012-03-11 12:00:00,0.1,"ISM","1","Water",NA,40,"MG/L",NA,NA,NA,NA,2,NA,1,1,"S","PARTNTID",NA,NA
"919",999,"GCWD","GCWD.SUNBRA0.76","04/26/2012","12:00:00","TDS.1","M1",5280,"CMC","NTWQM",2012-04-26 12:00:00,0.1,"ISM","1","Water",NA,20,"MG/L",NA,NA,NA,NA,2,NA,1,1,"S","PARTNTID",NA,NA
"920",999,"GCWD","GCWD.SUNBRA0.76","09/17/2012","12:00:00","TDS.1","M1",5287,"CMC","NTWQM",2012-09-17 12:00:00,0.1,"ISM","1","Water",NA,30,"MG/L",NA,NA,NA,NA,2,NA,1,1,"S","PARTNTID",NA,NA
"921",999,"GCWD","GCWD.SUNBRA0.76","05/06/2012","12:00:00","TDS.1","M1",5281,"CMC","NTWQM",2012-05-06 12:00:00,0.1,"ISM","1","Water",NA,20,"MG/L",NA,NA,NA,NA,2,NA,1,1,"S","PARTNTID",NA,NA
"922",999,"GCWD","GCWD.NINRUN5.08","05/07/2012","12:00:00","TDS.1","M1",5146,"CMC","NTWQM",2012-05-07 12:00:00,0.1,"ISM","1","Water",NA,30,"MG/L",NA,NA,NA,NA,2,NA,1,1,"S","PARTNTID",NA,NA
"923",999,"GCWD","GCWD.PHORUN7.54","05/28/2012","12:00:00","TDS.1","M1",5202,"CMC","NTWQM",2012-05-28 12:00:00,0.1,"ISM","1","Water",NA,70,"MG/L",NA,NA,NA,NA,2,NA,1,1,"S","PARTNTID",NA,NA
"924",999,"GCWD","GCWD.SUNBRA0.76","10/25/2012","12:00:00","TDS.1","M1",5289,"CMC","NTWQM",2012-10-25 12:00:00,0.1,"ISM","1","Water",NA,30,"MG/L",NA,NA,NA,NA,2,NA,1,1,"S","PARTNTID",NA,NA
"925",999,"GCWD","GCWD.SUNBRA0.76","06/22/2012","12:00:00","TDS.1","M1",5283,"CMC","NTWQM",2012-06-22 12:00:00,0.1,"ISM","1","Water",NA,20,"MG/L",NA,NA,NA,NA,2,NA,1,1,"S","PARTNTID",NA,NA
"926",999,"GCWD","GCWD.UNTFIRFORSINCRE0.24","01/08/2012","12:00:00","TDS.1","M1",5364,"CMC","NTWQM",2012-01-08 12:00:00,0.1,"ISM","1","Water",NA,30,"MG/L",NA,NA,NA,NA,2,NA,1,1,"S","PARTNTID",NA,NA
"927",999,"GCWD","GCWD.SUNBRA0.76","07/07/2012","12:00:00","TDS.1","M1",5284,"CMC","NTWQM",2012-07-07 12:00:00,0.1,"ISM","1","Water",NA,30,"MG/L",NA,NA,NA,NA,2,NA,1,1,"S","PARTNTID",NA,NA
"928",999,"GCWD","GCWD.NINRUN5.08","05/29/2012","12:00:00","TDS.1","M1",5149,"CMC","NTWQM",2012-05-29 12:00:00,0.1,"ISM","1","Water",NA,30,"MG/L",NA,NA,NA,NA,2,NA,1,1,"S","PARTNTID",NA,NA
"929",999,"GCWD","GCWD.SUNBRA0.76","08/07/2012","12:00:00","TDS.1","M1",5285,"CMC","NTWQM",2012-08-07 12:00:00,0.1,"ISM","1","Water",NA,30,"MG/L",NA,NA,NA,NA,2,NA,1,1,"S","PARTNTID",NA,NA
"930",999,"GCWD","GCWD.PHORUN7.54","02/23/2012","12:00:00","TDS.1","M1",5199,"CMC","NTWQM",2012-02-23 12:00:00,0.1,"ISM","1","Water",NA,60,"MG/L",NA,NA,NA,NA,2,NA,1,1,"S","PARTNTID",NA,NA
"931",999,"GCWD","GCWD.SUNBRA0.76","08/23/2012","12:00:00","TDS.1","M1",5286,"CMC","NTWQM",2012-08-23 12:00:00,0.1,"ISM","1","Water",NA,30,"MG/L",NA,NA,NA,NA,2,NA,1,1,"S","PARTNTID",NA,NA
"932",999,"GCWD","GCWD.MOOHOLRUN0.06","09/17/2012","12:00:00","TDS.1","M1",5133,"CMC","NTWQM",2012-09-17 12:00:00,0.1,"ISM","1","Water",NA,100,"MG/L",NA,NA,NA,NA,2,NA,1,1,"S","PARTNTID",NA,NA
"933",999,"GCWD","GCWD.UKW006","11/11/2012","12:00:00","TDS.1","M1",5310,"CMC","NTWQM",2012-11-11 12:00:00,0.1,"ISM","1","Water",NA,20,"MG/L",NA,NA,NA,NA,2,NA,1,1,"S","PARTNTID",NA,NA
"934",999,"GCWD","GCWD.NINRUN5.08","06/18/2012","12:00:00","TDS.1","M1",5152,"CMC","NTWQM",2012-06-18 12:00:00,0.1,"ISM","1","Water",NA,35,"MG/L",NA,NA,NA,NA,2,NA,1,1,"S","PARTNTID",NA,NA
"935",999,"GCWD","GCWD.SUNBRA0.76","09/19/2012","12:00:00","TDS.1","M1",5288,"CMC","NTWQM",2012-09-19 12:00:00,0.1,"ISM","1","Water",NA,30,"MG/L",NA,NA,NA,NA,2,NA,1,1,"S","PARTNTID",NA,NA
"936",999,"GCWD","GCWD.NINRUN5.08","07/09/2012","12:00:00","TDS.1","M1",5155,"CMC","NTWQM",2012-07-09 12:00:00,0.1,"ISM","1","Water",NA,40,"MG/L",NA,NA,NA,NA,2,NA,1,1,"S","PARTNTID",NA,NA
"937",999,"GCWD","GCWD.UKW006","04/12/2012","12:00:00","TDS.1","M1",5305,"CMC","NTWQM",2012-04-12 12:00:00,0.1,"ISM","1","Water",NA,20,"MG/L",NA,NA,NA,NA,2,NA,1,1,"S","PARTNTID",NA,NA
"938",999,"GCWD","GCWD.PHORUN4.36","06/15/2012","12:00:00","TDS.1","M1",5177,"CMC","NTWQM",2012-06-15 12:00:00,0.1,"ISM","1","Water",NA,60,"MG/L",NA,NA,NA,NA,2,NA,1,1,"S","PARTNTID",NA,NA
"939",999,"GCWD","GCWD.UKW006","01/14/2012","12:00:00","TDS.1","M1",5325,"CMC","NTWQM",2012-01-14 12:00:00,0.1,"ISM","1","Water",NA,10,"MG/L",NA,NA,NA,NA,2,NA,1,2,"VP","PARTNTID",NA,NA
"940",999,"GCWD","GCWD.UKW006","12/04/2012","12:00:00","TDS.1","M1",5311,"CMC","NTWQM",2012-12-04 12:00:00,0.1,"ISM","1","Water",NA,20,"MG/L",NA,NA,NA,NA,2,NA,1,1,"S","PARTNTID",NA,NA
"941",999,"GCWD","GCWD.UNTCOWRIV0.33","07/16/2012","12:00:00","TDS.1","M1",5328,"CMC","NTWQM",2012-07-16 12:00:00,0.1,"ISM","1","Water",NA,70,"MG/L",NA,NA,NA,NA,2,NA,1,1,"S","PARTNTID",NA,NA
"942",999,"GCWD","GCWD.NINRUN5.08","07/18/2012","12:00:00","TDS.1","M1",5156,"CMC","NTWQM",2012-07-18 12:00:00,0.1,"ISM","1","Water",NA,40,"MG/L",NA,NA,NA,NA,2,NA,1,1,"S","PARTNTID",NA,NA
"943",999,"GCWD","GCWD.WESBRAPINCRE14.64","01/14/2012","12:00:00","TDS.1","M1",5372,"CMC","NTWQM",2012-01-14 12:00:00,0.1,"ISM","1","Water",NA,20,"MG/L",NA,NA,NA,NA,2,NA,1,1,"S","PARTNTID",NA,NA
"944",999,"GCWD","GCWD.PHORUN7.54","09/16/2012","12:00:00","TDS.1","M1",5205,"CMC","NTWQM",2012-09-16 12:00:00,0.1,"ISM","1","Water",NA,90,"MG/L",NA,NA,NA,NA,2,NA,1,1,"S","PARTNTID",NA,NA
"945",999,"GCWD","GCWD.WILBOYRUN0.49","01/06/2012","12:00:00","TDS.1","M1",5401,"CMC","NTWQM",2012-01-06 12:00:00,0.1,"ISM","1","Water",NA,20,"MG/L",NA,NA,NA,NA,2,NA,1,1,"S","PARTNTID",NA,NA
"946",999,"GCWD","GCWD.WESBRAPINCRE14.64","02/19/2012","12:00:00","TDS.1","M1",5373,"CMC","NTWQM",2012-02-19 12:00:00,0.1,"ISM","1","Water",NA,10,"MG/L",NA,NA,NA,NA,2,NA,1,1,"S","PARTNTID",NA,NA
"947",999,"GCWD","GCWD.WILBOYRUN0.49","02/03/2012","12:00:00","TDS.1","M1",5402,"CMC","NTWQM",2012-02-03 12:00:00,0.1,"ISM","1","Water",NA,20,"MG/L",NA,NA,NA,NA,2,NA,1,1,"S","PARTNTID",NA,NA
"948",999,"GCWD","GCWD.UNTCOWRIV0.33","10/17/2012","12:00:00","TDS.1","M1",5331,"CMC","NTWQM",2012-10-17 12:00:00,0.1,"ISM","1","Water",NA,90,"MG/L",NA,NA,NA,NA,2,NA,1,1,"S","PARTNTID",NA,NA
