"","paramMethod","SOURCE","STATION","SAMPLE_DATE","SAMPLE_TIME","paramCode","SAMPLE_ID","EventId","AGENCY","PROGRAM","DateTime","DEPTH","SAMPLE_TYPE","TIER","Matrix","QUALIFIER","VALUE","UNITS","PROBLEM","LAB","labName","detLimit","qaFlag","COMMENTS","count.x","count.y","LAYER","PROJECT","SampleAnalyticalMethodIdentifier","SubstanceIdentificationName"
"202",189,"ALLARM","ALLARM.LT3","06/12/2012","12:00:00","OP.5","S1",3169,"CMC","NTWQM",2012-06-12 12:00:00,0.1,"D","2","Water",NA,0.01,"MG/L",NA,"ACARL","ALLARM Community Aquatic Research Laboratory",0.02,2,NA,1,1,"S","PARTNTID","L02 ","PO4F"
"205",189,"ALLARM","ALLARM.LT5","06/12/2012","12:00:00","OP.5","S1",3171,"CMC","NTWQM",2012-06-12 12:00:00,0.1,"D","2","Water",NA,0.01,"MG/L",NA,"ACARL","ALLARM Community Aquatic Research Laboratory",0.02,2,NA,1,1,"S","PARTNTID","L02 ","PO4F"
"212",189,"ALLARM","ALLARM.LT5","04/12/2012","12:00:00","OP.5","S1",3161,"CMC","NTWQM",2012-04-12 12:00:00,0.1,"D","2","Water",NA,0.01,"MG/L",NA,"ACARL","ALLARM Community Aquatic Research Laboratory",0.02,2,NA,1,1,"S","PARTNTID","L02 ","PO4F"
"228",189,"ALLARM","ALLARM.LT8","02/12/2012","12:00:00","OP.5","S1",3154,"CMC","NTWQM",2012-02-12 12:00:00,0.1,"D","2","Water",NA,0.01,"MG/L",NA,"ACARL","ALLARM Community Aquatic Research Laboratory",0.02,2,NA,1,1,"S","PARTNTID","L02 ","PO4F"
"232",189,"ALLARM","ALLARM.LT8","10/09/2012","12:00:00","OP.5","S1",3194,"CMC","NTWQM",2012-10-09 12:00:00,0.1,"D","2","Water",NA,0.01,"MG/L",NA,"ACARL","ALLARM Community Aquatic Research Laboratory",0.02,2,NA,1,1,"S","PARTNTID","L02 ","PO4F"
"236",189,"ALLARM","ALLARM.LT6","04/12/2012","12:00:00","OP.5","S1",3162,"CMC","NTWQM",2012-04-12 12:00:00,0.1,"D","2","Water",NA,0.01,"MG/L",NA,"ACARL","ALLARM Community Aquatic Research Laboratory",0.02,2,NA,1,1,"S","PARTNTID","L02 ","PO4F"
