"","Code","Latitude","Longitude","NameLong","Description","Datum"
"1","ALLARM.LT1",40.17663,-77.18537,"LeTort Spring Run 6.51","LeTort Site 1","NAD83"
"2","ALLARM.LT10",40.23487,-77.14193,"LeTort Spring Run 0.04","LeTort Site 10","NAD83"
"3","ALLARM.LT2",40.17667,-77.18507,"UNT to LeTort Spring Run 0.01","LeTort Site 2","NAD83"
"4","ALLARM.LT3",40.17999,-77.18692,"LeTort Spring Run 6.24","LeTort Site 3","NAD83"
"5","ALLARM.LT4",40.18844,-77.18606,"LeTort Spring Run 5.56","LeTort Site 4","NAD83"
"6","ALLARM.LT5",40.19528,-77.18423,"LeTort Spring Run 5.05","LeTort Site 5","NAD83"
"7","ALLARM.LT6",40.20792,-77.18104,"LeTort Spring Run 4.05","LeTort Site 6","NAD83"
"8","ALLARM.LT7",40.21418,-77.16883,"LeTort Spring Run 3.05","LeTort Site 7","NAD83"
"9","ALLARM.LT8",40.21847,-77.16003,"LeTort Spring Run 2.34","LeTort Site 8","NAD83"
"10","ALLARM.LT9",40.22429,-77.14928,"LeTort Spring Run 1.53","LeTort Site 9","NAD83"
"11","AWA.ATAS",39.788233,-77.487814,NA,"AT Antietam Shelter","NAD83"
"12","AWA.B",39.765053,-77.516044,NA,"Brookdale","NAD83"
"13","AWA.BF",39.831244,-77.570878,"Blueberry Farm","Blueberry Farm","NAD83"
"14","AWA.BP",39.724967,-77.588817,"Baumgardner Property","Baumgardner Property","NAD83"
"15","AWA.BR",39.75468,-77.505228,"Bailey's Run","Bailey's Run","NAD83"
"16","AWA.BV",39.720703,-77.500192,"Buena Vista","Buena Vista","NAD83"
"17","AWA.FP",39.725989,-77.593831,"Foster Property","Foster Property ","NAD83"
"18","AWA.GP",39.731672,-77.540817,"George Property","George Property","NAD83"
"19","AWA.H",39.734247,-77.540569,"Henicle","Henicle","NAD83"
"20","AWA.HB",39.810403,-77.576394,"Hess Benedict","Hess Benedict","NAD83"
"21","AWA.IBR",39.724881,-77.605128,"Iron Bridges Rd","Iron Bridges Rd","NAD83"
"22","AWA.MASP",39.839708,-77.537533,"Mont Alto State Park","Mont Alto State Park","NAD83"
"23","AWA.MR",39.741172,-77.491586,"Mackey Run","Mackey Run","NAD83"
"24","AWA.MRR",39.737619,-77.568983,"Mouth-Red Run","Mouth-Red Run","NAD83"
"25","AWA.ND1",39.786453,-77.602325,"Nicodemus Dam 1","Nicodemus Dam 1","NAD83"
"26","AWA.ND2",39.787736,-77.603375,"Nicodemus Dam 2","Nicodemus Dam 2","NAD83"
"27","AWA.OCP",39.751283,-77.601036,"Owls Club Picnic","Owls Club Picnic","NAD83"
"28","AWA.R",39.745025,-77.559425,"Renfrew","Renfrew","NAD83"
"29","AWA.RR1",39.739406,-77.481092,NA,"Red Run #1","NAD83"
"30","AWA.RR2",39.741603,-77.491469,NA,"Red Run #2","NAD83"
"31","AWA.RRP",39.740386,-77.519908,NA,"Red Run Park","NAD83"
"32","AWA.TRS",39.764094,-77.607036,NA,"Tick Ridge Springs","NAD83"
"33","AWA.WASD",39.737858,-77.569172,"Unnamed Tributary","WASD Unnamed trib","NAD83"
"34","AWA.WBS",39.853353,-77.517319,"W Branch Source","W Branch Source","NAD83"
"35","AWA.WTMA",39.727578,-77.590798,"WTMA Sewer Plant Trib","WTMA Sewer Plant Trib","NAD83"
"36","BCVM.BROCRE1.89",41.803619,-76.55763,"Browns Creek","Browns Creek","NAD83"
"37","BCVM.SATCRE3.02",41.9518,-76.46995,"Satterlee Creek 3.02","Satterlee Creek 3.02","NAD83"
"38","BCVM.TUTCRE2.03",41.980927,-76.57009,"Tutelow Creek 2.03","Tutelow Creek 2.03","NAD83"
"39","BCVM.WOLCRE1.92",41.920029,-76.55004,"Wolcott Creek","Wolcott Creek","NAD83"
"40","GCWD.BEEFLARUN0.12",41.72041667,-77.68421667,"Beech Flats Run 0.12","Beech Flats Run 0.12","NAD83"
"41","GCWD.BIGMOORUN3.70",41.67988,-77.987692,"Big Moores Run 3.70","Big Moores Run 3.70","NAD83"
"42","GCWD.BIGMOORUN5.78",41.7069,-77.97625,"Big Moores Run 5.78","Big Moores Run 5.78","NAD83"
"43","GCWD.CALCRE0.11",41.846317,-77.702733,"California Creek 0.11","California Creek 0.11","NAD83"
"44","GCWD.COWRIV34.68",41.92933,-77.628583,"Cowanesque River 34.68","Cowanesque River 34.68","NAD83"
"45","GCWD.DODHOLRUN0.32",41.9225,-77.62645,"Dodge Hollow Run 0.32","Dodge Hollow Run 0.32","NAD83"
"46","GCWD.EASFORSINCRE10.25",41.609215,-77.88983333,"East Fork Sinnemahong Creek 10.25","East Fork Sinnemahong Creek 10.25","NAD83"
"47","GCWD.GENFOR10.77",41.84637,-77.7018,"Genesee Forks 10.77","Genesee Forks 10.77","NAD83"
"48","GCWD.GENFOR9.31",41.82705,-77.70625,"Genesee Forks 9.31","Genesee Forks 9.31","NAD83"
"49","GCWD.GERBRA4.32",41.64688889,-77.65480556,"Germania Branch 4.32","Germania Branch 4.32","NAD83"
"50","GCWD.KETCRE53.66",41.58548333,-77.63618333,"Kettle Creek 53.66","Kettle Creek 53.66","NAD83"
"51","GCWD.LITKETCRE2.51",41.5874,-77.70665,"Little Kettle Creek 2.51","Little Kettle Creek 2.51","NAD83"
"52","GCWD.LITPHORUN0.02",41.81168,-77.62345,"Little Phoenix Run 0.02","Little Phoenix Run 0.02","NAD83"
"53","GCWD.MARCRE0.05",41.94638,-77.685317,"Marsh Creek 0.05","Marsh Creek 0.05","NAD83"
"54","GCWD.MOOHOLRUN0.06",41.91678333,-77.62438333,"Moore Hollow Run 0.06","Moore Hollow Run 0.06","NAD83"
"55","GCWD.NINRUN5.08",41.78516667,-77.79863889,"Nine Run 5.08","Nine Run 5.08","NAD83"
"56","GCWD.NORBRACOWRIV0.04",41.94142,-77.64935,"North Branch Cowanesque River 0.94","North Branch Cowanesque River 0.94","NAD83"
"57","GCWD.PHORUN4.36",41.79868333,-77.61605,"Phoenix Run 4.36","Phoenix Run 4.36","NAD83"
"58","GCWD.PHORUN7.54",41.8358,-77.63815,"Phoenix Run 7.54","Phoenix Run 7.54","NAD83"
"59","GCWD.PRORUN2.55",41.65761333,-77.91459,"Prouty Run 2.55","Prouty Run 2.55","NAD83"
"60","GCWD.SOUBRAPINCRE0.17",41.732133,-77.64145,"South Branch Pine Creek 0.17","South Branch Pine Creek 0.17","NAD83"
"61","GCWD.SUNBRA0.76",41.68773333,-77.801,"Sunken Branch 0.76","Sunken Branch 0.76","NAD83"
"62","GCWD.UKW006",41.70792,-77.693633,"Unknown Water 006","Unknown Water 006","NAD83"
"63","GCWD.UNTCOWRIV0.33",41.90963,-77.612,"UNT Cowanesque River 0.33","UNT Cowanesque River (Teed Hollow) 0.33","NAD83"
"64","GCWD.UNTFIRFORSINCRE0.24",41.63119833,-78.0052,"UNT First Fork Sinnemahong Creek 0.24","UNT First Fork Sinnemahong Creek 0.24","NAD83"
"65","GCWD.UNTGENFOR1.05",41.88315,-77.67865,"UNT Genesee Forks 1.05","UNT Genesee Forks 1.05","NAD83"
"66","GCWD.WESBRAPINCRE14.64",41.72995,-77.6534,"West Branch Pine Creek 14.64","West Branch Pine Creek 14.64","NAD83"
"67","GCWD.WILBOYRUN0.49",41.61465,-77.8958,"Wild Boy Run 0.49","Wild Boy Run 0.49","NAD83"
"68","MSWA.S1",40.04716,-77.52071,"RR Fayette St","RR Fayette St","NAD83"
"69","MSWA.S4",40.06169,-77.53258,"Bard Road/Old Mill Road Bridge","Bard Road/Old Mill Road Bridge","NAD83"
