"","Code","Latitude","Longitude","NameLong","Description","Datum"
"1","ALLARM.LT1",40.17663,-77.18537,"LeTort Spring Run 6.51","LeTort Site 1","NAD83"
"2","ALLARM.LT10",40.23487,-77.14193,"LeTort Spring Run 0.04","LeTort Site 10","NAD83"
"3","ALLARM.LT2",40.17667,-77.18507,"UNT to LeTort Spring Run 0.01","LeTort Site 2","NAD83"
"4","ALLARM.LT3",40.17999,-77.18692,"LeTort Spring Run 6.24","LeTort Site 3","NAD83"
"5","ALLARM.LT4",40.18844,-77.18606,"LeTort Spring Run 5.56","LeTort Site 4","NAD83"
"6","ALLARM.LT5",40.19528,-77.18423,"LeTort Spring Run 5.05","LeTort Site 5","NAD83"
"7","ALLARM.LT6",40.20792,-77.18104,"LeTort Spring Run 4.05","LeTort Site 6","NAD83"
"8","ALLARM.LT7",40.21418,-77.16883,"LeTort Spring Run 3.05","LeTort Site 7","NAD83"
"9","ALLARM.LT8",40.21847,-77.16003,"LeTort Spring Run 2.34","LeTort Site 8","NAD83"
"10","ALLARM.LT9",40.22429,-77.14928,"LeTort Spring Run 1.53","LeTort Site 9","NAD83"
"11","GCWD.BEEFLARUN0.12",41.72041667,-77.68421667,"Beech Flats Run 0.12","Beech Flats Run 0.12","NAD83"
"12","GCWD.CALCRE0.11",41.846317,-77.702733,"California Creek 0.11","California Creek 0.11","NAD83"
"13","GCWD.COWRIV34.68",41.92933,-77.628583,"Cowanesque River 34.68","Cowanesque River 34.68","NAD83"
"14","GCWD.DODHOLRUN0.32",41.9225,-77.62645,"Dodge Hollow Run 0.32","Dodge Hollow Run 0.32","NAD83"
"15","GCWD.GENFOR10.77",41.84637,-77.7018,"Genesee Forks 10.77","Genesee Forks 10.77","NAD83"
"16","GCWD.GERBRA4.32",41.64688889,-77.65480556,"Germania Branch 4.32","Germania Branch 4.32","NAD83"
"17","GCWD.LITPHORUN0.02",41.81168,-77.62345,"Little Phoenix Run 0.02","Little Phoenix Run 0.02","NAD83"
"18","GCWD.MARCRE0.05",41.94638,-77.685317,"Marsh Creek 0.05","Marsh Creek 0.05","NAD83"
"19","GCWD.NORBRACOWRIV0.04",41.94142,-77.64935,"North Branch Cowanesque River 0.94","North Branch Cowanesque River 0.94","NAD83"
"20","GCWD.PHORUN4.36",41.79868333,-77.61605,"Phoenix Run 4.36","Phoenix Run 4.36","NAD83"
"21","GCWD.PHORUN7.54",41.8358,-77.63815,"Phoenix Run 7.54","Phoenix Run 7.54","NAD83"
"22","GCWD.SOUBRAPINCRE0.17",41.732133,-77.64145,"South Branch Pine Creek 0.17","South Branch Pine Creek 0.17","NAD83"
"23","GCWD.SUNBRA0.76",41.68773333,-77.801,"Sunken Branch 0.76","Sunken Branch 0.76","NAD83"
"24","GCWD.UKW006",41.70792,-77.693633,"Unknown Water 006","Unknown Water 006","NAD83"
"25","GCWD.UNTCOWRIV0.33",41.90963,-77.612,"UNT Cowanesque River 0.33","UNT Cowanesque River (Teed Hollow) 0.33","NAD83"
