"","paramMethod","SOURCE","STATION","SAMPLE_DATE","SAMPLE_TIME","paramCode","SAMPLE_ID","EventId","AGENCY","PROGRAM","DateTime","DEPTH","SAMPLE_TYPE","TIER","Matrix","QUALIFIER","VALUE","UNITS","PROBLEM","LAB","labName","modifiedDate","detLimit","qaFlag","COMMENTS","count.x","count.y","LAYER","PROJECT","SampleAnalyticalMethodIdentifier","SubstanceIdentificationName","errorCode","errorName"
"723",999,"LRA","ALLARM.LT4","06/07/2007","12:00:00","NO3N.3","M1",2437,"CMC","NTWQM",2007-06-07 12:00:00,0.3,"ISM",2,"Water",NA,3.29,"MG/L",NA,NA,NA,2017-10-27 16:50:43,NA,2,NA,1,1,"S","PARTNTID",NA,NA,4,"sample does not have an associated bay program method code"
"724",999,"LRA","ALLARM.LT2","12/01/2007","12:00:00","TDS.1","M1",2513,"CMC","NTWQM",2007-12-01 12:00:00,0.3,"ISM",1,"Water",NA,330,"MG/L",NA,NA,NA,2017-10-27 16:54:25,NA,2,NA,1,1,"S","PARTNTID",NA,NA,4,"sample does not have an associated bay program method code"
"725",999,"LRA","ALLARM.LT10","06/07/2007","12:00:00","TDS.1","M1",2443,"CMC","NTWQM",2007-06-07 12:00:00,0.3,"ISM",1,"Water",NA,300,"MG/L",NA,NA,NA,2017-10-27 16:51:00,NA,2,NA,1,1,"S","PARTNTID",NA,NA,4,"sample does not have an associated bay program method code"
"726",999,"LRA","ALLARM.LT4","06/07/2007","12:00:00","TDS.1","M1",2437,"CMC","NTWQM",2007-06-07 12:00:00,0.3,"ISM",1,"Water",NA,280,"MG/L",NA,NA,NA,2017-10-27 16:50:43,NA,2,NA,1,1,"S","PARTNTID",NA,NA,4,"sample does not have an associated bay program method code"
"727",999,"LRA","ALLARM.LT1","01/07/2007","12:00:00","NO3N.3","M1",2370,"CMC","NTWQM",2007-01-07 12:00:00,0.3,"ISM",2,"Water",NA,5.3,"MG/L",NA,NA,NA,2017-10-27 16:47:51,NA,2,NA,1,1,"S","PARTNTID",NA,NA,4,"sample does not have an associated bay program method code"
"728",999,"LRA","ALLARM.LT3","01/07/2007","12:00:00","NO3N.3","M1",2372,"CMC","NTWQM",2007-01-07 12:00:00,0.3,"ISM",2,"Water",NA,4.7,"MG/L",NA,NA,NA,2017-10-27 16:47:56,NA,2,NA,1,1,"S","PARTNTID",NA,NA,4,"sample does not have an associated bay program method code"
"729",999,"LRA","ALLARM.LT10","07/07/2007","12:00:00","NO3N.3","M1",2456,"CMC","NTWQM",2007-07-07 12:00:00,0.3,"ISM",2,"Water",NA,2.8,"MG/L",NA,NA,NA,2017-10-27 16:51:40,NA,2,NA,1,1,"S","PARTNTID",NA,NA,4,"sample does not have an associated bay program method code"
"730",999,"LRA","ALLARM.LT1","01/07/2007","12:00:00","TDS.1","M1",2370,"CMC","NTWQM",2007-01-07 12:00:00,0.3,"ISM",1,"Water",NA,310,"MG/L",NA,NA,NA,2017-10-27 16:47:51,NA,2,NA,1,1,"S","PARTNTID",NA,NA,4,"sample does not have an associated bay program method code"
"731",999,"LRA","ALLARM.LT3","01/07/2007","12:00:00","TDS.1","M1",2372,"CMC","NTWQM",2007-01-07 12:00:00,0.3,"ISM",1,"Water",NA,320,"MG/L",NA,NA,NA,2017-10-27 16:47:56,NA,2,NA,1,1,"S","PARTNTID",NA,NA,4,"sample does not have an associated bay program method code"
"732",999,"LRA","ALLARM.LT10","07/07/2007","12:00:00","TDS.1","M1",2456,"CMC","NTWQM",2007-07-07 12:00:00,0.3,"ISM",1,"Water",NA,310,"MG/L",NA,NA,NA,2017-10-27 16:51:40,NA,2,NA,1,1,"S","PARTNTID",NA,NA,4,"sample does not have an associated bay program method code"
"733",999,"LRA","ALLARM.LT4","07/07/2007","12:00:00","TDS.1","M1",2450,"CMC","NTWQM",2007-07-07 12:00:00,0.3,"ISM",1,"Water",NA,270,"MG/L",NA,NA,NA,2017-10-27 16:51:22,NA,2,NA,1,1,"S","PARTNTID",NA,NA,4,"sample does not have an associated bay program method code"
"734",999,"LRA","ALLARM.LT1","02/07/2007","12:00:00","NO3N.3","M1",2382,"CMC","NTWQM",2007-02-07 12:00:00,0.3,"ISM",2,"Water",NA,4.4,"MG/L",NA,NA,NA,2017-10-27 16:48:22,NA,2,NA,1,1,"S","PARTNTID",NA,NA,4,"sample does not have an associated bay program method code"
"735",999,"LRA","ALLARM.LT3","02/07/2007","12:00:00","NO3N.3","M1",2384,"CMC","NTWQM",2007-02-07 12:00:00,0.3,"ISM",2,"Water",NA,4.3,"MG/L",NA,NA,NA,2017-10-27 16:48:27,NA,2,NA,1,1,"S","PARTNTID",NA,NA,4,"sample does not have an associated bay program method code"
"736",999,"LRA","ALLARM.LT10","08/07/2007","12:00:00","NO3N.3","M1",2469,"CMC","NTWQM",2007-08-07 12:00:00,0.3,"ISM",2,"Water",NA,1.3,"MG/L",NA,NA,NA,2017-10-27 16:52:13,NA,2,NA,1,1,"S","PARTNTID",NA,NA,4,"sample does not have an associated bay program method code"
"737",999,"LRA","ALLARM.LT1","02/07/2007","12:00:00","TDS.1","M1",2382,"CMC","NTWQM",2007-02-07 12:00:00,0.3,"ISM",1,"Water",NA,300,"MG/L",NA,NA,NA,2017-10-27 16:48:22,NA,2,NA,1,1,"S","PARTNTID",NA,NA,4,"sample does not have an associated bay program method code"
"738",999,"LRA","ALLARM.LT10","08/07/2007","12:00:00","TDS.1","M1",2469,"CMC","NTWQM",2007-08-07 12:00:00,0.3,"ISM",1,"Water",NA,280,"MG/L",NA,NA,NA,2017-10-27 16:52:13,NA,2,NA,1,1,"S","PARTNTID",NA,NA,4,"sample does not have an associated bay program method code"
"739",999,"LRA","ALLARM.LT4","08/07/2007","12:00:00","TDS.1","M1",2463,"CMC","NTWQM",2007-08-07 12:00:00,0.3,"ISM",1,"Water",NA,280,"MG/L",NA,NA,NA,2017-10-27 16:51:57,NA,2,NA,1,1,"S","PARTNTID",NA,NA,4,"sample does not have an associated bay program method code"
"740",999,"LRA","ALLARM.LT9","03/07/2007","12:00:00","TDS.1","M1",2403,"CMC","NTWQM",2007-03-07 12:00:00,0.3,"ISM",1,"Water",NA,350,"MG/L",NA,NA,NA,2017-10-27 16:49:12,NA,2,NA,1,1,"S","PARTNTID",NA,NA,4,"sample does not have an associated bay program method code"
"741",999,"LRA","ALLARM.LT1","03/07/2007","12:00:00","NO3N.3","M1",2395,"CMC","NTWQM",2007-03-07 12:00:00,0.3,"ISM",2,"Water",NA,5.4,"MG/L",NA,NA,NA,2017-10-27 16:48:51,NA,2,NA,1,1,"S","PARTNTID",NA,NA,4,"sample does not have an associated bay program method code"
"742",999,"LRA","ALLARM.LT10","09/07/2007","12:00:00","NO3N.3","M1",2482,"CMC","NTWQM",2007-09-07 12:00:00,0.3,"ISM",2,"Water",NA,4.4,"MG/L",NA,NA,NA,2017-10-27 16:52:54,NA,2,NA,1,1,"S","PARTNTID",NA,NA,4,"sample does not have an associated bay program method code"
"743",999,"LRA","ALLARM.LT4","09/07/2007","12:00:00","NO3N.3","M1",2476,"CMC","NTWQM",2007-09-07 12:00:00,0.3,"ISM",2,"Water",NA,5.4,"MG/L",NA,NA,NA,2017-10-27 16:52:34,NA,2,NA,1,1,"S","PARTNTID",NA,NA,4,"sample does not have an associated bay program method code"
"744",999,"LRA","ALLARM.LT1","03/07/2007","12:00:00","TDS.1","M1",2395,"CMC","NTWQM",2007-03-07 12:00:00,0.3,"ISM",1,"Water",NA,290,"MG/L",NA,NA,NA,2017-10-27 16:48:51,NA,2,NA,1,1,"S","PARTNTID",NA,NA,4,"sample does not have an associated bay program method code"
"745",999,"LRA","ALLARM.LT10","09/07/2007","12:00:00","TDS.1","M1",2482,"CMC","NTWQM",2007-09-07 12:00:00,0.3,"ISM",1,"Water",NA,280,"MG/L",NA,NA,NA,2017-10-27 16:52:54,NA,2,NA,1,1,"S","PARTNTID",NA,NA,4,"sample does not have an associated bay program method code"
"746",999,"LRA","ALLARM.LT4","09/07/2007","12:00:00","TDS.1","M1",2476,"CMC","NTWQM",2007-09-07 12:00:00,0.3,"ISM",1,"Water",NA,250,"MG/L",NA,NA,NA,2017-10-27 16:52:34,NA,2,NA,1,1,"S","PARTNTID",NA,NA,4,"sample does not have an associated bay program method code"
"747",999,"LRA","ALLARM.LT9","04/07/2007","12:00:00","TDS.1","M1",2416,"CMC","NTWQM",2007-04-07 12:00:00,0.3,"ISM",1,"Water",NA,290,"MG/L",NA,NA,NA,2017-10-27 16:49:45,NA,2,NA,1,1,"S","PARTNTID",NA,NA,4,"sample does not have an associated bay program method code"
"748",999,"LRA","ALLARM.LT1","04/07/2007","12:00:00","NO3N.3","M1",2408,"CMC","NTWQM",2007-04-07 12:00:00,0.3,"ISM",2,"Water",NA,5.4,"MG/L",NA,NA,NA,2017-10-27 16:49:25,NA,2,NA,1,1,"S","PARTNTID",NA,NA,4,"sample does not have an associated bay program method code"
"749",999,"LRA","ALLARM.LT10","10/07/2007","12:00:00","NO3N.3","M1",2495,"CMC","NTWQM",2007-10-07 12:00:00,0.3,"ISM",2,"Water",NA,1.9,"MG/L",NA,NA,NA,2017-10-27 16:53:36,NA,2,NA,1,1,"S","PARTNTID",NA,NA,4,"sample does not have an associated bay program method code"
"750",999,"LRA","ALLARM.LT4","10/07/2007","12:00:00","NO3N.3","M1",2489,"CMC","NTWQM",2007-10-07 12:00:00,0.3,"ISM",2,"Water",NA,3.7,"MG/L",NA,NA,NA,2017-10-27 16:53:16,NA,2,NA,1,1,"S","PARTNTID",NA,NA,4,"sample does not have an associated bay program method code"
"751",999,"LRA","ALLARM.LT1","04/07/2007","12:00:00","TDS.1","M1",2408,"CMC","NTWQM",2007-04-07 12:00:00,0.3,"ISM",1,"Water",NA,280,"MG/L",NA,NA,NA,2017-10-27 16:49:25,NA,2,NA,1,1,"S","PARTNTID",NA,NA,4,"sample does not have an associated bay program method code"
"752",999,"LRA","ALLARM.LT10","10/07/2007","12:00:00","TDS.1","M1",2495,"CMC","NTWQM",2007-10-07 12:00:00,0.3,"ISM",1,"Water",NA,150,"MG/L",NA,NA,NA,2017-10-27 16:53:36,NA,2,NA,1,1,"S","PARTNTID",NA,NA,4,"sample does not have an associated bay program method code"
"753",999,"LRA","ALLARM.LT4","10/07/2007","12:00:00","TDS.1","M1",2489,"CMC","NTWQM",2007-10-07 12:00:00,0.3,"ISM",1,"Water",NA,260,"MG/L",NA,NA,NA,2017-10-27 16:53:16,NA,2,NA,1,1,"S","PARTNTID",NA,NA,4,"sample does not have an associated bay program method code"
"754",999,"LRA","ALLARM.LT8","05/07/2007","12:00:00","TDS.1","M1",2428,"CMC","NTWQM",2007-05-07 12:00:00,0.3,"ISM",1,"Water",NA,300,"MG/L",NA,NA,NA,2017-10-27 16:50:18,NA,2,NA,1,1,"S","PARTNTID",NA,NA,4,"sample does not have an associated bay program method code"
"755",999,"LRA","ALLARM.LT1","05/07/2007","12:00:00","NO3N.3","M1",2421,"CMC","NTWQM",2007-05-07 12:00:00,0.3,"ISM",2,"Water",NA,2,"MG/L",NA,NA,NA,2017-10-27 16:49:58,NA,2,NA,1,1,"S","PARTNTID",NA,NA,4,"sample does not have an associated bay program method code"
"756",999,"LRA","ALLARM.LT3","05/07/2007","12:00:00","NO3N.3","M1",2423,"CMC","NTWQM",2007-05-07 12:00:00,0.3,"ISM",2,"Water",NA,1.2,"MG/L",NA,NA,NA,2017-10-27 16:50:03,NA,2,NA,1,1,"S","PARTNTID",NA,NA,4,"sample does not have an associated bay program method code"
"757",999,"LRA","ALLARM.LT9","06/07/2007","12:00:00","NO3N.3","M1",2442,"CMC","NTWQM",2007-06-07 12:00:00,0.3,"ISM",2,"Water",NA,2.49,"MG/L",NA,NA,NA,2017-10-27 16:50:57,NA,2,NA,1,1,"S","PARTNTID",NA,NA,4,"sample does not have an associated bay program method code"
"758",999,"LRA","ALLARM.LT1","05/07/2007","12:00:00","TDS.1","M1",2421,"CMC","NTWQM",2007-05-07 12:00:00,0.3,"ISM",1,"Water",NA,290,"MG/L",NA,NA,NA,2017-10-27 16:49:58,NA,2,NA,1,1,"S","PARTNTID",NA,NA,4,"sample does not have an associated bay program method code"
"759",999,"LRA","ALLARM.LT3","05/07/2007","12:00:00","TDS.1","M1",2423,"CMC","NTWQM",2007-05-07 12:00:00,0.3,"ISM",1,"Water",NA,280,"MG/L",NA,NA,NA,2017-10-27 16:50:03,NA,2,NA,1,1,"S","PARTNTID",NA,NA,4,"sample does not have an associated bay program method code"
"760",999,"LRA","ALLARM.LT9","06/07/2007","12:00:00","TDS.1","M1",2442,"CMC","NTWQM",2007-06-07 12:00:00,0.3,"ISM",1,"Water",NA,310,"MG/L",NA,NA,NA,2017-10-27 16:50:57,NA,2,NA,1,1,"S","PARTNTID",NA,NA,4,"sample does not have an associated bay program method code"
"761",999,"LRA","ALLARM.LT10","12/01/2007","12:00:00","NO3N.3","M1",2521,"CMC","NTWQM",2007-12-01 12:00:00,0.3,"ISM",2,"Water",NA,2.8,"MG/L",NA,NA,NA,2017-10-27 16:54:51,NA,2,NA,1,1,"S","PARTNTID",NA,NA,4,"sample does not have an associated bay program method code"
"762",999,"LRA","ALLARM.LT1","06/07/2007","12:00:00","NO3N.3","M1",2434,"CMC","NTWQM",2007-06-07 12:00:00,0.3,"ISM",2,"Water",NA,4.19,"MG/L",NA,NA,NA,2017-10-27 16:50:35,NA,2,NA,1,1,"S","PARTNTID",NA,NA,4,"sample does not have an associated bay program method code"
"763",999,"LRA","ALLARM.LT3","06/07/2007","12:00:00","NO3N.3","M1",2436,"CMC","NTWQM",2007-06-07 12:00:00,0.3,"ISM",2,"Water",NA,3.19,"MG/L",NA,NA,NA,2017-10-27 16:50:40,NA,2,NA,1,1,"S","PARTNTID",NA,NA,4,"sample does not have an associated bay program method code"
"764",999,"LRA","ALLARM.LT10","12/01/2007","12:00:00","TDS.1","M1",2521,"CMC","NTWQM",2007-12-01 12:00:00,0.3,"ISM",1,"Water",NA,410,"MG/L",NA,NA,NA,2017-10-27 16:54:51,NA,2,NA,1,1,"S","PARTNTID",NA,NA,4,"sample does not have an associated bay program method code"
"765",999,"LRA","ALLARM.LT1","06/07/2007","12:00:00","TDS.1","M1",2434,"CMC","NTWQM",2007-06-07 12:00:00,0.3,"ISM",1,"Water",NA,270,"MG/L",NA,NA,NA,2017-10-27 16:50:35,NA,2,NA,1,1,"S","PARTNTID",NA,NA,4,"sample does not have an associated bay program method code"
"766",999,"LRA","ALLARM.LT3","06/07/2007","12:00:00","TDS.1","M1",2436,"CMC","NTWQM",2007-06-07 12:00:00,0.3,"ISM",1,"Water",NA,290,"MG/L",NA,NA,NA,2017-10-27 16:50:40,NA,2,NA,1,1,"S","PARTNTID",NA,NA,4,"sample does not have an associated bay program method code"
"767",999,"LRA","ALLARM.LT9","07/07/2007","12:00:00","TDS.1","M1",2455,"CMC","NTWQM",2007-07-07 12:00:00,0.3,"ISM",1,"Water",NA,310,"MG/L",NA,NA,NA,2017-10-27 16:51:37,NA,2,NA,1,1,"S","PARTNTID",NA,NA,4,"sample does not have an associated bay program method code"
"768",999,"LRA","ALLARM.LT2","01/07/2007","12:00:00","NO3N.3","M1",2371,"CMC","NTWQM",2007-01-07 12:00:00,0.3,"ISM",2,"Water",NA,4,"MG/L",NA,NA,NA,2017-10-27 16:47:54,NA,2,NA,1,1,"S","PARTNTID",NA,NA,4,"sample does not have an associated bay program method code"
"769",999,"LRA","ALLARM.LT1","07/07/2007","12:00:00","NO3N.3","M1",2447,"CMC","NTWQM",2007-07-07 12:00:00,0.3,"ISM",2,"Water",NA,5.25,"MG/L",NA,NA,NA,2017-10-27 16:51:12,NA,2,NA,1,1,"S","PARTNTID",NA,NA,4,"sample does not have an associated bay program method code"
"770",999,"LRA","ALLARM.LT3","07/07/2007","12:00:00","NO3N.3","M1",2449,"CMC","NTWQM",2007-07-07 12:00:00,0.3,"ISM",2,"Water",NA,4.4,"MG/L",NA,NA,NA,2017-10-27 16:51:18,NA,2,NA,1,1,"S","PARTNTID",NA,NA,4,"sample does not have an associated bay program method code"
"771",999,"LRA","ALLARM.LT2","01/07/2007","12:00:00","TDS.1","M1",2371,"CMC","NTWQM",2007-01-07 12:00:00,0.3,"ISM",1,"Water",NA,290,"MG/L",NA,NA,NA,2017-10-27 16:47:54,NA,2,NA,1,1,"S","PARTNTID",NA,NA,4,"sample does not have an associated bay program method code"
"772",999,"LRA","ALLARM.LT1","07/07/2007","12:00:00","TDS.1","M1",2447,"CMC","NTWQM",2007-07-07 12:00:00,0.3,"ISM",1,"Water",NA,280,"MG/L",NA,NA,NA,2017-10-27 16:51:12,NA,2,NA,1,1,"S","PARTNTID",NA,NA,4,"sample does not have an associated bay program method code"
"773",999,"LRA","ALLARM.LT3","07/07/2007","12:00:00","TDS.1","M1",2449,"CMC","NTWQM",2007-07-07 12:00:00,0.3,"ISM",1,"Water",NA,290,"MG/L",NA,NA,NA,2017-10-27 16:51:18,NA,2,NA,1,1,"S","PARTNTID",NA,NA,4,"sample does not have an associated bay program method code"
"774",999,"LRA","ALLARM.LT5","07/07/2007","12:00:00","TDS.1","M1",2451,"CMC","NTWQM",2007-07-07 12:00:00,0.3,"ISM",1,"Water",NA,260,"MG/L",NA,NA,NA,2017-10-27 16:51:24,NA,2,NA,1,1,"S","PARTNTID",NA,NA,4,"sample does not have an associated bay program method code"
"775",999,"LRA","ALLARM.LT2","02/07/2007","12:00:00","NO3N.3","M1",2383,"CMC","NTWQM",2007-02-07 12:00:00,0.3,"ISM",2,"Water",NA,4.9,"MG/L",NA,NA,NA,2017-10-27 16:48:24,NA,2,NA,1,1,"S","PARTNTID",NA,NA,4,"sample does not have an associated bay program method code"
"776",999,"LRA","ALLARM.LT1","08/07/2007","12:00:00","NO3N.3","M1",2460,"CMC","NTWQM",2007-08-07 12:00:00,0.3,"ISM",2,"Water",NA,4.3,"MG/L",NA,NA,NA,2017-10-27 16:51:50,NA,2,NA,1,1,"S","PARTNTID",NA,NA,4,"sample does not have an associated bay program method code"
"777",999,"LRA","ALLARM.LT3","08/07/2007","12:00:00","NO3N.3","M1",2462,"CMC","NTWQM",2007-08-07 12:00:00,0.3,"ISM",2,"Water",NA,4.6,"MG/L",NA,NA,NA,2017-10-27 16:51:55,NA,2,NA,1,1,"S","PARTNTID",NA,NA,4,"sample does not have an associated bay program method code"
"778",999,"LRA","ALLARM.LT1","08/07/2007","12:00:00","TDS.1","M1",2460,"CMC","NTWQM",2007-08-07 12:00:00,0.3,"ISM",1,"Water",NA,260,"MG/L",NA,NA,NA,2017-10-27 16:51:50,NA,2,NA,1,1,"S","PARTNTID",NA,NA,4,"sample does not have an associated bay program method code"
"779",999,"LRA","ALLARM.LT3","08/07/2007","12:00:00","TDS.1","M1",2462,"CMC","NTWQM",2007-08-07 12:00:00,0.3,"ISM",1,"Water",NA,280,"MG/L",NA,NA,NA,2017-10-27 16:51:55,NA,2,NA,1,1,"S","PARTNTID",NA,NA,4,"sample does not have an associated bay program method code"
"780",999,"LRA","ALLARM.LT9","09/07/2007","12:00:00","TDS.1","M1",2481,"CMC","NTWQM",2007-09-07 12:00:00,0.3,"ISM",1,"Water",NA,280,"MG/L",NA,NA,NA,2017-10-27 16:52:51,NA,2,NA,1,1,"S","PARTNTID",NA,NA,4,"sample does not have an associated bay program method code"
"781",999,"LRA","ALLARM.LT8","09/07/2007","12:00:00","TDS.1","M1",2480,"CMC","NTWQM",2007-09-07 12:00:00,0.3,"ISM",1,"Water",NA,280,"MG/L",NA,NA,NA,2017-10-27 16:52:47,NA,2,NA,1,1,"S","PARTNTID",NA,NA,4,"sample does not have an associated bay program method code"
"782",999,"LRA","ALLARM.LT1","09/07/2007","12:00:00","NO3N.3","M1",2473,"CMC","NTWQM",2007-09-07 12:00:00,0.3,"ISM",2,"Water",NA,5.4,"MG/L",NA,NA,NA,2017-10-27 16:52:24,NA,2,NA,1,1,"S","PARTNTID",NA,NA,4,"sample does not have an associated bay program method code"
"783",999,"LRA","ALLARM.LT3","09/07/2007","12:00:00","NO3N.3","M1",2475,"CMC","NTWQM",2007-09-07 12:00:00,0.3,"ISM",2,"Water",NA,5.4,"MG/L",NA,NA,NA,2017-10-27 16:52:31,NA,2,NA,1,1,"S","PARTNTID",NA,NA,4,"sample does not have an associated bay program method code"
"784",999,"LRA","ALLARM.LT9","10/07/2007","12:00:00","NO3N.3","M1",2494,"CMC","NTWQM",2007-10-07 12:00:00,0.3,"ISM",2,"Water",NA,2.3,"MG/L",NA,NA,NA,2017-10-27 16:53:33,NA,2,NA,1,1,"S","PARTNTID",NA,NA,4,"sample does not have an associated bay program method code"
"785",999,"LRA","ALLARM.LT1","09/07/2007","12:00:00","TDS.1","M1",2473,"CMC","NTWQM",2007-09-07 12:00:00,0.3,"ISM",1,"Water",NA,260,"MG/L",NA,NA,NA,2017-10-27 16:52:24,NA,2,NA,1,1,"S","PARTNTID",NA,NA,4,"sample does not have an associated bay program method code"
"786",999,"LRA","ALLARM.LT3","09/07/2007","12:00:00","TDS.1","M1",2475,"CMC","NTWQM",2007-09-07 12:00:00,0.3,"ISM",1,"Water",NA,260,"MG/L",NA,NA,NA,2017-10-27 16:52:31,NA,2,NA,1,1,"S","PARTNTID",NA,NA,4,"sample does not have an associated bay program method code"
"787",999,"LRA","ALLARM.LT9","10/07/2007","12:00:00","TDS.1","M1",2494,"CMC","NTWQM",2007-10-07 12:00:00,0.3,"ISM",1,"Water",NA,190,"MG/L",NA,NA,NA,2017-10-27 16:53:33,NA,2,NA,1,1,"S","PARTNTID",NA,NA,4,"sample does not have an associated bay program method code"
"788",999,"LRA","ALLARM.LT8","10/07/2007","12:00:00","TDS.1","M1",2493,"CMC","NTWQM",2007-10-07 12:00:00,0.3,"ISM",1,"Water",NA,210,"MG/L",NA,NA,NA,2017-10-27 16:53:30,NA,2,NA,1,1,"S","PARTNTID",NA,NA,4,"sample does not have an associated bay program method code"
"789",999,"LRA","ALLARM.LT1","10/07/2007","12:00:00","NO3N.3","M1",2486,"CMC","NTWQM",2007-10-07 12:00:00,0.3,"ISM",2,"Water",NA,4.9,"MG/L",NA,NA,NA,2017-10-27 16:53:06,NA,2,NA,1,1,"S","PARTNTID",NA,NA,4,"sample does not have an associated bay program method code"
"790",999,"LRA","ALLARM.LT3","10/07/2007","12:00:00","NO3N.3","M1",2488,"CMC","NTWQM",2007-10-07 12:00:00,0.3,"ISM",2,"Water",NA,4.4,"MG/L",NA,NA,NA,2017-10-27 16:53:13,NA,2,NA,1,1,"S","PARTNTID",NA,NA,4,"sample does not have an associated bay program method code"
"791",999,"LRA","ALLARM.LT8","05/07/2007","12:00:00","NO3N.3","M1",2428,"CMC","NTWQM",2007-05-07 12:00:00,0.3,"ISM",2,"Water",NA,5.3,"MG/L",NA,NA,NA,2017-10-27 16:50:18,NA,2,NA,1,1,"S","PARTNTID",NA,NA,4,"sample does not have an associated bay program method code"
"792",999,"LRA","ALLARM.LT1","10/07/2007","12:00:00","TDS.1","M1",2486,"CMC","NTWQM",2007-10-07 12:00:00,0.3,"ISM",1,"Water",NA,260,"MG/L",NA,NA,NA,2017-10-27 16:53:06,NA,2,NA,1,1,"S","PARTNTID",NA,NA,4,"sample does not have an associated bay program method code"
"793",999,"LRA","ALLARM.LT3","10/07/2007","12:00:00","TDS.1","M1",2488,"CMC","NTWQM",2007-10-07 12:00:00,0.3,"ISM",1,"Water",NA,270,"MG/L",NA,NA,NA,2017-10-27 16:53:13,NA,2,NA,1,1,"S","PARTNTID",NA,NA,4,"sample does not have an associated bay program method code"
"794",999,"LRA","ALLARM.LT5","10/07/2007","12:00:00","TDS.1","M1",2490,"CMC","NTWQM",2007-10-07 12:00:00,0.3,"ISM",1,"Water",NA,260,"MG/L",NA,NA,NA,2017-10-27 16:53:19,NA,2,NA,1,1,"S","PARTNTID",NA,NA,4,"sample does not have an associated bay program method code"
"795",999,"LRA","ALLARM.LT1","11/01/2007","12:00:00","NO3N.3","M1",2499,"CMC","NTWQM",2007-11-01 12:00:00,0.3,"ISM",2,"Water",NA,4.9,"MG/L",NA,NA,NA,2017-10-27 16:53:48,NA,2,NA,1,1,"S","PARTNTID",NA,NA,4,"sample does not have an associated bay program method code"
"796",999,"LRA","ALLARM.LT2","05/07/2007","12:00:00","NO3N.3","M1",2422,"CMC","NTWQM",2007-05-07 12:00:00,0.3,"ISM",2,"Water",NA,1.4,"MG/L",NA,NA,NA,2017-10-27 16:50:01,NA,2,NA,1,1,"S","PARTNTID",NA,NA,4,"sample does not have an associated bay program method code"
"797",999,"LRA","ALLARM.LT5","05/07/2007","12:00:00","NO3N.3","M1",2425,"CMC","NTWQM",2007-05-07 12:00:00,0.3,"ISM",2,"Water",NA,1.8,"MG/L",NA,NA,NA,2017-10-27 16:50:09,NA,2,NA,1,1,"S","PARTNTID",NA,NA,4,"sample does not have an associated bay program method code"
"798",999,"LRA","ALLARM.LT1","11/01/2007","12:00:00","TDS.1","M1",2499,"CMC","NTWQM",2007-11-01 12:00:00,0.3,"ISM",1,"Water",NA,300,"MG/L",NA,NA,NA,2017-10-27 16:53:48,NA,2,NA,1,1,"S","PARTNTID",NA,NA,4,"sample does not have an associated bay program method code"
"799",999,"LRA","ALLARM.LT2","05/07/2007","12:00:00","TDS.1","M1",2422,"CMC","NTWQM",2007-05-07 12:00:00,0.3,"ISM",1,"Water",NA,260,"MG/L",NA,NA,NA,2017-10-27 16:50:01,NA,2,NA,1,1,"S","PARTNTID",NA,NA,4,"sample does not have an associated bay program method code"
"800",999,"LRA","ALLARM.LT5","05/07/2007","12:00:00","TDS.1","M1",2425,"CMC","NTWQM",2007-05-07 12:00:00,0.3,"ISM",1,"Water",NA,260,"MG/L",NA,NA,NA,2017-10-27 16:50:09,NA,2,NA,1,1,"S","PARTNTID",NA,NA,4,"sample does not have an associated bay program method code"
"801",999,"LRA","ALLARM.LT1","12/01/2007","12:00:00","NO3N.3","M1",2512,"CMC","NTWQM",2007-12-01 12:00:00,0.3,"ISM",2,"Water",NA,4.1,"MG/L",NA,NA,NA,2017-10-27 16:54:21,NA,2,NA,1,1,"S","PARTNTID",NA,NA,4,"sample does not have an associated bay program method code"
"802",999,"LRA","ALLARM.LT3","12/01/2007","12:00:00","NO3N.3","M1",2514,"CMC","NTWQM",2007-12-01 12:00:00,0.3,"ISM",2,"Water",NA,3.3,"MG/L",NA,NA,NA,2017-10-27 16:54:28,NA,2,NA,1,1,"S","PARTNTID",NA,NA,4,"sample does not have an associated bay program method code"
"803",999,"LRA","ALLARM.LT2","06/07/2007","12:00:00","NO3N.3","M1",2435,"CMC","NTWQM",2007-06-07 12:00:00,0.3,"ISM",2,"Water",NA,4.49,"MG/L",NA,NA,NA,2017-10-27 16:50:38,NA,2,NA,1,1,"S","PARTNTID",NA,NA,4,"sample does not have an associated bay program method code"
"804",999,"LRA","ALLARM.LT1","12/01/2007","12:00:00","TDS.1","M1",2512,"CMC","NTWQM",2007-12-01 12:00:00,0.3,"ISM",1,"Water",NA,330,"MG/L",NA,NA,NA,2017-10-27 16:54:21,NA,2,NA,1,1,"S","PARTNTID",NA,NA,4,"sample does not have an associated bay program method code"
"805",999,"LRA","ALLARM.LT3","12/01/2007","12:00:00","TDS.1","M1",2514,"CMC","NTWQM",2007-12-01 12:00:00,0.3,"ISM",1,"Water",NA,350,"MG/L",NA,NA,NA,2017-10-27 16:54:28,NA,2,NA,1,1,"S","PARTNTID",NA,NA,4,"sample does not have an associated bay program method code"
"806",999,"LRA","ALLARM.LT2","06/07/2007","12:00:00","TDS.1","M1",2435,"CMC","NTWQM",2007-06-07 12:00:00,0.3,"ISM",1,"Water",NA,260,"MG/L",NA,NA,NA,2017-10-27 16:50:38,NA,2,NA,1,1,"S","PARTNTID",NA,NA,4,"sample does not have an associated bay program method code"
"807",999,"LRA","ALLARM.LT5","06/07/2007","12:00:00","TDS.1","M1",2438,"CMC","NTWQM",2007-06-07 12:00:00,0.3,"ISM",1,"Water",NA,290,"MG/L",NA,NA,NA,2017-10-27 16:50:46,NA,2,NA,1,1,"S","PARTNTID",NA,NA,4,"sample does not have an associated bay program method code"
"808",999,"LRA","ALLARM.LT10","01/07/2007","12:00:00","NO3N.3","M1",2379,"CMC","NTWQM",2007-01-07 12:00:00,0.3,"ISM",2,"Water",NA,3.9,"MG/L",NA,NA,NA,2017-10-27 16:48:14,NA,2,NA,1,1,"S","PARTNTID",NA,NA,4,"sample does not have an associated bay program method code"
"809",999,"LRA","ALLARM.LT4","01/07/2007","12:00:00","NO3N.3","M1",2373,"CMC","NTWQM",2007-01-07 12:00:00,0.3,"ISM",2,"Water",NA,5.3,"MG/L",NA,NA,NA,2017-10-27 16:47:59,NA,2,NA,1,1,"S","PARTNTID",NA,NA,4,"sample does not have an associated bay program method code"
"810",999,"LRA","ALLARM.LT2","07/07/2007","12:00:00","NO3N.3","M1",2448,"CMC","NTWQM",2007-07-07 12:00:00,0.3,"ISM",2,"Water",NA,4.4,"MG/L",NA,NA,NA,2017-10-27 16:51:16,NA,2,NA,1,1,"S","PARTNTID",NA,NA,4,"sample does not have an associated bay program method code"
"811",999,"LRA","ALLARM.LT10","01/07/2007","12:00:00","TDS.1","M1",2379,"CMC","NTWQM",2007-01-07 12:00:00,0.3,"ISM",1,"Water",NA,400,"MG/L",NA,NA,NA,2017-10-27 16:48:14,NA,2,NA,1,1,"S","PARTNTID",NA,NA,4,"sample does not have an associated bay program method code"
"812",999,"LRA","ALLARM.LT4","01/07/2007","12:00:00","TDS.1","M1",2373,"CMC","NTWQM",2007-01-07 12:00:00,0.3,"ISM",1,"Water",NA,310,"MG/L",NA,NA,NA,2017-10-27 16:47:59,NA,2,NA,1,1,"S","PARTNTID",NA,NA,4,"sample does not have an associated bay program method code"
"813",999,"LRA","ALLARM.LT2","07/07/2007","12:00:00","TDS.1","M1",2448,"CMC","NTWQM",2007-07-07 12:00:00,0.3,"ISM",1,"Water",NA,270,"MG/L",NA,NA,NA,2017-10-27 16:51:16,NA,2,NA,1,1,"S","PARTNTID",NA,NA,4,"sample does not have an associated bay program method code"
"814",999,"LRA","ALLARM.LT7","07/07/2007","12:00:00","TDS.1","M1",2453,"CMC","NTWQM",2007-07-07 12:00:00,0.3,"ISM",1,"Water",NA,290,"MG/L",NA,NA,NA,2017-10-27 16:51:30,NA,2,NA,1,1,"S","PARTNTID",NA,NA,4,"sample does not have an associated bay program method code"
"815",999,"LRA","ALLARM.LT10","02/07/2007","12:00:00","NO3N.3","M1",2391,"CMC","NTWQM",2007-02-07 12:00:00,0.3,"ISM",2,"Water",NA,3.2,"MG/L",NA,NA,NA,2017-10-27 16:48:44,NA,2,NA,1,1,"S","PARTNTID",NA,NA,4,"sample does not have an associated bay program method code"
"816",999,"LRA","ALLARM.LT4","02/07/2007","12:00:00","NO3N.3","M1",2385,"CMC","NTWQM",2007-02-07 12:00:00,0.3,"ISM",2,"Water",NA,4.9,"MG/L",NA,NA,NA,2017-10-27 16:48:29,NA,2,NA,1,1,"S","PARTNTID",NA,NA,4,"sample does not have an associated bay program method code"
"817",999,"LRA","ALLARM.LT2","08/07/2007","12:00:00","NO3N.3","M1",2461,"CMC","NTWQM",2007-08-07 12:00:00,0.3,"ISM",2,"Water",NA,4.7,"MG/L",NA,NA,NA,2017-10-27 16:51:52,NA,2,NA,1,1,"S","PARTNTID",NA,NA,4,"sample does not have an associated bay program method code"
"818",999,"LRA","ALLARM.LT10","02/07/2007","12:00:00","TDS.1","M1",2391,"CMC","NTWQM",2007-02-07 12:00:00,0.3,"ISM",1,"Water",NA,400,"MG/L",NA,NA,NA,2017-10-27 16:48:44,NA,2,NA,1,1,"S","PARTNTID",NA,NA,4,"sample does not have an associated bay program method code"
"819",999,"LRA","ALLARM.LT2","08/07/2007","12:00:00","TDS.1","M1",2461,"CMC","NTWQM",2007-08-07 12:00:00,0.3,"ISM",1,"Water",NA,250,"MG/L",NA,NA,NA,2017-10-27 16:51:52,NA,2,NA,1,1,"S","PARTNTID",NA,NA,4,"sample does not have an associated bay program method code"
"820",999,"LRA","ALLARM.LT5","08/07/2007","12:00:00","TDS.1","M1",2464,"CMC","NTWQM",2007-08-07 12:00:00,0.3,"ISM",1,"Water",NA,280,"MG/L",NA,NA,NA,2017-10-27 16:52:00,NA,2,NA,1,1,"S","PARTNTID",NA,NA,4,"sample does not have an associated bay program method code"
"821",999,"LRA","ALLARM.MG1","03/07/2007","12:00:00","TDS.1","M1",2405,"CMC","NTWQM",2007-03-07 12:00:00,0.3,"ISM",1,"Water",NA,460,"MG/L",NA,NA,NA,2017-10-27 16:49:17,NA,2,NA,1,1,"S","PARTNTID",NA,NA,4,"sample does not have an associated bay program method code"
"822",999,"LRA","ALLARM.LT10","03/07/2007","12:00:00","NO3N.3","M1",2404,"CMC","NTWQM",2007-03-07 12:00:00,0.3,"ISM",2,"Water",NA,3.8,"MG/L",NA,NA,NA,2017-10-27 16:49:14,NA,2,NA,1,1,"S","PARTNTID",NA,NA,4,"sample does not have an associated bay program method code"
"823",999,"LRA","ALLARM.LT2","09/07/2007","12:00:00","NO3N.3","M1",2474,"CMC","NTWQM",2007-09-07 12:00:00,0.3,"ISM",2,"Water",NA,5.4,"MG/L",NA,NA,NA,2017-10-27 16:52:28,NA,2,NA,1,1,"S","PARTNTID",NA,NA,4,"sample does not have an associated bay program method code"
"824",999,"LRA","ALLARM.LT5","09/07/2007","12:00:00","NO3N.3","M1",2477,"CMC","NTWQM",2007-09-07 12:00:00,0.3,"ISM",2,"Water",NA,5.1,"MG/L",NA,NA,NA,2017-10-27 16:52:38,NA,2,NA,1,1,"S","PARTNTID",NA,NA,4,"sample does not have an associated bay program method code"
"825",999,"LRA","ALLARM.LT10","03/07/2007","12:00:00","TDS.1","M1",2404,"CMC","NTWQM",2007-03-07 12:00:00,0.3,"ISM",1,"Water",NA,460,"MG/L",NA,NA,NA,2017-10-27 16:49:14,NA,2,NA,1,1,"S","PARTNTID",NA,NA,4,"sample does not have an associated bay program method code"
"826",999,"LRA","ALLARM.LT2","09/07/2007","12:00:00","TDS.1","M1",2474,"CMC","NTWQM",2007-09-07 12:00:00,0.3,"ISM",1,"Water",NA,240,"MG/L",NA,NA,NA,2017-10-27 16:52:28,NA,2,NA,1,1,"S","PARTNTID",NA,NA,4,"sample does not have an associated bay program method code"
"827",999,"LRA","ALLARM.LT5","09/07/2007","12:00:00","TDS.1","M1",2477,"CMC","NTWQM",2007-09-07 12:00:00,0.3,"ISM",1,"Water",NA,250,"MG/L",NA,NA,NA,2017-10-27 16:52:38,NA,2,NA,1,1,"S","PARTNTID",NA,NA,4,"sample does not have an associated bay program method code"
"828",999,"LRA","ALLARM.MG1","04/07/2007","12:00:00","TDS.1","M1",2418,"CMC","NTWQM",2007-04-07 12:00:00,0.3,"ISM",1,"Water",NA,430,"MG/L",NA,NA,NA,2017-10-27 16:49:50,NA,2,NA,1,1,"S","PARTNTID",NA,NA,4,"sample does not have an associated bay program method code"
"829",999,"LRA","ALLARM.LT10","04/07/2007","12:00:00","NO3N.3","M1",2417,"CMC","NTWQM",2007-04-07 12:00:00,0.3,"ISM",2,"Water",NA,4.3,"MG/L",NA,NA,NA,2017-10-27 16:49:47,NA,2,NA,1,1,"S","PARTNTID",NA,NA,4,"sample does not have an associated bay program method code"
"830",999,"LRA","ALLARM.LT2","10/07/2007","12:00:00","NO3N.3","M1",2487,"CMC","NTWQM",2007-10-07 12:00:00,0.3,"ISM",2,"Water",NA,5,"MG/L",NA,NA,NA,2017-10-27 16:53:09,NA,2,NA,1,1,"S","PARTNTID",NA,NA,4,"sample does not have an associated bay program method code"
"831",999,"LRA","ALLARM.LT5","10/07/2007","12:00:00","NO3N.3","M1",2490,"CMC","NTWQM",2007-10-07 12:00:00,0.3,"ISM",2,"Water",NA,3.2,"MG/L",NA,NA,NA,2017-10-27 16:53:19,NA,2,NA,1,1,"S","PARTNTID",NA,NA,4,"sample does not have an associated bay program method code"
"832",999,"LRA","ALLARM.LT10","04/07/2007","12:00:00","TDS.1","M1",2417,"CMC","NTWQM",2007-04-07 12:00:00,0.3,"ISM",1,"Water",NA,310,"MG/L",NA,NA,NA,2017-10-27 16:49:47,NA,2,NA,1,1,"S","PARTNTID",NA,NA,4,"sample does not have an associated bay program method code"
"833",999,"LRA","ALLARM.LT2","10/07/2007","12:00:00","TDS.1","M1",2487,"CMC","NTWQM",2007-10-07 12:00:00,0.3,"ISM",1,"Water",NA,250,"MG/L",NA,NA,NA,2017-10-27 16:53:09,NA,2,NA,1,1,"S","PARTNTID",NA,NA,4,"sample does not have an associated bay program method code"
"834",999,"LRA","ALLARM.LT6","04/07/2007","12:00:00","TDS.1","M1",2413,"CMC","NTWQM",2007-04-07 12:00:00,0.3,"ISM",1,"Water",NA,270,"MG/L",NA,NA,NA,2017-10-27 16:49:39,NA,2,NA,1,1,"S","PARTNTID",NA,NA,4,"sample does not have an associated bay program method code"
"835",999,"LRA","ALLARM.WL","04/07/2007","12:00:00","NO3N.3","M1",2420,"CMC","NTWQM",2007-04-07 12:00:00,0.3,"ISM",2,"Water",NA,0.5,"MG/L",NA,NA,NA,2017-10-27 16:49:55,NA,2,NA,1,1,"S","PARTNTID",NA,NA,4,"sample does not have an associated bay program method code"
"836",999,"LRA","ALLARM.LT10","05/07/2007","12:00:00","NO3N.3","M1",2430,"CMC","NTWQM",2007-05-07 12:00:00,0.3,"ISM",2,"Water",NA,4.8,"MG/L",NA,NA,NA,2017-10-27 16:50:23,NA,2,NA,1,1,"S","PARTNTID",NA,NA,4,"sample does not have an associated bay program method code"
"837",999,"LRA","ALLARM.LT4","05/07/2007","12:00:00","NO3N.3","M1",2424,"CMC","NTWQM",2007-05-07 12:00:00,0.3,"ISM",2,"Water",NA,1.8,"MG/L",NA,NA,NA,2017-10-27 16:50:06,NA,2,NA,1,1,"S","PARTNTID",NA,NA,4,"sample does not have an associated bay program method code"
"838",999,"LRA","ALLARM.MG1","06/07/2007","12:00:00","NO3N.3","M1",2444,"CMC","NTWQM",2007-06-07 12:00:00,0.3,"ISM",2,"Water",NA,0.74,"MG/L",NA,NA,NA,2017-10-27 16:51:03,NA,2,NA,1,1,"S","PARTNTID",NA,NA,4,"sample does not have an associated bay program method code"
"839",999,"LRA","ALLARM.LT10","05/07/2007","12:00:00","TDS.1","M1",2430,"CMC","NTWQM",2007-05-07 12:00:00,0.3,"ISM",1,"Water",NA,290,"MG/L",NA,NA,NA,2017-10-27 16:50:23,NA,2,NA,1,1,"S","PARTNTID",NA,NA,4,"sample does not have an associated bay program method code"
"840",999,"LRA","ALLARM.LT4","05/07/2007","12:00:00","TDS.1","M1",2424,"CMC","NTWQM",2007-05-07 12:00:00,0.3,"ISM",1,"Water",NA,260,"MG/L",NA,NA,NA,2017-10-27 16:50:06,NA,2,NA,1,1,"S","PARTNTID",NA,NA,4,"sample does not have an associated bay program method code"
"841",999,"LRA","ALLARM.MG1","06/07/2007","12:00:00","TDS.1","M1",2444,"CMC","NTWQM",2007-06-07 12:00:00,0.3,"ISM",1,"Water",NA,480,"MG/L",NA,NA,NA,2017-10-27 16:51:03,NA,2,NA,1,1,"S","PARTNTID",NA,NA,4,"sample does not have an associated bay program method code"
"842",999,"LRA","ALLARM.LT2","12/01/2007","12:00:00","NO3N.3","M1",2513,"CMC","NTWQM",2007-12-01 12:00:00,0.3,"ISM",2,"Water",NA,3.2,"MG/L",NA,NA,NA,2017-10-27 16:54:25,NA,2,NA,1,1,"S","PARTNTID",NA,NA,4,"sample does not have an associated bay program method code"
"843",999,"LRA","ALLARM.LT10","06/07/2007","12:00:00","NO3N.3","M1",2443,"CMC","NTWQM",2007-06-07 12:00:00,0.3,"ISM",2,"Water",NA,1.3,"MG/L",NA,NA,NA,2017-10-27 16:51:00,NA,2,NA,1,1,"S","PARTNTID",NA,NA,4,"sample does not have an associated bay program method code"
"844",999,"LRA","ALLARM.LT7","06/07/2007","12:00:00","NO3N.3","M1",2440,"CMC","NTWQM",2007-06-07 12:00:00,0.3,"ISM",2,"Water",NA,4.19,"MG/L",NA,NA,NA,2017-10-27 16:50:51,NA,2,NA,1,1,"S","PARTNTID",NA,NA,4,"sample does not have an associated bay program method code"
"845",999,"LRA","ALLARM.MG1","08/07/2007","12:00:00","NO3N.3","M1",2470,"CMC","NTWQM",2007-08-07 12:00:00,0.3,"ISM",2,"Water",NA,0.4,"MG/L",NA,NA,NA,2017-10-27 16:52:16,NA,2,NA,1,1,"S","PARTNTID",NA,NA,4,"sample does not have an associated bay program method code"
"846",999,"LRA","ALLARM.LT5","12/01/2007","12:00:00","TDS.1","M1",2516,"CMC","NTWQM",2007-12-01 12:00:00,0.3,"ISM",1,"Water",NA,340,"MG/L",NA,NA,NA,2017-10-27 16:54:34,NA,2,NA,1,1,"S","PARTNTID",NA,NA,4,"sample does not have an associated bay program method code"
"847",999,"LRA","ALLARM.LT7","06/07/2007","12:00:00","TDS.1","M1",2440,"CMC","NTWQM",2007-06-07 12:00:00,0.3,"ISM",1,"Water",NA,300,"MG/L",NA,NA,NA,2017-10-27 16:50:51,NA,2,NA,1,1,"S","PARTNTID",NA,NA,4,"sample does not have an associated bay program method code"
"848",999,"LRA","ALLARM.WL","12/01/2007","12:00:00","NO3N.3","M1",2524,"CMC","NTWQM",2007-12-01 12:00:00,0.3,"ISM",2,"Water",NA,0.6,"MG/L",NA,NA,NA,2017-10-27 16:55:01,NA,2,NA,1,2,"VP","PARTNTID",NA,NA,4,"sample does not have an associated bay program method code"
"849",999,"LRA","ALLARM.WL","06/07/2007","12:00:00","NO3N.3","M1",2446,"CMC","NTWQM",2007-06-07 12:00:00,0.3,"ISM",2,"Water",NA,0.34,"MG/L",NA,NA,NA,2017-10-27 16:51:09,NA,2,NA,1,1,"S","PARTNTID",NA,NA,4,"sample does not have an associated bay program method code"
"850",999,"LRA","ALLARM.LT6","01/07/2007","12:00:00","NO3N.3","M1",2375,"CMC","NTWQM",2007-01-07 12:00:00,0.3,"ISM",2,"Water",NA,3.6,"MG/L",NA,NA,NA,2017-10-27 16:48:04,NA,2,NA,1,1,"S","PARTNTID",NA,NA,4,"sample does not have an associated bay program method code"
"851",999,"LRA","ALLARM.LT4","07/07/2007","12:00:00","NO3N.3","M1",2450,"CMC","NTWQM",2007-07-07 12:00:00,0.3,"ISM",2,"Water",NA,3.6,"MG/L",NA,NA,NA,2017-10-27 16:51:22,NA,2,NA,1,1,"S","PARTNTID",NA,NA,4,"sample does not have an associated bay program method code"
"852",999,"LRA","ALLARM.WL","06/07/2007","12:00:00","TDS.1","M1",2446,"CMC","NTWQM",2007-06-07 12:00:00,0.3,"ISM",1,"Water",NA,450,"MG/L",NA,NA,NA,2017-10-27 16:51:09,NA,2,NA,1,1,"S","PARTNTID",NA,NA,4,"sample does not have an associated bay program method code"
"853",999,"LRA","ALLARM.LT6","01/07/2007","12:00:00","TDS.1","M1",2375,"CMC","NTWQM",2007-01-07 12:00:00,0.3,"ISM",1,"Water",NA,310,"MG/L",NA,NA,NA,2017-10-27 16:48:04,NA,2,NA,1,1,"S","PARTNTID",NA,NA,4,"sample does not have an associated bay program method code"
"854",999,"LRA","ALLARM.LT6","07/07/2007","12:00:00","TDS.1","M1",2452,"CMC","NTWQM",2007-07-07 12:00:00,0.3,"ISM",1,"Water",NA,280,"MG/L",NA,NA,NA,2017-10-27 16:51:27,NA,2,NA,1,1,"S","PARTNTID",NA,NA,4,"sample does not have an associated bay program method code"
"855",999,"LRA","ALLARM.LT8","08/07/2007","12:00:00","TDS.1","M1",2467,"CMC","NTWQM",2007-08-07 12:00:00,0.3,"ISM",1,"Water",NA,290,"MG/L",NA,NA,NA,2017-10-27 16:52:07,NA,2,NA,1,1,"S","PARTNTID",NA,NA,4,"sample does not have an associated bay program method code"
"856",999,"LRA","ALLARM.WL","07/07/2007","12:00:00","NO3N.3","M1",2459,"CMC","NTWQM",2007-07-07 12:00:00,0.3,"ISM",2,"Water",NA,1.5,"MG/L",NA,NA,NA,2017-10-27 16:51:46,NA,2,NA,1,1,"S","PARTNTID",NA,NA,4,"sample does not have an associated bay program method code"
"857",999,"LRA","ALLARM.LT6","02/07/2007","12:00:00","NO3N.3","M1",2387,"CMC","NTWQM",2007-02-07 12:00:00,0.3,"ISM",2,"Water",NA,4.2,"MG/L",NA,NA,NA,2017-10-27 16:48:34,NA,2,NA,1,1,"S","PARTNTID",NA,NA,4,"sample does not have an associated bay program method code"
"858",999,"LRA","ALLARM.LT4","08/07/2007","12:00:00","NO3N.3","M1",2463,"CMC","NTWQM",2007-08-07 12:00:00,0.3,"ISM",2,"Water",NA,3.9,"MG/L",NA,NA,NA,2017-10-27 16:51:57,NA,2,NA,1,1,"S","PARTNTID",NA,NA,4,"sample does not have an associated bay program method code"
"859",999,"LRA","ALLARM.LT3","02/07/2007","12:00:00","TDS.1","M1",2384,"CMC","NTWQM",2007-02-07 12:00:00,0.3,"ISM",1,"Water",NA,300,"MG/L",NA,NA,NA,2017-10-27 16:48:27,NA,2,NA,1,1,"S","PARTNTID",NA,NA,4,"sample does not have an associated bay program method code"
"860",999,"LRA","ALLARM.LT6","02/07/2007","12:00:00","TDS.1","M1",2387,"CMC","NTWQM",2007-02-07 12:00:00,0.3,"ISM",1,"Water",NA,390,"MG/L",NA,NA,NA,2017-10-27 16:48:34,NA,2,NA,1,1,"S","PARTNTID",NA,NA,4,"sample does not have an associated bay program method code"
"861",999,"LRA","ALLARM.LT7","08/07/2007","12:00:00","TDS.1","M1",2466,"CMC","NTWQM",2007-08-07 12:00:00,0.3,"ISM",1,"Water",NA,280,"MG/L",NA,NA,NA,2017-10-27 16:52:04,NA,2,NA,1,1,"S","PARTNTID",NA,NA,4,"sample does not have an associated bay program method code"
"862",999,"LRA","ALLARM.MG2","12/01/2007","12:00:00","NO3N.3","M1",2523,"CMC","NTWQM",2007-12-01 12:00:00,0.3,"ISM",2,"Water",NA,1.4,"MG/L",NA,NA,NA,2017-10-27 16:54:57,NA,2,NA,1,1,"S","PARTNTID",NA,NA,4,"sample does not have an associated bay program method code"
"863",999,"LRA","ALLARM.LT3","03/07/2007","12:00:00","NO3N.3","M1",2397,"CMC","NTWQM",2007-03-07 12:00:00,0.3,"ISM",2,"Water",NA,4.7,"MG/L",NA,NA,NA,2017-10-27 16:48:56,NA,2,NA,1,1,"S","PARTNTID",NA,NA,4,"sample does not have an associated bay program method code"
"864",999,"LRA","ALLARM.LT6","03/07/2007","12:00:00","NO3N.3","M1",2400,"CMC","NTWQM",2007-03-07 12:00:00,0.3,"ISM",2,"Water",NA,4.5,"MG/L",NA,NA,NA,2017-10-27 16:49:04,NA,2,NA,1,1,"S","PARTNTID",NA,NA,4,"sample does not have an associated bay program method code"
"865",999,"LRA","ALLARM.LT9","04/07/2007","12:00:00","NO3N.3","M1",2416,"CMC","NTWQM",2007-04-07 12:00:00,0.3,"ISM",2,"Water",NA,4.2,"MG/L",NA,NA,NA,2017-10-27 16:49:45,NA,2,NA,1,1,"S","PARTNTID",NA,NA,4,"sample does not have an associated bay program method code"
"866",999,"LRA","ALLARM.LT3","03/07/2007","12:00:00","TDS.1","M1",2397,"CMC","NTWQM",2007-03-07 12:00:00,0.3,"ISM",1,"Water",NA,280,"MG/L",NA,NA,NA,2017-10-27 16:48:56,NA,2,NA,1,1,"S","PARTNTID",NA,NA,4,"sample does not have an associated bay program method code"
"867",999,"LRA","ALLARM.LT6","03/07/2007","12:00:00","TDS.1","M1",2400,"CMC","NTWQM",2007-03-07 12:00:00,0.3,"ISM",1,"Water",NA,310,"MG/L",NA,NA,NA,2017-10-27 16:49:04,NA,2,NA,1,1,"S","PARTNTID",NA,NA,4,"sample does not have an associated bay program method code"
"868",999,"LRA","ALLARM.LT7","09/07/2007","12:00:00","TDS.1","M1",2479,"CMC","NTWQM",2007-09-07 12:00:00,0.3,"ISM",1,"Water",NA,270,"MG/L",NA,NA,NA,2017-10-27 16:52:44,NA,2,NA,1,1,"S","PARTNTID",NA,NA,4,"sample does not have an associated bay program method code"
"869",999,"LRA","ALLARM.MG1","12/01/2007","12:00:00","NO3N.3","M1",2522,"CMC","NTWQM",2007-12-01 12:00:00,0.3,"ISM",2,"Water",NA,2.3,"MG/L",NA,NA,NA,2017-10-27 16:54:54,NA,2,NA,1,1,"S","PARTNTID",NA,NA,4,"sample does not have an associated bay program method code"
"870",999,"LRA","ALLARM.LT3","04/07/2007","12:00:00","NO3N.3","M1",2410,"CMC","NTWQM",2007-04-07 12:00:00,0.3,"ISM",2,"Water",NA,5.4,"MG/L",NA,NA,NA,2017-10-27 16:49:30,NA,2,NA,1,1,"S","PARTNTID",NA,NA,4,"sample does not have an associated bay program method code"
"871",999,"LRA","ALLARM.LT6","04/07/2007","12:00:00","NO3N.3","M1",2413,"CMC","NTWQM",2007-04-07 12:00:00,0.3,"ISM",2,"Water",NA,5.1,"MG/L",NA,NA,NA,2017-10-27 16:49:39,NA,2,NA,1,1,"S","PARTNTID",NA,NA,4,"sample does not have an associated bay program method code"
"872",999,"LRA","ALLARM.MG1","12/01/2007","12:00:00","TDS.1","M1",2522,"CMC","NTWQM",2007-12-01 12:00:00,0.3,"ISM",1,"Water",NA,510,"MG/L",NA,NA,NA,2017-10-27 16:54:54,NA,2,NA,1,1,"S","PARTNTID",NA,NA,4,"sample does not have an associated bay program method code"
"873",999,"LRA","ALLARM.LT3","04/07/2007","12:00:00","TDS.1","M1",2410,"CMC","NTWQM",2007-04-07 12:00:00,0.3,"ISM",1,"Water",NA,280,"MG/L",NA,NA,NA,2017-10-27 16:49:30,NA,2,NA,1,1,"S","PARTNTID",NA,NA,4,"sample does not have an associated bay program method code"
"874",999,"LRA","ALLARM.LT5","04/07/2007","12:00:00","TDS.1","M1",2412,"CMC","NTWQM",2007-04-07 12:00:00,0.3,"ISM",1,"Water",NA,270,"MG/L",NA,NA,NA,2017-10-27 16:49:36,NA,2,NA,1,1,"S","PARTNTID",NA,NA,4,"sample does not have an associated bay program method code"
"875",999,"LRA","ALLARM.LT8","11/01/2007","12:00:00","TDS.1","M1",2506,"CMC","NTWQM",2007-11-01 12:00:00,0.3,"ISM",1,"Water",NA,340,"MG/L",NA,NA,NA,2017-10-27 16:54:06,NA,2,NA,1,1,"S","PARTNTID",NA,NA,4,"sample does not have an associated bay program method code"
"876",999,"LRA","ALLARM.LT10","11/01/2007","12:00:00","NO3N.3","M1",2508,"CMC","NTWQM",2007-11-01 12:00:00,0.3,"ISM",2,"Water",NA,3.4,"MG/L",NA,NA,NA,2017-10-27 16:54:12,NA,2,NA,1,1,"S","PARTNTID",NA,NA,4,"sample does not have an associated bay program method code"
"877",999,"LRA","ALLARM.LT4","11/01/2007","12:00:00","NO3N.3","M1",2502,"CMC","NTWQM",2007-11-01 12:00:00,0.3,"ISM",2,"Water",NA,4.8,"MG/L",NA,NA,NA,2017-10-27 16:53:56,NA,2,NA,1,1,"S","PARTNTID",NA,NA,4,"sample does not have an associated bay program method code"
"878",999,"LRA","ALLARM.WL","10/07/2007","12:00:00","TDS.1","M1",2498,"CMC","NTWQM",2007-10-07 12:00:00,0.3,"ISM",1,"Water",NA,50,"MG/L",NA,NA,NA,2017-10-27 16:53:45,NA,2,NA,1,1,"S","PARTNTID",NA,NA,4,"sample does not have an associated bay program method code"
"879",999,"LRA","ALLARM.LT10","11/01/2007","12:00:00","TDS.1","M1",2508,"CMC","NTWQM",2007-11-01 12:00:00,0.3,"ISM",1,"Water",NA,350,"MG/L",NA,NA,NA,2017-10-27 16:54:12,NA,2,NA,1,1,"S","PARTNTID",NA,NA,4,"sample does not have an associated bay program method code"
"880",999,"LRA","ALLARM.LT4","11/01/2007","12:00:00","TDS.1","M1",2502,"CMC","NTWQM",2007-11-01 12:00:00,0.3,"ISM",1,"Water",NA,310,"MG/L",NA,NA,NA,2017-10-27 16:53:56,NA,2,NA,1,1,"S","PARTNTID",NA,NA,4,"sample does not have an associated bay program method code"
"881",999,"LRA","ALLARM.WL","11/01/2007","12:00:00","NO3N.3","M1",2511,"CMC","NTWQM",2007-11-01 12:00:00,0.3,"ISM",2,"Water",NA,0.8,"MG/L",NA,NA,NA,2017-10-27 16:54:19,NA,2,NA,1,1,"S","PARTNTID",NA,NA,4,"sample does not have an associated bay program method code"
"882",999,"LRA","ALLARM.LT8","06/07/2007","12:00:00","TDS.1","M1",2441,"CMC","NTWQM",2007-06-07 12:00:00,0.3,"ISM",1,"Water",NA,300,"MG/L",NA,NA,NA,2017-10-27 16:50:54,NA,2,NA,1,1,"S","PARTNTID",NA,NA,4,"sample does not have an associated bay program method code"
"883",999,"LRA","ALLARM.LT4","12/01/2007","12:00:00","NO3N.3","M1",2515,"CMC","NTWQM",2007-12-01 12:00:00,0.3,"ISM",2,"Water",NA,4.3,"MG/L",NA,NA,NA,2017-10-27 16:54:31,NA,2,NA,1,1,"S","PARTNTID",NA,NA,4,"sample does not have an associated bay program method code"
"884",999,"LRA","ALLARM.LT6","06/07/2007","12:00:00","NO3N.3","M1",2439,"CMC","NTWQM",2007-06-07 12:00:00,0.3,"ISM",2,"Water",NA,4.29,"MG/L",NA,NA,NA,2017-10-27 16:50:49,NA,2,NA,1,1,"S","PARTNTID",NA,NA,4,"sample does not have an associated bay program method code"
"885",999,"LRA","ALLARM.LT9","07/07/2007","12:00:00","NO3N.3","M1",2455,"CMC","NTWQM",2007-07-07 12:00:00,0.3,"ISM",2,"Water",NA,1.8,"MG/L",NA,NA,NA,2017-10-27 16:51:37,NA,2,NA,1,1,"S","PARTNTID",NA,NA,4,"sample does not have an associated bay program method code"
"886",999,"LRA","ALLARM.LT4","12/01/2007","12:00:00","TDS.1","M1",2515,"CMC","NTWQM",2007-12-01 12:00:00,0.3,"ISM",1,"Water",NA,350,"MG/L",NA,NA,NA,2017-10-27 16:54:31,NA,2,NA,1,1,"S","PARTNTID",NA,NA,4,"sample does not have an associated bay program method code"
"887",999,"LRA","ALLARM.LT6","06/07/2007","12:00:00","TDS.1","M1",2439,"CMC","NTWQM",2007-06-07 12:00:00,0.3,"ISM",1,"Water",NA,280,"MG/L",NA,NA,NA,2017-10-27 16:50:49,NA,2,NA,1,1,"S","PARTNTID",NA,NA,4,"sample does not have an associated bay program method code"
"888",999,"LRA","ALLARM.LT9","01/07/2007","12:00:00","TDS.1","M1",2378,"CMC","NTWQM",2007-01-07 12:00:00,0.3,"ISM",1,"Water",NA,350,"MG/L",NA,NA,NA,2017-10-27 16:48:12,NA,2,NA,1,1,"S","PARTNTID",NA,NA,4,"sample does not have an associated bay program method code"
"889",999,"LRA","ALLARM.LT8","07/07/2007","12:00:00","TDS.1","M1",2454,"CMC","NTWQM",2007-07-07 12:00:00,0.3,"ISM",1,"Water",NA,300,"MG/L",NA,NA,NA,2017-10-27 16:51:34,NA,2,NA,1,1,"S","PARTNTID",NA,NA,4,"sample does not have an associated bay program method code"
"890",999,"LRA","ALLARM.LT5","01/07/2007","12:00:00","NO3N.3","M1",2374,"CMC","NTWQM",2007-01-07 12:00:00,0.3,"ISM",2,"Water",NA,3.9,"MG/L",NA,NA,NA,2017-10-27 16:48:02,NA,2,NA,1,1,"S","PARTNTID",NA,NA,4,"sample does not have an associated bay program method code"
"891",999,"LRA","ALLARM.LT6","07/07/2007","12:00:00","NO3N.3","M1",2452,"CMC","NTWQM",2007-07-07 12:00:00,0.3,"ISM",2,"Water",NA,3.5,"MG/L",NA,NA,NA,2017-10-27 16:51:27,NA,2,NA,1,1,"S","PARTNTID",NA,NA,4,"sample does not have an associated bay program method code"
"892",999,"LRA","ALLARM.LT9","08/07/2007","12:00:00","NO3N.3","M1",2468,"CMC","NTWQM",2007-08-07 12:00:00,0.3,"ISM",2,"Water",NA,2.8,"MG/L",NA,NA,NA,2017-10-27 16:52:10,NA,2,NA,1,1,"S","PARTNTID",NA,NA,4,"sample does not have an associated bay program method code"
"893",999,"LRA","ALLARM.LT5","01/07/2007","12:00:00","TDS.1","M1",2374,"CMC","NTWQM",2007-01-07 12:00:00,0.3,"ISM",1,"Water",NA,310,"MG/L",NA,NA,NA,2017-10-27 16:48:02,NA,2,NA,1,1,"S","PARTNTID",NA,NA,4,"sample does not have an associated bay program method code"
"894",999,"LRA","ALLARM.MG1","02/07/2007","12:00:00","TDS.1","M1",2392,"CMC","NTWQM",2007-02-07 12:00:00,0.3,"ISM",1,"Water",NA,500,"MG/L",NA,NA,NA,2017-10-27 16:48:47,NA,2,NA,1,1,"S","PARTNTID",NA,NA,4,"sample does not have an associated bay program method code"
"895",999,"LRA","ALLARM.LT9","02/07/2007","12:00:00","TDS.1","M1",2390,"CMC","NTWQM",2007-02-07 12:00:00,0.3,"ISM",1,"Water",NA,340,"MG/L",NA,NA,NA,2017-10-27 16:48:42,NA,2,NA,1,1,"S","PARTNTID",NA,NA,4,"sample does not have an associated bay program method code"
"896",999,"LRA","ALLARM.MG2","11/01/2007","12:00:00","NO3N.3","M1",2510,"CMC","NTWQM",2007-11-01 12:00:00,0.3,"ISM",2,"Water",NA,1.4,"MG/L",NA,NA,NA,2017-10-27 16:54:17,NA,2,NA,1,1,"S","PARTNTID",NA,NA,4,"sample does not have an associated bay program method code"
"897",999,"LRA","ALLARM.LT5","02/07/2007","12:00:00","NO3N.3","M1",2386,"CMC","NTWQM",2007-02-07 12:00:00,0.3,"ISM",2,"Water",NA,3.6,"MG/L",NA,NA,NA,2017-10-27 16:48:32,NA,2,NA,1,1,"S","PARTNTID",NA,NA,4,"sample does not have an associated bay program method code"
"898",999,"LRA","ALLARM.LT6","08/07/2007","12:00:00","NO3N.3","M1",2465,"CMC","NTWQM",2007-08-07 12:00:00,0.3,"ISM",2,"Water",NA,3.2,"MG/L",NA,NA,NA,2017-10-27 16:52:02,NA,2,NA,1,1,"S","PARTNTID",NA,NA,4,"sample does not have an associated bay program method code"
"899",999,"LRA","ALLARM.LT2","02/07/2007","12:00:00","TDS.1","M1",2383,"CMC","NTWQM",2007-02-07 12:00:00,0.3,"ISM",1,"Water",NA,280,"MG/L",NA,NA,NA,2017-10-27 16:48:24,NA,2,NA,1,1,"S","PARTNTID",NA,NA,4,"sample does not have an associated bay program method code"
"900",999,"LRA","ALLARM.LT5","02/07/2007","12:00:00","TDS.1","M1",2386,"CMC","NTWQM",2007-02-07 12:00:00,0.3,"ISM",1,"Water",NA,300,"MG/L",NA,NA,NA,2017-10-27 16:48:32,NA,2,NA,1,1,"S","PARTNTID",NA,NA,4,"sample does not have an associated bay program method code"
"901",999,"LRA","ALLARM.LT6","08/07/2007","12:00:00","TDS.1","M1",2465,"CMC","NTWQM",2007-08-07 12:00:00,0.3,"ISM",1,"Water",NA,280,"MG/L",NA,NA,NA,2017-10-27 16:52:02,NA,2,NA,1,1,"S","PARTNTID",NA,NA,4,"sample does not have an associated bay program method code"
"902",999,"LRA","ALLARM.MG1","10/07/2007","12:00:00","TDS.1","M1",2496,"CMC","NTWQM",2007-10-07 12:00:00,0.3,"ISM",1,"Water",NA,50,"MG/L",NA,NA,NA,2017-10-27 16:53:39,NA,2,NA,1,1,"S","PARTNTID",NA,NA,4,"sample does not have an associated bay program method code"
"903",999,"LRA","ALLARM.LT2","03/07/2007","12:00:00","NO3N.3","M1",2396,"CMC","NTWQM",2007-03-07 12:00:00,0.3,"ISM",2,"Water",NA,5.3,"MG/L",NA,NA,NA,2017-10-27 16:48:54,NA,2,NA,1,1,"S","PARTNTID",NA,NA,4,"sample does not have an associated bay program method code"
"904",999,"LRA","ALLARM.LT5","03/07/2007","12:00:00","NO3N.3","M1",2399,"CMC","NTWQM",2007-03-07 12:00:00,0.3,"ISM",2,"Water",NA,4.9,"MG/L",NA,NA,NA,2017-10-27 16:49:01,NA,2,NA,1,1,"S","PARTNTID",NA,NA,4,"sample does not have an associated bay program method code"
"905",999,"LRA","ALLARM.MG1","04/07/2007","12:00:00","NO3N.3","M1",2418,"CMC","NTWQM",2007-04-07 12:00:00,0.3,"ISM",2,"Water",NA,2.9,"MG/L",NA,NA,NA,2017-10-27 16:49:50,NA,2,NA,1,1,"S","PARTNTID",NA,NA,4,"sample does not have an associated bay program method code"
"906",999,"LRA","ALLARM.LT2","03/07/2007","12:00:00","TDS.1","M1",2396,"CMC","NTWQM",2007-03-07 12:00:00,0.3,"ISM",1,"Water",NA,270,"MG/L",NA,NA,NA,2017-10-27 16:48:54,NA,2,NA,1,1,"S","PARTNTID",NA,NA,4,"sample does not have an associated bay program method code"
"907",999,"LRA","ALLARM.LT5","03/07/2007","12:00:00","TDS.1","M1",2399,"CMC","NTWQM",2007-03-07 12:00:00,0.3,"ISM",1,"Water",NA,290,"MG/L",NA,NA,NA,2017-10-27 16:49:01,NA,2,NA,1,1,"S","PARTNTID",NA,NA,4,"sample does not have an associated bay program method code"
"908",999,"LRA","ALLARM.LT6","09/07/2007","12:00:00","TDS.1","M1",2478,"CMC","NTWQM",2007-09-07 12:00:00,0.3,"ISM",1,"Water",NA,250,"MG/L",NA,NA,NA,2017-10-27 16:52:41,NA,2,NA,1,1,"S","PARTNTID",NA,NA,4,"sample does not have an associated bay program method code"
"909",999,"LRA","ALLARM.WL","03/07/2007","12:00:00","NO3N.3","M1",2407,"CMC","NTWQM",2007-03-07 12:00:00,0.3,"ISM",2,"Water",NA,1.7,"MG/L",NA,NA,NA,2017-10-27 16:49:22,NA,2,NA,1,1,"S","PARTNTID",NA,NA,4,"sample does not have an associated bay program method code"
"910",999,"LRA","ALLARM.LT2","04/07/2007","12:00:00","NO3N.3","M1",2409,"CMC","NTWQM",2007-04-07 12:00:00,0.3,"ISM",2,"Water",NA,5.4,"MG/L",NA,NA,NA,2017-10-27 16:49:27,NA,2,NA,1,1,"S","PARTNTID",NA,NA,4,"sample does not have an associated bay program method code"
"911",999,"LRA","ALLARM.LT5","04/07/2007","12:00:00","NO3N.3","M1",2412,"CMC","NTWQM",2007-04-07 12:00:00,0.3,"ISM",2,"Water",NA,5.4,"MG/L",NA,NA,NA,2017-10-27 16:49:36,NA,2,NA,1,1,"S","PARTNTID",NA,NA,4,"sample does not have an associated bay program method code"
"912",999,"LRA","ALLARM.LT8","11/01/2007","12:00:00","NO3N.3","M1",2506,"CMC","NTWQM",2007-11-01 12:00:00,0.3,"ISM",2,"Water",NA,4.5,"MG/L",NA,NA,NA,2017-10-27 16:54:06,NA,2,NA,1,1,"S","PARTNTID",NA,NA,4,"sample does not have an associated bay program method code"
"913",999,"LRA","ALLARM.LT2","04/07/2007","12:00:00","TDS.1","M1",2409,"CMC","NTWQM",2007-04-07 12:00:00,0.3,"ISM",1,"Water",NA,270,"MG/L",NA,NA,NA,2017-10-27 16:49:27,NA,2,NA,1,1,"S","PARTNTID",NA,NA,4,"sample does not have an associated bay program method code"
"914",999,"LRA","ALLARM.LT4","04/07/2007","12:00:00","TDS.1","M1",2411,"CMC","NTWQM",2007-04-07 12:00:00,0.3,"ISM",1,"Water",NA,280,"MG/L",NA,NA,NA,2017-10-27 16:49:33,NA,2,NA,1,1,"S","PARTNTID",NA,NA,4,"sample does not have an associated bay program method code"
"915",999,"LRA","ALLARM.LT7","10/07/2007","12:00:00","TDS.1","M1",2492,"CMC","NTWQM",2007-10-07 12:00:00,0.3,"ISM",1,"Water",NA,230,"MG/L",NA,NA,NA,2017-10-27 16:53:26,NA,2,NA,1,1,"S","PARTNTID",NA,NA,4,"sample does not have an associated bay program method code"
"916",999,"LRA","ALLARM.MG1","05/07/2007","12:00:00","TDS.1","M1",2431,"CMC","NTWQM",2007-05-07 12:00:00,0.3,"ISM",1,"Water",NA,450,"MG/L",NA,NA,NA,2017-10-27 16:50:26,NA,2,NA,1,1,"S","PARTNTID",NA,NA,4,"sample does not have an associated bay program method code"
"917",999,"LRA","ALLARM.LT3","11/01/2007","12:00:00","NO3N.3","M1",2501,"CMC","NTWQM",2007-11-01 12:00:00,0.3,"ISM",2,"Water",NA,4.7,"MG/L",NA,NA,NA,2017-10-27 16:53:54,NA,2,NA,1,1,"S","PARTNTID",NA,NA,4,"sample does not have an associated bay program method code"
"918",999,"LRA","ALLARM.MG2","08/07/2007","12:00:00","NO3N.3","M1",2471,"CMC","NTWQM",2007-08-07 12:00:00,0.3,"ISM",2,"Water",NA,1.2,"MG/L",NA,NA,NA,2017-10-27 16:52:18,NA,2,NA,1,1,"S","PARTNTID",NA,NA,4,"sample does not have an associated bay program method code"
"919",999,"LRA","ALLARM.LT8","06/07/2007","12:00:00","NO3N.3","M1",2441,"CMC","NTWQM",2007-06-07 12:00:00,0.3,"ISM",2,"Water",NA,2.34,"MG/L",NA,NA,NA,2017-10-27 16:50:54,NA,2,NA,1,1,"S","PARTNTID",NA,NA,4,"sample does not have an associated bay program method code"
"920",999,"LRA","ALLARM.LT3","11/01/2007","12:00:00","TDS.1","M1",2501,"CMC","NTWQM",2007-11-01 12:00:00,0.3,"ISM",1,"Water",NA,310,"MG/L",NA,NA,NA,2017-10-27 16:53:54,NA,2,NA,1,1,"S","PARTNTID",NA,NA,4,"sample does not have an associated bay program method code"
"921",999,"LRA","ALLARM.LT5","11/01/2007","12:00:00","TDS.1","M1",2503,"CMC","NTWQM",2007-11-01 12:00:00,0.3,"ISM",1,"Water",NA,300,"MG/L",NA,NA,NA,2017-10-27 16:53:59,NA,2,NA,1,1,"S","PARTNTID",NA,NA,4,"sample does not have an associated bay program method code"
"922",999,"LRA","ALLARM.LT7","05/07/2007","12:00:00","TDS.1","M1",2427,"CMC","NTWQM",2007-05-07 12:00:00,0.3,"ISM",1,"Water",NA,300,"MG/L",NA,NA,NA,2017-10-27 16:50:15,NA,2,NA,1,1,"S","PARTNTID",NA,NA,4,"sample does not have an associated bay program method code"
"923",999,"LRA","ALLARM.LT6","12/01/2007","12:00:00","NO3N.3","M1",2517,"CMC","NTWQM",2007-12-01 12:00:00,0.3,"ISM",2,"Water",NA,2.9,"MG/L",NA,NA,NA,2017-10-27 16:54:38,NA,2,NA,1,1,"S","PARTNTID",NA,NA,4,"sample does not have an associated bay program method code"
"924",999,"LRA","ALLARM.MG1","01/07/2007","12:00:00","NO3N.3","M1",2380,"CMC","NTWQM",2007-01-07 12:00:00,0.3,"ISM",2,"Water",NA,1.1,"MG/L",NA,NA,NA,2017-10-27 16:48:17,NA,2,NA,1,1,"S","PARTNTID",NA,NA,4,"sample does not have an associated bay program method code"
"925",999,"LRA","ALLARM.LT5","06/07/2007","12:00:00","NO3N.3","M1",2438,"CMC","NTWQM",2007-06-07 12:00:00,0.3,"ISM",2,"Water",NA,3.64,"MG/L",NA,NA,NA,2017-10-27 16:50:46,NA,2,NA,1,1,"S","PARTNTID",NA,NA,4,"sample does not have an associated bay program method code"
"926",999,"LRA","ALLARM.LT6","12/01/2007","12:00:00","TDS.1","M1",2517,"CMC","NTWQM",2007-12-01 12:00:00,0.3,"ISM",1,"Water",NA,330,"MG/L",NA,NA,NA,2017-10-27 16:54:38,NA,2,NA,1,1,"S","PARTNTID",NA,NA,4,"sample does not have an associated bay program method code"
"927",999,"LRA","ALLARM.MG1","01/07/2007","12:00:00","TDS.1","M1",2380,"CMC","NTWQM",2007-01-07 12:00:00,0.3,"ISM",1,"Water",NA,480,"MG/L",NA,NA,NA,2017-10-27 16:48:17,NA,2,NA,1,1,"S","PARTNTID",NA,NA,4,"sample does not have an associated bay program method code"
"928",999,"LRA","ALLARM.WL","12/01/2007","12:00:00","NO3N.3","M1",2524,"CMC","NTWQM",2007-12-01 12:00:00,0.3,"ISM",2,"Water",NA,0.6,"MG/L",NA,NA,NA,2017-10-27 16:55:01,NA,2,NA,1,2,"VP","PARTNTID",NA,NA,4,"sample does not have an associated bay program method code"
"929",999,"LRA","ALLARM.MG1","08/07/2007","12:00:00","TDS.1","M1",2470,"CMC","NTWQM",2007-08-07 12:00:00,0.3,"ISM",1,"Water",NA,90,"MG/L",NA,NA,NA,2017-10-27 16:52:16,NA,2,NA,1,1,"S","PARTNTID",NA,NA,4,"sample does not have an associated bay program method code"
"930",999,"LRA","ALLARM.LT7","01/07/2007","12:00:00","NO3N.3","M1",2376,"CMC","NTWQM",2007-01-07 12:00:00,0.3,"ISM",2,"Water",NA,3.6,"MG/L",NA,NA,NA,2017-10-27 16:48:07,NA,2,NA,1,1,"S","PARTNTID",NA,NA,4,"sample does not have an associated bay program method code"
"931",999,"LRA","ALLARM.MG1","02/07/2007","12:00:00","NO3N.3","M1",2392,"CMC","NTWQM",2007-02-07 12:00:00,0.3,"ISM",2,"Water",NA,0.5,"MG/L",NA,NA,NA,2017-10-27 16:48:47,NA,2,NA,1,1,"S","PARTNTID",NA,NA,4,"sample does not have an associated bay program method code"
"932",999,"LRA","ALLARM.LT5","07/07/2007","12:00:00","NO3N.3","M1",2451,"CMC","NTWQM",2007-07-07 12:00:00,0.3,"ISM",2,"Water",NA,3,"MG/L",NA,NA,NA,2017-10-27 16:51:24,NA,2,NA,1,1,"S","PARTNTID",NA,NA,4,"sample does not have an associated bay program method code"
"933",999,"LRA","ALLARM.LT7","01/07/2007","12:00:00","TDS.1","M1",2376,"CMC","NTWQM",2007-01-07 12:00:00,0.3,"ISM",1,"Water",NA,340,"MG/L",NA,NA,NA,2017-10-27 16:48:07,NA,2,NA,1,1,"S","PARTNTID",NA,NA,4,"sample does not have an associated bay program method code"
"934",999,"LRA","ALLARM.LT8","01/07/2007","12:00:00","TDS.1","M1",2377,"CMC","NTWQM",2007-01-07 12:00:00,0.3,"ISM",1,"Water",NA,340,"MG/L",NA,NA,NA,2017-10-27 16:48:09,NA,2,NA,1,1,"S","PARTNTID",NA,NA,4,"sample does not have an associated bay program method code"
"935",999,"LRA","ALLARM.LT9","08/07/2007","12:00:00","TDS.1","M1",2468,"CMC","NTWQM",2007-08-07 12:00:00,0.3,"ISM",1,"Water",NA,290,"MG/L",NA,NA,NA,2017-10-27 16:52:10,NA,2,NA,1,1,"S","PARTNTID",NA,NA,4,"sample does not have an associated bay program method code"
"936",999,"LRA","ALLARM.MG1","09/07/2007","12:00:00","TDS.1","M1",2483,"CMC","NTWQM",2007-09-07 12:00:00,0.3,"ISM",1,"Water",NA,430,"MG/L",NA,NA,NA,2017-10-27 16:52:57,NA,2,NA,1,1,"S","PARTNTID",NA,NA,4,"sample does not have an associated bay program method code"
"937",999,"LRA","ALLARM.LT7","02/07/2007","12:00:00","NO3N.3","M1",2388,"CMC","NTWQM",2007-02-07 12:00:00,0.3,"ISM",2,"Water",NA,2.8,"MG/L",NA,NA,NA,2017-10-27 16:48:37,NA,2,NA,1,1,"S","PARTNTID",NA,NA,4,"sample does not have an associated bay program method code"
"938",999,"LRA","ALLARM.MG1","03/07/2007","12:00:00","NO3N.3","M1",2405,"CMC","NTWQM",2007-03-07 12:00:00,0.3,"ISM",2,"Water",NA,3.1,"MG/L",NA,NA,NA,2017-10-27 16:49:17,NA,2,NA,1,1,"S","PARTNTID",NA,NA,4,"sample does not have an associated bay program method code"
"939",999,"LRA","ALLARM.LT5","08/07/2007","12:00:00","NO3N.3","M1",2464,"CMC","NTWQM",2007-08-07 12:00:00,0.3,"ISM",2,"Water",NA,3.8,"MG/L",NA,NA,NA,2017-10-27 16:52:00,NA,2,NA,1,1,"S","PARTNTID",NA,NA,4,"sample does not have an associated bay program method code"
"940",999,"LRA","ALLARM.LT4","02/07/2007","12:00:00","TDS.1","M1",2385,"CMC","NTWQM",2007-02-07 12:00:00,0.3,"ISM",1,"Water",NA,310,"MG/L",NA,NA,NA,2017-10-27 16:48:29,NA,2,NA,1,1,"S","PARTNTID",NA,NA,4,"sample does not have an associated bay program method code"
"941",999,"LRA","ALLARM.LT7","02/07/2007","12:00:00","TDS.1","M1",2388,"CMC","NTWQM",2007-02-07 12:00:00,0.3,"ISM",1,"Water",NA,350,"MG/L",NA,NA,NA,2017-10-27 16:48:37,NA,2,NA,1,1,"S","PARTNTID",NA,NA,4,"sample does not have an associated bay program method code"
"942",999,"LRA","ALLARM.LT8","02/07/2007","12:00:00","TDS.1","M1",2389,"CMC","NTWQM",2007-02-07 12:00:00,0.3,"ISM",1,"Water",NA,340,"MG/L",NA,NA,NA,2017-10-27 16:48:39,NA,2,NA,1,1,"S","PARTNTID",NA,NA,4,"sample does not have an associated bay program method code"
"943",999,"LRA","ALLARM.MG2","05/07/2007","12:00:00","TDS.1","M1",2432,"CMC","NTWQM",2007-05-07 12:00:00,0.3,"ISM",1,"Water",NA,450,"MG/L",NA,NA,NA,2017-10-27 16:50:29,NA,2,NA,1,1,"S","PARTNTID",NA,NA,4,"sample does not have an associated bay program method code"
"944",999,"LRA","ALLARM.LT4","03/07/2007","12:00:00","NO3N.3","M1",2398,"CMC","NTWQM",2007-03-07 12:00:00,0.3,"ISM",2,"Water",NA,5.1,"MG/L",NA,NA,NA,2017-10-27 16:48:59,NA,2,NA,1,1,"S","PARTNTID",NA,NA,4,"sample does not have an associated bay program method code"
"945",999,"LRA","ALLARM.LT7","09/07/2007","12:00:00","NO3N.3","M1",2479,"CMC","NTWQM",2007-09-07 12:00:00,0.3,"ISM",2,"Water",NA,5.2,"MG/L",NA,NA,NA,2017-10-27 16:52:44,NA,2,NA,1,1,"S","PARTNTID",NA,NA,4,"sample does not have an associated bay program method code"
"946",999,"LRA","ALLARM.LT8","10/07/2007","12:00:00","NO3N.3","M1",2493,"CMC","NTWQM",2007-10-07 12:00:00,0.3,"ISM",2,"Water",NA,3,"MG/L",NA,NA,NA,2017-10-27 16:53:30,NA,2,NA,1,1,"S","PARTNTID",NA,NA,4,"sample does not have an associated bay program method code"
"947",999,"LRA","ALLARM.LT4","03/07/2007","12:00:00","TDS.1","M1",2398,"CMC","NTWQM",2007-03-07 12:00:00,0.3,"ISM",1,"Water",NA,300,"MG/L",NA,NA,NA,2017-10-27 16:48:59,NA,2,NA,1,1,"S","PARTNTID",NA,NA,4,"sample does not have an associated bay program method code"
"948",999,"LRA","ALLARM.LT7","03/07/2007","12:00:00","TDS.1","M1",2401,"CMC","NTWQM",2007-03-07 12:00:00,0.3,"ISM",1,"Water",NA,330,"MG/L",NA,NA,NA,2017-10-27 16:49:06,NA,2,NA,1,1,"S","PARTNTID",NA,NA,4,"sample does not have an associated bay program method code"
"949",999,"LRA","ALLARM.LT8","03/07/2007","12:00:00","TDS.1","M1",2402,"CMC","NTWQM",2007-03-07 12:00:00,0.3,"ISM",1,"Water",NA,340,"MG/L",NA,NA,NA,2017-10-27 16:49:09,NA,2,NA,1,1,"S","PARTNTID",NA,NA,4,"sample does not have an associated bay program method code"
"950",999,"LRA","ALLARM.WL","09/07/2007","12:00:00","NO3N.3","M1",2485,"CMC","NTWQM",2007-09-07 12:00:00,0.3,"ISM",2,"Water",NA,1.8,"MG/L",NA,NA,NA,2017-10-27 16:53:03,NA,2,NA,1,1,"S","PARTNTID",NA,NA,4,"sample does not have an associated bay program method code"
"951",999,"LRA","ALLARM.LT4","04/07/2007","12:00:00","NO3N.3","M1",2411,"CMC","NTWQM",2007-04-07 12:00:00,0.3,"ISM",2,"Water",NA,5.3,"MG/L",NA,NA,NA,2017-10-27 16:49:33,NA,2,NA,1,1,"S","PARTNTID",NA,NA,4,"sample does not have an associated bay program method code"
"952",999,"LRA","ALLARM.LT7","10/07/2007","12:00:00","NO3N.3","M1",2492,"CMC","NTWQM",2007-10-07 12:00:00,0.3,"ISM",2,"Water",NA,3.2,"MG/L",NA,NA,NA,2017-10-27 16:53:26,NA,2,NA,1,1,"S","PARTNTID",NA,NA,4,"sample does not have an associated bay program method code"
"953",999,"LRA","ALLARM.WL","09/07/2007","12:00:00","TDS.1","M1",2485,"CMC","NTWQM",2007-09-07 12:00:00,0.3,"ISM",1,"Water",NA,350,"MG/L",NA,NA,NA,2017-10-27 16:53:03,NA,2,NA,1,1,"S","PARTNTID",NA,NA,4,"sample does not have an associated bay program method code"
"954",999,"LRA","ALLARM.WL","03/07/2007","12:00:00","TDS.1","M1",2407,"CMC","NTWQM",2007-03-07 12:00:00,0.3,"ISM",1,"Water",NA,450,"MG/L",NA,NA,NA,2017-10-27 16:49:22,NA,2,NA,1,1,"S","PARTNTID",NA,NA,4,"sample does not have an associated bay program method code"
"955",999,"LRA","ALLARM.LT6","10/07/2007","12:00:00","TDS.1","M1",2491,"CMC","NTWQM",2007-10-07 12:00:00,0.3,"ISM",1,"Water",NA,240,"MG/L",NA,NA,NA,2017-10-27 16:53:23,NA,2,NA,1,1,"S","PARTNTID",NA,NA,4,"sample does not have an associated bay program method code"
"956",999,"LRA","ALLARM.LT9","05/07/2007","12:00:00","TDS.1","M1",2429,"CMC","NTWQM",2007-05-07 12:00:00,0.3,"ISM",1,"Water",NA,300,"MG/L",NA,NA,NA,2017-10-27 16:50:21,NA,2,NA,1,1,"S","PARTNTID",NA,NA,4,"sample does not have an associated bay program method code"
"957",999,"LRA","ALLARM.LT2","11/01/2007","12:00:00","NO3N.3","M1",2500,"CMC","NTWQM",2007-11-01 12:00:00,0.3,"ISM",2,"Water",NA,5,"MG/L",NA,NA,NA,2017-10-27 16:53:51,NA,2,NA,1,1,"S","PARTNTID",NA,NA,4,"sample does not have an associated bay program method code"
"958",999,"LRA","ALLARM.LT5","11/01/2007","12:00:00","NO3N.3","M1",2503,"CMC","NTWQM",2007-11-01 12:00:00,0.3,"ISM",2,"Water",NA,4.8,"MG/L",NA,NA,NA,2017-10-27 16:53:59,NA,2,NA,1,1,"S","PARTNTID",NA,NA,4,"sample does not have an associated bay program method code"
"959",999,"LRA","ALLARM.WL","04/07/2007","12:00:00","TDS.1","M1",2420,"CMC","NTWQM",2007-04-07 12:00:00,0.3,"ISM",1,"Water",NA,390,"MG/L",NA,NA,NA,2017-10-27 16:49:55,NA,2,NA,1,1,"S","PARTNTID",NA,NA,4,"sample does not have an associated bay program method code"
"960",999,"LRA","ALLARM.LT2","11/01/2007","12:00:00","TDS.1","M1",2500,"CMC","NTWQM",2007-11-01 12:00:00,0.3,"ISM",1,"Water",NA,280,"MG/L",NA,NA,NA,2017-10-27 16:53:51,NA,2,NA,1,1,"S","PARTNTID",NA,NA,4,"sample does not have an associated bay program method code"
"961",999,"LRA","ALLARM.LT6","05/07/2007","12:00:00","TDS.1","M1",2426,"CMC","NTWQM",2007-05-07 12:00:00,0.3,"ISM",1,"Water",NA,260,"MG/L",NA,NA,NA,2017-10-27 16:50:13,NA,2,NA,1,1,"S","PARTNTID",NA,NA,4,"sample does not have an associated bay program method code"
"962",999,"LRA","ALLARM.LT7","11/01/2007","12:00:00","TDS.1","M1",2505,"CMC","NTWQM",2007-11-01 12:00:00,0.3,"ISM",1,"Water",NA,300,"MG/L",NA,NA,NA,2017-10-27 16:54:04,NA,2,NA,1,1,"S","PARTNTID",NA,NA,4,"sample does not have an associated bay program method code"
"963",999,"LRA","ALLARM.WL","05/07/2007","12:00:00","NO3N.3","M1",2433,"CMC","NTWQM",2007-05-07 12:00:00,0.3,"ISM",2,"Water",NA,5.2,"MG/L",NA,NA,NA,2017-10-27 16:50:32,NA,2,NA,1,1,"S","PARTNTID",NA,NA,4,"sample does not have an associated bay program method code"
"964",999,"LRA","ALLARM.LT5","12/01/2007","12:00:00","NO3N.3","M1",2516,"CMC","NTWQM",2007-12-01 12:00:00,0.3,"ISM",2,"Water",NA,4.2,"MG/L",NA,NA,NA,2017-10-27 16:54:34,NA,2,NA,1,1,"S","PARTNTID",NA,NA,4,"sample does not have an associated bay program method code"
"965",999,"LRA","ALLARM.LT9","01/07/2007","12:00:00","NO3N.3","M1",2378,"CMC","NTWQM",2007-01-07 12:00:00,0.3,"ISM",2,"Water",NA,3.1,"MG/L",NA,NA,NA,2017-10-27 16:48:12,NA,2,NA,1,1,"S","PARTNTID",NA,NA,4,"sample does not have an associated bay program method code"
"966",999,"LRA","ALLARM.WL","05/07/2007","12:00:00","TDS.1","M1",2433,"CMC","NTWQM",2007-05-07 12:00:00,0.3,"ISM",1,"Water",NA,450,"MG/L",NA,NA,NA,2017-10-27 16:50:32,NA,2,NA,1,1,"S","PARTNTID",NA,NA,4,"sample does not have an associated bay program method code"
"967",999,"LRA","ALLARM.LT7","12/01/2007","12:00:00","TDS.1","M1",2518,"CMC","NTWQM",2007-12-01 12:00:00,0.3,"ISM",1,"Water",NA,360,"MG/L",NA,NA,NA,2017-10-27 16:54:41,NA,2,NA,1,1,"S","PARTNTID",NA,NA,4,"sample does not have an associated bay program method code"
"968",999,"LRA","ALLARM.MG2","09/07/2007","12:00:00","TDS.1","M1",2484,"CMC","NTWQM",2007-09-07 12:00:00,0.3,"ISM",1,"Water",NA,300,"MG/L",NA,NA,NA,2017-10-27 16:53:00,NA,2,NA,1,1,"S","PARTNTID",NA,NA,4,"sample does not have an associated bay program method code"
"969",999,"LRA","ALLARM.LT7","04/07/2007","12:00:00","TDS.1","M1",2414,"CMC","NTWQM",2007-04-07 12:00:00,0.3,"ISM",1,"Water",NA,290,"MG/L",NA,NA,NA,2017-10-27 16:49:41,NA,2,NA,1,1,"S","PARTNTID",NA,NA,4,"sample does not have an associated bay program method code"
"970",999,"LRA","ALLARM.LT9","11/01/2007","12:00:00","TDS.1","M1",2507,"CMC","NTWQM",2007-11-01 12:00:00,0.3,"ISM",1,"Water",NA,380,"MG/L",NA,NA,NA,2017-10-27 16:54:09,NA,2,NA,1,1,"S","PARTNTID",NA,NA,4,"sample does not have an associated bay program method code"
"971",999,"LRA","ALLARM.LT8","01/07/2007","12:00:00","NO3N.3","M1",2377,"CMC","NTWQM",2007-01-07 12:00:00,0.3,"ISM",2,"Water",NA,3.7,"MG/L",NA,NA,NA,2017-10-27 16:48:09,NA,2,NA,1,1,"S","PARTNTID",NA,NA,4,"sample does not have an associated bay program method code"
"972",999,"LRA","ALLARM.LT7","07/07/2007","12:00:00","NO3N.3","M1",2453,"CMC","NTWQM",2007-07-07 12:00:00,0.3,"ISM",2,"Water",NA,2.9,"MG/L",NA,NA,NA,2017-10-27 16:51:30,NA,2,NA,1,1,"S","PARTNTID",NA,NA,4,"sample does not have an associated bay program method code"
"973",999,"LRA","ALLARM.LT9","02/07/2007","12:00:00","NO3N.3","M1",2390,"CMC","NTWQM",2007-02-07 12:00:00,0.3,"ISM",2,"Water",NA,3.1,"MG/L",NA,NA,NA,2017-10-27 16:48:42,NA,2,NA,1,1,"S","PARTNTID",NA,NA,4,"sample does not have an associated bay program method code"
"974",999,"LRA","ALLARM.LT8","08/07/2007","12:00:00","NO3N.3","M1",2467,"CMC","NTWQM",2007-08-07 12:00:00,0.3,"ISM",2,"Water",NA,3.5,"MG/L",NA,NA,NA,2017-10-27 16:52:07,NA,2,NA,1,1,"S","PARTNTID",NA,NA,4,"sample does not have an associated bay program method code"
"975",999,"LRA","ALLARM.MG2","04/07/2007","12:00:00","TDS.1","M1",2419,"CMC","NTWQM",2007-04-07 12:00:00,0.3,"ISM",1,"Water",NA,440,"MG/L",NA,NA,NA,2017-10-27 16:49:53,NA,2,NA,1,1,"S","PARTNTID",NA,NA,4,"sample does not have an associated bay program method code"
"976",999,"LRA","ALLARM.WL","12/01/2007","12:00:00","TDS.1","M1",2524,"CMC","NTWQM",2007-12-01 12:00:00,0.3,"ISM",1,"Water",NA,410,"MG/L",NA,NA,NA,2017-10-27 16:55:01,NA,2,NA,1,2,"VP","PARTNTID",NA,NA,4,"sample does not have an associated bay program method code"
"977",999,"LRA","ALLARM.MG2","06/07/2007","12:00:00","TDS.1","M1",2445,"CMC","NTWQM",2007-06-07 12:00:00,0.3,"ISM",1,"Water",NA,270,"MG/L",NA,NA,NA,2017-10-27 16:51:06,NA,2,NA,1,1,"S","PARTNTID",NA,NA,4,"sample does not have an associated bay program method code"
"978",999,"LRA","ALLARM.LT8","02/07/2007","12:00:00","NO3N.3","M1",2389,"CMC","NTWQM",2007-02-07 12:00:00,0.3,"ISM",2,"Water",NA,3.9,"MG/L",NA,NA,NA,2017-10-27 16:48:39,NA,2,NA,1,1,"S","PARTNTID",NA,NA,4,"sample does not have an associated bay program method code"
"979",999,"LRA","ALLARM.LT7","08/07/2007","12:00:00","NO3N.3","M1",2466,"CMC","NTWQM",2007-08-07 12:00:00,0.3,"ISM",2,"Water",NA,1.5,"MG/L",NA,NA,NA,2017-10-27 16:52:04,NA,2,NA,1,1,"S","PARTNTID",NA,NA,4,"sample does not have an associated bay program method code"
"980",999,"LRA","ALLARM.WL","07/07/2007","12:00:00","TDS.1","M1",2459,"CMC","NTWQM",2007-07-07 12:00:00,0.3,"ISM",1,"Water",NA,230,"MG/L",NA,NA,NA,2017-10-27 16:51:46,NA,2,NA,1,1,"S","PARTNTID",NA,NA,4,"sample does not have an associated bay program method code"
"981",999,"LRA","ALLARM.MG2","11/01/2007","12:00:00","TDS.1","M1",2510,"CMC","NTWQM",2007-11-01 12:00:00,0.3,"ISM",1,"Water",NA,460,"MG/L",NA,NA,NA,2017-10-27 16:54:17,NA,2,NA,1,1,"S","PARTNTID",NA,NA,4,"sample does not have an associated bay program method code"
"982",999,"LRA","ALLARM.MG2","03/07/2007","12:00:00","TDS.1","M1",2406,"CMC","NTWQM",2007-03-07 12:00:00,0.3,"ISM",1,"Water",NA,470,"MG/L",NA,NA,NA,2017-10-27 16:49:19,NA,2,NA,1,1,"S","PARTNTID",NA,NA,4,"sample does not have an associated bay program method code"
"983",999,"LRA","ALLARM.MG1","11/01/2007","12:00:00","TDS.1","M1",2509,"CMC","NTWQM",2007-11-01 12:00:00,0.3,"ISM",1,"Water",NA,450,"MG/L",NA,NA,NA,2017-10-27 16:54:14,NA,2,NA,1,1,"S","PARTNTID",NA,NA,4,"sample does not have an associated bay program method code"
"984",999,"LRA","ALLARM.MG1","11/01/2007","12:00:00","NO3N.3","M1",2509,"CMC","NTWQM",2007-11-01 12:00:00,0.3,"ISM",2,"Water",NA,1.7,"MG/L",NA,NA,NA,2017-10-27 16:54:14,NA,2,NA,1,1,"S","PARTNTID",NA,NA,4,"sample does not have an associated bay program method code"
"985",999,"LRA","ALLARM.LT6","09/07/2007","12:00:00","NO3N.3","M1",2478,"CMC","NTWQM",2007-09-07 12:00:00,0.3,"ISM",2,"Water",NA,5,"MG/L",NA,NA,NA,2017-10-27 16:52:41,NA,2,NA,1,1,"S","PARTNTID",NA,NA,4,"sample does not have an associated bay program method code"
"986",999,"LRA","ALLARM.WL","08/07/2007","12:00:00","TDS.1","M1",2472,"CMC","NTWQM",2007-08-07 12:00:00,0.3,"ISM",1,"Water",NA,110,"MG/L",NA,NA,NA,2017-10-27 16:52:21,NA,2,NA,1,1,"S","PARTNTID",NA,NA,4,"sample does not have an associated bay program method code"
"987",999,"LRA","ALLARM.LT7","12/01/2007","12:00:00","NO3N.3","M1",2518,"CMC","NTWQM",2007-12-01 12:00:00,0.3,"ISM",2,"Water",NA,2.7,"MG/L",NA,NA,NA,2017-10-27 16:54:41,NA,2,NA,1,1,"S","PARTNTID",NA,NA,4,"sample does not have an associated bay program method code"
"988",999,"LRA","ALLARM.LT6","11/01/2007","12:00:00","TDS.1","M1",2504,"CMC","NTWQM",2007-11-01 12:00:00,0.3,"ISM",1,"Water",NA,300,"MG/L",NA,NA,NA,2017-10-27 16:54:01,NA,2,NA,1,1,"S","PARTNTID",NA,NA,4,"sample does not have an associated bay program method code"
"989",999,"LRA","ALLARM.LT9","12/01/2007","12:00:00","TDS.1","M1",2520,"CMC","NTWQM",2007-12-01 12:00:00,0.3,"ISM",1,"Water",NA,370,"MG/L",NA,NA,NA,2017-10-27 16:54:48,NA,2,NA,1,1,"S","PARTNTID",NA,NA,4,"sample does not have an associated bay program method code"
"990",999,"LRA","ALLARM.LT8","12/01/2007","12:00:00","TDS.1","M1",2519,"CMC","NTWQM",2007-12-01 12:00:00,0.3,"ISM",1,"Water",NA,360,"MG/L",NA,NA,NA,2017-10-27 16:54:44,NA,2,NA,1,1,"S","PARTNTID",NA,NA,4,"sample does not have an associated bay program method code"
"991",999,"LRA","ALLARM.LT9","03/07/2007","12:00:00","NO3N.3","M1",2403,"CMC","NTWQM",2007-03-07 12:00:00,0.3,"ISM",2,"Water",NA,4.2,"MG/L",NA,NA,NA,2017-10-27 16:49:12,NA,2,NA,1,1,"S","PARTNTID",NA,NA,4,"sample does not have an associated bay program method code"
"992",999,"LRA","ALLARM.LT6","10/07/2007","12:00:00","NO3N.3","M1",2491,"CMC","NTWQM",2007-10-07 12:00:00,0.3,"ISM",2,"Water",NA,4.3,"MG/L",NA,NA,NA,2017-10-27 16:53:23,NA,2,NA,1,1,"S","PARTNTID",NA,NA,4,"sample does not have an associated bay program method code"
"993",999,"LRA","ALLARM.MG1","05/07/2007","12:00:00","NO3N.3","M1",2431,"CMC","NTWQM",2007-05-07 12:00:00,0.3,"ISM",2,"Water",NA,3,"MG/L",NA,NA,NA,2017-10-27 16:50:26,NA,2,NA,1,1,"S","PARTNTID",NA,NA,4,"sample does not have an associated bay program method code"
"994",999,"LRA","ALLARM.MG2","07/07/2007","12:00:00","NO3N.3","M1",2458,"CMC","NTWQM",2007-07-07 12:00:00,0.3,"ISM",2,"Water",NA,0.1,"MG/L",NA,NA,NA,2017-10-27 16:51:43,NA,2,NA,1,1,"S","PARTNTID",NA,NA,4,"sample does not have an associated bay program method code"
"995",999,"LRA","ALLARM.LT7","05/07/2007","12:00:00","NO3N.3","M1",2427,"CMC","NTWQM",2007-05-07 12:00:00,0.3,"ISM",2,"Water",NA,7.2,"MG/L",NA,NA,NA,2017-10-27 16:50:15,NA,2,NA,1,1,"S","PARTNTID",NA,NA,4,"sample does not have an associated bay program method code"
"996",999,"LRA","ALLARM.MG2","01/07/2007","12:00:00","TDS.1","M1",2381,"CMC","NTWQM",2007-01-07 12:00:00,0.3,"ISM",1,"Water",NA,470,"MG/L",NA,NA,NA,2017-10-27 16:48:19,NA,2,NA,1,1,"S","PARTNTID",NA,NA,4,"sample does not have an associated bay program method code"
"997",999,"LRA","ALLARM.MG2","01/07/2007","12:00:00","NO3N.3","M1",2381,"CMC","NTWQM",2007-01-07 12:00:00,0.3,"ISM",2,"Water",NA,2.1,"MG/L",NA,NA,NA,2017-10-27 16:48:19,NA,2,NA,1,1,"S","PARTNTID",NA,NA,4,"sample does not have an associated bay program method code"
"998",999,"LRA","ALLARM.LT6","05/07/2007","12:00:00","NO3N.3","M1",2426,"CMC","NTWQM",2007-05-07 12:00:00,0.3,"ISM",2,"Water",NA,3.6,"MG/L",NA,NA,NA,2017-10-27 16:50:13,NA,2,NA,1,1,"S","PARTNTID",NA,NA,4,"sample does not have an associated bay program method code"
"999",999,"LRA","ALLARM.WL","12/01/2007","12:00:00","TDS.1","M1",2524,"CMC","NTWQM",2007-12-01 12:00:00,0.3,"ISM",1,"Water",NA,410,"MG/L",NA,NA,NA,2017-10-27 16:55:01,NA,2,NA,1,2,"VP","PARTNTID",NA,NA,4,"sample does not have an associated bay program method code"
"1000",999,"LRA","ALLARM.MG2","08/07/2007","12:00:00","TDS.1","M1",2471,"CMC","NTWQM",2007-08-07 12:00:00,0.3,"ISM",1,"Water",NA,150,"MG/L",NA,NA,NA,2017-10-27 16:52:18,NA,2,NA,1,1,"S","PARTNTID",NA,NA,4,"sample does not have an associated bay program method code"
"1001",999,"LRA","ALLARM.MG1","09/07/2007","12:00:00","NO3N.3","M1",2483,"CMC","NTWQM",2007-09-07 12:00:00,0.3,"ISM",2,"Water",NA,2.1,"MG/L",NA,NA,NA,2017-10-27 16:52:57,NA,2,NA,1,1,"S","PARTNTID",NA,NA,4,"sample does not have an associated bay program method code"
"1002",999,"LRA","ALLARM.MG2","10/07/2007","12:00:00","TDS.1","M1",2497,"CMC","NTWQM",2007-10-07 12:00:00,0.3,"ISM",1,"Water",NA,50,"MG/L",NA,NA,NA,2017-10-27 16:53:42,NA,2,NA,1,1,"S","PARTNTID",NA,NA,4,"sample does not have an associated bay program method code"
"1003",999,"LRA","ALLARM.LT8","07/07/2007","12:00:00","NO3N.3","M1",2454,"CMC","NTWQM",2007-07-07 12:00:00,0.3,"ISM",2,"Water",NA,0.25,"MG/L",NA,NA,NA,2017-10-27 16:51:34,NA,2,NA,1,1,"S","PARTNTID",NA,NA,4,"sample does not have an associated bay program method code"
"1004",999,"LRA","ALLARM.LT9","11/01/2007","12:00:00","NO3N.3","M1",2507,"CMC","NTWQM",2007-11-01 12:00:00,0.3,"ISM",2,"Water",NA,3.4,"MG/L",NA,NA,NA,2017-10-27 16:54:09,NA,2,NA,1,1,"S","PARTNTID",NA,NA,4,"sample does not have an associated bay program method code"
"1005",999,"LRA","ALLARM.WL","11/01/2007","12:00:00","TDS.1","M1",2511,"CMC","NTWQM",2007-11-01 12:00:00,0.3,"ISM",1,"Water",NA,400,"MG/L",NA,NA,NA,2017-10-27 16:54:19,NA,2,NA,1,1,"S","PARTNTID",NA,NA,4,"sample does not have an associated bay program method code"
"1006",999,"LRA","ALLARM.LT9","09/07/2007","12:00:00","NO3N.3","M1",2481,"CMC","NTWQM",2007-09-07 12:00:00,0.3,"ISM",2,"Water",NA,4.3,"MG/L",NA,NA,NA,2017-10-27 16:52:51,NA,2,NA,1,1,"S","PARTNTID",NA,NA,4,"sample does not have an associated bay program method code"
"1007",999,"LRA","ALLARM.MG2","07/07/2007","12:00:00","TDS.1","M1",2458,"CMC","NTWQM",2007-07-07 12:00:00,0.3,"ISM",1,"Water",NA,280,"MG/L",NA,NA,NA,2017-10-27 16:51:43,NA,2,NA,1,1,"S","PARTNTID",NA,NA,4,"sample does not have an associated bay program method code"
"1008",999,"LRA","ALLARM.MG2","04/07/2007","12:00:00","NO3N.3","M1",2419,"CMC","NTWQM",2007-04-07 12:00:00,0.3,"ISM",2,"Water",NA,3.2,"MG/L",NA,NA,NA,2017-10-27 16:49:53,NA,2,NA,1,1,"S","PARTNTID",NA,NA,4,"sample does not have an associated bay program method code"
"1009",999,"LRA","ALLARM.MG2","12/01/2007","12:00:00","TDS.1","M1",2523,"CMC","NTWQM",2007-12-01 12:00:00,0.3,"ISM",1,"Water",NA,510,"MG/L",NA,NA,NA,2017-10-27 16:54:57,NA,2,NA,1,1,"S","PARTNTID",NA,NA,4,"sample does not have an associated bay program method code"
"1010",999,"LRA","ALLARM.MG2","06/07/2007","12:00:00","NO3N.3","M1",2445,"CMC","NTWQM",2007-06-07 12:00:00,0.3,"ISM",2,"Water",NA,1.39,"MG/L",NA,NA,NA,2017-10-27 16:51:06,NA,2,NA,1,1,"S","PARTNTID",NA,NA,4,"sample does not have an associated bay program method code"
"1011",999,"LRA","ALLARM.LT7","04/07/2007","12:00:00","NO3N.3","M1",2414,"CMC","NTWQM",2007-04-07 12:00:00,0.3,"ISM",2,"Water",NA,4.8,"MG/L",NA,NA,NA,2017-10-27 16:49:41,NA,2,NA,1,1,"S","PARTNTID",NA,NA,4,"sample does not have an associated bay program method code"
"1012",999,"LRA","ALLARM.LT8","09/07/2007","12:00:00","NO3N.3","M1",2480,"CMC","NTWQM",2007-09-07 12:00:00,0.3,"ISM",2,"Water",NA,4.9,"MG/L",NA,NA,NA,2017-10-27 16:52:47,NA,2,NA,1,1,"S","PARTNTID",NA,NA,4,"sample does not have an associated bay program method code"
"1013",999,"LRA","ALLARM.LT7","03/07/2007","12:00:00","NO3N.3","M1",2401,"CMC","NTWQM",2007-03-07 12:00:00,0.3,"ISM",2,"Water",NA,4.8,"MG/L",NA,NA,NA,2017-10-27 16:49:06,NA,2,NA,1,1,"S","PARTNTID",NA,NA,4,"sample does not have an associated bay program method code"
"1014",999,"LRA","ALLARM.LT7","11/01/2007","12:00:00","NO3N.3","M1",2505,"CMC","NTWQM",2007-11-01 12:00:00,0.3,"ISM",2,"Water",NA,3.6,"MG/L",NA,NA,NA,2017-10-27 16:54:04,NA,2,NA,1,1,"S","PARTNTID",NA,NA,4,"sample does not have an associated bay program method code"
"1015",999,"LRA","ALLARM.LT8","12/01/2007","12:00:00","NO3N.3","M1",2519,"CMC","NTWQM",2007-12-01 12:00:00,0.3,"ISM",2,"Water",NA,2.7,"MG/L",NA,NA,NA,2017-10-27 16:54:44,NA,2,NA,1,1,"S","PARTNTID",NA,NA,4,"sample does not have an associated bay program method code"
"1016",999,"LRA","ALLARM.MG2","09/07/2007","12:00:00","NO3N.3","M1",2484,"CMC","NTWQM",2007-09-07 12:00:00,0.3,"ISM",2,"Water",NA,3.1,"MG/L",NA,NA,NA,2017-10-27 16:53:00,NA,2,NA,1,1,"S","PARTNTID",NA,NA,4,"sample does not have an associated bay program method code"
"1017",999,"LRA","ALLARM.LT9","05/07/2007","12:00:00","NO3N.3","M1",2429,"CMC","NTWQM",2007-05-07 12:00:00,0.3,"ISM",2,"Water",NA,3.5,"MG/L",NA,NA,NA,2017-10-27 16:50:21,NA,2,NA,1,1,"S","PARTNTID",NA,NA,4,"sample does not have an associated bay program method code"
"1018",999,"LRA","ALLARM.LT6","11/01/2007","12:00:00","NO3N.3","M1",2504,"CMC","NTWQM",2007-11-01 12:00:00,0.3,"ISM",2,"Water",NA,4,"MG/L",NA,NA,NA,2017-10-27 16:54:01,NA,2,NA,1,1,"S","PARTNTID",NA,NA,4,"sample does not have an associated bay program method code"
"1019",999,"LRA","ALLARM.WL","08/07/2007","12:00:00","NO3N.3","M1",2472,"CMC","NTWQM",2007-08-07 12:00:00,0.3,"ISM",2,"Water",NA,0.2,"MG/L",NA,NA,NA,2017-10-27 16:52:21,NA,2,NA,1,1,"S","PARTNTID",NA,NA,4,"sample does not have an associated bay program method code"
"1020",999,"LRA","ALLARM.LT8","03/07/2007","12:00:00","NO3N.3","M1",2402,"CMC","NTWQM",2007-03-07 12:00:00,0.3,"ISM",2,"Water",NA,4,"MG/L",NA,NA,NA,2017-10-27 16:49:09,NA,2,NA,1,1,"S","PARTNTID",NA,NA,4,"sample does not have an associated bay program method code"
"1021",999,"LRA","ALLARM.LT9","12/01/2007","12:00:00","NO3N.3","M1",2520,"CMC","NTWQM",2007-12-01 12:00:00,0.3,"ISM",2,"Water",NA,2.8,"MG/L",NA,NA,NA,2017-10-27 16:54:48,NA,2,NA,1,1,"S","PARTNTID",NA,NA,4,"sample does not have an associated bay program method code"
"1022",999,"LRA","ALLARM.MG2","05/07/2007","12:00:00","NO3N.3","M1",2432,"CMC","NTWQM",2007-05-07 12:00:00,0.3,"ISM",2,"Water",NA,1.6,"MG/L",NA,NA,NA,2017-10-27 16:50:29,NA,2,NA,1,1,"S","PARTNTID",NA,NA,4,"sample does not have an associated bay program method code"
"1023",999,"LRA","ALLARM.MG2","03/07/2007","12:00:00","NO3N.3","M1",2406,"CMC","NTWQM",2007-03-07 12:00:00,0.3,"ISM",2,"Water",NA,2.9,"MG/L",NA,NA,NA,2017-10-27 16:49:19,NA,2,NA,1,1,"S","PARTNTID",NA,NA,4,"sample does not have an associated bay program method code"
