"","paramMethod","SOURCE","STATION","SAMPLE_DATE","SAMPLE_TIME","paramCode","SAMPLE_ID","EventId","AGENCY","PROGRAM","DateTime","DEPTH","SAMPLE_TYPE","TIER","Matrix","QUALIFIER","VALUE","UNITS","PROBLEM","LAB","labName","detLimit","qaFlag","COMMENTS","count.x","count.y","LAYER","PROJECT","SampleAnalyticalMethodIdentifier","SubstanceIdentificationName"
"1035",999,"ALLARM","ALLARM.LT5","04/08/1998","12:00:00","TDS.1","M1",1172,"CMC","NTWQM",1998-04-08 12:00:00,0.1,"ISM","1","Water",NA,350,"MG/L",NA,NA,NA,NA,2,NA,1,1,"S","PARTNTID",NA,NA
"1036",999,"ALLARM","ALLARM.LT7","02/08/1998","12:00:00","TDS.1","M1",1154,"CMC","NTWQM",1998-02-08 12:00:00,0.1,"ISM","1","Water",NA,330,"MG/L",NA,NA,NA,NA,2,NA,1,1,"S","PARTNTID",NA,NA
"1037",999,"ALLARM","ALLARM.LT8","04/08/1998","12:00:00","TDS.1","M1",1175,"CMC","NTWQM",1998-04-08 12:00:00,0.1,"ISM","1","Water",NA,410,"MG/L",NA,NA,NA,NA,2,NA,1,1,"S","PARTNTID",NA,NA
"1038",999,"ALLARM","ALLARM.LT1","01/08/1998","12:00:00","TDS.1","M1",1138,"CMC","NTWQM",1998-01-08 12:00:00,0.1,"ISM","1","Water",NA,270,"MG/L",NA,NA,NA,NA,2,NA,1,1,"S","PARTNTID",NA,NA
"1039",999,"ALLARM","ALLARM.LT5","05/08/1998","12:00:00","TDS.1","M1",1182,"CMC","NTWQM",1998-05-08 12:00:00,0.1,"ISM","1","Water",NA,400,"MG/L",NA,NA,NA,NA,2,NA,1,1,"S","PARTNTID",NA,NA
"1040",999,"ALLARM","ALLARM.LT1","08/08/1998","12:00:00","TDS.1","M1",1208,"CMC","NTWQM",1998-08-08 12:00:00,0.1,"ISM","1","Water",NA,300,"MG/L",NA,NA,NA,NA,2,NA,1,1,"S","PARTNTID",NA,NA
"1041",999,"ALLARM","ALLARM.LT7","05/08/1998","12:00:00","TDS.1","M1",1184,"CMC","NTWQM",1998-05-08 12:00:00,0.1,"ISM","1","Water",NA,400,"MG/L",NA,NA,NA,NA,2,NA,1,1,"S","PARTNTID",NA,NA
"1042",999,"ALLARM","ALLARM.LT7","03/08/1998","12:00:00","TDS.1","M1",1164,"CMC","NTWQM",1998-03-08 12:00:00,0.1,"ISM","1","Water",NA,380,"MG/L",NA,NA,NA,NA,2,NA,1,1,"S","PARTNTID",NA,NA
"1043",999,"ALLARM","ALLARM.LT3","01/08/1998","12:00:00","TDS.1","M1",1140,"CMC","NTWQM",1998-01-08 12:00:00,0.1,"ISM","1","Water",NA,280,"MG/L",NA,NA,NA,NA,2,NA,1,1,"S","PARTNTID",NA,NA
"1044",999,"ALLARM","ALLARM.LT1","02/08/1998","12:00:00","TDS.1","M1",1148,"CMC","NTWQM",1998-02-08 12:00:00,0.1,"ISM","1","Water",NA,290,"MG/L",NA,NA,NA,NA,2,NA,1,1,"S","PARTNTID",NA,NA
"1045",999,"ALLARM","ALLARM.LT5","06/08/1998","12:00:00","TDS.1","M1",1192,"CMC","NTWQM",1998-06-08 12:00:00,0.1,"ISM","1","Water",NA,410,"MG/L",NA,NA,NA,NA,2,NA,1,1,"S","PARTNTID",NA,NA
"1046",999,"ALLARM","ALLARM.LT10","04/08/1998","12:00:00","TDS.1","M1",1177,"CMC","NTWQM",1998-04-08 12:00:00,0.1,"ISM","1","Water",NA,450,"MG/L",NA,NA,NA,NA,2,NA,1,1,"S","PARTNTID",NA,NA
"1047",999,"ALLARM","ALLARM.LT9","07/08/1998","12:00:00","TDS.1","M1",1206,"CMC","NTWQM",1998-07-08 12:00:00,0.1,"ISM","1","Water",NA,440,"MG/L",NA,NA,NA,NA,2,NA,1,1,"S","PARTNTID",NA,NA
"1048",999,"ALLARM","ALLARM.LT7","04/08/1998","12:00:00","TDS.1","M1",1174,"CMC","NTWQM",1998-04-08 12:00:00,0.1,"ISM","1","Water",NA,400,"MG/L",NA,NA,NA,NA,2,NA,1,1,"S","PARTNTID",NA,NA
"1049",999,"ALLARM","ALLARM.LT9","01/08/1998","12:00:00","TDS.1","M1",1146,"CMC","NTWQM",1998-01-08 12:00:00,0.1,"ISM","1","Water",NA,480,"MG/L",NA,NA,NA,NA,2,NA,1,1,"S","PARTNTID",NA,NA
"1050",999,"ALLARM","ALLARM.LT1","03/08/1998","12:00:00","TDS.1","M1",1158,"CMC","NTWQM",1998-03-08 12:00:00,0.1,"ISM","1","Water",NA,320,"MG/L",NA,NA,NA,NA,2,NA,1,1,"S","PARTNTID",NA,NA
"1051",999,"ALLARM","ALLARM.LT10","12/08/1998","12:00:00","TDS.1","M1",1257,"CMC","NTWQM",1998-12-08 12:00:00,0.1,"ISM","1","Water",NA,410,"MG/L",NA,NA,NA,NA,2,NA,1,1,"S","PARTNTID",NA,NA
"1052",999,"ALLARM","ALLARM.LT10","05/08/1998","12:00:00","TDS.1","M1",1187,"CMC","NTWQM",1998-05-08 12:00:00,0.1,"ISM","1","Water",NA,420,"MG/L",NA,NA,NA,NA,2,NA,1,1,"S","PARTNTID",NA,NA
"1053",999,"ALLARM","ALLARM.LT4","12/08/1998","12:00:00","TDS.1","M1",1251,"CMC","NTWQM",1998-12-08 12:00:00,0.1,"ISM","1","Water",NA,260,"MG/L",NA,NA,NA,NA,2,NA,1,1,"S","PARTNTID",NA,NA
"1054",999,"ALLARM","ALLARM.LT5","10/08/1998","12:00:00","TDS.1","M1",1232,"CMC","NTWQM",1998-10-08 12:00:00,0.1,"ISM","1","Water",NA,330,"MG/L",NA,NA,NA,NA,2,NA,1,1,"S","PARTNTID",NA,NA
"1055",999,"ALLARM","ALLARM.LT9","02/08/1998","12:00:00","TDS.1","M1",1156,"CMC","NTWQM",1998-02-08 12:00:00,0.1,"ISM","1","Water",NA,330,"MG/L",NA,NA,NA,NA,2,NA,1,1,"S","PARTNTID",NA,NA
"1056",999,"ALLARM","ALLARM.LT1","04/08/1998","12:00:00","TDS.1","M1",1168,"CMC","NTWQM",1998-04-08 12:00:00,0.1,"ISM","1","Water",NA,300,"MG/L",NA,NA,NA,NA,2,NA,1,1,"S","PARTNTID",NA,NA
"1057",999,"ALLARM","ALLARM.LT5","08/08/1998","12:00:00","TDS.1","M1",1212,"CMC","NTWQM",1998-08-08 12:00:00,0.1,"ISM","1","Water",NA,360,"MG/L",NA,NA,NA,NA,2,NA,1,1,"S","PARTNTID",NA,NA
"1058",999,"ALLARM","ALLARM.LT10","06/08/1998","12:00:00","TDS.1","M1",1197,"CMC","NTWQM",1998-06-08 12:00:00,0.1,"ISM","1","Water",NA,430,"MG/L",NA,NA,NA,NA,2,NA,1,1,"S","PARTNTID",NA,NA
"1059",999,"ALLARM","ALLARM.LT8","01/08/1998","12:00:00","TDS.1","M1",1145,"CMC","NTWQM",1998-01-08 12:00:00,0.1,"ISM","1","Water",NA,400,"MG/L",NA,NA,NA,NA,2,NA,1,1,"S","PARTNTID",NA,NA
"1060",999,"ALLARM","ALLARM.LT7","06/08/1998","12:00:00","TDS.1","M1",1194,"CMC","NTWQM",1998-06-08 12:00:00,0.1,"ISM","1","Water",NA,410,"MG/L",NA,NA,NA,NA,2,NA,1,1,"S","PARTNTID",NA,NA
"1061",999,"ALLARM","ALLARM.LT5","09/08/1998","12:00:00","TDS.1","M1",1222,"CMC","NTWQM",1998-09-08 12:00:00,0.1,"ISM","1","Water",NA,340,"MG/L",NA,NA,NA,NA,2,NA,1,1,"S","PARTNTID",NA,NA
"1062",999,"ALLARM","ALLARM.LT1","05/08/1998","12:00:00","TDS.1","M1",1178,"CMC","NTWQM",1998-05-08 12:00:00,0.1,"ISM","1","Water",NA,300,"MG/L",NA,NA,NA,NA,2,NA,1,1,"S","PARTNTID",NA,NA
"1063",999,"ALLARM","ALLARM.LT6","04/08/1998","12:00:00","TDS.1","M1",1173,"CMC","NTWQM",1998-04-08 12:00:00,0.1,"ISM","1","Water",NA,360,"MG/L",NA,NA,NA,NA,2,NA,1,1,"S","PARTNTID",NA,NA
"1064",999,"ALLARM","ALLARM.LT10","07/08/1998","12:00:00","TDS.1","M1",1207,"CMC","NTWQM",1998-07-08 12:00:00,0.1,"ISM","1","Water",NA,460,"MG/L",NA,NA,NA,NA,2,NA,1,1,"S","PARTNTID",NA,NA
"1065",999,"ALLARM","ALLARM.LT3","12/08/1998","12:00:00","TDS.1","M1",1250,"CMC","NTWQM",1998-12-08 12:00:00,0.1,"ISM","1","Water",NA,260,"MG/L",NA,NA,NA,NA,2,NA,1,1,"S","PARTNTID",NA,NA
"1066",999,"ALLARM","ALLARM.LT7","07/08/1998","12:00:00","TDS.1","M1",1204,"CMC","NTWQM",1998-07-08 12:00:00,0.1,"ISM","1","Water",NA,410,"MG/L",NA,NA,NA,NA,2,NA,1,1,"S","PARTNTID",NA,NA
"1067",999,"ALLARM","ALLARM.LT10","03/08/1998","12:00:00","TDS.1","M1",1167,"CMC","NTWQM",1998-03-08 12:00:00,0.1,"ISM","1","Water",NA,420,"MG/L",NA,NA,NA,NA,2,NA,1,1,"S","PARTNTID",NA,NA
"1068",999,"ALLARM","ALLARM.LT1","06/08/1998","12:00:00","TDS.1","M1",1188,"CMC","NTWQM",1998-06-08 12:00:00,0.1,"ISM","1","Water",NA,290,"MG/L",NA,NA,NA,NA,2,NA,1,1,"S","PARTNTID",NA,NA
"1069",999,"ALLARM","ALLARM.LT10","08/08/1998","12:00:00","TDS.1","M1",1217,"CMC","NTWQM",1998-08-08 12:00:00,0.1,"ISM","1","Water",NA,440,"MG/L",NA,NA,NA,NA,2,NA,1,1,"S","PARTNTID",NA,NA
"1070",999,"ALLARM","ALLARM.LT4","01/08/1998","12:00:00","TDS.1","M1",1141,"CMC","NTWQM",1998-01-08 12:00:00,0.1,"ISM","1","Water",NA,300,"MG/L",NA,NA,NA,NA,2,NA,1,1,"S","PARTNTID",NA,NA
"1071",999,"ALLARM","ALLARM.LT8","03/08/1998","12:00:00","TDS.1","M1",1165,"CMC","NTWQM",1998-03-08 12:00:00,0.1,"ISM","1","Water",NA,420,"MG/L",NA,NA,NA,NA,2,NA,1,1,"S","PARTNTID",NA,NA
"1072",999,"ALLARM","ALLARM.LT5","11/08/1998","12:00:00","TDS.1","M1",1242,"CMC","NTWQM",1998-11-08 12:00:00,0.1,"ISM","1","Water",NA,310,"MG/L",NA,NA,NA,NA,2,NA,1,1,"S","PARTNTID",NA,NA
"1073",999,"ALLARM","ALLARM.LT9","05/08/1998","12:00:00","TDS.1","M1",1186,"CMC","NTWQM",1998-05-08 12:00:00,0.1,"ISM","1","Water",NA,410,"MG/L",NA,NA,NA,NA,2,NA,1,1,"S","PARTNTID",NA,NA
"1074",999,"ALLARM","ALLARM.LT1","07/08/1998","12:00:00","TDS.1","M1",1198,"CMC","NTWQM",1998-07-08 12:00:00,0.1,"ISM","1","Water",NA,280,"MG/L",NA,NA,NA,NA,2,NA,1,1,"S","PARTNTID",NA,NA
"1075",999,"ALLARM","ALLARM.LT2","04/08/1998","12:00:00","TDS.1","M1",1169,"CMC","NTWQM",1998-04-08 12:00:00,0.1,"ISM","1","Water",NA,310,"MG/L",NA,NA,NA,NA,2,NA,1,1,"S","PARTNTID",NA,NA
"1076",999,"ALLARM","ALLARM.LT4","02/08/1998","12:00:00","TDS.1","M1",1151,"CMC","NTWQM",1998-02-08 12:00:00,0.1,"ISM","1","Water",NA,330,"MG/L",NA,NA,NA,NA,2,NA,1,1,"S","PARTNTID",NA,NA
"1077",999,"ALLARM","ALLARM.LT3","07/08/1998","12:00:00","TDS.1","M1",1200,"CMC","NTWQM",1998-07-08 12:00:00,0.1,"ISM","1","Water",NA,300,"MG/L",NA,NA,NA,NA,2,NA,1,1,"S","PARTNTID",NA,NA
"1078",999,"ALLARM","ALLARM.LT5","12/08/1998","12:00:00","TDS.1","M1",1252,"CMC","NTWQM",1998-12-08 12:00:00,0.1,"ISM","1","Water",NA,300,"MG/L",NA,NA,NA,NA,2,NA,1,1,"S","PARTNTID",NA,NA
"1079",999,"ALLARM","ALLARM.LT2","05/08/1998","12:00:00","TDS.1","M1",1179,"CMC","NTWQM",1998-05-08 12:00:00,0.1,"ISM","1","Water",NA,300,"MG/L",NA,NA,NA,NA,2,NA,1,1,"S","PARTNTID",NA,NA
"1080",999,"ALLARM","ALLARM.LT9","08/08/1998","12:00:00","TDS.1","M1",1216,"CMC","NTWQM",1998-08-08 12:00:00,0.1,"ISM","1","Water",NA,410,"MG/L",NA,NA,NA,NA,2,NA,1,1,"S","PARTNTID",NA,NA
"1081",999,"ALLARM","ALLARM.LT7","12/08/1998","12:00:00","TDS.1","M1",1254,"CMC","NTWQM",1998-12-08 12:00:00,0.1,"ISM","1","Water",NA,320,"MG/L",NA,NA,NA,NA,2,NA,1,1,"S","PARTNTID",NA,NA
"1082",999,"ALLARM","ALLARM.LT4","03/08/1998","12:00:00","TDS.1","M1",1161,"CMC","NTWQM",1998-03-08 12:00:00,0.1,"ISM","1","Water",NA,380,"MG/L",NA,NA,NA,NA,2,NA,1,1,"S","PARTNTID",NA,NA
"1083",999,"ALLARM","ALLARM.LT3","08/08/1998","12:00:00","TDS.1","M1",1210,"CMC","NTWQM",1998-08-08 12:00:00,0.1,"ISM","1","Water",NA,310,"MG/L",NA,NA,NA,NA,2,NA,1,1,"S","PARTNTID",NA,NA
"1084",999,"ALLARM","ALLARM.LT6","01/08/1998","12:00:00","TDS.1","M1",1143,"CMC","NTWQM",1998-01-08 12:00:00,0.1,"ISM","1","Water",NA,330,"MG/L",NA,NA,NA,NA,2,NA,1,1,"S","PARTNTID",NA,NA
"1085",999,"ALLARM","ALLARM.LT1","09/08/1998","12:00:00","TDS.1","M1",1218,"CMC","NTWQM",1998-09-08 12:00:00,0.1,"ISM","1","Water",NA,280,"MG/L",NA,NA,NA,NA,2,NA,1,1,"S","PARTNTID",NA,NA
"1086",999,"ALLARM","ALLARM.LT10","11/08/1998","12:00:00","TDS.1","M1",1247,"CMC","NTWQM",1998-11-08 12:00:00,0.1,"ISM","1","Water",NA,400,"MG/L",NA,NA,NA,NA,2,NA,1,1,"S","PARTNTID",NA,NA
"1087",999,"ALLARM","ALLARM.LT4","06/08/1998","12:00:00","TDS.1","M1",1191,"CMC","NTWQM",1998-06-08 12:00:00,0.1,"ISM","1","Water",NA,340,"MG/L",NA,NA,NA,NA,2,NA,1,1,"S","PARTNTID",NA,NA
"1088",999,"ALLARM","ALLARM.LT4","04/08/1998","12:00:00","TDS.1","M1",1171,"CMC","NTWQM",1998-04-08 12:00:00,0.1,"ISM","1","Water",NA,330,"MG/L",NA,NA,NA,NA,2,NA,1,1,"S","PARTNTID",NA,NA
"1089",999,"ALLARM","ALLARM.LT7","11/08/1998","12:00:00","TDS.1","M1",1244,"CMC","NTWQM",1998-11-08 12:00:00,0.1,"ISM","1","Water",NA,340,"MG/L",NA,NA,NA,NA,2,NA,1,1,"S","PARTNTID",NA,NA
"1090",999,"ALLARM","ALLARM.LT6","02/08/1998","12:00:00","TDS.1","M1",1153,"CMC","NTWQM",1998-02-08 12:00:00,0.1,"ISM","1","Water",NA,330,"MG/L",NA,NA,NA,NA,2,NA,1,1,"S","PARTNTID",NA,NA
"1091",999,"ALLARM","ALLARM.LT1","10/08/1998","12:00:00","TDS.1","M1",1228,"CMC","NTWQM",1998-10-08 12:00:00,0.1,"ISM","1","Water",NA,270,"MG/L",NA,NA,NA,NA,2,NA,1,1,"S","PARTNTID",NA,NA
"1092",999,"ALLARM","ALLARM.LT5","07/08/1998","12:00:00","TDS.1","M1",1202,"CMC","NTWQM",1998-07-08 12:00:00,0.1,"ISM","1","Water",NA,340,"MG/L",NA,NA,NA,NA,2,NA,1,1,"S","PARTNTID",NA,NA
"1093",999,"ALLARM","ALLARM.LT6","12/08/1998","12:00:00","TDS.1","M1",1253,"CMC","NTWQM",1998-12-08 12:00:00,0.1,"ISM","1","Water",NA,330,"MG/L",NA,NA,NA,NA,2,NA,1,1,"S","PARTNTID",NA,NA
"1094",999,"ALLARM","ALLARM.LT6","05/08/1998","12:00:00","TDS.1","M1",1183,"CMC","NTWQM",1998-05-08 12:00:00,0.1,"ISM","1","Water",NA,410,"MG/L",NA,NA,NA,NA,2,NA,1,1,"S","PARTNTID",NA,NA
"1095",999,"ALLARM","ALLARM.LT3","03/08/1998","12:00:00","TDS.1","M1",1160,"CMC","NTWQM",1998-03-08 12:00:00,0.1,"ISM","1","Water",NA,350,"MG/L",NA,NA,NA,NA,2,NA,1,1,"S","PARTNTID",NA,NA
"1096",999,"ALLARM","ALLARM.LT6","03/08/1998","12:00:00","TDS.1","M1",1163,"CMC","NTWQM",1998-03-08 12:00:00,0.1,"ISM","1","Water",NA,390,"MG/L",NA,NA,NA,NA,2,NA,1,1,"S","PARTNTID",NA,NA
"1097",999,"ALLARM","ALLARM.LT1","11/08/1998","12:00:00","TDS.1","M1",1238,"CMC","NTWQM",1998-11-08 12:00:00,0.1,"ISM","1","Water",NA,250,"MG/L",NA,NA,NA,NA,2,NA,1,1,"S","PARTNTID",NA,NA
"1098",999,"ALLARM","ALLARM.LT9","09/08/1998","12:00:00","TDS.1","M1",1226,"CMC","NTWQM",1998-09-08 12:00:00,0.1,"ISM","1","Water",NA,400,"MG/L",NA,NA,NA,NA,2,NA,1,1,"S","PARTNTID",NA,NA
"1099",999,"ALLARM","ALLARM.LT5","01/08/1998","12:00:00","TDS.1","M1",1142,"CMC","NTWQM",1998-01-08 12:00:00,0.1,"ISM","1","Water",NA,330,"MG/L",NA,NA,NA,NA,2,NA,1,1,"S","PARTNTID",NA,NA
"1100",999,"ALLARM","ALLARM.LT6","06/08/1998","12:00:00","TDS.1","M1",1193,"CMC","NTWQM",1998-06-08 12:00:00,0.1,"ISM","1","Water",NA,400,"MG/L",NA,NA,NA,NA,2,NA,1,1,"S","PARTNTID",NA,NA
"1101",999,"ALLARM","ALLARM.LT2","09/08/1998","12:00:00","TDS.1","M1",1219,"CMC","NTWQM",1998-09-08 12:00:00,0.1,"ISM","1","Water",NA,280,"MG/L",NA,NA,NA,NA,2,NA,1,1,"S","PARTNTID",NA,NA
"1102",999,"ALLARM","ALLARM.LT1","12/08/1998","12:00:00","TDS.1","M1",1248,"CMC","NTWQM",1998-12-08 12:00:00,0.1,"ISM","1","Water",NA,240,"MG/L",NA,NA,NA,NA,2,NA,1,1,"S","PARTNTID",NA,NA
"1103",999,"ALLARM","ALLARM.LT2","02/08/1998","12:00:00","TDS.1","M1",1149,"CMC","NTWQM",1998-02-08 12:00:00,0.1,"ISM","1","Water",NA,290,"MG/L",NA,NA,NA,NA,2,NA,1,1,"S","PARTNTID",NA,NA
"1104",999,"ALLARM","ALLARM.LT6","09/08/1998","12:00:00","TDS.1","M1",1223,"CMC","NTWQM",1998-09-08 12:00:00,0.1,"ISM","1","Water",NA,360,"MG/L",NA,NA,NA,NA,2,NA,1,1,"S","PARTNTID",NA,NA
"1105",999,"ALLARM","ALLARM.LT8","02/08/1998","12:00:00","TDS.1","M1",1155,"CMC","NTWQM",1998-02-08 12:00:00,0.1,"ISM","1","Water",NA,330,"MG/L",NA,NA,NA,NA,2,NA,1,1,"S","PARTNTID",NA,NA
"1106",999,"ALLARM","ALLARM.LT8","11/08/1998","12:00:00","TDS.1","M1",1245,"CMC","NTWQM",1998-11-08 12:00:00,0.1,"ISM","1","Water",NA,340,"MG/L",NA,NA,NA,NA,2,NA,1,1,"S","PARTNTID",NA,NA
"1107",999,"ALLARM","ALLARM.LT10","10/08/1998","12:00:00","TDS.1","M1",1237,"CMC","NTWQM",1998-10-08 12:00:00,0.1,"ISM","1","Water",NA,410,"MG/L",NA,NA,NA,NA,2,NA,1,1,"S","PARTNTID",NA,NA
"1108",999,"ALLARM","ALLARM.LT10","01/08/1998","12:00:00","TDS.1","M1",1147,"CMC","NTWQM",1998-01-08 12:00:00,0.1,"ISM","1","Water",NA,500,"MG/L",NA,NA,NA,NA,2,NA,1,1,"S","PARTNTID",NA,NA
"1109",999,"ALLARM","ALLARM.LT2","03/08/1998","12:00:00","TDS.1","M1",1159,"CMC","NTWQM",1998-03-08 12:00:00,0.1,"ISM","1","Water",NA,320,"MG/L",NA,NA,NA,NA,2,NA,1,1,"S","PARTNTID",NA,NA
"1110",999,"ALLARM","ALLARM.LT4","08/08/1998","12:00:00","TDS.1","M1",1211,"CMC","NTWQM",1998-08-08 12:00:00,0.1,"ISM","1","Water",NA,320,"MG/L",NA,NA,NA,NA,2,NA,1,1,"S","PARTNTID",NA,NA
"1111",999,"ALLARM","ALLARM.LT7","01/08/1998","12:00:00","TDS.1","M1",1144,"CMC","NTWQM",1998-01-08 12:00:00,0.1,"ISM","1","Water",NA,400,"MG/L",NA,NA,NA,NA,2,NA,1,1,"S","PARTNTID",NA,NA
"1112",999,"ALLARM","ALLARM.LT3","06/08/1998","12:00:00","TDS.1","M1",1190,"CMC","NTWQM",1998-06-08 12:00:00,0.1,"ISM","1","Water",NA,320,"MG/L",NA,NA,NA,NA,2,NA,1,1,"S","PARTNTID",NA,NA
"1113",999,"ALLARM","ALLARM.LT2","06/08/1998","12:00:00","TDS.1","M1",1189,"CMC","NTWQM",1998-06-08 12:00:00,0.1,"ISM","1","Water",NA,300,"MG/L",NA,NA,NA,NA,2,NA,1,1,"S","PARTNTID",NA,NA
"1114",999,"ALLARM","ALLARM.LT10","02/08/1998","12:00:00","TDS.1","M1",1157,"CMC","NTWQM",1998-02-08 12:00:00,0.1,"ISM","1","Water",NA,340,"MG/L",NA,NA,NA,NA,2,NA,1,1,"S","PARTNTID",NA,NA
"1115",999,"ALLARM","ALLARM.LT9","12/08/1998","12:00:00","TDS.1","M1",1256,"CMC","NTWQM",1998-12-08 12:00:00,0.1,"ISM","1","Water",NA,390,"MG/L",NA,NA,NA,NA,2,NA,1,1,"S","PARTNTID",NA,NA
"1116",999,"ALLARM","ALLARM.LT4","09/08/1998","12:00:00","TDS.1","M1",1221,"CMC","NTWQM",1998-09-08 12:00:00,0.1,"ISM","1","Water",NA,310,"MG/L",NA,NA,NA,NA,2,NA,1,1,"S","PARTNTID",NA,NA
"1117",999,"ALLARM","ALLARM.LT9","10/08/1998","12:00:00","TDS.1","M1",1236,"CMC","NTWQM",1998-10-08 12:00:00,0.1,"ISM","1","Water",NA,410,"MG/L",NA,NA,NA,NA,2,NA,1,1,"S","PARTNTID",NA,NA
"1118",999,"ALLARM","ALLARM.LT6","07/08/1998","12:00:00","TDS.1","M1",1203,"CMC","NTWQM",1998-07-08 12:00:00,0.1,"ISM","1","Water",NA,350,"MG/L",NA,NA,NA,NA,2,NA,1,1,"S","PARTNTID",NA,NA
"1119",999,"ALLARM","ALLARM.LT2","07/08/1998","12:00:00","TDS.1","M1",1199,"CMC","NTWQM",1998-07-08 12:00:00,0.1,"ISM","1","Water",NA,290,"MG/L",NA,NA,NA,NA,2,NA,1,1,"S","PARTNTID",NA,NA
"1120",999,"ALLARM","ALLARM.LT4","07/08/1998","12:00:00","TDS.1","M1",1201,"CMC","NTWQM",1998-07-08 12:00:00,0.1,"ISM","1","Water",NA,320,"MG/L",NA,NA,NA,NA,2,NA,1,1,"S","PARTNTID",NA,NA
"1121",999,"ALLARM","ALLARM.LT8","09/08/1998","12:00:00","TDS.1","M1",1225,"CMC","NTWQM",1998-09-08 12:00:00,0.1,"ISM","1","Water",NA,380,"MG/L",NA,NA,NA,NA,2,NA,1,1,"S","PARTNTID",NA,NA
"1122",999,"ALLARM","ALLARM.LT4","10/08/1998","12:00:00","TDS.1","M1",1231,"CMC","NTWQM",1998-10-08 12:00:00,0.1,"ISM","1","Water",NA,320,"MG/L",NA,NA,NA,NA,2,NA,1,1,"S","PARTNTID",NA,NA
"1123",999,"ALLARM","ALLARM.LT6","10/08/1998","12:00:00","TDS.1","M1",1233,"CMC","NTWQM",1998-10-08 12:00:00,0.1,"ISM","1","Water",NA,370,"MG/L",NA,NA,NA,NA,2,NA,1,1,"S","PARTNTID",NA,NA
"1124",999,"ALLARM","ALLARM.LT6","08/08/1998","12:00:00","TDS.1","M1",1213,"CMC","NTWQM",1998-08-08 12:00:00,0.1,"ISM","1","Water",NA,350,"MG/L",NA,NA,NA,NA,2,NA,1,1,"S","PARTNTID",NA,NA
"1125",999,"ALLARM","ALLARM.LT8","12/08/1998","12:00:00","TDS.1","M1",1255,"CMC","NTWQM",1998-12-08 12:00:00,0.1,"ISM","1","Water",NA,350,"MG/L",NA,NA,NA,NA,2,NA,1,1,"S","PARTNTID",NA,NA
"1126",999,"ALLARM","ALLARM.LT7","10/08/1998","12:00:00","TDS.1","M1",1234,"CMC","NTWQM",1998-10-08 12:00:00,0.1,"ISM","1","Water",NA,370,"MG/L",NA,NA,NA,NA,2,NA,1,1,"S","PARTNTID",NA,NA
"1127",999,"ALLARM","ALLARM.LT8","10/08/1998","12:00:00","TDS.1","M1",1235,"CMC","NTWQM",1998-10-08 12:00:00,0.1,"ISM","1","Water",NA,370,"MG/L",NA,NA,NA,NA,2,NA,1,1,"S","PARTNTID",NA,NA
"1128",999,"ALLARM","ALLARM.LT4","11/08/1998","12:00:00","TDS.1","M1",1241,"CMC","NTWQM",1998-11-08 12:00:00,0.1,"ISM","1","Water",NA,300,"MG/L",NA,NA,NA,NA,2,NA,1,1,"S","PARTNTID",NA,NA
"1129",999,"ALLARM","ALLARM.LT3","02/08/1998","12:00:00","TDS.1","M1",1150,"CMC","NTWQM",1998-02-08 12:00:00,0.1,"ISM","1","Water",NA,290,"MG/L",NA,NA,NA,NA,2,NA,1,1,"S","PARTNTID",NA,NA
"1130",999,"ALLARM","ALLARM.LT3","09/08/1998","12:00:00","TDS.1","M1",1220,"CMC","NTWQM",1998-09-08 12:00:00,0.1,"ISM","1","Water",NA,300,"MG/L",NA,NA,NA,NA,2,NA,1,1,"S","PARTNTID",NA,NA
"1131",999,"ALLARM","ALLARM.LT8","06/08/1998","12:00:00","TDS.1","M1",1195,"CMC","NTWQM",1998-06-08 12:00:00,0.1,"ISM","1","Water",NA,430,"MG/L",NA,NA,NA,NA,2,NA,1,1,"S","PARTNTID",NA,NA
"1132",999,"ALLARM","ALLARM.LT5","02/08/1998","12:00:00","TDS.1","M1",1152,"CMC","NTWQM",1998-02-08 12:00:00,0.1,"ISM","1","Water",NA,310,"MG/L",NA,NA,NA,NA,2,NA,1,1,"S","PARTNTID",NA,NA
"1133",999,"ALLARM","ALLARM.LT7","09/08/1998","12:00:00","TDS.1","M1",1224,"CMC","NTWQM",1998-09-08 12:00:00,0.1,"ISM","1","Water",NA,360,"MG/L",NA,NA,NA,NA,2,NA,1,1,"S","PARTNTID",NA,NA
"1134",999,"ALLARM","ALLARM.LT9","06/08/1998","12:00:00","TDS.1","M1",1196,"CMC","NTWQM",1998-06-08 12:00:00,0.1,"ISM","1","Water",NA,430,"MG/L",NA,NA,NA,NA,2,NA,1,1,"S","PARTNTID",NA,NA
"1135",999,"ALLARM","ALLARM.LT3","10/08/1998","12:00:00","TDS.1","M1",1230,"CMC","NTWQM",1998-10-08 12:00:00,0.1,"ISM","1","Water",NA,320,"MG/L",NA,NA,NA,NA,2,NA,1,1,"S","PARTNTID",NA,NA
"1136",999,"ALLARM","ALLARM.LT9","11/08/1998","12:00:00","TDS.1","M1",1246,"CMC","NTWQM",1998-11-08 12:00:00,0.1,"ISM","1","Water",NA,400,"MG/L",NA,NA,NA,NA,2,NA,1,1,"S","PARTNTID",NA,NA
"1137",999,"ALLARM","ALLARM.LT2","01/08/1998","12:00:00","TDS.1","M1",1139,"CMC","NTWQM",1998-01-08 12:00:00,0.1,"ISM","1","Water",NA,280,"MG/L",NA,NA,NA,NA,2,NA,1,1,"S","PARTNTID",NA,NA
"1138",999,"ALLARM","ALLARM.LT2","08/08/1998","12:00:00","TDS.1","M1",1209,"CMC","NTWQM",1998-08-08 12:00:00,0.1,"ISM","1","Water",NA,300,"MG/L",NA,NA,NA,NA,2,NA,1,1,"S","PARTNTID",NA,NA
"1139",999,"ALLARM","ALLARM.LT8","07/08/1998","12:00:00","TDS.1","M1",1205,"CMC","NTWQM",1998-07-08 12:00:00,0.1,"ISM","1","Water",NA,420,"MG/L",NA,NA,NA,NA,2,NA,1,1,"S","PARTNTID",NA,NA
"1140",999,"ALLARM","ALLARM.LT8","05/08/1998","12:00:00","TDS.1","M1",1185,"CMC","NTWQM",1998-05-08 12:00:00,0.1,"ISM","1","Water",NA,400,"MG/L",NA,NA,NA,NA,2,NA,1,1,"S","PARTNTID",NA,NA
"1141",999,"ALLARM","ALLARM.LT6","11/08/1998","12:00:00","TDS.1","M1",1243,"CMC","NTWQM",1998-11-08 12:00:00,0.1,"ISM","1","Water",NA,310,"MG/L",NA,NA,NA,NA,2,NA,1,1,"S","PARTNTID",NA,NA
"1142",999,"ALLARM","ALLARM.LT8","08/08/1998","12:00:00","TDS.1","M1",1215,"CMC","NTWQM",1998-08-08 12:00:00,0.1,"ISM","1","Water",NA,400,"MG/L",NA,NA,NA,NA,2,NA,1,1,"S","PARTNTID",NA,NA
"1143",999,"ALLARM","ALLARM.LT9","03/08/1998","12:00:00","TDS.1","M1",1166,"CMC","NTWQM",1998-03-08 12:00:00,0.1,"ISM","1","Water",NA,430,"MG/L",NA,NA,NA,NA,2,NA,1,1,"S","PARTNTID",NA,NA
"1144",999,"ALLARM","ALLARM.LT3","04/08/1998","12:00:00","TDS.1","M1",1170,"CMC","NTWQM",1998-04-08 12:00:00,0.1,"ISM","1","Water",NA,310,"MG/L",NA,NA,NA,NA,2,NA,1,1,"S","PARTNTID",NA,NA
"1145",999,"ALLARM","ALLARM.LT4","05/08/1998","12:00:00","TDS.1","M1",1181,"CMC","NTWQM",1998-05-08 12:00:00,0.1,"ISM","1","Water",NA,330,"MG/L",NA,NA,NA,NA,2,NA,1,1,"S","PARTNTID",NA,NA
"1146",999,"ALLARM","ALLARM.LT5","03/08/1998","12:00:00","TDS.1","M1",1162,"CMC","NTWQM",1998-03-08 12:00:00,0.1,"ISM","1","Water",NA,400,"MG/L",NA,NA,NA,NA,2,NA,1,1,"S","PARTNTID",NA,NA
"1147",999,"ALLARM","ALLARM.LT2","12/08/1998","12:00:00","TDS.1","M1",1249,"CMC","NTWQM",1998-12-08 12:00:00,0.1,"ISM","1","Water",NA,250,"MG/L",NA,NA,NA,NA,2,NA,1,1,"S","PARTNTID",NA,NA
"1148",999,"ALLARM","ALLARM.LT9","04/08/1998","12:00:00","TDS.1","M1",1176,"CMC","NTWQM",1998-04-08 12:00:00,0.1,"ISM","1","Water",NA,450,"MG/L",NA,NA,NA,NA,2,NA,1,1,"S","PARTNTID",NA,NA
"1149",999,"ALLARM","ALLARM.LT3","05/08/1998","12:00:00","TDS.1","M1",1180,"CMC","NTWQM",1998-05-08 12:00:00,0.1,"ISM","1","Water",NA,330,"MG/L",NA,NA,NA,NA,2,NA,1,1,"S","PARTNTID",NA,NA
"1150",999,"ALLARM","ALLARM.LT10","09/08/1998","12:00:00","TDS.1","M1",1227,"CMC","NTWQM",1998-09-08 12:00:00,0.1,"ISM","1","Water",NA,420,"MG/L",NA,NA,NA,NA,2,NA,1,1,"S","PARTNTID",NA,NA
"1151",999,"ALLARM","ALLARM.LT3","11/08/1998","12:00:00","TDS.1","M1",1240,"CMC","NTWQM",1998-11-08 12:00:00,0.1,"ISM","1","Water",NA,280,"MG/L",NA,NA,NA,NA,2,NA,1,1,"S","PARTNTID",NA,NA
"1152",999,"ALLARM","ALLARM.LT2","11/08/1998","12:00:00","TDS.1","M1",1239,"CMC","NTWQM",1998-11-08 12:00:00,0.1,"ISM","1","Water",NA,250,"MG/L",NA,NA,NA,NA,2,NA,1,1,"S","PARTNTID",NA,NA
"1153",999,"ALLARM","ALLARM.LT2","10/08/1998","12:00:00","TDS.1","M1",1229,"CMC","NTWQM",1998-10-08 12:00:00,0.1,"ISM","1","Water",NA,280,"MG/L",NA,NA,NA,NA,2,NA,1,1,"S","PARTNTID",NA,NA
"1154",999,"ALLARM","ALLARM.LT7","08/08/1998","12:00:00","TDS.1","M1",1214,"CMC","NTWQM",1998-08-08 12:00:00,0.1,"ISM","1","Water",NA,390,"MG/L",NA,NA,NA,NA,2,NA,1,1,"S","PARTNTID",NA,NA
