"","Code","OrganizationFormalName","MailingAddress","SupplementalMailingAddress","MailingAddressCityName","State","MailingAddressPostalCode","Telephone"
"1","CMC","Chesapeake Monitoring Cooperative","612 Hull Street ","Suite 101C","Richmond","VA","23224","804 793 8785"
"13","CWT","Chesterfield WaterTrends",NA,NA,NA,NA,NA,NA
"3","CSP","Caledon State Park",NA,NA,NA,NA,NA,NA
"7","CVTU","Cumberland Valley Trout Unlimited","28 N College St PO Box 1773",NA,"Carlisle","PA","17013","717 245 1565"
"11","RMN","Riverine Master Naturalists",NA,NA,NA,NA,NA,NA
"12","PVMN","Peninsula Chapter Virginia Master Naturalists","312 Parkway Drive",NA,"Newport News","VA","23606","7572145487"
"19","RCC","Reedy Creek Coalition",NA,NA,NA,NA,NA,NA
"31","ACB","Alliance for the Chesapeake Bay","612 Hull Street","Suite 101C","Richmond","VA","23224","8047938786"
"51","HAWQS","Henrico Area Water Quality Samplers",NA,NA,NA,NA,NA,NA
"80","FOR","Friends of the Rappahannock",NA,NA,NA,NA,NA,NA
"258","ALLARM","LeTort Regional Authority","415 Franklin Street","","Carlisle","PA","17013","717 245 1565"
"479","CBF","Chesapeake Bay Foundation",NA,NA,NA,NA,NA,NA
"592","CCCD","Cumberland County Conservation District","310 Allen Road, Suite 301",NA,"Carlisle","PA","17013","717 240 5358"
