"","paramMethod","SOURCE","STATION","SAMPLE_DATE","SAMPLE_TIME","paramCode","SAMPLE_ID","EventId","AGENCY","PROGRAM","DateTime","DEPTH","SAMPLE_TYPE","TIER","Matrix","QUALIFIER","VALUE","UNITS","PROBLEM","LAB","labName","detLimit","qaFlag","COMMENTS","count.x","count.y","LAYER","PROJECT","SampleAnalyticalMethodIdentifier","SubstanceIdentificationName"
"NA",NA,NA,NA,NA,NA,NA,NA,NA,NA,NA,NA,NA,NA,NA,NA,NA,NA,NA,NA,NA,NA,NA,NA,NA,NA,NA,NA,NA,NA,NA
"NA.1",NA,NA,NA,NA,NA,NA,NA,NA,NA,NA,NA,NA,NA,NA,NA,NA,NA,NA,NA,NA,NA,NA,NA,NA,NA,NA,NA,NA,NA,NA
"NA.2",NA,NA,NA,NA,NA,NA,NA,NA,NA,NA,NA,NA,NA,NA,NA,NA,NA,NA,NA,NA,NA,NA,NA,NA,NA,NA,NA,NA,NA,NA
"1863",999,"ALLARM","ALLARM.LT6","04/18/2018","14:59:00","TDS.1","M1",7949,"CMC","NTWQM",2018-04-18 14:59:00,0.1,"ISM","1","Water",NA,410,"MG/L",NA,NA,NA,NA,2,"",1,1,"S","PARTNTID",NA,NA
"1864",999,"ALLARM","ALLARM.LT2","07/16/2018","10:11:00","TDS.1","M1",9332,"CMC","NTWQM",2018-07-16 10:11:00,0.1,"ISM","1","Water",NA,390,"MG/L",NA,NA,NA,NA,2,"",1,1,"S","PARTNTID",NA,NA
"NA.3",NA,NA,NA,NA,NA,NA,NA,NA,NA,NA,NA,NA,NA,NA,NA,NA,NA,NA,NA,NA,NA,NA,NA,NA,NA,NA,NA,NA,NA,NA
"1866",999,"ALLARM","ALLARM.LT1","03/05/2018","14:01:00","TDS.1","M1",7938,"CMC","NTWQM",2018-03-05 14:01:00,0.1,"ISM","1","Water",NA,430,"MG/L",NA,NA,NA,NA,2,"",1,1,"S","PARTNTID",NA,NA
"NA.4",NA,NA,NA,NA,NA,NA,NA,NA,NA,NA,NA,NA,NA,NA,NA,NA,NA,NA,NA,NA,NA,NA,NA,NA,NA,NA,NA,NA,NA,NA
"NA.5",NA,NA,NA,NA,NA,NA,NA,NA,NA,NA,NA,NA,NA,NA,NA,NA,NA,NA,NA,NA,NA,NA,NA,NA,NA,NA,NA,NA,NA,NA
"NA.6",NA,NA,NA,NA,NA,NA,NA,NA,NA,NA,NA,NA,NA,NA,NA,NA,NA,NA,NA,NA,NA,NA,NA,NA,NA,NA,NA,NA,NA,NA
"1870",999,"ALLARM","ALLARM.LT6","05/01/2018","15:10:00","TDS.1","M1",7956,"CMC","NTWQM",2018-05-01 15:10:00,0.1,"ISM","1","Water",NA,440,"MG/L",NA,NA,NA,NA,2,"",1,1,"S","PARTNTID",NA,NA
"1871",999,"ALLARM","ALLARM.LT3","01/15/2018","10:23:00","TDS.1","M1",7926,"CMC","NTWQM",2018-01-15 10:23:00,0.1,"ISM","1","Water",NA,450,"MG/L",NA,NA,NA,NA,2,"",1,1,"S","PARTNTID",NA,NA
"NA.7",NA,NA,NA,NA,NA,NA,NA,NA,NA,NA,NA,NA,NA,NA,NA,NA,NA,NA,NA,NA,NA,NA,NA,NA,NA,NA,NA,NA,NA,NA
"1873",999,"ALLARM","ALLARM.LT10","03/05/2018","15:17:00","TDS.1","M1",7944,"CMC","NTWQM",2018-03-05 15:17:00,0.1,"ISM","1","Water",NA,570,"MG/L",NA,NA,NA,NA,2,"",1,1,"S","PARTNTID",NA,NA
"NA.8",NA,NA,NA,NA,NA,NA,NA,NA,NA,NA,NA,NA,NA,NA,NA,NA,NA,NA,NA,NA,NA,NA,NA,NA,NA,NA,NA,NA,NA,NA
"NA.9",NA,NA,NA,NA,NA,NA,NA,NA,NA,NA,NA,NA,NA,NA,NA,NA,NA,NA,NA,NA,NA,NA,NA,NA,NA,NA,NA,NA,NA,NA
"NA.10",NA,NA,NA,NA,NA,NA,NA,NA,NA,NA,NA,NA,NA,NA,NA,NA,NA,NA,NA,NA,NA,NA,NA,NA,NA,NA,NA,NA,NA,NA
"1877",999,"ALLARM","ALLARM.LT3","02/06/2018","14:32:00","TDS.1","M1",7933,"CMC","NTWQM",2018-02-06 14:32:00,0.1,"ISM","1","Water",NA,440,"MG/L",NA,NA,NA,NA,2,"",1,1,"S","PARTNTID",NA,NA
"1878",999,"ALLARM","ALLARM.LT5","01/15/2018","11:06:00","TDS.1","M1",7927,"CMC","NTWQM",2018-01-15 11:06:00,0.1,"ISM","1","Water",NA,470,"MG/L",NA,NA,NA,NA,2,"",1,1,"S","PARTNTID",NA,NA
"NA.11",NA,NA,NA,NA,NA,NA,NA,NA,NA,NA,NA,NA,NA,NA,NA,NA,NA,NA,NA,NA,NA,NA,NA,NA,NA,NA,NA,NA,NA,NA
"NA.12",NA,NA,NA,NA,NA,NA,NA,NA,NA,NA,NA,NA,NA,NA,NA,NA,NA,NA,NA,NA,NA,NA,NA,NA,NA,NA,NA,NA,NA,NA
"NA.13",NA,NA,NA,NA,NA,NA,NA,NA,NA,NA,NA,NA,NA,NA,NA,NA,NA,NA,NA,NA,NA,NA,NA,NA,NA,NA,NA,NA,NA,NA
"NA.14",NA,NA,NA,NA,NA,NA,NA,NA,NA,NA,NA,NA,NA,NA,NA,NA,NA,NA,NA,NA,NA,NA,NA,NA,NA,NA,NA,NA,NA,NA
"NA.15",NA,NA,NA,NA,NA,NA,NA,NA,NA,NA,NA,NA,NA,NA,NA,NA,NA,NA,NA,NA,NA,NA,NA,NA,NA,NA,NA,NA,NA,NA
"1884",999,"ALLARM","ALLARM.LT3","03/05/2018","13:38:00","TDS.1","M1",7940,"CMC","NTWQM",2018-03-05 13:38:00,0.1,"ISM","1","Water",NA,420,"MG/L",NA,NA,NA,NA,2,"",1,1,"S","PARTNTID",NA,NA
"NA.16",NA,NA,NA,NA,NA,NA,NA,NA,NA,NA,NA,NA,NA,NA,NA,NA,NA,NA,NA,NA,NA,NA,NA,NA,NA,NA,NA,NA,NA,NA
"1886",999,"ALLARM","ALLARM.LT1","06/11/2018","10:54:00","TDS.1","M1",9324,"CMC","NTWQM",2018-06-11 10:54:00,0.1,"ISM","1","Water",NA,400,"MG/L",NA,NA,NA,NA,2,"",1,1,"S","PARTNTID",NA,NA
"NA.17",NA,NA,NA,NA,NA,NA,NA,NA,NA,NA,NA,NA,NA,NA,NA,NA,NA,NA,NA,NA,NA,NA,NA,NA,NA,NA,NA,NA,NA,NA
"NA.18",NA,NA,NA,NA,NA,NA,NA,NA,NA,NA,NA,NA,NA,NA,NA,NA,NA,NA,NA,NA,NA,NA,NA,NA,NA,NA,NA,NA,NA,NA
"1889",999,"ALLARM","ALLARM.LT9","07/16/2018","11:26:00","TDS.1","M1",9336,"CMC","NTWQM",2018-07-16 11:26:00,0.1,"ISM","1","Water",NA,480,"MG/L",NA,NA,NA,NA,2,"",1,1,"S","PARTNTID",NA,NA
"1890",999,"ALLARM","ALLARM.LT3","04/18/2018","13:47:00","TDS.1","M1",7947,"CMC","NTWQM",2018-04-18 13:47:00,0.1,"ISM","1","Water",NA,420,"MG/L",NA,NA,NA,NA,2,"",1,1,"S","PARTNTID",NA,NA
"NA.19",NA,NA,NA,NA,NA,NA,NA,NA,NA,NA,NA,NA,NA,NA,NA,NA,NA,NA,NA,NA,NA,NA,NA,NA,NA,NA,NA,NA,NA,NA
"1892",999,"ACB","ACB.POC01","01/16/2018","13:15:00","ECOLI.4","S1",5672,"CMC","NTWQM",2018-01-16 13:15:00,0.3,"D","2","Water",NA,84,"CFU",NA,"RWWTP","City of Richmond WWTP",NA,2,"",1,1,"S","PARTNTID",NA,NA
"1893",999,"ALLARM","ALLARM.LT1","07/16/2018","10:22:00","TDS.1","M1",9331,"CMC","NTWQM",2018-07-16 10:22:00,0.1,"ISM","1","Water",NA,420,"MG/L",NA,NA,NA,NA,2,"",1,1,"S","PARTNTID",NA,NA
"NA.20",NA,NA,NA,NA,NA,NA,NA,NA,NA,NA,NA,NA,NA,NA,NA,NA,NA,NA,NA,NA,NA,NA,NA,NA,NA,NA,NA,NA,NA,NA
"NA.21",NA,NA,NA,NA,NA,NA,NA,NA,NA,NA,NA,NA,NA,NA,NA,NA,NA,NA,NA,NA,NA,NA,NA,NA,NA,NA,NA,NA,NA,NA
"1896",999,"ALLARM","ALLARM.LT9","02/06/2018","15:16:00","TDS.1","M1",7936,"CMC","NTWQM",2018-02-06 15:16:00,0.1,"ISM","1","Water",NA,530,"MG/L",NA,NA,NA,NA,2,"",1,1,"S","PARTNTID",NA,NA
"1897",999,"ALLARM","ALLARM.LT3","05/01/2018","13:59:00","TDS.1","M1",7954,"CMC","NTWQM",2018-05-01 13:59:00,0.1,"ISM","1","Water",NA,410,"MG/L",NA,NA,NA,NA,2,"",1,1,"S","PARTNTID",NA,NA
"NA.22",NA,NA,NA,NA,NA,NA,NA,NA,NA,NA,NA,NA,NA,NA,NA,NA,NA,NA,NA,NA,NA,NA,NA,NA,NA,NA,NA,NA,NA,NA
"NA.23",NA,NA,NA,NA,NA,NA,NA,NA,NA,NA,NA,NA,NA,NA,NA,NA,NA,NA,NA,NA,NA,NA,NA,NA,NA,NA,NA,NA,NA,NA
"1900",999,"ALLARM","ALLARM.LT10","01/15/2018","11:47:00","TDS.1","M1",7930,"CMC","NTWQM",2018-01-15 11:47:00,0.1,"ISM","1","Water",NA,580,"MG/L",NA,NA,NA,NA,2,"",1,1,"S","PARTNTID",NA,NA
"NA.24",NA,NA,NA,NA,NA,NA,NA,NA,NA,NA,NA,NA,NA,NA,NA,NA,NA,NA,NA,NA,NA,NA,NA,NA,NA,NA,NA,NA,NA,NA
"NA.25",NA,NA,NA,NA,NA,NA,NA,NA,NA,NA,NA,NA,NA,NA,NA,NA,NA,NA,NA,NA,NA,NA,NA,NA,NA,NA,NA,NA,NA,NA
"1903",999,"ALLARM","ALLARM.LT9","03/05/2018","15:02:00","TDS.1","M1",7943,"CMC","NTWQM",2018-03-05 15:02:00,0.1,"ISM","1","Water",NA,520,"MG/L",NA,NA,NA,NA,2,"",1,1,"S","PARTNTID",NA,NA
"1904",999,"ALLARM","ALLARM.LT3","06/11/2018","10:14:00","TDS.1","M1",9326,"CMC","NTWQM",2018-06-11 10:14:00,0.1,"ISM","1","Water",NA,390,"MG/L",NA,NA,NA,NA,2,"",1,1,"S","PARTNTID",NA,NA
"NA.26",NA,NA,NA,NA,NA,NA,NA,NA,NA,NA,NA,NA,NA,NA,NA,NA,NA,NA,NA,NA,NA,NA,NA,NA,NA,NA,NA,NA,NA,NA
"1906",999,"ALLARM","ALLARM.LT10","02/06/2018","15:27:00","TDS.1","M1",7937,"CMC","NTWQM",2018-02-06 15:27:00,0.1,"ISM","1","Water",NA,570,"MG/L",NA,NA,NA,NA,2,"",1,1,"S","PARTNTID",NA,NA
"NA.27",NA,NA,NA,NA,NA,NA,NA,NA,NA,NA,NA,NA,NA,NA,NA,NA,NA,NA,NA,NA,NA,NA,NA,NA,NA,NA,NA,NA,NA,NA
"1908",999,"ACB","ACB.POC01","01/16/2018","13:15:00","TN.1","S1",5672,"CMC","NTWQM",2018-01-16 13:15:00,0.3,"D","2","Water",NA,1.55,"MG/L",NA,"RL","Richmond Lab",NA,2,"",1,1,"S","PARTNTID",NA,NA
"1909",999,"ALLARM","ALLARM.LT9","04/18/2018","15:12:00","TDS.1","M1",7950,"CMC","NTWQM",2018-04-18 15:12:00,0.1,"ISM","1","Water",NA,480,"MG/L",NA,NA,NA,NA,2,"",1,1,"S","PARTNTID",NA,NA
"NA.28",NA,NA,NA,NA,NA,NA,NA,NA,NA,NA,NA,NA,NA,NA,NA,NA,NA,NA,NA,NA,NA,NA,NA,NA,NA,NA,NA,NA,NA,NA
"1911",999,"ALLARM","ALLARM.LT3","07/16/2018","09:55:00","TDS.1","M1",9333,"CMC","NTWQM",2018-07-16 09:55:00,0.1,"ISM","1","Water",NA,420,"MG/L",NA,NA,NA,NA,2,"",1,1,"S","PARTNTID",NA,NA
"NA.29",NA,NA,NA,NA,NA,NA,NA,NA,NA,NA,NA,NA,NA,NA,NA,NA,NA,NA,NA,NA,NA,NA,NA,NA,NA,NA,NA,NA,NA,NA
"1913",999,"ALLARM","ALLARM.LT1","04/18/2018","14:05:00","TDS.1","M1",7945,"CMC","NTWQM",2018-04-18 14:05:00,0.1,"ISM","1","Water",NA,400,"MG/L",NA,NA,NA,NA,2,"",1,1,"S","PARTNTID",NA,NA
"NA.30",NA,NA,NA,NA,NA,NA,NA,NA,NA,NA,NA,NA,NA,NA,NA,NA,NA,NA,NA,NA,NA,NA,NA,NA,NA,NA,NA,NA,NA,NA
"NA.31",NA,NA,NA,NA,NA,NA,NA,NA,NA,NA,NA,NA,NA,NA,NA,NA,NA,NA,NA,NA,NA,NA,NA,NA,NA,NA,NA,NA,NA,NA
"NA.32",NA,NA,NA,NA,NA,NA,NA,NA,NA,NA,NA,NA,NA,NA,NA,NA,NA,NA,NA,NA,NA,NA,NA,NA,NA,NA,NA,NA,NA,NA
"NA.33",NA,NA,NA,NA,NA,NA,NA,NA,NA,NA,NA,NA,NA,NA,NA,NA,NA,NA,NA,NA,NA,NA,NA,NA,NA,NA,NA,NA,NA,NA
"1918",999,"ALLARM","ALLARM.LT5","07/16/2018","10:52:00","TDS.1","M1",9334,"CMC","NTWQM",2018-07-16 10:52:00,0.1,"ISM","1","Water",NA,420,"MG/L",NA,NA,NA,NA,2,"",1,1,"S","PARTNTID",NA,NA
"1919",999,"ALLARM","ALLARM.LT10","04/18/2018","15:24:00","TDS.1","M1",7951,"CMC","NTWQM",2018-04-18 15:24:00,0.1,"ISM","1","Water",NA,520,"MG/L",NA,NA,NA,NA,2,"",1,1,"S","PARTNTID",NA,NA
"NA.34",NA,NA,NA,NA,NA,NA,NA,NA,NA,NA,NA,NA,NA,NA,NA,NA,NA,NA,NA,NA,NA,NA,NA,NA,NA,NA,NA,NA,NA,NA
"1921",999,"ALLARM","ALLARM.LT2","01/15/2018","10:34:00","TDS.1","M1",7925,"CMC","NTWQM",2018-01-15 10:34:00,0.1,"ISM","1","Water",NA,420,"MG/L",NA,NA,NA,NA,2,"",1,1,"S","PARTNTID",NA,NA
"NA.35",NA,NA,NA,NA,NA,NA,NA,NA,NA,NA,NA,NA,NA,NA,NA,NA,NA,NA,NA,NA,NA,NA,NA,NA,NA,NA,NA,NA,NA,NA
"1923",999,"ALLARM","ALLARM.LT9","06/11/2018","11:49:00","TDS.1","M1",9329,"CMC","NTWQM",2018-06-11 11:49:00,0.1,"ISM","1","Water",NA,430,"MG/L",NA,NA,NA,NA,2,"",1,1,"S","PARTNTID",NA,NA
"1924",999,"ALLARM","ALLARM.LT5","02/06/2018","14:52:00","TDS.1","M1",7934,"CMC","NTWQM",2018-02-06 14:52:00,0.1,"ISM","1","Water",NA,440,"MG/L",NA,NA,NA,NA,2,"",1,1,"S","PARTNTID",NA,NA
"1925",999,"ALLARM","ALLARM.LT6","01/15/2018","11:22:00","TDS.1","M1",7928,"CMC","NTWQM",2018-01-15 11:22:00,0.1,"ISM","1","Water",NA,470,"MG/L",NA,NA,NA,NA,2,"",1,1,"S","PARTNTID",NA,NA
"1926",999,"ALLARM","ALLARM.LT10","05/01/2018","15:38:00","TDS.1","M1",7958,"CMC","NTWQM",2018-05-01 15:38:00,0.1,"ISM","1","Water",NA,540,"MG/L",NA,NA,NA,NA,2,"",1,1,"S","PARTNTID",NA,NA
"NA.36",NA,NA,NA,NA,NA,NA,NA,NA,NA,NA,NA,NA,NA,NA,NA,NA,NA,NA,NA,NA,NA,NA,NA,NA,NA,NA,NA,NA,NA,NA
"NA.37",NA,NA,NA,NA,NA,NA,NA,NA,NA,NA,NA,NA,NA,NA,NA,NA,NA,NA,NA,NA,NA,NA,NA,NA,NA,NA,NA,NA,NA,NA
"1929",999,"ALLARM","ALLARM.LT1","01/15/2018","10:40:00","TDS.1","M1",7924,"CMC","NTWQM",2018-01-15 10:40:00,0.1,"ISM","1","Water",NA,460,"MG/L",NA,NA,NA,NA,2,"",1,1,"S","PARTNTID",NA,NA
"NA.38",NA,NA,NA,NA,NA,NA,NA,NA,NA,NA,NA,NA,NA,NA,NA,NA,NA,NA,NA,NA,NA,NA,NA,NA,NA,NA,NA,NA,NA,NA
"1931",999,"ALLARM","ALLARM.LT5","03/05/2018","14:36:00","TDS.1","M1",7941,"CMC","NTWQM",2018-03-05 14:36:00,0.1,"ISM","1","Water",NA,430,"MG/L",NA,NA,NA,NA,2,"",1,1,"S","PARTNTID",NA,NA
"1932",999,"ALLARM","ALLARM.LT2","05/01/2018","14:16:00","TDS.1","M1",7953,"CMC","NTWQM",2018-05-01 14:16:00,0.1,"ISM","1","Water",NA,390,"MG/L",NA,NA,NA,NA,2,"",1,1,"S","PARTNTID",NA,NA
"1933",999,"ALLARM","ALLARM.LT10","06/11/2018","12:10:00","TDS.1","M1",9330,"CMC","NTWQM",2018-06-11 12:10:00,0.1,"ISM","1","Water",NA,410,"MG/L",NA,NA,NA,NA,2,"",1,1,"S","PARTNTID",NA,NA
"NA.39",NA,NA,NA,NA,NA,NA,NA,NA,NA,NA,NA,NA,NA,NA,NA,NA,NA,NA,NA,NA,NA,NA,NA,NA,NA,NA,NA,NA,NA,NA
"1935",999,"ACB","ACB.POC01","01/16/2018","13:15:00","TSS.1","S1",5672,"CMC","NTWQM",2018-01-16 13:15:00,0.3,"D","2","Water",NA,3,"MG/L",NA,"RWWTP","City of Richmond WWTP",NA,2,"",1,1,"S","PARTNTID",NA,NA
"NA.40",NA,NA,NA,NA,NA,NA,NA,NA,NA,NA,NA,NA,NA,NA,NA,NA,NA,NA,NA,NA,NA,NA,NA,NA,NA,NA,NA,NA,NA,NA
"1937",999,"ALLARM","ALLARM.LT5","04/18/2018","14:26:00","TDS.1","M1",7948,"CMC","NTWQM",2018-04-18 14:26:00,0.1,"ISM","1","Water",NA,430,"MG/L",NA,NA,NA,NA,2,"",1,1,"S","PARTNTID",NA,NA
"1938",999,"ALLARM","ALLARM.LT6","03/05/2018","14:53:00","TDS.1","M1",7942,"CMC","NTWQM",2018-03-05 14:53:00,0.1,"ISM","1","Water",NA,470,"MG/L",NA,NA,NA,NA,2,"",1,1,"S","PARTNTID",NA,NA
"1939",999,"ALLARM","ALLARM.LT2","06/11/2018","10:48:00","TDS.1","M1",9325,"CMC","NTWQM",2018-06-11 10:48:00,0.1,"ISM","1","Water",NA,380,"MG/L",NA,NA,NA,NA,2,"",1,1,"S","PARTNTID",NA,NA
"NA.41",NA,NA,NA,NA,NA,NA,NA,NA,NA,NA,NA,NA,NA,NA,NA,NA,NA,NA,NA,NA,NA,NA,NA,NA,NA,NA,NA,NA,NA,NA
"NA.42",NA,NA,NA,NA,NA,NA,NA,NA,NA,NA,NA,NA,NA,NA,NA,NA,NA,NA,NA,NA,NA,NA,NA,NA,NA,NA,NA,NA,NA,NA
"NA.43",NA,NA,NA,NA,NA,NA,NA,NA,NA,NA,NA,NA,NA,NA,NA,NA,NA,NA,NA,NA,NA,NA,NA,NA,NA,NA,NA,NA,NA,NA
"NA.44",NA,NA,NA,NA,NA,NA,NA,NA,NA,NA,NA,NA,NA,NA,NA,NA,NA,NA,NA,NA,NA,NA,NA,NA,NA,NA,NA,NA,NA,NA
"1944",999,"ALLARM","ALLARM.LT5","05/01/2018","14:40:00","TDS.1","M1",7955,"CMC","NTWQM",2018-05-01 14:40:00,0.1,"ISM","1","Water",NA,420,"MG/L",NA,NA,NA,NA,2,"",1,1,"S","PARTNTID",NA,NA
"NA.45",NA,NA,NA,NA,NA,NA,NA,NA,NA,NA,NA,NA,NA,NA,NA,NA,NA,NA,NA,NA,NA,NA,NA,NA,NA,NA,NA,NA,NA,NA
"NA.46",NA,NA,NA,NA,NA,NA,NA,NA,NA,NA,NA,NA,NA,NA,NA,NA,NA,NA,NA,NA,NA,NA,NA,NA,NA,NA,NA,NA,NA,NA
"NA.47",NA,NA,NA,NA,NA,NA,NA,NA,NA,NA,NA,NA,NA,NA,NA,NA,NA,NA,NA,NA,NA,NA,NA,NA,NA,NA,NA,NA,NA,NA
"NA.48",NA,NA,NA,NA,NA,NA,NA,NA,NA,NA,NA,NA,NA,NA,NA,NA,NA,NA,NA,NA,NA,NA,NA,NA,NA,NA,NA,NA,NA,NA
"1949",999,"ALLARM","ALLARM.LT1","02/06/2018","14:09:00","TDS.1","M1",7931,"CMC","NTWQM",2018-02-06 14:09:00,0.1,"ISM","1","Water",NA,430,"MG/L",NA,NA,NA,NA,2,"",1,1,"S","PARTNTID",NA,NA
"NA.49",NA,NA,NA,NA,NA,NA,NA,NA,NA,NA,NA,NA,NA,NA,NA,NA,NA,NA,NA,NA,NA,NA,NA,NA,NA,NA,NA,NA,NA,NA
"1951",999,"ALLARM","ALLARM.LT5","06/11/2018","11:10:00","TDS.1","M1",9327,"CMC","NTWQM",2018-06-11 11:10:00,0.1,"ISM","1","Water",NA,410,"MG/L",NA,NA,NA,NA,2,"",1,1,"S","PARTNTID",NA,NA
"1952",999,"ALLARM","ALLARM.LT2","02/06/2018","14:21:00","TDS.1","M1",7932,"CMC","NTWQM",2018-02-06 14:21:00,0.1,"ISM","1","Water",NA,390,"MG/L",NA,NA,NA,NA,2,"",1,1,"S","PARTNTID",NA,NA
"NA.50",NA,NA,NA,NA,NA,NA,NA,NA,NA,NA,NA,NA,NA,NA,NA,NA,NA,NA,NA,NA,NA,NA,NA,NA,NA,NA,NA,NA,NA,NA
"1954",999,"ALLARM","ALLARM.LT1","02/06/2018","18:18:00","TDS.1","M1",9117,"CMC","NTWQM",2018-02-06 18:18:00,0.3,"ISM","1","Water",NA,12,"MG/L",NA,NA,NA,NA,2,NA,1,1,"S","PARTNTID",NA,NA
"NA.51",NA,NA,NA,NA,NA,NA,NA,NA,NA,NA,NA,NA,NA,NA,NA,NA,NA,NA,NA,NA,NA,NA,NA,NA,NA,NA,NA,NA,NA,NA
"NA.52",NA,NA,NA,NA,NA,NA,NA,NA,NA,NA,NA,NA,NA,NA,NA,NA,NA,NA,NA,NA,NA,NA,NA,NA,NA,NA,NA,NA,NA,NA
"1957",999,"ALLARM","ALLARM.LT9","05/01/2018","15:26:00","TDS.1","M1",7957,"CMC","NTWQM",2018-05-01 15:26:00,0.1,"ISM","1","Water",NA,510,"MG/L",NA,NA,NA,NA,2,"",1,1,"S","PARTNTID",NA,NA
"1958",999,"ALLARM","ALLARM.LT6","06/11/2018","11:33:00","TDS.1","M1",9328,"CMC","NTWQM",2018-06-11 11:33:00,0.1,"ISM","1","Water",NA,410,"MG/L",NA,NA,NA,NA,2,"",1,1,"S","PARTNTID",NA,NA
"1959",999,"ALLARM","ALLARM.LT2","03/05/2018","13:56:00","TDS.1","M1",7939,"CMC","NTWQM",2018-03-05 13:56:00,0.1,"ISM","1","Water",NA,390,"MG/L",NA,NA,NA,NA,2,"",1,1,"S","PARTNTID",NA,NA
"NA.53",NA,NA,NA,NA,NA,NA,NA,NA,NA,NA,NA,NA,NA,NA,NA,NA,NA,NA,NA,NA,NA,NA,NA,NA,NA,NA,NA,NA,NA,NA
"1961",999,"ALLARM","ALLARM.LT1","05/01/2018","14:25:00","TDS.1","M1",7952,"CMC","NTWQM",2018-05-01 14:25:00,0.1,"ISM","1","Water",NA,420,"MG/L",NA,NA,NA,NA,2,"",1,1,"S","PARTNTID",NA,NA
"NA.54",NA,NA,NA,NA,NA,NA,NA,NA,NA,NA,NA,NA,NA,NA,NA,NA,NA,NA,NA,NA,NA,NA,NA,NA,NA,NA,NA,NA,NA,NA
"NA.55",NA,NA,NA,NA,NA,NA,NA,NA,NA,NA,NA,NA,NA,NA,NA,NA,NA,NA,NA,NA,NA,NA,NA,NA,NA,NA,NA,NA,NA,NA
"1964",999,"ALLARM","ALLARM.LT10","07/16/2018","11:55:00","TDS.1","M1",9337,"CMC","NTWQM",2018-07-16 11:55:00,0.1,"ISM","1","Water",NA,480,"MG/L",NA,NA,NA,NA,2,"",1,1,"S","PARTNTID",NA,NA
"NA.56",NA,NA,NA,NA,NA,NA,NA,NA,NA,NA,NA,NA,NA,NA,NA,NA,NA,NA,NA,NA,NA,NA,NA,NA,NA,NA,NA,NA,NA,NA
"NA.57",NA,NA,NA,NA,NA,NA,NA,NA,NA,NA,NA,NA,NA,NA,NA,NA,NA,NA,NA,NA,NA,NA,NA,NA,NA,NA,NA,NA,NA,NA
"NA.58",NA,NA,NA,NA,NA,NA,NA,NA,NA,NA,NA,NA,NA,NA,NA,NA,NA,NA,NA,NA,NA,NA,NA,NA,NA,NA,NA,NA,NA,NA
"NA.59",NA,NA,NA,NA,NA,NA,NA,NA,NA,NA,NA,NA,NA,NA,NA,NA,NA,NA,NA,NA,NA,NA,NA,NA,NA,NA,NA,NA,NA,NA
"NA.60",NA,NA,NA,NA,NA,NA,NA,NA,NA,NA,NA,NA,NA,NA,NA,NA,NA,NA,NA,NA,NA,NA,NA,NA,NA,NA,NA,NA,NA,NA
"NA.61",NA,NA,NA,NA,NA,NA,NA,NA,NA,NA,NA,NA,NA,NA,NA,NA,NA,NA,NA,NA,NA,NA,NA,NA,NA,NA,NA,NA,NA,NA
"1971",999,"ALLARM","ALLARM.LT6","02/06/2018","15:03:00","TDS.1","M1",7935,"CMC","NTWQM",2018-02-06 15:03:00,0.1,"ISM","1","Water",NA,450,"MG/L",NA,NA,NA,NA,2,"",1,1,"S","PARTNTID",NA,NA
"NA.62",NA,NA,NA,NA,NA,NA,NA,NA,NA,NA,NA,NA,NA,NA,NA,NA,NA,NA,NA,NA,NA,NA,NA,NA,NA,NA,NA,NA,NA,NA
"NA.63",NA,NA,NA,NA,NA,NA,NA,NA,NA,NA,NA,NA,NA,NA,NA,NA,NA,NA,NA,NA,NA,NA,NA,NA,NA,NA,NA,NA,NA,NA
"NA.64",NA,NA,NA,NA,NA,NA,NA,NA,NA,NA,NA,NA,NA,NA,NA,NA,NA,NA,NA,NA,NA,NA,NA,NA,NA,NA,NA,NA,NA,NA
"NA.65",NA,NA,NA,NA,NA,NA,NA,NA,NA,NA,NA,NA,NA,NA,NA,NA,NA,NA,NA,NA,NA,NA,NA,NA,NA,NA,NA,NA,NA,NA
"NA.66",NA,NA,NA,NA,NA,NA,NA,NA,NA,NA,NA,NA,NA,NA,NA,NA,NA,NA,NA,NA,NA,NA,NA,NA,NA,NA,NA,NA,NA,NA
"1977",999,"ALLARM","ALLARM.LT2","04/18/2018","14:01:00","TDS.1","M1",7946,"CMC","NTWQM",2018-04-18 14:01:00,0.1,"ISM","1","Water",NA,390,"MG/L",NA,NA,NA,NA,2,"",1,1,"S","PARTNTID",NA,NA
"NA.67",NA,NA,NA,NA,NA,NA,NA,NA,NA,NA,NA,NA,NA,NA,NA,NA,NA,NA,NA,NA,NA,NA,NA,NA,NA,NA,NA,NA,NA,NA
"1979",999,"ALLARM","ALLARM.LT6","07/16/2018","11:05:00","TDS.1","M1",9335,"CMC","NTWQM",2018-07-16 11:05:00,0.1,"ISM","1","Water",NA,420,"MG/L",NA,NA,NA,NA,2,"",1,1,"S","PARTNTID",NA,NA
"1980",999,"ALLARM","ALLARM.LT9","01/15/2018","11:38:00","TDS.1","M1",7929,"CMC","NTWQM",2018-01-15 11:38:00,0.1,"ISM","1","Water",NA,570,"MG/L",NA,NA,NA,NA,2,"",1,1,"S","PARTNTID",NA,NA
