"","paramMethod","SOURCE","STATION","SAMPLE_DATE","SAMPLE_TIME","paramCode","SAMPLE_ID","EventId","AGENCY","PROGRAM","DateTime","DEPTH","SAMPLE_TYPE","TIER","Matrix","QUALIFIER","VALUE","UNITS","PROBLEM","LAB","labName","detLimit","qaFlag","COMMENTS","count.x","count.y","LAYER","PROJECT","SampleAnalyticalMethodIdentifier","SubstanceIdentificationName"
"651",242,"CCCD","CCCD.BIGSPRCRE4.69","03/03/2018","09:00:00","CO.4","M1",10201,"CMC","NTWQM",2018-03-03 09:00:00,0.3,"ISM","p2","Water",NA,594,NA,NA,NA,NA,NA,2,"",1,1,"S","PARTNTID","F02 ","SPCOND"
"652",242,"CCCD","CCCD.CONCRE32.47","09/29/2018","09:00:00","CO.4","M1",10253,"CMC","NTWQM",2018-09-29 09:00:00,0.3,"ISM","p2","Water",NA,197.8,NA,NA,NA,NA,NA,2,"",1,1,"S","PARTNTID","F02 ","SPCOND"
"653",242,"CCCD","CCCD.TRISPRRUN0.16","03/03/2018","09:00:00","CO.4","M1",10225,"CMC","NTWQM",2018-03-03 09:00:00,0.3,"ISM","p2","Water",NA,892,NA,NA,NA,NA,NA,2,"",1,1,"S","PARTNTID","F02 ","SPCOND"
"654",242,"CCCD","CCCD.CONCRE5.25","06/23/2018","09:00:00","CO.4","M1",10239,"CMC","NTWQM",2018-06-23 09:00:00,0.3,"ISM","p2","Water",NA,526,NA,NA,NA,NA,NA,2,"",1,1,"S","PARTNTID","F02 ","SPCOND"
"656",242,"CCCD","CCCD.CONCRE59.72","03/03/2018","09:00:00","CO.4","M1",10215,"CMC","NTWQM",2018-03-03 09:00:00,0.3,"ISM","p2","Water",NA,180,NA,NA,NA,NA,NA,2,"",1,1,"S","PARTNTID","F02 ","SPCOND"
"658",242,"CCCD","CCCD.GRESPRCRE0.16","06/23/2018","09:00:00","CO.4","M1",10242,"CMC","NTWQM",2018-06-23 09:00:00,0.3,"ISM","p2","Water",NA,658,NA,NA,NA,NA,NA,2,"",1,1,"S","PARTNTID","F02 ","SPCOND"
"659",242,"CCCD","CCCD.TRISPRRUN0.16","09/29/2018","09:00:00","CO.4","M1",10265,"CMC","NTWQM",2018-09-29 09:00:00,0.3,"ISM","p2","Water",NA,698,NA,NA,NA,NA,NA,2,"",1,1,"S","PARTNTID","F02 ","SPCOND"
"660",242,"CCCD","CCCD.HOGRUN0.98","09/29/2018","09:00:00","CO.4","M1",10261,"CMC","NTWQM",2018-09-29 09:00:00,0.3,"ISM","p2","Water",NA,656,NA,NA,NA,NA,NA,2,"",1,1,"S","PARTNTID","F02 ","SPCOND"
"661",242,"CCCD","CCCD.UNT0.06","03/03/2018","09:00:00","CO.4","M1",10226,"CMC","NTWQM",2018-03-03 09:00:00,0.3,"ISM","p2","Water",NA,148,NA,NA,NA,NA,NA,2,"",1,1,"S","PARTNTID","F02 ","SPCOND"
"664",242,"CCCD","CCCD.LETSPRRUN4.77","03/03/2018","09:00:00","CO.4","M1",10221,"CMC","NTWQM",2018-03-03 09:00:00,0.3,"ISM","p2","Water",NA,663,NA,NA,NA,NA,NA,2,"",1,1,"S","PARTNTID","F02 ","SPCOND"
"666",242,"CCCD","CCCD.BRARUN0.01","09/29/2018","09:00:00","CO.4","M1",10250,"CMC","NTWQM",2018-09-29 09:00:00,0.3,"ISM","p2","Water",NA,152,NA,NA,NA,NA,NA,2,"",1,1,"S","PARTNTID","F02 ","SPCOND"
"668",242,"CCCD","CCCD.CONCRE79.50","06/23/2018","09:00:00","CO.4","M1",10241,"CMC","NTWQM",2018-06-23 09:00:00,0.3,"ISM","p2","Water",NA,85.1,NA,NA,NA,NA,NA,2,"",1,1,"S","PARTNTID","F02 ","SPCOND"
"670",242,"CCCD","CCCD.CONCRE27.96","06/23/2018","09:00:00","CO.4","M1",10235,"CMC","NTWQM",2018-06-23 09:00:00,0.3,"ISM","p2","Water",NA,463,NA,NA,NA,NA,NA,2,"",1,1,"S","PARTNTID","F02 ","SPCOND"
"671",242,"CCCD","CCCD.HOGRUN0.98","03/03/2018","09:00:00","CO.4","M1",10220,"CMC","NTWQM",2018-03-03 09:00:00,0.3,"ISM","p2","Water",NA,774,NA,NA,NA,NA,NA,2,"",1,1,"S","PARTNTID","F02 ","SPCOND"
"673",242,"CCCD","CCCD.UNT0.06","09/29/2018","09:00:00","CO.4","M1",10266,"CMC","NTWQM",2018-09-29 09:00:00,0.3,"ISM","p2","Water",NA,160.8,NA,NA,NA,NA,NA,2,"",1,1,"S","PARTNTID","F02 ","SPCOND"
"674",242,"CCCD","CCCD.BRARUN0.01","03/03/2018","09:00:00","CO.4","M1",10202,"CMC","NTWQM",2018-03-03 09:00:00,0.3,"ISM","p2","Water",NA,220,NA,NA,NA,NA,NA,2,"",1,1,"S","PARTNTID","F02 ","SPCOND"
"675",242,"CCCD","CCCD.HOGRUN0.98","06/23/2018","09:00:00","CO.4","M1",10243,"CMC","NTWQM",2018-06-23 09:00:00,0.3,"ISM","p2","Water",NA,706,NA,NA,NA,NA,NA,2,"",1,1,"S","PARTNTID","F02 ","SPCOND"
"676",242,"CCCD","CCCD.LETSPRRUN4.77","09/29/2018","09:00:00","CO.4","M1",10262,"CMC","NTWQM",2018-09-29 09:00:00,0.3,"ISM","p2","Water",NA,608,NA,NA,NA,NA,NA,2,"",1,1,"S","PARTNTID","F02 ","SPCOND"
"677",242,"CCCD","CCCD.CONCRE1.85","03/03/2018","09:00:00","CO.4","M1",10204,"CMC","NTWQM",2018-03-03 09:00:00,0.3,"ISM","p2","Water",NA,364,NA,NA,NA,NA,NA,2,"",1,1,"S","PARTNTID","F02 ","SPCOND"
"678",242,"CCCD","CCCD.CONCRE32.47","03/03/2018","09:00:00","CO.4","M1",10209,"CMC","NTWQM",2018-03-03 09:00:00,0.3,"ISM","p2","Water",NA,257,NA,NA,NA,NA,NA,2,"",1,1,"S","PARTNTID","F02 ","SPCOND"
"679",242,"CCCD","CCCD.CONCRE27.96","03/03/2018","09:00:00","CO.4","M1",10208,"CMC","NTWQM",2018-03-03 09:00:00,0.3,"ISM","p2","Water",NA,311,NA,NA,NA,NA,NA,2,"",1,1,"S","PARTNTID","F02 ","SPCOND"
"680",242,"CCCD","CCCD.CONCRE35.82","06/23/2018","09:00:00","CO.4","M1",10237,"CMC","NTWQM",2018-06-23 09:00:00,0.3,"ISM","p2","Water",NA,457,NA,NA,NA,NA,NA,2,"",1,1,"S","PARTNTID","F02 ","SPCOND"
"681",242,"CCCD","CCCD.CONCRE35.82","03/03/2018","09:00:00","CO.4","M1",10210,"CMC","NTWQM",2018-03-03 09:00:00,0.3,"ISM","p2","Water",NA,303,NA,NA,NA,NA,NA,2,"",1,1,"S","PARTNTID","F02 ","SPCOND"
"682",242,"CCCD","CCCD.BIGSPRCRE1.23","09/29/2018","09:00:00","CO.4","M1",10249,"CMC","NTWQM",2018-09-29 09:00:00,0.3,"ISM","p2","Water",NA,621,NA,NA,NA,NA,NA,2,"",1,1,"S","PARTNTID","F02 ","SPCOND"
"683",242,"CCCD","CCCD.ENORUN0.47","03/03/2018","09:00:00","CO.4","M1",10218,"CMC","NTWQM",2018-03-03 09:00:00,0.3,"ISM","p2","Water",NA,664,NA,NA,NA,NA,NA,2,"",1,1,"S","PARTNTID","F02 ","SPCOND"
"685",242,"CCCD","CCCD.CONCRE13.64","06/23/2018","09:00:00","CO.4","M1",10234,"CMC","NTWQM",2018-06-23 09:00:00,0.3,"ISM","p2","Water",NA,587,NA,NA,NA,NA,NA,2,"",1,1,"S","PARTNTID","F02 ","SPCOND"
"687",242,"CCCD","CCCD.CONCRE59.72","06/23/2018","09:00:00","CO.4","M1",10240,"CMC","NTWQM",2018-06-23 09:00:00,0.3,"ISM","p2","Water",NA,323,NA,NA,NA,NA,NA,2,"",1,1,"S","PARTNTID","F02 ","SPCOND"
"690",242,"CCCD","CCCD.CONCRE13.64","09/29/2018","09:00:00","CO.4","M1",10251,"CMC","NTWQM",2018-09-29 09:00:00,0.3,"ISM","p2","Water",NA,242,NA,NA,NA,NA,NA,2,"",1,1,"S","PARTNTID","F02 ","SPCOND"
"692",242,"CCCD","CCCD.CONCRE39.03","06/22/2018","09:00:00","CO.4","M1",10229,"CMC","NTWQM",2018-06-22 09:00:00,0.3,"ISM","p2","Water",NA,412,NA,NA,NA,NA,NA,2,"",1,1,"S","PARTNTID","F02 ","SPCOND"
"697",242,"CCCD","CCCD.CONCRE35.82","09/29/2018","09:00:00","CO.4","M1",10254,"CMC","NTWQM",2018-09-29 09:00:00,0.3,"ISM","p2","Water",NA,223,NA,NA,NA,NA,NA,2,"",1,1,"S","PARTNTID","F02 ","SPCOND"
"698",242,"CCCD","CCCD.CONCRE43.93","03/03/2018","09:00:00","CO.4","M1",10212,"CMC","NTWQM",2018-03-03 09:00:00,0.3,"ISM","p2","Water",NA,247,NA,NA,NA,NA,NA,2,"",1,1,"S","PARTNTID","F02 ","SPCOND"
"700",242,"CCCD","CCCD.MIDSPRCRE5.26","03/03/2018","09:00:00","CO.4","M1",10223,"CMC","NTWQM",2018-03-03 09:00:00,0.3,"ISM","p2","Water",NA,440,NA,NA,NA,NA,NA,2,"",1,1,"S","PARTNTID","F02 ","SPCOND"
"701",242,"CCCD","CCCD.WERRUN0.34","06/23/2018","09:00:00","CO.4","M1",10248,"CMC","NTWQM",2018-06-23 09:00:00,0.3,"ISM","p2","Water",NA,156.2,NA,NA,NA,NA,NA,2,"",1,1,"S","PARTNTID","F02 ","SPCOND"
"702",242,"CCCD","CCCD.CONCRE21.95","03/03/2018","09:00:00","CO.4","M1",10207,"CMC","NTWQM",2018-03-03 09:00:00,0.3,"ISM","p2","Water",NA,281,NA,NA,NA,NA,NA,2,"",1,1,"S","PARTNTID","F02 ","SPCOND"
"703",242,"CCCD","CCCD.CONCRE43.93","06/23/2018","09:00:00","CO.4","M1",10238,"CMC","NTWQM",2018-06-23 09:00:00,0.3,"ISM","p2","Water",NA,407,NA,NA,NA,NA,NA,2,"",1,1,"S","PARTNTID","F02 ","SPCOND"
"704",242,"CCCD","CCCD.UNT0.07","03/03/2018","09:00:00","CO.4","M1",10227,"CMC","NTWQM",2018-03-03 09:00:00,0.3,"ISM","p2","Water",NA,183.2,NA,NA,NA,NA,NA,2,"",1,1,"S","PARTNTID","F02 ","SPCOND"
"706",242,"CCCD","CCCD.UNT0.07","06/23/2018","09:00:00","CO.4","M1",10247,"CMC","NTWQM",2018-06-23 09:00:00,0.3,"ISM","p2","Water",NA,215,NA,NA,NA,NA,NA,2,"",1,1,"S","PARTNTID","F02 ","SPCOND"
"707",242,"CCCD","CCCD.TRISPRRUN0.16","06/23/2018","09:00:00","CO.4","M1",10246,"CMC","NTWQM",2018-06-23 09:00:00,0.3,"ISM","p2","Water",NA,760,NA,NA,NA,NA,NA,2,"",1,1,"S","PARTNTID","F02 ","SPCOND"
"710",242,"CCCD","CCCD.CONCRE39.03","09/29/2018","09:00:00","CO.4","M1",10255,"CMC","NTWQM",2018-09-29 09:00:00,0.3,"ISM","p2","Water",NA,197.4,NA,NA,NA,NA,NA,2,"",1,1,"S","PARTNTID","F02 ","SPCOND"
"713",242,"CCCD","CCCD.BIGSPRCRE1.23","06/23/2018","09:00:00","CO.4","M1",10232,"CMC","NTWQM",2018-06-23 09:00:00,0.3,"ISM","p2","Water",NA,546,NA,NA,NA,NA,NA,2,"",1,1,"S","PARTNTID","F02 ","SPCOND"
"716",242,"CCCD","CCCD.CONCRE5.25","03/03/2018","09:00:00","CO.4","M1",10214,"CMC","NTWQM",2018-03-03 09:00:00,0.3,"ISM","p2","Water",NA,347,NA,NA,NA,NA,NA,2,"",1,1,"S","PARTNTID","F02 ","SPCOND"
"719",242,"CCCD","CCCD.LETSPRRUN4.77","06/22/2018","09:00:00","CO.4","M1",10230,"CMC","NTWQM",2018-06-22 09:00:00,0.3,"ISM","p2","Water",NA,562,NA,NA,NA,NA,NA,2,"",1,1,"S","PARTNTID","F02 ","SPCOND"
"721",242,"CCCD","CCCD.CONCRE13.64","03/03/2018","09:00:00","CO.4","M1",10206,"CMC","NTWQM",2018-03-03 09:00:00,0.3,"ISM","p2","Water",NA,366,NA,NA,NA,NA,NA,2,"",1,1,"S","PARTNTID","F02 ","SPCOND"
"722",242,"CCCD","CCCD.CONCRE44.27","03/03/2018","09:00:00","CO.4","M1",10213,"CMC","NTWQM",2018-03-03 09:00:00,0.3,"ISM","p2","Water",NA,110,NA,NA,NA,NA,NA,2,"",1,1,"S","PARTNTID","F02 ","SPCOND"
"723",242,"CCCD","CCCD.CONCRE32.47","06/23/2018","09:00:00","CO.4","M1",10236,"CMC","NTWQM",2018-06-23 09:00:00,0.3,"ISM","p2","Water",NA,438,NA,NA,NA,NA,NA,2,"",1,1,"S","PARTNTID","F02 ","SPCOND"
"725",242,"CCCD","CCCD.CONCRE6.09","03/03/2018","09:00:00","CO.4","M1",10216,"CMC","NTWQM",2018-03-03 09:00:00,0.3,"ISM","p2","Water",NA,331,NA,NA,NA,NA,NA,2,"",1,1,"S","PARTNTID","F02 ","SPCOND"
"726",242,"CCCD","CCCD.CONCRE79.50","09/29/2018","09:00:00","CO.4","M1",10259,"CMC","NTWQM",2018-09-29 09:00:00,0.3,"ISM","p2","Water",NA,30.5,NA,NA,NA,NA,NA,2,"",1,1,"S","PARTNTID","F02 ","SPCOND"
"731",242,"CCCD","CCCD.CONCRE27.96","09/29/2018","09:00:00","CO.4","M1",10252,"CMC","NTWQM",2018-09-29 09:00:00,0.3,"ISM","p2","Water",NA,262,NA,NA,NA,NA,NA,2,"",1,1,"S","PARTNTID","F02 ","SPCOND"
"732",242,"CCCD","CCCD.GRESPRCRE0.16","03/03/2018","09:00:00","CO.4","M1",10219,"CMC","NTWQM",2018-03-03 09:00:00,0.3,"ISM","p2","Water",NA,609,NA,NA,NA,NA,NA,2,"",1,1,"S","PARTNTID","F02 ","SPCOND"
"733",242,"CCCD","CCCD.CONCRE79.50","03/03/2018","09:00:00","CO.4","M1",10217,"CMC","NTWQM",2018-03-03 09:00:00,0.3,"ISM","p2","Water",NA,46.1,NA,NA,NA,NA,NA,2,"",1,1,"S","PARTNTID","F02 ","SPCOND"
"736",242,"CCCD","CCCD.UNT0.07","09/29/2018","09:00:00","CO.4","M1",10267,"CMC","NTWQM",2018-09-29 09:00:00,0.3,"ISM","p2","Water",NA,136.3,NA,NA,NA,NA,NA,2,"",1,1,"S","PARTNTID","F02 ","SPCOND"
"739",242,"CCCD","CCCD.CONCRE5.25","09/29/2018","09:00:00","CO.4","M1",10257,"CMC","NTWQM",2018-09-29 09:00:00,0.3,"ISM","p2","Water",NA,246,NA,NA,NA,NA,NA,2,"",1,1,"S","PARTNTID","F02 ","SPCOND"
"740",242,"CCCD","CCCD.GRESPRCRE0.16","09/29/2018","09:00:00","CO.4","M1",10260,"CMC","NTWQM",2018-09-29 09:00:00,0.3,"ISM","p2","Water",NA,494,NA,NA,NA,NA,NA,2,"",1,1,"S","PARTNTID","F02 ","SPCOND"
"744",242,"CCCD","CCCD.MIDSPRCRE0.02","09/29/2018","09:00:00","CO.4","M1",10263,"CMC","NTWQM",2018-09-29 09:00:00,0.3,"ISM","p2","Water",NA,332,NA,NA,NA,NA,NA,2,"",1,1,"S","PARTNTID","F02 ","SPCOND"
"747",242,"CCCD","CCCD.MOUROCSPRCRE0.03","03/03/2018","09:00:00","CO.4","M1",10224,"CMC","NTWQM",2018-03-03 09:00:00,0.3,"ISM","p2","Water",NA,692,NA,NA,NA,NA,NA,2,"",1,1,"S","PARTNTID","F02 ","SPCOND"
"749",242,"CCCD","CCCD.MOUROCSPRCRE0.03","06/23/2018","09:00:00","CO.4","M1",10245,"CMC","NTWQM",2018-06-23 09:00:00,0.3,"ISM","p2","Water",NA,660,NA,NA,NA,NA,NA,2,"",1,1,"S","PARTNTID","F02 ","SPCOND"
"750",242,"CCCD","CCCD.MIDSPRCRE0.02","06/23/2018","09:00:00","CO.4","M1",10244,"CMC","NTWQM",2018-06-23 09:00:00,0.3,"ISM","p2","Water",NA,618,NA,NA,NA,NA,NA,2,"",1,1,"S","PARTNTID","F02 ","SPCOND"
"751",242,"CCCD","CCCD.CONCRE11.47","03/03/2018","09:00:00","CO.4","M1",10205,"CMC","NTWQM",2018-03-03 09:00:00,0.3,"ISM","p2","Water",NA,373,NA,NA,NA,NA,NA,2,"",1,1,"S","PARTNTID","F02 ","SPCOND"
"752",242,"CCCD","CCCD.UNT0.06","06/22/2018","09:00:00","CO.4","M1",10231,"CMC","NTWQM",2018-06-22 09:00:00,0.3,"ISM","p2","Water",NA,180.6,NA,NA,NA,NA,NA,2,"",1,1,"S","PARTNTID","F02 ","SPCOND"
"753",242,"CCCD","CCCD.BIGSPRCRE1.23","03/03/2018","09:00:00","CO.4","M1",10200,"CMC","NTWQM",2018-03-03 09:00:00,0.3,"ISM","p2","Water",NA,690,NA,NA,NA,NA,NA,2,"",1,1,"S","PARTNTID","F02 ","SPCOND"
"757",242,"CCCD","CCCD.BRARUN0.01","06/23/2018","09:00:00","CO.4","M1",10233,"CMC","NTWQM",2018-06-23 09:00:00,0.3,"ISM","p2","Water",NA,294,NA,NA,NA,NA,NA,2,"",1,1,"S","PARTNTID","F02 ","SPCOND"
"759",242,"CCCD","CCCD.BURRUN1.38","03/03/2018","09:00:00","CO.4","M1",10203,"CMC","NTWQM",2018-03-03 09:00:00,0.3,"ISM","p2","Water",NA,253,NA,NA,NA,NA,NA,2,"",1,1,"S","PARTNTID","F02 ","SPCOND"
"761",242,"CCCD","CCCD.MIDSPRCRE0.02","03/03/2018","09:00:00","CO.4","M1",10222,"CMC","NTWQM",2018-03-03 09:00:00,0.3,"ISM","p2","Water",NA,484,NA,NA,NA,NA,NA,2,"",1,1,"S","PARTNTID","F02 ","SPCOND"
"762",242,"CCCD","CCCD.WERRUN0.34","03/03/2018","09:00:00","CO.4","M1",10228,"CMC","NTWQM",2018-03-03 09:00:00,0.3,"ISM","p2","Water",NA,181.9,NA,NA,NA,NA,NA,2,"",1,1,"S","PARTNTID","F02 ","SPCOND"
"764",242,"CCCD","CCCD.CONCRE39.03","03/03/2018","09:00:00","CO.4","M1",10211,"CMC","NTWQM",2018-03-03 09:00:00,0.3,"ISM","p2","Water",NA,252,NA,NA,NA,NA,NA,2,"",1,1,"S","PARTNTID","F02 ","SPCOND"
"765",242,"CCCD","CCCD.CONCRE43.93","09/29/2018","09:00:00","CO.4","M1",10256,"CMC","NTWQM",2018-09-29 09:00:00,0.3,"ISM","p2","Water",NA,210,NA,NA,NA,NA,NA,2,"",1,1,"S","PARTNTID","F02 ","SPCOND"
