"","paramMethod","SOURCE","STATION","SAMPLE_DATE","SAMPLE_TIME","paramCode","SAMPLE_ID","EventId","AGENCY","PROGRAM","DateTime","DEPTH","SAMPLE_TYPE","TIER","Matrix","QUALIFIER","VALUE","UNITS","PROBLEM","LAB","labName","detLimit","qaFlag","COMMENTS","count.x","count.y","LAYER","PROJECT","SampleAnalyticalMethodIdentifier","SubstanceIdentificationName"
"532",189,"ALLARM","ALLARM.LT3","01/15/2018","10:23:00","OP.5","S1",7926,"CMC","NTWQM",2018-01-15 10:23:00,0.1,"D","2","Water",NA,0,"MG/L",NA,"ACARL","ALLARM Community Aquatic Research Laboratory",0.02,2,"",1,1,"S","PARTNTID","L02 ","PO4F"
"541",189,"ALLARM","ALLARM.LT3","06/11/2018","10:14:00","OP.5","S1",9326,"CMC","NTWQM",2018-06-11 10:14:00,0.1,"D","2","Water",NA,0.01,"MG/L",NA,"ACARL","ALLARM Community Aquatic Research Laboratory",0.02,2,"",1,1,"S","PARTNTID","L02 ","PO4F"
"553",189,"ALLARM","ALLARM.LT10","05/01/2018","15:38:00","OP.5","S1",7958,"CMC","NTWQM",2018-05-01 15:38:00,0.1,"D","2","Water",NA,0,"MG/L",NA,"ACARL","ALLARM Community Aquatic Research Laboratory",0.02,2,"",1,1,"S","PARTNTID","L02 ","PO4F"
"557",189,"ALLARM","ALLARM.LT9","07/16/2018","11:26:00","OP.5","S1",9336,"CMC","NTWQM",2018-07-16 11:26:00,0.1,"D","2","Water",NA,0.01,"MG/L",NA,"ACARL","ALLARM Community Aquatic Research Laboratory",0.02,2,"",1,1,"S","PARTNTID","L02 ","PO4F"
"560",189,"ALLARM","ALLARM.LT5","03/05/2018","14:36:00","OP.5","S1",7941,"CMC","NTWQM",2018-03-05 14:36:00,0.1,"D","2","Water",NA,0,"MG/L",NA,"ACARL","ALLARM Community Aquatic Research Laboratory",0.02,2,"",1,1,"S","PARTNTID","L02 ","PO4F"
"565",189,"ALLARM","ALLARM.LT3","03/05/2018","13:38:00","OP.5","S1",7940,"CMC","NTWQM",2018-03-05 13:38:00,0.1,"D","2","Water",NA,0,"MG/L",NA,"ACARL","ALLARM Community Aquatic Research Laboratory",0.02,2,"",1,1,"S","PARTNTID","L02 ","PO4F"
"567",189,"ALLARM","ALLARM.LT10","07/16/2018","11:55:00","OP.5","S1",9337,"CMC","NTWQM",2018-07-16 11:55:00,0.1,"D","2","Water",NA,0,"MG/L",NA,"ACARL","ALLARM Community Aquatic Research Laboratory",0.02,2,"",1,1,"S","PARTNTID","L02 ","PO4F"
"570",189,"ALLARM","ALLARM.LT9","03/05/2018","15:02:00","OP.5","S1",7943,"CMC","NTWQM",2018-03-05 15:02:00,0.1,"D","2","Water",NA,0,"MG/L",NA,"ACARL","ALLARM Community Aquatic Research Laboratory",0.02,2,"",1,1,"S","PARTNTID","L02 ","PO4F"
"573",189,"ALLARM","ALLARM.LT5","05/01/2018","14:40:00","OP.5","S1",7955,"CMC","NTWQM",2018-05-01 14:40:00,0.1,"D","2","Water",NA,0,"MG/L",NA,"ACARL","ALLARM Community Aquatic Research Laboratory",0.02,2,"",1,1,"S","PARTNTID","L02 ","PO4F"
"594",189,"ALLARM","ALLARM.LT6","01/15/2018","11:22:00","OP.5","S1",7928,"CMC","NTWQM",2018-01-15 11:22:00,0.1,"D","2","Water",NA,0.01,"MG/L",NA,"ACARL","ALLARM Community Aquatic Research Laboratory",0.02,2,"",1,1,"S","PARTNTID","L02 ","PO4F"
"596",189,"ALLARM","ALLARM.LT1","01/15/2018","10:40:00","OP.5","S1",7924,"CMC","NTWQM",2018-01-15 10:40:00,0.1,"D","2","Water",NA,0,"MG/L",NA,"ACARL","ALLARM Community Aquatic Research Laboratory",0.02,2,"",1,1,"S","PARTNTID","L02 ","PO4F"
"607",189,"ALLARM","ALLARM.LT6","03/05/2018","14:53:00","OP.5","S1",7942,"CMC","NTWQM",2018-03-05 14:53:00,0.1,"D","2","Water",NA,0,"MG/L",NA,"ACARL","ALLARM Community Aquatic Research Laboratory",0.02,2,"",1,1,"S","PARTNTID","L02 ","PO4F"
"620",189,"ALLARM","ALLARM.LT6","05/01/2018","15:10:00","OP.5","S1",7956,"CMC","NTWQM",2018-05-01 15:10:00,0.1,"D","2","Water",NA,0,"MG/L",NA,"ACARL","ALLARM Community Aquatic Research Laboratory",0.02,2,"",1,1,"S","PARTNTID","L02 ","PO4F"
"624",189,"ALLARM","ALLARM.LT9","05/01/2018","15:26:00","OP.5","S1",7957,"CMC","NTWQM",2018-05-01 15:26:00,0.1,"D","2","Water",NA,0,"MG/L",NA,"ACARL","ALLARM Community Aquatic Research Laboratory",0.02,2,"",1,1,"S","PARTNTID","L02 ","PO4F"
"647",189,"ALLARM","ALLARM.LT3","05/01/2018","13:59:00","OP.5","S1",7954,"CMC","NTWQM",2018-05-01 13:59:00,0.1,"D","2","Water",NA,0,"MG/L",NA,"ACARL","ALLARM Community Aquatic Research Laboratory",0.02,2,"",1,1,"S","PARTNTID","L02 ","PO4F"
