"","Code","Latitude","Longitude","NameLong","Description","Datum"
"1","ACB.ARF",37.30734,-78.389257,"Appomattox River at Farmville",NA,"NAD83"
"2","ACB.CB1",37.51261,-77.48008,NA,"Crooked Branch","NAD83"
"3","ACB.CM1",38.343494,-77.1682215,"Caledon Marsh 1","Caledon Marsh 1","NAD83"
"4","ACB.CM2",38.3438051,-77.170389,"Caledon Marsh 2","Caledon Marsh 2","NAD83"
"5","ACB.CR21",37.419912,-76.97541,NA,"Dock at Eagles Landing Public Access","NAD83"
"6","ACB.ENGRUN",38.3318,-77.5071,"England Run",NA,"NAD83"
"7","ACB.JP",38.3638905,-77.1422058,"Jones Pond","Jones Pond","NAD83"
"8","ACB.LILTOT",37.9262344,-76.7199799,NA,"Little Totuskey Creek RT 620 Bridge","NAD83"
"9","ACB.MAT3",37.9080349,-77.2992656,"Mattaponi River 3",NA,"NAD83"
"10","ACB.MJTR",37.63453,-78.90417,NA,"Tye River","NAD83"
"11","ACB.MM",38.3476637,-77.1578686,"Mallows Marsh","Mallows Marsh","NAD83"
"12","ACB.NR1",37.6377352,-77.4774313,"North Run 1",NA,"NAD83"
"13","ACB.POC01",37.464742,-77.499082,"Pocoshock Creek",NA,"NAD83"
"14","ACB.PRC03",37.5943959,-77.4640283,"Princeton Creek at 1618 Princeton Road",NA,"NAD83"
"15","ACB.RC3",37.5147872,-77.4839271,NA,"Reedy Creek at 44th Street","NAD83"
"16","ACB.RC4",37.50686,-77.5043,NA,"Reedy Creek at German School Road","NAD83"
"17","ACB.TB",37.4417,-76.9006,NA,"TYLER'S BEACH","NAD83"
"18","ACB.TOT1",37.9129344,-76.6573787,"Totuskey Creek","Totuskey Creek at Moore's Mill Bridge","NAD83"
"19","ACB.TOT2",37.9260343,-76.7090797,NA,"Totuskey Creek","NAD83"
"20","ACB.TOT3",37.9236345,-76.7206799,NA,"Totuskey Creek at public boat landing","NAD83"
"21","ACB.TOT4",37.8860358,-76.7362806,NA,"Totuskey Creek at the bushes","NAD83"
"22","ACB.UB1",37.6146,-77.4567,NA,"Upham Brook below north run confluence","NAD83"
"23","ACB.UT1",37.51483,-77.48533,"Unnamed tributary of Reedy Creek",NA,"NAD83"
"24","ALLARM.LT1",40.17663,-77.18537,"LeTort Spring Run 6.51","LeTort Site 1","NAD83"
"25","ALLARM.LT10",40.23487,-77.14193,"LeTort Spring Run 0.04","LeTort Site 10","NAD83"
"26","ALLARM.LT2",40.17667,-77.18507,"UNT to LeTort Spring Run 0.01","LeTort Site 2","NAD83"
"27","ALLARM.LT3",40.17999,-77.18692,"LeTort Spring Run 6.24","LeTort Site 3","NAD83"
"28","ALLARM.LT5",40.19528,-77.18423,"LeTort Spring Run 5.05","LeTort Site 5","NAD83"
"29","ALLARM.LT6",40.20792,-77.18104,"LeTort Spring Run 4.05","LeTort Site 6","NAD83"
"30","ALLARM.LT9",40.22429,-77.14928,"LeTort Spring Run 1.53","LeTort Site 9","NAD83"
"31","CBF.Ana-PP",38.86972,-77.00292,"Anacostia River at Poplar Point",NA,"NAD83"
"32","CCCD.BIGSPRCRE1.23",40.174463,-77.395054,"Big Spring Creek 1.23","Big Spring Creek at Laughlin Mill","NAD83"
"33","CCCD.BIGSPRCRE4.69",40.129762,-77.40758,"Big Spring Creek 4.69","Big Spring Creek","NAD83"
"34","CCCD.BRARUN0.01",40.177641,-77.453873,"Brandy Run 0.01","Brandy Run at Steelstown and Brandy Run Road","NAD83"
"35","CCCD.BURRUN1.38",40.061749,-77.514999,"Burd Run 1.38","Burd Run above Middle Spring","NAD83"
"36","CCCD.CONCRE1.85",40.277468,-76.925578,"Conodoguinet Creek 1.85","Conodoguinet Creek at Ridley Park","NAD83"
"37","CCCD.CONCRE11.47",40.241213,-76.969512,"Conodoguinet Creek 11.47","Conodoguinet Creek","NAD83"
"38","CCCD.CONCRE13.64",40.263776,-76.98015,"Conodoguinet Creek 13.64","Conodoguinet Creek at Good Hope Launch","NAD83"
"39","CCCD.CONCRE21.95",40.259296,-77.040426,"Conodoguinet Creek 21.95","Conodoguinet Creek at Willow Mill Park","NAD83"
"40","CCCD.CONCRE27.96",40.259792,-77.103054,"Conodoguinet Creek 27.96","Conodoguinet Creek at Scott Farm Work Center","NAD83"
"41","CCCD.CONCRE32.47",40.235785,-77.14107,"Conodoguinet Creek 32.47","Conodoguinet Creek at Letort Falls Park","NAD83"
"42","CCCD.CONCRE35.82",40.236495,-77.193667,"Conodoguinet Creek 35.82","Conodoguinet Creek at Creekview Park","NAD83"
"43","CCCD.CONCRE39.03",40.234075,-77.218027,"Conodoguinet Creek 39.03","Conodoguinet Creek at North Middleton Park","NAD83"
"44","CCCD.CONCRE43.93",40.224638,-77.260294,"Conodoguinet Creek 43.93","Conodoguinet Creek","NAD83"
"45","CCCD.CONCRE44.27",40.221555,-77.269701,"Conodoguinet Creek 44.27","Conodoguinet Creek below Opossum lake confluence","NAD83"
"46","CCCD.CONCRE5.25",40.27688,-76.944799,"Conodoguinet Creek 5.25","Conodoguinet Creek at Adams-Ricci Park","NAD83"
"47","CCCD.CONCRE59.72",40.177355,-77.454229,"Conodoguinet Creek 59.72","Conodoguinet Creek at Steelstown and Brandy Run Road","NAD83"
"48","CCCD.CONCRE6.09",40.270673,-76.95154,"Conodoguinet Creek 6.09","Conodoguinet Creek at Acri Meadow Park","NAD83"
"49","CCCD.CONCRE79.50",40.068522,-77.643277,"Conodoguinet Creek 79.50","Conodoguinet Creek at Creek Road and Cumberland Highway ","NAD83"
"50","CCCD.ENORUN0.47",40.28072,-76.933674,"Enola Run 0.47","Enola Run below the old landfill","NAD83"
"51","CCCD.GRESPRCRE0.16",40.157973,-77.449899,"Green Spring Creek","Green Spring Creek at Green Spring Brethren in Christ Church","NAD83"
"52","CCCD.HOGRUN0.98",40.244428,-77.033945,"Hogestown Run 0.98","Hogestown Run","NAD83"
"53","CCCD.LETSPRRUN4.77",40.195294,-77.184267,"LeTort Spring Run 4.77","Letort Spring Run at Letort Park","NAD83"
"54","CCCD.MIDSPRCRE0.02",40.10478,-77.559186,"Middle Spring Creek 0.02","Middle Spring Creek at McClays Mill Road","NAD83"
"55","CCCD.MIDSPRCRE5.26",40.061807,-77.532396,"Middle Spring Creek 5.26","Middle Spring Creek at Bard Road Bridge","NAD83"
"56","CCCD.MOUROCSPRCRE0.03",40.214809,-77.299823,"Mount Rock Spring Creek 0.03","Mount Rock Spring Creek","NAD83"
"57","CCCD.TRISPRRUN0.16",40.251672,-77.00744,"Trindle Spring Run 0.16","Trindle Spring Run behind Wegmans","NAD83"
"58","CCCD.UNT0.06",40.231014,-77.218649,"UNT to Conodoguinet Creek 0.06","UNT at North Middleton Park","NAD83"
"59","CCCD.UNT0.07",40.265907,-77.223096,"UNT to Conodoguinet Creek","UNT to Conodoguinet near North Middleton park","NAD83"
"60","CCCD.WERRUN0.34",40.244658,-77.17598,"Wertz Run 0.34","Wertz Run at Partridge Circle Neighborhood Park","NAD83"
"61","CVTU.LETSPRRUN6.66",40.17365,-77.188767,"LeTort Spring Run 6.66","LeTort Spring Run 6.66","NAD83"
"62","CVTU.LETSPRRUN7.23",40.16865,-77.193367,"LeTort Spring Run 7.23","LeTort Spring Run 7.23","NAD83"
"63","CVTU.UNTLETSPRRUN0.71",40.173767,-77.177667,"UNT LeTort Spring Run 0.71","UNT LeTort Spring Run 0.71","NAD83"
"64","CWT.10",37.5271,-77.5643,NA,"Behind Bon Air Elementary School","NAD83"
"65","CWT.11",37.5142,-77.5493,NA,"North of culvert under Poplar Hollow Trail","NAD83"
"66","CWT.14",37.5543,-77.604,NA,"Upstream of boat slip at the Virginia Powerboat Association property","NAD83"
"67","CWT.15",37.3306,-77.7275,NA,"20 feet upstream of River Road bridge","NAD83"
"68","CWT.16",37.4473,-77.739,NA,"At Mount Hermon Road bridge on south bank of creek","NAD83"
"69","CWT.2",37.4542,-77.5804,NA,"Sample taken from wooden bridge that leads to the wetlands area Park at the nature center and walk 1/4 mile on paved trail","NAD83"
"70","CWT.20",37.491,-77.5754,NA,"North bank of creek next to Shenandoah Community Association parking lot","NAD83"
"71","CWT.21",37.44191,-77.56483,NA,"North of picnic shelter at Fernbrook Park","NAD83"
"72","CWT.23",37.3837,-77.6666,NA,"On pedestrian trail behind 14337 Forest Row Trail","NAD83"
"73","CWT.24",37.3682,-77.5187,NA,"South bank of creek at 7700 Old Beach Road at base of historic bridge abutment","NAD83"
"74","CWT.26",37.5518,-77.6633,NA,"West of Kings Farm Drive culvert north bank of creek","NAD83"
"75","CWT.29",37.4416,-77.7119,NA,"On pedestrian trail behind 4400 Lake Summer Place next to sewer access cover","NAD83"
"76","CWT.3",37.4917,-77.6429,NA,"50 yards west of Groveton Terrace","NAD83"
"77","CWT.3.1",37.497,-77.6451,NA,"Upstream pavilion in Midlothian Mines Park ","NAD83"
"78","CWT.30",37.4086,-77.7132,NA,"South bank of creek west of Prescotts Level Culvert","NAD83"
"79","CWT.4",37.4098,-77.6165,NA,"Park near the driveway of the Bailey Bridge Pump Station near Bailey Bridge MS walk down driveway to the stream","NAD83"
"80","CWT.41",37.4865,-77.6403,NA,"West bank of creek north end of Queensgate Road culvert","NAD83"
"81","CWT.45",37.4796,-77.6884,NA,"At Otterdale Road east side of culvert","NAD83"
"82","CWT.53",37.4188,-77.4826,NA,"North bank at the intersection of Beulah and Irongate Roads","NAD83"
"83","CWT.58",37.4694,-77.5466,NA,"East bank of the creek next to the pool parking lot","NAD83"
"84","CWT.6",37.4073,-77.6441,NA,"Located behind 13621 Birdsong Lane","NAD83"
"85","CWT.60",37.4877,-77.6637,NA,"South bank of creek 75 feet west of the Greenway Crossing Drive culvert","NAD83"
"86","CWT.62",37.3839,-77.4526,NA,"North end of culvert at the intersection of Chester Road and Hamlin Creek Parkway","NAD83"
"87","CWT.68",37.5231,-77.5832,NA,"Test site is on the observation platform of the dam. ","NAD83"
"88","CWT.69",37.3734,-77.4246,NA,"Test site is on the south bank of the creek behind 2831 Defrod Court  ","NAD83"
"89","CWT.71",37.4234,-77.7258,NA,"On the south bank of creek side at the east end of Otterdale Road culvert ","NAD83"
"90","CWT.75",37.4849,-77.6669,"Little Tomahawk Creek at Agee Terrace",NA,"NAD83"
"91","CWT.8",37.3631,-77.3091,NA,"Sample taken off dock located at 2312 Mount Blanco Road","NAD83"
"92","CWT.CWT76",37.3915,-77.6994,"Dry Creek at Hampton Park",NA,"NAD83"
"93","CWT.FCR5",37.4591,-77.4834,NA,"On a private dock at 4309 Reservoir Lane","NAD83"
"94","CWT.FCR6",37.4622,-77.4683,NA,"On a private dock at 4400 Lake Hill Court ","NAD83"
"95","CWT.FCR7",37.4587,-77.4777,NA,"On a private dock at 4600 Selwood Road","NAD83"
"96","CWT.FCR8",37.4854,-77.4732,NA,"On a private dock at 4600 Melody Court ","NAD83"
"97","CWT.Site56",37.31872,-77.48843,"Tributary to Swift Creek at Glebe Point",NA,"NAD83"
"98","HAWQS.AC1",37.506679,-77.401552,"Almond Creek 1",NA,"NAD83"
"99","HAWQS.BP1",37.597203,-77.473774,"Bryan Park 1","located on bridge in Bryan Park by main, large parking lot and shelter area","NAD83"
"100","HAWQS.CR1",37.688555,-77.57769,"Chickahominy River",NA,"NAD83"
"101","HAWQS.DB1",37.40815,-77.3031,"Deep Bottom 1",NA,"NAD83"
"102","HAWQS.DE1",37.540124,-77.295608,"Donahoe Elementary","located along Graves Rd by Donahoe Elementary School","NAD83"
"103","HAWQS.DRP2",37.6224,-77.58625,"Deep Run Park 1",NA,"NAD83"
"104","HAWQS.HC1",37.648866,-77.496569,"Hungary Creek",NA,"NAD83"
"105","HAWQS.JB1",37.58861,-77.49361,"Jordan Branch 1",NA,"NAD83"
"106","HAWQS.NR1",37.63759,-77.47739,"North Run 1",NA,"NAD83"
"107","HAWQS.NR2",37.62927,-77.47679,"North Run 2",NA,"NAD83"
"108","HAWQS.OsborneLanding",37.40235,-77.38779,"Osbourne Landing 1",NA,"NAD83"
"109","HAWQS.QM1",37.609255,-77.58525,"Quioccasin Middle 1","west of Quioccasin Middle School track and field, after stone walkway","NAD83"
"110","HAWQS.RB1",37.63028,-77.51377,"Rocky Branch1",NA,"NAD83"
"111","HAWQS.SP1",37.598862,-77.465087,"Spring Park 1",NA,"NAD83"
"112","HAWQS.SR1",37.54424,-77.36193,"Stony Run 1",NA,"NAD83"
"113","HAWQS.TB1",37.60772,-77.46539,"Trumpet Branch",NA,"NAD83"
"114","HAWQS.TC1",37.63404,-77.58027,"Three Chopt 1",NA,"NAD83"
"115","HAWQS.TUC1",37.611707,-77.641713,"Tuckahoe Creek 1","located in backyard of 1518 Westshire Lane","NAD83"
"116","HAWQS.WL1",37.65998,-77.57763,"Waterfront Lake 1",NA,"NAD83"
"117","PMN.LC1",37.11995,-76.55054,"Lucas Creek",NA,"NAD83"
"118","PVMN.BBGF1",37.0319,-76.38058,"Bluebird Gap Farm Shoreline","Testing at shoreline project at Bluebird Gap Farm on Newmarket Creek, 60 Pine Chapel Rd, Hampton, VA. There is floating dock near the site that is proposed for water sports, ie. paddle boarding, paddle boats and kayaking","NAD83"
"119","PVMN.BR",37.1164,-76.3639,"Back River, Poquoson",NA,"NAD83"
"120","PVMN.DC2",37.35,-76.5414,"Deep Creek",NA,"NAD83"
"121","PVMN.DeepCreek",37.08725,-76.52171,"Landing at Warwick Yacht and Country Club",NA,"NAD83"
"122","PVMN.DP1",37.095861,-76.294694,"Dandy Point","Kayak launch near Wallace's Bait and Tackle","NAD83"
"123","PVMN.HB2",37.02781,-76.4644,"Hilton School outlet",NA,"NAD83"
"124","PVMN.HC2",37.02014,-76.34401,"Hampton River",NA,"NAD83"
"125","PVMN.JR2",37.01268,-76.45728,"James River","Floating Pier on the James River Pier","NAD83"
"126","PVMN.LGC",37.080639,-76.281278,"Long Creek","Back River bordering Grandview Nature Preserve","NAD83"
"127","PVMN.MC2",37.009306,-76.307083,"Mill Creek 2",NA,"NAD83"
"128","PVMN.MP",37.1091,-76.3184,"Messick Point, Poquoson",NA,"NAD83"
"129","PVMN.NL",37.1408,-76.3639,"North Lawson Road, Poquoson",NA,"NAD83"
"130","PVMN.NR1",37.40121,-76.41271,"North River",NA,"NAD83"
"131","PVMN.OR",37.1192,-76.3915,"Oxford Run, Poquoson",NA,"NAD83"
"132","PVMN.PA",37.1288,-76.3483,"Poquoson Anvenue, Poquoson",NA,"NAD83"
"133","PVMN.RB1",37.04684,-76.4991,"James River","Riverside Beach on JR","NAD83"
"134","PVMN.RB2",37.04673,-76.49877,"Riverside Beach Outlet","This is near the outlet of the drainage from the community, 916 homes","NAD83"
"135","PVMN.ROB1",36.997357,-76.378853,"Robinson Creek outflow","Robinson Creek outflows south through a narrow culvert under Chesapeake Avenue down a narrow stream (<15ft) and into Hampton Roads. Robinson Creek is a shallow tidal area surrounded by houses and at low tide is mostly mud","NAD83"
"136","PVMN.RR1",37.4326,-76.54752,"Reservoir Ridge",NA,"NAD83"
"137","PVMN.SC1",37.0132,-76.3523,"Sunset Creek",NA,"NAD83"
"138","PVMN.VLM1",37.068241,-76.478481,"Virginian Living Museum","VLM Deer Park","NAD83"
"139","PVMN.VLM2",37.071533,-76.477187,"Virginia Living Museum Station 2","At the inlet from Deer Park culvert","NAD83"
"140","PVMN.VLM3",37.069855,-76.478938,"Virginia Living Museum Sta. 3","Near back entrance to trail","NAD83"
"141","PVMN.VLM4",37.068451,-76.478976,"VLM Sta 4","floating dock","NAD83"
"142","PVMN.WH1",37.40308,-76.48952,"Warehouse Landing",NA,"NAD83"
"143","PVMN.WL1",37.30001,-76.53142,"Williams Landing",NA,"NAD83"
"144","PVMN.WR1",37.12372,-76.56867,"Warwick River",NA,"NAD83"
