"","paramMethod","SOURCE","STATION","SAMPLE_DATE","SAMPLE_TIME","paramCode","SAMPLE_ID","EventId","AGENCY","PROGRAM","DateTime","DEPTH","SAMPLE_TYPE","TIER","Matrix","QUALIFIER","VALUE","UNITS","PROBLEM","LAB","labName","detLimit","qaFlag","COMMENTS","count.x","count.y","LAYER","PROJECT","SampleAnalyticalMethodIdentifier","SubstanceIdentificationName"
"249",999,"ALLARM","ALLARM.LT6","06/13/2016","12:00:00","TDS.1","M1",550,"CMC","NTWQM",2016-06-13 12:00:00,0.1,"ISM","1","Water",NA,390,"MG/L",NA,NA,NA,NA,2,"",1,1,"S","PARTNTID",NA,NA
"250",999,"ALLARM","ALLARM.LT7","10/05/2016","15:12:00","TDS.1","M1",558,"CMC","NTWQM",2016-10-05 15:12:00,0.1,"ISM","1","Water",NA,440,"MG/L",NA,NA,NA,NA,2,"",1,1,"S","PARTNTID",NA,NA
"251",999,"ALLARM","ALLARM.LT10","04/06/2016","15:25:00","TDS.1","M1",573,"CMC","NTWQM",2016-04-06 15:25:00,0.1,"ISM","1","Water",NA,510,"MG/L",NA,NA,NA,NA,2,"",1,1,"S","PARTNTID",NA,NA
"252",999,"ALLARM","ALLARM.LT2","08/15/2016","13:25:00","TDS.1","M1",527,"CMC","NTWQM",2016-08-15 13:25:00,0.1,"ISM","1","Water",NA,350,"MG/L",NA,NA,NA,NA,2,"",1,1,"S","PARTNTID",NA,NA
"253",999,"ALLARM","ALLARM.LT1","02/10/2016","13:52:00","TDS.1","M1",518,"CMC","NTWQM",2016-02-10 13:52:00,0.1,"ISM","1","Water",NA,420,"MG/L",NA,NA,NA,NA,2,"",1,1,"S","PARTNTID",NA,NA
"254",999,"ALLARM","ALLARM.LT6","08/15/2016","14:50:00","TDS.1","M1",551,"CMC","NTWQM",2016-08-15 14:50:00,0.1,"ISM","1","Water",NA,400,"MG/L",NA,NA,NA,NA,2,"",1,1,"S","PARTNTID",NA,NA
"255",999,"ALLARM","ALLARM.LT4","06/13/2016","12:00:00","TDS.1","M1",538,"CMC","NTWQM",2016-06-13 12:00:00,0.1,"ISM","1","Water",NA,370,"MG/L",NA,NA,NA,NA,2,"",1,1,"S","PARTNTID",NA,NA
"256",999,"ALLARM","ALLARM.LT2","10/05/2016","13:55:00","TDS.1","M1",528,"CMC","NTWQM",2016-10-05 13:55:00,0.1,"ISM","1","Water",NA,360,"MG/L",NA,NA,NA,NA,2,"",1,1,"S","PARTNTID",NA,NA
"257",999,"ALLARM","ALLARM.LT10","06/13/2016","13:15:00","TDS.1","M1",574,"CMC","NTWQM",2016-06-13 13:15:00,0.1,"ISM","1","Water",NA,460,"MG/L",NA,NA,NA,NA,2,"",1,1,"S","PARTNTID",NA,NA
"258",999,"ALLARM","ALLARM.LT5","06/13/2016","12:00:00","TDS.1","M1",544,"CMC","NTWQM",2016-06-13 12:00:00,0.1,"ISM","1","Water",NA,360,"MG/L",NA,NA,NA,NA,2,"",1,1,"S","PARTNTID",NA,NA
"259",999,"ALLARM","ALLARM.LT1","04/06/2016","13:45:00","TDS.1","M1",519,"CMC","NTWQM",2016-04-06 13:45:00,0.1,"ISM","1","Water",NA,400,"MG/L",NA,NA,NA,NA,2,"",1,1,"S","PARTNTID",NA,NA
"260",999,"ALLARM","ALLARM.LT2","11/30/2016","13:12:00","TDS.1","M1",529,"CMC","NTWQM",2016-11-30 13:12:00,0.1,"ISM","1","Water",NA,380,"MG/L",NA,NA,NA,NA,2,"",1,1,"S","PARTNTID",NA,NA
"261",999,"ALLARM","ALLARM.LT1","10/05/2016","14:00:00","TDS.1","M1",522,"CMC","NTWQM",2016-10-05 14:00:00,0.1,"ISM","1","Water",NA,410,"MG/L",NA,NA,NA,NA,2,"",1,1,"S","PARTNTID",NA,NA
"262",999,"ALLARM","ALLARM.LT10","08/15/2016","15:46:00","TDS.1","M1",575,"CMC","NTWQM",2016-08-15 15:46:00,0.1,"ISM","1","Water",NA,440,"MG/L",NA,NA,NA,NA,2,"",1,1,"S","PARTNTID",NA,NA
"263",999,"ALLARM","ALLARM.LT5","08/15/2016","14:30:00","TDS.1","M1",545,"CMC","NTWQM",2016-08-15 14:30:00,0.1,"ISM","1","Water",NA,390,"MG/L",NA,NA,NA,NA,2,"",1,1,"S","PARTNTID",NA,NA
"264",999,"ALLARM","ALLARM.LT3","06/13/2016","12:00:00","TDS.1","M1",532,"CMC","NTWQM",2016-06-13 12:00:00,0.1,"ISM","1","Water",NA,370,"MG/L",NA,NA,NA,NA,2,"",1,1,"S","PARTNTID",NA,NA
"265",999,"ALLARM","ALLARM.LT1","06/13/2016","09:15:00","TDS.1","M1",520,"CMC","NTWQM",2016-06-13 09:15:00,0.1,"ISM","1","Water",NA,400,"MG/L",NA,NA,NA,NA,2,"",1,1,"S","PARTNTID",NA,NA
"266",999,"ALLARM","ALLARM.LT10","10/05/2016","15:38:00","TDS.1","M1",576,"CMC","NTWQM",2016-10-05 15:38:00,0.1,"ISM","1","Water",NA,490,"MG/L",NA,NA,NA,NA,2,"",1,1,"S","PARTNTID",NA,NA
"267",999,"ALLARM","ALLARM.LT5","10/05/2016","14:45:00","TDS.1","M1",546,"CMC","NTWQM",2016-10-05 14:45:00,0.1,"ISM","1","Water",NA,400,"MG/L",NA,NA,NA,NA,2,"",1,1,"S","PARTNTID",NA,NA
"268",999,"ALLARM","ALLARM.LT2","04/06/2016","13:30:00","TDS.1","M1",525,"CMC","NTWQM",2016-04-06 13:30:00,0.1,"ISM","1","Water",NA,380,"MG/L",NA,NA,NA,NA,2,"",1,1,"S","PARTNTID",NA,NA
"269",999,"ALLARM","ALLARM.LT7","02/10/2016","15:00:00","TDS.1","M1",554,"CMC","NTWQM",2016-02-10 15:00:00,0.1,"ISM","1","Water",NA,510,"MG/L",NA,NA,NA,NA,2,"",1,1,"S","PARTNTID",NA,NA
"270",999,"ALLARM","ALLARM.LT1","08/15/2016","13:15:00","TDS.1","M1",521,"CMC","NTWQM",2016-08-15 13:15:00,0.1,"ISM","1","Water",NA,390,"MG/L",NA,NA,NA,NA,2,"",1,1,"S","PARTNTID",NA,NA
"271",999,"ALLARM","ALLARM.LT3","04/06/2016","13:20:00","TDS.1","M1",531,"CMC","NTWQM",2016-04-06 13:20:00,0.1,"ISM","1","Water",NA,390,"MG/L",NA,NA,NA,NA,2,"",1,1,"S","PARTNTID",NA,NA
"272",999,"ALLARM","ALLARM.LT5","11/30/2016","12:00:00","TDS.1","M1",547,"CMC","NTWQM",2016-11-30 12:00:00,0.1,"ISM","1","Water",NA,370,"MG/L",NA,NA,NA,NA,2,"",1,1,"S","PARTNTID",NA,NA
"273",999,"ALLARM","ALLARM.LT4","08/15/2016","14:15:00","TDS.1","M1",539,"CMC","NTWQM",2016-08-15 14:15:00,0.1,"ISM","1","Water",NA,380,"MG/L",NA,NA,NA,NA,2,"",1,1,"S","PARTNTID",NA,NA
"274",999,"ALLARM","ALLARM.LT2","06/13/2016","12:00:00","TDS.1","M1",526,"CMC","NTWQM",2016-06-13 12:00:00,0.1,"ISM","1","Water",NA,370,"MG/L",NA,NA,NA,NA,2,"",1,1,"S","PARTNTID",NA,NA
"275",999,"ALLARM","ALLARM.LT2","02/10/2016","13:47:00","TDS.1","M1",524,"CMC","NTWQM",2016-02-10 13:47:00,0.1,"ISM","1","Water",NA,370,"MG/L",NA,NA,NA,NA,2,"",1,1,"S","PARTNTID",NA,NA
"276",999,"ALLARM","ALLARM.LT8","08/15/2016","15:18:00","TDS.1","M1",563,"CMC","NTWQM",2016-08-15 15:18:00,0.1,"ISM","1","Water",NA,440,"MG/L",NA,NA,NA,NA,2,"",1,1,"S","PARTNTID",NA,NA
"277",999,"ALLARM","ALLARM.LT6","11/30/2016","12:00:00","TDS.1","M1",553,"CMC","NTWQM",2016-11-30 12:00:00,0.1,"ISM","1","Water",NA,120,"MG/L",NA,NA,NA,NA,2,"",1,1,"S","PARTNTID",NA,NA
"278",999,"ALLARM","ALLARM.LT3","11/30/2016","12:00:00","TDS.1","M1",535,"CMC","NTWQM",2016-11-30 12:00:00,0.1,"ISM","1","Water",NA,390,"MG/L",NA,NA,NA,NA,2,"",1,1,"S","PARTNTID",NA,NA
"279",999,"ALLARM","ALLARM.LT1","11/30/2016","13:10:00","TDS.1","M1",523,"CMC","NTWQM",2016-11-30 13:10:00,0.1,"ISM","1","Water",NA,380,"MG/L",NA,NA,NA,NA,2,"",1,1,"S","PARTNTID",NA,NA
"280",999,"ALLARM","ALLARM.LT8","10/05/2016","15:21:00","TDS.1","M1",564,"CMC","NTWQM",2016-10-05 15:21:00,0.1,"ISM","1","Water",NA,440,"MG/L",NA,NA,NA,NA,2,"",1,1,"S","PARTNTID",NA,NA
"281",999,"ALLARM","ALLARM.LT7","11/30/2016","12:00:00","TDS.1","M1",559,"CMC","NTWQM",2016-11-30 12:00:00,0.1,"ISM","1","Water",NA,220,"MG/L",NA,NA,NA,NA,2,"",1,1,"S","PARTNTID",NA,NA
"282",999,"ALLARM","ALLARM.LT3","08/15/2016","13:50:00","TDS.1","M1",533,"CMC","NTWQM",2016-08-15 13:50:00,0.1,"ISM","1","Water",NA,390,"MG/L",NA,NA,NA,NA,2,"",1,1,"S","PARTNTID",NA,NA
"283",999,"ALLARM","ALLARM.LT6","04/06/2016","14:50:00","TDS.1","M1",549,"CMC","NTWQM",2016-04-06 14:50:00,0.1,"ISM","1","Water",NA,410,"MG/L",NA,NA,NA,NA,2,"",1,1,"S","PARTNTID",NA,NA
"284",999,"ALLARM","ALLARM.LT9","04/06/2016","15:15:00","TDS.1","M1",567,"CMC","NTWQM",2016-04-06 15:15:00,0.1,"ISM","1","Water",NA,480,"MG/L",NA,NA,NA,NA,2,"",1,1,"S","PARTNTID",NA,NA
"285",999,"ALLARM","ALLARM.LT10","02/10/2016","15:30:00","TDS.1","M1",572,"CMC","NTWQM",2016-02-10 15:30:00,0.1,"ISM","1","Water",NA,800,"MG/L",NA,NA,NA,NA,2,"",1,1,"S","PARTNTID",NA,NA
"286",999,"ALLARM","ALLARM.LT3","10/05/2016","13:45:00","TDS.1","M1",534,"CMC","NTWQM",2016-10-05 13:45:00,0.1,"ISM","1","Water",NA,400,"MG/L",NA,NA,NA,NA,2,"",1,1,"S","PARTNTID",NA,NA
"287",999,"ALLARM","ALLARM.LT5","02/10/2016","14:30:00","TDS.1","M1",542,"CMC","NTWQM",2016-02-10 14:30:00,0.1,"ISM","1","Water",NA,430,"MG/L",NA,NA,NA,NA,2,"",1,1,"S","PARTNTID",NA,NA
"288",999,"ALLARM","ALLARM.LT7","08/15/2016","15:00:00","TDS.1","M1",557,"CMC","NTWQM",2016-08-15 15:00:00,0.1,"ISM","1","Water",NA,400,"MG/L",NA,NA,NA,NA,2,"",1,1,"S","PARTNTID",NA,NA
"289",999,"ALLARM","ALLARM.LT4","04/06/2016","14:05:00","TDS.1","M1",537,"CMC","NTWQM",2016-04-06 14:05:00,0.1,"ISM","1","Water",NA,400,"MG/L",NA,NA,NA,NA,2,"",1,1,"S","PARTNTID",NA,NA
"290",999,"ALLARM","ALLARM.LT9","11/30/2016","12:00:00","TDS.1","M1",571,"CMC","NTWQM",2016-11-30 12:00:00,0.1,"ISM","1","Water",NA,420,"MG/L",NA,NA,NA,NA,2,"",1,1,"S","PARTNTID",NA,NA
"291",999,"ALLARM","ALLARM.LT4","10/05/2016","14:22:00","TDS.1","M1",540,"CMC","NTWQM",2016-10-05 14:22:00,0.1,"ISM","1","Water",NA,420,"MG/L",NA,NA,NA,NA,2,"",1,1,"S","PARTNTID",NA,NA
"292",999,"ALLARM","ALLARM.LT5","04/06/2016","14:20:00","TDS.1","M1",543,"CMC","NTWQM",2016-04-06 14:20:00,0.1,"ISM","1","Water",NA,400,"MG/L",NA,NA,NA,NA,2,"",1,1,"S","PARTNTID",NA,NA
"293",999,"ALLARM","ALLARM.LT8","04/06/2016","15:10:00","TDS.1","M1",561,"CMC","NTWQM",2016-04-06 15:10:00,0.1,"ISM","1","Water",NA,460,"MG/L",NA,NA,NA,NA,2,"",1,1,"S","PARTNTID",NA,NA
"294",999,"ALLARM","ALLARM.LT6","10/05/2016","14:57:00","TDS.1","M1",552,"CMC","NTWQM",2016-10-05 14:57:00,0.1,"ISM","1","Water",NA,390,"MG/L",NA,NA,NA,NA,2,"",1,1,"S","PARTNTID",NA,NA
"295",999,"ALLARM","ALLARM.LT9","08/15/2016","15:34:00","TDS.1","M1",569,"CMC","NTWQM",2016-08-15 15:34:00,0.1,"ISM","1","Water",NA,440,"MG/L",NA,NA,NA,NA,2,"",1,1,"S","PARTNTID",NA,NA
"296",999,"ALLARM","ALLARM.LT4","02/10/2016","14:10:00","TDS.1","M1",536,"CMC","NTWQM",2016-02-10 14:10:00,0.1,"ISM","1","Water",NA,430,"MG/L",NA,NA,NA,NA,2,"",1,1,"S","PARTNTID",NA,NA
"297",999,"ALLARM","ALLARM.LT10","11/30/2016","12:00:00","TDS.1","M1",577,"CMC","NTWQM",2016-11-30 12:00:00,0.1,"ISM","1","Water",NA,450,"MG/L",NA,NA,NA,NA,2,"",1,1,"S","PARTNTID",NA,NA
"298",999,"ALLARM","ALLARM.LT7","04/06/2016","15:00:00","TDS.1","M1",555,"CMC","NTWQM",2016-04-06 15:00:00,0.1,"ISM","1","Water",NA,440,"MG/L",NA,NA,NA,NA,2,"",1,1,"S","PARTNTID",NA,NA
"299",999,"ALLARM","ALLARM.LT8","02/10/2016","15:10:00","TDS.1","M1",560,"CMC","NTWQM",2016-02-10 15:10:00,0.1,"ISM","1","Water",NA,490,"MG/L",NA,NA,NA,NA,2,"",1,1,"S","PARTNTID",NA,NA
"300",999,"ALLARM","ALLARM.LT9","06/13/2016","12:00:00","TDS.1","M1",568,"CMC","NTWQM",2016-06-13 12:00:00,0.1,"ISM","1","Water",NA,440,"MG/L",NA,NA,NA,NA,2,"",1,1,"S","PARTNTID",NA,NA
"301",999,"ALLARM","ALLARM.LT3","02/10/2016","13:35:00","TDS.1","M1",530,"CMC","NTWQM",2016-02-10 13:35:00,0.1,"ISM","1","Water",NA,430,"MG/L",NA,NA,NA,NA,2,"",1,1,"S","PARTNTID",NA,NA
"302",999,"ALLARM","ALLARM.LT9","02/10/2016","15:18:00","TDS.1","M1",566,"CMC","NTWQM",2016-02-10 15:18:00,0.1,"ISM","1","Water",NA,520,"MG/L",NA,NA,NA,NA,2,"",1,1,"S","PARTNTID",NA,NA
"303",999,"ALLARM","ALLARM.LT8","06/13/2016","12:00:00","TDS.1","M1",562,"CMC","NTWQM",2016-06-13 12:00:00,0.1,"ISM","1","Water",NA,440,"MG/L",NA,NA,NA,NA,2,"",1,1,"S","PARTNTID",NA,NA
"304",999,"ALLARM","ALLARM.LT4","11/30/2016","12:00:00","TDS.1","M1",541,"CMC","NTWQM",2016-11-30 12:00:00,0.1,"ISM","1","Water",NA,390,"MG/L",NA,NA,NA,NA,2,"",1,1,"S","PARTNTID",NA,NA
"305",999,"ALLARM","ALLARM.LT7","06/13/2016","12:00:00","TDS.1","M1",556,"CMC","NTWQM",2016-06-13 12:00:00,0.1,"ISM","1","Water",NA,420,"MG/L",NA,NA,NA,NA,2,"",1,1,"S","PARTNTID",NA,NA
"306",999,"ALLARM","ALLARM.LT6","02/10/2016","14:45:00","TDS.1","M1",548,"CMC","NTWQM",2016-02-10 14:45:00,0.1,"ISM","1","Water",NA,450,"MG/L",NA,NA,NA,NA,2,"",1,1,"S","PARTNTID",NA,NA
"307",999,"ALLARM","ALLARM.LT9","10/05/2016","15:30:00","TDS.1","M1",570,"CMC","NTWQM",2016-10-05 15:30:00,0.1,"ISM","1","Water",NA,480,"MG/L",NA,NA,NA,NA,2,"",1,1,"S","PARTNTID",NA,NA
"308",999,"ALLARM","ALLARM.LT8","11/30/2016","12:00:00","TDS.1","M1",565,"CMC","NTWQM",2016-11-30 12:00:00,0.1,"ISM","1","Water",NA,190,"MG/L",NA,NA,NA,NA,2,"",1,1,"S","PARTNTID",NA,NA
