"","paramMethod","SOURCE","STATION","SAMPLE_DATE","SAMPLE_TIME","paramCode","SAMPLE_ID","EventId","AGENCY","PROGRAM","DateTime","DEPTH","SAMPLE_TYPE","TIER","Matrix","QUALIFIER","VALUE","UNITS","PROBLEM","LAB","labName","detLimit","qaFlag","COMMENTS","count.x","count.y","LAYER","PROJECT","SampleAnalyticalMethodIdentifier","SubstanceIdentificationName"
"1",48,"ALLARM","ALLARM.LT1","04/06/2016","13:45:00","DO.2","M1",519,"CMC","NTWQM",2016-04-06 13:45:00,0.1,"ISM","2","Water",NA,12.67,"MG/L",NA,NA,NA,NA,2,"",1,1,"S","PARTNTID","F01 ","DO"
"2",48,"ALLARM","ALLARM.LT10","06/13/2016","13:15:00","DO.2","M1",574,"CMC","NTWQM",2016-06-13 13:15:00,0.1,"ISM","2","Water",NA,13.54,"MG/L",NA,NA,NA,NA,2,"",1,1,"S","PARTNTID","F01 ","DO"
"3",48,"ALLARM","ALLARM.LT4","06/13/2016","12:00:00","DO.2","M1",538,"CMC","NTWQM",2016-06-13 12:00:00,0.1,"ISM","2","Water",NA,10.71,"MG/L",NA,NA,NA,NA,2,"",1,1,"S","PARTNTID","F01 ","DO"
"4",48,"ALLARM","ALLARM.LT1","06/13/2016","09:15:00","DO.2","M1",520,"CMC","NTWQM",2016-06-13 09:15:00,0.1,"ISM","2","Water",NA,11.93,"MG/L",NA,NA,NA,NA,2,"",1,1,"S","PARTNTID","F01 ","DO"
"5",48,"ALLARM","ALLARM.LT5","04/06/2016","14:20:00","DO.2","M1",543,"CMC","NTWQM",2016-04-06 14:20:00,0.1,"ISM","2","Water",NA,15.7,"MG/L",NA,NA,NA,NA,2,"",1,1,"S","PARTNTID","F01 ","DO"
"6",48,"ALLARM","ALLARM.LT2","06/13/2016","12:00:00","DO.2","M1",526,"CMC","NTWQM",2016-06-13 12:00:00,0.1,"ISM","2","Water",NA,12.73,"MG/L",NA,NA,NA,NA,2,"",1,1,"S","PARTNTID","F01 ","DO"
"7",48,"ALLARM","ALLARM.LT3","04/06/2016","13:20:00","DO.2","M1",531,"CMC","NTWQM",2016-04-06 13:20:00,0.1,"ISM","2","Water",NA,12.99,"MG/L",NA,NA,NA,NA,2,"",1,1,"S","PARTNTID","F01 ","DO"
"8",48,"ALLARM","ALLARM.LT1","11/30/2016","13:10:00","DO.2","M1",523,"CMC","NTWQM",2016-11-30 13:10:00,0.1,"ISM","2","Water",NA,9.64,"MG/L",NA,NA,NA,NA,2,"",1,1,"S","PARTNTID","F01 ","DO"
"9",48,"ALLARM","ALLARM.LT3","06/13/2016","12:00:00","DO.2","M1",532,"CMC","NTWQM",2016-06-13 12:00:00,0.1,"ISM","2","Water",NA,12.94,"MG/L",NA,NA,NA,NA,2,"",1,1,"S","PARTNTID","F01 ","DO"
"10",48,"ALLARM","ALLARM.LT3","02/10/2016","13:35:00","DO.2","M1",530,"CMC","NTWQM",2016-02-10 13:35:00,0.1,"ISM","2","Water",NA,12.72,"MG/L",NA,NA,NA,NA,2,"",1,1,"S","PARTNTID","F01 ","DO"
"11",48,"ALLARM","ALLARM.LT1","02/10/2016","13:52:00","DO.2","M1",518,"CMC","NTWQM",2016-02-10 13:52:00,0.1,"ISM","2","Water",NA,12,"MG/L",NA,NA,NA,NA,2,"",1,1,"S","PARTNTID","F01 ","DO"
"12",48,"ALLARM","ALLARM.LT9","04/06/2016","15:15:00","DO.2","M1",567,"CMC","NTWQM",2016-04-06 15:15:00,0.1,"ISM","2","Water",NA,15.75,"MG/L",NA,NA,NA,NA,2,"",1,1,"S","PARTNTID","F01 ","DO"
"13",48,"ALLARM","ALLARM.LT8","02/10/2016","15:10:00","DO.2","M1",560,"CMC","NTWQM",2016-02-10 15:10:00,0.1,"ISM","2","Water",NA,13.7,"MG/L",NA,NA,NA,NA,2,"",1,1,"S","PARTNTID","F01 ","DO"
"14",48,"ALLARM","ALLARM.LT5","02/10/2016","14:30:00","DO.2","M1",542,"CMC","NTWQM",2016-02-10 14:30:00,0.1,"ISM","2","Water",NA,14.37,"MG/L",NA,NA,NA,NA,2,"",1,1,"S","PARTNTID","F01 ","DO"
"15",48,"ALLARM","ALLARM.LT6","04/06/2016","14:50:00","DO.2","M1",549,"CMC","NTWQM",2016-04-06 14:50:00,0.1,"ISM","2","Water",NA,15.03,"MG/L",NA,NA,NA,NA,2,"",1,1,"S","PARTNTID","F01 ","DO"
"16",48,"ALLARM","ALLARM.LT8","11/30/2016","12:00:00","DO.2","M1",565,"CMC","NTWQM",2016-11-30 12:00:00,0.1,"ISM","2","Water",NA,9.11,"MG/L",NA,NA,NA,NA,2,"",1,1,"S","PARTNTID","F01 ","DO"
"17",48,"ALLARM","ALLARM.LT9","02/10/2016","15:18:00","DO.2","M1",566,"CMC","NTWQM",2016-02-10 15:18:00,0.1,"ISM","2","Water",NA,13.51,"MG/L",NA,NA,NA,NA,2,"",1,1,"S","PARTNTID","F01 ","DO"
"18",48,"ALLARM","ALLARM.LT6","11/30/2016","12:00:00","DO.2","M1",553,"CMC","NTWQM",2016-11-30 12:00:00,0.1,"ISM","2","Water",NA,10.2,"MG/L",NA,NA,NA,NA,2,"",1,1,"S","PARTNTID","F01 ","DO"
"19",48,"ALLARM","ALLARM.LT10","02/10/2016","15:30:00","DO.2","M1",572,"CMC","NTWQM",2016-02-10 15:30:00,0.1,"ISM","2","Water",NA,13.43,"MG/L",NA,NA,NA,NA,2,"",1,1,"S","PARTNTID","F01 ","DO"
"20",48,"ALLARM","ALLARM.LT8","04/06/2016","15:10:00","DO.2","M1",561,"CMC","NTWQM",2016-04-06 15:10:00,0.1,"ISM","2","Water",NA,14.4,"MG/L",NA,NA,NA,NA,2,"",1,1,"S","PARTNTID","F01 ","DO"
"21",48,"ALLARM","ALLARM.LT7","02/10/2016","15:00:00","DO.2","M1",554,"CMC","NTWQM",2016-02-10 15:00:00,0.1,"ISM","2","Water",NA,12.48,"MG/L",NA,NA,NA,NA,2,"",1,1,"S","PARTNTID","F01 ","DO"
"22",48,"ALLARM","ALLARM.LT5","06/13/2016","12:00:00","DO.2","M1",544,"CMC","NTWQM",2016-06-13 12:00:00,0.1,"ISM","2","Water",NA,12.84,"MG/L",NA,NA,NA,NA,2,"",1,1,"S","PARTNTID","F01 ","DO"
"23",48,"ALLARM","ALLARM.LT10","04/06/2016","15:25:00","DO.2","M1",573,"CMC","NTWQM",2016-04-06 15:25:00,0.1,"ISM","2","Water",NA,13.62,"MG/L",NA,NA,NA,NA,2,"",1,1,"S","PARTNTID","F01 ","DO"
"24",48,"ALLARM","ALLARM.LT4","02/10/2016","14:10:00","DO.2","M1",536,"CMC","NTWQM",2016-02-10 14:10:00,0.1,"ISM","2","Water",NA,10.67,"MG/L",NA,NA,NA,NA,2,"",1,1,"S","PARTNTID","F01 ","DO"
"25",48,"ALLARM","ALLARM.LT3","11/30/2016","12:00:00","DO.2","M1",535,"CMC","NTWQM",2016-11-30 12:00:00,0.1,"ISM","2","Water",NA,9.45,"MG/L",NA,NA,NA,NA,2,"",1,1,"S","PARTNTID","F01 ","DO"
"26",48,"ALLARM","ALLARM.LT4","04/06/2016","14:05:00","DO.2","M1",537,"CMC","NTWQM",2016-04-06 14:05:00,0.1,"ISM","2","Water",NA,12.38,"MG/L",NA,NA,NA,NA,2,"",1,1,"S","PARTNTID","F01 ","DO"
"27",48,"ALLARM","ALLARM.LT5","11/30/2016","12:00:00","DO.2","M1",547,"CMC","NTWQM",2016-11-30 12:00:00,0.1,"ISM","2","Water",NA,10.96,"MG/L",NA,NA,NA,NA,2,"",1,1,"S","PARTNTID","F01 ","DO"
"28",48,"ALLARM","ALLARM.LT6","02/10/2016","14:45:00","DO.2","M1",548,"CMC","NTWQM",2016-02-10 14:45:00,0.1,"ISM","2","Water",NA,14.8,"MG/L",NA,NA,NA,NA,2,"",1,1,"S","PARTNTID","F01 ","DO"
"29",48,"ALLARM","ALLARM.LT2","04/06/2016","13:30:00","DO.2","M1",525,"CMC","NTWQM",2016-04-06 13:30:00,0.1,"ISM","2","Water",NA,12.19,"MG/L",NA,NA,NA,NA,2,"",1,1,"S","PARTNTID","F01 ","DO"
"30",48,"ALLARM","ALLARM.LT7","06/13/2016","12:00:00","DO.2","M1",556,"CMC","NTWQM",2016-06-13 12:00:00,0.1,"ISM","2","Water",NA,13.07,"MG/L",NA,NA,NA,NA,2,"",1,1,"S","PARTNTID","F01 ","DO"
"31",48,"ALLARM","ALLARM.LT6","06/13/2016","12:00:00","DO.2","M1",550,"CMC","NTWQM",2016-06-13 12:00:00,0.1,"ISM","2","Water",NA,14.8,"MG/L",NA,NA,NA,NA,2,"",1,1,"S","PARTNTID","F01 ","DO"
"32",48,"ALLARM","ALLARM.LT7","04/06/2016","15:00:00","DO.2","M1",555,"CMC","NTWQM",2016-04-06 15:00:00,0.1,"ISM","2","Water",NA,12.88,"MG/L",NA,NA,NA,NA,2,"",1,1,"S","PARTNTID","F01 ","DO"
"33",48,"ALLARM","ALLARM.LT9","06/13/2016","12:00:00","DO.2","M1",568,"CMC","NTWQM",2016-06-13 12:00:00,0.1,"ISM","2","Water",NA,12.52,"MG/L",NA,NA,NA,NA,2,"",1,1,"S","PARTNTID","F01 ","DO"
"34",48,"ALLARM","ALLARM.LT8","06/13/2016","12:00:00","DO.2","M1",562,"CMC","NTWQM",2016-06-13 12:00:00,0.1,"ISM","2","Water",NA,13.64,"MG/L",NA,NA,NA,NA,2,"",1,1,"S","PARTNTID","F01 ","DO"
"35",48,"ALLARM","ALLARM.LT2","02/10/2016","13:47:00","DO.2","M1",524,"CMC","NTWQM",2016-02-10 13:47:00,0.1,"ISM","2","Water",NA,12.47,"MG/L",NA,NA,NA,NA,2,"",1,1,"S","PARTNTID","F01 ","DO"
"36",144,"ALLARM","ALLARM.LT5","10/05/2016","14:45:00","NO3N.4","S1",546,"CMC","NTWQM",2016-10-05 14:45:00,0.1,"D","2","Water",NA,3.5,"MG/L",NA,"ACARL","ALLARM Community Aquatic Research Laboratory",0.1,2,"",1,1,"S","PARTNTID","L02 ","NO23W"
"37",144,"ALLARM","ALLARM.LT2","06/13/2016","12:00:00","NO3N.4","S1",526,"CMC","NTWQM",2016-06-13 12:00:00,0.1,"D","2","Water",NA,5.6,"MG/L",NA,"ACARL","ALLARM Community Aquatic Research Laboratory",0.1,2,"",1,1,"S","PARTNTID","L02 ","NO23W"
"38",144,"ALLARM","ALLARM.LT2","04/06/2016","13:30:00","NO3N.4","S1",525,"CMC","NTWQM",2016-04-06 13:30:00,0.1,"D","2","Water",NA,4.05,"MG/L",NA,"ACARL","ALLARM Community Aquatic Research Laboratory",0.1,2,"",1,1,"S","PARTNTID","L02 ","NO23W"
"39",144,"ALLARM","ALLARM.LT1","02/10/2016","13:52:00","NO3N.4","S1",518,"CMC","NTWQM",2016-02-10 13:52:00,0.1,"D","2","Water",NA,4.8,"MG/L",NA,"ACARL","ALLARM Community Aquatic Research Laboratory",0.1,2,"",1,1,"S","PARTNTID","L02 ","NO23W"
"40",144,"ALLARM","ALLARM.LT4","11/30/2016","12:00:00","NO3N.4","S1",541,"CMC","NTWQM",2016-11-30 12:00:00,0.1,"D","2","Water",NA,4,"MG/L",NA,"ACARL","ALLARM Community Aquatic Research Laboratory",0.1,2,"",1,1,"S","PARTNTID","L02 ","NO23W"
"41",144,"ALLARM","ALLARM.LT2","11/30/2016","13:12:00","NO3N.4","S1",529,"CMC","NTWQM",2016-11-30 13:12:00,0.1,"D","2","Water",NA,3.5,"MG/L",NA,"ACARL","ALLARM Community Aquatic Research Laboratory",0.1,2,"",1,1,"S","PARTNTID","L02 ","NO23W"
"42",144,"ALLARM","ALLARM.LT4","08/15/2016","14:15:00","NO3N.4","S1",539,"CMC","NTWQM",2016-08-15 14:15:00,0.1,"D","2","Water",NA,4,"MG/L",NA,"ACARL","ALLARM Community Aquatic Research Laboratory",0.1,2,"",1,1,"S","PARTNTID","L02 ","NO23W"
"43",144,"ALLARM","ALLARM.LT1","11/30/2016","13:10:00","NO3N.4","S1",523,"CMC","NTWQM",2016-11-30 13:10:00,0.1,"D","2","Water",NA,4.6,"MG/L",NA,"ACARL","ALLARM Community Aquatic Research Laboratory",0.1,2,"",1,1,"S","PARTNTID","L02 ","NO23W"
"44",144,"ALLARM","ALLARM.LT5","11/30/2016","12:00:00","NO3N.4","S1",547,"CMC","NTWQM",2016-11-30 12:00:00,0.1,"D","2","Water",NA,3.9,"MG/L",NA,"ACARL","ALLARM Community Aquatic Research Laboratory",0.1,2,"",1,1,"S","PARTNTID","L02 ","NO23W"
"45",144,"ALLARM","ALLARM.LT1","04/06/2016","13:45:00","NO3N.4","S1",519,"CMC","NTWQM",2016-04-06 13:45:00,0.1,"D","2","Water",NA,4.25,"MG/L",NA,"ACARL","ALLARM Community Aquatic Research Laboratory",0.1,2,"",1,1,"S","PARTNTID","L02 ","NO23W"
"46",144,"ALLARM","ALLARM.LT10","04/06/2016","15:25:00","NO3N.4","S1",573,"CMC","NTWQM",2016-04-06 15:25:00,0.1,"D","2","Water",NA,4.1,"MG/L",NA,"ACARL","ALLARM Community Aquatic Research Laboratory",0.1,2,"",1,1,"S","PARTNTID","L02 ","NO23W"
"47",144,"ALLARM","ALLARM.LT2","08/15/2016","13:25:00","NO3N.4","S1",527,"CMC","NTWQM",2016-08-15 13:25:00,0.1,"D","2","Water",NA,4.5,"MG/L",NA,"ACARL","ALLARM Community Aquatic Research Laboratory",0.1,2,"",1,1,"S","PARTNTID","L02 ","NO23W"
"48",144,"ALLARM","ALLARM.LT5","04/06/2016","14:20:00","NO3N.4","S1",543,"CMC","NTWQM",2016-04-06 14:20:00,0.1,"D","2","Water",NA,4.2,"MG/L",NA,"ACARL","ALLARM Community Aquatic Research Laboratory",0.1,2,"",1,1,"S","PARTNTID","L02 ","NO23W"
"49",144,"ALLARM","ALLARM.LT10","10/05/2016","15:38:00","NO3N.4","S1",576,"CMC","NTWQM",2016-10-05 15:38:00,0.1,"D","2","Water",NA,3.35,"MG/L",NA,"ACARL","ALLARM Community Aquatic Research Laboratory",0.1,2,"",1,1,"S","PARTNTID","L02 ","NO23W"
"50",144,"ALLARM","ALLARM.LT7","02/10/2016","15:00:00","NO3N.4","S1",554,"CMC","NTWQM",2016-02-10 15:00:00,0.1,"D","2","Water",NA,4.1,"MG/L",NA,"ACARL","ALLARM Community Aquatic Research Laboratory",0.1,2,"",1,1,"S","PARTNTID","L02 ","NO23W"
"51",144,"ALLARM","ALLARM.LT6","04/06/2016","14:50:00","NO3N.4","S1",549,"CMC","NTWQM",2016-04-06 14:50:00,0.1,"D","2","Water",NA,4.55,"MG/L",NA,"ACARL","ALLARM Community Aquatic Research Laboratory",0.1,2,"",1,1,"S","PARTNTID","L02 ","NO23W"
"52",144,"ALLARM","ALLARM.LT2","10/05/2016","13:55:00","NO3N.4","S1",528,"CMC","NTWQM",2016-10-05 13:55:00,0.1,"D","2","Water",NA,4.25,"MG/L",NA,"ACARL","ALLARM Community Aquatic Research Laboratory",0.1,2,"",1,1,"S","PARTNTID","L02 ","NO23W"
"53",144,"ALLARM","ALLARM.LT5","06/13/2016","12:00:00","NO3N.4","S1",544,"CMC","NTWQM",2016-06-13 12:00:00,0.1,"D","2","Water",NA,5.1,"MG/L",NA,"ACARL","ALLARM Community Aquatic Research Laboratory",0.1,2,"",1,1,"S","PARTNTID","L02 ","NO23W"
"54",144,"ALLARM","ALLARM.LT9","10/05/2016","15:30:00","NO3N.4","S1",570,"CMC","NTWQM",2016-10-05 15:30:00,0.1,"D","2","Water",NA,3.5,"MG/L",NA,"ACARL","ALLARM Community Aquatic Research Laboratory",0.1,2,"",1,1,"S","PARTNTID","L02 ","NO23W"
"55",144,"ALLARM","ALLARM.LT3","10/05/2016","13:45:00","NO3N.4","S1",534,"CMC","NTWQM",2016-10-05 13:45:00,0.1,"D","2","Water",NA,4.25,"MG/L",NA,"ACARL","ALLARM Community Aquatic Research Laboratory",0.1,2,"",1,1,"S","PARTNTID","L02 ","NO23W"
"56",144,"ALLARM","ALLARM.LT5","02/10/2016","14:30:00","NO3N.4","S1",542,"CMC","NTWQM",2016-02-10 14:30:00,0.1,"D","2","Water",NA,4.8,"MG/L",NA,"ACARL","ALLARM Community Aquatic Research Laboratory",0.1,2,"",1,1,"S","PARTNTID","L02 ","NO23W"
"57",144,"ALLARM","ALLARM.LT5","08/15/2016","14:30:00","NO3N.4","S1",545,"CMC","NTWQM",2016-08-15 14:30:00,0.1,"D","2","Water",NA,4.4,"MG/L",NA,"ACARL","ALLARM Community Aquatic Research Laboratory",0.1,2,"",1,1,"S","PARTNTID","L02 ","NO23W"
"58",144,"ALLARM","ALLARM.LT3","06/13/2016","12:00:00","NO3N.4","S1",532,"CMC","NTWQM",2016-06-13 12:00:00,0.1,"D","2","Water",NA,5.1,"MG/L",NA,"ACARL","ALLARM Community Aquatic Research Laboratory",0.1,2,"",1,1,"S","PARTNTID","L02 ","NO23W"
"59",144,"ALLARM","ALLARM.LT4","10/05/2016","14:22:00","NO3N.4","S1",540,"CMC","NTWQM",2016-10-05 14:22:00,0.1,"D","2","Water",NA,3.35,"MG/L",NA,"ACARL","ALLARM Community Aquatic Research Laboratory",0.1,2,"",1,1,"S","PARTNTID","L02 ","NO23W"
"60",144,"ALLARM","ALLARM.LT1","06/13/2016","09:15:00","NO3N.4","S1",520,"CMC","NTWQM",2016-06-13 09:15:00,0.1,"D","2","Water",NA,5.5,"MG/L",NA,"ACARL","ALLARM Community Aquatic Research Laboratory",0.1,2,"",1,1,"S","PARTNTID","L02 ","NO23W"
"61",144,"ALLARM","ALLARM.LT3","02/10/2016","13:35:00","NO3N.4","S1",530,"CMC","NTWQM",2016-02-10 13:35:00,0.1,"D","2","Water",NA,4.7,"MG/L",NA,"ACARL","ALLARM Community Aquatic Research Laboratory",0.1,2,"",1,1,"S","PARTNTID","L02 ","NO23W"
"62",144,"ALLARM","ALLARM.LT8","04/06/2016","15:10:00","NO3N.4","S1",561,"CMC","NTWQM",2016-04-06 15:10:00,0.1,"D","2","Water",NA,4.6,"MG/L",NA,"ACARL","ALLARM Community Aquatic Research Laboratory",0.1,2,"",1,1,"S","PARTNTID","L02 ","NO23W"
"63",144,"ALLARM","ALLARM.LT7","06/13/2016","12:00:00","NO3N.4","S1",556,"CMC","NTWQM",2016-06-13 12:00:00,0.1,"D","2","Water",NA,4.5,"MG/L",NA,"ACARL","ALLARM Community Aquatic Research Laboratory",0.1,2,"",1,1,"S","PARTNTID","L02 ","NO23W"
"64",144,"ALLARM","ALLARM.LT3","08/15/2016","13:50:00","NO3N.4","S1",533,"CMC","NTWQM",2016-08-15 13:50:00,0.1,"D","2","Water",NA,4.3,"MG/L",NA,"ACARL","ALLARM Community Aquatic Research Laboratory",0.1,2,"",1,1,"S","PARTNTID","L02 ","NO23W"
"65",144,"ALLARM","ALLARM.LT4","06/13/2016","12:00:00","NO3N.4","S1",538,"CMC","NTWQM",2016-06-13 12:00:00,0.1,"D","2","Water",NA,5.1,"MG/L",NA,"ACARL","ALLARM Community Aquatic Research Laboratory",0.1,2,"",1,1,"S","PARTNTID","L02 ","NO23W"
"66",144,"ALLARM","ALLARM.LT10","06/13/2016","13:15:00","NO3N.4","S1",574,"CMC","NTWQM",2016-06-13 13:15:00,0.1,"D","2","Water",NA,4.4,"MG/L",NA,"ACARL","ALLARM Community Aquatic Research Laboratory",0.1,2,"",1,1,"S","PARTNTID","L02 ","NO23W"
"67",144,"ALLARM","ALLARM.LT10","02/10/2016","15:30:00","NO3N.4","S1",572,"CMC","NTWQM",2016-02-10 15:30:00,0.1,"D","2","Water",NA,3.5,"MG/L",NA,"ACARL","ALLARM Community Aquatic Research Laboratory",0.1,2,"",1,1,"S","PARTNTID","L02 ","NO23W"
"68",144,"ALLARM","ALLARM.LT8","02/10/2016","15:10:00","NO3N.4","S1",560,"CMC","NTWQM",2016-02-10 15:10:00,0.1,"D","2","Water",NA,4.3,"MG/L",NA,"ACARL","ALLARM Community Aquatic Research Laboratory",0.1,2,"",1,1,"S","PARTNTID","L02 ","NO23W"
"69",144,"ALLARM","ALLARM.LT3","11/30/2016","12:00:00","NO3N.4","S1",535,"CMC","NTWQM",2016-11-30 12:00:00,0.1,"D","2","Water",NA,4.5,"MG/L",NA,"ACARL","ALLARM Community Aquatic Research Laboratory",0.1,2,"",1,1,"S","PARTNTID","L02 ","NO23W"
"70",144,"ALLARM","ALLARM.LT2","02/10/2016","13:47:00","NO3N.4","S1",524,"CMC","NTWQM",2016-02-10 13:47:00,0.1,"D","2","Water",NA,4.9,"MG/L",NA,"ACARL","ALLARM Community Aquatic Research Laboratory",0.1,2,"",1,1,"S","PARTNTID","L02 ","NO23W"
"71",144,"ALLARM","ALLARM.LT6","11/30/2016","12:00:00","NO3N.4","S1",553,"CMC","NTWQM",2016-11-30 12:00:00,0.1,"D","2","Water",NA,1.8,"MG/L",NA,"ACARL","ALLARM Community Aquatic Research Laboratory",0.1,2,"",1,1,"S","PARTNTID","L02 ","NO23W"
"72",144,"ALLARM","ALLARM.LT9","06/13/2016","12:00:00","NO3N.4","S1",568,"CMC","NTWQM",2016-06-13 12:00:00,0.1,"D","2","Water",NA,4.2,"MG/L",NA,"ACARL","ALLARM Community Aquatic Research Laboratory",0.1,2,"",1,1,"S","PARTNTID","L02 ","NO23W"
"73",144,"ALLARM","ALLARM.LT7","11/30/2016","12:00:00","NO3N.4","S1",559,"CMC","NTWQM",2016-11-30 12:00:00,0.1,"D","2","Water",NA,2.2,"MG/L",NA,"ACARL","ALLARM Community Aquatic Research Laboratory",0.1,2,"",1,1,"S","PARTNTID","L02 ","NO23W"
"74",144,"ALLARM","ALLARM.LT9","02/10/2016","15:18:00","NO3N.4","S1",566,"CMC","NTWQM",2016-02-10 15:18:00,0.1,"D","2","Water",NA,3.4,"MG/L",NA,"ACARL","ALLARM Community Aquatic Research Laboratory",0.1,2,"",1,1,"S","PARTNTID","L02 ","NO23W"
"75",144,"ALLARM","ALLARM.LT1","08/15/2016","13:15:00","NO3N.4","S1",521,"CMC","NTWQM",2016-08-15 13:15:00,0.1,"D","2","Water",NA,4,"MG/L",NA,"ACARL","ALLARM Community Aquatic Research Laboratory",0.1,2,"",1,1,"S","PARTNTID","L02 ","NO23W"
"76",144,"ALLARM","ALLARM.LT6","08/15/2016","14:50:00","NO3N.4","S1",551,"CMC","NTWQM",2016-08-15 14:50:00,0.1,"D","2","Water",NA,3.9,"MG/L",NA,"ACARL","ALLARM Community Aquatic Research Laboratory",0.1,2,"",1,1,"S","PARTNTID","L02 ","NO23W"
"77",144,"ALLARM","ALLARM.LT8","11/30/2016","12:00:00","NO3N.4","S1",565,"CMC","NTWQM",2016-11-30 12:00:00,0.1,"D","2","Water",NA,2.9,"MG/L",NA,"ACARL","ALLARM Community Aquatic Research Laboratory",0.1,2,"",1,1,"S","PARTNTID","L02 ","NO23W"
"78",144,"ALLARM","ALLARM.LT8","10/05/2016","15:21:00","NO3N.4","S1",564,"CMC","NTWQM",2016-10-05 15:21:00,0.1,"D","2","Water",NA,3.3,"MG/L",NA,"ACARL","ALLARM Community Aquatic Research Laboratory",0.1,2,"",1,1,"S","PARTNTID","L02 ","NO23W"
"79",144,"ALLARM","ALLARM.LT7","08/15/2016","15:00:00","NO3N.4","S1",557,"CMC","NTWQM",2016-08-15 15:00:00,0.1,"D","2","Water",NA,3.4,"MG/L",NA,"ACARL","ALLARM Community Aquatic Research Laboratory",0.1,2,"",1,1,"S","PARTNTID","L02 ","NO23W"
"80",144,"ALLARM","ALLARM.LT6","10/05/2016","14:57:00","NO3N.4","S1",552,"CMC","NTWQM",2016-10-05 14:57:00,0.1,"D","2","Water",NA,3.35,"MG/L",NA,"ACARL","ALLARM Community Aquatic Research Laboratory",0.1,2,"",1,1,"S","PARTNTID","L02 ","NO23W"
"81",144,"ALLARM","ALLARM.LT8","08/15/2016","15:18:00","NO3N.4","S1",563,"CMC","NTWQM",2016-08-15 15:18:00,0.1,"D","2","Water",NA,3.4,"MG/L",NA,"ACARL","ALLARM Community Aquatic Research Laboratory",0.1,2,"",1,1,"S","PARTNTID","L02 ","NO23W"
"82",144,"ALLARM","ALLARM.LT6","02/10/2016","14:45:00","NO3N.4","S1",548,"CMC","NTWQM",2016-02-10 14:45:00,0.1,"D","2","Water",NA,4.5,"MG/L",NA,"ACARL","ALLARM Community Aquatic Research Laboratory",0.1,2,"",1,1,"S","PARTNTID","L02 ","NO23W"
"83",144,"ALLARM","ALLARM.LT7","10/05/2016","15:12:00","NO3N.4","S1",558,"CMC","NTWQM",2016-10-05 15:12:00,0.1,"D","2","Water",NA,3.3,"MG/L",NA,"ACARL","ALLARM Community Aquatic Research Laboratory",0.1,2,"",1,1,"S","PARTNTID","L02 ","NO23W"
"84",144,"ALLARM","ALLARM.LT7","04/06/2016","15:00:00","NO3N.4","S1",555,"CMC","NTWQM",2016-04-06 15:00:00,0.1,"D","2","Water",NA,4.2,"MG/L",NA,"ACARL","ALLARM Community Aquatic Research Laboratory",0.1,2,"",1,1,"S","PARTNTID","L02 ","NO23W"
"85",144,"ALLARM","ALLARM.LT3","04/06/2016","13:20:00","NO3N.4","S1",531,"CMC","NTWQM",2016-04-06 13:20:00,0.1,"D","2","Water",NA,4.95,"MG/L",NA,"ACARL","ALLARM Community Aquatic Research Laboratory",0.1,2,"",1,1,"S","PARTNTID","L02 ","NO23W"
"86",144,"ALLARM","ALLARM.LT8","06/13/2016","12:00:00","NO3N.4","S1",562,"CMC","NTWQM",2016-06-13 12:00:00,0.1,"D","2","Water",NA,4.1,"MG/L",NA,"ACARL","ALLARM Community Aquatic Research Laboratory",0.1,2,"",1,1,"S","PARTNTID","L02 ","NO23W"
"87",144,"ALLARM","ALLARM.LT9","11/30/2016","12:00:00","NO3N.4","S1",571,"CMC","NTWQM",2016-11-30 12:00:00,0.1,"D","2","Water",NA,2.7,"MG/L",NA,"ACARL","ALLARM Community Aquatic Research Laboratory",0.1,2,"",1,1,"S","PARTNTID","L02 ","NO23W"
"88",144,"ALLARM","ALLARM.LT4","02/10/2016","14:10:00","NO3N.4","S1",536,"CMC","NTWQM",2016-02-10 14:10:00,0.1,"D","2","Water",NA,4.7,"MG/L",NA,"ACARL","ALLARM Community Aquatic Research Laboratory",0.1,2,"",1,1,"S","PARTNTID","L02 ","NO23W"
"89",144,"ALLARM","ALLARM.LT1","10/05/2016","14:00:00","NO3N.4","S1",522,"CMC","NTWQM",2016-10-05 14:00:00,0.1,"D","2","Water",NA,4.15,"MG/L",NA,"ACARL","ALLARM Community Aquatic Research Laboratory",0.1,2,"",1,1,"S","PARTNTID","L02 ","NO23W"
"90",144,"ALLARM","ALLARM.LT6","06/13/2016","12:00:00","NO3N.4","S1",550,"CMC","NTWQM",2016-06-13 12:00:00,0.1,"D","2","Water",NA,5.2,"MG/L",NA,"ACARL","ALLARM Community Aquatic Research Laboratory",0.1,2,"",1,1,"S","PARTNTID","L02 ","NO23W"
"91",144,"ALLARM","ALLARM.LT10","08/15/2016","15:46:00","NO3N.4","S1",575,"CMC","NTWQM",2016-08-15 15:46:00,0.1,"D","2","Water",NA,3.1,"MG/L",NA,"ACARL","ALLARM Community Aquatic Research Laboratory",0.1,2,"",1,1,"S","PARTNTID","L02 ","NO23W"
"92",144,"ALLARM","ALLARM.LT4","04/06/2016","14:05:00","NO3N.4","S1",537,"CMC","NTWQM",2016-04-06 14:05:00,0.1,"D","2","Water",NA,4.45,"MG/L",NA,"ACARL","ALLARM Community Aquatic Research Laboratory",0.1,2,"",1,1,"S","PARTNTID","L02 ","NO23W"
"93",144,"ALLARM","ALLARM.LT9","08/15/2016","15:34:00","NO3N.4","S1",569,"CMC","NTWQM",2016-08-15 15:34:00,0.1,"D","2","Water",NA,3.1,"MG/L",NA,"ACARL","ALLARM Community Aquatic Research Laboratory",0.1,2,"",1,1,"S","PARTNTID","L02 ","NO23W"
"94",144,"ALLARM","ALLARM.LT9","04/06/2016","15:15:00","NO3N.4","S1",567,"CMC","NTWQM",2016-04-06 15:15:00,0.1,"D","2","Water",NA,4.1,"MG/L",NA,"ACARL","ALLARM Community Aquatic Research Laboratory",0.1,2,"",1,1,"S","PARTNTID","L02 ","NO23W"
"95",144,"ALLARM","ALLARM.LT10","11/30/2016","12:00:00","NO3N.4","S1",577,"CMC","NTWQM",2016-11-30 12:00:00,0.1,"D","2","Water",NA,2.8,"MG/L",NA,"ACARL","ALLARM Community Aquatic Research Laboratory",0.1,2,"",1,1,"S","PARTNTID","L02 ","NO23W"
"96",171,"ALLARM","ALLARM.LT1","06/13/2016","09:15:00","PH.1","M1",520,"CMC","NTWQM",2016-06-13 09:15:00,0.1,"ISM","2","Water",NA,7.54,"SU",NA,NA,NA,NA,2,"",1,1,"S","PARTNTID","F01 ","PH"
"97",171,"ALLARM","ALLARM.LT1","04/06/2016","13:45:00","PH.1","M1",519,"CMC","NTWQM",2016-04-06 13:45:00,0.1,"ISM","2","Water",NA,7.9,"SU",NA,NA,NA,NA,2,"",1,1,"S","PARTNTID","F01 ","PH"
"98",171,"ALLARM","ALLARM.LT4","10/05/2016","14:22:00","PH.1","M1",540,"CMC","NTWQM",2016-10-05 14:22:00,0.1,"ISM","2","Water",NA,7.97,"SU",NA,NA,NA,NA,2,"",1,1,"S","PARTNTID","F01 ","PH"
"99",171,"ALLARM","ALLARM.LT2","06/13/2016","12:00:00","PH.1","M1",526,"CMC","NTWQM",2016-06-13 12:00:00,0.1,"ISM","2","Water",NA,7.85,"SU",NA,NA,NA,NA,2,"",1,1,"S","PARTNTID","F01 ","PH"
"100",171,"ALLARM","ALLARM.LT2","04/06/2016","13:30:00","PH.1","M1",525,"CMC","NTWQM",2016-04-06 13:30:00,0.1,"ISM","2","Water",NA,8.1,"SU",NA,NA,NA,NA,2,"",1,1,"S","PARTNTID","F01 ","PH"
"101",171,"ALLARM","ALLARM.LT10","04/06/2016","15:25:00","PH.1","M1",573,"CMC","NTWQM",2016-04-06 15:25:00,0.1,"ISM","2","Water",NA,8.5,"SU",NA,NA,NA,NA,2,"",1,1,"S","PARTNTID","F01 ","PH"
"102",171,"ALLARM","ALLARM.LT4","11/30/2016","12:00:00","PH.1","M1",541,"CMC","NTWQM",2016-11-30 12:00:00,0.1,"ISM","2","Water",NA,8.19,"SU",NA,NA,NA,NA,2,"",1,1,"S","PARTNTID","F01 ","PH"
"103",171,"ALLARM","ALLARM.LT3","02/10/2016","13:35:00","PH.1","M1",530,"CMC","NTWQM",2016-02-10 13:35:00,0.1,"ISM","2","Water",NA,8,"SU",NA,NA,NA,NA,2,"",1,1,"S","PARTNTID","F01 ","PH"
"104",171,"ALLARM","ALLARM.LT4","08/15/2016","14:15:00","PH.1","M1",539,"CMC","NTWQM",2016-08-15 14:15:00,0.1,"ISM","2","Water",NA,8.05,"SU",NA,NA,NA,NA,2,"",1,1,"S","PARTNTID","F01 ","PH"
"105",171,"ALLARM","ALLARM.LT10","02/10/2016","15:30:00","PH.1","M1",572,"CMC","NTWQM",2016-02-10 15:30:00,0.1,"ISM","2","Water",NA,7.96,"SU",NA,NA,NA,NA,2,"",1,1,"S","PARTNTID","F01 ","PH"
"106",171,"ALLARM","ALLARM.LT5","06/13/2016","12:00:00","PH.1","M1",544,"CMC","NTWQM",2016-06-13 12:00:00,0.1,"ISM","2","Water",NA,8.1,"SU",NA,NA,NA,NA,2,"",1,1,"S","PARTNTID","F01 ","PH"
"107",171,"ALLARM","ALLARM.LT3","10/05/2016","13:45:00","PH.1","M1",534,"CMC","NTWQM",2016-10-05 13:45:00,0.1,"ISM","2","Water",NA,7.76,"SU",NA,NA,NA,NA,2,"",1,1,"S","PARTNTID","F01 ","PH"
"108",171,"ALLARM","ALLARM.LT3","11/30/2016","12:00:00","PH.1","M1",535,"CMC","NTWQM",2016-11-30 12:00:00,0.1,"ISM","2","Water",NA,8.09,"SU",NA,NA,NA,NA,2,"",1,1,"S","PARTNTID","F01 ","PH"
"109",171,"ALLARM","ALLARM.LT5","10/05/2016","14:45:00","PH.1","M1",546,"CMC","NTWQM",2016-10-05 14:45:00,0.1,"ISM","2","Water",NA,8.09,"SU",NA,NA,NA,NA,2,"",1,1,"S","PARTNTID","F01 ","PH"
"110",171,"ALLARM","ALLARM.LT1","02/10/2016","13:52:00","PH.1","M1",518,"CMC","NTWQM",2016-02-10 13:52:00,0.1,"ISM","2","Water",NA,7.85,"SU",NA,NA,NA,NA,2,"",1,1,"S","PARTNTID","F01 ","PH"
"111",171,"ALLARM","ALLARM.LT5","08/15/2016","14:30:00","PH.1","M1",545,"CMC","NTWQM",2016-08-15 14:30:00,0.1,"ISM","2","Water",NA,8.12,"SU",NA,NA,NA,NA,2,"",1,1,"S","PARTNTID","F01 ","PH"
"112",171,"ALLARM","ALLARM.LT7","06/13/2016","12:00:00","PH.1","M1",556,"CMC","NTWQM",2016-06-13 12:00:00,0.1,"ISM","2","Water",NA,7.74,"SU",NA,NA,NA,NA,2,"",1,1,"S","PARTNTID","F01 ","PH"
"113",171,"ALLARM","ALLARM.LT1","11/30/2016","13:10:00","PH.1","M1",523,"CMC","NTWQM",2016-11-30 13:10:00,0.1,"ISM","2","Water",NA,8.05,"SU",NA,NA,NA,NA,2,"",1,1,"S","PARTNTID","F01 ","PH"
"114",171,"ALLARM","ALLARM.LT1","08/15/2016","13:15:00","PH.1","M1",521,"CMC","NTWQM",2016-08-15 13:15:00,0.1,"ISM","2","Water",NA,7.3,"SU",NA,NA,NA,NA,2,"",1,1,"S","PARTNTID","F01 ","PH"
"115",171,"ALLARM","ALLARM.LT6","08/15/2016","14:50:00","PH.1","M1",551,"CMC","NTWQM",2016-08-15 14:50:00,0.1,"ISM","2","Water",NA,8.06,"SU",NA,NA,NA,NA,2,"",1,1,"S","PARTNTID","F01 ","PH"
"116",171,"ALLARM","ALLARM.LT8","02/10/2016","15:10:00","PH.1","M1",560,"CMC","NTWQM",2016-02-10 15:10:00,0.1,"ISM","2","Water",NA,8.24,"SU",NA,NA,NA,NA,2,"",1,1,"S","PARTNTID","F01 ","PH"
"117",171,"ALLARM","ALLARM.LT5","02/10/2016","14:30:00","PH.1","M1",542,"CMC","NTWQM",2016-02-10 14:30:00,0.1,"ISM","2","Water",NA,8.25,"SU",NA,NA,NA,NA,2,"",1,1,"S","PARTNTID","F01 ","PH"
"118",171,"ALLARM","ALLARM.LT2","11/30/2016","13:12:00","PH.1","M1",529,"CMC","NTWQM",2016-11-30 13:12:00,0.1,"ISM","2","Water",NA,8.38,"SU",NA,NA,NA,NA,2,"",1,1,"S","PARTNTID","F01 ","PH"
"119",171,"ALLARM","ALLARM.LT3","04/06/2016","13:20:00","PH.1","M1",531,"CMC","NTWQM",2016-04-06 13:20:00,0.1,"ISM","2","Water",NA,7.82,"SU",NA,NA,NA,NA,2,"",1,1,"S","PARTNTID","F01 ","PH"
"120",171,"ALLARM","ALLARM.LT6","06/13/2016","12:00:00","PH.1","M1",550,"CMC","NTWQM",2016-06-13 12:00:00,0.1,"ISM","2","Water",NA,8.07,"SU",NA,NA,NA,NA,2,"",1,1,"S","PARTNTID","F01 ","PH"
"121",171,"ALLARM","ALLARM.LT6","02/10/2016","14:45:00","PH.1","M1",548,"CMC","NTWQM",2016-02-10 14:45:00,0.1,"ISM","2","Water",NA,8.33,"SU",NA,NA,NA,NA,2,"",1,1,"S","PARTNTID","F01 ","PH"
"122",171,"ALLARM","ALLARM.LT8","04/06/2016","15:10:00","PH.1","M1",561,"CMC","NTWQM",2016-04-06 15:10:00,0.1,"ISM","2","Water",NA,8.33,"SU",NA,NA,NA,NA,2,"",1,1,"S","PARTNTID","F01 ","PH"
"123",171,"ALLARM","ALLARM.LT2","08/15/2016","13:25:00","PH.1","M1",527,"CMC","NTWQM",2016-08-15 13:25:00,0.1,"ISM","2","Water",NA,7.92,"SU",NA,NA,NA,NA,2,"",1,1,"S","PARTNTID","F01 ","PH"
"124",171,"ALLARM","ALLARM.LT5","04/06/2016","14:20:00","PH.1","M1",543,"CMC","NTWQM",2016-04-06 14:20:00,0.1,"ISM","2","Water",NA,8.84,"SU",NA,NA,NA,NA,2,"",1,1,"S","PARTNTID","F01 ","PH"
"125",171,"ALLARM","ALLARM.LT7","11/30/2016","12:00:00","PH.1","M1",559,"CMC","NTWQM",2016-11-30 12:00:00,0.1,"ISM","2","Water",NA,8.1,"SU",NA,NA,NA,NA,2,"",1,1,"S","PARTNTID","F01 ","PH"
"126",171,"ALLARM","ALLARM.LT6","04/06/2016","14:50:00","PH.1","M1",549,"CMC","NTWQM",2016-04-06 14:50:00,0.1,"ISM","2","Water",NA,8.47,"SU",NA,NA,NA,NA,2,"",1,1,"S","PARTNTID","F01 ","PH"
"127",171,"ALLARM","ALLARM.LT2","10/05/2016","13:55:00","PH.1","M1",528,"CMC","NTWQM",2016-10-05 13:55:00,0.1,"ISM","2","Water",NA,8,"SU",NA,NA,NA,NA,2,"",1,1,"S","PARTNTID","F01 ","PH"
"128",171,"ALLARM","ALLARM.LT10","06/13/2016","13:15:00","PH.1","M1",574,"CMC","NTWQM",2016-06-13 13:15:00,0.1,"ISM","2","Water",NA,8.25,"SU",NA,NA,NA,NA,2,"",1,1,"S","PARTNTID","F01 ","PH"
"129",171,"ALLARM","ALLARM.LT8","11/30/2016","12:00:00","PH.1","M1",565,"CMC","NTWQM",2016-11-30 12:00:00,0.1,"ISM","2","Water",NA,7.9,"SU",NA,NA,NA,NA,2,"",1,1,"S","PARTNTID","F01 ","PH"
"130",171,"ALLARM","ALLARM.LT5","11/30/2016","12:00:00","PH.1","M1",547,"CMC","NTWQM",2016-11-30 12:00:00,0.1,"ISM","2","Water",NA,8.36,"SU",NA,NA,NA,NA,2,"",1,1,"S","PARTNTID","F01 ","PH"
"131",171,"ALLARM","ALLARM.LT7","08/15/2016","15:00:00","PH.1","M1",557,"CMC","NTWQM",2016-08-15 15:00:00,0.1,"ISM","2","Water",NA,7.85,"SU",NA,NA,NA,NA,2,"",1,1,"S","PARTNTID","F01 ","PH"
"132",171,"ALLARM","ALLARM.LT3","06/13/2016","12:00:00","PH.1","M1",532,"CMC","NTWQM",2016-06-13 12:00:00,0.1,"ISM","2","Water",NA,7.76,"SU",NA,NA,NA,NA,2,"",1,1,"S","PARTNTID","F01 ","PH"
"133",171,"ALLARM","ALLARM.LT10","08/15/2016","15:46:00","PH.1","M1",575,"CMC","NTWQM",2016-08-15 15:46:00,0.1,"ISM","2","Water",NA,8.27,"SU",NA,NA,NA,NA,2,"",1,1,"S","PARTNTID","F01 ","PH"
"134",171,"ALLARM","ALLARM.LT6","11/30/2016","12:00:00","PH.1","M1",553,"CMC","NTWQM",2016-11-30 12:00:00,0.1,"ISM","2","Water",NA,8.21,"SU",NA,NA,NA,NA,2,"",1,1,"S","PARTNTID","F01 ","PH"
"135",171,"ALLARM","ALLARM.LT9","02/10/2016","15:18:00","PH.1","M1",566,"CMC","NTWQM",2016-02-10 15:18:00,0.1,"ISM","2","Water",NA,8.16,"SU",NA,NA,NA,NA,2,"",1,1,"S","PARTNTID","F01 ","PH"
"136",171,"ALLARM","ALLARM.LT3","08/15/2016","13:50:00","PH.1","M1",533,"CMC","NTWQM",2016-08-15 13:50:00,0.1,"ISM","2","Water",NA,7.73,"SU",NA,NA,NA,NA,2,"",1,1,"S","PARTNTID","F01 ","PH"
"137",171,"ALLARM","ALLARM.LT10","11/30/2016","12:00:00","PH.1","M1",577,"CMC","NTWQM",2016-11-30 12:00:00,0.1,"ISM","2","Water",NA,8.16,"SU",NA,NA,NA,NA,2,"",1,1,"S","PARTNTID","F01 ","PH"
"138",171,"ALLARM","ALLARM.LT8","10/05/2016","15:21:00","PH.1","M1",564,"CMC","NTWQM",2016-10-05 15:21:00,0.1,"ISM","2","Water",NA,7.89,"SU",NA,NA,NA,NA,2,"",1,1,"S","PARTNTID","F01 ","PH"
"139",171,"ALLARM","ALLARM.LT4","06/13/2016","12:00:00","PH.1","M1",538,"CMC","NTWQM",2016-06-13 12:00:00,0.1,"ISM","2","Water",NA,8.03,"SU",NA,NA,NA,NA,2,"",1,1,"S","PARTNTID","F01 ","PH"
"140",171,"ALLARM","ALLARM.LT9","10/05/2016","15:30:00","PH.1","M1",570,"CMC","NTWQM",2016-10-05 15:30:00,0.1,"ISM","2","Water",NA,7.82,"SU",NA,NA,NA,NA,2,"",1,1,"S","PARTNTID","F01 ","PH"
"141",171,"ALLARM","ALLARM.LT9","08/15/2016","15:34:00","PH.1","M1",569,"CMC","NTWQM",2016-08-15 15:34:00,0.1,"ISM","2","Water",NA,8.23,"SU",NA,NA,NA,NA,2,"",1,1,"S","PARTNTID","F01 ","PH"
"142",171,"ALLARM","ALLARM.LT6","10/05/2016","14:57:00","PH.1","M1",552,"CMC","NTWQM",2016-10-05 14:57:00,0.1,"ISM","2","Water",NA,8.28,"SU",NA,NA,NA,NA,2,"",1,1,"S","PARTNTID","F01 ","PH"
"143",171,"ALLARM","ALLARM.LT8","08/15/2016","15:18:00","PH.1","M1",563,"CMC","NTWQM",2016-08-15 15:18:00,0.1,"ISM","2","Water",NA,7.95,"SU",NA,NA,NA,NA,2,"",1,1,"S","PARTNTID","F01 ","PH"
"144",171,"ALLARM","ALLARM.LT7","10/05/2016","15:12:00","PH.1","M1",558,"CMC","NTWQM",2016-10-05 15:12:00,0.1,"ISM","2","Water",NA,7.68,"SU",NA,NA,NA,NA,2,"",1,1,"S","PARTNTID","F01 ","PH"
"145",171,"ALLARM","ALLARM.LT9","06/13/2016","12:00:00","PH.1","M1",568,"CMC","NTWQM",2016-06-13 12:00:00,0.1,"ISM","2","Water",NA,8.17,"SU",NA,NA,NA,NA,2,"",1,1,"S","PARTNTID","F01 ","PH"
"146",171,"ALLARM","ALLARM.LT2","02/10/2016","13:47:00","PH.1","M1",524,"CMC","NTWQM",2016-02-10 13:47:00,0.1,"ISM","2","Water",NA,8.08,"SU",NA,NA,NA,NA,2,"",1,1,"S","PARTNTID","F01 ","PH"
"147",171,"ALLARM","ALLARM.LT10","10/05/2016","15:38:00","PH.1","M1",576,"CMC","NTWQM",2016-10-05 15:38:00,0.1,"ISM","2","Water",NA,7.96,"SU",NA,NA,NA,NA,2,"",1,1,"S","PARTNTID","F01 ","PH"
"148",171,"ALLARM","ALLARM.LT4","04/06/2016","14:05:00","PH.1","M1",537,"CMC","NTWQM",2016-04-06 14:05:00,0.1,"ISM","2","Water",NA,8.45,"SU",NA,NA,NA,NA,2,"",1,1,"S","PARTNTID","F01 ","PH"
"149",171,"ALLARM","ALLARM.LT7","04/06/2016","15:00:00","PH.1","M1",555,"CMC","NTWQM",2016-04-06 15:00:00,0.1,"ISM","2","Water",NA,8.16,"SU",NA,NA,NA,NA,2,"",1,1,"S","PARTNTID","F01 ","PH"
"150",171,"ALLARM","ALLARM.LT4","02/10/2016","14:10:00","PH.1","M1",536,"CMC","NTWQM",2016-02-10 14:10:00,0.1,"ISM","2","Water",NA,8.04,"SU",NA,NA,NA,NA,2,"",1,1,"S","PARTNTID","F01 ","PH"
"151",171,"ALLARM","ALLARM.LT8","06/13/2016","12:00:00","PH.1","M1",562,"CMC","NTWQM",2016-06-13 12:00:00,0.1,"ISM","2","Water",NA,7.9,"SU",NA,NA,NA,NA,2,"",1,1,"S","PARTNTID","F01 ","PH"
"152",171,"ALLARM","ALLARM.LT9","04/06/2016","15:15:00","PH.1","M1",567,"CMC","NTWQM",2016-04-06 15:15:00,0.1,"ISM","2","Water",NA,8.58,"SU",NA,NA,NA,NA,2,"",1,1,"S","PARTNTID","F01 ","PH"
"153",171,"ALLARM","ALLARM.LT9","11/30/2016","12:00:00","PH.1","M1",571,"CMC","NTWQM",2016-11-30 12:00:00,0.1,"ISM","2","Water",NA,8.36,"SU",NA,NA,NA,NA,2,"",1,1,"S","PARTNTID","F01 ","PH"
"154",171,"ALLARM","ALLARM.LT1","10/05/2016","14:00:00","PH.1","M1",522,"CMC","NTWQM",2016-10-05 14:00:00,0.1,"ISM","2","Water",NA,7.59,"SU",NA,NA,NA,NA,2,"",1,1,"S","PARTNTID","F01 ","PH"
"155",171,"ALLARM","ALLARM.LT7","02/10/2016","15:00:00","PH.1","M1",554,"CMC","NTWQM",2016-02-10 15:00:00,0.1,"ISM","2","Water",NA,8.39,"SU",NA,NA,NA,NA,2,"",1,1,"S","PARTNTID","F01 ","PH"
"156",189,"ALLARM","ALLARM.LT5","04/06/2016","14:20:00","OP.5","S1",543,"CMC","NTWQM",2016-04-06 14:20:00,0.1,"D","2","Water",NA,0.07,"MG/L",NA,"ACARL","ALLARM Community Aquatic Research Laboratory",0.02,2,"",1,1,"S","PARTNTID","L02 ","PO4F"
"157",189,"ALLARM","ALLARM.LT5","02/10/2016","14:30:00","OP.5","S1",542,"CMC","NTWQM",2016-02-10 14:30:00,0.1,"D","2","Water",NA,0.05,"MG/L",NA,"ACARL","ALLARM Community Aquatic Research Laboratory",0.02,2,"",1,1,"S","PARTNTID","L02 ","PO4F"
"158",189,"ALLARM","ALLARM.LT1","04/06/2016","13:45:00","OP.5","S1",519,"CMC","NTWQM",2016-04-06 13:45:00,0.1,"D","2","Water",NA,0.08,"MG/L",NA,"ACARL","ALLARM Community Aquatic Research Laboratory",0.02,2,"",1,1,"S","PARTNTID","L02 ","PO4F"
"159",189,"ALLARM","ALLARM.LT10","10/05/2016","15:38:00","OP.5","S1",576,"CMC","NTWQM",2016-10-05 15:38:00,0.1,"D","2","Water",NA,0,"MG/L",NA,"ACARL","ALLARM Community Aquatic Research Laboratory",0.02,2,"",1,1,"S","PARTNTID","L02 ","PO4F"
"160",189,"ALLARM","ALLARM.LT2","11/30/2016","13:12:00","OP.5","S1",529,"CMC","NTWQM",2016-11-30 13:12:00,0.1,"D","2","Water",NA,0.06,"MG/L",NA,"ACARL","ALLARM Community Aquatic Research Laboratory",0.02,2,"",1,1,"S","PARTNTID","L02 ","PO4F"
"161",189,"ALLARM","ALLARM.LT1","06/13/2016","09:15:00","OP.5","S1",520,"CMC","NTWQM",2016-06-13 09:15:00,0.1,"D","2","Water",NA,0.1,"MG/L",NA,"ACARL","ALLARM Community Aquatic Research Laboratory",0.02,2,"",1,1,"S","PARTNTID","L02 ","PO4F"
"162",189,"ALLARM","ALLARM.LT4","06/13/2016","12:00:00","OP.5","S1",538,"CMC","NTWQM",2016-06-13 12:00:00,0.1,"D","2","Water",NA,0.14,"MG/L",NA,"ACARL","ALLARM Community Aquatic Research Laboratory",0.02,2,"",1,1,"S","PARTNTID","L02 ","PO4F"
"163",189,"ALLARM","ALLARM.LT3","08/15/2016","13:50:00","OP.5","S1",533,"CMC","NTWQM",2016-08-15 13:50:00,0.1,"D","2","Water",NA,0,"MG/L",NA,"ACARL","ALLARM Community Aquatic Research Laboratory",0.02,2,"",1,1,"S","PARTNTID","L02 ","PO4F"
"164",189,"ALLARM","ALLARM.LT2","08/15/2016","13:25:00","OP.5","S1",527,"CMC","NTWQM",2016-08-15 13:25:00,0.1,"D","2","Water",NA,0.02,"MG/L",NA,"ACARL","ALLARM Community Aquatic Research Laboratory",0.02,2,"",1,1,"S","PARTNTID","L02 ","PO4F"
"165",189,"ALLARM","ALLARM.LT10","04/06/2016","15:25:00","OP.5","S1",573,"CMC","NTWQM",2016-04-06 15:25:00,0.1,"D","2","Water",NA,0.06,"MG/L",NA,"ACARL","ALLARM Community Aquatic Research Laboratory",0.02,2,"",1,1,"S","PARTNTID","L02 ","PO4F"
"166",189,"ALLARM","ALLARM.LT3","11/30/2016","12:00:00","OP.5","S1",535,"CMC","NTWQM",2016-11-30 12:00:00,0.1,"D","2","Water",NA,0.07,"MG/L",NA,"ACARL","ALLARM Community Aquatic Research Laboratory",0.02,2,"",1,1,"S","PARTNTID","L02 ","PO4F"
"167",189,"ALLARM","ALLARM.LT5","11/30/2016","12:00:00","OP.5","S1",547,"CMC","NTWQM",2016-11-30 12:00:00,0.1,"D","2","Water",NA,0.07,"MG/L",NA,"ACARL","ALLARM Community Aquatic Research Laboratory",0.02,2,"",1,1,"S","PARTNTID","L02 ","PO4F"
"168",189,"ALLARM","ALLARM.LT9","08/15/2016","15:34:00","OP.5","S1",569,"CMC","NTWQM",2016-08-15 15:34:00,0.1,"D","2","Water",NA,0.16,"MG/L",NA,"ACARL","ALLARM Community Aquatic Research Laboratory",0.02,2,"",1,1,"S","PARTNTID","L02 ","PO4F"
"169",189,"ALLARM","ALLARM.LT7","08/15/2016","15:00:00","OP.5","S1",557,"CMC","NTWQM",2016-08-15 15:00:00,0.1,"D","2","Water",NA,0.04,"MG/L",NA,"ACARL","ALLARM Community Aquatic Research Laboratory",0.02,2,"",1,1,"S","PARTNTID","L02 ","PO4F"
"170",189,"ALLARM","ALLARM.LT2","06/13/2016","12:00:00","OP.5","S1",526,"CMC","NTWQM",2016-06-13 12:00:00,0.1,"D","2","Water",NA,0.17,"MG/L",NA,"ACARL","ALLARM Community Aquatic Research Laboratory",0.02,2,"",1,1,"S","PARTNTID","L02 ","PO4F"
"171",189,"ALLARM","ALLARM.LT6","08/15/2016","14:50:00","OP.5","S1",551,"CMC","NTWQM",2016-08-15 14:50:00,0.1,"D","2","Water",NA,0.04,"MG/L",NA,"ACARL","ALLARM Community Aquatic Research Laboratory",0.02,2,"",1,1,"S","PARTNTID","L02 ","PO4F"
"172",189,"ALLARM","ALLARM.LT5","06/13/2016","12:00:00","OP.5","S1",544,"CMC","NTWQM",2016-06-13 12:00:00,0.1,"D","2","Water",NA,0.08,"MG/L",NA,"ACARL","ALLARM Community Aquatic Research Laboratory",0.02,2,"",1,1,"S","PARTNTID","L02 ","PO4F"
"173",189,"ALLARM","ALLARM.LT3","06/13/2016","12:00:00","OP.5","S1",532,"CMC","NTWQM",2016-06-13 12:00:00,0.1,"D","2","Water",NA,0.09,"MG/L",NA,"ACARL","ALLARM Community Aquatic Research Laboratory",0.02,2,"",1,1,"S","PARTNTID","L02 ","PO4F"
"174",189,"ALLARM","ALLARM.LT4","10/05/2016","14:22:00","OP.5","S1",540,"CMC","NTWQM",2016-10-05 14:22:00,0.1,"D","2","Water",NA,0,"MG/L",NA,"ACARL","ALLARM Community Aquatic Research Laboratory",0.02,2,"",1,1,"S","PARTNTID","L02 ","PO4F"
"175",189,"ALLARM","ALLARM.LT3","10/05/2016","13:45:00","OP.5","S1",534,"CMC","NTWQM",2016-10-05 13:45:00,0.1,"D","2","Water",NA,0.03,"MG/L",NA,"ACARL","ALLARM Community Aquatic Research Laboratory",0.02,2,"",1,1,"S","PARTNTID","L02 ","PO4F"
"176",189,"ALLARM","ALLARM.LT8","10/05/2016","15:21:00","OP.5","S1",564,"CMC","NTWQM",2016-10-05 15:21:00,0.1,"D","2","Water",NA,0,"MG/L",NA,"ACARL","ALLARM Community Aquatic Research Laboratory",0.02,2,"",1,1,"S","PARTNTID","L02 ","PO4F"
"177",189,"ALLARM","ALLARM.LT2","04/06/2016","13:30:00","OP.5","S1",525,"CMC","NTWQM",2016-04-06 13:30:00,0.1,"D","2","Water",NA,0.125,"MG/L",NA,"ACARL","ALLARM Community Aquatic Research Laboratory",0.02,2,"",1,1,"S","PARTNTID","L02 ","PO4F"
"178",189,"ALLARM","ALLARM.LT4","11/30/2016","12:00:00","OP.5","S1",541,"CMC","NTWQM",2016-11-30 12:00:00,0.1,"D","2","Water",NA,0.1,"MG/L",NA,"ACARL","ALLARM Community Aquatic Research Laboratory",0.02,2,"",1,1,"S","PARTNTID","L02 ","PO4F"
"179",189,"ALLARM","ALLARM.LT6","02/10/2016","14:45:00","OP.5","S1",548,"CMC","NTWQM",2016-02-10 14:45:00,0.1,"D","2","Water",NA,0.07,"MG/L",NA,"ACARL","ALLARM Community Aquatic Research Laboratory",0.02,2,"",1,1,"S","PARTNTID","L02 ","PO4F"
"180",189,"ALLARM","ALLARM.LT3","04/06/2016","13:20:00","OP.5","S1",531,"CMC","NTWQM",2016-04-06 13:20:00,0.1,"D","2","Water",NA,0.06,"MG/L",NA,"ACARL","ALLARM Community Aquatic Research Laboratory",0.02,2,"",1,1,"S","PARTNTID","L02 ","PO4F"
"181",189,"ALLARM","ALLARM.LT8","06/13/2016","12:00:00","OP.5","S1",562,"CMC","NTWQM",2016-06-13 12:00:00,0.1,"D","2","Water",NA,0.11,"MG/L",NA,"ACARL","ALLARM Community Aquatic Research Laboratory",0.02,2,"",1,1,"S","PARTNTID","L02 ","PO4F"
"182",189,"ALLARM","ALLARM.LT8","02/10/2016","15:10:00","OP.5","S1",560,"CMC","NTWQM",2016-02-10 15:10:00,0.1,"D","2","Water",NA,0.05,"MG/L",NA,"ACARL","ALLARM Community Aquatic Research Laboratory",0.02,2,"",1,1,"S","PARTNTID","L02 ","PO4F"
"183",189,"ALLARM","ALLARM.LT10","02/10/2016","15:30:00","OP.5","S1",572,"CMC","NTWQM",2016-02-10 15:30:00,0.1,"D","2","Water",NA,0.04,"MG/L",NA,"ACARL","ALLARM Community Aquatic Research Laboratory",0.02,2,"",1,1,"S","PARTNTID","L02 ","PO4F"
"184",189,"ALLARM","ALLARM.LT1","10/05/2016","14:00:00","OP.5","S1",522,"CMC","NTWQM",2016-10-05 14:00:00,0.1,"D","2","Water",NA,0.05,"MG/L",NA,"ACARL","ALLARM Community Aquatic Research Laboratory",0.02,2,"",1,1,"S","PARTNTID","L02 ","PO4F"
"185",189,"ALLARM","ALLARM.LT5","08/15/2016","14:30:00","OP.5","S1",545,"CMC","NTWQM",2016-08-15 14:30:00,0.1,"D","2","Water",NA,0.01,"MG/L",NA,"ACARL","ALLARM Community Aquatic Research Laboratory",0.02,2,"",1,1,"S","PARTNTID","L02 ","PO4F"
"186",189,"ALLARM","ALLARM.LT6","11/30/2016","12:00:00","OP.5","S1",553,"CMC","NTWQM",2016-11-30 12:00:00,0.1,"D","2","Water",NA,0.08,"MG/L",NA,"ACARL","ALLARM Community Aquatic Research Laboratory",0.02,2,"",1,1,"S","PARTNTID","L02 ","PO4F"
"187",189,"ALLARM","ALLARM.LT7","10/05/2016","15:12:00","OP.5","S1",558,"CMC","NTWQM",2016-10-05 15:12:00,0.1,"D","2","Water",NA,0.03,"MG/L",NA,"ACARL","ALLARM Community Aquatic Research Laboratory",0.02,2,"",1,1,"S","PARTNTID","L02 ","PO4F"
"188",189,"ALLARM","ALLARM.LT7","06/13/2016","12:00:00","OP.5","S1",556,"CMC","NTWQM",2016-06-13 12:00:00,0.1,"D","2","Water",NA,0.17,"MG/L",NA,"ACARL","ALLARM Community Aquatic Research Laboratory",0.02,2,"",1,1,"S","PARTNTID","L02 ","PO4F"
"189",189,"ALLARM","ALLARM.LT3","02/10/2016","13:35:00","OP.5","S1",530,"CMC","NTWQM",2016-02-10 13:35:00,0.1,"D","2","Water",NA,0.11,"MG/L",NA,"ACARL","ALLARM Community Aquatic Research Laboratory",0.02,2,"",1,1,"S","PARTNTID","L02 ","PO4F"
"190",189,"ALLARM","ALLARM.LT7","11/30/2016","12:00:00","OP.5","S1",559,"CMC","NTWQM",2016-11-30 12:00:00,0.1,"D","2","Water",NA,0.1,"MG/L",NA,"ACARL","ALLARM Community Aquatic Research Laboratory",0.02,2,"",1,1,"S","PARTNTID","L02 ","PO4F"
"191",189,"ALLARM","ALLARM.LT1","11/30/2016","13:10:00","OP.5","S1",523,"CMC","NTWQM",2016-11-30 13:10:00,0.1,"D","2","Water",NA,0.08,"MG/L",NA,"ACARL","ALLARM Community Aquatic Research Laboratory",0.02,2,"",1,1,"S","PARTNTID","L02 ","PO4F"
"192",189,"ALLARM","ALLARM.LT9","06/13/2016","12:00:00","OP.5","S1",568,"CMC","NTWQM",2016-06-13 12:00:00,0.1,"D","2","Water",NA,0.14,"MG/L",NA,"ACARL","ALLARM Community Aquatic Research Laboratory",0.02,2,"",1,1,"S","PARTNTID","L02 ","PO4F"
"193",189,"ALLARM","ALLARM.LT10","06/13/2016","13:15:00","OP.5","S1",574,"CMC","NTWQM",2016-06-13 13:15:00,0.1,"D","2","Water",NA,0.11,"MG/L",NA,"ACARL","ALLARM Community Aquatic Research Laboratory",0.02,2,"",1,1,"S","PARTNTID","L02 ","PO4F"
"194",189,"ALLARM","ALLARM.LT9","04/06/2016","15:15:00","OP.5","S1",567,"CMC","NTWQM",2016-04-06 15:15:00,0.1,"D","2","Water",NA,0.075,"MG/L",NA,"ACARL","ALLARM Community Aquatic Research Laboratory",0.02,2,"",1,1,"S","PARTNTID","L02 ","PO4F"
"195",189,"ALLARM","ALLARM.LT9","10/05/2016","15:30:00","OP.5","S1",570,"CMC","NTWQM",2016-10-05 15:30:00,0.1,"D","2","Water",NA,0,"MG/L",NA,"ACARL","ALLARM Community Aquatic Research Laboratory",0.02,2,"",1,1,"S","PARTNTID","L02 ","PO4F"
"196",189,"ALLARM","ALLARM.LT6","10/05/2016","14:57:00","OP.5","S1",552,"CMC","NTWQM",2016-10-05 14:57:00,0.1,"D","2","Water",NA,0.03,"MG/L",NA,"ACARL","ALLARM Community Aquatic Research Laboratory",0.02,2,"",1,1,"S","PARTNTID","L02 ","PO4F"
"197",189,"ALLARM","ALLARM.LT4","08/15/2016","14:15:00","OP.5","S1",539,"CMC","NTWQM",2016-08-15 14:15:00,0.1,"D","2","Water",NA,0,"MG/L",NA,"ACARL","ALLARM Community Aquatic Research Laboratory",0.02,2,"",1,1,"S","PARTNTID","L02 ","PO4F"
"198",189,"ALLARM","ALLARM.LT10","08/15/2016","15:46:00","OP.5","S1",575,"CMC","NTWQM",2016-08-15 15:46:00,0.1,"D","2","Water",NA,0.03,"MG/L",NA,"ACARL","ALLARM Community Aquatic Research Laboratory",0.02,2,"",1,1,"S","PARTNTID","L02 ","PO4F"
"199",189,"ALLARM","ALLARM.LT8","08/15/2016","15:18:00","OP.5","S1",563,"CMC","NTWQM",2016-08-15 15:18:00,0.1,"D","2","Water",NA,0.13,"MG/L",NA,"ACARL","ALLARM Community Aquatic Research Laboratory",0.02,2,"",1,1,"S","PARTNTID","L02 ","PO4F"
"200",189,"ALLARM","ALLARM.LT4","04/06/2016","14:05:00","OP.5","S1",537,"CMC","NTWQM",2016-04-06 14:05:00,0.1,"D","2","Water",NA,0.105,"MG/L",NA,"ACARL","ALLARM Community Aquatic Research Laboratory",0.02,2,"",1,1,"S","PARTNTID","L02 ","PO4F"
"201",189,"ALLARM","ALLARM.LT5","10/05/2016","14:45:00","OP.5","S1",546,"CMC","NTWQM",2016-10-05 14:45:00,0.1,"D","2","Water",NA,0,"MG/L",NA,"ACARL","ALLARM Community Aquatic Research Laboratory",0.02,2,"",1,1,"S","PARTNTID","L02 ","PO4F"
"202",189,"ALLARM","ALLARM.LT9","02/10/2016","15:18:00","OP.5","S1",566,"CMC","NTWQM",2016-02-10 15:18:00,0.1,"D","2","Water",NA,0.04,"MG/L",NA,"ACARL","ALLARM Community Aquatic Research Laboratory",0.02,2,"",1,1,"S","PARTNTID","L02 ","PO4F"
"203",189,"ALLARM","ALLARM.LT1","02/10/2016","13:52:00","OP.5","S1",518,"CMC","NTWQM",2016-02-10 13:52:00,0.1,"D","2","Water",NA,0.11,"MG/L",NA,"ACARL","ALLARM Community Aquatic Research Laboratory",0.02,2,"",1,1,"S","PARTNTID","L02 ","PO4F"
"204",189,"ALLARM","ALLARM.LT8","04/06/2016","15:10:00","OP.5","S1",561,"CMC","NTWQM",2016-04-06 15:10:00,0.1,"D","2","Water",NA,0.05,"MG/L",NA,"ACARL","ALLARM Community Aquatic Research Laboratory",0.02,2,"",1,1,"S","PARTNTID","L02 ","PO4F"
"205",189,"ALLARM","ALLARM.LT9","11/30/2016","12:00:00","OP.5","S1",571,"CMC","NTWQM",2016-11-30 12:00:00,0.1,"D","2","Water",NA,0.09,"MG/L",NA,"ACARL","ALLARM Community Aquatic Research Laboratory",0.02,2,"",1,1,"S","PARTNTID","L02 ","PO4F"
"206",189,"ALLARM","ALLARM.LT2","10/05/2016","13:55:00","OP.5","S1",528,"CMC","NTWQM",2016-10-05 13:55:00,0.1,"D","2","Water",NA,0.03,"MG/L",NA,"ACARL","ALLARM Community Aquatic Research Laboratory",0.02,2,"",1,1,"S","PARTNTID","L02 ","PO4F"
"207",189,"ALLARM","ALLARM.LT1","08/15/2016","13:15:00","OP.5","S1",521,"CMC","NTWQM",2016-08-15 13:15:00,0.1,"D","2","Water",NA,0,"MG/L",NA,"ACARL","ALLARM Community Aquatic Research Laboratory",0.02,2,"",1,1,"S","PARTNTID","L02 ","PO4F"
"208",189,"ALLARM","ALLARM.LT6","04/06/2016","14:50:00","OP.5","S1",549,"CMC","NTWQM",2016-04-06 14:50:00,0.1,"D","2","Water",NA,0.01,"MG/L",NA,"ACARL","ALLARM Community Aquatic Research Laboratory",0.02,2,"",1,1,"S","PARTNTID","L02 ","PO4F"
"209",189,"ALLARM","ALLARM.LT10","11/30/2016","12:00:00","OP.5","S1",577,"CMC","NTWQM",2016-11-30 12:00:00,0.1,"D","2","Water",NA,0.05,"MG/L",NA,"ACARL","ALLARM Community Aquatic Research Laboratory",0.02,2,"",1,1,"S","PARTNTID","L02 ","PO4F"
"210",189,"ALLARM","ALLARM.LT8","11/30/2016","12:00:00","OP.5","S1",565,"CMC","NTWQM",2016-11-30 12:00:00,0.1,"D","2","Water",NA,0.07,"MG/L",NA,"ACARL","ALLARM Community Aquatic Research Laboratory",0.02,2,"",1,1,"S","PARTNTID","L02 ","PO4F"
"211",189,"ALLARM","ALLARM.LT7","02/10/2016","15:00:00","OP.5","S1",554,"CMC","NTWQM",2016-02-10 15:00:00,0.1,"D","2","Water",NA,0.11,"MG/L",NA,"ACARL","ALLARM Community Aquatic Research Laboratory",0.02,2,"",1,1,"S","PARTNTID","L02 ","PO4F"
"212",189,"ALLARM","ALLARM.LT2","02/10/2016","13:47:00","OP.5","S1",524,"CMC","NTWQM",2016-02-10 13:47:00,0.1,"D","2","Water",NA,0.06,"MG/L",NA,"ACARL","ALLARM Community Aquatic Research Laboratory",0.02,2,"",1,1,"S","PARTNTID","L02 ","PO4F"
"213",189,"ALLARM","ALLARM.LT6","06/13/2016","12:00:00","OP.5","S1",550,"CMC","NTWQM",2016-06-13 12:00:00,0.1,"D","2","Water",NA,0.1,"MG/L",NA,"ACARL","ALLARM Community Aquatic Research Laboratory",0.02,2,"",1,1,"S","PARTNTID","L02 ","PO4F"
"214",189,"ALLARM","ALLARM.LT7","04/06/2016","15:00:00","OP.5","S1",555,"CMC","NTWQM",2016-04-06 15:00:00,0.1,"D","2","Water",NA,0.055,"MG/L",NA,"ACARL","ALLARM Community Aquatic Research Laboratory",0.02,2,"",1,1,"S","PARTNTID","L02 ","PO4F"
"215",189,"ALLARM","ALLARM.LT4","02/10/2016","14:10:00","OP.5","S1",536,"CMC","NTWQM",2016-02-10 14:10:00,0.1,"D","2","Water",NA,0.02,"MG/L",NA,"ACARL","ALLARM Community Aquatic Research Laboratory",0.02,2,"",1,1,"S","PARTNTID","L02 ","PO4F"
"216",413,"ALLARM","ALLARM.LT1","06/13/2016","09:15:00","WT.3","M1",520,"CMC","NTWQM",2016-06-13 09:15:00,0.1,"ISM","2","Water",NA,11.6,"DEG C",NA,NA,NA,NA,2,"",1,1,"S","PARTNTID","F01 ","WTEMP"
"217",413,"ALLARM","ALLARM.LT3","06/13/2016","12:00:00","WT.3","M1",532,"CMC","NTWQM",2016-06-13 12:00:00,0.1,"ISM","2","Water",NA,12.7,"DEG C",NA,NA,NA,NA,2,"",1,1,"S","PARTNTID","F01 ","WTEMP"
"218",413,"ALLARM","ALLARM.LT1","04/06/2016","13:45:00","WT.3","M1",519,"CMC","NTWQM",2016-04-06 13:45:00,0.1,"ISM","2","Water",NA,11.9,"DEG C",NA,NA,NA,NA,2,"",1,1,"S","PARTNTID","F01 ","WTEMP"
"219",413,"ALLARM","ALLARM.LT10","04/06/2016","15:25:00","WT.3","M1",573,"CMC","NTWQM",2016-04-06 15:25:00,0.1,"ISM","2","Water",NA,11.3,"DEG C",NA,NA,NA,NA,2,"",1,1,"S","PARTNTID","F01 ","WTEMP"
"220",413,"ALLARM","ALLARM.LT1","11/30/2016","13:10:00","WT.3","M1",523,"CMC","NTWQM",2016-11-30 13:10:00,0.1,"ISM","2","Water",NA,11.2,"DEG C",NA,NA,NA,NA,2,"",1,1,"S","PARTNTID","F01 ","WTEMP"
"221",413,"ALLARM","ALLARM.LT6","11/30/2016","12:00:00","WT.3","M1",553,"CMC","NTWQM",2016-11-30 12:00:00,0.1,"ISM","2","Water",NA,11.6,"DEG C",NA,NA,NA,NA,2,"",1,1,"S","PARTNTID","F01 ","WTEMP"
"222",413,"ALLARM","ALLARM.LT8","11/30/2016","12:00:00","WT.3","M1",565,"CMC","NTWQM",2016-11-30 12:00:00,0.1,"ISM","2","Water",NA,12.5,"DEG C",NA,NA,NA,NA,2,"",1,1,"S","PARTNTID","F01 ","WTEMP"
"223",413,"ALLARM","ALLARM.LT10","06/13/2016","13:15:00","WT.3","M1",574,"CMC","NTWQM",2016-06-13 13:15:00,0.1,"ISM","2","Water",NA,16.5,"DEG C",NA,NA,NA,NA,2,"",1,1,"S","PARTNTID","F01 ","WTEMP"
"224",413,"ALLARM","ALLARM.LT6","04/06/2016","14:50:00","WT.3","M1",549,"CMC","NTWQM",2016-04-06 14:50:00,0.1,"ISM","2","Water",NA,12.3,"DEG C",NA,NA,NA,NA,2,"",1,1,"S","PARTNTID","F01 ","WTEMP"
"225",413,"ALLARM","ALLARM.LT10","02/10/2016","15:30:00","WT.3","M1",572,"CMC","NTWQM",2016-02-10 15:30:00,0.1,"ISM","2","Water",NA,9.6,"DEG C",NA,NA,NA,NA,2,"",1,1,"S","PARTNTID","F01 ","WTEMP"
"226",413,"ALLARM","ALLARM.LT6","06/13/2016","12:00:00","WT.3","M1",550,"CMC","NTWQM",2016-06-13 12:00:00,0.1,"ISM","2","Water",NA,14,"DEG C",NA,NA,NA,NA,2,"",1,1,"S","PARTNTID","F01 ","WTEMP"
"227",413,"ALLARM","ALLARM.LT6","02/10/2016","14:45:00","WT.3","M1",548,"CMC","NTWQM",2016-02-10 14:45:00,0.1,"ISM","2","Water",NA,9.8,"DEG C",NA,NA,NA,NA,2,"",1,1,"S","PARTNTID","F01 ","WTEMP"
"228",413,"ALLARM","ALLARM.LT3","02/10/2016","13:35:00","WT.3","M1",530,"CMC","NTWQM",2016-02-10 13:35:00,0.1,"ISM","2","Water",NA,10.3,"DEG C",NA,NA,NA,NA,2,"",1,1,"S","PARTNTID","F01 ","WTEMP"
"229",413,"ALLARM","ALLARM.LT5","04/06/2016","14:20:00","WT.3","M1",543,"CMC","NTWQM",2016-04-06 14:20:00,0.1,"ISM","2","Water",NA,12.9,"DEG C",NA,NA,NA,NA,2,"",1,1,"S","PARTNTID","F01 ","WTEMP"
"230",413,"ALLARM","ALLARM.LT2","04/06/2016","13:30:00","WT.3","M1",525,"CMC","NTWQM",2016-04-06 13:30:00,0.1,"ISM","2","Water",NA,12.4,"DEG C",NA,NA,NA,NA,2,"",1,1,"S","PARTNTID","F01 ","WTEMP"
"231",413,"ALLARM","ALLARM.LT5","06/13/2016","12:00:00","WT.3","M1",544,"CMC","NTWQM",2016-06-13 12:00:00,0.1,"ISM","2","Water",NA,13.8,"DEG C",NA,NA,NA,NA,2,"",1,1,"S","PARTNTID","F01 ","WTEMP"
"232",413,"ALLARM","ALLARM.LT5","02/10/2016","14:30:00","WT.3","M1",542,"CMC","NTWQM",2016-02-10 14:30:00,0.1,"ISM","2","Water",NA,10.2,"DEG C",NA,NA,NA,NA,2,"",1,1,"S","PARTNTID","F01 ","WTEMP"
"233",413,"ALLARM","ALLARM.LT4","02/10/2016","14:10:00","WT.3","M1",536,"CMC","NTWQM",2016-02-10 14:10:00,0.1,"ISM","2","Water",NA,10.4,"DEG C",NA,NA,NA,NA,2,"",1,1,"S","PARTNTID","F01 ","WTEMP"
"234",413,"ALLARM","ALLARM.LT3","04/06/2016","13:20:00","WT.3","M1",531,"CMC","NTWQM",2016-04-06 13:20:00,0.1,"ISM","2","Water",NA,11.9,"DEG C",NA,NA,NA,NA,2,"",1,1,"S","PARTNTID","F01 ","WTEMP"
"235",413,"ALLARM","ALLARM.LT4","04/06/2016","14:05:00","WT.3","M1",537,"CMC","NTWQM",2016-04-06 14:05:00,0.1,"ISM","2","Water",NA,12.2,"DEG C",NA,NA,NA,NA,2,"",1,1,"S","PARTNTID","F01 ","WTEMP"
"236",413,"ALLARM","ALLARM.LT9","06/13/2016","12:00:00","WT.3","M1",568,"CMC","NTWQM",2016-06-13 12:00:00,0.1,"ISM","2","Water",NA,15.8,"DEG C",NA,NA,NA,NA,2,"",1,1,"S","PARTNTID","F01 ","WTEMP"
"237",413,"ALLARM","ALLARM.LT9","02/10/2016","15:18:00","WT.3","M1",566,"CMC","NTWQM",2016-02-10 15:18:00,0.1,"ISM","2","Water",NA,10,"DEG C",NA,NA,NA,NA,2,"",1,1,"S","PARTNTID","F01 ","WTEMP"
"238",413,"ALLARM","ALLARM.LT8","04/06/2016","15:10:00","WT.3","M1",561,"CMC","NTWQM",2016-04-06 15:10:00,0.1,"ISM","2","Water",NA,11.2,"DEG C",NA,NA,NA,NA,2,"",1,1,"S","PARTNTID","F01 ","WTEMP"
"239",413,"ALLARM","ALLARM.LT1","02/10/2016","13:52:00","WT.3","M1",518,"CMC","NTWQM",2016-02-10 13:52:00,0.1,"ISM","2","Water",NA,10.4,"DEG C",NA,NA,NA,NA,2,"",1,1,"S","PARTNTID","F01 ","WTEMP"
"240",413,"ALLARM","ALLARM.LT7","06/13/2016","12:00:00","WT.3","M1",556,"CMC","NTWQM",2016-06-13 12:00:00,0.1,"ISM","2","Water",NA,14.2,"DEG C",NA,NA,NA,NA,2,"",1,1,"S","PARTNTID","F01 ","WTEMP"
"241",413,"ALLARM","ALLARM.LT4","06/13/2016","12:00:00","WT.3","M1",538,"CMC","NTWQM",2016-06-13 12:00:00,0.1,"ISM","2","Water",NA,13.8,"DEG C",NA,NA,NA,NA,2,"",1,1,"S","PARTNTID","F01 ","WTEMP"
"242",413,"ALLARM","ALLARM.LT7","02/10/2016","15:00:00","WT.3","M1",554,"CMC","NTWQM",2016-02-10 15:00:00,0.1,"ISM","2","Water",NA,10,"DEG C",NA,NA,NA,NA,2,"",1,1,"S","PARTNTID","F01 ","WTEMP"
"243",413,"ALLARM","ALLARM.LT9","04/06/2016","15:15:00","WT.3","M1",567,"CMC","NTWQM",2016-04-06 15:15:00,0.1,"ISM","2","Water",NA,11.5,"DEG C",NA,NA,NA,NA,2,"",1,1,"S","PARTNTID","F01 ","WTEMP"
"244",413,"ALLARM","ALLARM.LT8","06/13/2016","12:00:00","WT.3","M1",562,"CMC","NTWQM",2016-06-13 12:00:00,0.1,"ISM","2","Water",NA,15,"DEG C",NA,NA,NA,NA,2,"",1,1,"S","PARTNTID","F01 ","WTEMP"
"245",413,"ALLARM","ALLARM.LT8","02/10/2016","15:10:00","WT.3","M1",560,"CMC","NTWQM",2016-02-10 15:10:00,0.1,"ISM","2","Water",NA,9.6,"DEG C",NA,NA,NA,NA,2,"",1,1,"S","PARTNTID","F01 ","WTEMP"
"246",413,"ALLARM","ALLARM.LT2","06/13/2016","12:00:00","WT.3","M1",526,"CMC","NTWQM",2016-06-13 12:00:00,0.1,"ISM","2","Water",NA,11.9,"DEG C",NA,NA,NA,NA,2,"",1,1,"S","PARTNTID","F01 ","WTEMP"
"247",413,"ALLARM","ALLARM.LT2","02/10/2016","13:47:00","WT.3","M1",524,"CMC","NTWQM",2016-02-10 13:47:00,0.1,"ISM","2","Water",NA,10.5,"DEG C",NA,NA,NA,NA,2,"",1,1,"S","PARTNTID","F01 ","WTEMP"
"248",413,"ALLARM","ALLARM.LT7","04/06/2016","15:00:00","WT.3","M1",555,"CMC","NTWQM",2016-04-06 15:00:00,0.1,"ISM","2","Water",NA,11.7,"DEG C",NA,NA,NA,NA,2,"",1,1,"S","PARTNTID","F01 ","WTEMP"
"249",999,"ALLARM","ALLARM.LT6","06/13/2016","12:00:00","TDS.1","M1",550,"CMC","NTWQM",2016-06-13 12:00:00,0.1,"ISM","1","Water",NA,390,"MG/L",NA,NA,NA,NA,2,"",1,1,"S","PARTNTID",NA,NA
"250",999,"ALLARM","ALLARM.LT7","10/05/2016","15:12:00","TDS.1","M1",558,"CMC","NTWQM",2016-10-05 15:12:00,0.1,"ISM","1","Water",NA,440,"MG/L",NA,NA,NA,NA,2,"",1,1,"S","PARTNTID",NA,NA
"251",999,"ALLARM","ALLARM.LT10","04/06/2016","15:25:00","TDS.1","M1",573,"CMC","NTWQM",2016-04-06 15:25:00,0.1,"ISM","1","Water",NA,510,"MG/L",NA,NA,NA,NA,2,"",1,1,"S","PARTNTID",NA,NA
"252",999,"ALLARM","ALLARM.LT2","08/15/2016","13:25:00","TDS.1","M1",527,"CMC","NTWQM",2016-08-15 13:25:00,0.1,"ISM","1","Water",NA,350,"MG/L",NA,NA,NA,NA,2,"",1,1,"S","PARTNTID",NA,NA
"253",999,"ALLARM","ALLARM.LT1","02/10/2016","13:52:00","TDS.1","M1",518,"CMC","NTWQM",2016-02-10 13:52:00,0.1,"ISM","1","Water",NA,420,"MG/L",NA,NA,NA,NA,2,"",1,1,"S","PARTNTID",NA,NA
"254",999,"ALLARM","ALLARM.LT6","08/15/2016","14:50:00","TDS.1","M1",551,"CMC","NTWQM",2016-08-15 14:50:00,0.1,"ISM","1","Water",NA,400,"MG/L",NA,NA,NA,NA,2,"",1,1,"S","PARTNTID",NA,NA
"255",999,"ALLARM","ALLARM.LT4","06/13/2016","12:00:00","TDS.1","M1",538,"CMC","NTWQM",2016-06-13 12:00:00,0.1,"ISM","1","Water",NA,370,"MG/L",NA,NA,NA,NA,2,"",1,1,"S","PARTNTID",NA,NA
"256",999,"ALLARM","ALLARM.LT2","10/05/2016","13:55:00","TDS.1","M1",528,"CMC","NTWQM",2016-10-05 13:55:00,0.1,"ISM","1","Water",NA,360,"MG/L",NA,NA,NA,NA,2,"",1,1,"S","PARTNTID",NA,NA
"257",999,"ALLARM","ALLARM.LT10","06/13/2016","13:15:00","TDS.1","M1",574,"CMC","NTWQM",2016-06-13 13:15:00,0.1,"ISM","1","Water",NA,460,"MG/L",NA,NA,NA,NA,2,"",1,1,"S","PARTNTID",NA,NA
"258",999,"ALLARM","ALLARM.LT5","06/13/2016","12:00:00","TDS.1","M1",544,"CMC","NTWQM",2016-06-13 12:00:00,0.1,"ISM","1","Water",NA,360,"MG/L",NA,NA,NA,NA,2,"",1,1,"S","PARTNTID",NA,NA
"259",999,"ALLARM","ALLARM.LT1","04/06/2016","13:45:00","TDS.1","M1",519,"CMC","NTWQM",2016-04-06 13:45:00,0.1,"ISM","1","Water",NA,400,"MG/L",NA,NA,NA,NA,2,"",1,1,"S","PARTNTID",NA,NA
"260",999,"ALLARM","ALLARM.LT2","11/30/2016","13:12:00","TDS.1","M1",529,"CMC","NTWQM",2016-11-30 13:12:00,0.1,"ISM","1","Water",NA,380,"MG/L",NA,NA,NA,NA,2,"",1,1,"S","PARTNTID",NA,NA
"261",999,"ALLARM","ALLARM.LT1","10/05/2016","14:00:00","TDS.1","M1",522,"CMC","NTWQM",2016-10-05 14:00:00,0.1,"ISM","1","Water",NA,410,"MG/L",NA,NA,NA,NA,2,"",1,1,"S","PARTNTID",NA,NA
"262",999,"ALLARM","ALLARM.LT10","08/15/2016","15:46:00","TDS.1","M1",575,"CMC","NTWQM",2016-08-15 15:46:00,0.1,"ISM","1","Water",NA,440,"MG/L",NA,NA,NA,NA,2,"",1,1,"S","PARTNTID",NA,NA
"263",999,"ALLARM","ALLARM.LT5","08/15/2016","14:30:00","TDS.1","M1",545,"CMC","NTWQM",2016-08-15 14:30:00,0.1,"ISM","1","Water",NA,390,"MG/L",NA,NA,NA,NA,2,"",1,1,"S","PARTNTID",NA,NA
"264",999,"ALLARM","ALLARM.LT3","06/13/2016","12:00:00","TDS.1","M1",532,"CMC","NTWQM",2016-06-13 12:00:00,0.1,"ISM","1","Water",NA,370,"MG/L",NA,NA,NA,NA,2,"",1,1,"S","PARTNTID",NA,NA
"265",999,"ALLARM","ALLARM.LT1","06/13/2016","09:15:00","TDS.1","M1",520,"CMC","NTWQM",2016-06-13 09:15:00,0.1,"ISM","1","Water",NA,400,"MG/L",NA,NA,NA,NA,2,"",1,1,"S","PARTNTID",NA,NA
"266",999,"ALLARM","ALLARM.LT10","10/05/2016","15:38:00","TDS.1","M1",576,"CMC","NTWQM",2016-10-05 15:38:00,0.1,"ISM","1","Water",NA,490,"MG/L",NA,NA,NA,NA,2,"",1,1,"S","PARTNTID",NA,NA
"267",999,"ALLARM","ALLARM.LT5","10/05/2016","14:45:00","TDS.1","M1",546,"CMC","NTWQM",2016-10-05 14:45:00,0.1,"ISM","1","Water",NA,400,"MG/L",NA,NA,NA,NA,2,"",1,1,"S","PARTNTID",NA,NA
"268",999,"ALLARM","ALLARM.LT2","04/06/2016","13:30:00","TDS.1","M1",525,"CMC","NTWQM",2016-04-06 13:30:00,0.1,"ISM","1","Water",NA,380,"MG/L",NA,NA,NA,NA,2,"",1,1,"S","PARTNTID",NA,NA
"269",999,"ALLARM","ALLARM.LT7","02/10/2016","15:00:00","TDS.1","M1",554,"CMC","NTWQM",2016-02-10 15:00:00,0.1,"ISM","1","Water",NA,510,"MG/L",NA,NA,NA,NA,2,"",1,1,"S","PARTNTID",NA,NA
"270",999,"ALLARM","ALLARM.LT1","08/15/2016","13:15:00","TDS.1","M1",521,"CMC","NTWQM",2016-08-15 13:15:00,0.1,"ISM","1","Water",NA,390,"MG/L",NA,NA,NA,NA,2,"",1,1,"S","PARTNTID",NA,NA
"271",999,"ALLARM","ALLARM.LT3","04/06/2016","13:20:00","TDS.1","M1",531,"CMC","NTWQM",2016-04-06 13:20:00,0.1,"ISM","1","Water",NA,390,"MG/L",NA,NA,NA,NA,2,"",1,1,"S","PARTNTID",NA,NA
"272",999,"ALLARM","ALLARM.LT5","11/30/2016","12:00:00","TDS.1","M1",547,"CMC","NTWQM",2016-11-30 12:00:00,0.1,"ISM","1","Water",NA,370,"MG/L",NA,NA,NA,NA,2,"",1,1,"S","PARTNTID",NA,NA
"273",999,"ALLARM","ALLARM.LT4","08/15/2016","14:15:00","TDS.1","M1",539,"CMC","NTWQM",2016-08-15 14:15:00,0.1,"ISM","1","Water",NA,380,"MG/L",NA,NA,NA,NA,2,"",1,1,"S","PARTNTID",NA,NA
"274",999,"ALLARM","ALLARM.LT2","06/13/2016","12:00:00","TDS.1","M1",526,"CMC","NTWQM",2016-06-13 12:00:00,0.1,"ISM","1","Water",NA,370,"MG/L",NA,NA,NA,NA,2,"",1,1,"S","PARTNTID",NA,NA
"275",999,"ALLARM","ALLARM.LT2","02/10/2016","13:47:00","TDS.1","M1",524,"CMC","NTWQM",2016-02-10 13:47:00,0.1,"ISM","1","Water",NA,370,"MG/L",NA,NA,NA,NA,2,"",1,1,"S","PARTNTID",NA,NA
"276",999,"ALLARM","ALLARM.LT8","08/15/2016","15:18:00","TDS.1","M1",563,"CMC","NTWQM",2016-08-15 15:18:00,0.1,"ISM","1","Water",NA,440,"MG/L",NA,NA,NA,NA,2,"",1,1,"S","PARTNTID",NA,NA
"277",999,"ALLARM","ALLARM.LT6","11/30/2016","12:00:00","TDS.1","M1",553,"CMC","NTWQM",2016-11-30 12:00:00,0.1,"ISM","1","Water",NA,120,"MG/L",NA,NA,NA,NA,2,"",1,1,"S","PARTNTID",NA,NA
"278",999,"ALLARM","ALLARM.LT3","11/30/2016","12:00:00","TDS.1","M1",535,"CMC","NTWQM",2016-11-30 12:00:00,0.1,"ISM","1","Water",NA,390,"MG/L",NA,NA,NA,NA,2,"",1,1,"S","PARTNTID",NA,NA
"279",999,"ALLARM","ALLARM.LT1","11/30/2016","13:10:00","TDS.1","M1",523,"CMC","NTWQM",2016-11-30 13:10:00,0.1,"ISM","1","Water",NA,380,"MG/L",NA,NA,NA,NA,2,"",1,1,"S","PARTNTID",NA,NA
"280",999,"ALLARM","ALLARM.LT8","10/05/2016","15:21:00","TDS.1","M1",564,"CMC","NTWQM",2016-10-05 15:21:00,0.1,"ISM","1","Water",NA,440,"MG/L",NA,NA,NA,NA,2,"",1,1,"S","PARTNTID",NA,NA
"281",999,"ALLARM","ALLARM.LT7","11/30/2016","12:00:00","TDS.1","M1",559,"CMC","NTWQM",2016-11-30 12:00:00,0.1,"ISM","1","Water",NA,220,"MG/L",NA,NA,NA,NA,2,"",1,1,"S","PARTNTID",NA,NA
"282",999,"ALLARM","ALLARM.LT3","08/15/2016","13:50:00","TDS.1","M1",533,"CMC","NTWQM",2016-08-15 13:50:00,0.1,"ISM","1","Water",NA,390,"MG/L",NA,NA,NA,NA,2,"",1,1,"S","PARTNTID",NA,NA
"283",999,"ALLARM","ALLARM.LT6","04/06/2016","14:50:00","TDS.1","M1",549,"CMC","NTWQM",2016-04-06 14:50:00,0.1,"ISM","1","Water",NA,410,"MG/L",NA,NA,NA,NA,2,"",1,1,"S","PARTNTID",NA,NA
"284",999,"ALLARM","ALLARM.LT9","04/06/2016","15:15:00","TDS.1","M1",567,"CMC","NTWQM",2016-04-06 15:15:00,0.1,"ISM","1","Water",NA,480,"MG/L",NA,NA,NA,NA,2,"",1,1,"S","PARTNTID",NA,NA
"285",999,"ALLARM","ALLARM.LT10","02/10/2016","15:30:00","TDS.1","M1",572,"CMC","NTWQM",2016-02-10 15:30:00,0.1,"ISM","1","Water",NA,800,"MG/L",NA,NA,NA,NA,2,"",1,1,"S","PARTNTID",NA,NA
"286",999,"ALLARM","ALLARM.LT3","10/05/2016","13:45:00","TDS.1","M1",534,"CMC","NTWQM",2016-10-05 13:45:00,0.1,"ISM","1","Water",NA,400,"MG/L",NA,NA,NA,NA,2,"",1,1,"S","PARTNTID",NA,NA
"287",999,"ALLARM","ALLARM.LT5","02/10/2016","14:30:00","TDS.1","M1",542,"CMC","NTWQM",2016-02-10 14:30:00,0.1,"ISM","1","Water",NA,430,"MG/L",NA,NA,NA,NA,2,"",1,1,"S","PARTNTID",NA,NA
"288",999,"ALLARM","ALLARM.LT7","08/15/2016","15:00:00","TDS.1","M1",557,"CMC","NTWQM",2016-08-15 15:00:00,0.1,"ISM","1","Water",NA,400,"MG/L",NA,NA,NA,NA,2,"",1,1,"S","PARTNTID",NA,NA
"289",999,"ALLARM","ALLARM.LT4","04/06/2016","14:05:00","TDS.1","M1",537,"CMC","NTWQM",2016-04-06 14:05:00,0.1,"ISM","1","Water",NA,400,"MG/L",NA,NA,NA,NA,2,"",1,1,"S","PARTNTID",NA,NA
"290",999,"ALLARM","ALLARM.LT9","11/30/2016","12:00:00","TDS.1","M1",571,"CMC","NTWQM",2016-11-30 12:00:00,0.1,"ISM","1","Water",NA,420,"MG/L",NA,NA,NA,NA,2,"",1,1,"S","PARTNTID",NA,NA
"291",999,"ALLARM","ALLARM.LT4","10/05/2016","14:22:00","TDS.1","M1",540,"CMC","NTWQM",2016-10-05 14:22:00,0.1,"ISM","1","Water",NA,420,"MG/L",NA,NA,NA,NA,2,"",1,1,"S","PARTNTID",NA,NA
"292",999,"ALLARM","ALLARM.LT5","04/06/2016","14:20:00","TDS.1","M1",543,"CMC","NTWQM",2016-04-06 14:20:00,0.1,"ISM","1","Water",NA,400,"MG/L",NA,NA,NA,NA,2,"",1,1,"S","PARTNTID",NA,NA
"293",999,"ALLARM","ALLARM.LT8","04/06/2016","15:10:00","TDS.1","M1",561,"CMC","NTWQM",2016-04-06 15:10:00,0.1,"ISM","1","Water",NA,460,"MG/L",NA,NA,NA,NA,2,"",1,1,"S","PARTNTID",NA,NA
"294",999,"ALLARM","ALLARM.LT6","10/05/2016","14:57:00","TDS.1","M1",552,"CMC","NTWQM",2016-10-05 14:57:00,0.1,"ISM","1","Water",NA,390,"MG/L",NA,NA,NA,NA,2,"",1,1,"S","PARTNTID",NA,NA
"295",999,"ALLARM","ALLARM.LT9","08/15/2016","15:34:00","TDS.1","M1",569,"CMC","NTWQM",2016-08-15 15:34:00,0.1,"ISM","1","Water",NA,440,"MG/L",NA,NA,NA,NA,2,"",1,1,"S","PARTNTID",NA,NA
"296",999,"ALLARM","ALLARM.LT4","02/10/2016","14:10:00","TDS.1","M1",536,"CMC","NTWQM",2016-02-10 14:10:00,0.1,"ISM","1","Water",NA,430,"MG/L",NA,NA,NA,NA,2,"",1,1,"S","PARTNTID",NA,NA
"297",999,"ALLARM","ALLARM.LT10","11/30/2016","12:00:00","TDS.1","M1",577,"CMC","NTWQM",2016-11-30 12:00:00,0.1,"ISM","1","Water",NA,450,"MG/L",NA,NA,NA,NA,2,"",1,1,"S","PARTNTID",NA,NA
"298",999,"ALLARM","ALLARM.LT7","04/06/2016","15:00:00","TDS.1","M1",555,"CMC","NTWQM",2016-04-06 15:00:00,0.1,"ISM","1","Water",NA,440,"MG/L",NA,NA,NA,NA,2,"",1,1,"S","PARTNTID",NA,NA
"299",999,"ALLARM","ALLARM.LT8","02/10/2016","15:10:00","TDS.1","M1",560,"CMC","NTWQM",2016-02-10 15:10:00,0.1,"ISM","1","Water",NA,490,"MG/L",NA,NA,NA,NA,2,"",1,1,"S","PARTNTID",NA,NA
"300",999,"ALLARM","ALLARM.LT9","06/13/2016","12:00:00","TDS.1","M1",568,"CMC","NTWQM",2016-06-13 12:00:00,0.1,"ISM","1","Water",NA,440,"MG/L",NA,NA,NA,NA,2,"",1,1,"S","PARTNTID",NA,NA
"301",999,"ALLARM","ALLARM.LT3","02/10/2016","13:35:00","TDS.1","M1",530,"CMC","NTWQM",2016-02-10 13:35:00,0.1,"ISM","1","Water",NA,430,"MG/L",NA,NA,NA,NA,2,"",1,1,"S","PARTNTID",NA,NA
"302",999,"ALLARM","ALLARM.LT9","02/10/2016","15:18:00","TDS.1","M1",566,"CMC","NTWQM",2016-02-10 15:18:00,0.1,"ISM","1","Water",NA,520,"MG/L",NA,NA,NA,NA,2,"",1,1,"S","PARTNTID",NA,NA
"303",999,"ALLARM","ALLARM.LT8","06/13/2016","12:00:00","TDS.1","M1",562,"CMC","NTWQM",2016-06-13 12:00:00,0.1,"ISM","1","Water",NA,440,"MG/L",NA,NA,NA,NA,2,"",1,1,"S","PARTNTID",NA,NA
"304",999,"ALLARM","ALLARM.LT4","11/30/2016","12:00:00","TDS.1","M1",541,"CMC","NTWQM",2016-11-30 12:00:00,0.1,"ISM","1","Water",NA,390,"MG/L",NA,NA,NA,NA,2,"",1,1,"S","PARTNTID",NA,NA
"305",999,"ALLARM","ALLARM.LT7","06/13/2016","12:00:00","TDS.1","M1",556,"CMC","NTWQM",2016-06-13 12:00:00,0.1,"ISM","1","Water",NA,420,"MG/L",NA,NA,NA,NA,2,"",1,1,"S","PARTNTID",NA,NA
"306",999,"ALLARM","ALLARM.LT6","02/10/2016","14:45:00","TDS.1","M1",548,"CMC","NTWQM",2016-02-10 14:45:00,0.1,"ISM","1","Water",NA,450,"MG/L",NA,NA,NA,NA,2,"",1,1,"S","PARTNTID",NA,NA
"307",999,"ALLARM","ALLARM.LT9","10/05/2016","15:30:00","TDS.1","M1",570,"CMC","NTWQM",2016-10-05 15:30:00,0.1,"ISM","1","Water",NA,480,"MG/L",NA,NA,NA,NA,2,"",1,1,"S","PARTNTID",NA,NA
"308",999,"ALLARM","ALLARM.LT8","11/30/2016","12:00:00","TDS.1","M1",565,"CMC","NTWQM",2016-11-30 12:00:00,0.1,"ISM","1","Water",NA,190,"MG/L",NA,NA,NA,NA,2,"",1,1,"S","PARTNTID",NA,NA
