"","paramMethod","SOURCE","STATION","SAMPLE_DATE","SAMPLE_TIME","paramCode","SAMPLE_ID","EventId","AGENCY","PROGRAM","DateTime","DEPTH","SAMPLE_TYPE","TIER","Matrix","QUALIFIER","VALUE","UNITS","PROBLEM","LAB","labName","modifiedDate","detLimit","qaFlag","COMMENTS","count.x","count.y","LAYER","PROJECT","SampleAnalyticalMethodIdentifier","SubstanceIdentificationName","errorCode","errorName"
"729",999,"LRA","ALLARM.LT4","06/23/2004","12:00:00","NO3N.3","M1",1975,"CMC","NTWQM",2004-06-23 12:00:00,0.3,"ISM",2,"Water",NA,3.9,"MG/L",NA,NA,NA,2017-10-27 16:36:26,NA,2,NA,1,1,"S","PARTNTID",NA,NA,4,"sample does not have an associated bay program method code"
"730",999,"LRA","ALLARM.LT1","01/30/2004","12:00:00","NO3N.3","M1",1915,"CMC","NTWQM",2004-01-30 12:00:00,0.3,"ISM",2,"Water",NA,3.9,"MG/L",NA,NA,NA,2017-10-27 16:35:27,NA,2,NA,1,1,"S","PARTNTID",NA,NA,4,"sample does not have an associated bay program method code"
"731",999,"LRA","ALLARM.LT10","07/20/2004","12:00:00","TDS.1","M1",1994,"CMC","NTWQM",2004-07-20 12:00:00,0.3,"ISM",1,"Water",NA,270,"MG/L",NA,NA,NA,2017-10-27 16:36:46,NA,2,NA,1,1,"S","PARTNTID",NA,NA,4,"sample does not have an associated bay program method code"
"732",999,"LRA","ALLARM.LT4","06/23/2004","12:00:00","TDS.1","M1",1975,"CMC","NTWQM",2004-06-23 12:00:00,0.3,"ISM",1,"Water",NA,240,"MG/L",NA,NA,NA,2017-10-27 16:36:26,NA,2,NA,1,1,"S","PARTNTID",NA,NA,4,"sample does not have an associated bay program method code"
"733",999,"LRA","ALLARM.LT1","01/30/2004","12:00:00","TDS.1","M1",1915,"CMC","NTWQM",2004-01-30 12:00:00,0.3,"ISM",1,"Water",NA,290,"MG/L",NA,NA,NA,2017-10-27 16:35:27,NA,2,NA,1,1,"S","PARTNTID",NA,NA,4,"sample does not have an associated bay program method code"
"734",999,"LRA","ALLARM.LT3","01/30/2004","12:00:00","TDS.1","M1",1917,"CMC","NTWQM",2004-01-30 12:00:00,0.3,"ISM",1,"Water",NA,310,"MG/L",NA,NA,NA,2017-10-27 16:35:29,NA,2,NA,1,1,"S","PARTNTID",NA,NA,4,"sample does not have an associated bay program method code"
"735",999,"LRA","ALLARM.LT10","08/24/2004","12:00:00","NO3N.3","M1",2007,"CMC","NTWQM",2004-08-24 12:00:00,0.3,"ISM",2,"Water",NA,3.4,"MG/L",NA,NA,NA,2017-10-27 16:36:59,NA,2,NA,1,1,"S","PARTNTID",NA,NA,4,"sample does not have an associated bay program method code"
"736",999,"LRA","ALLARM.LT4","07/20/2004","12:00:00","NO3N.3","M1",1988,"CMC","NTWQM",2004-07-20 12:00:00,0.3,"ISM",2,"Water",NA,3.4,"MG/L",NA,NA,NA,2017-10-27 16:36:39,NA,2,NA,1,1,"S","PARTNTID",NA,NA,4,"sample does not have an associated bay program method code"
"737",999,"LRA","ALLARM.LT1","02/17/2004","12:00:00","NO3N.3","M1",1923,"CMC","NTWQM",2004-02-17 12:00:00,0.3,"ISM",2,"Water",NA,4.5,"MG/L",NA,NA,NA,2017-10-27 16:35:33,NA,2,NA,1,1,"S","PARTNTID",NA,NA,4,"sample does not have an associated bay program method code"
"738",999,"LRA","ALLARM.LT10","08/24/2004","12:00:00","TDS.1","M1",2007,"CMC","NTWQM",2004-08-24 12:00:00,0.3,"ISM",1,"Water",NA,270,"MG/L",NA,NA,NA,2017-10-27 16:36:59,NA,2,NA,1,1,"S","PARTNTID",NA,NA,4,"sample does not have an associated bay program method code"
"739",999,"LRA","ALLARM.LT4","07/20/2004","12:00:00","TDS.1","M1",1988,"CMC","NTWQM",2004-07-20 12:00:00,0.3,"ISM",1,"Water",NA,230,"MG/L",NA,NA,NA,2017-10-27 16:36:39,NA,2,NA,1,1,"S","PARTNTID",NA,NA,4,"sample does not have an associated bay program method code"
"740",999,"LRA","ALLARM.LT1","02/17/2004","12:00:00","TDS.1","M1",1923,"CMC","NTWQM",2004-02-17 12:00:00,0.3,"ISM",1,"Water",NA,250,"MG/L",NA,NA,NA,2017-10-27 16:35:33,NA,2,NA,1,1,"S","PARTNTID",NA,NA,4,"sample does not have an associated bay program method code"
"741",999,"LRA","ALLARM.LT3","02/17/2004","12:00:00","TDS.1","M1",1925,"CMC","NTWQM",2004-02-17 12:00:00,0.3,"ISM",1,"Water",NA,280,"MG/L",NA,NA,NA,2017-10-27 16:35:34,NA,2,NA,1,1,"S","PARTNTID",NA,NA,4,"sample does not have an associated bay program method code"
"742",999,"LRA","ALLARM.LT10","09/21/2004","12:00:00","NO3N.3","M1",2020,"CMC","NTWQM",2004-09-21 12:00:00,0.3,"ISM",2,"Water",NA,3.3,"MG/L",NA,NA,NA,2017-10-27 16:37:14,NA,2,NA,1,1,"S","PARTNTID",NA,NA,4,"sample does not have an associated bay program method code"
"743",999,"LRA","ALLARM.LT4","08/24/2004","12:00:00","NO3N.3","M1",2001,"CMC","NTWQM",2004-08-24 12:00:00,0.3,"ISM",2,"Water",NA,3,"MG/L",NA,NA,NA,2017-10-27 16:36:53,NA,2,NA,1,1,"S","PARTNTID",NA,NA,4,"sample does not have an associated bay program method code"
"744",999,"LRA","ALLARM.LT1","03/23/2004","12:00:00","NO3N.3","M1",1935,"CMC","NTWQM",2004-03-23 12:00:00,0.3,"ISM",2,"Water",NA,4.65,"MG/L",NA,NA,NA,2017-10-27 16:35:44,NA,2,NA,1,1,"S","PARTNTID",NA,NA,4,"sample does not have an associated bay program method code"
"745",999,"LRA","ALLARM.LT10","09/21/2004","12:00:00","TDS.1","M1",2020,"CMC","NTWQM",2004-09-21 12:00:00,0.3,"ISM",1,"Water",NA,300,"MG/L",NA,NA,NA,2017-10-27 16:37:14,NA,2,NA,1,1,"S","PARTNTID",NA,NA,4,"sample does not have an associated bay program method code"
"746",999,"LRA","ALLARM.LT4","08/24/2004","12:00:00","TDS.1","M1",2001,"CMC","NTWQM",2004-08-24 12:00:00,0.3,"ISM",1,"Water",NA,230,"MG/L",NA,NA,NA,2017-10-27 16:36:53,NA,2,NA,1,1,"S","PARTNTID",NA,NA,4,"sample does not have an associated bay program method code"
"747",999,"LRA","ALLARM.LT1","03/23/2004","12:00:00","TDS.1","M1",1935,"CMC","NTWQM",2004-03-23 12:00:00,0.3,"ISM",1,"Water",NA,250,"MG/L",NA,NA,NA,2017-10-27 16:35:44,NA,2,NA,1,1,"S","PARTNTID",NA,NA,4,"sample does not have an associated bay program method code"
"748",999,"LRA","ALLARM.LT3","03/23/2004","12:00:00","TDS.1","M1",1937,"CMC","NTWQM",2004-03-23 12:00:00,0.3,"ISM",1,"Water",NA,260,"MG/L",NA,NA,NA,2017-10-27 16:35:46,NA,2,NA,1,1,"S","PARTNTID",NA,NA,4,"sample does not have an associated bay program method code"
"749",999,"LRA","ALLARM.LT10","10/26/2004","12:00:00","NO3N.3","M1",2033,"CMC","NTWQM",2004-10-26 12:00:00,0.3,"ISM",2,"Water",NA,3.4,"MG/L",NA,NA,NA,2017-10-27 16:37:29,NA,2,NA,1,1,"S","PARTNTID",NA,NA,4,"sample does not have an associated bay program method code"
"750",999,"LRA","ALLARM.LT4","09/21/2004","12:00:00","NO3N.3","M1",2014,"CMC","NTWQM",2004-09-21 12:00:00,0.3,"ISM",2,"Water",NA,4.25,"MG/L",NA,NA,NA,2017-10-27 16:37:07,NA,2,NA,1,1,"S","PARTNTID",NA,NA,4,"sample does not have an associated bay program method code"
"751",999,"LRA","ALLARM.LT1","04/13/2004","12:00:00","NO3N.3","M1",1947,"CMC","NTWQM",2004-04-13 12:00:00,0.3,"ISM",2,"Water",NA,3.65,"MG/L",NA,NA,NA,2017-10-27 16:35:58,NA,2,NA,1,1,"S","PARTNTID",NA,NA,4,"sample does not have an associated bay program method code"
"752",999,"LRA","ALLARM.LT10","10/26/2004","12:00:00","TDS.1","M1",2033,"CMC","NTWQM",2004-10-26 12:00:00,0.3,"ISM",1,"Water",NA,260,"MG/L",NA,NA,NA,2017-10-27 16:37:29,NA,2,NA,1,1,"S","PARTNTID",NA,NA,4,"sample does not have an associated bay program method code"
"753",999,"LRA","ALLARM.LT4","09/21/2004","12:00:00","TDS.1","M1",2014,"CMC","NTWQM",2004-09-21 12:00:00,0.3,"ISM",1,"Water",NA,250,"MG/L",NA,NA,NA,2017-10-27 16:37:07,NA,2,NA,1,1,"S","PARTNTID",NA,NA,4,"sample does not have an associated bay program method code"
"754",999,"LRA","ALLARM.LT1","04/13/2004","12:00:00","TDS.1","M1",1947,"CMC","NTWQM",2004-04-13 12:00:00,0.3,"ISM",1,"Water",NA,250,"MG/L",NA,NA,NA,2017-10-27 16:35:58,NA,2,NA,1,1,"S","PARTNTID",NA,NA,4,"sample does not have an associated bay program method code"
"755",999,"LRA","ALLARM.LT3","04/13/2004","12:00:00","TDS.1","M1",1949,"CMC","NTWQM",2004-04-13 12:00:00,0.3,"ISM",1,"Water",NA,260,"MG/L",NA,NA,NA,2017-10-27 16:36:00,NA,2,NA,1,1,"S","PARTNTID",NA,NA,4,"sample does not have an associated bay program method code"
"756",999,"LRA","ALLARM.LT10","11/09/2004","12:00:00","NO3N.3","M1",2046,"CMC","NTWQM",2004-11-09 12:00:00,0.3,"ISM",2,"Water",NA,3.65,"MG/L",NA,NA,NA,2017-10-27 16:37:44,NA,2,NA,1,1,"S","PARTNTID",NA,NA,4,"sample does not have an associated bay program method code"
"757",999,"LRA","ALLARM.LT4","10/26/2004","12:00:00","NO3N.3","M1",2027,"CMC","NTWQM",2004-10-26 12:00:00,0.3,"ISM",2,"Water",NA,4.35,"MG/L",NA,NA,NA,2017-10-27 16:37:22,NA,2,NA,1,1,"S","PARTNTID",NA,NA,4,"sample does not have an associated bay program method code"
"758",999,"LRA","ALLARM.LT1","05/04/2004","12:00:00","NO3N.3","M1",1959,"CMC","NTWQM",2004-05-04 12:00:00,0.3,"ISM",2,"Water",NA,3.9,"MG/L",NA,NA,NA,2017-10-27 16:36:09,NA,2,NA,1,1,"S","PARTNTID",NA,NA,4,"sample does not have an associated bay program method code"
"759",999,"LRA","ALLARM.LT10","11/09/2004","12:00:00","TDS.1","M1",2046,"CMC","NTWQM",2004-11-09 12:00:00,0.3,"ISM",1,"Water",NA,310,"MG/L",NA,NA,NA,2017-10-27 16:37:44,NA,2,NA,1,1,"S","PARTNTID",NA,NA,4,"sample does not have an associated bay program method code"
"760",999,"LRA","ALLARM.LT4","10/26/2004","12:00:00","TDS.1","M1",2027,"CMC","NTWQM",2004-10-26 12:00:00,0.3,"ISM",1,"Water",NA,260,"MG/L",NA,NA,NA,2017-10-27 16:37:22,NA,2,NA,1,1,"S","PARTNTID",NA,NA,4,"sample does not have an associated bay program method code"
"761",999,"LRA","ALLARM.LT1","05/04/2004","12:00:00","TDS.1","M1",1959,"CMC","NTWQM",2004-05-04 12:00:00,0.3,"ISM",1,"Water",NA,270,"MG/L",NA,NA,NA,2017-10-27 16:36:09,NA,2,NA,1,1,"S","PARTNTID",NA,NA,4,"sample does not have an associated bay program method code"
"762",999,"LRA","ALLARM.LT3","05/04/2004","12:00:00","TDS.1","M1",1961,"CMC","NTWQM",2004-05-04 12:00:00,0.3,"ISM",1,"Water",NA,240,"MG/L",NA,NA,NA,2017-10-27 16:36:11,NA,2,NA,1,1,"S","PARTNTID",NA,NA,4,"sample does not have an associated bay program method code"
"763",999,"LRA","ALLARM.LT10","12/08/2004","12:00:00","NO3N.3","M1",2059,"CMC","NTWQM",2004-12-08 12:00:00,0.3,"ISM",2,"Water",NA,2.5,"MG/L",NA,NA,NA,2017-10-27 16:38:01,NA,2,NA,1,1,"S","PARTNTID",NA,NA,4,"sample does not have an associated bay program method code"
"764",999,"LRA","ALLARM.LT4","11/09/2004","12:00:00","NO3N.3","M1",2040,"CMC","NTWQM",2004-11-09 12:00:00,0.3,"ISM",2,"Water",NA,3.8,"MG/L",NA,NA,NA,2017-10-27 16:37:37,NA,2,NA,1,1,"S","PARTNTID",NA,NA,4,"sample does not have an associated bay program method code"
"765",999,"LRA","ALLARM.LT1","06/23/2004","12:00:00","NO3N.3","M1",1972,"CMC","NTWQM",2004-06-23 12:00:00,0.3,"ISM",2,"Water",NA,4.1,"MG/L",NA,NA,NA,2017-10-27 16:36:23,NA,2,NA,1,1,"S","PARTNTID",NA,NA,4,"sample does not have an associated bay program method code"
"766",999,"LRA","ALLARM.LT10","12/08/2004","12:00:00","TDS.1","M1",2059,"CMC","NTWQM",2004-12-08 12:00:00,0.3,"ISM",1,"Water",NA,310,"MG/L",NA,NA,NA,2017-10-27 16:38:01,NA,2,NA,1,1,"S","PARTNTID",NA,NA,4,"sample does not have an associated bay program method code"
"767",999,"LRA","ALLARM.LT4","11/09/2004","12:00:00","TDS.1","M1",2040,"CMC","NTWQM",2004-11-09 12:00:00,0.3,"ISM",1,"Water",NA,250,"MG/L",NA,NA,NA,2017-10-27 16:37:37,NA,2,NA,1,1,"S","PARTNTID",NA,NA,4,"sample does not have an associated bay program method code"
"768",999,"LRA","ALLARM.LT1","06/23/2004","12:00:00","TDS.1","M1",1972,"CMC","NTWQM",2004-06-23 12:00:00,0.3,"ISM",1,"Water",NA,260,"MG/L",NA,NA,NA,2017-10-27 16:36:23,NA,2,NA,1,1,"S","PARTNTID",NA,NA,4,"sample does not have an associated bay program method code"
"769",999,"LRA","ALLARM.LT3","06/23/2004","12:00:00","TDS.1","M1",1974,"CMC","NTWQM",2004-06-23 12:00:00,0.3,"ISM",1,"Water",NA,240,"MG/L",NA,NA,NA,2017-10-27 16:36:25,NA,2,NA,1,1,"S","PARTNTID",NA,NA,4,"sample does not have an associated bay program method code"
"770",999,"LRA","ALLARM.LT2","01/30/2004","12:00:00","NO3N.3","M1",1916,"CMC","NTWQM",2004-01-30 12:00:00,0.3,"ISM",2,"Water",NA,4.5,"MG/L",NA,NA,NA,2017-10-27 16:35:28,NA,2,NA,1,1,"S","PARTNTID",NA,NA,4,"sample does not have an associated bay program method code"
"771",999,"LRA","ALLARM.LT4","12/08/2004","12:00:00","NO3N.3","M1",2053,"CMC","NTWQM",2004-12-08 12:00:00,0.3,"ISM",2,"Water",NA,3.4,"MG/L",NA,NA,NA,2017-10-27 16:37:53,NA,2,NA,1,1,"S","PARTNTID",NA,NA,4,"sample does not have an associated bay program method code"
"772",999,"LRA","ALLARM.LT1","07/20/2004","12:00:00","NO3N.3","M1",1985,"CMC","NTWQM",2004-07-20 12:00:00,0.3,"ISM",2,"Water",NA,4.1,"MG/L",NA,NA,NA,2017-10-27 16:36:36,NA,2,NA,1,1,"S","PARTNTID",NA,NA,4,"sample does not have an associated bay program method code"
"773",999,"LRA","ALLARM.LT2","01/30/2004","12:00:00","TDS.1","M1",1916,"CMC","NTWQM",2004-01-30 12:00:00,0.3,"ISM",1,"Water",NA,260,"MG/L",NA,NA,NA,2017-10-27 16:35:28,NA,2,NA,1,1,"S","PARTNTID",NA,NA,4,"sample does not have an associated bay program method code"
"774",999,"LRA","ALLARM.LT4","12/08/2004","12:00:00","TDS.1","M1",2053,"CMC","NTWQM",2004-12-08 12:00:00,0.3,"ISM",1,"Water",NA,290,"MG/L",NA,NA,NA,2017-10-27 16:37:53,NA,2,NA,1,1,"S","PARTNTID",NA,NA,4,"sample does not have an associated bay program method code"
"775",999,"LRA","ALLARM.LT1","07/20/2004","12:00:00","TDS.1","M1",1985,"CMC","NTWQM",2004-07-20 12:00:00,0.3,"ISM",1,"Water",NA,241,"MG/L",NA,NA,NA,2017-10-27 16:36:36,NA,2,NA,1,1,"S","PARTNTID",NA,NA,4,"sample does not have an associated bay program method code"
"776",999,"LRA","ALLARM.LT3","07/20/2004","12:00:00","TDS.1","M1",1987,"CMC","NTWQM",2004-07-20 12:00:00,0.3,"ISM",1,"Water",NA,230,"MG/L",NA,NA,NA,2017-10-27 16:36:38,NA,2,NA,1,1,"S","PARTNTID",NA,NA,4,"sample does not have an associated bay program method code"
"777",999,"LRA","ALLARM.LT2","02/17/2004","12:00:00","NO3N.3","M1",1924,"CMC","NTWQM",2004-02-17 12:00:00,0.3,"ISM",2,"Water",NA,4.6,"MG/L",NA,NA,NA,2017-10-27 16:35:33,NA,2,NA,1,1,"S","PARTNTID",NA,NA,4,"sample does not have an associated bay program method code"
"778",999,"LRA","ALLARM.LT8","03/23/2004","12:00:00","TDS.1","M1",1942,"CMC","NTWQM",2004-03-23 12:00:00,0.3,"ISM",1,"Water",NA,310,"MG/L",NA,NA,NA,2017-10-27 16:35:53,NA,2,NA,1,1,"S","PARTNTID",NA,NA,4,"sample does not have an associated bay program method code"
"779",999,"LRA","ALLARM.LT1","08/24/2004","12:00:00","NO3N.3","M1",1998,"CMC","NTWQM",2004-08-24 12:00:00,0.3,"ISM",2,"Water",NA,3.8,"MG/L",NA,NA,NA,2017-10-27 16:36:50,NA,2,NA,1,1,"S","PARTNTID",NA,NA,4,"sample does not have an associated bay program method code"
"780",999,"LRA","ALLARM.LT2","02/17/2004","12:00:00","TDS.1","M1",1924,"CMC","NTWQM",2004-02-17 12:00:00,0.3,"ISM",1,"Water",NA,260,"MG/L",NA,NA,NA,2017-10-27 16:35:33,NA,2,NA,1,1,"S","PARTNTID",NA,NA,4,"sample does not have an associated bay program method code"
"781",999,"LRA","ALLARM.LT10","03/23/2004","12:00:00","NO3N.3","M1",1944,"CMC","NTWQM",2004-03-23 12:00:00,0.3,"ISM",2,"Water",NA,3.7,"MG/L",NA,NA,NA,2017-10-27 16:35:56,NA,2,NA,1,1,"S","PARTNTID",NA,NA,4,"sample does not have an associated bay program method code"
"782",999,"LRA","ALLARM.LT1","08/24/2004","12:00:00","TDS.1","M1",1998,"CMC","NTWQM",2004-08-24 12:00:00,0.3,"ISM",1,"Water",NA,230,"MG/L",NA,NA,NA,2017-10-27 16:36:50,NA,2,NA,1,1,"S","PARTNTID",NA,NA,4,"sample does not have an associated bay program method code"
"783",999,"LRA","ALLARM.LT3","08/24/2004","12:00:00","TDS.1","M1",2000,"CMC","NTWQM",2004-08-24 12:00:00,0.3,"ISM",1,"Water",NA,230,"MG/L",NA,NA,NA,2017-10-27 16:36:52,NA,2,NA,1,1,"S","PARTNTID",NA,NA,4,"sample does not have an associated bay program method code"
"784",999,"LRA","ALLARM.LT2","03/23/2004","12:00:00","NO3N.3","M1",1936,"CMC","NTWQM",2004-03-23 12:00:00,0.3,"ISM",2,"Water",NA,3.8,"MG/L",NA,NA,NA,2017-10-27 16:35:45,NA,2,NA,1,1,"S","PARTNTID",NA,NA,4,"sample does not have an associated bay program method code"
"785",999,"LRA","ALLARM.LT8","04/13/2004","12:00:00","TDS.1","M1",1954,"CMC","NTWQM",2004-04-13 12:00:00,0.3,"ISM",1,"Water",NA,250,"MG/L",NA,NA,NA,2017-10-27 16:36:05,NA,2,NA,1,1,"S","PARTNTID",NA,NA,4,"sample does not have an associated bay program method code"
"786",999,"LRA","ALLARM.LT1","09/21/2004","12:00:00","NO3N.3","M1",2011,"CMC","NTWQM",2004-09-21 12:00:00,0.3,"ISM",2,"Water",NA,4.9,"MG/L",NA,NA,NA,2017-10-27 16:37:04,NA,2,NA,1,1,"S","PARTNTID",NA,NA,4,"sample does not have an associated bay program method code"
"787",999,"LRA","ALLARM.LT2","03/23/2004","12:00:00","TDS.1","M1",1936,"CMC","NTWQM",2004-03-23 12:00:00,0.3,"ISM",1,"Water",NA,260,"MG/L",NA,NA,NA,2017-10-27 16:35:45,NA,2,NA,1,1,"S","PARTNTID",NA,NA,4,"sample does not have an associated bay program method code"
"788",999,"LRA","ALLARM.LT10","04/13/2004","12:00:00","NO3N.3","M1",1956,"CMC","NTWQM",2004-04-13 12:00:00,0.3,"ISM",2,"Water",NA,1.95,"MG/L",NA,NA,NA,2017-10-27 16:36:07,NA,2,NA,1,1,"S","PARTNTID",NA,NA,4,"sample does not have an associated bay program method code"
"789",999,"LRA","ALLARM.LT1","09/21/2004","12:00:00","TDS.1","M1",2011,"CMC","NTWQM",2004-09-21 12:00:00,0.3,"ISM",1,"Water",NA,250,"MG/L",NA,NA,NA,2017-10-27 16:37:04,NA,2,NA,1,1,"S","PARTNTID",NA,NA,4,"sample does not have an associated bay program method code"
"790",999,"LRA","ALLARM.LT3","09/21/2004","12:00:00","TDS.1","M1",2013,"CMC","NTWQM",2004-09-21 12:00:00,0.3,"ISM",1,"Water",NA,260,"MG/L",NA,NA,NA,2017-10-27 16:37:06,NA,2,NA,1,1,"S","PARTNTID",NA,NA,4,"sample does not have an associated bay program method code"
"791",999,"LRA","ALLARM.LT2","04/13/2004","12:00:00","NO3N.3","M1",1948,"CMC","NTWQM",2004-04-13 12:00:00,0.3,"ISM",2,"Water",NA,2.8,"MG/L",NA,NA,NA,2017-10-27 16:35:59,NA,2,NA,1,1,"S","PARTNTID",NA,NA,4,"sample does not have an associated bay program method code"
"792",999,"LRA","ALLARM.LT8","05/04/2004","12:00:00","TDS.1","M1",1966,"CMC","NTWQM",2004-05-04 12:00:00,0.3,"ISM",1,"Water",NA,280,"MG/L",NA,NA,NA,2017-10-27 16:36:17,NA,2,NA,1,1,"S","PARTNTID",NA,NA,4,"sample does not have an associated bay program method code"
"793",999,"LRA","ALLARM.LT1","10/26/2004","12:00:00","NO3N.3","M1",2024,"CMC","NTWQM",2004-10-26 12:00:00,0.3,"ISM",2,"Water",NA,4.15,"MG/L",NA,NA,NA,2017-10-27 16:37:18,NA,2,NA,1,1,"S","PARTNTID",NA,NA,4,"sample does not have an associated bay program method code"
"794",999,"LRA","ALLARM.LT2","04/13/2004","12:00:00","TDS.1","M1",1948,"CMC","NTWQM",2004-04-13 12:00:00,0.3,"ISM",1,"Water",NA,230,"MG/L",NA,NA,NA,2017-10-27 16:35:59,NA,2,NA,1,1,"S","PARTNTID",NA,NA,4,"sample does not have an associated bay program method code"
"795",999,"LRA","ALLARM.LT10","05/04/2004","12:00:00","NO3N.3","M1",1968,"CMC","NTWQM",2004-05-04 12:00:00,0.3,"ISM",2,"Water",NA,3,"MG/L",NA,NA,NA,2017-10-27 16:36:19,NA,2,NA,1,1,"S","PARTNTID",NA,NA,4,"sample does not have an associated bay program method code"
"796",999,"LRA","ALLARM.LT1","10/26/2004","12:00:00","TDS.1","M1",2024,"CMC","NTWQM",2004-10-26 12:00:00,0.3,"ISM",1,"Water",NA,240,"MG/L",NA,NA,NA,2017-10-27 16:37:18,NA,2,NA,1,1,"S","PARTNTID",NA,NA,4,"sample does not have an associated bay program method code"
"797",999,"LRA","ALLARM.LT3","10/26/2004","12:00:00","TDS.1","M1",2026,"CMC","NTWQM",2004-10-26 12:00:00,0.3,"ISM",1,"Water",NA,250,"MG/L",NA,NA,NA,2017-10-27 16:37:20,NA,2,NA,1,1,"S","PARTNTID",NA,NA,4,"sample does not have an associated bay program method code"
"798",999,"LRA","ALLARM.LT2","05/04/2004","12:00:00","NO3N.3","M1",1960,"CMC","NTWQM",2004-05-04 12:00:00,0.3,"ISM",2,"Water",NA,3.3,"MG/L",NA,NA,NA,2017-10-27 16:36:11,NA,2,NA,1,1,"S","PARTNTID",NA,NA,4,"sample does not have an associated bay program method code"
"799",999,"LRA","ALLARM.LT8","06/23/2004","12:00:00","TDS.1","M1",1979,"CMC","NTWQM",2004-06-23 12:00:00,0.3,"ISM",1,"Water",NA,270,"MG/L",NA,NA,NA,2017-10-27 16:36:30,NA,2,NA,1,1,"S","PARTNTID",NA,NA,4,"sample does not have an associated bay program method code"
"800",999,"LRA","ALLARM.LT1","11/09/2004","12:00:00","NO3N.3","M1",2037,"CMC","NTWQM",2004-11-09 12:00:00,0.3,"ISM",2,"Water",NA,3.5,"MG/L",NA,NA,NA,2017-10-27 16:37:33,NA,2,NA,1,1,"S","PARTNTID",NA,NA,4,"sample does not have an associated bay program method code"
"801",999,"LRA","ALLARM.LT2","05/04/2004","12:00:00","TDS.1","M1",1960,"CMC","NTWQM",2004-05-04 12:00:00,0.3,"ISM",1,"Water",NA,240,"MG/L",NA,NA,NA,2017-10-27 16:36:11,NA,2,NA,1,1,"S","PARTNTID",NA,NA,4,"sample does not have an associated bay program method code"
"802",999,"LRA","ALLARM.LT10","06/23/2004","12:00:00","NO3N.3","M1",1981,"CMC","NTWQM",2004-06-23 12:00:00,0.3,"ISM",2,"Water",NA,3.5,"MG/L",NA,NA,NA,2017-10-27 16:36:32,NA,2,NA,1,1,"S","PARTNTID",NA,NA,4,"sample does not have an associated bay program method code"
"803",999,"LRA","ALLARM.LT1","11/09/2004","12:00:00","TDS.1","M1",2037,"CMC","NTWQM",2004-11-09 12:00:00,0.3,"ISM",1,"Water",NA,270,"MG/L",NA,NA,NA,2017-10-27 16:37:33,NA,2,NA,1,1,"S","PARTNTID",NA,NA,4,"sample does not have an associated bay program method code"
"804",999,"LRA","ALLARM.LT3","11/09/2004","12:00:00","TDS.1","M1",2039,"CMC","NTWQM",2004-11-09 12:00:00,0.3,"ISM",1,"Water",NA,290,"MG/L",NA,NA,NA,2017-10-27 16:37:36,NA,2,NA,1,1,"S","PARTNTID",NA,NA,4,"sample does not have an associated bay program method code"
"805",999,"LRA","ALLARM.LT2","06/23/2004","12:00:00","NO3N.3","M1",1973,"CMC","NTWQM",2004-06-23 12:00:00,0.3,"ISM",2,"Water",NA,4.7,"MG/L",NA,NA,NA,2017-10-27 16:36:24,NA,2,NA,1,1,"S","PARTNTID",NA,NA,4,"sample does not have an associated bay program method code"
"806",999,"LRA","ALLARM.LT8","07/20/2004","12:00:00","TDS.1","M1",1992,"CMC","NTWQM",2004-07-20 12:00:00,0.3,"ISM",1,"Water",NA,250,"MG/L",NA,NA,NA,2017-10-27 16:36:43,NA,2,NA,1,1,"S","PARTNTID",NA,NA,4,"sample does not have an associated bay program method code"
"807",999,"LRA","ALLARM.LT1","12/08/2004","12:00:00","NO3N.3","M1",2050,"CMC","NTWQM",2004-12-08 12:00:00,0.3,"ISM",2,"Water",NA,4.4,"MG/L",NA,NA,NA,2017-10-27 16:37:49,NA,2,NA,1,1,"S","PARTNTID",NA,NA,4,"sample does not have an associated bay program method code"
"808",999,"LRA","ALLARM.LT2","06/23/2004","12:00:00","TDS.1","M1",1973,"CMC","NTWQM",2004-06-23 12:00:00,0.3,"ISM",1,"Water",NA,240,"MG/L",NA,NA,NA,2017-10-27 16:36:24,NA,2,NA,1,1,"S","PARTNTID",NA,NA,4,"sample does not have an associated bay program method code"
"809",999,"LRA","ALLARM.LT10","07/20/2004","12:00:00","NO3N.3","M1",1994,"CMC","NTWQM",2004-07-20 12:00:00,0.3,"ISM",2,"Water",NA,3.4,"MG/L",NA,NA,NA,2017-10-27 16:36:46,NA,2,NA,1,1,"S","PARTNTID",NA,NA,4,"sample does not have an associated bay program method code"
"810",999,"LRA","ALLARM.LT1","12/08/2004","12:00:00","TDS.1","M1",2050,"CMC","NTWQM",2004-12-08 12:00:00,0.3,"ISM",1,"Water",NA,270,"MG/L",NA,NA,NA,2017-10-27 16:37:49,NA,2,NA,1,1,"S","PARTNTID",NA,NA,4,"sample does not have an associated bay program method code"
"811",999,"LRA","ALLARM.LT3","12/08/2004","12:00:00","TDS.1","M1",2052,"CMC","NTWQM",2004-12-08 12:00:00,0.3,"ISM",1,"Water",NA,270,"MG/L",NA,NA,NA,2017-10-27 16:37:52,NA,2,NA,1,1,"S","PARTNTID",NA,NA,4,"sample does not have an associated bay program method code"
"812",999,"LRA","ALLARM.LT2","07/20/2004","12:00:00","NO3N.3","M1",1986,"CMC","NTWQM",2004-07-20 12:00:00,0.3,"ISM",2,"Water",NA,4.2,"MG/L",NA,NA,NA,2017-10-27 16:36:37,NA,2,NA,1,1,"S","PARTNTID",NA,NA,4,"sample does not have an associated bay program method code"
"813",999,"LRA","ALLARM.LT8","08/24/2004","12:00:00","TDS.1","M1",2005,"CMC","NTWQM",2004-08-24 12:00:00,0.3,"ISM",1,"Water",NA,250,"MG/L",NA,NA,NA,2017-10-27 16:36:57,NA,2,NA,1,1,"S","PARTNTID",NA,NA,4,"sample does not have an associated bay program method code"
"814",999,"LRA","ALLARM.LT10","02/17/2004","12:00:00","NO3N.3","M1",1932,"CMC","NTWQM",2004-02-17 12:00:00,0.3,"ISM",2,"Water",NA,3.2,"MG/L",NA,NA,NA,2017-10-27 16:35:42,NA,2,NA,1,1,"S","PARTNTID",NA,NA,4,"sample does not have an associated bay program method code"
"815",999,"LRA","ALLARM.LT2","07/20/2004","12:00:00","TDS.1","M1",1986,"CMC","NTWQM",2004-07-20 12:00:00,0.3,"ISM",1,"Water",NA,230,"MG/L",NA,NA,NA,2017-10-27 16:36:37,NA,2,NA,1,1,"S","PARTNTID",NA,NA,4,"sample does not have an associated bay program method code"
"816",999,"LRA","ALLARM.LT6","02/17/2004","12:00:00","NO3N.3","M1",1928,"CMC","NTWQM",2004-02-17 12:00:00,0.3,"ISM",2,"Water",NA,4.1,"MG/L",NA,NA,NA,2017-10-27 16:35:37,NA,2,NA,1,1,"S","PARTNTID",NA,NA,4,"sample does not have an associated bay program method code"
"817",999,"LRA","ALLARM.LT10","02/17/2004","12:00:00","TDS.1","M1",1932,"CMC","NTWQM",2004-02-17 12:00:00,0.3,"ISM",1,"Water",NA,470,"MG/L",NA,NA,NA,2017-10-27 16:35:42,NA,2,NA,1,1,"S","PARTNTID",NA,NA,4,"sample does not have an associated bay program method code"
"818",999,"LRA","ALLARM.LT4","01/30/2004","12:00:00","TDS.1","M1",1918,"CMC","NTWQM",2004-01-30 12:00:00,0.3,"ISM",1,"Water",NA,340,"MG/L",NA,NA,NA,2017-10-27 16:35:30,NA,2,NA,1,1,"S","PARTNTID",NA,NA,4,"sample does not have an associated bay program method code"
"819",999,"LRA","ALLARM.LT2","08/24/2004","12:00:00","NO3N.3","M1",1999,"CMC","NTWQM",2004-08-24 12:00:00,0.3,"ISM",2,"Water",NA,3.7,"MG/L",NA,NA,NA,2017-10-27 16:36:51,NA,2,NA,1,1,"S","PARTNTID",NA,NA,4,"sample does not have an associated bay program method code"
"820",999,"LRA","ALLARM.LT8","09/21/2004","12:00:00","TDS.1","M1",2018,"CMC","NTWQM",2004-09-21 12:00:00,0.3,"ISM",1,"Water",NA,270,"MG/L",NA,NA,NA,2017-10-27 16:37:11,NA,2,NA,1,1,"S","PARTNTID",NA,NA,4,"sample does not have an associated bay program method code"
"821",999,"LRA","ALLARM.LT7","09/21/2004","12:00:00","NO3N.3","M1",2017,"CMC","NTWQM",2004-09-21 12:00:00,0.3,"ISM",2,"Water",NA,3.45,"MG/L",NA,NA,NA,2017-10-27 16:37:10,NA,2,NA,1,1,"S","PARTNTID",NA,NA,4,"sample does not have an associated bay program method code"
"822",999,"LRA","ALLARM.LT2","08/24/2004","12:00:00","TDS.1","M1",1999,"CMC","NTWQM",2004-08-24 12:00:00,0.3,"ISM",1,"Water",NA,220,"MG/L",NA,NA,NA,2017-10-27 16:36:51,NA,2,NA,1,1,"S","PARTNTID",NA,NA,4,"sample does not have an associated bay program method code"
"823",999,"LRA","ALLARM.LT6","03/23/2004","12:00:00","NO3N.3","M1",1940,"CMC","NTWQM",2004-03-23 12:00:00,0.3,"ISM",2,"Water",NA,4.4,"MG/L",NA,NA,NA,2017-10-27 16:35:50,NA,2,NA,1,1,"S","PARTNTID",NA,NA,4,"sample does not have an associated bay program method code"
"824",999,"LRA","ALLARM.LT10","03/23/2004","12:00:00","TDS.1","M1",1944,"CMC","NTWQM",2004-03-23 12:00:00,0.3,"ISM",1,"Water",NA,430,"MG/L",NA,NA,NA,2017-10-27 16:35:56,NA,2,NA,1,1,"S","PARTNTID",NA,NA,4,"sample does not have an associated bay program method code"
"825",999,"LRA","ALLARM.LT4","02/17/2004","12:00:00","TDS.1","M1",1926,"CMC","NTWQM",2004-02-17 12:00:00,0.3,"ISM",1,"Water",NA,320,"MG/L",NA,NA,NA,2017-10-27 16:35:35,NA,2,NA,1,1,"S","PARTNTID",NA,NA,4,"sample does not have an associated bay program method code"
"826",999,"LRA","ALLARM.LT2","09/21/2004","12:00:00","NO3N.3","M1",2012,"CMC","NTWQM",2004-09-21 12:00:00,0.3,"ISM",2,"Water",NA,6.7,"MG/L",NA,NA,NA,2017-10-27 16:37:05,NA,2,NA,1,1,"S","PARTNTID",NA,NA,4,"sample does not have an associated bay program method code"
"827",999,"LRA","ALLARM.LT8","10/26/2004","12:00:00","TDS.1","M1",2031,"CMC","NTWQM",2004-10-26 12:00:00,0.3,"ISM",1,"Water",NA,290,"MG/L",NA,NA,NA,2017-10-27 16:37:27,NA,2,NA,1,1,"S","PARTNTID",NA,NA,4,"sample does not have an associated bay program method code"
"828",999,"LRA","ALLARM.LT7","10/26/2004","12:00:00","NO3N.3","M1",2030,"CMC","NTWQM",2004-10-26 12:00:00,0.3,"ISM",2,"Water",NA,3.5,"MG/L",NA,NA,NA,2017-10-27 16:37:25,NA,2,NA,1,1,"S","PARTNTID",NA,NA,4,"sample does not have an associated bay program method code"
"829",999,"LRA","ALLARM.LT4","03/23/2004","12:00:00","NO3N.3","M1",1938,"CMC","NTWQM",2004-03-23 12:00:00,0.3,"ISM",2,"Water",NA,3.75,"MG/L",NA,NA,NA,2017-10-27 16:35:47,NA,2,NA,1,1,"S","PARTNTID",NA,NA,4,"sample does not have an associated bay program method code"
"830",999,"LRA","ALLARM.LT6","04/13/2004","12:00:00","NO3N.3","M1",1952,"CMC","NTWQM",2004-04-13 12:00:00,0.3,"ISM",2,"Water",NA,3.25,"MG/L",NA,NA,NA,2017-10-27 16:36:03,NA,2,NA,1,1,"S","PARTNTID",NA,NA,4,"sample does not have an associated bay program method code"
"831",999,"LRA","ALLARM.LT10","04/13/2004","12:00:00","TDS.1","M1",1956,"CMC","NTWQM",2004-04-13 12:00:00,0.3,"ISM",1,"Water",NA,280,"MG/L",NA,NA,NA,2017-10-27 16:36:07,NA,2,NA,1,1,"S","PARTNTID",NA,NA,4,"sample does not have an associated bay program method code"
"832",999,"LRA","ALLARM.LT4","03/23/2004","12:00:00","TDS.1","M1",1938,"CMC","NTWQM",2004-03-23 12:00:00,0.3,"ISM",1,"Water",NA,270,"MG/L",NA,NA,NA,2017-10-27 16:35:47,NA,2,NA,1,1,"S","PARTNTID",NA,NA,4,"sample does not have an associated bay program method code"
"833",999,"LRA","ALLARM.LT7","05/04/2004","12:00:00","NO3N.3","M1",1965,"CMC","NTWQM",2004-05-04 12:00:00,0.3,"ISM",2,"Water",NA,3.2,"MG/L",NA,NA,NA,2017-10-27 16:36:16,NA,2,NA,1,1,"S","PARTNTID",NA,NA,4,"sample does not have an associated bay program method code"
"834",999,"LRA","ALLARM.LT2","10/26/2004","12:00:00","TDS.1","M1",2025,"CMC","NTWQM",2004-10-26 12:00:00,0.3,"ISM",1,"Water",NA,240,"MG/L",NA,NA,NA,2017-10-27 16:37:19,NA,2,NA,1,1,"S","PARTNTID",NA,NA,4,"sample does not have an associated bay program method code"
"835",999,"LRA","ALLARM.LT7","11/09/2004","12:00:00","NO3N.3","M1",2043,"CMC","NTWQM",2004-11-09 12:00:00,0.3,"ISM",2,"Water",NA,3.95,"MG/L",NA,NA,NA,2017-10-27 16:37:41,NA,2,NA,1,1,"S","PARTNTID",NA,NA,4,"sample does not have an associated bay program method code"
"836",999,"LRA","ALLARM.LT4","04/13/2004","12:00:00","NO3N.3","M1",1950,"CMC","NTWQM",2004-04-13 12:00:00,0.3,"ISM",2,"Water",NA,3.8,"MG/L",NA,NA,NA,2017-10-27 16:36:01,NA,2,NA,1,1,"S","PARTNTID",NA,NA,4,"sample does not have an associated bay program method code"
"837",999,"LRA","ALLARM.LT6","05/04/2004","12:00:00","NO3N.3","M1",1964,"CMC","NTWQM",2004-05-04 12:00:00,0.3,"ISM",2,"Water",NA,3.6,"MG/L",NA,NA,NA,2017-10-27 16:36:15,NA,2,NA,1,1,"S","PARTNTID",NA,NA,4,"sample does not have an associated bay program method code"
"838",999,"LRA","ALLARM.LT10","05/04/2004","12:00:00","TDS.1","M1",1968,"CMC","NTWQM",2004-05-04 12:00:00,0.3,"ISM",1,"Water",NA,350,"MG/L",NA,NA,NA,2017-10-27 16:36:19,NA,2,NA,1,1,"S","PARTNTID",NA,NA,4,"sample does not have an associated bay program method code"
"839",999,"LRA","ALLARM.LT4","04/13/2004","12:00:00","TDS.1","M1",1950,"CMC","NTWQM",2004-04-13 12:00:00,0.3,"ISM",1,"Water",NA,290,"MG/L",NA,NA,NA,2017-10-27 16:36:01,NA,2,NA,1,1,"S","PARTNTID",NA,NA,4,"sample does not have an associated bay program method code"
"840",999,"LRA","ALLARM.LT7","06/23/2004","12:00:00","NO3N.3","M1",1978,"CMC","NTWQM",2004-06-23 12:00:00,0.3,"ISM",2,"Water",NA,3.5,"MG/L",NA,NA,NA,2017-10-27 16:36:29,NA,2,NA,1,1,"S","PARTNTID",NA,NA,4,"sample does not have an associated bay program method code"
"841",999,"LRA","ALLARM.LT2","11/09/2004","12:00:00","TDS.1","M1",2038,"CMC","NTWQM",2004-11-09 12:00:00,0.3,"ISM",1,"Water",NA,265,"MG/L",NA,NA,NA,2017-10-27 16:37:34,NA,2,NA,1,1,"S","PARTNTID",NA,NA,4,"sample does not have an associated bay program method code"
"842",999,"LRA","ALLARM.LT7","12/08/2004","12:00:00","NO3N.3","M1",2056,"CMC","NTWQM",2004-12-08 12:00:00,0.3,"ISM",2,"Water",NA,2.8,"MG/L",NA,NA,NA,2017-10-27 16:37:57,NA,2,NA,1,1,"S","PARTNTID",NA,NA,4,"sample does not have an associated bay program method code"
"843",999,"LRA","ALLARM.LT4","05/04/2004","12:00:00","NO3N.3","M1",1962,"CMC","NTWQM",2004-05-04 12:00:00,0.3,"ISM",2,"Water",NA,3.4,"MG/L",NA,NA,NA,2017-10-27 16:36:13,NA,2,NA,1,1,"S","PARTNTID",NA,NA,4,"sample does not have an associated bay program method code"
"844",999,"LRA","ALLARM.LT6","06/23/2004","12:00:00","NO3N.3","M1",1977,"CMC","NTWQM",2004-06-23 12:00:00,0.3,"ISM",2,"Water",NA,3.1,"MG/L",NA,NA,NA,2017-10-27 16:36:28,NA,2,NA,1,1,"S","PARTNTID",NA,NA,4,"sample does not have an associated bay program method code"
"845",999,"LRA","ALLARM.LT10","06/23/2004","12:00:00","TDS.1","M1",1981,"CMC","NTWQM",2004-06-23 12:00:00,0.3,"ISM",1,"Water",NA,270,"MG/L",NA,NA,NA,2017-10-27 16:36:32,NA,2,NA,1,1,"S","PARTNTID",NA,NA,4,"sample does not have an associated bay program method code"
"846",999,"LRA","ALLARM.LT4","05/04/2004","12:00:00","TDS.1","M1",1962,"CMC","NTWQM",2004-05-04 12:00:00,0.3,"ISM",1,"Water",NA,260,"MG/L",NA,NA,NA,2017-10-27 16:36:13,NA,2,NA,1,1,"S","PARTNTID",NA,NA,4,"sample does not have an associated bay program method code"
"847",999,"LRA","ALLARM.LT7","07/20/2004","12:00:00","NO3N.3","M1",1991,"CMC","NTWQM",2004-07-20 12:00:00,0.3,"ISM",2,"Water",NA,3.8,"MG/L",NA,NA,NA,2017-10-27 16:36:42,NA,2,NA,1,1,"S","PARTNTID",NA,NA,4,"sample does not have an associated bay program method code"
"848",999,"LRA","ALLARM.LT2","12/08/2004","12:00:00","TDS.1","M1",2051,"CMC","NTWQM",2004-12-08 12:00:00,0.3,"ISM",1,"Water",NA,260,"MG/L",NA,NA,NA,2017-10-27 16:37:50,NA,2,NA,1,1,"S","PARTNTID",NA,NA,4,"sample does not have an associated bay program method code"
"849",999,"LRA","ALLARM.LT8","02/17/2004","12:00:00","NO3N.3","M1",1930,"CMC","NTWQM",2004-02-17 12:00:00,0.3,"ISM",2,"Water",NA,3.2,"MG/L",NA,NA,NA,2017-10-27 16:35:39,NA,2,NA,1,1,"S","PARTNTID",NA,NA,4,"sample does not have an associated bay program method code"
"850",999,"LRA","ALLARM.LT7","07/20/2004","12:00:00","TDS.1","M1",1991,"CMC","NTWQM",2004-07-20 12:00:00,0.3,"ISM",1,"Water",NA,250,"MG/L",NA,NA,NA,2017-10-27 16:36:42,NA,2,NA,1,1,"S","PARTNTID",NA,NA,4,"sample does not have an associated bay program method code"
"851",999,"LRA","ALLARM.LT6","07/20/2004","12:00:00","NO3N.3","M1",1990,"CMC","NTWQM",2004-07-20 12:00:00,0.3,"ISM",2,"Water",NA,3.9,"MG/L",NA,NA,NA,2017-10-27 16:36:41,NA,2,NA,1,1,"S","PARTNTID",NA,NA,4,"sample does not have an associated bay program method code"
"852",999,"LRA","ALLARM.LT3","01/30/2004","12:00:00","NO3N.3","M1",1917,"CMC","NTWQM",2004-01-30 12:00:00,0.3,"ISM",2,"Water",NA,3.9,"MG/L",NA,NA,NA,2017-10-27 16:35:29,NA,2,NA,1,1,"S","PARTNTID",NA,NA,4,"sample does not have an associated bay program method code"
"853",999,"LRA","ALLARM.MG1","08/24/2004","12:00:00","TDS.1","M1",2008,"CMC","NTWQM",2004-08-24 12:00:00,0.3,"ISM",1,"Water",NA,360,"MG/L",NA,NA,NA,2017-10-27 16:37:00,NA,2,NA,1,1,"S","PARTNTID",NA,NA,4,"sample does not have an associated bay program method code"
"854",999,"LRA","ALLARM.LT7","08/24/2004","12:00:00","NO3N.3","M1",2004,"CMC","NTWQM",2004-08-24 12:00:00,0.3,"ISM",2,"Water",NA,2.3,"MG/L",NA,NA,NA,2017-10-27 16:36:56,NA,2,NA,1,1,"S","PARTNTID",NA,NA,4,"sample does not have an associated bay program method code"
"855",999,"LRA","ALLARM.LT9","03/23/2004","12:00:00","TDS.1","M1",1943,"CMC","NTWQM",2004-03-23 12:00:00,0.3,"ISM",1,"Water",NA,320,"MG/L",NA,NA,NA,2017-10-27 16:35:55,NA,2,NA,1,1,"S","PARTNTID",NA,NA,4,"sample does not have an associated bay program method code"
"856",999,"LRA","ALLARM.LT8","03/23/2004","12:00:00","NO3N.3","M1",1942,"CMC","NTWQM",2004-03-23 12:00:00,0.3,"ISM",2,"Water",NA,3.25,"MG/L",NA,NA,NA,2017-10-27 16:35:53,NA,2,NA,1,1,"S","PARTNTID",NA,NA,4,"sample does not have an associated bay program method code"
"857",999,"LRA","ALLARM.LT7","08/24/2004","12:00:00","TDS.1","M1",2004,"CMC","NTWQM",2004-08-24 12:00:00,0.3,"ISM",1,"Water",NA,250,"MG/L",NA,NA,NA,2017-10-27 16:36:56,NA,2,NA,1,1,"S","PARTNTID",NA,NA,4,"sample does not have an associated bay program method code"
"858",999,"LRA","ALLARM.LT6","08/24/2004","12:00:00","NO3N.3","M1",2003,"CMC","NTWQM",2004-08-24 12:00:00,0.3,"ISM",2,"Water",NA,3.1,"MG/L",NA,NA,NA,2017-10-27 16:36:55,NA,2,NA,1,1,"S","PARTNTID",NA,NA,4,"sample does not have an associated bay program method code"
"859",999,"LRA","ALLARM.LT3","02/17/2004","12:00:00","NO3N.3","M1",1925,"CMC","NTWQM",2004-02-17 12:00:00,0.3,"ISM",2,"Water",NA,4.7,"MG/L",NA,NA,NA,2017-10-27 16:35:34,NA,2,NA,1,1,"S","PARTNTID",NA,NA,4,"sample does not have an associated bay program method code"
"860",999,"LRA","ALLARM.MG1","09/21/2004","12:00:00","TDS.1","M1",2021,"CMC","NTWQM",2004-09-21 12:00:00,0.3,"ISM",1,"Water",NA,380,"MG/L",NA,NA,NA,2017-10-27 16:37:15,NA,2,NA,1,1,"S","PARTNTID",NA,NA,4,"sample does not have an associated bay program method code"
"861",999,"LRA","ALLARM.LT3","08/24/2004","12:00:00","NO3N.3","M1",2000,"CMC","NTWQM",2004-08-24 12:00:00,0.3,"ISM",2,"Water",NA,3.4,"MG/L",NA,NA,NA,2017-10-27 16:36:52,NA,2,NA,1,1,"S","PARTNTID",NA,NA,4,"sample does not have an associated bay program method code"
"862",999,"LRA","ALLARM.LT9","04/13/2004","12:00:00","TDS.1","M1",1955,"CMC","NTWQM",2004-04-13 12:00:00,0.3,"ISM",1,"Water",NA,260,"MG/L",NA,NA,NA,2017-10-27 16:36:06,NA,2,NA,1,1,"S","PARTNTID",NA,NA,4,"sample does not have an associated bay program method code"
"863",999,"LRA","ALLARM.LT5","02/17/2004","12:00:00","TDS.1","M1",1927,"CMC","NTWQM",2004-02-17 12:00:00,0.3,"ISM",1,"Water",NA,310,"MG/L",NA,NA,NA,2017-10-27 16:35:36,NA,2,NA,1,1,"S","PARTNTID",NA,NA,4,"sample does not have an associated bay program method code"
"864",999,"LRA","ALLARM.LT7","09/21/2004","12:00:00","TDS.1","M1",2017,"CMC","NTWQM",2004-09-21 12:00:00,0.3,"ISM",1,"Water",NA,260,"MG/L",NA,NA,NA,2017-10-27 16:37:10,NA,2,NA,1,1,"S","PARTNTID",NA,NA,4,"sample does not have an associated bay program method code"
"865",999,"LRA","ALLARM.LT6","09/21/2004","12:00:00","NO3N.3","M1",2016,"CMC","NTWQM",2004-09-21 12:00:00,0.3,"ISM",2,"Water",NA,3.8,"MG/L",NA,NA,NA,2017-10-27 16:37:09,NA,2,NA,1,1,"S","PARTNTID",NA,NA,4,"sample does not have an associated bay program method code"
"866",999,"LRA","ALLARM.LT3","03/23/2004","12:00:00","NO3N.3","M1",1937,"CMC","NTWQM",2004-03-23 12:00:00,0.3,"ISM",2,"Water",NA,4.4,"MG/L",NA,NA,NA,2017-10-27 16:35:46,NA,2,NA,1,1,"S","PARTNTID",NA,NA,4,"sample does not have an associated bay program method code"
"867",999,"LRA","ALLARM.MG1","10/26/2004","12:00:00","TDS.1","M1",2034,"CMC","NTWQM",2004-10-26 12:00:00,0.3,"ISM",1,"Water",NA,400,"MG/L",NA,NA,NA,2017-10-27 16:37:30,NA,2,NA,1,1,"S","PARTNTID",NA,NA,4,"sample does not have an associated bay program method code"
"868",999,"LRA","ALLARM.LT3","09/21/2004","12:00:00","NO3N.3","M1",2013,"CMC","NTWQM",2004-09-21 12:00:00,0.3,"ISM",2,"Water",NA,4.35,"MG/L",NA,NA,NA,2017-10-27 16:37:06,NA,2,NA,1,1,"S","PARTNTID",NA,NA,4,"sample does not have an associated bay program method code"
"869",999,"LRA","ALLARM.LT9","05/04/2004","12:00:00","TDS.1","M1",1967,"CMC","NTWQM",2004-05-04 12:00:00,0.3,"ISM",1,"Water",NA,300,"MG/L",NA,NA,NA,2017-10-27 16:36:18,NA,2,NA,1,1,"S","PARTNTID",NA,NA,4,"sample does not have an associated bay program method code"
"870",999,"LRA","ALLARM.LT5","03/23/2004","12:00:00","TDS.1","M1",1939,"CMC","NTWQM",2004-03-23 12:00:00,0.3,"ISM",1,"Water",NA,310,"MG/L",NA,NA,NA,2017-10-27 16:35:49,NA,2,NA,1,1,"S","PARTNTID",NA,NA,4,"sample does not have an associated bay program method code"
"871",999,"LRA","ALLARM.LT7","10/26/2004","12:00:00","TDS.1","M1",2030,"CMC","NTWQM",2004-10-26 12:00:00,0.3,"ISM",1,"Water",NA,280,"MG/L",NA,NA,NA,2017-10-27 16:37:25,NA,2,NA,1,1,"S","PARTNTID",NA,NA,4,"sample does not have an associated bay program method code"
"872",999,"LRA","ALLARM.LT6","10/26/2004","12:00:00","NO3N.3","M1",2029,"CMC","NTWQM",2004-10-26 12:00:00,0.3,"ISM",2,"Water",NA,3.95,"MG/L",NA,NA,NA,2017-10-27 16:37:24,NA,2,NA,1,1,"S","PARTNTID",NA,NA,4,"sample does not have an associated bay program method code"
"873",999,"LRA","ALLARM.LT3","04/13/2004","12:00:00","NO3N.3","M1",1949,"CMC","NTWQM",2004-04-13 12:00:00,0.3,"ISM",2,"Water",NA,4.1,"MG/L",NA,NA,NA,2017-10-27 16:36:00,NA,2,NA,1,1,"S","PARTNTID",NA,NA,4,"sample does not have an associated bay program method code"
"874",999,"LRA","ALLARM.MG1","11/09/2004","12:00:00","TDS.1","M1",2047,"CMC","NTWQM",2004-11-09 12:00:00,0.3,"ISM",1,"Water",NA,430,"MG/L",NA,NA,NA,2017-10-27 16:37:45,NA,2,NA,1,1,"S","PARTNTID",NA,NA,4,"sample does not have an associated bay program method code"
"875",999,"LRA","ALLARM.LT3","10/26/2004","12:00:00","NO3N.3","M1",2026,"CMC","NTWQM",2004-10-26 12:00:00,0.3,"ISM",2,"Water",NA,3.75,"MG/L",NA,NA,NA,2017-10-27 16:37:20,NA,2,NA,1,1,"S","PARTNTID",NA,NA,4,"sample does not have an associated bay program method code"
"876",999,"LRA","ALLARM.LT9","06/23/2004","12:00:00","TDS.1","M1",1980,"CMC","NTWQM",2004-06-23 12:00:00,0.3,"ISM",1,"Water",NA,270,"MG/L",NA,NA,NA,2017-10-27 16:36:31,NA,2,NA,1,1,"S","PARTNTID",NA,NA,4,"sample does not have an associated bay program method code"
"877",999,"LRA","ALLARM.LT5","04/13/2004","12:00:00","TDS.1","M1",1951,"CMC","NTWQM",2004-04-13 12:00:00,0.3,"ISM",1,"Water",NA,290,"MG/L",NA,NA,NA,2017-10-27 16:36:02,NA,2,NA,1,1,"S","PARTNTID",NA,NA,4,"sample does not have an associated bay program method code"
"878",999,"LRA","ALLARM.LT7","11/09/2004","12:00:00","TDS.1","M1",2043,"CMC","NTWQM",2004-11-09 12:00:00,0.3,"ISM",1,"Water",NA,290,"MG/L",NA,NA,NA,2017-10-27 16:37:41,NA,2,NA,1,1,"S","PARTNTID",NA,NA,4,"sample does not have an associated bay program method code"
"879",999,"LRA","ALLARM.LT6","11/09/2004","12:00:00","NO3N.3","M1",2042,"CMC","NTWQM",2004-11-09 12:00:00,0.3,"ISM",2,"Water",NA,4.3,"MG/L",NA,NA,NA,2017-10-27 16:37:39,NA,2,NA,1,1,"S","PARTNTID",NA,NA,4,"sample does not have an associated bay program method code"
"880",999,"LRA","ALLARM.LT3","05/04/2004","12:00:00","NO3N.3","M1",1961,"CMC","NTWQM",2004-05-04 12:00:00,0.3,"ISM",2,"Water",NA,2.5,"MG/L",NA,NA,NA,2017-10-27 16:36:11,NA,2,NA,1,1,"S","PARTNTID",NA,NA,4,"sample does not have an associated bay program method code"
"881",999,"LRA","ALLARM.MG1","12/08/2004","12:00:00","TDS.1","M1",2060,"CMC","NTWQM",2004-12-08 12:00:00,0.3,"ISM",1,"Water",NA,330,"MG/L",NA,NA,NA,2017-10-27 16:38:02,NA,2,NA,1,1,"S","PARTNTID",NA,NA,4,"sample does not have an associated bay program method code"
"882",999,"LRA","ALLARM.LT3","11/09/2004","12:00:00","NO3N.3","M1",2039,"CMC","NTWQM",2004-11-09 12:00:00,0.3,"ISM",2,"Water",NA,2.9,"MG/L",NA,NA,NA,2017-10-27 16:37:36,NA,2,NA,1,1,"S","PARTNTID",NA,NA,4,"sample does not have an associated bay program method code"
"883",999,"LRA","ALLARM.LT9","07/20/2004","12:00:00","TDS.1","M1",1993,"CMC","NTWQM",2004-07-20 12:00:00,0.3,"ISM",1,"Water",NA,250,"MG/L",NA,NA,NA,2017-10-27 16:36:44,NA,2,NA,1,1,"S","PARTNTID",NA,NA,4,"sample does not have an associated bay program method code"
"884",999,"LRA","ALLARM.LT5","05/04/2004","12:00:00","TDS.1","M1",1963,"CMC","NTWQM",2004-05-04 12:00:00,0.3,"ISM",1,"Water",NA,260,"MG/L",NA,NA,NA,2017-10-27 16:36:14,NA,2,NA,1,1,"S","PARTNTID",NA,NA,4,"sample does not have an associated bay program method code"
"885",999,"LRA","ALLARM.LT7","12/08/2004","12:00:00","TDS.1","M1",2056,"CMC","NTWQM",2004-12-08 12:00:00,0.3,"ISM",1,"Water",NA,270,"MG/L",NA,NA,NA,2017-10-27 16:37:57,NA,2,NA,1,1,"S","PARTNTID",NA,NA,4,"sample does not have an associated bay program method code"
"886",999,"LRA","ALLARM.LT6","12/08/2004","12:00:00","NO3N.3","M1",2055,"CMC","NTWQM",2004-12-08 12:00:00,0.3,"ISM",2,"Water",NA,2.7,"MG/L",NA,NA,NA,2017-10-27 16:37:56,NA,2,NA,1,1,"S","PARTNTID",NA,NA,4,"sample does not have an associated bay program method code"
"887",999,"LRA","ALLARM.LT3","06/23/2004","12:00:00","NO3N.3","M1",1974,"CMC","NTWQM",2004-06-23 12:00:00,0.3,"ISM",2,"Water",NA,3.9,"MG/L",NA,NA,NA,2017-10-27 16:36:25,NA,2,NA,1,1,"S","PARTNTID",NA,NA,4,"sample does not have an associated bay program method code"
"888",999,"LRA","ALLARM.LT5","06/23/2004","12:00:00","NO3N.3","M1",1976,"CMC","NTWQM",2004-06-23 12:00:00,0.3,"ISM",2,"Water",NA,3.6,"MG/L",NA,NA,NA,2017-10-27 16:36:27,NA,2,NA,1,1,"S","PARTNTID",NA,NA,4,"sample does not have an associated bay program method code"
"889",999,"LRA","ALLARM.LT3","12/08/2004","12:00:00","NO3N.3","M1",2052,"CMC","NTWQM",2004-12-08 12:00:00,0.3,"ISM",2,"Water",NA,3.8,"MG/L",NA,NA,NA,2017-10-27 16:37:52,NA,2,NA,1,1,"S","PARTNTID",NA,NA,4,"sample does not have an associated bay program method code"
"890",999,"LRA","ALLARM.LT9","08/24/2004","12:00:00","TDS.1","M1",2006,"CMC","NTWQM",2004-08-24 12:00:00,0.3,"ISM",1,"Water",NA,250,"MG/L",NA,NA,NA,2017-10-27 16:36:58,NA,2,NA,1,1,"S","PARTNTID",NA,NA,4,"sample does not have an associated bay program method code"
"891",999,"LRA","ALLARM.LT5","06/23/2004","12:00:00","TDS.1","M1",1976,"CMC","NTWQM",2004-06-23 12:00:00,0.3,"ISM",1,"Water",NA,250,"MG/L",NA,NA,NA,2017-10-27 16:36:27,NA,2,NA,1,1,"S","PARTNTID",NA,NA,4,"sample does not have an associated bay program method code"
"892",999,"LRA","ALLARM.LT8","02/17/2004","12:00:00","TDS.1","M1",1930,"CMC","NTWQM",2004-02-17 12:00:00,0.3,"ISM",1,"Water",NA,330,"MG/L",NA,NA,NA,2017-10-27 16:35:39,NA,2,NA,1,1,"S","PARTNTID",NA,NA,4,"sample does not have an associated bay program method code"
"893",999,"LRA","ALLARM.MG2","02/17/2004","12:00:00","TDS.1","M1",1934,"CMC","NTWQM",2004-02-17 12:00:00,0.3,"ISM",1,"Water",NA,480,"MG/L",NA,NA,NA,2017-10-27 16:35:44,NA,2,NA,1,1,"S","PARTNTID",NA,NA,4,"sample does not have an associated bay program method code"
"894",999,"LRA","ALLARM.LT3","07/20/2004","12:00:00","NO3N.3","M1",1987,"CMC","NTWQM",2004-07-20 12:00:00,0.3,"ISM",2,"Water",NA,4.2,"MG/L",NA,NA,NA,2017-10-27 16:36:38,NA,2,NA,1,1,"S","PARTNTID",NA,NA,4,"sample does not have an associated bay program method code"
"895",999,"LRA","ALLARM.LT5","07/20/2004","12:00:00","NO3N.3","M1",1989,"CMC","NTWQM",2004-07-20 12:00:00,0.3,"ISM",2,"Water",NA,4.2,"MG/L",NA,NA,NA,2017-10-27 16:36:40,NA,2,NA,1,1,"S","PARTNTID",NA,NA,4,"sample does not have an associated bay program method code"
"896",999,"LRA","ALLARM.LT4","01/30/2004","12:00:00","NO3N.3","M1",1918,"CMC","NTWQM",2004-01-30 12:00:00,0.3,"ISM",2,"Water",NA,3.2,"MG/L",NA,NA,NA,2017-10-27 16:35:30,NA,2,NA,1,1,"S","PARTNTID",NA,NA,4,"sample does not have an associated bay program method code"
"897",999,"LRA","ALLARM.LT9","09/21/2004","12:00:00","TDS.1","M1",2019,"CMC","NTWQM",2004-09-21 12:00:00,0.3,"ISM",1,"Water",NA,290,"MG/L",NA,NA,NA,2017-10-27 16:37:13,NA,2,NA,1,1,"S","PARTNTID",NA,NA,4,"sample does not have an associated bay program method code"
"898",999,"LRA","ALLARM.LT5","07/20/2004","12:00:00","TDS.1","M1",1989,"CMC","NTWQM",2004-07-20 12:00:00,0.3,"ISM",1,"Water",NA,220,"MG/L",NA,NA,NA,2017-10-27 16:36:40,NA,2,NA,1,1,"S","PARTNTID",NA,NA,4,"sample does not have an associated bay program method code"
"899",999,"LRA","ALLARM.MG1","03/23/2004","12:00:00","TDS.1","M1",1945,"CMC","NTWQM",2004-03-23 12:00:00,0.3,"ISM",1,"Water",NA,480,"MG/L",NA,NA,NA,2017-10-27 16:35:56,NA,2,NA,1,1,"S","PARTNTID",NA,NA,4,"sample does not have an associated bay program method code"
"900",999,"LRA","ALLARM.LT5","02/17/2004","12:00:00","NO3N.3","M1",1927,"CMC","NTWQM",2004-02-17 12:00:00,0.3,"ISM",2,"Water",NA,4.2,"MG/L",NA,NA,NA,2017-10-27 16:35:36,NA,2,NA,1,1,"S","PARTNTID",NA,NA,4,"sample does not have an associated bay program method code"
"901",999,"LRA","ALLARM.WL","07/20/2004","12:00:00","NO3N.3","M1",1997,"CMC","NTWQM",2004-07-20 12:00:00,0.3,"ISM",2,"Water",NA,0.5,"MG/L",NA,NA,NA,2017-10-27 16:36:49,NA,2,NA,1,1,"S","PARTNTID",NA,NA,4,"sample does not have an associated bay program method code"
"902",999,"LRA","ALLARM.LT5","08/24/2004","12:00:00","NO3N.3","M1",2002,"CMC","NTWQM",2004-08-24 12:00:00,0.3,"ISM",2,"Water",NA,3.6,"MG/L",NA,NA,NA,2017-10-27 16:36:54,NA,2,NA,1,1,"S","PARTNTID",NA,NA,4,"sample does not have an associated bay program method code"
"903",999,"LRA","ALLARM.LT4","02/17/2004","12:00:00","NO3N.3","M1",1926,"CMC","NTWQM",2004-02-17 12:00:00,0.3,"ISM",2,"Water",NA,4.1,"MG/L",NA,NA,NA,2017-10-27 16:35:35,NA,2,NA,1,1,"S","PARTNTID",NA,NA,4,"sample does not have an associated bay program method code"
"904",999,"LRA","ALLARM.LT9","10/26/2004","12:00:00","TDS.1","M1",2032,"CMC","NTWQM",2004-10-26 12:00:00,0.3,"ISM",1,"Water",NA,290,"MG/L",NA,NA,NA,2017-10-27 16:37:28,NA,2,NA,1,1,"S","PARTNTID",NA,NA,4,"sample does not have an associated bay program method code"
"905",999,"LRA","ALLARM.LT5","08/24/2004","12:00:00","TDS.1","M1",2002,"CMC","NTWQM",2004-08-24 12:00:00,0.3,"ISM",1,"Water",NA,230,"MG/L",NA,NA,NA,2017-10-27 16:36:54,NA,2,NA,1,1,"S","PARTNTID",NA,NA,4,"sample does not have an associated bay program method code"
"906",999,"LRA","ALLARM.MG1","04/13/2004","12:00:00","TDS.1","M1",1957,"CMC","NTWQM",2004-04-13 12:00:00,0.3,"ISM",1,"Water",NA,290,"MG/L",NA,NA,NA,2017-10-27 16:36:08,NA,2,NA,1,1,"S","PARTNTID",NA,NA,4,"sample does not have an associated bay program method code"
"907",999,"LRA","ALLARM.LT5","03/23/2004","12:00:00","NO3N.3","M1",1939,"CMC","NTWQM",2004-03-23 12:00:00,0.3,"ISM",2,"Water",NA,3.55,"MG/L",NA,NA,NA,2017-10-27 16:35:49,NA,2,NA,1,1,"S","PARTNTID",NA,NA,4,"sample does not have an associated bay program method code"
"908",999,"LRA","ALLARM.WL","08/24/2004","12:00:00","NO3N.3","M1",2010,"CMC","NTWQM",2004-08-24 12:00:00,0.3,"ISM",2,"Water",NA,1.1,"MG/L",NA,NA,NA,2017-10-27 16:37:02,NA,2,NA,1,1,"S","PARTNTID",NA,NA,4,"sample does not have an associated bay program method code"
"909",999,"LRA","ALLARM.LT5","09/21/2004","12:00:00","NO3N.3","M1",2015,"CMC","NTWQM",2004-09-21 12:00:00,0.3,"ISM",2,"Water",NA,3.7,"MG/L",NA,NA,NA,2017-10-27 16:37:08,NA,2,NA,1,1,"S","PARTNTID",NA,NA,4,"sample does not have an associated bay program method code"
"910",999,"LRA","ALLARM.LT7","04/13/2004","12:00:00","TDS.1","M1",1953,"CMC","NTWQM",2004-04-13 12:00:00,0.3,"ISM",1,"Water",NA,280,"MG/L",NA,NA,NA,2017-10-27 16:36:04,NA,2,NA,1,1,"S","PARTNTID",NA,NA,4,"sample does not have an associated bay program method code"
"911",999,"LRA","ALLARM.LT9","11/09/2004","12:00:00","TDS.1","M1",2045,"CMC","NTWQM",2004-11-09 12:00:00,0.3,"ISM",1,"Water",NA,300,"MG/L",NA,NA,NA,2017-10-27 16:37:43,NA,2,NA,1,1,"S","PARTNTID",NA,NA,4,"sample does not have an associated bay program method code"
"912",999,"LRA","ALLARM.LT2","10/26/2004","12:00:00","NO3N.3","M1",2025,"CMC","NTWQM",2004-10-26 12:00:00,0.3,"ISM",2,"Water",NA,4.35,"MG/L",NA,NA,NA,2017-10-27 16:37:19,NA,2,NA,1,1,"S","PARTNTID",NA,NA,4,"sample does not have an associated bay program method code"
"913",999,"LRA","ALLARM.MG1","05/04/2004","12:00:00","TDS.1","M1",1969,"CMC","NTWQM",2004-05-04 12:00:00,0.3,"ISM",1,"Water",NA,430,"MG/L",NA,NA,NA,2017-10-27 16:36:20,NA,2,NA,1,1,"S","PARTNTID",NA,NA,4,"sample does not have an associated bay program method code"
"914",999,"LRA","ALLARM.LT5","04/13/2004","12:00:00","NO3N.3","M1",1951,"CMC","NTWQM",2004-04-13 12:00:00,0.3,"ISM",2,"Water",NA,4.28,"MG/L",NA,NA,NA,2017-10-27 16:36:02,NA,2,NA,1,1,"S","PARTNTID",NA,NA,4,"sample does not have an associated bay program method code"
"915",999,"LRA","ALLARM.LT8","11/09/2004","12:00:00","TDS.1","M1",2044,"CMC","NTWQM",2004-11-09 12:00:00,0.3,"ISM",1,"Water",NA,300,"MG/L",NA,NA,NA,2017-10-27 16:37:42,NA,2,NA,1,1,"S","PARTNTID",NA,NA,4,"sample does not have an associated bay program method code"
"916",999,"LRA","ALLARM.LT5","10/26/2004","12:00:00","NO3N.3","M1",2028,"CMC","NTWQM",2004-10-26 12:00:00,0.3,"ISM",2,"Water",NA,3.73,"MG/L",NA,NA,NA,2017-10-27 16:37:23,NA,2,NA,1,1,"S","PARTNTID",NA,NA,4,"sample does not have an associated bay program method code"
"917",999,"LRA","ALLARM.LT7","05/04/2004","12:00:00","TDS.1","M1",1965,"CMC","NTWQM",2004-05-04 12:00:00,0.3,"ISM",1,"Water",NA,280,"MG/L",NA,NA,NA,2017-10-27 16:36:16,NA,2,NA,1,1,"S","PARTNTID",NA,NA,4,"sample does not have an associated bay program method code"
"918",999,"LRA","ALLARM.LT9","12/08/2004","12:00:00","TDS.1","M1",2058,"CMC","NTWQM",2004-12-08 12:00:00,0.3,"ISM",1,"Water",NA,280,"MG/L",NA,NA,NA,2017-10-27 16:37:59,NA,2,NA,1,1,"S","PARTNTID",NA,NA,4,"sample does not have an associated bay program method code"
"919",999,"LRA","ALLARM.LT2","11/09/2004","12:00:00","NO3N.3","M1",2038,"CMC","NTWQM",2004-11-09 12:00:00,0.3,"ISM",2,"Water",NA,3.9,"MG/L",NA,NA,NA,2017-10-27 16:37:34,NA,2,NA,1,1,"S","PARTNTID",NA,NA,4,"sample does not have an associated bay program method code"
"920",999,"LRA","ALLARM.MG1","06/23/2004","12:00:00","TDS.1","M1",1982,"CMC","NTWQM",2004-06-23 12:00:00,0.3,"ISM",1,"Water",NA,420,"MG/L",NA,NA,NA,2017-10-27 16:36:33,NA,2,NA,1,1,"S","PARTNTID",NA,NA,4,"sample does not have an associated bay program method code"
"921",999,"LRA","ALLARM.LT5","05/04/2004","12:00:00","NO3N.3","M1",1963,"CMC","NTWQM",2004-05-04 12:00:00,0.3,"ISM",2,"Water",NA,2.6,"MG/L",NA,NA,NA,2017-10-27 16:36:14,NA,2,NA,1,1,"S","PARTNTID",NA,NA,4,"sample does not have an associated bay program method code"
"922",999,"LRA","ALLARM.LT8","12/08/2004","12:00:00","TDS.1","M1",2057,"CMC","NTWQM",2004-12-08 12:00:00,0.3,"ISM",1,"Water",NA,280,"MG/L",NA,NA,NA,2017-10-27 16:37:58,NA,2,NA,1,1,"S","PARTNTID",NA,NA,4,"sample does not have an associated bay program method code"
"923",999,"LRA","ALLARM.LT5","11/09/2004","12:00:00","NO3N.3","M1",2041,"CMC","NTWQM",2004-11-09 12:00:00,0.3,"ISM",2,"Water",NA,4.2,"MG/L",NA,NA,NA,2017-10-27 16:37:38,NA,2,NA,1,1,"S","PARTNTID",NA,NA,4,"sample does not have an associated bay program method code"
"924",999,"LRA","ALLARM.LT7","06/23/2004","12:00:00","TDS.1","M1",1978,"CMC","NTWQM",2004-06-23 12:00:00,0.3,"ISM",1,"Water",NA,270,"MG/L",NA,NA,NA,2017-10-27 16:36:29,NA,2,NA,1,1,"S","PARTNTID",NA,NA,4,"sample does not have an associated bay program method code"
"925",999,"LRA","ALLARM.MG1","01/30/2004","12:00:00","TDS.1","M1",1921,"CMC","NTWQM",2004-01-30 12:00:00,0.3,"ISM",1,"Water",NA,310,"MG/L",NA,NA,NA,2017-10-27 16:35:31,NA,2,NA,1,1,"S","PARTNTID",NA,NA,4,"sample does not have an associated bay program method code"
"926",999,"LRA","ALLARM.LT2","12/08/2004","12:00:00","NO3N.3","M1",2051,"CMC","NTWQM",2004-12-08 12:00:00,0.3,"ISM",2,"Water",NA,3.5,"MG/L",NA,NA,NA,2017-10-27 16:37:50,NA,2,NA,1,1,"S","PARTNTID",NA,NA,4,"sample does not have an associated bay program method code"
"927",999,"LRA","ALLARM.MG1","07/20/2004","12:00:00","TDS.1","M1",1995,"CMC","NTWQM",2004-07-20 12:00:00,0.3,"ISM",1,"Water",NA,370,"MG/L",NA,NA,NA,2017-10-27 16:36:47,NA,2,NA,1,1,"S","PARTNTID",NA,NA,4,"sample does not have an associated bay program method code"
"928",999,"LRA","ALLARM.LT6","06/23/2004","12:00:00","TDS.1","M1",1977,"CMC","NTWQM",2004-06-23 12:00:00,0.3,"ISM",1,"Water",NA,250,"MG/L",NA,NA,NA,2017-10-27 16:36:28,NA,2,NA,1,1,"S","PARTNTID",NA,NA,4,"sample does not have an associated bay program method code"
"929",999,"LRA","ALLARM.LT9","02/17/2004","12:00:00","TDS.1","M1",1931,"CMC","NTWQM",2004-02-17 12:00:00,0.3,"ISM",1,"Water",NA,360,"MG/L",NA,NA,NA,2017-10-27 16:35:40,NA,2,NA,1,1,"S","PARTNTID",NA,NA,4,"sample does not have an associated bay program method code"
"930",999,"LRA","ALLARM.LT5","12/08/2004","12:00:00","NO3N.3","M1",2054,"CMC","NTWQM",2004-12-08 12:00:00,0.3,"ISM",2,"Water",NA,3.7,"MG/L",NA,NA,NA,2017-10-27 16:37:54,NA,2,NA,1,1,"S","PARTNTID",NA,NA,4,"sample does not have an associated bay program method code"
"931",999,"LRA","ALLARM.MG1","08/24/2004","12:00:00","NO3N.3","M1",2008,"CMC","NTWQM",2004-08-24 12:00:00,0.3,"ISM",2,"Water",NA,2.5,"MG/L",NA,NA,NA,2017-10-27 16:37:00,NA,2,NA,1,1,"S","PARTNTID",NA,NA,4,"sample does not have an associated bay program method code"
"932",999,"LRA","ALLARM.MG1","02/17/2004","12:00:00","TDS.1","M1",1933,"CMC","NTWQM",2004-02-17 12:00:00,0.3,"ISM",1,"Water",NA,480,"MG/L",NA,NA,NA,2017-10-27 16:35:43,NA,2,NA,1,1,"S","PARTNTID",NA,NA,4,"sample does not have an associated bay program method code"
"933",999,"LRA","ALLARM.LT7","02/17/2004","12:00:00","NO3N.3","M1",1929,"CMC","NTWQM",2004-02-17 12:00:00,0.3,"ISM",2,"Water",NA,4.1,"MG/L",NA,NA,NA,2017-10-27 16:35:38,NA,2,NA,1,1,"S","PARTNTID",NA,NA,4,"sample does not have an associated bay program method code"
"934",999,"LRA","ALLARM.WL","06/23/2004","12:00:00","NO3N.3","M1",1984,"CMC","NTWQM",2004-06-23 12:00:00,0.3,"ISM",2,"Water",NA,1.1,"MG/L",NA,NA,NA,2017-10-27 16:36:35,NA,2,NA,1,1,"S","PARTNTID",NA,NA,4,"sample does not have an associated bay program method code"
"935",999,"LRA","ALLARM.LT6","07/20/2004","12:00:00","TDS.1","M1",1990,"CMC","NTWQM",2004-07-20 12:00:00,0.3,"ISM",1,"Water",NA,220,"MG/L",NA,NA,NA,2017-10-27 16:36:41,NA,2,NA,1,1,"S","PARTNTID",NA,NA,4,"sample does not have an associated bay program method code"
"936",999,"LRA","ALLARM.MG2","08/24/2004","12:00:00","TDS.1","M1",2009,"CMC","NTWQM",2004-08-24 12:00:00,0.3,"ISM",1,"Water",NA,380,"MG/L",NA,NA,NA,2017-10-27 16:37:01,NA,2,NA,1,1,"S","PARTNTID",NA,NA,4,"sample does not have an associated bay program method code"
"937",999,"LRA","ALLARM.WL","06/23/2004","12:00:00","TDS.1","M1",1984,"CMC","NTWQM",2004-06-23 12:00:00,0.3,"ISM",1,"Water",NA,360,"MG/L",NA,NA,NA,2017-10-27 16:36:35,NA,2,NA,1,1,"S","PARTNTID",NA,NA,4,"sample does not have an associated bay program method code"
"938",999,"LRA","ALLARM.MG1","09/21/2004","12:00:00","NO3N.3","M1",2021,"CMC","NTWQM",2004-09-21 12:00:00,0.3,"ISM",2,"Water",NA,2.3,"MG/L",NA,NA,NA,2017-10-27 16:37:15,NA,2,NA,1,1,"S","PARTNTID",NA,NA,4,"sample does not have an associated bay program method code"
"939",999,"LRA","ALLARM.LT8","09/21/2004","12:00:00","NO3N.3","M1",2018,"CMC","NTWQM",2004-09-21 12:00:00,0.3,"ISM",2,"Water",NA,3.25,"MG/L",NA,NA,NA,2017-10-27 16:37:11,NA,2,NA,1,1,"S","PARTNTID",NA,NA,4,"sample does not have an associated bay program method code"
"940",999,"LRA","ALLARM.LT7","03/23/2004","12:00:00","NO3N.3","M1",1941,"CMC","NTWQM",2004-03-23 12:00:00,0.3,"ISM",2,"Water",NA,3.2,"MG/L",NA,NA,NA,2017-10-27 16:35:51,NA,2,NA,1,1,"S","PARTNTID",NA,NA,4,"sample does not have an associated bay program method code"
"941",999,"LRA","ALLARM.MG2","03/23/2004","12:00:00","TDS.1","M1",1946,"CMC","NTWQM",2004-03-23 12:00:00,0.3,"ISM",1,"Water",NA,490,"MG/L",NA,NA,NA,2017-10-27 16:35:57,NA,2,NA,1,1,"S","PARTNTID",NA,NA,4,"sample does not have an associated bay program method code"
"942",999,"LRA","ALLARM.LT6","08/24/2004","12:00:00","TDS.1","M1",2003,"CMC","NTWQM",2004-08-24 12:00:00,0.3,"ISM",1,"Water",NA,240,"MG/L",NA,NA,NA,2017-10-27 16:36:55,NA,2,NA,1,1,"S","PARTNTID",NA,NA,4,"sample does not have an associated bay program method code"
"943",999,"LRA","ALLARM.MG2","09/21/2004","12:00:00","TDS.1","M1",2022,"CMC","NTWQM",2004-09-21 12:00:00,0.3,"ISM",1,"Water",NA,400,"MG/L",NA,NA,NA,2017-10-27 16:37:16,NA,2,NA,1,1,"S","PARTNTID",NA,NA,4,"sample does not have an associated bay program method code"
"944",999,"LRA","ALLARM.WL","07/20/2004","12:00:00","TDS.1","M1",1997,"CMC","NTWQM",2004-07-20 12:00:00,0.3,"ISM",1,"Water",NA,360,"MG/L",NA,NA,NA,2017-10-27 16:36:49,NA,2,NA,1,1,"S","PARTNTID",NA,NA,4,"sample does not have an associated bay program method code"
"945",999,"LRA","ALLARM.MG1","10/26/2004","12:00:00","NO3N.3","M1",2034,"CMC","NTWQM",2004-10-26 12:00:00,0.3,"ISM",2,"Water",NA,2,"MG/L",NA,NA,NA,2017-10-27 16:37:30,NA,2,NA,1,1,"S","PARTNTID",NA,NA,4,"sample does not have an associated bay program method code"
"946",999,"LRA","ALLARM.LT8","10/26/2004","12:00:00","NO3N.3","M1",2031,"CMC","NTWQM",2004-10-26 12:00:00,0.3,"ISM",2,"Water",NA,3.95,"MG/L",NA,NA,NA,2017-10-27 16:37:27,NA,2,NA,1,1,"S","PARTNTID",NA,NA,4,"sample does not have an associated bay program method code"
"947",999,"LRA","ALLARM.LT7","04/13/2004","12:00:00","NO3N.3","M1",1953,"CMC","NTWQM",2004-04-13 12:00:00,0.3,"ISM",2,"Water",NA,2.83,"MG/L",NA,NA,NA,2017-10-27 16:36:04,NA,2,NA,1,1,"S","PARTNTID",NA,NA,4,"sample does not have an associated bay program method code"
"948",999,"LRA","ALLARM.MG2","04/13/2004","12:00:00","TDS.1","M1",1958,"CMC","NTWQM",2004-04-13 12:00:00,0.3,"ISM",1,"Water",NA,290,"MG/L",NA,NA,NA,2017-10-27 16:36:09,NA,2,NA,1,1,"S","PARTNTID",NA,NA,4,"sample does not have an associated bay program method code"
"949",999,"LRA","ALLARM.LT6","09/21/2004","12:00:00","TDS.1","M1",2016,"CMC","NTWQM",2004-09-21 12:00:00,0.3,"ISM",1,"Water",NA,270,"MG/L",NA,NA,NA,2017-10-27 16:37:09,NA,2,NA,1,1,"S","PARTNTID",NA,NA,4,"sample does not have an associated bay program method code"
"950",999,"LRA","ALLARM.MG2","10/26/2004","12:00:00","TDS.1","M1",2035,"CMC","NTWQM",2004-10-26 12:00:00,0.3,"ISM",1,"Water",NA,410,"MG/L",NA,NA,NA,2017-10-27 16:37:31,NA,2,NA,1,1,"S","PARTNTID",NA,NA,4,"sample does not have an associated bay program method code"
"951",999,"LRA","ALLARM.WL","08/24/2004","12:00:00","TDS.1","M1",2010,"CMC","NTWQM",2004-08-24 12:00:00,0.3,"ISM",1,"Water",NA,400,"MG/L",NA,NA,NA,2017-10-27 16:37:02,NA,2,NA,1,1,"S","PARTNTID",NA,NA,4,"sample does not have an associated bay program method code"
"952",999,"LRA","ALLARM.MG1","11/09/2004","12:00:00","NO3N.3","M1",2047,"CMC","NTWQM",2004-11-09 12:00:00,0.3,"ISM",2,"Water",NA,2.1,"MG/L",NA,NA,NA,2017-10-27 16:37:45,NA,2,NA,1,1,"S","PARTNTID",NA,NA,4,"sample does not have an associated bay program method code"
"953",999,"LRA","ALLARM.LT5","09/21/2004","12:00:00","TDS.1","M1",2015,"CMC","NTWQM",2004-09-21 12:00:00,0.3,"ISM",1,"Water",NA,260,"MG/L",NA,NA,NA,2017-10-27 16:37:08,NA,2,NA,1,1,"S","PARTNTID",NA,NA,4,"sample does not have an associated bay program method code"
"954",999,"LRA","ALLARM.LT6","04/13/2004","12:00:00","TDS.1","M1",1952,"CMC","NTWQM",2004-04-13 12:00:00,0.3,"ISM",1,"Water",NA,290,"MG/L",NA,NA,NA,2017-10-27 16:36:03,NA,2,NA,1,1,"S","PARTNTID",NA,NA,4,"sample does not have an associated bay program method code"
"955",999,"LRA","ALLARM.WL","09/21/2004","12:00:00","NO3N.3","M1",2023,"CMC","NTWQM",2004-09-21 12:00:00,0.3,"ISM",2,"Water",NA,1.95,"MG/L",NA,NA,NA,2017-10-27 16:37:17,NA,2,NA,1,1,"S","PARTNTID",NA,NA,4,"sample does not have an associated bay program method code"
"956",999,"LRA","ALLARM.LT6","10/26/2004","12:00:00","TDS.1","M1",2029,"CMC","NTWQM",2004-10-26 12:00:00,0.3,"ISM",1,"Water",NA,260,"MG/L",NA,NA,NA,2017-10-27 16:37:24,NA,2,NA,1,1,"S","PARTNTID",NA,NA,4,"sample does not have an associated bay program method code"
"957",999,"LRA","ALLARM.MG2","11/09/2004","12:00:00","TDS.1","M1",2048,"CMC","NTWQM",2004-11-09 12:00:00,0.3,"ISM",1,"Water",NA,430,"MG/L",NA,NA,NA,2017-10-27 16:37:47,NA,2,NA,1,1,"S","PARTNTID",NA,NA,4,"sample does not have an associated bay program method code"
"958",999,"LRA","ALLARM.WL","09/21/2004","12:00:00","TDS.1","M1",2023,"CMC","NTWQM",2004-09-21 12:00:00,0.3,"ISM",1,"Water",NA,410,"MG/L",NA,NA,NA,2017-10-27 16:37:17,NA,2,NA,1,1,"S","PARTNTID",NA,NA,4,"sample does not have an associated bay program method code"
"959",999,"LRA","ALLARM.MG1","12/08/2004","12:00:00","NO3N.3","M1",2060,"CMC","NTWQM",2004-12-08 12:00:00,0.3,"ISM",2,"Water",NA,1.7,"MG/L",NA,NA,NA,2017-10-27 16:38:02,NA,2,NA,1,1,"S","PARTNTID",NA,NA,4,"sample does not have an associated bay program method code"
"960",999,"LRA","ALLARM.LT5","10/26/2004","12:00:00","TDS.1","M1",2028,"CMC","NTWQM",2004-10-26 12:00:00,0.3,"ISM",1,"Water",NA,260,"MG/L",NA,NA,NA,2017-10-27 16:37:23,NA,2,NA,1,1,"S","PARTNTID",NA,NA,4,"sample does not have an associated bay program method code"
"961",999,"LRA","ALLARM.LT6","05/04/2004","12:00:00","TDS.1","M1",1964,"CMC","NTWQM",2004-05-04 12:00:00,0.3,"ISM",1,"Water",NA,260,"MG/L",NA,NA,NA,2017-10-27 16:36:15,NA,2,NA,1,1,"S","PARTNTID",NA,NA,4,"sample does not have an associated bay program method code"
"962",999,"LRA","ALLARM.WL","10/26/2004","12:00:00","NO3N.3","M1",2036,"CMC","NTWQM",2004-10-26 12:00:00,0.3,"ISM",2,"Water",NA,1.9,"MG/L",NA,NA,NA,2017-10-27 16:37:32,NA,2,NA,1,1,"S","PARTNTID",NA,NA,4,"sample does not have an associated bay program method code"
"963",999,"LRA","ALLARM.LT6","11/09/2004","12:00:00","TDS.1","M1",2042,"CMC","NTWQM",2004-11-09 12:00:00,0.3,"ISM",1,"Water",NA,280,"MG/L",NA,NA,NA,2017-10-27 16:37:39,NA,2,NA,1,1,"S","PARTNTID",NA,NA,4,"sample does not have an associated bay program method code"
"964",999,"LRA","ALLARM.MG2","12/08/2004","12:00:00","TDS.1","M1",2061,"CMC","NTWQM",2004-12-08 12:00:00,0.3,"ISM",1,"Water",NA,230,"MG/L",NA,NA,NA,2017-10-27 16:38:03,NA,2,NA,1,1,"S","PARTNTID",NA,NA,4,"sample does not have an associated bay program method code"
"965",999,"LRA","ALLARM.MG2","01/30/2004","12:00:00","NO3N.3","M1",1922,"CMC","NTWQM",2004-01-30 12:00:00,0.3,"ISM",2,"Water",NA,2.5,"MG/L",NA,NA,NA,2017-10-27 16:35:32,NA,2,NA,1,1,"S","PARTNTID",NA,NA,4,"sample does not have an associated bay program method code"
"966",999,"LRA","ALLARM.MG2","07/20/2004","12:00:00","NO3N.3","M1",1996,"CMC","NTWQM",2004-07-20 12:00:00,0.3,"ISM",2,"Water",NA,2.2,"MG/L",NA,NA,NA,2017-10-27 16:36:48,NA,2,NA,1,1,"S","PARTNTID",NA,NA,4,"sample does not have an associated bay program method code"
"967",999,"LRA","ALLARM.LT5","11/09/2004","12:00:00","TDS.1","M1",2041,"CMC","NTWQM",2004-11-09 12:00:00,0.3,"ISM",1,"Water",NA,280,"MG/L",NA,NA,NA,2017-10-27 16:37:38,NA,2,NA,1,1,"S","PARTNTID",NA,NA,4,"sample does not have an associated bay program method code"
"968",999,"LRA","ALLARM.WL","05/04/2004","12:00:00","NO3N.3","M1",1971,"CMC","NTWQM",2004-05-04 12:00:00,0.3,"ISM",2,"Water",NA,1.9,"MG/L",NA,NA,NA,2017-10-27 16:36:21,NA,2,NA,1,1,"S","PARTNTID",NA,NA,4,"sample does not have an associated bay program method code"
"969",999,"LRA","ALLARM.MG2","07/20/2004","12:00:00","TDS.1","M1",1996,"CMC","NTWQM",2004-07-20 12:00:00,0.3,"ISM",1,"Water",NA,380,"MG/L",NA,NA,NA,2017-10-27 16:36:48,NA,2,NA,1,1,"S","PARTNTID",NA,NA,4,"sample does not have an associated bay program method code"
"970",999,"LRA","ALLARM.LT6","12/08/2004","12:00:00","TDS.1","M1",2055,"CMC","NTWQM",2004-12-08 12:00:00,0.3,"ISM",1,"Water",NA,240,"MG/L",NA,NA,NA,2017-10-27 16:37:56,NA,2,NA,1,1,"S","PARTNTID",NA,NA,4,"sample does not have an associated bay program method code"
"971",999,"LRA","ALLARM.MG2","02/17/2004","12:00:00","NO3N.3","M1",1934,"CMC","NTWQM",2004-02-17 12:00:00,0.3,"ISM",2,"Water",NA,2,"MG/L",NA,NA,NA,2017-10-27 16:35:44,NA,2,NA,1,1,"S","PARTNTID",NA,NA,4,"sample does not have an associated bay program method code"
"972",999,"LRA","ALLARM.LT8","08/24/2004","12:00:00","NO3N.3","M1",2005,"CMC","NTWQM",2004-08-24 12:00:00,0.3,"ISM",2,"Water",NA,3.6,"MG/L",NA,NA,NA,2017-10-27 16:36:57,NA,2,NA,1,1,"S","PARTNTID",NA,NA,4,"sample does not have an associated bay program method code"
"973",999,"LRA","ALLARM.LT5","12/08/2004","12:00:00","TDS.1","M1",2054,"CMC","NTWQM",2004-12-08 12:00:00,0.3,"ISM",1,"Water",NA,260,"MG/L",NA,NA,NA,2017-10-27 16:37:54,NA,2,NA,1,1,"S","PARTNTID",NA,NA,4,"sample does not have an associated bay program method code"
"974",999,"LRA","ALLARM.LT9","03/23/2004","12:00:00","NO3N.3","M1",1943,"CMC","NTWQM",2004-03-23 12:00:00,0.3,"ISM",2,"Water",NA,2.3,"MG/L",NA,NA,NA,2017-10-27 16:35:55,NA,2,NA,1,1,"S","PARTNTID",NA,NA,4,"sample does not have an associated bay program method code"
"975",999,"LRA","ALLARM.LT9","05/04/2004","12:00:00","NO3N.3","M1",1967,"CMC","NTWQM",2004-05-04 12:00:00,0.3,"ISM",2,"Water",NA,2.3,"MG/L",NA,NA,NA,2017-10-27 16:36:18,NA,2,NA,1,1,"S","PARTNTID",NA,NA,4,"sample does not have an associated bay program method code"
"976",999,"LRA","ALLARM.LT9","09/21/2004","12:00:00","NO3N.3","M1",2019,"CMC","NTWQM",2004-09-21 12:00:00,0.3,"ISM",2,"Water",NA,3.4,"MG/L",NA,NA,NA,2017-10-27 16:37:13,NA,2,NA,1,1,"S","PARTNTID",NA,NA,4,"sample does not have an associated bay program method code"
"977",999,"LRA","ALLARM.LT7","02/17/2004","12:00:00","TDS.1","M1",1929,"CMC","NTWQM",2004-02-17 12:00:00,0.3,"ISM",1,"Water",NA,340,"MG/L",NA,NA,NA,2017-10-27 16:35:38,NA,2,NA,1,1,"S","PARTNTID",NA,NA,4,"sample does not have an associated bay program method code"
"978",999,"LRA","ALLARM.MG2","03/23/2004","12:00:00","NO3N.3","M1",1946,"CMC","NTWQM",2004-03-23 12:00:00,0.3,"ISM",2,"Water",NA,2.55,"MG/L",NA,NA,NA,2017-10-27 16:35:57,NA,2,NA,1,1,"S","PARTNTID",NA,NA,4,"sample does not have an associated bay program method code"
"979",999,"LRA","ALLARM.WL","12/08/2004","12:00:00","TDS.1","M1",2062,"CMC","NTWQM",2004-12-08 12:00:00,0.3,"ISM",1,"Water",NA,240,"MG/L",NA,NA,NA,2017-10-27 16:38:05,NA,2,NA,1,1,"S","PARTNTID",NA,NA,4,"sample does not have an associated bay program method code"
"980",999,"LRA","ALLARM.LT6","02/17/2004","12:00:00","TDS.1","M1",1928,"CMC","NTWQM",2004-02-17 12:00:00,0.3,"ISM",1,"Water",NA,310,"MG/L",NA,NA,NA,2017-10-27 16:35:37,NA,2,NA,1,1,"S","PARTNTID",NA,NA,4,"sample does not have an associated bay program method code"
"981",999,"LRA","ALLARM.LT9","04/13/2004","12:00:00","NO3N.3","M1",1955,"CMC","NTWQM",2004-04-13 12:00:00,0.3,"ISM",2,"Water",NA,2.85,"MG/L",NA,NA,NA,2017-10-27 16:36:06,NA,2,NA,1,1,"S","PARTNTID",NA,NA,4,"sample does not have an associated bay program method code"
"982",999,"LRA","ALLARM.MG2","05/04/2004","12:00:00","TDS.1","M1",1970,"CMC","NTWQM",2004-05-04 12:00:00,0.3,"ISM",1,"Water",NA,450,"MG/L",NA,NA,NA,2017-10-27 16:36:21,NA,2,NA,1,1,"S","PARTNTID",NA,NA,4,"sample does not have an associated bay program method code"
"983",999,"LRA","ALLARM.LT9","10/26/2004","12:00:00","NO3N.3","M1",2032,"CMC","NTWQM",2004-10-26 12:00:00,0.3,"ISM",2,"Water",NA,3.3,"MG/L",NA,NA,NA,2017-10-27 16:37:28,NA,2,NA,1,1,"S","PARTNTID",NA,NA,4,"sample does not have an associated bay program method code"
"984",999,"LRA","ALLARM.LT8","04/13/2004","12:00:00","NO3N.3","M1",1954,"CMC","NTWQM",2004-04-13 12:00:00,0.3,"ISM",2,"Water",NA,2.8,"MG/L",NA,NA,NA,2017-10-27 16:36:05,NA,2,NA,1,1,"S","PARTNTID",NA,NA,4,"sample does not have an associated bay program method code"
"985",999,"LRA","ALLARM.MG2","04/13/2004","12:00:00","NO3N.3","M1",1958,"CMC","NTWQM",2004-04-13 12:00:00,0.3,"ISM",2,"Water",NA,1.09,"MG/L",NA,NA,NA,2017-10-27 16:36:09,NA,2,NA,1,1,"S","PARTNTID",NA,NA,4,"sample does not have an associated bay program method code"
"986",999,"LRA","ALLARM.MG2","06/23/2004","12:00:00","NO3N.3","M1",1983,"CMC","NTWQM",2004-06-23 12:00:00,0.3,"ISM",2,"Water",NA,2.1,"MG/L",NA,NA,NA,2017-10-27 16:36:34,NA,2,NA,1,1,"S","PARTNTID",NA,NA,4,"sample does not have an associated bay program method code"
"987",999,"LRA","ALLARM.LT6","03/23/2004","12:00:00","TDS.1","M1",1940,"CMC","NTWQM",2004-03-23 12:00:00,0.3,"ISM",1,"Water",NA,290,"MG/L",NA,NA,NA,2017-10-27 16:35:50,NA,2,NA,1,1,"S","PARTNTID",NA,NA,4,"sample does not have an associated bay program method code"
"988",999,"LRA","ALLARM.MG2","12/08/2004","12:00:00","NO3N.3","M1",2061,"CMC","NTWQM",2004-12-08 12:00:00,0.3,"ISM",2,"Water",NA,1.3,"MG/L",NA,NA,NA,2017-10-27 16:38:03,NA,2,NA,1,1,"S","PARTNTID",NA,NA,4,"sample does not have an associated bay program method code"
"989",999,"LRA","ALLARM.MG2","06/23/2004","12:00:00","TDS.1","M1",1983,"CMC","NTWQM",2004-06-23 12:00:00,0.3,"ISM",1,"Water",NA,430,"MG/L",NA,NA,NA,2017-10-27 16:36:34,NA,2,NA,1,1,"S","PARTNTID",NA,NA,4,"sample does not have an associated bay program method code"
"990",999,"LRA","ALLARM.LT9","11/09/2004","12:00:00","NO3N.3","M1",2045,"CMC","NTWQM",2004-11-09 12:00:00,0.3,"ISM",2,"Water",NA,3.5,"MG/L",NA,NA,NA,2017-10-27 16:37:43,NA,2,NA,1,1,"S","PARTNTID",NA,NA,4,"sample does not have an associated bay program method code"
"991",999,"LRA","ALLARM.LT8","05/04/2004","12:00:00","NO3N.3","M1",1966,"CMC","NTWQM",2004-05-04 12:00:00,0.3,"ISM",2,"Water",NA,3.2,"MG/L",NA,NA,NA,2017-10-27 16:36:17,NA,2,NA,1,1,"S","PARTNTID",NA,NA,4,"sample does not have an associated bay program method code"
"992",999,"LRA","ALLARM.MG2","05/04/2004","12:00:00","NO3N.3","M1",1970,"CMC","NTWQM",2004-05-04 12:00:00,0.3,"ISM",2,"Water",NA,1.6,"MG/L",NA,NA,NA,2017-10-27 16:36:21,NA,2,NA,1,1,"S","PARTNTID",NA,NA,4,"sample does not have an associated bay program method code"
"993",999,"LRA","ALLARM.MG1","07/20/2004","12:00:00","NO3N.3","M1",1995,"CMC","NTWQM",2004-07-20 12:00:00,0.3,"ISM",2,"Water",NA,2.3,"MG/L",NA,NA,NA,2017-10-27 16:36:47,NA,2,NA,1,1,"S","PARTNTID",NA,NA,4,"sample does not have an associated bay program method code"
"994",999,"LRA","ALLARM.MG2","11/09/2004","12:00:00","NO3N.3","M1",2048,"CMC","NTWQM",2004-11-09 12:00:00,0.3,"ISM",2,"Water",NA,2,"MG/L",NA,NA,NA,2017-10-27 16:37:47,NA,2,NA,1,1,"S","PARTNTID",NA,NA,4,"sample does not have an associated bay program method code"
"995",999,"LRA","ALLARM.LT9","02/17/2004","12:00:00","NO3N.3","M1",1931,"CMC","NTWQM",2004-02-17 12:00:00,0.3,"ISM",2,"Water",NA,3.7,"MG/L",NA,NA,NA,2017-10-27 16:35:40,NA,2,NA,1,1,"S","PARTNTID",NA,NA,4,"sample does not have an associated bay program method code"
"996",999,"LRA","ALLARM.LT9","08/24/2004","12:00:00","NO3N.3","M1",2006,"CMC","NTWQM",2004-08-24 12:00:00,0.3,"ISM",2,"Water",NA,3.3,"MG/L",NA,NA,NA,2017-10-27 16:36:58,NA,2,NA,1,1,"S","PARTNTID",NA,NA,4,"sample does not have an associated bay program method code"
"997",999,"LRA","ALLARM.LT9","12/08/2004","12:00:00","NO3N.3","M1",2058,"CMC","NTWQM",2004-12-08 12:00:00,0.3,"ISM",2,"Water",NA,2.8,"MG/L",NA,NA,NA,2017-10-27 16:37:59,NA,2,NA,1,1,"S","PARTNTID",NA,NA,4,"sample does not have an associated bay program method code"
"998",999,"LRA","ALLARM.LT8","06/23/2004","12:00:00","NO3N.3","M1",1979,"CMC","NTWQM",2004-06-23 12:00:00,0.3,"ISM",2,"Water",NA,3.6,"MG/L",NA,NA,NA,2017-10-27 16:36:30,NA,2,NA,1,1,"S","PARTNTID",NA,NA,4,"sample does not have an associated bay program method code"
"999",999,"LRA","ALLARM.WL","11/09/2004","12:00:00","TDS.1","M1",2049,"CMC","NTWQM",2004-11-09 12:00:00,0.3,"ISM",1,"Water",NA,390,"MG/L",NA,NA,NA,2017-10-27 16:37:48,NA,2,NA,1,1,"S","PARTNTID",NA,NA,4,"sample does not have an associated bay program method code"
"1000",999,"LRA","ALLARM.MG2","08/24/2004","12:00:00","NO3N.3","M1",2009,"CMC","NTWQM",2004-08-24 12:00:00,0.3,"ISM",2,"Water",NA,2.5,"MG/L",NA,NA,NA,2017-10-27 16:37:01,NA,2,NA,1,1,"S","PARTNTID",NA,NA,4,"sample does not have an associated bay program method code"
"1001",999,"LRA","ALLARM.MG2","10/26/2004","12:00:00","NO3N.3","M1",2035,"CMC","NTWQM",2004-10-26 12:00:00,0.3,"ISM",2,"Water",NA,2.15,"MG/L",NA,NA,NA,2017-10-27 16:37:31,NA,2,NA,1,1,"S","PARTNTID",NA,NA,4,"sample does not have an associated bay program method code"
"1002",999,"LRA","ALLARM.LT8","12/08/2004","12:00:00","NO3N.3","M1",2057,"CMC","NTWQM",2004-12-08 12:00:00,0.3,"ISM",2,"Water",NA,2.8,"MG/L",NA,NA,NA,2017-10-27 16:37:58,NA,2,NA,1,1,"S","PARTNTID",NA,NA,4,"sample does not have an associated bay program method code"
"1003",999,"LRA","ALLARM.LT9","07/20/2004","12:00:00","NO3N.3","M1",1993,"CMC","NTWQM",2004-07-20 12:00:00,0.3,"ISM",2,"Water",NA,3.3,"MG/L",NA,NA,NA,2017-10-27 16:36:44,NA,2,NA,1,1,"S","PARTNTID",NA,NA,4,"sample does not have an associated bay program method code"
"1004",999,"LRA","ALLARM.MG1","01/30/2004","12:00:00","NO3N.3","M1",1921,"CMC","NTWQM",2004-01-30 12:00:00,0.3,"ISM",2,"Water",NA,1.7,"MG/L",NA,NA,NA,2017-10-27 16:35:31,NA,2,NA,1,1,"S","PARTNTID",NA,NA,4,"sample does not have an associated bay program method code"
"1005",999,"LRA","ALLARM.LT8","07/20/2004","12:00:00","NO3N.3","M1",1992,"CMC","NTWQM",2004-07-20 12:00:00,0.3,"ISM",2,"Water",NA,3.6,"MG/L",NA,NA,NA,2017-10-27 16:36:43,NA,2,NA,1,1,"S","PARTNTID",NA,NA,4,"sample does not have an associated bay program method code"
"1006",999,"LRA","ALLARM.MG2","01/30/2004","12:00:00","TDS.1","M1",1922,"CMC","NTWQM",2004-01-30 12:00:00,0.3,"ISM",1,"Water",NA,320,"MG/L",NA,NA,NA,2017-10-27 16:35:32,NA,2,NA,1,1,"S","PARTNTID",NA,NA,4,"sample does not have an associated bay program method code"
"1007",999,"LRA","ALLARM.MG2","09/21/2004","12:00:00","NO3N.3","M1",2022,"CMC","NTWQM",2004-09-21 12:00:00,0.3,"ISM",2,"Water",NA,2.4,"MG/L",NA,NA,NA,2017-10-27 16:37:16,NA,2,NA,1,1,"S","PARTNTID",NA,NA,4,"sample does not have an associated bay program method code"
"1008",999,"LRA","ALLARM.LT8","11/09/2004","12:00:00","NO3N.3","M1",2044,"CMC","NTWQM",2004-11-09 12:00:00,0.3,"ISM",2,"Water",NA,3.7,"MG/L",NA,NA,NA,2017-10-27 16:37:42,NA,2,NA,1,1,"S","PARTNTID",NA,NA,4,"sample does not have an associated bay program method code"
"1009",999,"LRA","ALLARM.LT9","06/23/2004","12:00:00","NO3N.3","M1",1980,"CMC","NTWQM",2004-06-23 12:00:00,0.3,"ISM",2,"Water",NA,3.4,"MG/L",NA,NA,NA,2017-10-27 16:36:31,NA,2,NA,1,1,"S","PARTNTID",NA,NA,4,"sample does not have an associated bay program method code"
"1010",999,"LRA","ALLARM.MG1","03/23/2004","12:00:00","NO3N.3","M1",1945,"CMC","NTWQM",2004-03-23 12:00:00,0.3,"ISM",2,"Water",NA,2.2,"MG/L",NA,NA,NA,2017-10-27 16:35:56,NA,2,NA,1,1,"S","PARTNTID",NA,NA,4,"sample does not have an associated bay program method code"
"1011",999,"LRA","ALLARM.WL","05/04/2004","12:00:00","TDS.1","M1",1971,"CMC","NTWQM",2004-05-04 12:00:00,0.3,"ISM",1,"Water",NA,440,"MG/L",NA,NA,NA,2017-10-27 16:36:21,NA,2,NA,1,1,"S","PARTNTID",NA,NA,4,"sample does not have an associated bay program method code"
"1012",999,"LRA","ALLARM.MG1","04/13/2004","12:00:00","NO3N.3","M1",1957,"CMC","NTWQM",2004-04-13 12:00:00,0.3,"ISM",2,"Water",NA,1.35,"MG/L",NA,NA,NA,2017-10-27 16:36:08,NA,2,NA,1,1,"S","PARTNTID",NA,NA,4,"sample does not have an associated bay program method code"
"1013",999,"LRA","ALLARM.WL","11/09/2004","12:00:00","NO3N.3","M1",2049,"CMC","NTWQM",2004-11-09 12:00:00,0.3,"ISM",2,"Water",NA,1.77,"MG/L",NA,NA,NA,2017-10-27 16:37:48,NA,2,NA,1,1,"S","PARTNTID",NA,NA,4,"sample does not have an associated bay program method code"
"1014",999,"LRA","ALLARM.MG1","02/17/2004","12:00:00","NO3N.3","M1",1933,"CMC","NTWQM",2004-02-17 12:00:00,0.3,"ISM",2,"Water",NA,2,"MG/L",NA,NA,NA,2017-10-27 16:35:43,NA,2,NA,1,1,"S","PARTNTID",NA,NA,4,"sample does not have an associated bay program method code"
"1015",999,"LRA","ALLARM.MG1","05/04/2004","12:00:00","NO3N.3","M1",1969,"CMC","NTWQM",2004-05-04 12:00:00,0.3,"ISM",2,"Water",NA,2.4,"MG/L",NA,NA,NA,2017-10-27 16:36:20,NA,2,NA,1,1,"S","PARTNTID",NA,NA,4,"sample does not have an associated bay program method code"
"1016",999,"LRA","ALLARM.LT7","03/23/2004","12:00:00","TDS.1","M1",1941,"CMC","NTWQM",2004-03-23 12:00:00,0.3,"ISM",1,"Water",NA,320,"MG/L",NA,NA,NA,2017-10-27 16:35:51,NA,2,NA,1,1,"S","PARTNTID",NA,NA,4,"sample does not have an associated bay program method code"
"1017",999,"LRA","ALLARM.WL","12/08/2004","12:00:00","NO3N.3","M1",2062,"CMC","NTWQM",2004-12-08 12:00:00,0.3,"ISM",2,"Water",NA,1.2,"MG/L",NA,NA,NA,2017-10-27 16:38:05,NA,2,NA,1,1,"S","PARTNTID",NA,NA,4,"sample does not have an associated bay program method code"
"1018",999,"LRA","ALLARM.MG1","06/23/2004","12:00:00","NO3N.3","M1",1982,"CMC","NTWQM",2004-06-23 12:00:00,0.3,"ISM",2,"Water",NA,2.2,"MG/L",NA,NA,NA,2017-10-27 16:36:33,NA,2,NA,1,1,"S","PARTNTID",NA,NA,4,"sample does not have an associated bay program method code"
