"","paramMethod","SOURCE","STATION","SAMPLE_DATE","SAMPLE_TIME","paramCode","SAMPLE_ID","EventId","AGENCY","PROGRAM","DateTime","DEPTH","SAMPLE_TYPE","TIER","Matrix","QUALIFIER","VALUE","UNITS","PROBLEM","LAB","labName","modifiedDate","detLimit","qaFlag","COMMENTS","count.x","count.y","LAYER","PROJECT","SampleAnalyticalMethodIdentifier","SubstanceIdentificationName","errorCode","errorName"
"101",999,"LRA","ALLARM.LT8","12/01/1992","12:00:00","NO3N.3","M1",595,"CMC","NTWQM",1992-12-01 12:00:00,0.3,"ISM",2,"Water",NA,2.7,"MG/L",NA,NA,NA,2017-10-27 14:48:27,NA,2,NA,1,1,"S","PARTNTID",NA,NA,4,"sample does not have an associated bay program method code"
"102",999,"LRA","ALLARM.LT1","11/01/1992","12:00:00","NO3N.3","M1",578,"CMC","NTWQM",1992-11-01 12:00:00,0.3,"ISM",2,"Water",NA,2.7,"MG/L",NA,NA,NA,2017-10-27 14:42:35,NA,2,NA,1,1,"S","PARTNTID",NA,NA,4,"sample does not have an associated bay program method code"
"103",999,"LRA","ALLARM.LT10","11/01/1992","12:00:00","NO3N.3","M1",587,"CMC","NTWQM",1992-11-01 12:00:00,0.3,"ISM",2,"Water",NA,1.7,"MG/L",NA,NA,NA,2017-10-27 14:48:26,NA,2,NA,1,1,"S","PARTNTID",NA,NA,4,"sample does not have an associated bay program method code"
"104",999,"LRA","ALLARM.LT3","11/01/1992","12:00:00","NO3N.3","M1",580,"CMC","NTWQM",1992-11-01 12:00:00,0.3,"ISM",2,"Water",NA,2.2,"MG/L",NA,NA,NA,2017-10-27 14:48:23,NA,2,NA,1,1,"S","PARTNTID",NA,NA,4,"sample does not have an associated bay program method code"
"105",999,"LRA","ALLARM.LT1","11/01/1992","12:00:00","TDS.1","M1",578,"CMC","NTWQM",1992-11-01 12:00:00,0.3,"ISM",1,"Water",NA,365,"MG/L",NA,NA,NA,2017-10-27 14:42:35,NA,2,NA,1,1,"S","PARTNTID",NA,NA,4,"sample does not have an associated bay program method code"
"106",999,"LRA","ALLARM.LT6","11/01/1992","12:00:00","NO3N.3","M1",583,"CMC","NTWQM",1992-11-01 12:00:00,0.3,"ISM",2,"Water",NA,2.7,"MG/L",NA,NA,NA,2017-10-27 14:48:25,NA,2,NA,1,1,"S","PARTNTID",NA,NA,4,"sample does not have an associated bay program method code"
"107",999,"LRA","ALLARM.LT3","11/01/1992","12:00:00","TDS.1","M1",580,"CMC","NTWQM",1992-11-01 12:00:00,0.3,"ISM",1,"Water",NA,285,"MG/L",NA,NA,NA,2017-10-27 14:48:23,NA,2,NA,1,1,"S","PARTNTID",NA,NA,4,"sample does not have an associated bay program method code"
"108",999,"LRA","ALLARM.LT9","11/01/1992","12:00:00","NO3N.3","M1",586,"CMC","NTWQM",1992-11-01 12:00:00,0.3,"ISM",2,"Water",NA,2.2,"MG/L",NA,NA,NA,2017-10-27 14:48:25,NA,2,NA,1,1,"S","PARTNTID",NA,NA,4,"sample does not have an associated bay program method code"
"109",999,"LRA","ALLARM.LT1","12/01/1992","12:00:00","NO3N.3","M1",588,"CMC","NTWQM",1992-12-01 12:00:00,0.3,"ISM",2,"Water",NA,4,"MG/L",NA,NA,NA,2017-10-27 14:48:26,NA,2,NA,1,1,"S","PARTNTID",NA,NA,4,"sample does not have an associated bay program method code"
"110",999,"LRA","ALLARM.LT10","12/01/1992","12:00:00","NO3N.3","M1",597,"CMC","NTWQM",1992-12-01 12:00:00,0.3,"ISM",2,"Water",NA,3.4,"MG/L",NA,NA,NA,2017-10-27 14:48:27,NA,2,NA,1,1,"S","PARTNTID",NA,NA,4,"sample does not have an associated bay program method code"
"111",999,"LRA","ALLARM.LT3","12/01/1992","12:00:00","NO3N.3","M1",590,"CMC","NTWQM",1992-12-01 12:00:00,0.3,"ISM",2,"Water",NA,3.1,"MG/L",NA,NA,NA,2017-10-27 14:48:26,NA,2,NA,1,1,"S","PARTNTID",NA,NA,4,"sample does not have an associated bay program method code"
"112",999,"LRA","ALLARM.LT1","12/01/1992","12:00:00","TDS.1","M1",588,"CMC","NTWQM",1992-12-01 12:00:00,0.3,"ISM",1,"Water",NA,350,"MG/L",NA,NA,NA,2017-10-27 14:48:26,NA,2,NA,1,1,"S","PARTNTID",NA,NA,4,"sample does not have an associated bay program method code"
"113",999,"LRA","ALLARM.LT6","12/01/1992","12:00:00","NO3N.3","M1",593,"CMC","NTWQM",1992-12-01 12:00:00,0.3,"ISM",2,"Water",NA,2.8,"MG/L",NA,NA,NA,2017-10-27 14:48:27,NA,2,NA,1,1,"S","PARTNTID",NA,NA,4,"sample does not have an associated bay program method code"
"114",999,"LRA","ALLARM.LT3","12/01/1992","12:00:00","TDS.1","M1",590,"CMC","NTWQM",1992-12-01 12:00:00,0.3,"ISM",1,"Water",NA,273,"MG/L",NA,NA,NA,2017-10-27 14:48:26,NA,2,NA,1,1,"S","PARTNTID",NA,NA,4,"sample does not have an associated bay program method code"
"115",999,"LRA","ALLARM.LT9","12/01/1992","12:00:00","NO3N.3","M1",596,"CMC","NTWQM",1992-12-01 12:00:00,0.3,"ISM",2,"Water",NA,3.7,"MG/L",NA,NA,NA,2017-10-27 14:48:27,NA,2,NA,1,1,"S","PARTNTID",NA,NA,4,"sample does not have an associated bay program method code"
"116",999,"LRA","ALLARM.LT5","12/01/1992","12:00:00","TDS.1","M1",592,"CMC","NTWQM",1992-12-01 12:00:00,0.3,"ISM",1,"Water",NA,377,"MG/L",NA,NA,NA,2017-10-27 14:48:26,NA,2,NA,1,1,"S","PARTNTID",NA,NA,4,"sample does not have an associated bay program method code"
"117",999,"LRA","ALLARM.LT2","11/01/1992","12:00:00","NO3N.3","M1",579,"CMC","NTWQM",1992-11-01 12:00:00,0.3,"ISM",2,"Water",NA,2.3,"MG/L",NA,NA,NA,2017-10-27 14:48:23,NA,2,NA,1,1,"S","PARTNTID",NA,NA,4,"sample does not have an associated bay program method code"
"118",999,"LRA","ALLARM.LT4","11/01/1992","12:00:00","NO3N.3","M1",581,"CMC","NTWQM",1992-11-01 12:00:00,0.3,"ISM",2,"Water",NA,2.5,"MG/L",NA,NA,NA,2017-10-27 14:48:24,NA,2,NA,1,1,"S","PARTNTID",NA,NA,4,"sample does not have an associated bay program method code"
"119",999,"LRA","ALLARM.LT10","11/01/1992","12:00:00","TDS.1","M1",587,"CMC","NTWQM",1992-11-01 12:00:00,0.3,"ISM",1,"Water",NA,360,"MG/L",NA,NA,NA,2017-10-27 14:48:26,NA,2,NA,1,1,"S","PARTNTID",NA,NA,4,"sample does not have an associated bay program method code"
"120",999,"LRA","ALLARM.LT7","11/01/1992","12:00:00","NO3N.3","M1",584,"CMC","NTWQM",1992-11-01 12:00:00,0.3,"ISM",2,"Water",NA,2.5,"MG/L",NA,NA,NA,2017-10-27 14:48:25,NA,2,NA,1,1,"S","PARTNTID",NA,NA,4,"sample does not have an associated bay program method code"
"121",999,"LRA","ALLARM.LT4","11/01/1992","12:00:00","TDS.1","M1",581,"CMC","NTWQM",1992-11-01 12:00:00,0.3,"ISM",1,"Water",NA,330,"MG/L",NA,NA,NA,2017-10-27 14:48:24,NA,2,NA,1,1,"S","PARTNTID",NA,NA,4,"sample does not have an associated bay program method code"
"122",999,"LRA","ALLARM.LT5","11/01/1992","12:00:00","TDS.1","M1",582,"CMC","NTWQM",1992-11-01 12:00:00,0.3,"ISM",1,"Water",NA,315,"MG/L",NA,NA,NA,2017-10-27 14:48:24,NA,2,NA,1,1,"S","PARTNTID",NA,NA,4,"sample does not have an associated bay program method code"
"123",999,"LRA","ALLARM.LT6","11/01/1992","12:00:00","TDS.1","M1",583,"CMC","NTWQM",1992-11-01 12:00:00,0.3,"ISM",1,"Water",NA,312,"MG/L",NA,NA,NA,2017-10-27 14:48:25,NA,2,NA,1,1,"S","PARTNTID",NA,NA,4,"sample does not have an associated bay program method code"
"124",999,"LRA","ALLARM.LT2","12/01/1992","12:00:00","NO3N.3","M1",589,"CMC","NTWQM",1992-12-01 12:00:00,0.3,"ISM",2,"Water",NA,3.6,"MG/L",NA,NA,NA,2017-10-27 14:48:26,NA,2,NA,1,1,"S","PARTNTID",NA,NA,4,"sample does not have an associated bay program method code"
"125",999,"LRA","ALLARM.LT4","12/01/1992","12:00:00","NO3N.3","M1",591,"CMC","NTWQM",1992-12-01 12:00:00,0.3,"ISM",2,"Water",NA,3,"MG/L",NA,NA,NA,2017-10-27 14:48:26,NA,2,NA,1,1,"S","PARTNTID",NA,NA,4,"sample does not have an associated bay program method code"
"126",999,"LRA","ALLARM.LT10","12/01/1992","12:00:00","TDS.1","M1",597,"CMC","NTWQM",1992-12-01 12:00:00,0.3,"ISM",1,"Water",NA,442,"MG/L",NA,NA,NA,2017-10-27 14:48:27,NA,2,NA,1,1,"S","PARTNTID",NA,NA,4,"sample does not have an associated bay program method code"
"127",999,"LRA","ALLARM.LT7","12/01/1992","12:00:00","NO3N.3","M1",594,"CMC","NTWQM",1992-12-01 12:00:00,0.3,"ISM",2,"Water",NA,3,"MG/L",NA,NA,NA,2017-10-27 14:48:27,NA,2,NA,1,1,"S","PARTNTID",NA,NA,4,"sample does not have an associated bay program method code"
"128",999,"LRA","ALLARM.LT4","12/01/1992","12:00:00","TDS.1","M1",591,"CMC","NTWQM",1992-12-01 12:00:00,0.3,"ISM",1,"Water",NA,373,"MG/L",NA,NA,NA,2017-10-27 14:48:26,NA,2,NA,1,1,"S","PARTNTID",NA,NA,4,"sample does not have an associated bay program method code"
"129",999,"LRA","ALLARM.LT2","11/01/1992","12:00:00","TDS.1","M1",579,"CMC","NTWQM",1992-11-01 12:00:00,0.3,"ISM",1,"Water",NA,345,"MG/L",NA,NA,NA,2017-10-27 14:48:23,NA,2,NA,1,1,"S","PARTNTID",NA,NA,4,"sample does not have an associated bay program method code"
"130",999,"LRA","ALLARM.LT6","12/01/1992","12:00:00","TDS.1","M1",593,"CMC","NTWQM",1992-12-01 12:00:00,0.3,"ISM",1,"Water",NA,377,"MG/L",NA,NA,NA,2017-10-27 14:48:27,NA,2,NA,1,1,"S","PARTNTID",NA,NA,4,"sample does not have an associated bay program method code"
"131",999,"LRA","ALLARM.LT8","12/01/1992","12:00:00","TDS.1","M1",595,"CMC","NTWQM",1992-12-01 12:00:00,0.3,"ISM",1,"Water",NA,440,"MG/L",NA,NA,NA,2017-10-27 14:48:27,NA,2,NA,1,1,"S","PARTNTID",NA,NA,4,"sample does not have an associated bay program method code"
"132",999,"LRA","ALLARM.LT5","11/01/1992","12:00:00","NO3N.3","M1",582,"CMC","NTWQM",1992-11-01 12:00:00,0.3,"ISM",2,"Water",NA,2.1,"MG/L",NA,NA,NA,2017-10-27 14:48:24,NA,2,NA,1,1,"S","PARTNTID",NA,NA,4,"sample does not have an associated bay program method code"
"133",999,"LRA","ALLARM.LT7","11/01/1992","12:00:00","TDS.1","M1",584,"CMC","NTWQM",1992-11-01 12:00:00,0.3,"ISM",1,"Water",NA,350,"MG/L",NA,NA,NA,2017-10-27 14:48:25,NA,2,NA,1,1,"S","PARTNTID",NA,NA,4,"sample does not have an associated bay program method code"
"134",999,"LRA","ALLARM.LT8","11/01/1992","12:00:00","NO3N.3","M1",585,"CMC","NTWQM",1992-11-01 12:00:00,0.3,"ISM",2,"Water",NA,2,"MG/L",NA,NA,NA,2017-10-27 14:48:25,NA,2,NA,1,1,"S","PARTNTID",NA,NA,4,"sample does not have an associated bay program method code"
"135",999,"LRA","ALLARM.LT5","12/01/1992","12:00:00","NO3N.3","M1",592,"CMC","NTWQM",1992-12-01 12:00:00,0.3,"ISM",2,"Water",NA,3,"MG/L",NA,NA,NA,2017-10-27 14:48:26,NA,2,NA,1,1,"S","PARTNTID",NA,NA,4,"sample does not have an associated bay program method code"
"136",999,"LRA","ALLARM.LT2","12/01/1992","12:00:00","TDS.1","M1",589,"CMC","NTWQM",1992-12-01 12:00:00,0.3,"ISM",1,"Water",NA,293,"MG/L",NA,NA,NA,2017-10-27 14:48:26,NA,2,NA,1,1,"S","PARTNTID",NA,NA,4,"sample does not have an associated bay program method code"
"137",999,"LRA","ALLARM.LT9","12/01/1992","12:00:00","TDS.1","M1",596,"CMC","NTWQM",1992-12-01 12:00:00,0.3,"ISM",1,"Water",NA,430,"MG/L",NA,NA,NA,2017-10-27 14:48:27,NA,2,NA,1,1,"S","PARTNTID",NA,NA,4,"sample does not have an associated bay program method code"
"138",999,"LRA","ALLARM.LT9","11/01/1992","12:00:00","TDS.1","M1",586,"CMC","NTWQM",1992-11-01 12:00:00,0.3,"ISM",1,"Water",NA,350,"MG/L",NA,NA,NA,2017-10-27 14:48:25,NA,2,NA,1,1,"S","PARTNTID",NA,NA,4,"sample does not have an associated bay program method code"
"139",999,"LRA","ALLARM.LT8","11/01/1992","12:00:00","TDS.1","M1",585,"CMC","NTWQM",1992-11-01 12:00:00,0.3,"ISM",1,"Water",NA,390,"MG/L",NA,NA,NA,2017-10-27 14:48:25,NA,2,NA,1,1,"S","PARTNTID",NA,NA,4,"sample does not have an associated bay program method code"
"140",999,"LRA","ALLARM.LT7","12/01/1992","12:00:00","TDS.1","M1",594,"CMC","NTWQM",1992-12-01 12:00:00,0.3,"ISM",1,"Water",NA,397,"MG/L",NA,NA,NA,2017-10-27 14:48:27,NA,2,NA,1,1,"S","PARTNTID",NA,NA,4,"sample does not have an associated bay program method code"
