"","paramMethod","SOURCE","STATION","SAMPLE_DATE","SAMPLE_TIME","paramCode","SAMPLE_ID","EventId","AGENCY","PROGRAM","DateTime","DEPTH","SAMPLE_TYPE","TIER","Matrix","QUALIFIER","VALUE","UNITS","PROBLEM","LAB","labName","modifiedDate","detLimit","qaFlag","COMMENTS","count.x","count.y","LAYER","PROJECT","SampleAnalyticalMethodIdentifier","SubstanceIdentificationName","errorCode","errorName"
"436",999,"LRA","ALLARM.LT10","10/01/1995","12:00:00","NO3N.3","M1",927,"CMC","NTWQM",1995-10-01 12:00:00,0.3,"ISM",2,"Water",NA,2.9,"MG/L",NA,NA,NA,2017-10-27 14:53:08,NA,2,NA,1,1,"S","PARTNTID",NA,NA,4,"sample does not have an associated bay program method code"
"437",999,"LRA","ALLARM.LT1","01/01/1995","12:00:00","NO3N.3","M1",828,"CMC","NTWQM",1995-01-01 12:00:00,0.3,"ISM",2,"Water",NA,2.1,"MG/L",NA,NA,NA,2017-10-27 14:51:12,NA,2,NA,1,1,"S","PARTNTID",NA,NA,4,"sample does not have an associated bay program method code"
"438",999,"LRA","ALLARM.LT6","02/01/1995","12:00:00","TDS.1","M1",843,"CMC","NTWQM",1995-02-01 12:00:00,0.3,"ISM",1,"Water",NA,350,"MG/L",NA,NA,NA,2017-10-27 14:51:27,NA,2,NA,1,1,"S","PARTNTID",NA,NA,4,"sample does not have an associated bay program method code"
"439",999,"LRA","ALLARM.LT10","10/01/1995","12:00:00","TDS.1","M1",927,"CMC","NTWQM",1995-10-01 12:00:00,0.3,"ISM",1,"Water",NA,400,"MG/L",NA,NA,NA,2017-10-27 14:53:08,NA,2,NA,1,1,"S","PARTNTID",NA,NA,4,"sample does not have an associated bay program method code"
"440",999,"LRA","ALLARM.LT1","01/01/1995","12:00:00","TDS.1","M1",828,"CMC","NTWQM",1995-01-01 12:00:00,0.3,"ISM",1,"Water",NA,320,"MG/L",NA,NA,NA,2017-10-27 14:51:12,NA,2,NA,1,1,"S","PARTNTID",NA,NA,4,"sample does not have an associated bay program method code"
"441",999,"LRA","ALLARM.LT6","03/01/1995","12:00:00","NO3N.3","M1",853,"CMC","NTWQM",1995-03-01 12:00:00,0.3,"ISM",2,"Water",NA,3,"MG/L",NA,NA,NA,2017-10-27 14:51:39,NA,2,NA,1,1,"S","PARTNTID",NA,NA,4,"sample does not have an associated bay program method code"
"442",999,"LRA","ALLARM.LT10","11/01/1995","12:00:00","NO3N.3","M1",937,"CMC","NTWQM",1995-11-01 12:00:00,0.3,"ISM",2,"Water",NA,2.7,"MG/L",NA,NA,NA,2017-10-27 14:53:20,NA,2,NA,1,1,"S","PARTNTID",NA,NA,4,"sample does not have an associated bay program method code"
"443",999,"LRA","ALLARM.LT1","02/01/1995","12:00:00","NO3N.3","M1",838,"CMC","NTWQM",1995-02-01 12:00:00,0.3,"ISM",2,"Water",NA,2,"MG/L",NA,NA,NA,2017-10-27 14:51:22,NA,2,NA,1,1,"S","PARTNTID",NA,NA,4,"sample does not have an associated bay program method code"
"444",999,"LRA","ALLARM.LT10","11/01/1995","12:00:00","TDS.1","M1",937,"CMC","NTWQM",1995-11-01 12:00:00,0.3,"ISM",1,"Water",NA,380,"MG/L",NA,NA,NA,2017-10-27 14:53:20,NA,2,NA,1,1,"S","PARTNTID",NA,NA,4,"sample does not have an associated bay program method code"
"445",999,"LRA","ALLARM.LT5","08/01/1995","12:00:00","NO3N.3","M1",902,"CMC","NTWQM",1995-08-01 12:00:00,0.3,"ISM",2,"Water",NA,2.6,"MG/L",NA,NA,NA,2017-10-27 14:52:36,NA,2,NA,1,1,"S","PARTNTID",NA,NA,4,"sample does not have an associated bay program method code"
"446",999,"LRA","ALLARM.LT1","02/01/1995","12:00:00","TDS.1","M1",838,"CMC","NTWQM",1995-02-01 12:00:00,0.3,"ISM",1,"Water",NA,320,"MG/L",NA,NA,NA,2017-10-27 14:51:22,NA,2,NA,1,1,"S","PARTNTID",NA,NA,4,"sample does not have an associated bay program method code"
"447",999,"LRA","ALLARM.LT2","01/01/1995","12:00:00","NO3N.3","M1",829,"CMC","NTWQM",1995-01-01 12:00:00,0.3,"ISM",2,"Water",NA,2.2,"MG/L",NA,NA,NA,2017-10-27 14:51:13,NA,2,NA,1,1,"S","PARTNTID",NA,NA,4,"sample does not have an associated bay program method code"
"448",999,"LRA","ALLARM.LT5","08/01/1995","12:00:00","TDS.1","M1",902,"CMC","NTWQM",1995-08-01 12:00:00,0.3,"ISM",1,"Water",NA,330,"MG/L",NA,NA,NA,2017-10-27 14:52:36,NA,2,NA,1,1,"S","PARTNTID",NA,NA,4,"sample does not have an associated bay program method code"
"449",999,"LRA","ALLARM.LT1","03/01/1995","12:00:00","NO3N.3","M1",848,"CMC","NTWQM",1995-03-01 12:00:00,0.3,"ISM",2,"Water",NA,2.5,"MG/L",NA,NA,NA,2017-10-27 14:51:33,NA,2,NA,1,1,"S","PARTNTID",NA,NA,4,"sample does not have an associated bay program method code"
"450",999,"LRA","ALLARM.LT2","01/01/1995","12:00:00","TDS.1","M1",829,"CMC","NTWQM",1995-01-01 12:00:00,0.3,"ISM",1,"Water",NA,330,"MG/L",NA,NA,NA,2017-10-27 14:51:13,NA,2,NA,1,1,"S","PARTNTID",NA,NA,4,"sample does not have an associated bay program method code"
"451",999,"LRA","ALLARM.LT5","09/01/1995","12:00:00","NO3N.3","M1",912,"CMC","NTWQM",1995-09-01 12:00:00,0.3,"ISM",2,"Water",NA,2.5,"MG/L",NA,NA,NA,2017-10-27 14:52:49,NA,2,NA,1,1,"S","PARTNTID",NA,NA,4,"sample does not have an associated bay program method code"
"452",999,"LRA","ALLARM.LT1","03/01/1995","12:00:00","TDS.1","M1",848,"CMC","NTWQM",1995-03-01 12:00:00,0.3,"ISM",1,"Water",NA,340,"MG/L",NA,NA,NA,2017-10-27 14:51:33,NA,2,NA,1,1,"S","PARTNTID",NA,NA,4,"sample does not have an associated bay program method code"
"453",999,"LRA","ALLARM.LT2","02/01/1995","12:00:00","NO3N.3","M1",839,"CMC","NTWQM",1995-02-01 12:00:00,0.3,"ISM",2,"Water",NA,2.1,"MG/L",NA,NA,NA,2017-10-27 14:51:23,NA,2,NA,1,1,"S","PARTNTID",NA,NA,4,"sample does not have an associated bay program method code"
"454",999,"LRA","ALLARM.LT5","09/01/1995","12:00:00","TDS.1","M1",912,"CMC","NTWQM",1995-09-01 12:00:00,0.3,"ISM",1,"Water",NA,320,"MG/L",NA,NA,NA,2017-10-27 14:52:49,NA,2,NA,1,1,"S","PARTNTID",NA,NA,4,"sample does not have an associated bay program method code"
"455",999,"LRA","ALLARM.LT1","04/01/1995","12:00:00","NO3N.3","M1",858,"CMC","NTWQM",1995-04-01 12:00:00,0.3,"ISM",2,"Water",NA,3,"MG/L",NA,NA,NA,2017-10-27 14:51:45,NA,2,NA,1,1,"S","PARTNTID",NA,NA,4,"sample does not have an associated bay program method code"
"456",999,"LRA","ALLARM.LT2","02/01/1995","12:00:00","TDS.1","M1",839,"CMC","NTWQM",1995-02-01 12:00:00,0.3,"ISM",1,"Water",NA,340,"MG/L",NA,NA,NA,2017-10-27 14:51:23,NA,2,NA,1,1,"S","PARTNTID",NA,NA,4,"sample does not have an associated bay program method code"
"457",999,"LRA","ALLARM.LT5","10/01/1995","12:00:00","NO3N.3","M1",922,"CMC","NTWQM",1995-10-01 12:00:00,0.3,"ISM",2,"Water",NA,2.4,"MG/L",NA,NA,NA,2017-10-27 14:53:01,NA,2,NA,1,1,"S","PARTNTID",NA,NA,4,"sample does not have an associated bay program method code"
"458",999,"LRA","ALLARM.LT1","04/01/1995","12:00:00","TDS.1","M1",858,"CMC","NTWQM",1995-04-01 12:00:00,0.3,"ISM",1,"Water",NA,310,"MG/L",NA,NA,NA,2017-10-27 14:51:45,NA,2,NA,1,1,"S","PARTNTID",NA,NA,4,"sample does not have an associated bay program method code"
"459",999,"LRA","ALLARM.LT2","03/01/1995","12:00:00","NO3N.3","M1",849,"CMC","NTWQM",1995-03-01 12:00:00,0.3,"ISM",2,"Water",NA,2.5,"MG/L",NA,NA,NA,2017-10-27 14:51:34,NA,2,NA,1,1,"S","PARTNTID",NA,NA,4,"sample does not have an associated bay program method code"
"460",999,"LRA","ALLARM.LT5","10/01/1995","12:00:00","TDS.1","M1",922,"CMC","NTWQM",1995-10-01 12:00:00,0.3,"ISM",1,"Water",NA,330,"MG/L",NA,NA,NA,2017-10-27 14:53:01,NA,2,NA,1,1,"S","PARTNTID",NA,NA,4,"sample does not have an associated bay program method code"
"461",999,"LRA","ALLARM.LT1","05/01/1995","12:00:00","NO3N.3","M1",868,"CMC","NTWQM",1995-05-01 12:00:00,0.3,"ISM",2,"Water",NA,2.2,"MG/L",NA,NA,NA,2017-10-27 14:51:56,NA,2,NA,1,1,"S","PARTNTID",NA,NA,4,"sample does not have an associated bay program method code"
"462",999,"LRA","ALLARM.LT2","03/01/1995","12:00:00","TDS.1","M1",849,"CMC","NTWQM",1995-03-01 12:00:00,0.3,"ISM",1,"Water",NA,290,"MG/L",NA,NA,NA,2017-10-27 14:51:34,NA,2,NA,1,1,"S","PARTNTID",NA,NA,4,"sample does not have an associated bay program method code"
"463",999,"LRA","ALLARM.LT5","11/01/1995","12:00:00","NO3N.3","M1",932,"CMC","NTWQM",1995-11-01 12:00:00,0.3,"ISM",2,"Water",NA,2.3,"MG/L",NA,NA,NA,2017-10-27 14:53:14,NA,2,NA,1,1,"S","PARTNTID",NA,NA,4,"sample does not have an associated bay program method code"
"464",999,"LRA","ALLARM.LT1","05/01/1995","12:00:00","TDS.1","M1",868,"CMC","NTWQM",1995-05-01 12:00:00,0.3,"ISM",1,"Water",NA,300,"MG/L",NA,NA,NA,2017-10-27 14:51:56,NA,2,NA,1,1,"S","PARTNTID",NA,NA,4,"sample does not have an associated bay program method code"
"465",999,"LRA","ALLARM.LT2","04/01/1995","12:00:00","NO3N.3","M1",859,"CMC","NTWQM",1995-04-01 12:00:00,0.3,"ISM",2,"Water",NA,3.2,"MG/L",NA,NA,NA,2017-10-27 14:51:46,NA,2,NA,1,1,"S","PARTNTID",NA,NA,4,"sample does not have an associated bay program method code"
"466",999,"LRA","ALLARM.LT5","11/01/1995","12:00:00","TDS.1","M1",932,"CMC","NTWQM",1995-11-01 12:00:00,0.3,"ISM",1,"Water",NA,320,"MG/L",NA,NA,NA,2017-10-27 14:53:14,NA,2,NA,1,1,"S","PARTNTID",NA,NA,4,"sample does not have an associated bay program method code"
"467",999,"LRA","ALLARM.LT1","06/01/1995","12:00:00","NO3N.3","M1",878,"CMC","NTWQM",1995-06-01 12:00:00,0.3,"ISM",2,"Water",NA,2.8,"MG/L",NA,NA,NA,2017-10-27 14:52:08,NA,2,NA,1,1,"S","PARTNTID",NA,NA,4,"sample does not have an associated bay program method code"
"468",999,"LRA","ALLARM.LT2","04/01/1995","12:00:00","TDS.1","M1",859,"CMC","NTWQM",1995-04-01 12:00:00,0.3,"ISM",1,"Water",NA,350,"MG/L",NA,NA,NA,2017-10-27 14:51:46,NA,2,NA,1,1,"S","PARTNTID",NA,NA,4,"sample does not have an associated bay program method code"
"469",999,"LRA","ALLARM.LT6","01/01/1995","12:00:00","NO3N.3","M1",833,"CMC","NTWQM",1995-01-01 12:00:00,0.3,"ISM",2,"Water",NA,2.4,"MG/L",NA,NA,NA,2017-10-27 14:51:17,NA,2,NA,1,1,"S","PARTNTID",NA,NA,4,"sample does not have an associated bay program method code"
"470",999,"LRA","ALLARM.LT1","06/01/1995","12:00:00","TDS.1","M1",878,"CMC","NTWQM",1995-06-01 12:00:00,0.3,"ISM",1,"Water",NA,290,"MG/L",NA,NA,NA,2017-10-27 14:52:08,NA,2,NA,1,1,"S","PARTNTID",NA,NA,4,"sample does not have an associated bay program method code"
"471",999,"LRA","ALLARM.LT2","05/01/1995","12:00:00","NO3N.3","M1",869,"CMC","NTWQM",1995-05-01 12:00:00,0.3,"ISM",2,"Water",NA,2.1,"MG/L",NA,NA,NA,2017-10-27 14:51:57,NA,2,NA,1,1,"S","PARTNTID",NA,NA,4,"sample does not have an associated bay program method code"
"472",999,"LRA","ALLARM.LT6","01/01/1995","12:00:00","TDS.1","M1",833,"CMC","NTWQM",1995-01-01 12:00:00,0.3,"ISM",1,"Water",NA,360,"MG/L",NA,NA,NA,2017-10-27 14:51:17,NA,2,NA,1,1,"S","PARTNTID",NA,NA,4,"sample does not have an associated bay program method code"
"473",999,"LRA","ALLARM.LT1","07/01/1995","12:00:00","NO3N.3","M1",888,"CMC","NTWQM",1995-07-01 12:00:00,0.3,"ISM",2,"Water",NA,2.7,"MG/L",NA,NA,NA,2017-10-27 14:52:19,NA,2,NA,1,1,"S","PARTNTID",NA,NA,4,"sample does not have an associated bay program method code"
"474",999,"LRA","ALLARM.LT2","05/01/1995","12:00:00","TDS.1","M1",869,"CMC","NTWQM",1995-05-01 12:00:00,0.3,"ISM",1,"Water",NA,310,"MG/L",NA,NA,NA,2017-10-27 14:51:57,NA,2,NA,1,1,"S","PARTNTID",NA,NA,4,"sample does not have an associated bay program method code"
"475",999,"LRA","ALLARM.LT6","02/01/1995","12:00:00","NO3N.3","M1",843,"CMC","NTWQM",1995-02-01 12:00:00,0.3,"ISM",2,"Water",NA,2.5,"MG/L",NA,NA,NA,2017-10-27 14:51:27,NA,2,NA,1,1,"S","PARTNTID",NA,NA,4,"sample does not have an associated bay program method code"
"476",999,"LRA","ALLARM.LT1","07/01/1995","12:00:00","TDS.1","M1",888,"CMC","NTWQM",1995-07-01 12:00:00,0.3,"ISM",1,"Water",NA,300,"MG/L",NA,NA,NA,2017-10-27 14:52:19,NA,2,NA,1,1,"S","PARTNTID",NA,NA,4,"sample does not have an associated bay program method code"
"477",999,"LRA","ALLARM.LT2","06/01/1995","12:00:00","NO3N.3","M1",879,"CMC","NTWQM",1995-06-01 12:00:00,0.3,"ISM",2,"Water",NA,3,"MG/L",NA,NA,NA,2017-10-27 14:52:09,NA,2,NA,1,1,"S","PARTNTID",NA,NA,4,"sample does not have an associated bay program method code"
"478",999,"LRA","ALLARM.LT10","03/01/1995","12:00:00","TDS.1","M1",857,"CMC","NTWQM",1995-03-01 12:00:00,0.3,"ISM",1,"Water",NA,450,"MG/L",NA,NA,NA,2017-10-27 14:51:43,NA,2,NA,1,1,"S","PARTNTID",NA,NA,4,"sample does not have an associated bay program method code"
"479",999,"LRA","ALLARM.LT1","08/01/1995","12:00:00","NO3N.3","M1",898,"CMC","NTWQM",1995-08-01 12:00:00,0.3,"ISM",2,"Water",NA,2.6,"MG/L",NA,NA,NA,2017-10-27 14:52:31,NA,2,NA,1,1,"S","PARTNTID",NA,NA,4,"sample does not have an associated bay program method code"
"480",999,"LRA","ALLARM.LT2","06/01/1995","12:00:00","TDS.1","M1",879,"CMC","NTWQM",1995-06-01 12:00:00,0.3,"ISM",1,"Water",NA,300,"MG/L",NA,NA,NA,2017-10-27 14:52:09,NA,2,NA,1,1,"S","PARTNTID",NA,NA,4,"sample does not have an associated bay program method code"
"481",999,"LRA","ALLARM.LT10","04/01/1995","12:00:00","NO3N.3","M1",867,"CMC","NTWQM",1995-04-01 12:00:00,0.3,"ISM",2,"Water",NA,3.7,"MG/L",NA,NA,NA,2017-10-27 14:51:55,NA,2,NA,1,1,"S","PARTNTID",NA,NA,4,"sample does not have an associated bay program method code"
"482",999,"LRA","ALLARM.LT1","08/01/1995","12:00:00","TDS.1","M1",898,"CMC","NTWQM",1995-08-01 12:00:00,0.3,"ISM",1,"Water",NA,300,"MG/L",NA,NA,NA,2017-10-27 14:52:31,NA,2,NA,1,1,"S","PARTNTID",NA,NA,4,"sample does not have an associated bay program method code"
"483",999,"LRA","ALLARM.LT2","07/01/1995","12:00:00","NO3N.3","M1",889,"CMC","NTWQM",1995-07-01 12:00:00,0.3,"ISM",2,"Water",NA,2.9,"MG/L",NA,NA,NA,2017-10-27 14:52:21,NA,2,NA,1,1,"S","PARTNTID",NA,NA,4,"sample does not have an associated bay program method code"
"484",999,"LRA","ALLARM.LT6","03/01/1995","12:00:00","TDS.1","M1",853,"CMC","NTWQM",1995-03-01 12:00:00,0.3,"ISM",1,"Water",NA,390,"MG/L",NA,NA,NA,2017-10-27 14:51:39,NA,2,NA,1,1,"S","PARTNTID",NA,NA,4,"sample does not have an associated bay program method code"
"485",999,"LRA","ALLARM.LT1","09/01/1995","12:00:00","NO3N.3","M1",908,"CMC","NTWQM",1995-09-01 12:00:00,0.3,"ISM",2,"Water",NA,2.1,"MG/L",NA,NA,NA,2017-10-27 14:52:44,NA,2,NA,1,1,"S","PARTNTID",NA,NA,4,"sample does not have an associated bay program method code"
"486",999,"LRA","ALLARM.LT2","07/01/1995","12:00:00","TDS.1","M1",889,"CMC","NTWQM",1995-07-01 12:00:00,0.3,"ISM",1,"Water",NA,320,"MG/L",NA,NA,NA,2017-10-27 14:52:21,NA,2,NA,1,1,"S","PARTNTID",NA,NA,4,"sample does not have an associated bay program method code"
"487",999,"LRA","ALLARM.LT6","04/01/1995","12:00:00","NO3N.3","M1",863,"CMC","NTWQM",1995-04-01 12:00:00,0.3,"ISM",2,"Water",NA,3.4,"MG/L",NA,NA,NA,2017-10-27 14:51:50,NA,2,NA,1,1,"S","PARTNTID",NA,NA,4,"sample does not have an associated bay program method code"
"488",999,"LRA","ALLARM.LT1","09/01/1995","12:00:00","TDS.1","M1",908,"CMC","NTWQM",1995-09-01 12:00:00,0.3,"ISM",1,"Water",NA,310,"MG/L",NA,NA,NA,2017-10-27 14:52:44,NA,2,NA,1,1,"S","PARTNTID",NA,NA,4,"sample does not have an associated bay program method code"
"489",999,"LRA","ALLARM.LT2","08/01/1995","12:00:00","NO3N.3","M1",899,"CMC","NTWQM",1995-08-01 12:00:00,0.3,"ISM",2,"Water",NA,2.7,"MG/L",NA,NA,NA,2017-10-27 14:52:33,NA,2,NA,1,1,"S","PARTNTID",NA,NA,4,"sample does not have an associated bay program method code"
"490",999,"LRA","ALLARM.LT6","04/01/1995","12:00:00","TDS.1","M1",863,"CMC","NTWQM",1995-04-01 12:00:00,0.3,"ISM",1,"Water",NA,360,"MG/L",NA,NA,NA,2017-10-27 14:51:50,NA,2,NA,1,1,"S","PARTNTID",NA,NA,4,"sample does not have an associated bay program method code"
"491",999,"LRA","ALLARM.LT1","10/01/1995","12:00:00","NO3N.3","M1",918,"CMC","NTWQM",1995-10-01 12:00:00,0.3,"ISM",2,"Water",NA,2,"MG/L",NA,NA,NA,2017-10-27 14:52:56,NA,2,NA,1,1,"S","PARTNTID",NA,NA,4,"sample does not have an associated bay program method code"
"492",999,"LRA","ALLARM.LT2","08/01/1995","12:00:00","TDS.1","M1",899,"CMC","NTWQM",1995-08-01 12:00:00,0.3,"ISM",1,"Water",NA,310,"MG/L",NA,NA,NA,2017-10-27 14:52:33,NA,2,NA,1,1,"S","PARTNTID",NA,NA,4,"sample does not have an associated bay program method code"
"493",999,"LRA","ALLARM.LT6","05/01/1995","12:00:00","NO3N.3","M1",873,"CMC","NTWQM",1995-05-01 12:00:00,0.3,"ISM",2,"Water",NA,3.1,"MG/L",NA,NA,NA,2017-10-27 14:52:02,NA,2,NA,1,1,"S","PARTNTID",NA,NA,4,"sample does not have an associated bay program method code"
"494",999,"LRA","ALLARM.LT1","10/01/1995","12:00:00","TDS.1","M1",918,"CMC","NTWQM",1995-10-01 12:00:00,0.3,"ISM",1,"Water",NA,320,"MG/L",NA,NA,NA,2017-10-27 14:52:56,NA,2,NA,1,1,"S","PARTNTID",NA,NA,4,"sample does not have an associated bay program method code"
"495",999,"LRA","ALLARM.LT2","09/01/1995","12:00:00","NO3N.3","M1",909,"CMC","NTWQM",1995-09-01 12:00:00,0.3,"ISM",2,"Water",NA,2.5,"MG/L",NA,NA,NA,2017-10-27 14:52:45,NA,2,NA,1,1,"S","PARTNTID",NA,NA,4,"sample does not have an associated bay program method code"
"496",999,"LRA","ALLARM.LT6","05/01/1995","12:00:00","TDS.1","M1",873,"CMC","NTWQM",1995-05-01 12:00:00,0.3,"ISM",1,"Water",NA,350,"MG/L",NA,NA,NA,2017-10-27 14:52:02,NA,2,NA,1,1,"S","PARTNTID",NA,NA,4,"sample does not have an associated bay program method code"
"497",999,"LRA","ALLARM.LT1","11/01/1995","12:00:00","NO3N.3","M1",928,"CMC","NTWQM",1995-11-01 12:00:00,0.3,"ISM",2,"Water",NA,2,"MG/L",NA,NA,NA,2017-10-27 14:53:09,NA,2,NA,1,1,"S","PARTNTID",NA,NA,4,"sample does not have an associated bay program method code"
"498",999,"LRA","ALLARM.LT2","09/01/1995","12:00:00","TDS.1","M1",909,"CMC","NTWQM",1995-09-01 12:00:00,0.3,"ISM",1,"Water",NA,320,"MG/L",NA,NA,NA,2017-10-27 14:52:45,NA,2,NA,1,1,"S","PARTNTID",NA,NA,4,"sample does not have an associated bay program method code"
"499",999,"LRA","ALLARM.LT6","06/01/1995","12:00:00","NO3N.3","M1",883,"CMC","NTWQM",1995-06-01 12:00:00,0.3,"ISM",2,"Water",NA,3,"MG/L",NA,NA,NA,2017-10-27 14:52:13,NA,2,NA,1,1,"S","PARTNTID",NA,NA,4,"sample does not have an associated bay program method code"
"500",999,"LRA","ALLARM.LT1","11/01/1995","12:00:00","TDS.1","M1",928,"CMC","NTWQM",1995-11-01 12:00:00,0.3,"ISM",1,"Water",NA,310,"MG/L",NA,NA,NA,2017-10-27 14:53:09,NA,2,NA,1,1,"S","PARTNTID",NA,NA,4,"sample does not have an associated bay program method code"
"501",999,"LRA","ALLARM.LT2","10/01/1995","12:00:00","NO3N.3","M1",919,"CMC","NTWQM",1995-10-01 12:00:00,0.3,"ISM",2,"Water",NA,2.1,"MG/L",NA,NA,NA,2017-10-27 14:52:57,NA,2,NA,1,1,"S","PARTNTID",NA,NA,4,"sample does not have an associated bay program method code"
"502",999,"LRA","ALLARM.LT6","06/01/1995","12:00:00","TDS.1","M1",883,"CMC","NTWQM",1995-06-01 12:00:00,0.3,"ISM",1,"Water",NA,340,"MG/L",NA,NA,NA,2017-10-27 14:52:13,NA,2,NA,1,1,"S","PARTNTID",NA,NA,4,"sample does not have an associated bay program method code"
"503",999,"LRA","ALLARM.LT10","01/01/1995","12:00:00","NO3N.3","M1",837,"CMC","NTWQM",1995-01-01 12:00:00,0.3,"ISM",2,"Water",NA,2.6,"MG/L",NA,NA,NA,2017-10-27 14:51:21,NA,2,NA,1,1,"S","PARTNTID",NA,NA,4,"sample does not have an associated bay program method code"
"504",999,"LRA","ALLARM.LT2","10/01/1995","12:00:00","TDS.1","M1",919,"CMC","NTWQM",1995-10-01 12:00:00,0.3,"ISM",1,"Water",NA,320,"MG/L",NA,NA,NA,2017-10-27 14:52:57,NA,2,NA,1,1,"S","PARTNTID",NA,NA,4,"sample does not have an associated bay program method code"
"505",999,"LRA","ALLARM.LT6","07/01/1995","12:00:00","NO3N.3","M1",893,"CMC","NTWQM",1995-07-01 12:00:00,0.3,"ISM",2,"Water",NA,2.9,"MG/L",NA,NA,NA,2017-10-27 14:52:25,NA,2,NA,1,1,"S","PARTNTID",NA,NA,4,"sample does not have an associated bay program method code"
"506",999,"LRA","ALLARM.LT10","01/01/1995","12:00:00","TDS.1","M1",837,"CMC","NTWQM",1995-01-01 12:00:00,0.3,"ISM",1,"Water",NA,380,"MG/L",NA,NA,NA,2017-10-27 14:51:21,NA,2,NA,1,1,"S","PARTNTID",NA,NA,4,"sample does not have an associated bay program method code"
"507",999,"LRA","ALLARM.LT2","11/01/1995","12:00:00","NO3N.3","M1",929,"CMC","NTWQM",1995-11-01 12:00:00,0.3,"ISM",2,"Water",NA,2.1,"MG/L",NA,NA,NA,2017-10-27 14:53:10,NA,2,NA,1,1,"S","PARTNTID",NA,NA,4,"sample does not have an associated bay program method code"
"508",999,"LRA","ALLARM.LT6","07/01/1995","12:00:00","TDS.1","M1",893,"CMC","NTWQM",1995-07-01 12:00:00,0.3,"ISM",1,"Water",NA,340,"MG/L",NA,NA,NA,2017-10-27 14:52:25,NA,2,NA,1,1,"S","PARTNTID",NA,NA,4,"sample does not have an associated bay program method code"
"509",999,"LRA","ALLARM.LT10","02/01/1995","12:00:00","NO3N.3","M1",847,"CMC","NTWQM",1995-02-01 12:00:00,0.3,"ISM",2,"Water",NA,2.7,"MG/L",NA,NA,NA,2017-10-27 14:51:32,NA,2,NA,1,1,"S","PARTNTID",NA,NA,4,"sample does not have an associated bay program method code"
"510",999,"LRA","ALLARM.LT2","11/01/1995","12:00:00","TDS.1","M1",929,"CMC","NTWQM",1995-11-01 12:00:00,0.3,"ISM",1,"Water",NA,310,"MG/L",NA,NA,NA,2017-10-27 14:53:10,NA,2,NA,1,1,"S","PARTNTID",NA,NA,4,"sample does not have an associated bay program method code"
"511",999,"LRA","ALLARM.LT6","08/01/1995","12:00:00","NO3N.3","M1",903,"CMC","NTWQM",1995-08-01 12:00:00,0.3,"ISM",2,"Water",NA,2.8,"MG/L",NA,NA,NA,2017-10-27 14:52:38,NA,2,NA,1,1,"S","PARTNTID",NA,NA,4,"sample does not have an associated bay program method code"
"512",999,"LRA","ALLARM.LT10","02/01/1995","12:00:00","TDS.1","M1",847,"CMC","NTWQM",1995-02-01 12:00:00,0.3,"ISM",1,"Water",NA,385,"MG/L",NA,NA,NA,2017-10-27 14:51:32,NA,2,NA,1,1,"S","PARTNTID",NA,NA,4,"sample does not have an associated bay program method code"
"513",999,"LRA","ALLARM.LT3","01/01/1995","12:00:00","NO3N.3","M1",830,"CMC","NTWQM",1995-01-01 12:00:00,0.3,"ISM",2,"Water",NA,2.1,"MG/L",NA,NA,NA,2017-10-27 14:51:14,NA,2,NA,1,1,"S","PARTNTID",NA,NA,4,"sample does not have an associated bay program method code"
"514",999,"LRA","ALLARM.LT6","08/01/1995","12:00:00","TDS.1","M1",903,"CMC","NTWQM",1995-08-01 12:00:00,0.3,"ISM",1,"Water",NA,330,"MG/L",NA,NA,NA,2017-10-27 14:52:38,NA,2,NA,1,1,"S","PARTNTID",NA,NA,4,"sample does not have an associated bay program method code"
"515",999,"LRA","ALLARM.LT10","03/01/1995","12:00:00","NO3N.3","M1",857,"CMC","NTWQM",1995-03-01 12:00:00,0.3,"ISM",2,"Water",NA,2,"MG/L",NA,NA,NA,2017-10-27 14:51:43,NA,2,NA,1,1,"S","PARTNTID",NA,NA,4,"sample does not have an associated bay program method code"
"516",999,"LRA","ALLARM.LT3","01/01/1995","12:00:00","TDS.1","M1",830,"CMC","NTWQM",1995-01-01 12:00:00,0.3,"ISM",1,"Water",NA,340,"MG/L",NA,NA,NA,2017-10-27 14:51:14,NA,2,NA,1,1,"S","PARTNTID",NA,NA,4,"sample does not have an associated bay program method code"
"517",999,"LRA","ALLARM.LT6","09/01/1995","12:00:00","NO3N.3","M1",913,"CMC","NTWQM",1995-09-01 12:00:00,0.3,"ISM",2,"Water",NA,2.5,"MG/L",NA,NA,NA,2017-10-27 14:52:50,NA,2,NA,1,1,"S","PARTNTID",NA,NA,4,"sample does not have an associated bay program method code"
"518",999,"LRA","ALLARM.LT3","08/01/1995","12:00:00","TDS.1","M1",900,"CMC","NTWQM",1995-08-01 12:00:00,0.3,"ISM",1,"Water",NA,310,"MG/L",NA,NA,NA,2017-10-27 14:52:34,NA,2,NA,1,1,"S","PARTNTID",NA,NA,4,"sample does not have an associated bay program method code"
"519",999,"LRA","ALLARM.LT3","02/01/1995","12:00:00","NO3N.3","M1",840,"CMC","NTWQM",1995-02-01 12:00:00,0.3,"ISM",2,"Water",NA,2,"MG/L",NA,NA,NA,2017-10-27 14:51:24,NA,2,NA,1,1,"S","PARTNTID",NA,NA,4,"sample does not have an associated bay program method code"
"520",999,"LRA","ALLARM.LT6","09/01/1995","12:00:00","TDS.1","M1",913,"CMC","NTWQM",1995-09-01 12:00:00,0.3,"ISM",1,"Water",NA,320,"MG/L",NA,NA,NA,2017-10-27 14:52:50,NA,2,NA,1,1,"S","PARTNTID",NA,NA,4,"sample does not have an associated bay program method code"
"521",999,"LRA","ALLARM.LT3","09/01/1995","12:00:00","NO3N.3","M1",910,"CMC","NTWQM",1995-09-01 12:00:00,0.3,"ISM",2,"Water",NA,2.3,"MG/L",NA,NA,NA,2017-10-27 14:52:46,NA,2,NA,1,1,"S","PARTNTID",NA,NA,4,"sample does not have an associated bay program method code"
"522",999,"LRA","ALLARM.LT3","02/01/1995","12:00:00","TDS.1","M1",840,"CMC","NTWQM",1995-02-01 12:00:00,0.3,"ISM",1,"Water",NA,335,"MG/L",NA,NA,NA,2017-10-27 14:51:24,NA,2,NA,1,1,"S","PARTNTID",NA,NA,4,"sample does not have an associated bay program method code"
"523",999,"LRA","ALLARM.LT6","10/01/1995","12:00:00","NO3N.3","M1",923,"CMC","NTWQM",1995-10-01 12:00:00,0.3,"ISM",2,"Water",NA,2.3,"MG/L",NA,NA,NA,2017-10-27 14:53:02,NA,2,NA,1,1,"S","PARTNTID",NA,NA,4,"sample does not have an associated bay program method code"
"524",999,"LRA","ALLARM.LT10","04/01/1995","12:00:00","TDS.1","M1",867,"CMC","NTWQM",1995-04-01 12:00:00,0.3,"ISM",1,"Water",NA,440,"MG/L",NA,NA,NA,2017-10-27 14:51:55,NA,2,NA,1,1,"S","PARTNTID",NA,NA,4,"sample does not have an associated bay program method code"
"525",999,"LRA","ALLARM.LT3","03/01/1995","12:00:00","NO3N.3","M1",850,"CMC","NTWQM",1995-03-01 12:00:00,0.3,"ISM",2,"Water",NA,3.5,"MG/L",NA,NA,NA,2017-10-27 14:51:36,NA,2,NA,1,1,"S","PARTNTID",NA,NA,4,"sample does not have an associated bay program method code"
"526",999,"LRA","ALLARM.LT6","10/01/1995","12:00:00","TDS.1","M1",923,"CMC","NTWQM",1995-10-01 12:00:00,0.3,"ISM",1,"Water",NA,310,"MG/L",NA,NA,NA,2017-10-27 14:53:02,NA,2,NA,1,1,"S","PARTNTID",NA,NA,4,"sample does not have an associated bay program method code"
"527",999,"LRA","ALLARM.LT10","05/01/1995","12:00:00","NO3N.3","M1",877,"CMC","NTWQM",1995-05-01 12:00:00,0.3,"ISM",2,"Water",NA,3.6,"MG/L",NA,NA,NA,2017-10-27 14:52:06,NA,2,NA,1,1,"S","PARTNTID",NA,NA,4,"sample does not have an associated bay program method code"
"528",999,"LRA","ALLARM.LT3","03/01/1995","12:00:00","TDS.1","M1",850,"CMC","NTWQM",1995-03-01 12:00:00,0.3,"ISM",1,"Water",NA,370,"MG/L",NA,NA,NA,2017-10-27 14:51:36,NA,2,NA,1,1,"S","PARTNTID",NA,NA,4,"sample does not have an associated bay program method code"
"529",999,"LRA","ALLARM.LT6","11/01/1995","12:00:00","NO3N.3","M1",933,"CMC","NTWQM",1995-11-01 12:00:00,0.3,"ISM",2,"Water",NA,2.1,"MG/L",NA,NA,NA,2017-10-27 14:53:16,NA,2,NA,1,1,"S","PARTNTID",NA,NA,4,"sample does not have an associated bay program method code"
"530",999,"LRA","ALLARM.LT10","05/01/1995","12:00:00","TDS.1","M1",877,"CMC","NTWQM",1995-05-01 12:00:00,0.3,"ISM",1,"Water",NA,350,"MG/L",NA,NA,NA,2017-10-27 14:52:06,NA,2,NA,1,1,"S","PARTNTID",NA,NA,4,"sample does not have an associated bay program method code"
"531",999,"LRA","ALLARM.LT3","04/01/1995","12:00:00","NO3N.3","M1",860,"CMC","NTWQM",1995-04-01 12:00:00,0.3,"ISM",2,"Water",NA,3.1,"MG/L",NA,NA,NA,2017-10-27 14:51:47,NA,2,NA,1,1,"S","PARTNTID",NA,NA,4,"sample does not have an associated bay program method code"
"532",999,"LRA","ALLARM.LT8","10/01/1995","12:00:00","NO3N.3","M1",925,"CMC","NTWQM",1995-10-01 12:00:00,0.3,"ISM",2,"Water",NA,2.6,"MG/L",NA,NA,NA,2017-10-27 14:53:05,NA,2,NA,1,1,"S","PARTNTID",NA,NA,4,"sample does not have an associated bay program method code"
"533",999,"LRA","ALLARM.LT10","06/01/1995","12:00:00","NO3N.3","M1",887,"CMC","NTWQM",1995-06-01 12:00:00,0.3,"ISM",2,"Water",NA,3.5,"MG/L",NA,NA,NA,2017-10-27 14:52:18,NA,2,NA,1,1,"S","PARTNTID",NA,NA,4,"sample does not have an associated bay program method code"
"534",999,"LRA","ALLARM.LT3","04/01/1995","12:00:00","TDS.1","M1",860,"CMC","NTWQM",1995-04-01 12:00:00,0.3,"ISM",1,"Water",NA,330,"MG/L",NA,NA,NA,2017-10-27 14:51:47,NA,2,NA,1,1,"S","PARTNTID",NA,NA,4,"sample does not have an associated bay program method code"
"535",999,"LRA","ALLARM.LT8","10/01/1995","12:00:00","TDS.1","M1",925,"CMC","NTWQM",1995-10-01 12:00:00,0.3,"ISM",1,"Water",NA,340,"MG/L",NA,NA,NA,2017-10-27 14:53:05,NA,2,NA,1,1,"S","PARTNTID",NA,NA,4,"sample does not have an associated bay program method code"
"536",999,"LRA","ALLARM.LT10","06/01/1995","12:00:00","TDS.1","M1",887,"CMC","NTWQM",1995-06-01 12:00:00,0.3,"ISM",1,"Water",NA,400,"MG/L",NA,NA,NA,2017-10-27 14:52:18,NA,2,NA,1,1,"S","PARTNTID",NA,NA,4,"sample does not have an associated bay program method code"
"537",999,"LRA","ALLARM.LT3","05/01/1995","12:00:00","NO3N.3","M1",870,"CMC","NTWQM",1995-05-01 12:00:00,0.3,"ISM",2,"Water",NA,2.4,"MG/L",NA,NA,NA,2017-10-27 14:51:58,NA,2,NA,1,1,"S","PARTNTID",NA,NA,4,"sample does not have an associated bay program method code"
"538",999,"LRA","ALLARM.LT8","11/01/1995","12:00:00","NO3N.3","M1",935,"CMC","NTWQM",1995-11-01 12:00:00,0.3,"ISM",2,"Water",NA,2.4,"MG/L",NA,NA,NA,2017-10-27 14:53:18,NA,2,NA,1,1,"S","PARTNTID",NA,NA,4,"sample does not have an associated bay program method code"
"539",999,"LRA","ALLARM.LT10","07/01/1995","12:00:00","NO3N.3","M1",897,"CMC","NTWQM",1995-07-01 12:00:00,0.3,"ISM",2,"Water",NA,3.4,"MG/L",NA,NA,NA,2017-10-27 14:52:30,NA,2,NA,1,1,"S","PARTNTID",NA,NA,4,"sample does not have an associated bay program method code"
"540",999,"LRA","ALLARM.LT3","05/01/1995","12:00:00","TDS.1","M1",870,"CMC","NTWQM",1995-05-01 12:00:00,0.3,"ISM",1,"Water",NA,320,"MG/L",NA,NA,NA,2017-10-27 14:51:58,NA,2,NA,1,1,"S","PARTNTID",NA,NA,4,"sample does not have an associated bay program method code"
"541",999,"LRA","ALLARM.LT4","08/01/1995","12:00:00","NO3N.3","M1",901,"CMC","NTWQM",1995-08-01 12:00:00,0.3,"ISM",2,"Water",NA,2.5,"MG/L",NA,NA,NA,2017-10-27 14:52:35,NA,2,NA,1,1,"S","PARTNTID",NA,NA,4,"sample does not have an associated bay program method code"
"542",999,"LRA","ALLARM.LT10","07/01/1995","12:00:00","TDS.1","M1",897,"CMC","NTWQM",1995-07-01 12:00:00,0.3,"ISM",1,"Water",NA,390,"MG/L",NA,NA,NA,2017-10-27 14:52:30,NA,2,NA,1,1,"S","PARTNTID",NA,NA,4,"sample does not have an associated bay program method code"
"543",999,"LRA","ALLARM.LT3","06/01/1995","12:00:00","NO3N.3","M1",880,"CMC","NTWQM",1995-06-01 12:00:00,0.3,"ISM",2,"Water",NA,2.7,"MG/L",NA,NA,NA,2017-10-27 14:52:10,NA,2,NA,1,1,"S","PARTNTID",NA,NA,4,"sample does not have an associated bay program method code"
"544",999,"LRA","ALLARM.LT4","08/01/1995","12:00:00","TDS.1","M1",901,"CMC","NTWQM",1995-08-01 12:00:00,0.3,"ISM",1,"Water",NA,320,"MG/L",NA,NA,NA,2017-10-27 14:52:35,NA,2,NA,1,1,"S","PARTNTID",NA,NA,4,"sample does not have an associated bay program method code"
"545",999,"LRA","ALLARM.LT10","08/01/1995","12:00:00","NO3N.3","M1",907,"CMC","NTWQM",1995-08-01 12:00:00,0.3,"ISM",2,"Water",NA,3.2,"MG/L",NA,NA,NA,2017-10-27 14:52:42,NA,2,NA,1,1,"S","PARTNTID",NA,NA,4,"sample does not have an associated bay program method code"
"546",999,"LRA","ALLARM.LT3","06/01/1995","12:00:00","TDS.1","M1",880,"CMC","NTWQM",1995-06-01 12:00:00,0.3,"ISM",1,"Water",NA,305,"MG/L",NA,NA,NA,2017-10-27 14:52:10,NA,2,NA,1,1,"S","PARTNTID",NA,NA,4,"sample does not have an associated bay program method code"
"547",999,"LRA","ALLARM.LT4","09/01/1995","12:00:00","NO3N.3","M1",911,"CMC","NTWQM",1995-09-01 12:00:00,0.3,"ISM",2,"Water",NA,2.4,"MG/L",NA,NA,NA,2017-10-27 14:52:47,NA,2,NA,1,1,"S","PARTNTID",NA,NA,4,"sample does not have an associated bay program method code"
"548",999,"LRA","ALLARM.LT10","08/01/1995","12:00:00","TDS.1","M1",907,"CMC","NTWQM",1995-08-01 12:00:00,0.3,"ISM",1,"Water",NA,400,"MG/L",NA,NA,NA,2017-10-27 14:52:42,NA,2,NA,1,1,"S","PARTNTID",NA,NA,4,"sample does not have an associated bay program method code"
"549",999,"LRA","ALLARM.LT3","07/01/1995","12:00:00","NO3N.3","M1",890,"CMC","NTWQM",1995-07-01 12:00:00,0.3,"ISM",2,"Water",NA,2.7,"MG/L",NA,NA,NA,2017-10-27 14:52:22,NA,2,NA,1,1,"S","PARTNTID",NA,NA,4,"sample does not have an associated bay program method code"
"550",999,"LRA","ALLARM.LT4","09/01/1995","12:00:00","TDS.1","M1",911,"CMC","NTWQM",1995-09-01 12:00:00,0.3,"ISM",1,"Water",NA,310,"MG/L",NA,NA,NA,2017-10-27 14:52:47,NA,2,NA,1,1,"S","PARTNTID",NA,NA,4,"sample does not have an associated bay program method code"
"551",999,"LRA","ALLARM.LT10","09/01/1995","12:00:00","NO3N.3","M1",917,"CMC","NTWQM",1995-09-01 12:00:00,0.3,"ISM",2,"Water",NA,3,"MG/L",NA,NA,NA,2017-10-27 14:52:55,NA,2,NA,1,1,"S","PARTNTID",NA,NA,4,"sample does not have an associated bay program method code"
"552",999,"LRA","ALLARM.LT3","07/01/1995","12:00:00","TDS.1","M1",890,"CMC","NTWQM",1995-07-01 12:00:00,0.3,"ISM",1,"Water",NA,310,"MG/L",NA,NA,NA,2017-10-27 14:52:22,NA,2,NA,1,1,"S","PARTNTID",NA,NA,4,"sample does not have an associated bay program method code"
"553",999,"LRA","ALLARM.LT4","10/01/1995","12:00:00","NO3N.3","M1",921,"CMC","NTWQM",1995-10-01 12:00:00,0.3,"ISM",2,"Water",NA,2.3,"MG/L",NA,NA,NA,2017-10-27 14:53:00,NA,2,NA,1,1,"S","PARTNTID",NA,NA,4,"sample does not have an associated bay program method code"
"554",999,"LRA","ALLARM.LT10","09/01/1995","12:00:00","TDS.1","M1",917,"CMC","NTWQM",1995-09-01 12:00:00,0.3,"ISM",1,"Water",NA,390,"MG/L",NA,NA,NA,2017-10-27 14:52:55,NA,2,NA,1,1,"S","PARTNTID",NA,NA,4,"sample does not have an associated bay program method code"
"555",999,"LRA","ALLARM.LT3","08/01/1995","12:00:00","NO3N.3","M1",900,"CMC","NTWQM",1995-08-01 12:00:00,0.3,"ISM",2,"Water",NA,2.4,"MG/L",NA,NA,NA,2017-10-27 14:52:34,NA,2,NA,1,1,"S","PARTNTID",NA,NA,4,"sample does not have an associated bay program method code"
"556",999,"LRA","ALLARM.LT7","11/01/1995","12:00:00","TDS.1","M1",934,"CMC","NTWQM",1995-11-01 12:00:00,0.3,"ISM",1,"Water",NA,325,"MG/L",NA,NA,NA,2017-10-27 14:53:17,NA,2,NA,1,1,"S","PARTNTID",NA,NA,4,"sample does not have an associated bay program method code"
"557",999,"LRA","ALLARM.LT5","06/01/1995","12:00:00","TDS.1","M1",882,"CMC","NTWQM",1995-06-01 12:00:00,0.3,"ISM",1,"Water",NA,350,"MG/L",NA,NA,NA,2017-10-27 14:52:12,NA,2,NA,1,1,"S","PARTNTID",NA,NA,4,"sample does not have an associated bay program method code"
"558",999,"LRA","ALLARM.LT8","07/01/1995","12:00:00","TDS.1","M1",895,"CMC","NTWQM",1995-07-01 12:00:00,0.3,"ISM",1,"Water",NA,350,"MG/L",NA,NA,NA,2017-10-27 14:52:28,NA,2,NA,1,1,"S","PARTNTID",NA,NA,4,"sample does not have an associated bay program method code"
"559",999,"LRA","ALLARM.LT8","01/01/1995","12:00:00","NO3N.3","M1",835,"CMC","NTWQM",1995-01-01 12:00:00,0.3,"ISM",2,"Water",NA,2.3,"MG/L",NA,NA,NA,2017-10-27 14:51:19,NA,2,NA,1,1,"S","PARTNTID",NA,NA,4,"sample does not have an associated bay program method code"
"560",999,"LRA","ALLARM.LT5","07/01/1995","12:00:00","NO3N.3","M1",892,"CMC","NTWQM",1995-07-01 12:00:00,0.3,"ISM",2,"Water",NA,2.6,"MG/L",NA,NA,NA,2017-10-27 14:52:24,NA,2,NA,1,1,"S","PARTNTID",NA,NA,4,"sample does not have an associated bay program method code"
"561",999,"LRA","ALLARM.LT8","08/01/1995","12:00:00","NO3N.3","M1",905,"CMC","NTWQM",1995-08-01 12:00:00,0.3,"ISM",2,"Water",NA,3,"MG/L",NA,NA,NA,2017-10-27 14:52:40,NA,2,NA,1,1,"S","PARTNTID",NA,NA,4,"sample does not have an associated bay program method code"
"562",999,"LRA","ALLARM.LT8","01/01/1995","12:00:00","TDS.1","M1",835,"CMC","NTWQM",1995-01-01 12:00:00,0.3,"ISM",1,"Water",NA,360,"MG/L",NA,NA,NA,2017-10-27 14:51:19,NA,2,NA,1,1,"S","PARTNTID",NA,NA,4,"sample does not have an associated bay program method code"
"563",999,"LRA","ALLARM.LT5","07/01/1995","12:00:00","TDS.1","M1",892,"CMC","NTWQM",1995-07-01 12:00:00,0.3,"ISM",1,"Water",NA,340,"MG/L",NA,NA,NA,2017-10-27 14:52:24,NA,2,NA,1,1,"S","PARTNTID",NA,NA,4,"sample does not have an associated bay program method code"
"564",999,"LRA","ALLARM.LT3","09/01/1995","12:00:00","TDS.1","M1",910,"CMC","NTWQM",1995-09-01 12:00:00,0.3,"ISM",1,"Water",NA,320,"MG/L",NA,NA,NA,2017-10-27 14:52:46,NA,2,NA,1,1,"S","PARTNTID",NA,NA,4,"sample does not have an associated bay program method code"
"565",999,"LRA","ALLARM.LT8","02/01/1995","12:00:00","NO3N.3","M1",845,"CMC","NTWQM",1995-02-01 12:00:00,0.3,"ISM",2,"Water",NA,2.4,"MG/L",NA,NA,NA,2017-10-27 14:51:29,NA,2,NA,1,1,"S","PARTNTID",NA,NA,4,"sample does not have an associated bay program method code"
"566",999,"LRA","ALLARM.LT4","05/01/1995","12:00:00","TDS.1","M1",871,"CMC","NTWQM",1995-05-01 12:00:00,0.3,"ISM",1,"Water",NA,340,"MG/L",NA,NA,NA,2017-10-27 14:51:59,NA,2,NA,1,1,"S","PARTNTID",NA,NA,4,"sample does not have an associated bay program method code"
"567",999,"LRA","ALLARM.LT3","10/01/1995","12:00:00","NO3N.3","M1",920,"CMC","NTWQM",1995-10-01 12:00:00,0.3,"ISM",2,"Water",NA,2.1,"MG/L",NA,NA,NA,2017-10-27 14:52:58,NA,2,NA,1,1,"S","PARTNTID",NA,NA,4,"sample does not have an associated bay program method code"
"568",999,"LRA","ALLARM.LT8","02/01/1995","12:00:00","TDS.1","M1",845,"CMC","NTWQM",1995-02-01 12:00:00,0.3,"ISM",1,"Water",NA,365,"MG/L",NA,NA,NA,2017-10-27 14:51:29,NA,2,NA,1,1,"S","PARTNTID",NA,NA,4,"sample does not have an associated bay program method code"
"569",999,"LRA","ALLARM.LT4","06/01/1995","12:00:00","NO3N.3","M1",881,"CMC","NTWQM",1995-06-01 12:00:00,0.3,"ISM",2,"Water",NA,2.5,"MG/L",NA,NA,NA,2017-10-27 14:52:11,NA,2,NA,1,1,"S","PARTNTID",NA,NA,4,"sample does not have an associated bay program method code"
"570",999,"LRA","ALLARM.LT3","10/01/1995","12:00:00","TDS.1","M1",920,"CMC","NTWQM",1995-10-01 12:00:00,0.3,"ISM",1,"Water",NA,310,"MG/L",NA,NA,NA,2017-10-27 14:52:58,NA,2,NA,1,1,"S","PARTNTID",NA,NA,4,"sample does not have an associated bay program method code"
"571",999,"LRA","ALLARM.LT8","03/01/1995","12:00:00","NO3N.3","M1",855,"CMC","NTWQM",1995-03-01 12:00:00,0.3,"ISM",2,"Water",NA,3.5,"MG/L",NA,NA,NA,2017-10-27 14:51:41,NA,2,NA,1,1,"S","PARTNTID",NA,NA,4,"sample does not have an associated bay program method code"
"572",999,"LRA","ALLARM.LT4","06/01/1995","12:00:00","TDS.1","M1",881,"CMC","NTWQM",1995-06-01 12:00:00,0.3,"ISM",1,"Water",NA,350,"MG/L",NA,NA,NA,2017-10-27 14:52:11,NA,2,NA,1,1,"S","PARTNTID",NA,NA,4,"sample does not have an associated bay program method code"
"573",999,"LRA","ALLARM.LT3","11/01/1995","12:00:00","NO3N.3","M1",930,"CMC","NTWQM",1995-11-01 12:00:00,0.3,"ISM",2,"Water",NA,2.1,"MG/L",NA,NA,NA,2017-10-27 14:53:12,NA,2,NA,1,1,"S","PARTNTID",NA,NA,4,"sample does not have an associated bay program method code"
"574",999,"LRA","ALLARM.LT8","03/01/1995","12:00:00","TDS.1","M1",855,"CMC","NTWQM",1995-03-01 12:00:00,0.3,"ISM",1,"Water",NA,420,"MG/L",NA,NA,NA,2017-10-27 14:51:41,NA,2,NA,1,1,"S","PARTNTID",NA,NA,4,"sample does not have an associated bay program method code"
"575",999,"LRA","ALLARM.LT4","07/01/1995","12:00:00","NO3N.3","M1",891,"CMC","NTWQM",1995-07-01 12:00:00,0.3,"ISM",2,"Water",NA,2.6,"MG/L",NA,NA,NA,2017-10-27 14:52:23,NA,2,NA,1,1,"S","PARTNTID",NA,NA,4,"sample does not have an associated bay program method code"
"576",999,"LRA","ALLARM.LT3","11/01/1995","12:00:00","TDS.1","M1",930,"CMC","NTWQM",1995-11-01 12:00:00,0.3,"ISM",1,"Water",NA,320,"MG/L",NA,NA,NA,2017-10-27 14:53:12,NA,2,NA,1,1,"S","PARTNTID",NA,NA,4,"sample does not have an associated bay program method code"
"577",999,"LRA","ALLARM.LT8","04/01/1995","12:00:00","NO3N.3","M1",865,"CMC","NTWQM",1995-04-01 12:00:00,0.3,"ISM",2,"Water",NA,3.2,"MG/L",NA,NA,NA,2017-10-27 14:51:53,NA,2,NA,1,1,"S","PARTNTID",NA,NA,4,"sample does not have an associated bay program method code"
"578",999,"LRA","ALLARM.LT4","07/01/1995","12:00:00","TDS.1","M1",891,"CMC","NTWQM",1995-07-01 12:00:00,0.3,"ISM",1,"Water",NA,330,"MG/L",NA,NA,NA,2017-10-27 14:52:23,NA,2,NA,1,1,"S","PARTNTID",NA,NA,4,"sample does not have an associated bay program method code"
"579",999,"LRA","ALLARM.LT4","01/01/1995","12:00:00","NO3N.3","M1",831,"CMC","NTWQM",1995-01-01 12:00:00,0.3,"ISM",2,"Water",NA,2.3,"MG/L",NA,NA,NA,2017-10-27 14:51:15,NA,2,NA,1,1,"S","PARTNTID",NA,NA,4,"sample does not have an associated bay program method code"
"580",999,"LRA","ALLARM.LT8","04/01/1995","12:00:00","TDS.1","M1",865,"CMC","NTWQM",1995-04-01 12:00:00,0.3,"ISM",1,"Water",NA,400,"MG/L",NA,NA,NA,2017-10-27 14:51:53,NA,2,NA,1,1,"S","PARTNTID",NA,NA,4,"sample does not have an associated bay program method code"
"581",999,"LRA","ALLARM.LT7","02/01/1995","12:00:00","NO3N.3","M1",844,"CMC","NTWQM",1995-02-01 12:00:00,0.3,"ISM",2,"Water",NA,2.5,"MG/L",NA,NA,NA,2017-10-27 14:51:28,NA,2,NA,1,1,"S","PARTNTID",NA,NA,4,"sample does not have an associated bay program method code"
"582",999,"LRA","ALLARM.LT4","01/01/1995","12:00:00","TDS.1","M1",831,"CMC","NTWQM",1995-01-01 12:00:00,0.3,"ISM",1,"Water",NA,350,"MG/L",NA,NA,NA,2017-10-27 14:51:15,NA,2,NA,1,1,"S","PARTNTID",NA,NA,4,"sample does not have an associated bay program method code"
"583",999,"LRA","ALLARM.LT8","05/01/1995","12:00:00","NO3N.3","M1",875,"CMC","NTWQM",1995-05-01 12:00:00,0.3,"ISM",2,"Water",NA,3.4,"MG/L",NA,NA,NA,2017-10-27 14:52:04,NA,2,NA,1,1,"S","PARTNTID",NA,NA,4,"sample does not have an associated bay program method code"
"584",999,"LRA","ALLARM.LT7","02/01/1995","12:00:00","TDS.1","M1",844,"CMC","NTWQM",1995-02-01 12:00:00,0.3,"ISM",1,"Water",NA,370,"MG/L",NA,NA,NA,2017-10-27 14:51:28,NA,2,NA,1,1,"S","PARTNTID",NA,NA,4,"sample does not have an associated bay program method code"
"585",999,"LRA","ALLARM.LT4","02/01/1995","12:00:00","NO3N.3","M1",841,"CMC","NTWQM",1995-02-01 12:00:00,0.3,"ISM",2,"Water",NA,2.2,"MG/L",NA,NA,NA,2017-10-27 14:51:25,NA,2,NA,1,1,"S","PARTNTID",NA,NA,4,"sample does not have an associated bay program method code"
"586",999,"LRA","ALLARM.LT8","05/01/1995","12:00:00","TDS.1","M1",875,"CMC","NTWQM",1995-05-01 12:00:00,0.3,"ISM",1,"Water",NA,350,"MG/L",NA,NA,NA,2017-10-27 14:52:04,NA,2,NA,1,1,"S","PARTNTID",NA,NA,4,"sample does not have an associated bay program method code"
"587",999,"LRA","ALLARM.LT7","03/01/1995","12:00:00","NO3N.3","M1",854,"CMC","NTWQM",1995-03-01 12:00:00,0.3,"ISM",2,"Water",NA,3,"MG/L",NA,NA,NA,2017-10-27 14:51:40,NA,2,NA,1,1,"S","PARTNTID",NA,NA,4,"sample does not have an associated bay program method code"
"588",999,"LRA","ALLARM.LT4","02/01/1995","12:00:00","TDS.1","M1",841,"CMC","NTWQM",1995-02-01 12:00:00,0.3,"ISM",1,"Water",NA,345,"MG/L",NA,NA,NA,2017-10-27 14:51:25,NA,2,NA,1,1,"S","PARTNTID",NA,NA,4,"sample does not have an associated bay program method code"
"589",999,"LRA","ALLARM.LT8","06/01/1995","12:00:00","NO3N.3","M1",885,"CMC","NTWQM",1995-06-01 12:00:00,0.3,"ISM",2,"Water",NA,3.3,"MG/L",NA,NA,NA,2017-10-27 14:52:16,NA,2,NA,1,1,"S","PARTNTID",NA,NA,4,"sample does not have an associated bay program method code"
"590",999,"LRA","ALLARM.LT7","03/01/1995","12:00:00","TDS.1","M1",854,"CMC","NTWQM",1995-03-01 12:00:00,0.3,"ISM",1,"Water",NA,410,"MG/L",NA,NA,NA,2017-10-27 14:51:40,NA,2,NA,1,1,"S","PARTNTID",NA,NA,4,"sample does not have an associated bay program method code"
"591",999,"LRA","ALLARM.LT4","03/01/1995","12:00:00","NO3N.3","M1",851,"CMC","NTWQM",1995-03-01 12:00:00,0.3,"ISM",2,"Water",NA,3,"MG/L",NA,NA,NA,2017-10-27 14:51:37,NA,2,NA,1,1,"S","PARTNTID",NA,NA,4,"sample does not have an associated bay program method code"
"592",999,"LRA","ALLARM.LT8","06/01/1995","12:00:00","TDS.1","M1",885,"CMC","NTWQM",1995-06-01 12:00:00,0.3,"ISM",1,"Water",NA,360,"MG/L",NA,NA,NA,2017-10-27 14:52:16,NA,2,NA,1,1,"S","PARTNTID",NA,NA,4,"sample does not have an associated bay program method code"
"593",999,"LRA","ALLARM.LT7","04/01/1995","12:00:00","NO3N.3","M1",864,"CMC","NTWQM",1995-04-01 12:00:00,0.3,"ISM",2,"Water",NA,3.5,"MG/L",NA,NA,NA,2017-10-27 14:51:51,NA,2,NA,1,1,"S","PARTNTID",NA,NA,4,"sample does not have an associated bay program method code"
"594",999,"LRA","ALLARM.LT4","03/01/1995","12:00:00","TDS.1","M1",851,"CMC","NTWQM",1995-03-01 12:00:00,0.3,"ISM",1,"Water",NA,370,"MG/L",NA,NA,NA,2017-10-27 14:51:37,NA,2,NA,1,1,"S","PARTNTID",NA,NA,4,"sample does not have an associated bay program method code"
"595",999,"LRA","ALLARM.LT8","07/01/1995","12:00:00","NO3N.3","M1",895,"CMC","NTWQM",1995-07-01 12:00:00,0.3,"ISM",2,"Water",NA,3.2,"MG/L",NA,NA,NA,2017-10-27 14:52:28,NA,2,NA,1,1,"S","PARTNTID",NA,NA,4,"sample does not have an associated bay program method code"
"596",999,"LRA","ALLARM.LT4","10/01/1995","12:00:00","TDS.1","M1",921,"CMC","NTWQM",1995-10-01 12:00:00,0.3,"ISM",1,"Water",NA,320,"MG/L",NA,NA,NA,2017-10-27 14:53:00,NA,2,NA,1,1,"S","PARTNTID",NA,NA,4,"sample does not have an associated bay program method code"
"597",999,"LRA","ALLARM.LT4","04/01/1995","12:00:00","NO3N.3","M1",861,"CMC","NTWQM",1995-04-01 12:00:00,0.3,"ISM",2,"Water",NA,3.5,"MG/L",NA,NA,NA,2017-10-27 14:51:48,NA,2,NA,1,1,"S","PARTNTID",NA,NA,4,"sample does not have an associated bay program method code"
"598",999,"LRA","ALLARM.LT9","10/01/1995","12:00:00","NO3N.3","M1",926,"CMC","NTWQM",1995-10-01 12:00:00,0.3,"ISM",2,"Water",NA,2.5,"MG/L",NA,NA,NA,2017-10-27 14:53:06,NA,2,NA,1,1,"S","PARTNTID",NA,NA,4,"sample does not have an associated bay program method code"
"599",999,"LRA","ALLARM.LT4","11/01/1995","12:00:00","NO3N.3","M1",931,"CMC","NTWQM",1995-11-01 12:00:00,0.3,"ISM",2,"Water",NA,2.2,"MG/L",NA,NA,NA,2017-10-27 14:53:13,NA,2,NA,1,1,"S","PARTNTID",NA,NA,4,"sample does not have an associated bay program method code"
"600",999,"LRA","ALLARM.LT4","04/01/1995","12:00:00","TDS.1","M1",861,"CMC","NTWQM",1995-04-01 12:00:00,0.3,"ISM",1,"Water",NA,360,"MG/L",NA,NA,NA,2017-10-27 14:51:48,NA,2,NA,1,1,"S","PARTNTID",NA,NA,4,"sample does not have an associated bay program method code"
"601",999,"LRA","ALLARM.LT9","10/01/1995","12:00:00","TDS.1","M1",926,"CMC","NTWQM",1995-10-01 12:00:00,0.3,"ISM",1,"Water",NA,340,"MG/L",NA,NA,NA,2017-10-27 14:53:06,NA,2,NA,1,1,"S","PARTNTID",NA,NA,4,"sample does not have an associated bay program method code"
"602",999,"LRA","ALLARM.LT4","11/01/1995","12:00:00","TDS.1","M1",931,"CMC","NTWQM",1995-11-01 12:00:00,0.3,"ISM",1,"Water",NA,315,"MG/L",NA,NA,NA,2017-10-27 14:53:13,NA,2,NA,1,1,"S","PARTNTID",NA,NA,4,"sample does not have an associated bay program method code"
"603",999,"LRA","ALLARM.LT4","05/01/1995","12:00:00","NO3N.3","M1",871,"CMC","NTWQM",1995-05-01 12:00:00,0.3,"ISM",2,"Water",NA,2.7,"MG/L",NA,NA,NA,2017-10-27 14:51:59,NA,2,NA,1,1,"S","PARTNTID",NA,NA,4,"sample does not have an associated bay program method code"
"604",999,"LRA","ALLARM.LT8","08/01/1995","12:00:00","TDS.1","M1",905,"CMC","NTWQM",1995-08-01 12:00:00,0.3,"ISM",1,"Water",NA,340,"MG/L",NA,NA,NA,2017-10-27 14:52:40,NA,2,NA,1,1,"S","PARTNTID",NA,NA,4,"sample does not have an associated bay program method code"
"605",999,"LRA","ALLARM.LT5","01/01/1995","12:00:00","NO3N.3","M1",832,"CMC","NTWQM",1995-01-01 12:00:00,0.3,"ISM",2,"Water",NA,2.4,"MG/L",NA,NA,NA,2017-10-27 14:51:16,NA,2,NA,1,1,"S","PARTNTID",NA,NA,4,"sample does not have an associated bay program method code"
"606",999,"LRA","ALLARM.LT9","11/01/1995","12:00:00","TDS.1","M1",936,"CMC","NTWQM",1995-11-01 12:00:00,0.3,"ISM",1,"Water",NA,320,"MG/L",NA,NA,NA,2017-10-27 14:53:19,NA,2,NA,1,1,"S","PARTNTID",NA,NA,4,"sample does not have an associated bay program method code"
"607",999,"LRA","ALLARM.LT8","09/01/1995","12:00:00","NO3N.3","M1",915,"CMC","NTWQM",1995-09-01 12:00:00,0.3,"ISM",2,"Water",NA,2.9,"MG/L",NA,NA,NA,2017-10-27 14:52:52,NA,2,NA,1,1,"S","PARTNTID",NA,NA,4,"sample does not have an associated bay program method code"
"608",999,"LRA","ALLARM.LT5","01/01/1995","12:00:00","TDS.1","M1",832,"CMC","NTWQM",1995-01-01 12:00:00,0.3,"ISM",1,"Water",NA,365,"MG/L",NA,NA,NA,2017-10-27 14:51:16,NA,2,NA,1,1,"S","PARTNTID",NA,NA,4,"sample does not have an associated bay program method code"
"609",999,"LRA","ALLARM.LT9","05/01/1995","12:00:00","NO3N.3","M1",876,"CMC","NTWQM",1995-05-01 12:00:00,0.3,"ISM",2,"Water",NA,3.2,"MG/L",NA,NA,NA,2017-10-27 14:52:05,NA,2,NA,1,1,"S","PARTNTID",NA,NA,4,"sample does not have an associated bay program method code"
"610",999,"LRA","ALLARM.LT8","09/01/1995","12:00:00","TDS.1","M1",915,"CMC","NTWQM",1995-09-01 12:00:00,0.3,"ISM",1,"Water",NA,320,"MG/L",NA,NA,NA,2017-10-27 14:52:52,NA,2,NA,1,1,"S","PARTNTID",NA,NA,4,"sample does not have an associated bay program method code"
"611",999,"LRA","ALLARM.LT5","02/01/1995","12:00:00","NO3N.3","M1",842,"CMC","NTWQM",1995-02-01 12:00:00,0.3,"ISM",2,"Water",NA,2.5,"MG/L",NA,NA,NA,2017-10-27 14:51:26,NA,2,NA,1,1,"S","PARTNTID",NA,NA,4,"sample does not have an associated bay program method code"
"612",999,"LRA","ALLARM.LT6","11/01/1995","12:00:00","TDS.1","M1",933,"CMC","NTWQM",1995-11-01 12:00:00,0.3,"ISM",1,"Water",NA,320,"MG/L",NA,NA,NA,2017-10-27 14:53:16,NA,2,NA,1,1,"S","PARTNTID",NA,NA,4,"sample does not have an associated bay program method code"
"613",999,"LRA","ALLARM.LT5","04/01/1995","12:00:00","TDS.1","M1",862,"CMC","NTWQM",1995-04-01 12:00:00,0.3,"ISM",1,"Water",NA,380,"MG/L",NA,NA,NA,2017-10-27 14:51:49,NA,2,NA,1,1,"S","PARTNTID",NA,NA,4,"sample does not have an associated bay program method code"
"614",999,"LRA","ALLARM.LT5","02/01/1995","12:00:00","TDS.1","M1",842,"CMC","NTWQM",1995-02-01 12:00:00,0.3,"ISM",1,"Water",NA,360,"MG/L",NA,NA,NA,2017-10-27 14:51:26,NA,2,NA,1,1,"S","PARTNTID",NA,NA,4,"sample does not have an associated bay program method code"
"615",999,"LRA","ALLARM.LT7","01/01/1995","12:00:00","NO3N.3","M1",834,"CMC","NTWQM",1995-01-01 12:00:00,0.3,"ISM",2,"Water",NA,2.5,"MG/L",NA,NA,NA,2017-10-27 14:51:18,NA,2,NA,1,1,"S","PARTNTID",NA,NA,4,"sample does not have an associated bay program method code"
"616",999,"LRA","ALLARM.LT5","05/01/1995","12:00:00","NO3N.3","M1",872,"CMC","NTWQM",1995-05-01 12:00:00,0.3,"ISM",2,"Water",NA,2.6,"MG/L",NA,NA,NA,2017-10-27 14:52:01,NA,2,NA,1,1,"S","PARTNTID",NA,NA,4,"sample does not have an associated bay program method code"
"617",999,"LRA","ALLARM.LT5","03/01/1995","12:00:00","NO3N.3","M1",852,"CMC","NTWQM",1995-03-01 12:00:00,0.3,"ISM",2,"Water",NA,3,"MG/L",NA,NA,NA,2017-10-27 14:51:38,NA,2,NA,1,1,"S","PARTNTID",NA,NA,4,"sample does not have an associated bay program method code"
"618",999,"LRA","ALLARM.LT7","01/01/1995","12:00:00","TDS.1","M1",834,"CMC","NTWQM",1995-01-01 12:00:00,0.3,"ISM",1,"Water",NA,365,"MG/L",NA,NA,NA,2017-10-27 14:51:18,NA,2,NA,1,1,"S","PARTNTID",NA,NA,4,"sample does not have an associated bay program method code"
"619",999,"LRA","ALLARM.LT5","05/01/1995","12:00:00","TDS.1","M1",872,"CMC","NTWQM",1995-05-01 12:00:00,0.3,"ISM",1,"Water",NA,360,"MG/L",NA,NA,NA,2017-10-27 14:52:01,NA,2,NA,1,1,"S","PARTNTID",NA,NA,4,"sample does not have an associated bay program method code"
"620",999,"LRA","ALLARM.LT5","03/01/1995","12:00:00","TDS.1","M1",852,"CMC","NTWQM",1995-03-01 12:00:00,0.3,"ISM",1,"Water",NA,390,"MG/L",NA,NA,NA,2017-10-27 14:51:38,NA,2,NA,1,1,"S","PARTNTID",NA,NA,4,"sample does not have an associated bay program method code"
"621",999,"LRA","ALLARM.LT9","07/01/1995","12:00:00","NO3N.3","M1",896,"CMC","NTWQM",1995-07-01 12:00:00,0.3,"ISM",2,"Water",NA,3.1,"MG/L",NA,NA,NA,2017-10-27 14:52:29,NA,2,NA,1,1,"S","PARTNTID",NA,NA,4,"sample does not have an associated bay program method code"
"622",999,"LRA","ALLARM.LT8","11/01/1995","12:00:00","TDS.1","M1",935,"CMC","NTWQM",1995-11-01 12:00:00,0.3,"ISM",1,"Water",NA,330,"MG/L",NA,NA,NA,2017-10-27 14:53:18,NA,2,NA,1,1,"S","PARTNTID",NA,NA,4,"sample does not have an associated bay program method code"
"623",999,"LRA","ALLARM.LT5","04/01/1995","12:00:00","NO3N.3","M1",862,"CMC","NTWQM",1995-04-01 12:00:00,0.3,"ISM",2,"Water",NA,3,"MG/L",NA,NA,NA,2017-10-27 14:51:49,NA,2,NA,1,1,"S","PARTNTID",NA,NA,4,"sample does not have an associated bay program method code"
"624",999,"LRA","ALLARM.LT9","07/01/1995","12:00:00","TDS.1","M1",896,"CMC","NTWQM",1995-07-01 12:00:00,0.3,"ISM",1,"Water",NA,370,"MG/L",NA,NA,NA,2017-10-27 14:52:29,NA,2,NA,1,1,"S","PARTNTID",NA,NA,4,"sample does not have an associated bay program method code"
"625",999,"LRA","ALLARM.LT9","01/01/1995","12:00:00","NO3N.3","M1",836,"CMC","NTWQM",1995-01-01 12:00:00,0.3,"ISM",2,"Water",NA,2.3,"MG/L",NA,NA,NA,2017-10-27 14:51:20,NA,2,NA,1,1,"S","PARTNTID",NA,NA,4,"sample does not have an associated bay program method code"
"626",999,"LRA","ALLARM.LT7","05/01/1995","12:00:00","NO3N.3","M1",874,"CMC","NTWQM",1995-05-01 12:00:00,0.3,"ISM",2,"Water",NA,3.2,"MG/L",NA,NA,NA,2017-10-27 14:52:03,NA,2,NA,1,1,"S","PARTNTID",NA,NA,4,"sample does not have an associated bay program method code"
"627",999,"LRA","ALLARM.LT9","08/01/1995","12:00:00","NO3N.3","M1",906,"CMC","NTWQM",1995-08-01 12:00:00,0.3,"ISM",2,"Water",NA,3,"MG/L",NA,NA,NA,2017-10-27 14:52:41,NA,2,NA,1,1,"S","PARTNTID",NA,NA,4,"sample does not have an associated bay program method code"
"628",999,"LRA","ALLARM.LT9","01/01/1995","12:00:00","TDS.1","M1",836,"CMC","NTWQM",1995-01-01 12:00:00,0.3,"ISM",1,"Water",NA,370,"MG/L",NA,NA,NA,2017-10-27 14:51:20,NA,2,NA,1,1,"S","PARTNTID",NA,NA,4,"sample does not have an associated bay program method code"
"629",999,"LRA","ALLARM.LT7","05/01/1995","12:00:00","TDS.1","M1",874,"CMC","NTWQM",1995-05-01 12:00:00,0.3,"ISM",1,"Water",NA,360,"MG/L",NA,NA,NA,2017-10-27 14:52:03,NA,2,NA,1,1,"S","PARTNTID",NA,NA,4,"sample does not have an associated bay program method code"
"630",999,"LRA","ALLARM.LT9","08/01/1995","12:00:00","TDS.1","M1",906,"CMC","NTWQM",1995-08-01 12:00:00,0.3,"ISM",1,"Water",NA,350,"MG/L",NA,NA,NA,2017-10-27 14:52:41,NA,2,NA,1,1,"S","PARTNTID",NA,NA,4,"sample does not have an associated bay program method code"
"631",999,"LRA","ALLARM.LT9","02/01/1995","12:00:00","NO3N.3","M1",846,"CMC","NTWQM",1995-02-01 12:00:00,0.3,"ISM",2,"Water",NA,2.4,"MG/L",NA,NA,NA,2017-10-27 14:51:30,NA,2,NA,1,1,"S","PARTNTID",NA,NA,4,"sample does not have an associated bay program method code"
"632",999,"LRA","ALLARM.LT7","06/01/1995","12:00:00","NO3N.3","M1",884,"CMC","NTWQM",1995-06-01 12:00:00,0.3,"ISM",2,"Water",NA,3.2,"MG/L",NA,NA,NA,2017-10-27 14:52:15,NA,2,NA,1,1,"S","PARTNTID",NA,NA,4,"sample does not have an associated bay program method code"
"633",999,"LRA","ALLARM.LT9","09/01/1995","12:00:00","NO3N.3","M1",916,"CMC","NTWQM",1995-09-01 12:00:00,0.3,"ISM",2,"Water",NA,2.9,"MG/L",NA,NA,NA,2017-10-27 14:52:53,NA,2,NA,1,1,"S","PARTNTID",NA,NA,4,"sample does not have an associated bay program method code"
"634",999,"LRA","ALLARM.LT9","02/01/1995","12:00:00","TDS.1","M1",846,"CMC","NTWQM",1995-02-01 12:00:00,0.3,"ISM",1,"Water",NA,360,"MG/L",NA,NA,NA,2017-10-27 14:51:30,NA,2,NA,1,1,"S","PARTNTID",NA,NA,4,"sample does not have an associated bay program method code"
"635",999,"LRA","ALLARM.LT5","06/01/1995","12:00:00","NO3N.3","M1",882,"CMC","NTWQM",1995-06-01 12:00:00,0.3,"ISM",2,"Water",NA,2.5,"MG/L",NA,NA,NA,2017-10-27 14:52:12,NA,2,NA,1,1,"S","PARTNTID",NA,NA,4,"sample does not have an associated bay program method code"
"636",999,"LRA","ALLARM.LT7","04/01/1995","12:00:00","TDS.1","M1",864,"CMC","NTWQM",1995-04-01 12:00:00,0.3,"ISM",1,"Water",NA,370,"MG/L",NA,NA,NA,2017-10-27 14:51:51,NA,2,NA,1,1,"S","PARTNTID",NA,NA,4,"sample does not have an associated bay program method code"
"637",999,"LRA","ALLARM.LT9","03/01/1995","12:00:00","NO3N.3","M1",856,"CMC","NTWQM",1995-03-01 12:00:00,0.3,"ISM",2,"Water",NA,2.5,"MG/L",NA,NA,NA,2017-10-27 14:51:42,NA,2,NA,1,1,"S","PARTNTID",NA,NA,4,"sample does not have an associated bay program method code"
"638",999,"LRA","ALLARM.LT7","07/01/1995","12:00:00","NO3N.3","M1",894,"CMC","NTWQM",1995-07-01 12:00:00,0.3,"ISM",2,"Water",NA,3,"MG/L",NA,NA,NA,2017-10-27 14:52:27,NA,2,NA,1,1,"S","PARTNTID",NA,NA,4,"sample does not have an associated bay program method code"
"639",999,"LRA","ALLARM.LT9","05/01/1995","12:00:00","TDS.1","M1",876,"CMC","NTWQM",1995-05-01 12:00:00,0.3,"ISM",1,"Water",NA,390,"MG/L",NA,NA,NA,2017-10-27 14:52:05,NA,2,NA,1,1,"S","PARTNTID",NA,NA,4,"sample does not have an associated bay program method code"
"640",999,"LRA","ALLARM.LT9","03/01/1995","12:00:00","TDS.1","M1",856,"CMC","NTWQM",1995-03-01 12:00:00,0.3,"ISM",1,"Water",NA,430,"MG/L",NA,NA,NA,2017-10-27 14:51:42,NA,2,NA,1,1,"S","PARTNTID",NA,NA,4,"sample does not have an associated bay program method code"
"641",999,"LRA","ALLARM.LT7","07/01/1995","12:00:00","TDS.1","M1",894,"CMC","NTWQM",1995-07-01 12:00:00,0.3,"ISM",1,"Water",NA,340,"MG/L",NA,NA,NA,2017-10-27 14:52:27,NA,2,NA,1,1,"S","PARTNTID",NA,NA,4,"sample does not have an associated bay program method code"
"642",999,"LRA","ALLARM.LT9","06/01/1995","12:00:00","NO3N.3","M1",886,"CMC","NTWQM",1995-06-01 12:00:00,0.3,"ISM",2,"Water",NA,3.2,"MG/L",NA,NA,NA,2017-10-27 14:52:17,NA,2,NA,1,1,"S","PARTNTID",NA,NA,4,"sample does not have an associated bay program method code"
"643",999,"LRA","ALLARM.LT9","04/01/1995","12:00:00","NO3N.3","M1",866,"CMC","NTWQM",1995-04-01 12:00:00,0.3,"ISM",2,"Water",NA,3.5,"MG/L",NA,NA,NA,2017-10-27 14:51:54,NA,2,NA,1,1,"S","PARTNTID",NA,NA,4,"sample does not have an associated bay program method code"
"644",999,"LRA","ALLARM.LT9","11/01/1995","12:00:00","NO3N.3","M1",936,"CMC","NTWQM",1995-11-01 12:00:00,0.3,"ISM",2,"Water",NA,2.5,"MG/L",NA,NA,NA,2017-10-27 14:53:19,NA,2,NA,1,1,"S","PARTNTID",NA,NA,4,"sample does not have an associated bay program method code"
"645",999,"LRA","ALLARM.LT9","06/01/1995","12:00:00","TDS.1","M1",886,"CMC","NTWQM",1995-06-01 12:00:00,0.3,"ISM",1,"Water",NA,380,"MG/L",NA,NA,NA,2017-10-27 14:52:17,NA,2,NA,1,1,"S","PARTNTID",NA,NA,4,"sample does not have an associated bay program method code"
"646",999,"LRA","ALLARM.LT9","04/01/1995","12:00:00","TDS.1","M1",866,"CMC","NTWQM",1995-04-01 12:00:00,0.3,"ISM",1,"Water",NA,400,"MG/L",NA,NA,NA,2017-10-27 14:51:54,NA,2,NA,1,1,"S","PARTNTID",NA,NA,4,"sample does not have an associated bay program method code"
"647",999,"LRA","ALLARM.LT7","08/01/1995","12:00:00","TDS.1","M1",904,"CMC","NTWQM",1995-08-01 12:00:00,0.3,"ISM",1,"Water",NA,350,"MG/L",NA,NA,NA,2017-10-27 14:52:39,NA,2,NA,1,1,"S","PARTNTID",NA,NA,4,"sample does not have an associated bay program method code"
"648",999,"LRA","ALLARM.LT7","06/01/1995","12:00:00","TDS.1","M1",884,"CMC","NTWQM",1995-06-01 12:00:00,0.3,"ISM",1,"Water",NA,350,"MG/L",NA,NA,NA,2017-10-27 14:52:15,NA,2,NA,1,1,"S","PARTNTID",NA,NA,4,"sample does not have an associated bay program method code"
"649",999,"LRA","ALLARM.LT7","11/01/1995","12:00:00","NO3N.3","M1",934,"CMC","NTWQM",1995-11-01 12:00:00,0.3,"ISM",2,"Water",NA,2.2,"MG/L",NA,NA,NA,2017-10-27 14:53:17,NA,2,NA,1,1,"S","PARTNTID",NA,NA,4,"sample does not have an associated bay program method code"
"650",999,"LRA","ALLARM.LT7","09/01/1995","12:00:00","NO3N.3","M1",914,"CMC","NTWQM",1995-09-01 12:00:00,0.3,"ISM",2,"Water",NA,2.6,"MG/L",NA,NA,NA,2017-10-27 14:52:51,NA,2,NA,1,1,"S","PARTNTID",NA,NA,4,"sample does not have an associated bay program method code"
"651",999,"LRA","ALLARM.LT7","10/01/1995","12:00:00","TDS.1","M1",924,"CMC","NTWQM",1995-10-01 12:00:00,0.3,"ISM",1,"Water",NA,330,"MG/L",NA,NA,NA,2017-10-27 14:53:04,NA,2,NA,1,1,"S","PARTNTID",NA,NA,4,"sample does not have an associated bay program method code"
"652",999,"LRA","ALLARM.LT7","10/01/1995","12:00:00","NO3N.3","M1",924,"CMC","NTWQM",1995-10-01 12:00:00,0.3,"ISM",2,"Water",NA,2.4,"MG/L",NA,NA,NA,2017-10-27 14:53:04,NA,2,NA,1,1,"S","PARTNTID",NA,NA,4,"sample does not have an associated bay program method code"
"653",999,"LRA","ALLARM.LT7","09/01/1995","12:00:00","TDS.1","M1",914,"CMC","NTWQM",1995-09-01 12:00:00,0.3,"ISM",1,"Water",NA,330,"MG/L",NA,NA,NA,2017-10-27 14:52:51,NA,2,NA,1,1,"S","PARTNTID",NA,NA,4,"sample does not have an associated bay program method code"
"654",999,"LRA","ALLARM.LT9","09/01/1995","12:00:00","TDS.1","M1",916,"CMC","NTWQM",1995-09-01 12:00:00,0.3,"ISM",1,"Water",NA,360,"MG/L",NA,NA,NA,2017-10-27 14:52:53,NA,2,NA,1,1,"S","PARTNTID",NA,NA,4,"sample does not have an associated bay program method code"
"655",999,"LRA","ALLARM.LT7","08/01/1995","12:00:00","NO3N.3","M1",904,"CMC","NTWQM",1995-08-01 12:00:00,0.3,"ISM",2,"Water",NA,2.9,"MG/L",NA,NA,NA,2017-10-27 14:52:39,NA,2,NA,1,1,"S","PARTNTID",NA,NA,4,"sample does not have an associated bay program method code"
