"","paramMethod","SOURCE","STATION","SAMPLE_DATE","SAMPLE_TIME","paramCode","SAMPLE_ID","EventId","AGENCY","PROGRAM","DateTime","DEPTH","SAMPLE_TYPE","TIER","Matrix","QUALIFIER","VALUE","UNITS","PROBLEM","LAB","labName","modifiedDate","detLimit","qaFlag","COMMENTS","count.x","count.y","LAYER","PROJECT","SampleAnalyticalMethodIdentifier","SubstanceIdentificationName","errorCode","errorName"
"757",999,"LRA","ALLARM.LT3","06/13/2005","12:00:00","NO3N.3","M1",2130,"CMC","NTWQM",2005-06-13 12:00:00,0.3,"ISM",2,"Water",NA,4.3,"MG/L",NA,NA,NA,2017-10-27 16:39:44,NA,2,NA,1,1,"S","PARTNTID",NA,NA,4,"sample does not have an associated bay program method code"
"758",999,"LRA","ALLARM.LT1","01/26/2005","12:00:00","NO3N.3","M1",2063,"CMC","NTWQM",2005-01-26 12:00:00,0.3,"ISM",2,"Water",NA,3.9,"MG/L",NA,NA,NA,2017-10-27 16:38:06,NA,2,NA,1,1,"S","PARTNTID",NA,NA,4,"sample does not have an associated bay program method code"
"759",999,"LRA","ALLARM.LT4","06/13/2005","12:00:00","NO3N.3","M1",2131,"CMC","NTWQM",2005-06-13 12:00:00,0.3,"ISM",2,"Water",NA,3.8,"MG/L",NA,NA,NA,2017-10-27 16:39:46,NA,2,NA,1,1,"S","PARTNTID",NA,NA,4,"sample does not have an associated bay program method code"
"760",999,"LRA","ALLARM.LT1","07/27/2005","12:00:00","NO3N.3","M1",2141,"CMC","NTWQM",2005-07-27 12:00:00,0.3,"ISM",2,"Water",NA,3.4,"MG/L",NA,NA,NA,2017-10-27 16:40:02,NA,2,NA,1,1,"S","PARTNTID",NA,NA,4,"sample does not have an associated bay program method code"
"761",999,"LRA","ALLARM.LT1","01/26/2005","12:00:00","TDS.1","M1",2063,"CMC","NTWQM",2005-01-26 12:00:00,0.3,"ISM",1,"Water",NA,260,"MG/L",NA,NA,NA,2017-10-27 16:38:06,NA,2,NA,1,1,"S","PARTNTID",NA,NA,4,"sample does not have an associated bay program method code"
"762",999,"LRA","ALLARM.LT10","07/27/2005","12:00:00","NO3N.3","M1",2149,"CMC","NTWQM",2005-07-27 12:00:00,0.3,"ISM",2,"Water",NA,1.9,"MG/L",NA,NA,NA,2017-10-27 16:40:17,NA,2,NA,1,1,"S","PARTNTID",NA,NA,4,"sample does not have an associated bay program method code"
"763",999,"LRA","ALLARM.WL","01/26/2005","12:00:00","NO3N.3","M1",2075,"CMC","NTWQM",2005-01-26 12:00:00,0.3,"ISM",2,"Water",NA,2,"MG/L",NA,NA,NA,2017-10-27 16:38:22,NA,2,NA,1,1,"S","PARTNTID",NA,NA,4,"sample does not have an associated bay program method code"
"764",999,"LRA","ALLARM.LT2","01/26/2005","12:00:00","TDS.1","M1",2064,"CMC","NTWQM",2005-01-26 12:00:00,0.3,"ISM",1,"Water",NA,260,"MG/L",NA,NA,NA,2017-10-27 16:38:07,NA,2,NA,1,1,"S","PARTNTID",NA,NA,4,"sample does not have an associated bay program method code"
"765",999,"LRA","ALLARM.LT1","02/28/2005","12:00:00","NO3N.3","M1",2076,"CMC","NTWQM",2005-02-28 12:00:00,0.3,"ISM",2,"Water",NA,3.9,"MG/L",NA,NA,NA,2017-10-27 16:38:24,NA,2,NA,1,1,"S","PARTNTID",NA,NA,4,"sample does not have an associated bay program method code"
"766",999,"LRA","ALLARM.LT4","07/27/2005","12:00:00","NO3N.3","M1",2144,"CMC","NTWQM",2005-07-27 12:00:00,0.3,"ISM",2,"Water",NA,4.1,"MG/L",NA,NA,NA,2017-10-27 16:40:07,NA,2,NA,1,1,"S","PARTNTID",NA,NA,4,"sample does not have an associated bay program method code"
"767",999,"LRA","ALLARM.LT1","08/10/2005","12:00:00","NO3N.3","M1",2153,"CMC","NTWQM",2005-08-10 12:00:00,0.3,"ISM",2,"Water",NA,8.3,"MG/L",NA,NA,NA,2017-10-27 16:40:24,NA,2,NA,1,1,"S","PARTNTID",NA,NA,4,"sample does not have an associated bay program method code"
"768",999,"LRA","ALLARM.LT1","02/28/2005","12:00:00","TDS.1","M1",2076,"CMC","NTWQM",2005-02-28 12:00:00,0.3,"ISM",1,"Water",NA,270,"MG/L",NA,NA,NA,2017-10-27 16:38:24,NA,2,NA,1,1,"S","PARTNTID",NA,NA,4,"sample does not have an associated bay program method code"
"769",999,"LRA","ALLARM.LT10","08/10/2005","12:00:00","NO3N.3","M1",2162,"CMC","NTWQM",2005-08-10 12:00:00,0.3,"ISM",2,"Water",NA,3.1,"MG/L",NA,NA,NA,2017-10-27 16:40:40,NA,2,NA,1,1,"S","PARTNTID",NA,NA,4,"sample does not have an associated bay program method code"
"770",999,"LRA","ALLARM.WL","02/28/2005","12:00:00","NO3N.3","M1",2088,"CMC","NTWQM",2005-02-28 12:00:00,0.3,"ISM",2,"Water",NA,1.8,"MG/L",NA,NA,NA,2017-10-27 16:38:41,NA,2,NA,1,1,"S","PARTNTID",NA,NA,4,"sample does not have an associated bay program method code"
"771",999,"LRA","ALLARM.LT3","08/10/2005","12:00:00","NO3N.3","M1",2155,"CMC","NTWQM",2005-08-10 12:00:00,0.3,"ISM",2,"Water",NA,3.9,"MG/L",NA,NA,NA,2017-10-27 16:40:28,NA,2,NA,1,1,"S","PARTNTID",NA,NA,4,"sample does not have an associated bay program method code"
"772",999,"LRA","ALLARM.LT1","03/22/2005","12:00:00","NO3N.3","M1",2089,"CMC","NTWQM",2005-03-22 12:00:00,0.3,"ISM",2,"Water",NA,3.9,"MG/L",NA,NA,NA,2017-10-27 16:38:42,NA,2,NA,1,1,"S","PARTNTID",NA,NA,4,"sample does not have an associated bay program method code"
"773",999,"LRA","ALLARM.LT4","08/10/2005","12:00:00","NO3N.3","M1",2156,"CMC","NTWQM",2005-08-10 12:00:00,0.3,"ISM",2,"Water",NA,3.3,"MG/L",NA,NA,NA,2017-10-27 16:40:30,NA,2,NA,1,1,"S","PARTNTID",NA,NA,4,"sample does not have an associated bay program method code"
"774",999,"LRA","ALLARM.LT1","09/21/2005","12:00:00","NO3N.3","M1",2166,"CMC","NTWQM",2005-09-21 12:00:00,0.3,"ISM",2,"Water",NA,2.4,"MG/L",NA,NA,NA,2017-10-27 16:40:46,NA,2,NA,1,1,"S","PARTNTID",NA,NA,4,"sample does not have an associated bay program method code"
"775",999,"LRA","ALLARM.LT1","03/22/2005","12:00:00","TDS.1","M1",2089,"CMC","NTWQM",2005-03-22 12:00:00,0.3,"ISM",1,"Water",NA,260,"MG/L",NA,NA,NA,2017-10-27 16:38:42,NA,2,NA,1,1,"S","PARTNTID",NA,NA,4,"sample does not have an associated bay program method code"
"776",999,"LRA","ALLARM.LT10","09/21/2005","12:00:00","NO3N.3","M1",2175,"CMC","NTWQM",2005-09-21 12:00:00,0.3,"ISM",2,"Water",NA,3.4,"MG/L",NA,NA,NA,2017-10-27 16:41:00,NA,2,NA,1,1,"S","PARTNTID",NA,NA,4,"sample does not have an associated bay program method code"
"777",999,"LRA","ALLARM.WL","03/22/2005","12:00:00","NO3N.3","M1",2101,"CMC","NTWQM",2005-03-22 12:00:00,0.3,"ISM",2,"Water",NA,2.2,"MG/L",NA,NA,NA,2017-10-27 16:38:59,NA,2,NA,1,1,"S","PARTNTID",NA,NA,4,"sample does not have an associated bay program method code"
"778",999,"LRA","ALLARM.LT3","09/21/2005","12:00:00","NO3N.3","M1",2168,"CMC","NTWQM",2005-09-21 12:00:00,0.3,"ISM",2,"Water",NA,3.9,"MG/L",NA,NA,NA,2017-10-27 16:40:49,NA,2,NA,1,1,"S","PARTNTID",NA,NA,4,"sample does not have an associated bay program method code"
"779",999,"LRA","ALLARM.LT1","04/18/2005","12:00:00","NO3N.3","M1",2102,"CMC","NTWQM",2005-04-18 12:00:00,0.3,"ISM",2,"Water",NA,5.1,"MG/L",NA,NA,NA,2017-10-27 16:39:01,NA,2,NA,1,1,"S","PARTNTID",NA,NA,4,"sample does not have an associated bay program method code"
"780",999,"LRA","ALLARM.LT4","09/21/2005","12:00:00","NO3N.3","M1",2169,"CMC","NTWQM",2005-09-21 12:00:00,0.3,"ISM",2,"Water",NA,4.3,"MG/L",NA,NA,NA,2017-10-27 16:40:51,NA,2,NA,1,1,"S","PARTNTID",NA,NA,4,"sample does not have an associated bay program method code"
"781",999,"LRA","ALLARM.LT2","04/18/2005","12:00:00","NO3N.3","M1",2103,"CMC","NTWQM",2005-04-18 12:00:00,0.3,"ISM",2,"Water",NA,4.5,"MG/L",NA,NA,NA,2017-10-27 16:39:02,NA,2,NA,1,1,"S","PARTNTID",NA,NA,4,"sample does not have an associated bay program method code"
"782",999,"LRA","ALLARM.LT1","04/18/2005","12:00:00","TDS.1","M1",2102,"CMC","NTWQM",2005-04-18 12:00:00,0.3,"ISM",1,"Water",NA,230,"MG/L",NA,NA,NA,2017-10-27 16:39:01,NA,2,NA,1,1,"S","PARTNTID",NA,NA,4,"sample does not have an associated bay program method code"
"783",999,"LRA","ALLARM.LT3","04/18/2005","12:00:00","NO3N.3","M1",2104,"CMC","NTWQM",2005-04-18 12:00:00,0.3,"ISM",2,"Water",NA,4.1,"MG/L",NA,NA,NA,2017-10-27 16:39:03,NA,2,NA,1,1,"S","PARTNTID",NA,NA,4,"sample does not have an associated bay program method code"
"784",999,"LRA","ALLARM.WL","04/18/2005","12:00:00","NO3N.3","M1",2114,"CMC","NTWQM",2005-04-18 12:00:00,0.3,"ISM",2,"Water",NA,2,"MG/L",NA,NA,NA,2017-10-27 16:39:18,NA,2,NA,1,1,"S","PARTNTID",NA,NA,4,"sample does not have an associated bay program method code"
"785",999,"LRA","ALLARM.LT10","10/19/2005","12:00:00","TDS.1","M1",2185,"CMC","NTWQM",2005-10-19 12:00:00,0.3,"ISM",1,"Water",NA,320,"MG/L",NA,NA,NA,2017-10-27 16:41:17,NA,2,NA,1,1,"S","PARTNTID",NA,NA,4,"sample does not have an associated bay program method code"
"786",999,"LRA","ALLARM.LT1","05/02/2005","12:00:00","NO3N.3","M1",2115,"CMC","NTWQM",2005-05-02 12:00:00,0.3,"ISM",2,"Water",NA,3.7,"MG/L",NA,NA,NA,2017-10-27 16:39:20,NA,2,NA,1,1,"S","PARTNTID",NA,NA,4,"sample does not have an associated bay program method code"
"787",999,"LRA","ALLARM.MG1","10/19/2005","12:00:00","NO3N.3","M1",2186,"CMC","NTWQM",2005-10-19 12:00:00,0.3,"ISM",2,"Water",NA,1.8,"MG/L",NA,NA,NA,2017-10-27 16:41:19,NA,2,NA,1,1,"S","PARTNTID",NA,NA,4,"sample does not have an associated bay program method code"
"788",999,"LRA","ALLARM.LT2","05/02/2005","12:00:00","NO3N.3","M1",2116,"CMC","NTWQM",2005-05-02 12:00:00,0.3,"ISM",2,"Water",NA,3.1,"MG/L",NA,NA,NA,2017-10-27 16:39:21,NA,2,NA,1,1,"S","PARTNTID",NA,NA,4,"sample does not have an associated bay program method code"
"789",999,"LRA","ALLARM.LT1","05/02/2005","12:00:00","TDS.1","M1",2115,"CMC","NTWQM",2005-05-02 12:00:00,0.3,"ISM",1,"Water",NA,240,"MG/L",NA,NA,NA,2017-10-27 16:39:20,NA,2,NA,1,1,"S","PARTNTID",NA,NA,4,"sample does not have an associated bay program method code"
"790",999,"LRA","ALLARM.LT3","05/02/2005","12:00:00","NO3N.3","M1",2117,"CMC","NTWQM",2005-05-02 12:00:00,0.3,"ISM",2,"Water",NA,4,"MG/L",NA,NA,NA,2017-10-27 16:39:23,NA,2,NA,1,1,"S","PARTNTID",NA,NA,4,"sample does not have an associated bay program method code"
"791",999,"LRA","ALLARM.WL","05/02/2005","12:00:00","NO3N.3","M1",2127,"CMC","NTWQM",2005-05-02 12:00:00,0.3,"ISM",2,"Water",NA,1.2,"MG/L",NA,NA,NA,2017-10-27 16:39:39,NA,2,NA,1,1,"S","PARTNTID",NA,NA,4,"sample does not have an associated bay program method code"
"792",999,"LRA","ALLARM.LT10","11/16/2005","12:00:00","TDS.1","M1",2198,"CMC","NTWQM",2005-11-16 12:00:00,0.3,"ISM",1,"Water",NA,380,"MG/L",NA,NA,NA,2017-10-27 16:41:43,NA,2,NA,1,1,"S","PARTNTID",NA,NA,4,"sample does not have an associated bay program method code"
"793",999,"LRA","ALLARM.LT1","06/13/2005","12:00:00","NO3N.3","M1",2128,"CMC","NTWQM",2005-06-13 12:00:00,0.3,"ISM",2,"Water",NA,3.5,"MG/L",NA,NA,NA,2017-10-27 16:39:41,NA,2,NA,1,1,"S","PARTNTID",NA,NA,4,"sample does not have an associated bay program method code"
"794",999,"LRA","ALLARM.MG1","11/16/2005","12:00:00","NO3N.3","M1",2199,"CMC","NTWQM",2005-11-16 12:00:00,0.3,"ISM",2,"Water",NA,0.4,"MG/L",NA,NA,NA,2017-10-27 16:41:44,NA,2,NA,1,1,"S","PARTNTID",NA,NA,4,"sample does not have an associated bay program method code"
"795",999,"LRA","ALLARM.LT2","06/13/2005","12:00:00","NO3N.3","M1",2129,"CMC","NTWQM",2005-06-13 12:00:00,0.3,"ISM",2,"Water",NA,2.8,"MG/L",NA,NA,NA,2017-10-27 16:39:42,NA,2,NA,1,1,"S","PARTNTID",NA,NA,4,"sample does not have an associated bay program method code"
"796",999,"LRA","ALLARM.LT1","06/13/2005","12:00:00","TDS.1","M1",2128,"CMC","NTWQM",2005-06-13 12:00:00,0.3,"ISM",1,"Water",NA,230,"MG/L",NA,NA,NA,2017-10-27 16:39:41,NA,2,NA,1,1,"S","PARTNTID",NA,NA,4,"sample does not have an associated bay program method code"
"797",999,"LRA","ALLARM.LT1","12/01/2005","12:00:00","TDS.1","M1",2202,"CMC","NTWQM",2005-12-01 12:00:00,0.3,"ISM",1,"Water",NA,250,"MG/L",NA,NA,NA,2017-10-27 16:41:50,NA,2,NA,1,1,"S","PARTNTID",NA,NA,4,"sample does not have an associated bay program method code"
"798",999,"LRA","ALLARM.WL","06/13/2005","12:00:00","NO3N.3","M1",2140,"CMC","NTWQM",2005-06-13 12:00:00,0.3,"ISM",2,"Water",NA,0.9,"MG/L",NA,NA,NA,2017-10-27 16:40:01,NA,2,NA,1,1,"S","PARTNTID",NA,NA,4,"sample does not have an associated bay program method code"
"799",999,"LRA","ALLARM.LT10","12/01/2005","12:00:00","TDS.1","M1",2211,"CMC","NTWQM",2005-12-01 12:00:00,0.3,"ISM",1,"Water",NA,380,"MG/L",NA,NA,NA,2017-10-27 16:42:06,NA,2,NA,1,1,"S","PARTNTID",NA,NA,4,"sample does not have an associated bay program method code"
"800",999,"LRA","ALLARM.LT7","05/02/2005","12:00:00","NO3N.3","M1",2121,"CMC","NTWQM",2005-05-02 12:00:00,0.3,"ISM",2,"Water",NA,3.9,"MG/L",NA,NA,NA,2017-10-27 16:39:29,NA,2,NA,1,1,"S","PARTNTID",NA,NA,4,"sample does not have an associated bay program method code"
"801",999,"LRA","ALLARM.MG1","12/01/2005","12:00:00","NO3N.3","M1",2212,"CMC","NTWQM",2005-12-01 12:00:00,0.3,"ISM",2,"Water",NA,0.3,"MG/L",NA,NA,NA,2017-10-27 16:42:08,NA,2,NA,1,1,"S","PARTNTID",NA,NA,4,"sample does not have an associated bay program method code"
"802",999,"LRA","ALLARM.LT2","07/27/2005","12:00:00","NO3N.3","M1",2142,"CMC","NTWQM",2005-07-27 12:00:00,0.3,"ISM",2,"Water",NA,4.5,"MG/L",NA,NA,NA,2017-10-27 16:40:04,NA,2,NA,1,1,"S","PARTNTID",NA,NA,4,"sample does not have an associated bay program method code"
"803",999,"LRA","ALLARM.LT1","07/27/2005","12:00:00","TDS.1","M1",2141,"CMC","NTWQM",2005-07-27 12:00:00,0.3,"ISM",1,"Water",NA,220,"MG/L",NA,NA,NA,2017-10-27 16:40:02,NA,2,NA,1,1,"S","PARTNTID",NA,NA,4,"sample does not have an associated bay program method code"
"804",999,"LRA","ALLARM.LT10","01/26/2005","12:00:00","TDS.1","M1",2072,"CMC","NTWQM",2005-01-26 12:00:00,0.3,"ISM",1,"Water",NA,350,"MG/L",NA,NA,NA,2017-10-27 16:38:18,NA,2,NA,1,1,"S","PARTNTID",NA,NA,4,"sample does not have an associated bay program method code"
"805",999,"LRA","ALLARM.WL","07/27/2005","12:00:00","NO3N.3","M1",2152,"CMC","NTWQM",2005-07-27 12:00:00,0.3,"ISM",2,"Water",NA,0.4,"MG/L",NA,NA,NA,2017-10-27 16:40:23,NA,2,NA,1,1,"S","PARTNTID",NA,NA,4,"sample does not have an associated bay program method code"
"806",999,"LRA","ALLARM.LT10","07/27/2005","12:00:00","TDS.1","M1",2149,"CMC","NTWQM",2005-07-27 12:00:00,0.3,"ISM",1,"Water",NA,250,"MG/L",NA,NA,NA,2017-10-27 16:40:17,NA,2,NA,1,1,"S","PARTNTID",NA,NA,4,"sample does not have an associated bay program method code"
"807",999,"LRA","ALLARM.LT7","06/13/2005","12:00:00","NO3N.3","M1",2134,"CMC","NTWQM",2005-06-13 12:00:00,0.3,"ISM",2,"Water",NA,3.1,"MG/L",NA,NA,NA,2017-10-27 16:39:51,NA,2,NA,1,1,"S","PARTNTID",NA,NA,4,"sample does not have an associated bay program method code"
"808",999,"LRA","ALLARM.MG2","01/26/2005","12:00:00","NO3N.3","M1",2074,"CMC","NTWQM",2005-01-26 12:00:00,0.3,"ISM",2,"Water",NA,2,"MG/L",NA,NA,NA,2017-10-27 16:38:21,NA,2,NA,1,1,"S","PARTNTID",NA,NA,4,"sample does not have an associated bay program method code"
"809",999,"LRA","ALLARM.LT2","08/10/2005","12:00:00","NO3N.3","M1",2154,"CMC","NTWQM",2005-08-10 12:00:00,0.3,"ISM",2,"Water",NA,4.6,"MG/L",NA,NA,NA,2017-10-27 16:40:26,NA,2,NA,1,1,"S","PARTNTID",NA,NA,4,"sample does not have an associated bay program method code"
"810",999,"LRA","ALLARM.LT1","08/10/2005","12:00:00","TDS.1","M1",2153,"CMC","NTWQM",2005-08-10 12:00:00,0.3,"ISM",1,"Water",NA,230,"MG/L",NA,NA,NA,2017-10-27 16:40:24,NA,2,NA,1,1,"S","PARTNTID",NA,NA,4,"sample does not have an associated bay program method code"
"811",999,"LRA","ALLARM.LT10","02/28/2005","12:00:00","TDS.1","M1",2085,"CMC","NTWQM",2005-02-28 12:00:00,0.3,"ISM",1,"Water",NA,350,"MG/L",NA,NA,NA,2017-10-27 16:38:36,NA,2,NA,1,1,"S","PARTNTID",NA,NA,4,"sample does not have an associated bay program method code"
"812",999,"LRA","ALLARM.WL","08/10/2005","12:00:00","NO3N.3","M1",2165,"CMC","NTWQM",2005-08-10 12:00:00,0.3,"ISM",2,"Water",NA,1.3,"MG/L",NA,NA,NA,2017-10-27 16:40:45,NA,2,NA,1,1,"S","PARTNTID",NA,NA,4,"sample does not have an associated bay program method code"
"813",999,"LRA","ALLARM.LT10","08/10/2005","12:00:00","TDS.1","M1",2162,"CMC","NTWQM",2005-08-10 12:00:00,0.3,"ISM",1,"Water",NA,250,"MG/L",NA,NA,NA,2017-10-27 16:40:40,NA,2,NA,1,1,"S","PARTNTID",NA,NA,4,"sample does not have an associated bay program method code"
"814",999,"LRA","ALLARM.LT7","08/10/2005","12:00:00","NO3N.3","M1",2159,"CMC","NTWQM",2005-08-10 12:00:00,0.3,"ISM",2,"Water",NA,2.9,"MG/L",NA,NA,NA,2017-10-27 16:40:35,NA,2,NA,1,1,"S","PARTNTID",NA,NA,4,"sample does not have an associated bay program method code"
"815",999,"LRA","ALLARM.MG2","02/28/2005","12:00:00","NO3N.3","M1",2087,"CMC","NTWQM",2005-02-28 12:00:00,0.3,"ISM",2,"Water",NA,1.9,"MG/L",NA,NA,NA,2017-10-27 16:38:39,NA,2,NA,1,1,"S","PARTNTID",NA,NA,4,"sample does not have an associated bay program method code"
"816",999,"LRA","ALLARM.LT2","09/21/2005","12:00:00","NO3N.3","M1",2167,"CMC","NTWQM",2005-09-21 12:00:00,0.3,"ISM",2,"Water",NA,4.6,"MG/L",NA,NA,NA,2017-10-27 16:40:48,NA,2,NA,1,1,"S","PARTNTID",NA,NA,4,"sample does not have an associated bay program method code"
"817",999,"LRA","ALLARM.LT2","03/22/2005","12:00:00","TDS.1","M1",2090,"CMC","NTWQM",2005-03-22 12:00:00,0.3,"ISM",1,"Water",NA,250,"MG/L",NA,NA,NA,2017-10-27 16:38:43,NA,2,NA,1,1,"S","PARTNTID",NA,NA,4,"sample does not have an associated bay program method code"
"818",999,"LRA","ALLARM.LT10","03/22/2005","12:00:00","TDS.1","M1",2098,"CMC","NTWQM",2005-03-22 12:00:00,0.3,"ISM",1,"Water",NA,310,"MG/L",NA,NA,NA,2017-10-27 16:38:55,NA,2,NA,1,1,"S","PARTNTID",NA,NA,4,"sample does not have an associated bay program method code"
"819",999,"LRA","ALLARM.LT4","03/22/2005","12:00:00","NO3N.3","M1",2092,"CMC","NTWQM",2005-03-22 12:00:00,0.3,"ISM",2,"Water",NA,3.9,"MG/L",NA,NA,NA,2017-10-27 16:38:46,NA,2,NA,1,1,"S","PARTNTID",NA,NA,4,"sample does not have an associated bay program method code"
"820",999,"LRA","ALLARM.LT1","10/19/2005","12:00:00","NO3N.3","M1",2176,"CMC","NTWQM",2005-10-19 12:00:00,0.3,"ISM",2,"Water",NA,3.5,"MG/L",NA,NA,NA,2017-10-27 16:41:02,NA,2,NA,1,1,"S","PARTNTID",NA,NA,4,"sample does not have an associated bay program method code"
"821",999,"LRA","ALLARM.LT7","09/21/2005","12:00:00","NO3N.3","M1",2172,"CMC","NTWQM",2005-09-21 12:00:00,0.3,"ISM",2,"Water",NA,3.3,"MG/L",NA,NA,NA,2017-10-27 16:40:56,NA,2,NA,1,1,"S","PARTNTID",NA,NA,4,"sample does not have an associated bay program method code"
"822",999,"LRA","ALLARM.MG2","03/22/2005","12:00:00","NO3N.3","M1",2100,"CMC","NTWQM",2005-03-22 12:00:00,0.3,"ISM",2,"Water",NA,2.2,"MG/L",NA,NA,NA,2017-10-27 16:38:58,NA,2,NA,1,1,"S","PARTNTID",NA,NA,4,"sample does not have an associated bay program method code"
"823",999,"LRA","ALLARM.LT1","10/19/2005","12:00:00","TDS.1","M1",2176,"CMC","NTWQM",2005-10-19 12:00:00,0.3,"ISM",1,"Water",NA,270,"MG/L",NA,NA,NA,2017-10-27 16:41:02,NA,2,NA,1,1,"S","PARTNTID",NA,NA,4,"sample does not have an associated bay program method code"
"824",999,"LRA","ALLARM.LT2","04/18/2005","12:00:00","TDS.1","M1",2103,"CMC","NTWQM",2005-04-18 12:00:00,0.3,"ISM",1,"Water",NA,230,"MG/L",NA,NA,NA,2017-10-27 16:39:02,NA,2,NA,1,1,"S","PARTNTID",NA,NA,4,"sample does not have an associated bay program method code"
"825",999,"LRA","ALLARM.LT6","09/21/2005","12:00:00","NO3N.3","M1",2171,"CMC","NTWQM",2005-09-21 12:00:00,0.3,"ISM",2,"Water",NA,3.7,"MG/L",NA,NA,NA,2017-10-27 16:40:54,NA,2,NA,1,1,"S","PARTNTID",NA,NA,4,"sample does not have an associated bay program method code"
"826",999,"LRA","ALLARM.LT4","04/18/2005","12:00:00","NO3N.3","M1",2105,"CMC","NTWQM",2005-04-18 12:00:00,0.3,"ISM",2,"Water",NA,4.2,"MG/L",NA,NA,NA,2017-10-27 16:39:05,NA,2,NA,1,1,"S","PARTNTID",NA,NA,4,"sample does not have an associated bay program method code"
"827",999,"LRA","ALLARM.LT1","11/16/2005","12:00:00","NO3N.3","M1",2189,"CMC","NTWQM",2005-11-16 12:00:00,0.3,"ISM",2,"Water",NA,2.8,"MG/L",NA,NA,NA,2017-10-27 16:41:24,NA,2,NA,1,1,"S","PARTNTID",NA,NA,4,"sample does not have an associated bay program method code"
"828",999,"LRA","ALLARM.WL","04/18/2005","12:00:00","TDS.1","M1",2114,"CMC","NTWQM",2005-04-18 12:00:00,0.3,"ISM",1,"Water",NA,370,"MG/L",NA,NA,NA,2017-10-27 16:39:18,NA,2,NA,1,1,"S","PARTNTID",NA,NA,4,"sample does not have an associated bay program method code"
"829",999,"LRA","ALLARM.LT10","05/02/2005","12:00:00","NO3N.3","M1",2124,"CMC","NTWQM",2005-05-02 12:00:00,0.3,"ISM",2,"Water",NA,3,"MG/L",NA,NA,NA,2017-10-27 16:39:33,NA,2,NA,1,1,"S","PARTNTID",NA,NA,4,"sample does not have an associated bay program method code"
"830",999,"LRA","ALLARM.LT1","11/16/2005","12:00:00","TDS.1","M1",2189,"CMC","NTWQM",2005-11-16 12:00:00,0.3,"ISM",1,"Water",NA,290,"MG/L",NA,NA,NA,2017-10-27 16:41:24,NA,2,NA,1,1,"S","PARTNTID",NA,NA,4,"sample does not have an associated bay program method code"
"831",999,"LRA","ALLARM.LT2","05/02/2005","12:00:00","TDS.1","M1",2116,"CMC","NTWQM",2005-05-02 12:00:00,0.3,"ISM",1,"Water",NA,240,"MG/L",NA,NA,NA,2017-10-27 16:39:21,NA,2,NA,1,1,"S","PARTNTID",NA,NA,4,"sample does not have an associated bay program method code"
"832",999,"LRA","ALLARM.LT10","05/02/2005","12:00:00","TDS.1","M1",2124,"CMC","NTWQM",2005-05-02 12:00:00,0.3,"ISM",1,"Water",NA,310,"MG/L",NA,NA,NA,2017-10-27 16:39:33,NA,2,NA,1,1,"S","PARTNTID",NA,NA,4,"sample does not have an associated bay program method code"
"833",999,"LRA","ALLARM.WL","12/01/2005","12:00:00","TDS.1","M1",2214,"CMC","NTWQM",2005-12-01 12:00:00,0.3,"ISM",1,"Water",NA,90,"MG/L",NA,NA,NA,2017-10-27 16:42:12,NA,2,NA,1,1,"S","PARTNTID",NA,NA,4,"sample does not have an associated bay program method code"
"834",999,"LRA","ALLARM.LT1","12/01/2005","12:00:00","NO3N.3","M1",2202,"CMC","NTWQM",2005-12-01 12:00:00,0.3,"ISM",2,"Water",NA,3.1,"MG/L",NA,NA,NA,2017-10-27 16:41:50,NA,2,NA,1,1,"S","PARTNTID",NA,NA,4,"sample does not have an associated bay program method code"
"835",999,"LRA","ALLARM.WL","05/02/2005","12:00:00","TDS.1","M1",2127,"CMC","NTWQM",2005-05-02 12:00:00,0.3,"ISM",1,"Water",NA,370,"MG/L",NA,NA,NA,2017-10-27 16:39:39,NA,2,NA,1,1,"S","PARTNTID",NA,NA,4,"sample does not have an associated bay program method code"
"836",999,"LRA","ALLARM.LT10","06/13/2005","12:00:00","NO3N.3","M1",2137,"CMC","NTWQM",2005-06-13 12:00:00,0.3,"ISM",2,"Water",NA,4.1,"MG/L",NA,NA,NA,2017-10-27 16:39:56,NA,2,NA,1,1,"S","PARTNTID",NA,NA,4,"sample does not have an associated bay program method code"
"837",999,"LRA","ALLARM.MG2","12/01/2005","12:00:00","NO3N.3","M1",2213,"CMC","NTWQM",2005-12-01 12:00:00,0.3,"ISM",2,"Water",NA,0.4,"MG/L",NA,NA,NA,2017-10-27 16:42:10,NA,2,NA,1,1,"S","PARTNTID",NA,NA,4,"sample does not have an associated bay program method code"
"838",999,"LRA","ALLARM.LT2","06/13/2005","12:00:00","TDS.1","M1",2129,"CMC","NTWQM",2005-06-13 12:00:00,0.3,"ISM",1,"Water",NA,210,"MG/L",NA,NA,NA,2017-10-27 16:39:42,NA,2,NA,1,1,"S","PARTNTID",NA,NA,4,"sample does not have an associated bay program method code"
"839",999,"LRA","ALLARM.LT10","06/13/2005","12:00:00","TDS.1","M1",2137,"CMC","NTWQM",2005-06-13 12:00:00,0.3,"ISM",1,"Water",NA,260,"MG/L",NA,NA,NA,2017-10-27 16:39:56,NA,2,NA,1,1,"S","PARTNTID",NA,NA,4,"sample does not have an associated bay program method code"
"840",999,"LRA","ALLARM.LT2","12/01/2005","12:00:00","TDS.1","M1",2203,"CMC","NTWQM",2005-12-01 12:00:00,0.3,"ISM",1,"Water",NA,240,"MG/L",NA,NA,NA,2017-10-27 16:41:52,NA,2,NA,1,1,"S","PARTNTID",NA,NA,4,"sample does not have an associated bay program method code"
"841",999,"LRA","ALLARM.LT10","01/26/2005","12:00:00","NO3N.3","M1",2072,"CMC","NTWQM",2005-01-26 12:00:00,0.3,"ISM",2,"Water",NA,2.8,"MG/L",NA,NA,NA,2017-10-27 16:38:18,NA,2,NA,1,1,"S","PARTNTID",NA,NA,4,"sample does not have an associated bay program method code"
"842",999,"LRA","ALLARM.WL","06/13/2005","12:00:00","TDS.1","M1",2140,"CMC","NTWQM",2005-06-13 12:00:00,0.3,"ISM",1,"Water",NA,370,"MG/L",NA,NA,NA,2017-10-27 16:40:01,NA,2,NA,1,1,"S","PARTNTID",NA,NA,4,"sample does not have an associated bay program method code"
"843",999,"LRA","ALLARM.LT3","01/26/2005","12:00:00","NO3N.3","M1",2065,"CMC","NTWQM",2005-01-26 12:00:00,0.3,"ISM",2,"Water",NA,2.9,"MG/L",NA,NA,NA,2017-10-27 16:38:08,NA,2,NA,1,1,"S","PARTNTID",NA,NA,4,"sample does not have an associated bay program method code"
"844",999,"LRA","ALLARM.LT4","12/01/2005","12:00:00","TDS.1","M1",2205,"CMC","NTWQM",2005-12-01 12:00:00,0.3,"ISM",1,"Water",NA,310,"MG/L",NA,NA,NA,2017-10-27 16:41:55,NA,2,NA,1,1,"S","PARTNTID",NA,NA,4,"sample does not have an associated bay program method code"
"845",999,"LRA","ALLARM.LT2","07/27/2005","12:00:00","TDS.1","M1",2142,"CMC","NTWQM",2005-07-27 12:00:00,0.3,"ISM",1,"Water",NA,210,"MG/L",NA,NA,NA,2017-10-27 16:40:04,NA,2,NA,1,1,"S","PARTNTID",NA,NA,4,"sample does not have an associated bay program method code"
"846",999,"LRA","ALLARM.LT4","01/26/2005","12:00:00","NO3N.3","M1",2066,"CMC","NTWQM",2005-01-26 12:00:00,0.3,"ISM",2,"Water",NA,2.9,"MG/L",NA,NA,NA,2017-10-27 16:38:10,NA,2,NA,1,1,"S","PARTNTID",NA,NA,4,"sample does not have an associated bay program method code"
"847",999,"LRA","ALLARM.LT3","01/26/2005","12:00:00","TDS.1","M1",2065,"CMC","NTWQM",2005-01-26 12:00:00,0.3,"ISM",1,"Water",NA,280,"MG/L",NA,NA,NA,2017-10-27 16:38:08,NA,2,NA,1,1,"S","PARTNTID",NA,NA,4,"sample does not have an associated bay program method code"
"848",999,"LRA","ALLARM.LT10","02/28/2005","12:00:00","NO3N.3","M1",2085,"CMC","NTWQM",2005-02-28 12:00:00,0.3,"ISM",2,"Water",NA,3.2,"MG/L",NA,NA,NA,2017-10-27 16:38:36,NA,2,NA,1,1,"S","PARTNTID",NA,NA,4,"sample does not have an associated bay program method code"
"849",999,"LRA","ALLARM.WL","07/27/2005","12:00:00","TDS.1","M1",2152,"CMC","NTWQM",2005-07-27 12:00:00,0.3,"ISM",1,"Water",NA,370,"MG/L",NA,NA,NA,2017-10-27 16:40:23,NA,2,NA,1,1,"S","PARTNTID",NA,NA,4,"sample does not have an associated bay program method code"
"850",999,"LRA","ALLARM.LT3","02/28/2005","12:00:00","NO3N.3","M1",2078,"CMC","NTWQM",2005-02-28 12:00:00,0.3,"ISM",2,"Water",NA,3.4,"MG/L",NA,NA,NA,2017-10-27 16:38:26,NA,2,NA,1,1,"S","PARTNTID",NA,NA,4,"sample does not have an associated bay program method code"
"851",999,"LRA","ALLARM.LT2","02/28/2005","12:00:00","TDS.1","M1",2077,"CMC","NTWQM",2005-02-28 12:00:00,0.3,"ISM",1,"Water",NA,200,"MG/L",NA,NA,NA,2017-10-27 16:38:25,NA,2,NA,1,1,"S","PARTNTID",NA,NA,4,"sample does not have an associated bay program method code"
"852",999,"LRA","ALLARM.LT2","08/10/2005","12:00:00","TDS.1","M1",2154,"CMC","NTWQM",2005-08-10 12:00:00,0.3,"ISM",1,"Water",NA,220,"MG/L",NA,NA,NA,2017-10-27 16:40:26,NA,2,NA,1,1,"S","PARTNTID",NA,NA,4,"sample does not have an associated bay program method code"
"853",999,"LRA","ALLARM.LT4","02/28/2005","12:00:00","NO3N.3","M1",2079,"CMC","NTWQM",2005-02-28 12:00:00,0.3,"ISM",2,"Water",NA,3.2,"MG/L",NA,NA,NA,2017-10-27 16:38:28,NA,2,NA,1,1,"S","PARTNTID",NA,NA,4,"sample does not have an associated bay program method code"
"854",999,"LRA","ALLARM.LT3","02/28/2005","12:00:00","TDS.1","M1",2078,"CMC","NTWQM",2005-02-28 12:00:00,0.3,"ISM",1,"Water",NA,310,"MG/L",NA,NA,NA,2017-10-27 16:38:26,NA,2,NA,1,1,"S","PARTNTID",NA,NA,4,"sample does not have an associated bay program method code"
"855",999,"LRA","ALLARM.LT10","03/22/2005","12:00:00","NO3N.3","M1",2098,"CMC","NTWQM",2005-03-22 12:00:00,0.3,"ISM",2,"Water",NA,3.3,"MG/L",NA,NA,NA,2017-10-27 16:38:55,NA,2,NA,1,1,"S","PARTNTID",NA,NA,4,"sample does not have an associated bay program method code"
"856",999,"LRA","ALLARM.LT4","02/28/2005","12:00:00","TDS.1","M1",2079,"CMC","NTWQM",2005-02-28 12:00:00,0.3,"ISM",1,"Water",NA,330,"MG/L",NA,NA,NA,2017-10-27 16:38:28,NA,2,NA,1,1,"S","PARTNTID",NA,NA,4,"sample does not have an associated bay program method code"
"857",999,"LRA","ALLARM.LT3","03/22/2005","12:00:00","NO3N.3","M1",2091,"CMC","NTWQM",2005-03-22 12:00:00,0.3,"ISM",2,"Water",NA,3.1,"MG/L",NA,NA,NA,2017-10-27 16:38:45,NA,2,NA,1,1,"S","PARTNTID",NA,NA,4,"sample does not have an associated bay program method code"
"858",999,"LRA","ALLARM.LT5","02/28/2005","12:00:00","TDS.1","M1",2080,"CMC","NTWQM",2005-02-28 12:00:00,0.3,"ISM",1,"Water",NA,330,"MG/L",NA,NA,NA,2017-10-27 16:38:29,NA,2,NA,1,1,"S","PARTNTID",NA,NA,4,"sample does not have an associated bay program method code"
"859",999,"LRA","ALLARM.LT6","08/10/2005","12:00:00","NO3N.3","M1",2158,"CMC","NTWQM",2005-08-10 12:00:00,0.3,"ISM",2,"Water",NA,3.5,"MG/L",NA,NA,NA,2017-10-27 16:40:33,NA,2,NA,1,1,"S","PARTNTID",NA,NA,4,"sample does not have an associated bay program method code"
"860",999,"LRA","ALLARM.LT3","03/22/2005","12:00:00","TDS.1","M1",2091,"CMC","NTWQM",2005-03-22 12:00:00,0.3,"ISM",1,"Water",NA,270,"MG/L",NA,NA,NA,2017-10-27 16:38:45,NA,2,NA,1,1,"S","PARTNTID",NA,NA,4,"sample does not have an associated bay program method code"
"861",999,"LRA","ALLARM.LT6","02/28/2005","12:00:00","TDS.1","M1",2081,"CMC","NTWQM",2005-02-28 12:00:00,0.3,"ISM",1,"Water",NA,340,"MG/L",NA,NA,NA,2017-10-27 16:38:31,NA,2,NA,1,1,"S","PARTNTID",NA,NA,4,"sample does not have an associated bay program method code"
"862",999,"LRA","ALLARM.LT10","04/18/2005","12:00:00","NO3N.3","M1",2111,"CMC","NTWQM",2005-04-18 12:00:00,0.3,"ISM",2,"Water",NA,3.3,"MG/L",NA,NA,NA,2017-10-27 16:39:14,NA,2,NA,1,1,"S","PARTNTID",NA,NA,4,"sample does not have an associated bay program method code"
"863",999,"LRA","ALLARM.LT5","09/21/2005","12:00:00","NO3N.3","M1",2170,"CMC","NTWQM",2005-09-21 12:00:00,0.3,"ISM",2,"Water",NA,3.7,"MG/L",NA,NA,NA,2017-10-27 16:40:52,NA,2,NA,1,1,"S","PARTNTID",NA,NA,4,"sample does not have an associated bay program method code"
"864",999,"LRA","ALLARM.LT6","03/22/2005","12:00:00","NO3N.3","M1",2094,"CMC","NTWQM",2005-03-22 12:00:00,0.3,"ISM",2,"Water",NA,4.3,"MG/L",NA,NA,NA,2017-10-27 16:38:49,NA,2,NA,1,1,"S","PARTNTID",NA,NA,4,"sample does not have an associated bay program method code"
"865",999,"LRA","ALLARM.LT10","04/18/2005","12:00:00","TDS.1","M1",2111,"CMC","NTWQM",2005-04-18 12:00:00,0.3,"ISM",1,"Water",NA,280,"MG/L",NA,NA,NA,2017-10-27 16:39:14,NA,2,NA,1,1,"S","PARTNTID",NA,NA,4,"sample does not have an associated bay program method code"
"866",999,"LRA","ALLARM.LT9","09/21/2005","12:00:00","NO3N.3","M1",2174,"CMC","NTWQM",2005-09-21 12:00:00,0.3,"ISM",2,"Water",NA,3.4,"MG/L",NA,NA,NA,2017-10-27 16:40:59,NA,2,NA,1,1,"S","PARTNTID",NA,NA,4,"sample does not have an associated bay program method code"
"867",999,"LRA","ALLARM.LT3","04/18/2005","12:00:00","TDS.1","M1",2104,"CMC","NTWQM",2005-04-18 12:00:00,0.3,"ISM",1,"Water",NA,220,"MG/L",NA,NA,NA,2017-10-27 16:39:03,NA,2,NA,1,1,"S","PARTNTID",NA,NA,4,"sample does not have an associated bay program method code"
"868",999,"LRA","ALLARM.LT3","10/19/2005","12:00:00","TDS.1","M1",2178,"CMC","NTWQM",2005-10-19 12:00:00,0.3,"ISM",1,"Water",NA,240,"MG/L",NA,NA,NA,2017-10-27 16:41:05,NA,2,NA,1,1,"S","PARTNTID",NA,NA,4,"sample does not have an associated bay program method code"
"869",999,"LRA","ALLARM.LT5","04/18/2005","12:00:00","NO3N.3","M1",2106,"CMC","NTWQM",2005-04-18 12:00:00,0.3,"ISM",2,"Water",NA,4,"MG/L",NA,NA,NA,2017-10-27 16:39:06,NA,2,NA,1,1,"S","PARTNTID",NA,NA,4,"sample does not have an associated bay program method code"
"870",999,"LRA","ALLARM.MG2","11/16/2005","12:00:00","NO3N.3","M1",2200,"CMC","NTWQM",2005-11-16 12:00:00,0.3,"ISM",2,"Water",NA,1.3,"MG/L",NA,NA,NA,2017-10-27 16:41:46,NA,2,NA,1,1,"S","PARTNTID",NA,NA,4,"sample does not have an associated bay program method code"
"871",999,"LRA","ALLARM.LT6","04/18/2005","12:00:00","NO3N.3","M1",2107,"CMC","NTWQM",2005-04-18 12:00:00,0.3,"ISM",2,"Water",NA,4.8,"MG/L",NA,NA,NA,2017-10-27 16:39:08,NA,2,NA,1,1,"S","PARTNTID",NA,NA,4,"sample does not have an associated bay program method code"
"872",999,"LRA","ALLARM.LT3","11/16/2005","12:00:00","NO3N.3","M1",2191,"CMC","NTWQM",2005-11-16 12:00:00,0.3,"ISM",2,"Water",NA,3,"MG/L",NA,NA,NA,2017-10-27 16:41:28,NA,2,NA,1,1,"S","PARTNTID",NA,NA,4,"sample does not have an associated bay program method code"
"873",999,"LRA","ALLARM.LT4","05/02/2005","12:00:00","NO3N.3","M1",2118,"CMC","NTWQM",2005-05-02 12:00:00,0.3,"ISM",2,"Water",NA,3.5,"MG/L",NA,NA,NA,2017-10-27 16:39:24,NA,2,NA,1,1,"S","PARTNTID",NA,NA,4,"sample does not have an associated bay program method code"
"874",999,"LRA","ALLARM.LT3","05/02/2005","12:00:00","TDS.1","M1",2117,"CMC","NTWQM",2005-05-02 12:00:00,0.3,"ISM",1,"Water",NA,250,"MG/L",NA,NA,NA,2017-10-27 16:39:23,NA,2,NA,1,1,"S","PARTNTID",NA,NA,4,"sample does not have an associated bay program method code"
"875",999,"LRA","ALLARM.LT3","11/16/2005","12:00:00","TDS.1","M1",2191,"CMC","NTWQM",2005-11-16 12:00:00,0.3,"ISM",1,"Water",NA,280,"MG/L",NA,NA,NA,2017-10-27 16:41:28,NA,2,NA,1,1,"S","PARTNTID",NA,NA,4,"sample does not have an associated bay program method code"
"876",999,"LRA","ALLARM.LT5","05/02/2005","12:00:00","NO3N.3","M1",2119,"CMC","NTWQM",2005-05-02 12:00:00,0.3,"ISM",2,"Water",NA,3.9,"MG/L",NA,NA,NA,2017-10-27 16:39:26,NA,2,NA,1,1,"S","PARTNTID",NA,NA,4,"sample does not have an associated bay program method code"
"877",999,"LRA","ALLARM.LT10","12/01/2005","12:00:00","NO3N.3","M1",2211,"CMC","NTWQM",2005-12-01 12:00:00,0.3,"ISM",2,"Water",NA,0.2,"MG/L",NA,NA,NA,2017-10-27 16:42:06,NA,2,NA,1,1,"S","PARTNTID",NA,NA,4,"sample does not have an associated bay program method code"
"878",999,"LRA","ALLARM.LT6","05/02/2005","12:00:00","NO3N.3","M1",2120,"CMC","NTWQM",2005-05-02 12:00:00,0.3,"ISM",2,"Water",NA,3.7,"MG/L",NA,NA,NA,2017-10-27 16:39:27,NA,2,NA,1,1,"S","PARTNTID",NA,NA,4,"sample does not have an associated bay program method code"
"879",999,"LRA","ALLARM.LT3","12/01/2005","12:00:00","NO3N.3","M1",2204,"CMC","NTWQM",2005-12-01 12:00:00,0.3,"ISM",2,"Water",NA,3.3,"MG/L",NA,NA,NA,2017-10-27 16:41:54,NA,2,NA,1,1,"S","PARTNTID",NA,NA,4,"sample does not have an associated bay program method code"
"880",999,"LRA","ALLARM.LT5","05/02/2005","12:00:00","TDS.1","M1",2119,"CMC","NTWQM",2005-05-02 12:00:00,0.3,"ISM",1,"Water",NA,240,"MG/L",NA,NA,NA,2017-10-27 16:39:26,NA,2,NA,1,1,"S","PARTNTID",NA,NA,4,"sample does not have an associated bay program method code"
"881",999,"LRA","ALLARM.LT3","06/13/2005","12:00:00","TDS.1","M1",2130,"CMC","NTWQM",2005-06-13 12:00:00,0.3,"ISM",1,"Water",NA,210,"MG/L",NA,NA,NA,2017-10-27 16:39:44,NA,2,NA,1,1,"S","PARTNTID",NA,NA,4,"sample does not have an associated bay program method code"
"882",999,"LRA","ALLARM.LT3","12/01/2005","12:00:00","TDS.1","M1",2204,"CMC","NTWQM",2005-12-01 12:00:00,0.3,"ISM",1,"Water",NA,280,"MG/L",NA,NA,NA,2017-10-27 16:41:54,NA,2,NA,1,1,"S","PARTNTID",NA,NA,4,"sample does not have an associated bay program method code"
"883",999,"LRA","ALLARM.LT5","06/13/2005","12:00:00","NO3N.3","M1",2132,"CMC","NTWQM",2005-06-13 12:00:00,0.3,"ISM",2,"Water",NA,2.7,"MG/L",NA,NA,NA,2017-10-27 16:39:48,NA,2,NA,1,1,"S","PARTNTID",NA,NA,4,"sample does not have an associated bay program method code"
"884",999,"LRA","ALLARM.LT4","06/13/2005","12:00:00","TDS.1","M1",2131,"CMC","NTWQM",2005-06-13 12:00:00,0.3,"ISM",1,"Water",NA,230,"MG/L",NA,NA,NA,2017-10-27 16:39:46,NA,2,NA,1,1,"S","PARTNTID",NA,NA,4,"sample does not have an associated bay program method code"
"885",999,"LRA","ALLARM.LT3","07/27/2005","12:00:00","NO3N.3","M1",2143,"CMC","NTWQM",2005-07-27 12:00:00,0.3,"ISM",2,"Water",NA,3.7,"MG/L",NA,NA,NA,2017-10-27 16:40:06,NA,2,NA,1,1,"S","PARTNTID",NA,NA,4,"sample does not have an associated bay program method code"
"886",999,"LRA","ALLARM.LT6","06/13/2005","12:00:00","NO3N.3","M1",2133,"CMC","NTWQM",2005-06-13 12:00:00,0.3,"ISM",2,"Water",NA,4.2,"MG/L",NA,NA,NA,2017-10-27 16:39:49,NA,2,NA,1,1,"S","PARTNTID",NA,NA,4,"sample does not have an associated bay program method code"
"887",999,"LRA","ALLARM.LT5","06/13/2005","12:00:00","TDS.1","M1",2132,"CMC","NTWQM",2005-06-13 12:00:00,0.3,"ISM",1,"Water",NA,220,"MG/L",NA,NA,NA,2017-10-27 16:39:48,NA,2,NA,1,1,"S","PARTNTID",NA,NA,4,"sample does not have an associated bay program method code"
"888",999,"LRA","ALLARM.LT2","02/28/2005","12:00:00","NO3N.3","M1",2077,"CMC","NTWQM",2005-02-28 12:00:00,0.3,"ISM",2,"Water",NA,3.6,"MG/L",NA,NA,NA,2017-10-27 16:38:25,NA,2,NA,1,1,"S","PARTNTID",NA,NA,4,"sample does not have an associated bay program method code"
"889",999,"LRA","ALLARM.LT4","01/26/2005","12:00:00","TDS.1","M1",2066,"CMC","NTWQM",2005-01-26 12:00:00,0.3,"ISM",1,"Water",NA,300,"MG/L",NA,NA,NA,2017-10-27 16:38:10,NA,2,NA,1,1,"S","PARTNTID",NA,NA,4,"sample does not have an associated bay program method code"
"890",999,"LRA","ALLARM.LT5","07/27/2005","12:00:00","NO3N.3","M1",2145,"CMC","NTWQM",2005-07-27 12:00:00,0.3,"ISM",2,"Water",NA,3.6,"MG/L",NA,NA,NA,2017-10-27 16:40:10,NA,2,NA,1,1,"S","PARTNTID",NA,NA,4,"sample does not have an associated bay program method code"
"891",999,"LRA","ALLARM.LT4","07/27/2005","12:00:00","TDS.1","M1",2144,"CMC","NTWQM",2005-07-27 12:00:00,0.3,"ISM",1,"Water",NA,230,"MG/L",NA,NA,NA,2017-10-27 16:40:07,NA,2,NA,1,1,"S","PARTNTID",NA,NA,4,"sample does not have an associated bay program method code"
"892",999,"LRA","ALLARM.LT6","07/27/2005","12:00:00","NO3N.3","M1",2146,"CMC","NTWQM",2005-07-27 12:00:00,0.3,"ISM",2,"Water",NA,3.7,"MG/L",NA,NA,NA,2017-10-27 16:40:12,NA,2,NA,1,1,"S","PARTNTID",NA,NA,4,"sample does not have an associated bay program method code"
"893",999,"LRA","ALLARM.LT9","07/27/2005","12:00:00","NO3N.3","M1",2148,"CMC","NTWQM",2005-07-27 12:00:00,0.3,"ISM",2,"Water",NA,3.2,"MG/L",NA,NA,NA,2017-10-27 16:40:15,NA,2,NA,1,1,"S","PARTNTID",NA,NA,4,"sample does not have an associated bay program method code"
"894",999,"LRA","ALLARM.LT5","07/27/2005","12:00:00","TDS.1","M1",2145,"CMC","NTWQM",2005-07-27 12:00:00,0.3,"ISM",1,"Water",NA,230,"MG/L",NA,NA,NA,2017-10-27 16:40:10,NA,2,NA,1,1,"S","PARTNTID",NA,NA,4,"sample does not have an associated bay program method code"
"895",999,"LRA","ALLARM.LT2","03/22/2005","12:00:00","NO3N.3","M1",2090,"CMC","NTWQM",2005-03-22 12:00:00,0.3,"ISM",2,"Water",NA,4.1,"MG/L",NA,NA,NA,2017-10-27 16:38:43,NA,2,NA,1,1,"S","PARTNTID",NA,NA,4,"sample does not have an associated bay program method code"
"896",999,"LRA","ALLARM.LT3","08/10/2005","12:00:00","TDS.1","M1",2155,"CMC","NTWQM",2005-08-10 12:00:00,0.3,"ISM",1,"Water",NA,230,"MG/L",NA,NA,NA,2017-10-27 16:40:28,NA,2,NA,1,1,"S","PARTNTID",NA,NA,4,"sample does not have an associated bay program method code"
"897",999,"LRA","ALLARM.LT5","08/10/2005","12:00:00","NO3N.3","M1",2157,"CMC","NTWQM",2005-08-10 12:00:00,0.3,"ISM",2,"Water",NA,4.4,"MG/L",NA,NA,NA,2017-10-27 16:40:31,NA,2,NA,1,1,"S","PARTNTID",NA,NA,4,"sample does not have an associated bay program method code"
"898",999,"LRA","ALLARM.LT4","08/10/2005","12:00:00","TDS.1","M1",2156,"CMC","NTWQM",2005-08-10 12:00:00,0.3,"ISM",1,"Water",NA,230,"MG/L",NA,NA,NA,2017-10-27 16:40:30,NA,2,NA,1,1,"S","PARTNTID",NA,NA,4,"sample does not have an associated bay program method code"
"899",999,"LRA","ALLARM.LT8","02/28/2005","12:00:00","TDS.1","M1",2083,"CMC","NTWQM",2005-02-28 12:00:00,0.3,"ISM",1,"Water",NA,330,"MG/L",NA,NA,NA,2017-10-27 16:38:33,NA,2,NA,1,1,"S","PARTNTID",NA,NA,4,"sample does not have an associated bay program method code"
"900",999,"LRA","ALLARM.LT5","08/10/2005","12:00:00","TDS.1","M1",2157,"CMC","NTWQM",2005-08-10 12:00:00,0.3,"ISM",1,"Water",NA,230,"MG/L",NA,NA,NA,2017-10-27 16:40:31,NA,2,NA,1,1,"S","PARTNTID",NA,NA,4,"sample does not have an associated bay program method code"
"901",999,"LRA","ALLARM.LT7","02/28/2005","12:00:00","NO3N.3","M1",2082,"CMC","NTWQM",2005-02-28 12:00:00,0.3,"ISM",2,"Water",NA,2.8,"MG/L",NA,NA,NA,2017-10-27 16:38:32,NA,2,NA,1,1,"S","PARTNTID",NA,NA,4,"sample does not have an associated bay program method code"
"902",999,"LRA","ALLARM.LT5","03/22/2005","12:00:00","NO3N.3","M1",2093,"CMC","NTWQM",2005-03-22 12:00:00,0.3,"ISM",2,"Water",NA,3.3,"MG/L",NA,NA,NA,2017-10-27 16:38:48,NA,2,NA,1,1,"S","PARTNTID",NA,NA,4,"sample does not have an associated bay program method code"
"903",999,"LRA","ALLARM.LT10","10/19/2005","12:00:00","NO3N.3","M1",2185,"CMC","NTWQM",2005-10-19 12:00:00,0.3,"ISM",2,"Water",NA,3.2,"MG/L",NA,NA,NA,2017-10-27 16:41:17,NA,2,NA,1,1,"S","PARTNTID",NA,NA,4,"sample does not have an associated bay program method code"
"904",999,"LRA","ALLARM.LT8","09/21/2005","12:00:00","NO3N.3","M1",2173,"CMC","NTWQM",2005-09-21 12:00:00,0.3,"ISM",2,"Water",NA,3.7,"MG/L",NA,NA,NA,2017-10-27 16:40:57,NA,2,NA,1,1,"S","PARTNTID",NA,NA,4,"sample does not have an associated bay program method code"
"905",999,"LRA","ALLARM.LT3","10/19/2005","12:00:00","NO3N.3","M1",2178,"CMC","NTWQM",2005-10-19 12:00:00,0.3,"ISM",2,"Water",NA,4.1,"MG/L",NA,NA,NA,2017-10-27 16:41:05,NA,2,NA,1,1,"S","PARTNTID",NA,NA,4,"sample does not have an associated bay program method code"
"906",999,"LRA","ALLARM.LT2","10/19/2005","12:00:00","TDS.1","M1",2177,"CMC","NTWQM",2005-10-19 12:00:00,0.3,"ISM",1,"Water",NA,240,"MG/L",NA,NA,NA,2017-10-27 16:41:03,NA,2,NA,1,1,"S","PARTNTID",NA,NA,4,"sample does not have an associated bay program method code"
"907",999,"LRA","ALLARM.LT7","03/22/2005","12:00:00","NO3N.3","M1",2095,"CMC","NTWQM",2005-03-22 12:00:00,0.3,"ISM",2,"Water",NA,3.5,"MG/L",NA,NA,NA,2017-10-27 16:38:51,NA,2,NA,1,1,"S","PARTNTID",NA,NA,4,"sample does not have an associated bay program method code"
"908",999,"LRA","ALLARM.LT4","10/19/2005","12:00:00","NO3N.3","M1",2179,"CMC","NTWQM",2005-10-19 12:00:00,0.3,"ISM",2,"Water",NA,3.4,"MG/L",NA,NA,NA,2017-10-27 16:41:07,NA,2,NA,1,1,"S","PARTNTID",NA,NA,4,"sample does not have an associated bay program method code"
"909",999,"LRA","ALLARM.WL","11/16/2005","12:00:00","TDS.1","M1",2201,"CMC","NTWQM",2005-11-16 12:00:00,0.3,"ISM",1,"Water",NA,370,"MG/L",NA,NA,NA,2017-10-27 16:41:48,NA,2,NA,1,1,"S","PARTNTID",NA,NA,4,"sample does not have an associated bay program method code"
"910",999,"LRA","ALLARM.LT10","11/16/2005","12:00:00","NO3N.3","M1",2198,"CMC","NTWQM",2005-11-16 12:00:00,0.3,"ISM",2,"Water",NA,1.5,"MG/L",NA,NA,NA,2017-10-27 16:41:43,NA,2,NA,1,1,"S","PARTNTID",NA,NA,4,"sample does not have an associated bay program method code"
"911",999,"LRA","ALLARM.LT4","10/19/2005","12:00:00","TDS.1","M1",2179,"CMC","NTWQM",2005-10-19 12:00:00,0.3,"ISM",1,"Water",NA,230,"MG/L",NA,NA,NA,2017-10-27 16:41:07,NA,2,NA,1,1,"S","PARTNTID",NA,NA,4,"sample does not have an associated bay program method code"
"912",999,"LRA","ALLARM.LT9","04/18/2005","12:00:00","NO3N.3","M1",2110,"CMC","NTWQM",2005-04-18 12:00:00,0.3,"ISM",2,"Water",NA,3.2,"MG/L",NA,NA,NA,2017-10-27 16:39:12,NA,2,NA,1,1,"S","PARTNTID",NA,NA,4,"sample does not have an associated bay program method code"
"913",999,"LRA","ALLARM.LT2","11/16/2005","12:00:00","TDS.1","M1",2190,"CMC","NTWQM",2005-11-16 12:00:00,0.3,"ISM",1,"Water",NA,260,"MG/L",NA,NA,NA,2017-10-27 16:41:26,NA,2,NA,1,1,"S","PARTNTID",NA,NA,4,"sample does not have an associated bay program method code"
"914",999,"LRA","ALLARM.LT7","04/18/2005","12:00:00","NO3N.3","M1",2108,"CMC","NTWQM",2005-04-18 12:00:00,0.3,"ISM",2,"Water",NA,4.5,"MG/L",NA,NA,NA,2017-10-27 16:39:09,NA,2,NA,1,1,"S","PARTNTID",NA,NA,4,"sample does not have an associated bay program method code"
"915",999,"LRA","ALLARM.LT4","11/16/2005","12:00:00","NO3N.3","M1",2192,"CMC","NTWQM",2005-11-16 12:00:00,0.3,"ISM",2,"Water",NA,1.3,"MG/L",NA,NA,NA,2017-10-27 16:41:30,NA,2,NA,1,1,"S","PARTNTID",NA,NA,4,"sample does not have an associated bay program method code"
"916",999,"LRA","ALLARM.LT6","10/19/2005","12:00:00","TDS.1","M1",2181,"CMC","NTWQM",2005-10-19 12:00:00,0.3,"ISM",1,"Water",NA,240,"MG/L",NA,NA,NA,2017-10-27 16:41:10,NA,2,NA,1,1,"S","PARTNTID",NA,NA,4,"sample does not have an associated bay program method code"
"917",999,"LRA","ALLARM.LT2","12/01/2005","12:00:00","NO3N.3","M1",2203,"CMC","NTWQM",2005-12-01 12:00:00,0.3,"ISM",2,"Water",NA,4.2,"MG/L",NA,NA,NA,2017-10-27 16:41:52,NA,2,NA,1,1,"S","PARTNTID",NA,NA,4,"sample does not have an associated bay program method code"
"918",999,"LRA","ALLARM.LT4","11/16/2005","12:00:00","TDS.1","M1",2192,"CMC","NTWQM",2005-11-16 12:00:00,0.3,"ISM",1,"Water",NA,290,"MG/L",NA,NA,NA,2017-10-27 16:41:30,NA,2,NA,1,1,"S","PARTNTID",NA,NA,4,"sample does not have an associated bay program method code"
"919",999,"LRA","ALLARM.LT9","05/02/2005","12:00:00","NO3N.3","M1",2123,"CMC","NTWQM",2005-05-02 12:00:00,0.3,"ISM",2,"Water",NA,4.5,"MG/L",NA,NA,NA,2017-10-27 16:39:32,NA,2,NA,1,1,"S","PARTNTID",NA,NA,4,"sample does not have an associated bay program method code"
"920",999,"LRA","ALLARM.MG1","11/16/2005","12:00:00","TDS.1","M1",2199,"CMC","NTWQM",2005-11-16 12:00:00,0.3,"ISM",1,"Water",NA,400,"MG/L",NA,NA,NA,2017-10-27 16:41:44,NA,2,NA,1,1,"S","PARTNTID",NA,NA,4,"sample does not have an associated bay program method code"
"921",999,"LRA","ALLARM.MG1","05/02/2005","12:00:00","NO3N.3","M1",2125,"CMC","NTWQM",2005-05-02 12:00:00,0.3,"ISM",2,"Water",NA,1.6,"MG/L",NA,NA,NA,2017-10-27 16:39:35,NA,2,NA,1,1,"S","PARTNTID",NA,NA,4,"sample does not have an associated bay program method code"
"922",999,"LRA","ALLARM.LT4","12/01/2005","12:00:00","NO3N.3","M1",2205,"CMC","NTWQM",2005-12-01 12:00:00,0.3,"ISM",2,"Water",NA,2.6,"MG/L",NA,NA,NA,2017-10-27 16:41:55,NA,2,NA,1,1,"S","PARTNTID",NA,NA,4,"sample does not have an associated bay program method code"
"923",999,"LRA","ALLARM.LT6","11/16/2005","12:00:00","TDS.1","M1",2194,"CMC","NTWQM",2005-11-16 12:00:00,0.3,"ISM",1,"Water",NA,290,"MG/L",NA,NA,NA,2017-10-27 16:41:34,NA,2,NA,1,1,"S","PARTNTID",NA,NA,4,"sample does not have an associated bay program method code"
"924",999,"LRA","ALLARM.LT8","06/13/2005","12:00:00","NO3N.3","M1",2135,"CMC","NTWQM",2005-06-13 12:00:00,0.3,"ISM",2,"Water",NA,3.5,"MG/L",NA,NA,NA,2017-10-27 16:39:52,NA,2,NA,1,1,"S","PARTNTID",NA,NA,4,"sample does not have an associated bay program method code"
"925",999,"LRA","ALLARM.LT7","12/01/2005","12:00:00","TDS.1","M1",2208,"CMC","NTWQM",2005-12-01 12:00:00,0.3,"ISM",1,"Water",NA,330,"MG/L",NA,NA,NA,2017-10-27 16:42:01,NA,2,NA,1,1,"S","PARTNTID",NA,NA,4,"sample does not have an associated bay program method code"
"926",999,"LRA","ALLARM.LT7","05/02/2005","12:00:00","TDS.1","M1",2121,"CMC","NTWQM",2005-05-02 12:00:00,0.3,"ISM",1,"Water",NA,270,"MG/L",NA,NA,NA,2017-10-27 16:39:29,NA,2,NA,1,1,"S","PARTNTID",NA,NA,4,"sample does not have an associated bay program method code"
"927",999,"LRA","ALLARM.LT9","06/13/2005","12:00:00","NO3N.3","M1",2136,"CMC","NTWQM",2005-06-13 12:00:00,0.3,"ISM",2,"Water",NA,4,"MG/L",NA,NA,NA,2017-10-27 16:39:54,NA,2,NA,1,1,"S","PARTNTID",NA,NA,4,"sample does not have an associated bay program method code"
"928",999,"LRA","ALLARM.MG1","06/13/2005","12:00:00","NO3N.3","M1",2138,"CMC","NTWQM",2005-06-13 12:00:00,0.3,"ISM",2,"Water",NA,2.3,"MG/L",NA,NA,NA,2017-10-27 16:39:57,NA,2,NA,1,1,"S","PARTNTID",NA,NA,4,"sample does not have an associated bay program method code"
"929",999,"LRA","ALLARM.LT3","07/27/2005","12:00:00","TDS.1","M1",2143,"CMC","NTWQM",2005-07-27 12:00:00,0.3,"ISM",1,"Water",NA,210,"MG/L",NA,NA,NA,2017-10-27 16:40:06,NA,2,NA,1,1,"S","PARTNTID",NA,NA,4,"sample does not have an associated bay program method code"
"930",999,"LRA","ALLARM.LT6","12/01/2005","12:00:00","TDS.1","M1",2207,"CMC","NTWQM",2005-12-01 12:00:00,0.3,"ISM",1,"Water",NA,310,"MG/L",NA,NA,NA,2017-10-27 16:41:59,NA,2,NA,1,1,"S","PARTNTID",NA,NA,4,"sample does not have an associated bay program method code"
"931",999,"LRA","ALLARM.LT8","07/27/2005","12:00:00","NO3N.3","M1",2147,"CMC","NTWQM",2005-07-27 12:00:00,0.3,"ISM",2,"Water",NA,2.4,"MG/L",NA,NA,NA,2017-10-27 16:40:14,NA,2,NA,1,1,"S","PARTNTID",NA,NA,4,"sample does not have an associated bay program method code"
"932",999,"LRA","ALLARM.LT5","01/26/2005","12:00:00","TDS.1","M1",2067,"CMC","NTWQM",2005-01-26 12:00:00,0.3,"ISM",1,"Water",NA,300,"MG/L",NA,NA,NA,2017-10-27 16:38:11,NA,2,NA,1,1,"S","PARTNTID",NA,NA,4,"sample does not have an associated bay program method code"
"933",999,"LRA","ALLARM.LT8","01/26/2005","12:00:00","TDS.1","M1",2070,"CMC","NTWQM",2005-01-26 12:00:00,0.3,"ISM",1,"Water",NA,320,"MG/L",NA,NA,NA,2017-10-27 16:38:15,NA,2,NA,1,1,"S","PARTNTID",NA,NA,4,"sample does not have an associated bay program method code"
"934",999,"LRA","ALLARM.MG2","01/26/2005","12:00:00","TDS.1","M1",2074,"CMC","NTWQM",2005-01-26 12:00:00,0.3,"ISM",1,"Water",NA,440,"MG/L",NA,NA,NA,2017-10-27 16:38:21,NA,2,NA,1,1,"S","PARTNTID",NA,NA,4,"sample does not have an associated bay program method code"
"935",999,"LRA","ALLARM.MG1","07/27/2005","12:00:00","NO3N.3","M1",2150,"CMC","NTWQM",2005-07-27 12:00:00,0.3,"ISM",2,"Water",NA,0.3,"MG/L",NA,NA,NA,2017-10-27 16:40:19,NA,2,NA,1,1,"S","PARTNTID",NA,NA,4,"sample does not have an associated bay program method code"
"936",999,"LRA","ALLARM.WL","02/28/2005","12:00:00","TDS.1","M1",2088,"CMC","NTWQM",2005-02-28 12:00:00,0.3,"ISM",1,"Water",NA,400,"MG/L",NA,NA,NA,2017-10-27 16:38:41,NA,2,NA,1,1,"S","PARTNTID",NA,NA,4,"sample does not have an associated bay program method code"
"937",999,"LRA","ALLARM.LT7","01/26/2005","12:00:00","TDS.1","M1",2069,"CMC","NTWQM",2005-01-26 12:00:00,0.3,"ISM",1,"Water",NA,330,"MG/L",NA,NA,NA,2017-10-27 16:38:14,NA,2,NA,1,1,"S","PARTNTID",NA,NA,4,"sample does not have an associated bay program method code"
"938",999,"LRA","ALLARM.LT8","08/10/2005","12:00:00","NO3N.3","M1",2160,"CMC","NTWQM",2005-08-10 12:00:00,0.3,"ISM",2,"Water",NA,3.2,"MG/L",NA,NA,NA,2017-10-27 16:40:36,NA,2,NA,1,1,"S","PARTNTID",NA,NA,4,"sample does not have an associated bay program method code"
"939",999,"LRA","ALLARM.LT6","02/28/2005","12:00:00","NO3N.3","M1",2081,"CMC","NTWQM",2005-02-28 12:00:00,0.3,"ISM",2,"Water",NA,2.9,"MG/L",NA,NA,NA,2017-10-27 16:38:31,NA,2,NA,1,1,"S","PARTNTID",NA,NA,4,"sample does not have an associated bay program method code"
"940",999,"LRA","ALLARM.LT9","08/10/2005","12:00:00","NO3N.3","M1",2161,"CMC","NTWQM",2005-08-10 12:00:00,0.3,"ISM",2,"Water",NA,3.1,"MG/L",NA,NA,NA,2017-10-27 16:40:38,NA,2,NA,1,1,"S","PARTNTID",NA,NA,4,"sample does not have an associated bay program method code"
"941",999,"LRA","ALLARM.MG2","02/28/2005","12:00:00","TDS.1","M1",2087,"CMC","NTWQM",2005-02-28 12:00:00,0.3,"ISM",1,"Water",NA,460,"MG/L",NA,NA,NA,2017-10-27 16:38:39,NA,2,NA,1,1,"S","PARTNTID",NA,NA,4,"sample does not have an associated bay program method code"
"942",999,"LRA","ALLARM.MG1","08/10/2005","12:00:00","NO3N.3","M1",2163,"CMC","NTWQM",2005-08-10 12:00:00,0.3,"ISM",2,"Water",NA,2.1,"MG/L",NA,NA,NA,2017-10-27 16:40:41,NA,2,NA,1,1,"S","PARTNTID",NA,NA,4,"sample does not have an associated bay program method code"
"943",999,"LRA","ALLARM.LT2","10/19/2005","12:00:00","NO3N.3","M1",2177,"CMC","NTWQM",2005-10-19 12:00:00,0.3,"ISM",2,"Water",NA,4.2,"MG/L",NA,NA,NA,2017-10-27 16:41:03,NA,2,NA,1,1,"S","PARTNTID",NA,NA,4,"sample does not have an associated bay program method code"
"944",999,"LRA","ALLARM.LT4","03/22/2005","12:00:00","TDS.1","M1",2092,"CMC","NTWQM",2005-03-22 12:00:00,0.3,"ISM",1,"Water",NA,270,"MG/L",NA,NA,NA,2017-10-27 16:38:46,NA,2,NA,1,1,"S","PARTNTID",NA,NA,4,"sample does not have an associated bay program method code"
"945",999,"LRA","ALLARM.LT9","03/22/2005","12:00:00","NO3N.3","M1",2097,"CMC","NTWQM",2005-03-22 12:00:00,0.3,"ISM",2,"Water",NA,3.2,"MG/L",NA,NA,NA,2017-10-27 16:38:53,NA,2,NA,1,1,"S","PARTNTID",NA,NA,4,"sample does not have an associated bay program method code"
"946",999,"LRA","ALLARM.LT5","03/22/2005","12:00:00","TDS.1","M1",2093,"CMC","NTWQM",2005-03-22 12:00:00,0.3,"ISM",1,"Water",NA,280,"MG/L",NA,NA,NA,2017-10-27 16:38:48,NA,2,NA,1,1,"S","PARTNTID",NA,NA,4,"sample does not have an associated bay program method code"
"947",999,"LRA","ALLARM.LT8","03/22/2005","12:00:00","TDS.1","M1",2096,"CMC","NTWQM",2005-03-22 12:00:00,0.3,"ISM",1,"Water",NA,290,"MG/L",NA,NA,NA,2017-10-27 16:38:52,NA,2,NA,1,1,"S","PARTNTID",NA,NA,4,"sample does not have an associated bay program method code"
"948",999,"LRA","ALLARM.MG1","03/22/2005","12:00:00","NO3N.3","M1",2099,"CMC","NTWQM",2005-03-22 12:00:00,0.3,"ISM",2,"Water",NA,2,"MG/L",NA,NA,NA,2017-10-27 16:38:56,NA,2,NA,1,1,"S","PARTNTID",NA,NA,4,"sample does not have an associated bay program method code"
"949",999,"LRA","ALLARM.LT6","03/22/2005","12:00:00","TDS.1","M1",2094,"CMC","NTWQM",2005-03-22 12:00:00,0.3,"ISM",1,"Water",NA,280,"MG/L",NA,NA,NA,2017-10-27 16:38:49,NA,2,NA,1,1,"S","PARTNTID",NA,NA,4,"sample does not have an associated bay program method code"
"950",999,"LRA","ALLARM.LT2","11/16/2005","12:00:00","NO3N.3","M1",2190,"CMC","NTWQM",2005-11-16 12:00:00,0.3,"ISM",2,"Water",NA,2.2,"MG/L",NA,NA,NA,2017-10-27 16:41:26,NA,2,NA,1,1,"S","PARTNTID",NA,NA,4,"sample does not have an associated bay program method code"
"951",999,"LRA","ALLARM.LT4","04/18/2005","12:00:00","TDS.1","M1",2105,"CMC","NTWQM",2005-04-18 12:00:00,0.3,"ISM",1,"Water",NA,240,"MG/L",NA,NA,NA,2017-10-27 16:39:05,NA,2,NA,1,1,"S","PARTNTID",NA,NA,4,"sample does not have an associated bay program method code"
"952",999,"LRA","ALLARM.LT7","10/19/2005","12:00:00","TDS.1","M1",2182,"CMC","NTWQM",2005-10-19 12:00:00,0.3,"ISM",1,"Water",NA,250,"MG/L",NA,NA,NA,2017-10-27 16:41:12,NA,2,NA,1,1,"S","PARTNTID",NA,NA,4,"sample does not have an associated bay program method code"
"953",999,"LRA","ALLARM.LT5","04/18/2005","12:00:00","TDS.1","M1",2106,"CMC","NTWQM",2005-04-18 12:00:00,0.3,"ISM",1,"Water",NA,240,"MG/L",NA,NA,NA,2017-10-27 16:39:06,NA,2,NA,1,1,"S","PARTNTID",NA,NA,4,"sample does not have an associated bay program method code"
"954",999,"LRA","ALLARM.LT5","10/19/2005","12:00:00","TDS.1","M1",2180,"CMC","NTWQM",2005-10-19 12:00:00,0.3,"ISM",1,"Water",NA,240,"MG/L",NA,NA,NA,2017-10-27 16:41:08,NA,2,NA,1,1,"S","PARTNTID",NA,NA,4,"sample does not have an associated bay program method code"
"955",999,"LRA","ALLARM.MG1","04/18/2005","12:00:00","NO3N.3","M1",2112,"CMC","NTWQM",2005-04-18 12:00:00,0.3,"ISM",2,"Water",NA,2.5,"MG/L",NA,NA,NA,2017-10-27 16:39:15,NA,2,NA,1,1,"S","PARTNTID",NA,NA,4,"sample does not have an associated bay program method code"
"956",999,"LRA","ALLARM.LT6","04/18/2005","12:00:00","TDS.1","M1",2107,"CMC","NTWQM",2005-04-18 12:00:00,0.3,"ISM",1,"Water",NA,240,"MG/L",NA,NA,NA,2017-10-27 16:39:08,NA,2,NA,1,1,"S","PARTNTID",NA,NA,4,"sample does not have an associated bay program method code"
"957",999,"LRA","ALLARM.LT8","05/02/2005","12:00:00","NO3N.3","M1",2122,"CMC","NTWQM",2005-05-02 12:00:00,0.3,"ISM",2,"Water",NA,4,"MG/L",NA,NA,NA,2017-10-27 16:39:30,NA,2,NA,1,1,"S","PARTNTID",NA,NA,4,"sample does not have an associated bay program method code"
"958",999,"LRA","ALLARM.LT4","05/02/2005","12:00:00","TDS.1","M1",2118,"CMC","NTWQM",2005-05-02 12:00:00,0.3,"ISM",1,"Water",NA,260,"MG/L",NA,NA,NA,2017-10-27 16:39:24,NA,2,NA,1,1,"S","PARTNTID",NA,NA,4,"sample does not have an associated bay program method code"
"959",999,"LRA","ALLARM.LT7","11/16/2005","12:00:00","TDS.1","M1",2195,"CMC","NTWQM",2005-11-16 12:00:00,0.3,"ISM",1,"Water",NA,320,"MG/L",NA,NA,NA,2017-10-27 16:41:36,NA,2,NA,1,1,"S","PARTNTID",NA,NA,4,"sample does not have an associated bay program method code"
"960",999,"LRA","ALLARM.LT7","04/18/2005","12:00:00","TDS.1","M1",2108,"CMC","NTWQM",2005-04-18 12:00:00,0.3,"ISM",1,"Water",NA,260,"MG/L",NA,NA,NA,2017-10-27 16:39:09,NA,2,NA,1,1,"S","PARTNTID",NA,NA,4,"sample does not have an associated bay program method code"
"961",999,"LRA","ALLARM.LT5","11/16/2005","12:00:00","TDS.1","M1",2193,"CMC","NTWQM",2005-11-16 12:00:00,0.3,"ISM",1,"Water",NA,300,"MG/L",NA,NA,NA,2017-10-27 16:41:32,NA,2,NA,1,1,"S","PARTNTID",NA,NA,4,"sample does not have an associated bay program method code"
"962",999,"LRA","ALLARM.MG2","12/01/2005","12:00:00","TDS.1","M1",2213,"CMC","NTWQM",2005-12-01 12:00:00,0.3,"ISM",1,"Water",NA,350,"MG/L",NA,NA,NA,2017-10-27 16:42:10,NA,2,NA,1,1,"S","PARTNTID",NA,NA,4,"sample does not have an associated bay program method code"
"963",999,"LRA","ALLARM.LT6","05/02/2005","12:00:00","TDS.1","M1",2120,"CMC","NTWQM",2005-05-02 12:00:00,0.3,"ISM",1,"Water",NA,260,"MG/L",NA,NA,NA,2017-10-27 16:39:27,NA,2,NA,1,1,"S","PARTNTID",NA,NA,4,"sample does not have an associated bay program method code"
"964",999,"LRA","ALLARM.LT9","11/16/2005","12:00:00","TDS.1","M1",2197,"CMC","NTWQM",2005-11-16 12:00:00,0.3,"ISM",1,"Water",NA,360,"MG/L",NA,NA,NA,2017-10-27 16:41:40,NA,2,NA,1,1,"S","PARTNTID",NA,NA,4,"sample does not have an associated bay program method code"
"965",999,"LRA","ALLARM.LT5","12/01/2005","12:00:00","NO3N.3","M1",2206,"CMC","NTWQM",2005-12-01 12:00:00,0.3,"ISM",2,"Water",NA,3.2,"MG/L",NA,NA,NA,2017-10-27 16:41:57,NA,2,NA,1,1,"S","PARTNTID",NA,NA,4,"sample does not have an associated bay program method code"
"966",999,"LRA","ALLARM.MG2","08/10/2005","12:00:00","NO3N.3","M1",2164,"CMC","NTWQM",2005-08-10 12:00:00,0.3,"ISM",2,"Water",NA,1.8,"MG/L",NA,NA,NA,2017-10-27 16:40:43,NA,2,NA,1,1,"S","PARTNTID",NA,NA,4,"sample does not have an associated bay program method code"
"967",999,"LRA","ALLARM.LT8","12/01/2005","12:00:00","NO3N.3","M1",2209,"CMC","NTWQM",2005-12-01 12:00:00,0.3,"ISM",2,"Water",NA,0.3,"MG/L",NA,NA,NA,2017-10-27 16:42:03,NA,2,NA,1,1,"S","PARTNTID",NA,NA,4,"sample does not have an associated bay program method code"
"968",999,"LRA","ALLARM.LT5","12/01/2005","12:00:00","TDS.1","M1",2206,"CMC","NTWQM",2005-12-01 12:00:00,0.3,"ISM",1,"Water",NA,310,"MG/L",NA,NA,NA,2017-10-27 16:41:57,NA,2,NA,1,1,"S","PARTNTID",NA,NA,4,"sample does not have an associated bay program method code"
"969",999,"LRA","ALLARM.WL","01/26/2005","12:00:00","TDS.1","M1",2075,"CMC","NTWQM",2005-01-26 12:00:00,0.3,"ISM",1,"Water",NA,440,"MG/L",NA,NA,NA,2017-10-27 16:38:22,NA,2,NA,1,1,"S","PARTNTID",NA,NA,4,"sample does not have an associated bay program method code"
"970",999,"LRA","ALLARM.LT5","01/26/2005","12:00:00","NO3N.3","M1",2067,"CMC","NTWQM",2005-01-26 12:00:00,0.3,"ISM",2,"Water",NA,3.1,"MG/L",NA,NA,NA,2017-10-27 16:38:11,NA,2,NA,1,1,"S","PARTNTID",NA,NA,4,"sample does not have an associated bay program method code"
"971",999,"LRA","ALLARM.LT9","12/01/2005","12:00:00","TDS.1","M1",2210,"CMC","NTWQM",2005-12-01 12:00:00,0.3,"ISM",1,"Water",NA,380,"MG/L",NA,NA,NA,2017-10-27 16:42:05,NA,2,NA,1,1,"S","PARTNTID",NA,NA,4,"sample does not have an associated bay program method code"
"972",999,"LRA","ALLARM.LT6","01/26/2005","12:00:00","NO3N.3","M1",2068,"CMC","NTWQM",2005-01-26 12:00:00,0.3,"ISM",2,"Water",NA,3.7,"MG/L",NA,NA,NA,2017-10-27 16:38:12,NA,2,NA,1,1,"S","PARTNTID",NA,NA,4,"sample does not have an associated bay program method code"
"973",999,"LRA","ALLARM.LT7","06/13/2005","12:00:00","TDS.1","M1",2134,"CMC","NTWQM",2005-06-13 12:00:00,0.3,"ISM",1,"Water",NA,240,"MG/L",NA,NA,NA,2017-10-27 16:39:51,NA,2,NA,1,1,"S","PARTNTID",NA,NA,4,"sample does not have an associated bay program method code"
"974",999,"LRA","ALLARM.LT9","01/26/2005","12:00:00","NO3N.3","M1",2071,"CMC","NTWQM",2005-01-26 12:00:00,0.3,"ISM",2,"Water",NA,2.8,"MG/L",NA,NA,NA,2017-10-27 16:38:17,NA,2,NA,1,1,"S","PARTNTID",NA,NA,4,"sample does not have an associated bay program method code"
"975",999,"LRA","ALLARM.LT6","01/26/2005","12:00:00","TDS.1","M1",2068,"CMC","NTWQM",2005-01-26 12:00:00,0.3,"ISM",1,"Water",NA,310,"MG/L",NA,NA,NA,2017-10-27 16:38:12,NA,2,NA,1,1,"S","PARTNTID",NA,NA,4,"sample does not have an associated bay program method code"
"976",999,"LRA","ALLARM.LT9","01/26/2005","12:00:00","TDS.1","M1",2071,"CMC","NTWQM",2005-01-26 12:00:00,0.3,"ISM",1,"Water",NA,320,"MG/L",NA,NA,NA,2017-10-27 16:38:17,NA,2,NA,1,1,"S","PARTNTID",NA,NA,4,"sample does not have an associated bay program method code"
"977",999,"LRA","ALLARM.LT5","02/28/2005","12:00:00","NO3N.3","M1",2080,"CMC","NTWQM",2005-02-28 12:00:00,0.3,"ISM",2,"Water",NA,3.5,"MG/L",NA,NA,NA,2017-10-27 16:38:29,NA,2,NA,1,1,"S","PARTNTID",NA,NA,4,"sample does not have an associated bay program method code"
"978",999,"LRA","ALLARM.MG1","01/26/2005","12:00:00","TDS.1","M1",2073,"CMC","NTWQM",2005-01-26 12:00:00,0.3,"ISM",1,"Water",NA,440,"MG/L",NA,NA,NA,2017-10-27 16:38:19,NA,2,NA,1,1,"S","PARTNTID",NA,NA,4,"sample does not have an associated bay program method code"
"979",999,"LRA","ALLARM.LT5","10/19/2005","12:00:00","NO3N.3","M1",2180,"CMC","NTWQM",2005-10-19 12:00:00,0.3,"ISM",2,"Water",NA,3.7,"MG/L",NA,NA,NA,2017-10-27 16:41:08,NA,2,NA,1,1,"S","PARTNTID",NA,NA,4,"sample does not have an associated bay program method code"
"980",999,"LRA","ALLARM.LT7","08/10/2005","12:00:00","TDS.1","M1",2159,"CMC","NTWQM",2005-08-10 12:00:00,0.3,"ISM",1,"Water",NA,250,"MG/L",NA,NA,NA,2017-10-27 16:40:35,NA,2,NA,1,1,"S","PARTNTID",NA,NA,4,"sample does not have an associated bay program method code"
"981",999,"LRA","ALLARM.LT9","02/28/2005","12:00:00","NO3N.3","M1",2084,"CMC","NTWQM",2005-02-28 12:00:00,0.3,"ISM",2,"Water",NA,3.1,"MG/L",NA,NA,NA,2017-10-27 16:38:35,NA,2,NA,1,1,"S","PARTNTID",NA,NA,4,"sample does not have an associated bay program method code"
"982",999,"LRA","ALLARM.LT9","02/28/2005","12:00:00","TDS.1","M1",2084,"CMC","NTWQM",2005-02-28 12:00:00,0.3,"ISM",1,"Water",NA,320,"MG/L",NA,NA,NA,2017-10-27 16:38:35,NA,2,NA,1,1,"S","PARTNTID",NA,NA,4,"sample does not have an associated bay program method code"
"983",999,"LRA","ALLARM.LT6","08/10/2005","12:00:00","TDS.1","M1",2158,"CMC","NTWQM",2005-08-10 12:00:00,0.3,"ISM",1,"Water",NA,240,"MG/L",NA,NA,NA,2017-10-27 16:40:33,NA,2,NA,1,1,"S","PARTNTID",NA,NA,4,"sample does not have an associated bay program method code"
"984",999,"LRA","ALLARM.LT8","03/22/2005","12:00:00","NO3N.3","M1",2096,"CMC","NTWQM",2005-03-22 12:00:00,0.3,"ISM",2,"Water",NA,1.8,"MG/L",NA,NA,NA,2017-10-27 16:38:52,NA,2,NA,1,1,"S","PARTNTID",NA,NA,4,"sample does not have an associated bay program method code"
"985",999,"LRA","ALLARM.MG2","10/19/2005","12:00:00","NO3N.3","M1",2187,"CMC","NTWQM",2005-10-19 12:00:00,0.3,"ISM",2,"Water",NA,1.8,"MG/L",NA,NA,NA,2017-10-27 16:41:21,NA,2,NA,1,1,"S","PARTNTID",NA,NA,4,"sample does not have an associated bay program method code"
"986",999,"LRA","ALLARM.MG1","08/10/2005","12:00:00","TDS.1","M1",2163,"CMC","NTWQM",2005-08-10 12:00:00,0.3,"ISM",1,"Water",NA,400,"MG/L",NA,NA,NA,2017-10-27 16:40:41,NA,2,NA,1,1,"S","PARTNTID",NA,NA,4,"sample does not have an associated bay program method code"
"987",999,"LRA","ALLARM.LT9","06/13/2005","12:00:00","TDS.1","M1",2136,"CMC","NTWQM",2005-06-13 12:00:00,0.3,"ISM",1,"Water",NA,240,"MG/L",NA,NA,NA,2017-10-27 16:39:54,NA,2,NA,1,1,"S","PARTNTID",NA,NA,4,"sample does not have an associated bay program method code"
"988",999,"LRA","ALLARM.WL","11/16/2005","12:00:00","NO3N.3","M1",2201,"CMC","NTWQM",2005-11-16 12:00:00,0.3,"ISM",2,"Water",NA,0.6,"MG/L",NA,NA,NA,2017-10-27 16:41:48,NA,2,NA,1,1,"S","PARTNTID",NA,NA,4,"sample does not have an associated bay program method code"
"989",999,"LRA","ALLARM.MG2","10/19/2005","12:00:00","TDS.1","M1",2187,"CMC","NTWQM",2005-10-19 12:00:00,0.3,"ISM",1,"Water",NA,310,"MG/L",NA,NA,NA,2017-10-27 16:41:21,NA,2,NA,1,1,"S","PARTNTID",NA,NA,4,"sample does not have an associated bay program method code"
"990",999,"LRA","ALLARM.LT8","04/18/2005","12:00:00","NO3N.3","M1",2109,"CMC","NTWQM",2005-04-18 12:00:00,0.3,"ISM",2,"Water",NA,3.5,"MG/L",NA,NA,NA,2017-10-27 16:39:11,NA,2,NA,1,1,"S","PARTNTID",NA,NA,4,"sample does not have an associated bay program method code"
"991",999,"LRA","ALLARM.MG2","04/18/2005","12:00:00","NO3N.3","M1",2113,"CMC","NTWQM",2005-04-18 12:00:00,0.3,"ISM",2,"Water",NA,2.3,"MG/L",NA,NA,NA,2017-10-27 16:39:17,NA,2,NA,1,1,"S","PARTNTID",NA,NA,4,"sample does not have an associated bay program method code"
"992",999,"LRA","ALLARM.MG2","06/13/2005","12:00:00","NO3N.3","M1",2139,"CMC","NTWQM",2005-06-13 12:00:00,0.3,"ISM",2,"Water",NA,2,"MG/L",NA,NA,NA,2017-10-27 16:39:59,NA,2,NA,1,1,"S","PARTNTID",NA,NA,4,"sample does not have an associated bay program method code"
"993",999,"LRA","ALLARM.MG1","10/19/2005","12:00:00","TDS.1","M1",2186,"CMC","NTWQM",2005-10-19 12:00:00,0.3,"ISM",1,"Water",NA,410,"MG/L",NA,NA,NA,2017-10-27 16:41:19,NA,2,NA,1,1,"S","PARTNTID",NA,NA,4,"sample does not have an associated bay program method code"
"994",999,"LRA","ALLARM.LT6","10/19/2005","12:00:00","NO3N.3","M1",2181,"CMC","NTWQM",2005-10-19 12:00:00,0.3,"ISM",2,"Water",NA,3.6,"MG/L",NA,NA,NA,2017-10-27 16:41:10,NA,2,NA,1,1,"S","PARTNTID",NA,NA,4,"sample does not have an associated bay program method code"
"995",999,"LRA","ALLARM.LT8","10/19/2005","12:00:00","TDS.1","M1",2183,"CMC","NTWQM",2005-10-19 12:00:00,0.3,"ISM",1,"Water",NA,250,"MG/L",NA,NA,NA,2017-10-27 16:41:14,NA,2,NA,1,1,"S","PARTNTID",NA,NA,4,"sample does not have an associated bay program method code"
"996",999,"LRA","ALLARM.MG2","11/16/2005","12:00:00","TDS.1","M1",2200,"CMC","NTWQM",2005-11-16 12:00:00,0.3,"ISM",1,"Water",NA,300,"MG/L",NA,NA,NA,2017-10-27 16:41:46,NA,2,NA,1,1,"S","PARTNTID",NA,NA,4,"sample does not have an associated bay program method code"
"997",999,"LRA","ALLARM.LT9","10/19/2005","12:00:00","TDS.1","M1",2184,"CMC","NTWQM",2005-10-19 12:00:00,0.3,"ISM",1,"Water",NA,280,"MG/L",NA,NA,NA,2017-10-27 16:41:15,NA,2,NA,1,1,"S","PARTNTID",NA,NA,4,"sample does not have an associated bay program method code"
"998",999,"LRA","ALLARM.MG2","05/02/2005","12:00:00","NO3N.3","M1",2126,"CMC","NTWQM",2005-05-02 12:00:00,0.3,"ISM",2,"Water",NA,1.2,"MG/L",NA,NA,NA,2017-10-27 16:39:37,NA,2,NA,1,1,"S","PARTNTID",NA,NA,4,"sample does not have an associated bay program method code"
"999",999,"LRA","ALLARM.LT5","11/16/2005","12:00:00","NO3N.3","M1",2193,"CMC","NTWQM",2005-11-16 12:00:00,0.3,"ISM",2,"Water",NA,2,"MG/L",NA,NA,NA,2017-10-27 16:41:32,NA,2,NA,1,1,"S","PARTNTID",NA,NA,4,"sample does not have an associated bay program method code"
"1000",999,"LRA","ALLARM.MG1","02/28/2005","12:00:00","TDS.1","M1",2086,"CMC","NTWQM",2005-02-28 12:00:00,0.3,"ISM",1,"Water",NA,500,"MG/L",NA,NA,NA,2017-10-27 16:38:38,NA,2,NA,1,1,"S","PARTNTID",NA,NA,4,"sample does not have an associated bay program method code"
"1001",999,"LRA","ALLARM.LT6","11/16/2005","12:00:00","NO3N.3","M1",2194,"CMC","NTWQM",2005-11-16 12:00:00,0.3,"ISM",2,"Water",NA,0.9,"MG/L",NA,NA,NA,2017-10-27 16:41:34,NA,2,NA,1,1,"S","PARTNTID",NA,NA,4,"sample does not have an associated bay program method code"
"1002",999,"LRA","ALLARM.LT8","11/16/2005","12:00:00","TDS.1","M1",2196,"CMC","NTWQM",2005-11-16 12:00:00,0.3,"ISM",1,"Water",NA,340,"MG/L",NA,NA,NA,2017-10-27 16:41:38,NA,2,NA,1,1,"S","PARTNTID",NA,NA,4,"sample does not have an associated bay program method code"
"1003",999,"LRA","ALLARM.LT9","11/16/2005","12:00:00","NO3N.3","M1",2197,"CMC","NTWQM",2005-11-16 12:00:00,0.3,"ISM",2,"Water",NA,0.3,"MG/L",NA,NA,NA,2017-10-27 16:41:40,NA,2,NA,1,1,"S","PARTNTID",NA,NA,4,"sample does not have an associated bay program method code"
"1004",999,"LRA","ALLARM.LT7","12/01/2005","12:00:00","NO3N.3","M1",2208,"CMC","NTWQM",2005-12-01 12:00:00,0.3,"ISM",2,"Water",NA,0.3,"MG/L",NA,NA,NA,2017-10-27 16:42:01,NA,2,NA,1,1,"S","PARTNTID",NA,NA,4,"sample does not have an associated bay program method code"
"1005",999,"LRA","ALLARM.LT6","07/27/2005","12:00:00","TDS.1","M1",2146,"CMC","NTWQM",2005-07-27 12:00:00,0.3,"ISM",1,"Water",NA,220,"MG/L",NA,NA,NA,2017-10-27 16:40:12,NA,2,NA,1,1,"S","PARTNTID",NA,NA,4,"sample does not have an associated bay program method code"
"1006",999,"LRA","ALLARM.LT8","02/28/2005","12:00:00","NO3N.3","M1",2083,"CMC","NTWQM",2005-02-28 12:00:00,0.3,"ISM",2,"Water",NA,3.2,"MG/L",NA,NA,NA,2017-10-27 16:38:33,NA,2,NA,1,1,"S","PARTNTID",NA,NA,4,"sample does not have an associated bay program method code"
"1007",999,"LRA","ALLARM.LT9","07/27/2005","12:00:00","TDS.1","M1",2148,"CMC","NTWQM",2005-07-27 12:00:00,0.3,"ISM",1,"Water",NA,260,"MG/L",NA,NA,NA,2017-10-27 16:40:15,NA,2,NA,1,1,"S","PARTNTID",NA,NA,4,"sample does not have an associated bay program method code"
"1008",999,"LRA","ALLARM.LT6","12/01/2005","12:00:00","NO3N.3","M1",2207,"CMC","NTWQM",2005-12-01 12:00:00,0.3,"ISM",2,"Water",NA,2.4,"MG/L",NA,NA,NA,2017-10-27 16:41:59,NA,2,NA,1,1,"S","PARTNTID",NA,NA,4,"sample does not have an associated bay program method code"
"1009",999,"LRA","ALLARM.LT8","12/01/2005","12:00:00","TDS.1","M1",2209,"CMC","NTWQM",2005-12-01 12:00:00,0.3,"ISM",1,"Water",NA,350,"MG/L",NA,NA,NA,2017-10-27 16:42:03,NA,2,NA,1,1,"S","PARTNTID",NA,NA,4,"sample does not have an associated bay program method code"
"1010",999,"LRA","ALLARM.LT9","12/01/2005","12:00:00","NO3N.3","M1",2210,"CMC","NTWQM",2005-12-01 12:00:00,0.3,"ISM",2,"Water",NA,0.2,"MG/L",NA,NA,NA,2017-10-27 16:42:05,NA,2,NA,1,1,"S","PARTNTID",NA,NA,4,"sample does not have an associated bay program method code"
"1011",999,"LRA","ALLARM.LT6","06/13/2005","12:00:00","TDS.1","M1",2133,"CMC","NTWQM",2005-06-13 12:00:00,0.3,"ISM",1,"Water",NA,220,"MG/L",NA,NA,NA,2017-10-27 16:39:49,NA,2,NA,1,1,"S","PARTNTID",NA,NA,4,"sample does not have an associated bay program method code"
"1012",999,"LRA","ALLARM.MG2","07/27/2005","12:00:00","NO3N.3","M1",2151,"CMC","NTWQM",2005-07-27 12:00:00,0.3,"ISM",2,"Water",NA,0.6,"MG/L",NA,NA,NA,2017-10-27 16:40:21,NA,2,NA,1,1,"S","PARTNTID",NA,NA,4,"sample does not have an associated bay program method code"
"1013",999,"LRA","ALLARM.LT8","01/26/2005","12:00:00","NO3N.3","M1",2070,"CMC","NTWQM",2005-01-26 12:00:00,0.3,"ISM",2,"Water",NA,3.2,"MG/L",NA,NA,NA,2017-10-27 16:38:15,NA,2,NA,1,1,"S","PARTNTID",NA,NA,4,"sample does not have an associated bay program method code"
"1014",999,"LRA","ALLARM.WL","10/19/2005","12:00:00","TDS.1","M1",2188,"CMC","NTWQM",2005-10-19 12:00:00,0.3,"ISM",1,"Water",NA,350,"MG/L",NA,NA,NA,2017-10-27 16:41:23,NA,2,NA,1,1,"S","PARTNTID",NA,NA,4,"sample does not have an associated bay program method code"
"1015",999,"LRA","ALLARM.LT7","01/26/2005","12:00:00","NO3N.3","M1",2069,"CMC","NTWQM",2005-01-26 12:00:00,0.3,"ISM",2,"Water",NA,3.2,"MG/L",NA,NA,NA,2017-10-27 16:38:14,NA,2,NA,1,1,"S","PARTNTID",NA,NA,4,"sample does not have an associated bay program method code"
"1016",999,"LRA","ALLARM.LT8","07/27/2005","12:00:00","TDS.1","M1",2147,"CMC","NTWQM",2005-07-27 12:00:00,0.3,"ISM",1,"Water",NA,240,"MG/L",NA,NA,NA,2017-10-27 16:40:14,NA,2,NA,1,1,"S","PARTNTID",NA,NA,4,"sample does not have an associated bay program method code"
"1017",999,"LRA","ALLARM.MG1","01/26/2005","12:00:00","NO3N.3","M1",2073,"CMC","NTWQM",2005-01-26 12:00:00,0.3,"ISM",2,"Water",NA,1.9,"MG/L",NA,NA,NA,2017-10-27 16:38:19,NA,2,NA,1,1,"S","PARTNTID",NA,NA,4,"sample does not have an associated bay program method code"
"1018",999,"LRA","ALLARM.LT9","03/22/2005","12:00:00","TDS.1","M1",2097,"CMC","NTWQM",2005-03-22 12:00:00,0.3,"ISM",1,"Water",NA,300,"MG/L",NA,NA,NA,2017-10-27 16:38:53,NA,2,NA,1,1,"S","PARTNTID",NA,NA,4,"sample does not have an associated bay program method code"
"1019",999,"LRA","ALLARM.LT9","05/02/2005","12:00:00","TDS.1","M1",2123,"CMC","NTWQM",2005-05-02 12:00:00,0.3,"ISM",1,"Water",NA,280,"MG/L",NA,NA,NA,2017-10-27 16:39:32,NA,2,NA,1,1,"S","PARTNTID",NA,NA,4,"sample does not have an associated bay program method code"
"1020",999,"LRA","ALLARM.LT7","03/22/2005","12:00:00","TDS.1","M1",2095,"CMC","NTWQM",2005-03-22 12:00:00,0.3,"ISM",1,"Water",NA,300,"MG/L",NA,NA,NA,2017-10-27 16:38:51,NA,2,NA,1,1,"S","PARTNTID",NA,NA,4,"sample does not have an associated bay program method code"
"1021",999,"LRA","ALLARM.WL","08/10/2005","12:00:00","TDS.1","M1",2165,"CMC","NTWQM",2005-08-10 12:00:00,0.3,"ISM",1,"Water",NA,390,"MG/L",NA,NA,NA,2017-10-27 16:40:45,NA,2,NA,1,1,"S","PARTNTID",NA,NA,4,"sample does not have an associated bay program method code"
"1022",999,"LRA","ALLARM.LT8","08/10/2005","12:00:00","TDS.1","M1",2160,"CMC","NTWQM",2005-08-10 12:00:00,0.3,"ISM",1,"Water",NA,260,"MG/L",NA,NA,NA,2017-10-27 16:40:36,NA,2,NA,1,1,"S","PARTNTID",NA,NA,4,"sample does not have an associated bay program method code"
"1023",999,"LRA","ALLARM.WL","03/22/2005","12:00:00","TDS.1","M1",2101,"CMC","NTWQM",2005-03-22 12:00:00,0.3,"ISM",1,"Water",NA,430,"MG/L",NA,NA,NA,2017-10-27 16:38:59,NA,2,NA,1,1,"S","PARTNTID",NA,NA,4,"sample does not have an associated bay program method code"
"1024",999,"LRA","ALLARM.MG2","08/10/2005","12:00:00","TDS.1","M1",2164,"CMC","NTWQM",2005-08-10 12:00:00,0.3,"ISM",1,"Water",NA,400,"MG/L",NA,NA,NA,2017-10-27 16:40:43,NA,2,NA,1,1,"S","PARTNTID",NA,NA,4,"sample does not have an associated bay program method code"
"1025",999,"LRA","ALLARM.LT7","02/28/2005","12:00:00","TDS.1","M1",2082,"CMC","NTWQM",2005-02-28 12:00:00,0.3,"ISM",1,"Water",NA,350,"MG/L",NA,NA,NA,2017-10-27 16:38:32,NA,2,NA,1,1,"S","PARTNTID",NA,NA,4,"sample does not have an associated bay program method code"
"1026",999,"LRA","ALLARM.LT9","08/10/2005","12:00:00","TDS.1","M1",2161,"CMC","NTWQM",2005-08-10 12:00:00,0.3,"ISM",1,"Water",NA,270,"MG/L",NA,NA,NA,2017-10-27 16:40:38,NA,2,NA,1,1,"S","PARTNTID",NA,NA,4,"sample does not have an associated bay program method code"
"1027",999,"LRA","ALLARM.MG2","05/02/2005","12:00:00","TDS.1","M1",2126,"CMC","NTWQM",2005-05-02 12:00:00,0.3,"ISM",1,"Water",NA,410,"MG/L",NA,NA,NA,2017-10-27 16:39:37,NA,2,NA,1,1,"S","PARTNTID",NA,NA,4,"sample does not have an associated bay program method code"
"1028",999,"LRA","ALLARM.LT8","11/16/2005","12:00:00","NO3N.3","M1",2196,"CMC","NTWQM",2005-11-16 12:00:00,0.3,"ISM",2,"Water",NA,2.8,"MG/L",NA,NA,NA,2017-10-27 16:41:38,NA,2,NA,1,1,"S","PARTNTID",NA,NA,4,"sample does not have an associated bay program method code"
"1029",999,"LRA","ALLARM.LT8","05/02/2005","12:00:00","TDS.1","M1",2122,"CMC","NTWQM",2005-05-02 12:00:00,0.3,"ISM",1,"Water",NA,270,"MG/L",NA,NA,NA,2017-10-27 16:39:30,NA,2,NA,1,1,"S","PARTNTID",NA,NA,4,"sample does not have an associated bay program method code"
"1030",999,"LRA","ALLARM.LT7","10/19/2005","12:00:00","NO3N.3","M1",2182,"CMC","NTWQM",2005-10-19 12:00:00,0.3,"ISM",2,"Water",NA,2.9,"MG/L",NA,NA,NA,2017-10-27 16:41:12,NA,2,NA,1,1,"S","PARTNTID",NA,NA,4,"sample does not have an associated bay program method code"
"1031",999,"LRA","ALLARM.LT8","04/18/2005","12:00:00","TDS.1","M1",2109,"CMC","NTWQM",2005-04-18 12:00:00,0.3,"ISM",1,"Water",NA,250,"MG/L",NA,NA,NA,2017-10-27 16:39:11,NA,2,NA,1,1,"S","PARTNTID",NA,NA,4,"sample does not have an associated bay program method code"
"1032",999,"LRA","ALLARM.MG2","07/27/2005","12:00:00","TDS.1","M1",2151,"CMC","NTWQM",2005-07-27 12:00:00,0.3,"ISM",1,"Water",NA,390,"MG/L",NA,NA,NA,2017-10-27 16:40:21,NA,2,NA,1,1,"S","PARTNTID",NA,NA,4,"sample does not have an associated bay program method code"
"1033",999,"LRA","ALLARM.LT7","11/16/2005","12:00:00","NO3N.3","M1",2195,"CMC","NTWQM",2005-11-16 12:00:00,0.3,"ISM",2,"Water",NA,0.2,"MG/L",NA,NA,NA,2017-10-27 16:41:36,NA,2,NA,1,1,"S","PARTNTID",NA,NA,4,"sample does not have an associated bay program method code"
"1034",999,"LRA","ALLARM.LT8","10/19/2005","12:00:00","NO3N.3","M1",2183,"CMC","NTWQM",2005-10-19 12:00:00,0.3,"ISM",2,"Water",NA,3.2,"MG/L",NA,NA,NA,2017-10-27 16:41:14,NA,2,NA,1,1,"S","PARTNTID",NA,NA,4,"sample does not have an associated bay program method code"
"1035",999,"LRA","ALLARM.MG1","04/18/2005","12:00:00","TDS.1","M1",2112,"CMC","NTWQM",2005-04-18 12:00:00,0.3,"ISM",1,"Water",NA,320,"MG/L",NA,NA,NA,2017-10-27 16:39:15,NA,2,NA,1,1,"S","PARTNTID",NA,NA,4,"sample does not have an associated bay program method code"
"1036",999,"LRA","ALLARM.LT9","10/19/2005","12:00:00","NO3N.3","M1",2184,"CMC","NTWQM",2005-10-19 12:00:00,0.3,"ISM",2,"Water",NA,3.3,"MG/L",NA,NA,NA,2017-10-27 16:41:15,NA,2,NA,1,1,"S","PARTNTID",NA,NA,4,"sample does not have an associated bay program method code"
"1037",999,"LRA","ALLARM.LT8","06/13/2005","12:00:00","TDS.1","M1",2135,"CMC","NTWQM",2005-06-13 12:00:00,0.3,"ISM",1,"Water",NA,240,"MG/L",NA,NA,NA,2017-10-27 16:39:52,NA,2,NA,1,1,"S","PARTNTID",NA,NA,4,"sample does not have an associated bay program method code"
"1038",999,"LRA","ALLARM.LT9","04/18/2005","12:00:00","TDS.1","M1",2110,"CMC","NTWQM",2005-04-18 12:00:00,0.3,"ISM",1,"Water",NA,250,"MG/L",NA,NA,NA,2017-10-27 16:39:12,NA,2,NA,1,1,"S","PARTNTID",NA,NA,4,"sample does not have an associated bay program method code"
"1039",999,"LRA","ALLARM.MG2","06/13/2005","12:00:00","TDS.1","M1",2139,"CMC","NTWQM",2005-06-13 12:00:00,0.3,"ISM",1,"Water",NA,370,"MG/L",NA,NA,NA,2017-10-27 16:39:59,NA,2,NA,1,1,"S","PARTNTID",NA,NA,4,"sample does not have an associated bay program method code"
"1040",999,"LRA","ALLARM.MG1","12/01/2005","12:00:00","TDS.1","M1",2212,"CMC","NTWQM",2005-12-01 12:00:00,0.3,"ISM",1,"Water",NA,410,"MG/L",NA,NA,NA,2017-10-27 16:42:08,NA,2,NA,1,1,"S","PARTNTID",NA,NA,4,"sample does not have an associated bay program method code"
"1041",999,"LRA","ALLARM.MG1","06/13/2005","12:00:00","TDS.1","M1",2138,"CMC","NTWQM",2005-06-13 12:00:00,0.3,"ISM",1,"Water",NA,370,"MG/L",NA,NA,NA,2017-10-27 16:39:57,NA,2,NA,1,1,"S","PARTNTID",NA,NA,4,"sample does not have an associated bay program method code"
"1042",999,"LRA","ALLARM.MG1","07/27/2005","12:00:00","TDS.1","M1",2150,"CMC","NTWQM",2005-07-27 12:00:00,0.3,"ISM",1,"Water",NA,370,"MG/L",NA,NA,NA,2017-10-27 16:40:19,NA,2,NA,1,1,"S","PARTNTID",NA,NA,4,"sample does not have an associated bay program method code"
"1043",999,"LRA","ALLARM.MG2","04/18/2005","12:00:00","TDS.1","M1",2113,"CMC","NTWQM",2005-04-18 12:00:00,0.3,"ISM",1,"Water",NA,370,"MG/L",NA,NA,NA,2017-10-27 16:39:17,NA,2,NA,1,1,"S","PARTNTID",NA,NA,4,"sample does not have an associated bay program method code"
"1044",999,"LRA","ALLARM.MG1","02/28/2005","12:00:00","NO3N.3","M1",2086,"CMC","NTWQM",2005-02-28 12:00:00,0.3,"ISM",2,"Water",NA,2,"MG/L",NA,NA,NA,2017-10-27 16:38:38,NA,2,NA,1,1,"S","PARTNTID",NA,NA,4,"sample does not have an associated bay program method code"
"1045",999,"LRA","ALLARM.MG1","03/22/2005","12:00:00","TDS.1","M1",2099,"CMC","NTWQM",2005-03-22 12:00:00,0.3,"ISM",1,"Water",NA,440,"MG/L",NA,NA,NA,2017-10-27 16:38:56,NA,2,NA,1,1,"S","PARTNTID",NA,NA,4,"sample does not have an associated bay program method code"
"1046",999,"LRA","ALLARM.MG1","05/02/2005","12:00:00","TDS.1","M1",2125,"CMC","NTWQM",2005-05-02 12:00:00,0.3,"ISM",1,"Water",NA,400,"MG/L",NA,NA,NA,2017-10-27 16:39:35,NA,2,NA,1,1,"S","PARTNTID",NA,NA,4,"sample does not have an associated bay program method code"
"1047",999,"LRA","ALLARM.WL","10/19/2005","12:00:00","NO3N.3","M1",2188,"CMC","NTWQM",2005-10-19 12:00:00,0.3,"ISM",2,"Water",NA,1.3,"MG/L",NA,NA,NA,2017-10-27 16:41:23,NA,2,NA,1,1,"S","PARTNTID",NA,NA,4,"sample does not have an associated bay program method code"
