"","paramMethod","SOURCE","STATION","SAMPLE_DATE","SAMPLE_TIME","paramCode","SAMPLE_ID","EventId","AGENCY","PROGRAM","DateTime","DEPTH","SAMPLE_TYPE","TIER","Matrix","QUALIFIER","VALUE","UNITS","PROBLEM","LAB","labName","modifiedDate","detLimit","qaFlag","COMMENTS","count.x","count.y","LAYER","PROJECT","SampleAnalyticalMethodIdentifier","SubstanceIdentificationName","errorCode","errorName"
"645",999,"GCWD","GCWD.GERBRA4.32","06/15/2013","12:00:00","TDS.1","M1",5005,"CMC","NTWQM",2013-06-15 12:00:00,0.1,"ISM",1,"Water",NA,70,"MG/L",NA,NA,NA,2018-03-01 14:35:48,NA,2,NA,1,1,"S","PARTNTID",NA,NA,4,"sample does not have an associated bay program method code"
"646",999,"GCWD","GCWD.BALRUN4.02","09/05/2013","12:00:00","TDS.1","M1",5410,"CMC","NTWQM",2013-09-05 12:00:00,0.1,"ISM",1,"Water",NA,20,"MG/L",NA,NA,NA,2018-03-01 14:51:54,NA,2,NA,1,1,"S","PARTNTID",NA,NA,4,"sample does not have an associated bay program method code"
"647",999,"GCWD","GCWD.GERBRA4.32","06/22/2013","12:00:00","TDS.1","M1",5006,"CMC","NTWQM",2013-06-22 12:00:00,0.1,"ISM",1,"Water",NA,80,"MG/L",NA,NA,NA,2018-03-01 14:35:48,NA,2,NA,1,1,"S","PARTNTID",NA,NA,4,"sample does not have an associated bay program method code"
"648",999,"GCWD","GCWD.BALRUN4.02","09/29/2013","12:00:00","TDS.1","M1",5411,"CMC","NTWQM",2013-09-29 12:00:00,0.1,"ISM",1,"Water",NA,20,"MG/L",NA,NA,NA,2018-03-01 14:51:54,NA,2,NA,1,1,"S","PARTNTID",NA,NA,4,"sample does not have an associated bay program method code"
"649",999,"GCWD","GCWD.GERBRA4.32","06/29/2013","12:00:00","TDS.1","M1",5007,"CMC","NTWQM",2013-06-29 12:00:00,0.1,"ISM",1,"Water",NA,80,"MG/L",NA,NA,NA,2018-03-01 14:35:48,NA,2,NA,1,1,"S","PARTNTID",NA,NA,4,"sample does not have an associated bay program method code"
"650",999,"GCWD","GCWD.BALRUN4.02","10/11/2013","12:00:00","TDS.1","M1",5412,"CMC","NTWQM",2013-10-11 12:00:00,0.1,"ISM",1,"Water",NA,20,"MG/L",NA,NA,NA,2018-03-01 14:51:55,NA,2,NA,1,1,"S","PARTNTID",NA,NA,4,"sample does not have an associated bay program method code"
"651",999,"GCWD","GCWD.GERBRA4.32","07/06/2013","12:00:00","TDS.1","M1",5008,"CMC","NTWQM",2013-07-06 12:00:00,0.1,"ISM",1,"Water",NA,95,"MG/L",NA,NA,NA,2018-03-01 14:35:48,NA,2,NA,1,1,"S","PARTNTID",NA,NA,4,"sample does not have an associated bay program method code"
"652",999,"GCWD","GCWD.BEEFLARUN0.12","01/27/2013","12:00:00","TDS.1","M1",4665,"CMC","NTWQM",2013-01-27 12:00:00,0.1,"ISM",1,"Water",NA,20,"MG/L",NA,NA,NA,2018-03-01 14:35:02,NA,2,NA,1,1,"S","PARTNTID",NA,NA,4,"sample does not have an associated bay program method code"
"653",999,"GCWD","GCWD.GERBRA4.32","07/15/2013","12:00:00","TDS.1","M1",5009,"CMC","NTWQM",2013-07-15 12:00:00,0.1,"ISM",1,"Water",NA,90,"MG/L",NA,NA,NA,2018-03-01 14:35:49,NA,2,NA,1,1,"S","PARTNTID",NA,NA,4,"sample does not have an associated bay program method code"
"654",999,"GCWD","GCWD.BEEFLARUN0.12","03/10/2013","12:00:00","TDS.1","M1",4666,"CMC","NTWQM",2013-03-10 12:00:00,0.1,"ISM",1,"Water",NA,20,"MG/L",NA,NA,NA,2018-03-01 14:35:02,NA,2,NA,1,1,"S","PARTNTID",NA,NA,4,"sample does not have an associated bay program method code"
"655",999,"GCWD","GCWD.GERBRA4.32","07/21/2013","12:00:00","TDS.1","M1",5010,"CMC","NTWQM",2013-07-21 12:00:00,0.1,"ISM",1,"Water",NA,90,"MG/L",NA,NA,NA,2018-03-01 14:35:49,NA,2,NA,1,1,"S","PARTNTID",NA,NA,4,"sample does not have an associated bay program method code"
"656",999,"GCWD","GCWD.BEEFLARUN0.12","04/21/2013","12:00:00","TDS.1","M1",4667,"CMC","NTWQM",2013-04-21 12:00:00,0.1,"ISM",1,"Water",NA,20,"MG/L",NA,NA,NA,2018-03-01 14:35:03,NA,2,NA,1,1,"S","PARTNTID",NA,NA,4,"sample does not have an associated bay program method code"
"657",999,"GCWD","GCWD.GERBRA4.32","08/05/2013","12:00:00","TDS.1","M1",5011,"CMC","NTWQM",2013-08-05 12:00:00,0.1,"ISM",1,"Water",NA,90,"MG/L",NA,NA,NA,2018-03-01 14:35:49,NA,2,NA,1,1,"S","PARTNTID",NA,NA,4,"sample does not have an associated bay program method code"
"658",999,"GCWD","GCWD.BEEFLARUN0.12","05/16/2013","12:00:00","TDS.1","M1",4668,"CMC","NTWQM",2013-05-16 12:00:00,0.1,"ISM",1,"Water",NA,10,"MG/L",NA,NA,NA,2018-03-01 14:35:03,NA,2,NA,1,1,"S","PARTNTID",NA,NA,4,"sample does not have an associated bay program method code"
"659",999,"GCWD","GCWD.GERBRA4.32","08/17/2013","12:00:00","TDS.1","M1",5012,"CMC","NTWQM",2013-08-17 12:00:00,0.1,"ISM",1,"Water",NA,105,"MG/L",NA,NA,NA,2018-03-01 14:35:49,NA,2,NA,1,1,"S","PARTNTID",NA,NA,4,"sample does not have an associated bay program method code"
"660",999,"GCWD","GCWD.BEEFLARUN0.12","06/12/2013","12:00:00","TDS.1","M1",4669,"CMC","NTWQM",2013-06-12 12:00:00,0.1,"ISM",1,"Water",NA,20,"MG/L",NA,NA,NA,2018-03-01 14:35:03,NA,2,NA,1,1,"S","PARTNTID",NA,NA,4,"sample does not have an associated bay program method code"
"661",999,"GCWD","GCWD.GERBRA4.32","08/18/2013","12:00:00","TDS.1","M1",5013,"CMC","NTWQM",2013-08-18 12:00:00,0.1,"ISM",1,"Water",NA,110,"MG/L",NA,NA,NA,2018-03-01 14:35:49,NA,2,NA,1,1,"S","PARTNTID",NA,NA,4,"sample does not have an associated bay program method code"
"662",999,"GCWD","GCWD.BEEFLARUN0.12","07/16/2013","12:00:00","TDS.1","M1",4670,"CMC","NTWQM",2013-07-16 12:00:00,0.1,"ISM",1,"Water",NA,20,"MG/L",NA,NA,NA,2018-03-01 14:35:03,NA,2,NA,1,1,"S","PARTNTID",NA,NA,4,"sample does not have an associated bay program method code"
"663",999,"GCWD","GCWD.GERBRA4.32","08/24/2013","12:00:00","TDS.1","M1",5014,"CMC","NTWQM",2013-08-24 12:00:00,0.1,"ISM",1,"Water",NA,110,"MG/L",NA,NA,NA,2018-03-01 14:35:50,NA,2,NA,1,1,"S","PARTNTID",NA,NA,4,"sample does not have an associated bay program method code"
"664",999,"GCWD","GCWD.BEEFLARUN0.12","08/13/2013","12:00:00","TDS.1","M1",4671,"CMC","NTWQM",2013-08-13 12:00:00,0.1,"ISM",1,"Water",NA,20,"MG/L",NA,NA,NA,2018-03-01 14:35:03,NA,2,NA,1,1,"S","PARTNTID",NA,NA,4,"sample does not have an associated bay program method code"
"665",999,"GCWD","GCWD.GERBRA4.32","08/31/2013","12:00:00","TDS.1","M1",5015,"CMC","NTWQM",2013-08-31 12:00:00,0.1,"ISM",1,"Water",NA,110,"MG/L",NA,NA,NA,2018-03-01 14:35:50,NA,2,NA,1,1,"S","PARTNTID",NA,NA,4,"sample does not have an associated bay program method code"
"666",999,"GCWD","GCWD.BEEFLARUN0.12","09/17/2013","12:00:00","TDS.1","M1",4672,"CMC","NTWQM",2013-09-17 12:00:00,0.1,"ISM",1,"Water",NA,20,"MG/L",NA,NA,NA,2018-03-01 14:35:03,NA,2,NA,1,1,"S","PARTNTID",NA,NA,4,"sample does not have an associated bay program method code"
"667",999,"GCWD","GCWD.GERBRA4.32","09/08/2013","12:00:00","TDS.1","M1",5016,"CMC","NTWQM",2013-09-08 12:00:00,0.1,"ISM",1,"Water",NA,110,"MG/L",NA,NA,NA,2018-03-01 14:35:50,NA,2,NA,1,1,"S","PARTNTID",NA,NA,4,"sample does not have an associated bay program method code"
"668",999,"GCWD","GCWD.BEEFLARUN0.12","10/30/2013","12:00:00","TDS.1","M1",4673,"CMC","NTWQM",2013-10-30 12:00:00,0.1,"ISM",1,"Water",NA,10,"MG/L",NA,NA,NA,2018-03-01 14:35:03,NA,2,NA,1,1,"S","PARTNTID",NA,NA,4,"sample does not have an associated bay program method code"
"669",999,"GCWD","GCWD.GERBRA4.32","09/15/2013","12:00:00","TDS.1","M1",5017,"CMC","NTWQM",2013-09-15 12:00:00,0.1,"ISM",1,"Water",NA,110,"MG/L",NA,NA,NA,2018-03-01 14:35:50,NA,2,NA,1,1,"S","PARTNTID",NA,NA,4,"sample does not have an associated bay program method code"
"670",999,"GCWD","GCWD.BIGMOORUN5.78","03/24/2013","12:00:00","TDS.1","M1",4710,"CMC","NTWQM",2013-03-24 12:00:00,0.1,"ISM",1,"Water",NA,40,"MG/L",NA,NA,NA,2018-03-01 14:35:05,NA,2,NA,1,1,"S","PARTNTID",NA,NA,4,"sample does not have an associated bay program method code"
"671",999,"GCWD","GCWD.GERBRA4.32","09/22/2013","12:00:00","TDS.1","M1",5018,"CMC","NTWQM",2013-09-22 12:00:00,0.1,"ISM",1,"Water",NA,100,"MG/L",NA,NA,NA,2018-03-01 14:35:51,NA,2,NA,1,1,"S","PARTNTID",NA,NA,4,"sample does not have an associated bay program method code"
"672",999,"GCWD","GCWD.CALCRE0.11","02/25/2013","12:00:00","TDS.1","M1",4753,"CMC","NTWQM",2013-02-25 12:00:00,0.1,"ISM",1,"Water",NA,60,"MG/L",NA,NA,NA,2018-03-01 14:35:07,NA,2,NA,1,1,"S","PARTNTID",NA,NA,4,"sample does not have an associated bay program method code"
"673",999,"GCWD","GCWD.GERBRA4.32","10/05/2013","12:00:00","TDS.1","M1",5019,"CMC","NTWQM",2013-10-05 12:00:00,0.1,"ISM",1,"Water",NA,100,"MG/L",NA,NA,NA,2018-03-01 14:35:51,NA,2,NA,1,1,"S","PARTNTID",NA,NA,4,"sample does not have an associated bay program method code"
"674",999,"GCWD","GCWD.CALCRE0.11","04/04/2013","12:00:00","TDS.1","M1",4754,"CMC","NTWQM",2013-04-04 12:00:00,0.1,"ISM",1,"Water",NA,50,"MG/L",NA,NA,NA,2018-03-01 14:35:08,NA,2,NA,1,1,"S","PARTNTID",NA,NA,4,"sample does not have an associated bay program method code"
"675",999,"GCWD","GCWD.GERBRA4.32","10/14/2013","12:00:00","TDS.1","M1",5020,"CMC","NTWQM",2013-10-14 12:00:00,0.1,"ISM",1,"Water",NA,95,"MG/L",NA,NA,NA,2018-03-01 14:35:51,NA,2,NA,1,1,"S","PARTNTID",NA,NA,4,"sample does not have an associated bay program method code"
"676",999,"GCWD","GCWD.CALCRE0.11","06/15/2013","12:00:00","TDS.1","M1",4755,"CMC","NTWQM",2013-06-15 12:00:00,0.1,"ISM",1,"Water",NA,50,"MG/L",NA,NA,NA,2018-03-01 14:35:08,NA,2,NA,1,1,"S","PARTNTID",NA,NA,4,"sample does not have an associated bay program method code"
"677",999,"GCWD","GCWD.GERBRA4.32","10/20/2013","12:00:00","TDS.1","M1",5021,"CMC","NTWQM",2013-10-20 12:00:00,0.1,"ISM",1,"Water",NA,80,"MG/L",NA,NA,NA,2018-03-01 14:35:51,NA,2,NA,1,1,"S","PARTNTID",NA,NA,4,"sample does not have an associated bay program method code"
"678",999,"GCWD","GCWD.CALCRE0.11","07/29/2013","12:00:00","TDS.1","M1",4756,"CMC","NTWQM",2013-07-29 12:00:00,0.1,"ISM",1,"Water",NA,70,"MG/L",NA,NA,NA,2018-03-01 14:35:08,NA,2,NA,1,1,"S","PARTNTID",NA,NA,4,"sample does not have an associated bay program method code"
"679",999,"GCWD","GCWD.GERBRA4.32","10/27/2013","12:00:00","TDS.1","M1",5022,"CMC","NTWQM",2013-10-27 12:00:00,0.1,"ISM",1,"Water",NA,80,"MG/L",NA,NA,NA,2018-03-01 14:35:51,NA,2,NA,1,1,"S","PARTNTID",NA,NA,4,"sample does not have an associated bay program method code"
"680",999,"GCWD","GCWD.CALCRE0.11","09/09/2013","12:00:00","TDS.1","M1",4758,"CMC","NTWQM",2013-09-09 12:00:00,0.1,"ISM",1,"Water",NA,70,"MG/L",NA,NA,NA,2018-03-01 14:35:08,NA,2,NA,1,1,"S","PARTNTID",NA,NA,4,"sample does not have an associated bay program method code"
"681",999,"GCWD","GCWD.GERBRA4.32","11/02/2013","12:00:00","TDS.1","M1",5023,"CMC","NTWQM",2013-11-02 12:00:00,0.1,"ISM",1,"Water",NA,80,"MG/L",NA,NA,NA,2018-03-01 14:35:52,NA,2,NA,1,1,"S","PARTNTID",NA,NA,4,"sample does not have an associated bay program method code"
"682",999,"GCWD","GCWD.CALCRE0.11","11/04/2013","12:00:00","TDS.1","M1",4752,"CMC","NTWQM",2013-11-04 12:00:00,0.1,"ISM",1,"Water",NA,60,"MG/L",NA,NA,NA,2018-03-01 14:35:07,NA,2,NA,1,1,"S","PARTNTID",NA,NA,4,"sample does not have an associated bay program method code"
"683",999,"GCWD","GCWD.GERBRA4.32","11/17/2013","12:00:00","TDS.1","M1",5024,"CMC","NTWQM",2013-11-17 12:00:00,0.1,"ISM",1,"Water",NA,90,"MG/L",NA,NA,NA,2018-03-01 14:35:52,NA,2,NA,1,1,"S","PARTNTID",NA,NA,4,"sample does not have an associated bay program method code"
"684",999,"GCWD","GCWD.COWRIV34.68","03/30/2013","12:00:00","TDS.1","M1",4784,"CMC","NTWQM",2013-03-30 12:00:00,0.1,"ISM",1,"Water",NA,90,"MG/L",NA,NA,NA,2018-03-01 14:35:11,NA,2,NA,1,1,"S","PARTNTID",NA,NA,4,"sample does not have an associated bay program method code"
"685",999,"GCWD","GCWD.GERBRA4.32","12/01/2013","12:00:00","TDS.1","M1",5025,"CMC","NTWQM",2013-12-01 12:00:00,0.1,"ISM",1,"Water",NA,60,"MG/L",NA,NA,NA,2018-03-01 14:35:52,NA,2,NA,1,1,"S","PARTNTID",NA,NA,4,"sample does not have an associated bay program method code"
"686",999,"GCWD","GCWD.COWRIV34.68","06/04/2013","12:00:00","TDS.1","M1",4785,"CMC","NTWQM",2013-06-04 12:00:00,0.1,"ISM",1,"Water",NA,100,"MG/L",NA,NA,NA,2018-03-01 14:35:11,NA,2,NA,1,1,"S","PARTNTID",NA,NA,4,"sample does not have an associated bay program method code"
"687",999,"GCWD","GCWD.GERBRA4.32","12/08/2013","12:00:00","TDS.1","M1",5026,"CMC","NTWQM",2013-12-08 12:00:00,0.1,"ISM",1,"Water",NA,70,"MG/L",NA,NA,NA,2018-03-01 14:35:52,NA,2,NA,1,1,"S","PARTNTID",NA,NA,4,"sample does not have an associated bay program method code"
"688",999,"GCWD","GCWD.COWRIV34.68","07/14/2013","12:00:00","TDS.1","M1",4786,"CMC","NTWQM",2013-07-14 12:00:00,0.1,"ISM",1,"Water",NA,150,"MG/L",NA,NA,NA,2018-03-01 14:35:11,NA,2,NA,1,1,"S","PARTNTID",NA,NA,4,"sample does not have an associated bay program method code"
"689",999,"GCWD","GCWD.GERBRA4.32","12/23/2013","12:00:00","TDS.1","M1",5027,"CMC","NTWQM",2013-12-23 12:00:00,0.1,"ISM",1,"Water",NA,60,"MG/L",NA,NA,NA,2018-03-01 14:35:52,NA,2,NA,1,1,"S","PARTNTID",NA,NA,4,"sample does not have an associated bay program method code"
"690",999,"GCWD","GCWD.COWRIV34.68","09/03/2013","12:00:00","TDS.1","M1",4788,"CMC","NTWQM",2013-09-03 12:00:00,0.1,"ISM",1,"Water",NA,170,"MG/L",NA,NA,NA,2018-03-01 14:35:12,NA,2,NA,1,1,"S","PARTNTID",NA,NA,4,"sample does not have an associated bay program method code"
"691",999,"GCWD","GCWD.GERBRA4.32","12/30/2013","12:00:00","TDS.1","M1",5028,"CMC","NTWQM",2013-12-30 12:00:00,0.1,"ISM",1,"Water",NA,90,"MG/L",NA,NA,NA,2018-03-01 14:35:53,NA,2,NA,1,1,"S","PARTNTID",NA,NA,4,"sample does not have an associated bay program method code"
"692",999,"GCWD","GCWD.COWRIV34.68","12/12/2013","12:00:00","TDS.1","M1",4787,"CMC","NTWQM",2013-12-12 12:00:00,0.1,"ISM",1,"Water",NA,110,"MG/L",NA,NA,NA,2018-03-01 14:35:12,NA,2,NA,1,1,"S","PARTNTID",NA,NA,4,"sample does not have an associated bay program method code"
"693",999,"GCWD","GCWD.HEIRUN0.01","09/05/2013","12:00:00","TDS.1","M1",5414,"CMC","NTWQM",2013-09-05 12:00:00,0.1,"ISM",1,"Water",NA,170,"MG/L",NA,NA,NA,2018-03-01 14:51:55,NA,2,NA,1,1,"S","PARTNTID",NA,NA,4,"sample does not have an associated bay program method code"
"694",999,"GCWD","GCWD.CROCRE13.23","10/01/2013","12:00:00","TDS.1","M1",5413,"CMC","NTWQM",2013-10-01 12:00:00,0.1,"ISM",1,"Water",NA,190,"MG/L",NA,NA,NA,2018-03-01 14:51:55,NA,2,NA,1,1,"S","PARTNTID",NA,NA,4,"sample does not have an associated bay program method code"
"695",999,"GCWD","GCWD.HEIRUN0.01","10/01/2013","12:00:00","TDS.1","M1",5415,"CMC","NTWQM",2013-10-01 12:00:00,0.1,"ISM",1,"Water",NA,180,"MG/L",NA,NA,NA,2018-03-01 14:51:55,NA,2,NA,1,1,"S","PARTNTID",NA,NA,4,"sample does not have an associated bay program method code"
"696",999,"GCWD","GCWD.DODHOLRUN0.32","02/26/2013","12:00:00","TDS.1","M1",4799,"CMC","NTWQM",2013-02-26 12:00:00,0.1,"ISM",1,"Water",NA,50,"MG/L",NA,NA,NA,2018-03-01 14:35:13,NA,2,NA,1,1,"S","PARTNTID",NA,NA,4,"sample does not have an associated bay program method code"
"697",999,"GCWD","GCWD.HEIRUN0.01","10/11/2013","12:00:00","TDS.1","M1",5416,"CMC","NTWQM",2013-10-11 12:00:00,0.1,"ISM",1,"Water",NA,220,"MG/L",NA,NA,NA,2018-03-01 14:51:55,NA,2,NA,1,1,"S","PARTNTID",NA,NA,4,"sample does not have an associated bay program method code"
"698",999,"GCWD","GCWD.DODHOLRUN0.32","04/04/2013","12:00:00","TDS.1","M1",4800,"CMC","NTWQM",2013-04-04 12:00:00,0.1,"ISM",1,"Water",NA,40,"MG/L",NA,NA,NA,2018-03-01 14:35:13,NA,2,NA,1,1,"S","PARTNTID",NA,NA,4,"sample does not have an associated bay program method code"
"699",999,"GCWD","GCWD.HEIRUN1.68","09/05/2013","12:00:00","TDS.1","M1",5417,"CMC","NTWQM",2013-09-05 12:00:00,0.1,"ISM",1,"Water",NA,180,"MG/L",NA,NA,NA,2018-03-01 14:51:55,NA,2,NA,1,1,"S","PARTNTID",NA,NA,4,"sample does not have an associated bay program method code"
"700",999,"GCWD","GCWD.DODHOLRUN0.32","05/07/2013","12:00:00","TDS.1","M1",4801,"CMC","NTWQM",2013-05-07 12:00:00,0.1,"ISM",1,"Water",NA,50,"MG/L",NA,NA,NA,2018-03-01 14:35:13,NA,2,NA,1,1,"S","PARTNTID",NA,NA,4,"sample does not have an associated bay program method code"
"701",999,"GCWD","GCWD.HEIRUN1.68","10/01/2013","12:00:00","TDS.1","M1",5418,"CMC","NTWQM",2013-10-01 12:00:00,0.1,"ISM",1,"Water",NA,180,"MG/L",NA,NA,NA,2018-03-01 14:51:55,NA,2,NA,1,1,"S","PARTNTID",NA,NA,4,"sample does not have an associated bay program method code"
"702",999,"GCWD","GCWD.DODHOLRUN0.32","06/26/2013","12:00:00","TDS.1","M1",4802,"CMC","NTWQM",2013-06-26 12:00:00,0.1,"ISM",1,"Water",NA,60,"MG/L",NA,NA,NA,2018-03-01 14:35:13,NA,2,NA,1,1,"S","PARTNTID",NA,NA,4,"sample does not have an associated bay program method code"
"703",999,"GCWD","GCWD.HEIRUN1.68","10/11/2013","12:00:00","TDS.1","M1",5419,"CMC","NTWQM",2013-10-11 12:00:00,0.1,"ISM",1,"Water",NA,310,"MG/L",NA,NA,NA,2018-03-01 14:51:55,NA,2,NA,1,1,"S","PARTNTID",NA,NA,4,"sample does not have an associated bay program method code"
"704",999,"GCWD","GCWD.DODHOLRUN0.32","07/30/2013","12:00:00","TDS.1","M1",4803,"CMC","NTWQM",2013-07-30 12:00:00,0.1,"ISM",1,"Water",NA,50,"MG/L",NA,NA,NA,2018-03-01 14:35:14,NA,2,NA,1,1,"S","PARTNTID",NA,NA,4,"sample does not have an associated bay program method code"
"705",999,"GCWD","GCWD.LICRUN0.19","09/05/2013","12:00:00","TDS.1","M1",5420,"CMC","NTWQM",2013-09-05 12:00:00,0.1,"ISM",1,"Water",NA,70,"MG/L",NA,NA,NA,2018-03-01 14:51:55,NA,2,NA,1,1,"S","PARTNTID",NA,NA,4,"sample does not have an associated bay program method code"
"706",999,"GCWD","GCWD.DODHOLRUN0.32","08/20/2013","12:00:00","TDS.1","M1",4804,"CMC","NTWQM",2013-08-20 12:00:00,0.1,"ISM",1,"Water",NA,70,"MG/L",NA,NA,NA,2018-03-01 14:35:14,NA,2,NA,1,1,"S","PARTNTID",NA,NA,4,"sample does not have an associated bay program method code"
"707",999,"GCWD","GCWD.LICRUN0.19","10/01/2013","12:00:00","TDS.1","M1",5421,"CMC","NTWQM",2013-10-01 12:00:00,0.1,"ISM",1,"Water",NA,70,"MG/L",NA,NA,NA,2018-03-01 14:51:55,NA,2,NA,1,1,"S","PARTNTID",NA,NA,4,"sample does not have an associated bay program method code"
"708",999,"GCWD","GCWD.DODHOLRUN0.32","10/03/2013","12:00:00","TDS.1","M1",4805,"CMC","NTWQM",2013-10-03 12:00:00,0.1,"ISM",1,"Water",NA,40,"MG/L",NA,NA,NA,2018-03-01 14:35:14,NA,2,NA,1,1,"S","PARTNTID",NA,NA,4,"sample does not have an associated bay program method code"
"709",999,"GCWD","GCWD.LICRUN0.19","10/11/2013","12:00:00","TDS.1","M1",5422,"CMC","NTWQM",2013-10-11 12:00:00,0.1,"ISM",1,"Water",NA,60,"MG/L",NA,NA,NA,2018-03-01 14:51:55,NA,2,NA,1,1,"S","PARTNTID",NA,NA,4,"sample does not have an associated bay program method code"
"710",999,"LRA","ALLARM.LT3","08/13/2013","12:00:00","NO3N.3","M1",3239,"CMC","NTWQM",2013-08-13 12:00:00,0.3,"ISM",2,"Water",NA,3.5,"MG/L",NA,NA,NA,2017-10-30 10:38:36,NA,2,NA,1,1,"S","PARTNTID",NA,NA,4,"sample does not have an associated bay program method code"
"711",999,"GCWD","GCWD.DODHOLRUN0.32","12/28/2013","12:00:00","TDS.1","M1",4807,"CMC","NTWQM",2013-12-28 12:00:00,0.1,"ISM",1,"Water",NA,60,"MG/L",NA,NA,NA,2018-03-01 14:35:14,NA,2,NA,1,2,"VP","PARTNTID",NA,NA,4,"sample does not have an associated bay program method code"
"712",999,"GCWD","GCWD.DODHOLRUN0.32","12/28/2013","12:00:00","TDS.1","M1",4807,"CMC","NTWQM",2013-12-28 12:00:00,0.1,"ISM",1,"Water",NA,60,"MG/L",NA,NA,NA,2018-03-01 14:35:14,NA,2,NA,1,2,"VP","PARTNTID",NA,NA,4,"sample does not have an associated bay program method code"
"713",999,"GCWD","GCWD.LITPHORUN0.02","04/04/2013","12:00:00","TDS.1","M1",5098,"CMC","NTWQM",2013-04-04 12:00:00,0.1,"ISM",1,"Water",NA,60,"MG/L",NA,NA,NA,2018-03-01 14:36:09,NA,2,NA,1,1,"S","PARTNTID",NA,NA,4,"sample does not have an associated bay program method code"
"714",999,"GCWD","GCWD.GENFOR10.77","02/25/2013","12:00:00","TDS.1","M1",4927,"CMC","NTWQM",2013-02-25 12:00:00,0.1,"ISM",1,"Water",NA,40,"MG/L",NA,NA,NA,2018-03-01 14:35:33,NA,2,NA,1,1,"S","PARTNTID",NA,NA,4,"sample does not have an associated bay program method code"
"715",999,"GCWD","GCWD.LITPHORUN0.02","06/15/2013","12:00:00","TDS.1","M1",5099,"CMC","NTWQM",2013-06-15 12:00:00,0.1,"ISM",1,"Water",NA,80,"MG/L",NA,NA,NA,2018-03-01 14:36:09,NA,2,NA,1,1,"S","PARTNTID",NA,NA,4,"sample does not have an associated bay program method code"
"716",999,"GCWD","GCWD.GENFOR10.77","04/04/2013","12:00:00","TDS.1","M1",4928,"CMC","NTWQM",2013-04-04 12:00:00,0.1,"ISM",1,"Water",NA,30,"MG/L",NA,NA,NA,2018-03-01 14:35:33,NA,2,NA,1,1,"S","PARTNTID",NA,NA,4,"sample does not have an associated bay program method code"
"717",999,"GCWD","GCWD.LITPHORUN0.02","07/29/2013","12:00:00","TDS.1","M1",5100,"CMC","NTWQM",2013-07-29 12:00:00,0.1,"ISM",1,"Water",NA,90,"MG/L",NA,NA,NA,2018-03-01 14:36:09,NA,2,NA,1,1,"S","PARTNTID",NA,NA,4,"sample does not have an associated bay program method code"
"718",999,"GCWD","GCWD.GENFOR10.77","06/15/2013","12:00:00","TDS.1","M1",4929,"CMC","NTWQM",2013-06-15 12:00:00,0.1,"ISM",1,"Water",NA,40,"MG/L",NA,NA,NA,2018-03-01 14:35:33,NA,2,NA,1,1,"S","PARTNTID",NA,NA,4,"sample does not have an associated bay program method code"
"719",999,"GCWD","GCWD.LITPHORUN0.02","09/09/2013","12:00:00","TDS.1","M1",5101,"CMC","NTWQM",2013-09-09 12:00:00,0.1,"ISM",1,"Water",NA,120,"MG/L",NA,NA,NA,2018-03-01 14:36:10,NA,2,NA,1,1,"S","PARTNTID",NA,NA,4,"sample does not have an associated bay program method code"
"720",999,"GCWD","GCWD.GENFOR10.77","07/29/2013","12:00:00","TDS.1","M1",4930,"CMC","NTWQM",2013-07-29 12:00:00,0.1,"ISM",1,"Water",NA,40,"MG/L",NA,NA,NA,2018-03-01 14:35:33,NA,2,NA,1,1,"S","PARTNTID",NA,NA,4,"sample does not have an associated bay program method code"
"721",999,"GCWD","GCWD.LITPHORUN0.02","11/05/2013","12:00:00","TDS.1","M1",5102,"CMC","NTWQM",2013-11-05 12:00:00,0.1,"ISM",1,"Water",NA,90,"MG/L",NA,NA,NA,2018-03-01 14:36:10,NA,2,NA,1,1,"S","PARTNTID",NA,NA,4,"sample does not have an associated bay program method code"
"722",999,"GCWD","GCWD.GENFOR10.77","09/09/2013","12:00:00","TDS.1","M1",4931,"CMC","NTWQM",2013-09-09 12:00:00,0.1,"ISM",1,"Water",NA,50,"MG/L",NA,NA,NA,2018-03-01 14:35:33,NA,2,NA,1,1,"S","PARTNTID",NA,NA,4,"sample does not have an associated bay program method code"
"723",999,"GCWD","GCWD.MARCRE0.05","02/26/2013","12:00:00","TDS.1","M1",5121,"CMC","NTWQM",2013-02-26 12:00:00,0.1,"ISM",1,"Water",NA,60,"MG/L",NA,NA,NA,2018-03-01 14:36:15,NA,2,NA,1,1,"S","PARTNTID",NA,NA,4,"sample does not have an associated bay program method code"
"724",999,"GCWD","GCWD.GENFOR10.77","11/04/2013","12:00:00","TDS.1","M1",4932,"CMC","NTWQM",2013-11-04 12:00:00,0.1,"ISM",1,"Water",NA,40,"MG/L",NA,NA,NA,2018-03-01 14:35:34,NA,2,NA,1,1,"S","PARTNTID",NA,NA,4,"sample does not have an associated bay program method code"
"725",999,"GCWD","GCWD.MARCRE0.05","03/30/2013","12:00:00","TDS.1","M1",5122,"CMC","NTWQM",2013-03-30 12:00:00,0.1,"ISM",1,"Water",NA,60,"MG/L",NA,NA,NA,2018-03-01 14:36:15,NA,2,NA,1,1,"S","PARTNTID",NA,NA,4,"sample does not have an associated bay program method code"
"726",999,"GCWD","GCWD.GERBRA4.32","01/05/2013","12:00:00","TDS.1","M1",4985,"CMC","NTWQM",2013-01-05 12:00:00,0.1,"ISM",1,"Water",NA,63,"MG/L",NA,NA,NA,2018-03-01 14:35:44,NA,2,NA,1,1,"S","PARTNTID",NA,NA,4,"sample does not have an associated bay program method code"
"727",999,"GCWD","GCWD.MARCRE0.05","05/07/2013","12:00:00","TDS.1","M1",5123,"CMC","NTWQM",2013-05-07 12:00:00,0.1,"ISM",1,"Water",NA,60,"MG/L",NA,NA,NA,2018-03-01 14:36:16,NA,2,NA,1,1,"S","PARTNTID",NA,NA,4,"sample does not have an associated bay program method code"
"728",999,"GCWD","GCWD.GERBRA4.32","01/13/2013","12:00:00","TDS.1","M1",4986,"CMC","NTWQM",2013-01-13 12:00:00,0.1,"ISM",1,"Water",NA,90,"MG/L",NA,NA,NA,2018-03-01 14:35:44,NA,2,NA,1,1,"S","PARTNTID",NA,NA,4,"sample does not have an associated bay program method code"
"729",999,"GCWD","GCWD.MARCRE0.05","06/04/2013","12:00:00","TDS.1","M1",5124,"CMC","NTWQM",2013-06-04 12:00:00,0.1,"ISM",1,"Water",NA,50,"MG/L",NA,NA,NA,2018-03-01 14:36:16,NA,2,NA,1,1,"S","PARTNTID",NA,NA,4,"sample does not have an associated bay program method code"
"730",999,"GCWD","GCWD.GERBRA4.32","01/19/2013","12:00:00","TDS.1","M1",4987,"CMC","NTWQM",2013-01-19 12:00:00,0.1,"ISM",1,"Water",NA,60,"MG/L",NA,NA,NA,2018-03-01 14:35:45,NA,2,NA,1,1,"S","PARTNTID",NA,NA,4,"sample does not have an associated bay program method code"
"731",999,"GCWD","GCWD.MARCRE0.05","07/14/2013","12:00:00","TDS.1","M1",5125,"CMC","NTWQM",2013-07-14 12:00:00,0.1,"ISM",1,"Water",NA,80,"MG/L",NA,NA,NA,2018-03-01 14:36:16,NA,2,NA,1,1,"S","PARTNTID",NA,NA,4,"sample does not have an associated bay program method code"
"732",999,"GCWD","GCWD.GERBRA4.32","01/26/2013","12:00:00","TDS.1","M1",4988,"CMC","NTWQM",2013-01-26 12:00:00,0.1,"ISM",1,"Water",NA,70,"MG/L",NA,NA,NA,2018-03-01 14:35:45,NA,2,NA,1,1,"S","PARTNTID",NA,NA,4,"sample does not have an associated bay program method code"
"733",999,"GCWD","GCWD.MARCRE0.05","09/03/2013","12:00:00","TDS.1","M1",5126,"CMC","NTWQM",2013-09-03 12:00:00,0.1,"ISM",1,"Water",NA,90,"MG/L",NA,NA,NA,2018-03-01 14:36:16,NA,2,NA,1,1,"S","PARTNTID",NA,NA,4,"sample does not have an associated bay program method code"
"734",999,"GCWD","GCWD.GERBRA4.32","02/09/2013","12:00:00","TDS.1","M1",4989,"CMC","NTWQM",2013-02-09 12:00:00,0.1,"ISM",1,"Water",NA,70,"MG/L",NA,NA,NA,2018-03-01 14:35:45,NA,2,NA,1,1,"S","PARTNTID",NA,NA,4,"sample does not have an associated bay program method code"
"735",999,"GCWD","GCWD.UKW006","04/21/2013","12:00:00","TDS.1","M1",5314,"CMC","NTWQM",2013-04-21 12:00:00,0.1,"ISM",1,"Water",NA,15,"MG/L",NA,NA,NA,2018-03-01 14:37:10,NA,2,NA,1,1,"S","PARTNTID",NA,NA,4,"sample does not have an associated bay program method code"
"736",999,"GCWD","GCWD.GERBRA4.32","02/18/2013","12:00:00","TDS.1","M1",4990,"CMC","NTWQM",2013-02-18 12:00:00,0.1,"ISM",1,"Water",NA,70,"MG/L",NA,NA,NA,2018-03-01 14:35:45,NA,2,NA,1,1,"S","PARTNTID",NA,NA,4,"sample does not have an associated bay program method code"
"737",999,"GCWD","GCWD.UKW006","05/16/2013","12:00:00","TDS.1","M1",5315,"CMC","NTWQM",2013-05-16 12:00:00,0.1,"ISM",1,"Water",NA,20,"MG/L",NA,NA,NA,2018-03-01 14:37:11,NA,2,NA,1,1,"S","PARTNTID",NA,NA,4,"sample does not have an associated bay program method code"
"738",999,"GCWD","GCWD.GERBRA4.32","03/09/2013","12:00:00","TDS.1","M1",4991,"CMC","NTWQM",2013-03-09 12:00:00,0.1,"ISM",1,"Water",NA,110,"MG/L",NA,NA,NA,2018-03-01 14:35:45,NA,2,NA,1,1,"S","PARTNTID",NA,NA,4,"sample does not have an associated bay program method code"
"739",999,"GCWD","GCWD.UKW006","06/12/2013","12:00:00","TDS.1","M1",5316,"CMC","NTWQM",2013-06-12 12:00:00,0.1,"ISM",1,"Water",NA,20,"MG/L",NA,NA,NA,2018-03-01 14:37:11,NA,2,NA,1,1,"S","PARTNTID",NA,NA,4,"sample does not have an associated bay program method code"
"740",999,"GCWD","GCWD.GERBRA4.32","03/17/2013","12:00:00","TDS.1","M1",4992,"CMC","NTWQM",2013-03-17 12:00:00,0.1,"ISM",1,"Water",NA,55,"MG/L",NA,NA,NA,2018-03-01 14:35:45,NA,2,NA,1,1,"S","PARTNTID",NA,NA,4,"sample does not have an associated bay program method code"
"741",999,"GCWD","GCWD.UKW006","07/16/2013","12:00:00","TDS.1","M1",5317,"CMC","NTWQM",2013-07-16 12:00:00,0.1,"ISM",1,"Water",NA,20,"MG/L",NA,NA,NA,2018-03-01 14:37:11,NA,2,NA,1,1,"S","PARTNTID",NA,NA,4,"sample does not have an associated bay program method code"
"742",999,"GCWD","GCWD.GERBRA4.32","03/24/2013","12:00:00","TDS.1","M1",4993,"CMC","NTWQM",2013-03-24 12:00:00,0.1,"ISM",1,"Water",NA,80,"MG/L",NA,NA,NA,2018-03-01 14:35:46,NA,2,NA,1,1,"S","PARTNTID",NA,NA,4,"sample does not have an associated bay program method code"
"743",999,"GCWD","GCWD.UKW006","08/13/2013","12:00:00","TDS.1","M1",5318,"CMC","NTWQM",2013-08-13 12:00:00,0.1,"ISM",1,"Water",NA,20,"MG/L",NA,NA,NA,2018-03-01 14:37:12,NA,2,NA,1,1,"S","PARTNTID",NA,NA,4,"sample does not have an associated bay program method code"
"744",999,"GCWD","GCWD.GERBRA4.32","03/30/2013","12:00:00","TDS.1","M1",4994,"CMC","NTWQM",2013-03-30 12:00:00,0.1,"ISM",1,"Water",NA,90,"MG/L",NA,NA,NA,2018-03-01 14:35:46,NA,2,NA,1,1,"S","PARTNTID",NA,NA,4,"sample does not have an associated bay program method code"
"745",999,"GCWD","GCWD.UKW006","09/17/2013","12:00:00","TDS.1","M1",5319,"CMC","NTWQM",2013-09-17 12:00:00,0.1,"ISM",1,"Water",NA,40,"MG/L",NA,NA,NA,2018-03-01 14:37:12,NA,2,NA,1,1,"S","PARTNTID",NA,NA,4,"sample does not have an associated bay program method code"
"746",999,"GCWD","GCWD.GERBRA4.32","04/07/2013","12:00:00","TDS.1","M1",4995,"CMC","NTWQM",2013-04-07 12:00:00,0.1,"ISM",1,"Water",NA,70,"MG/L",NA,NA,NA,2018-03-01 14:35:46,NA,2,NA,1,1,"S","PARTNTID",NA,NA,4,"sample does not have an associated bay program method code"
"747",999,"GCWD","GCWD.UKW006","10/30/2013","12:00:00","TDS.1","M1",5320,"CMC","NTWQM",2013-10-30 12:00:00,0.1,"ISM",1,"Water",NA,20,"MG/L",NA,NA,NA,2018-03-01 14:37:12,NA,2,NA,1,1,"S","PARTNTID",NA,NA,4,"sample does not have an associated bay program method code"
"748",999,"GCWD","GCWD.GERBRA4.32","04/13/2013","12:00:00","TDS.1","M1",4996,"CMC","NTWQM",2013-04-13 12:00:00,0.1,"ISM",1,"Water",NA,65,"MG/L",NA,NA,NA,2018-03-01 14:35:46,NA,2,NA,1,1,"S","PARTNTID",NA,NA,4,"sample does not have an associated bay program method code"
"749",999,"GCWD","GCWD.UKW029","09/05/2013","12:00:00","TDS.1","M1",5491,"CMC","NTWQM",2013-09-05 12:00:00,0.1,"ISM",1,"Water",NA,20,"MG/L",NA,NA,NA,2018-03-01 14:52:00,NA,2,NA,1,1,"S","PARTNTID",NA,NA,4,"sample does not have an associated bay program method code"
"750",999,"GCWD","GCWD.GERBRA4.32","04/20/2013","12:00:00","TDS.1","M1",4997,"CMC","NTWQM",2013-04-20 12:00:00,0.1,"ISM",1,"Water",NA,70,"MG/L",NA,NA,NA,2018-03-01 14:35:46,NA,2,NA,1,1,"S","PARTNTID",NA,NA,4,"sample does not have an associated bay program method code"
"751",999,"GCWD","GCWD.UKW029","09/29/2013","12:00:00","TDS.1","M1",5492,"CMC","NTWQM",2013-09-29 12:00:00,0.1,"ISM",1,"Water",NA,20,"MG/L",NA,NA,NA,2018-03-01 14:52:00,NA,2,NA,1,1,"S","PARTNTID",NA,NA,4,"sample does not have an associated bay program method code"
"752",999,"GCWD","GCWD.GERBRA4.32","04/27/2013","12:00:00","TDS.1","M1",4998,"CMC","NTWQM",2013-04-27 12:00:00,0.1,"ISM",1,"Water",NA,70,"MG/L",NA,NA,NA,2018-03-01 14:35:47,NA,2,NA,1,1,"S","PARTNTID",NA,NA,4,"sample does not have an associated bay program method code"
"753",999,"GCWD","GCWD.UKW029","10/11/2013","12:00:00","TDS.1","M1",5493,"CMC","NTWQM",2013-10-11 12:00:00,0.1,"ISM",1,"Water",NA,20,"MG/L",NA,NA,NA,2018-03-01 14:52:00,NA,2,NA,1,1,"S","PARTNTID",NA,NA,4,"sample does not have an associated bay program method code"
"754",999,"GCWD","GCWD.GERBRA4.32","05/04/2013","12:00:00","TDS.1","M1",4999,"CMC","NTWQM",2013-05-04 12:00:00,0.1,"ISM",1,"Water",NA,75,"MG/L",NA,NA,NA,2018-03-01 14:35:47,NA,2,NA,1,1,"S","PARTNTID",NA,NA,4,"sample does not have an associated bay program method code"
"755",999,"GCWD","GCWD.UKW030","09/05/2013","12:00:00","TDS.1","M1",5494,"CMC","NTWQM",2013-09-05 12:00:00,0.1,"ISM",1,"Water",NA,140,"MG/L",NA,NA,NA,2018-03-01 14:52:00,NA,2,NA,1,1,"S","PARTNTID",NA,NA,4,"sample does not have an associated bay program method code"
"756",999,"GCWD","GCWD.GERBRA4.32","05/13/2013","12:00:00","TDS.1","M1",5000,"CMC","NTWQM",2013-05-13 12:00:00,0.1,"ISM",1,"Water",NA,70,"MG/L",NA,NA,NA,2018-03-01 14:35:47,NA,2,NA,1,1,"S","PARTNTID",NA,NA,4,"sample does not have an associated bay program method code"
"757",999,"GCWD","GCWD.UKW030","10/02/2013","12:00:00","TDS.1","M1",5495,"CMC","NTWQM",2013-10-02 12:00:00,0.1,"ISM",1,"Water",NA,140,"MG/L",NA,NA,NA,2018-03-01 14:52:00,NA,2,NA,1,1,"S","PARTNTID",NA,NA,4,"sample does not have an associated bay program method code"
"758",999,"GCWD","GCWD.GERBRA4.32","05/19/2013","12:00:00","TDS.1","M1",5001,"CMC","NTWQM",2013-05-19 12:00:00,0.1,"ISM",1,"Water",NA,70,"MG/L",NA,NA,NA,2018-03-01 14:35:47,NA,2,NA,1,1,"S","PARTNTID",NA,NA,4,"sample does not have an associated bay program method code"
"759",999,"GCWD","GCWD.UNTBALRUN0.23","09/05/2013","12:00:00","TDS.1","M1",5496,"CMC","NTWQM",2013-09-05 12:00:00,0.1,"ISM",1,"Water",NA,150,"MG/L",NA,NA,NA,2018-03-01 14:52:01,NA,2,NA,1,1,"S","PARTNTID",NA,NA,4,"sample does not have an associated bay program method code"
"760",999,"GCWD","GCWD.GERBRA4.32","05/27/2013","12:00:00","TDS.1","M1",5002,"CMC","NTWQM",2013-05-27 12:00:00,0.1,"ISM",1,"Water",NA,80,"MG/L",NA,NA,NA,2018-03-01 14:35:47,NA,2,NA,1,1,"S","PARTNTID",NA,NA,4,"sample does not have an associated bay program method code"
"761",999,"GCWD","GCWD.BALRUN1.44","09/05/2013","12:00:00","TDS.1","M1",5407,"CMC","NTWQM",2013-09-05 12:00:00,0.1,"ISM",1,"Water",NA,70,"MG/L",NA,NA,NA,2018-03-01 14:51:54,NA,2,NA,1,1,"S","PARTNTID",NA,NA,4,"sample does not have an associated bay program method code"
"762",999,"GCWD","GCWD.GERBRA4.32","06/01/2013","12:00:00","TDS.1","M1",5003,"CMC","NTWQM",2013-06-01 12:00:00,0.1,"ISM",1,"Water",NA,70,"MG/L",NA,NA,NA,2018-03-01 14:35:48,NA,2,NA,1,1,"S","PARTNTID",NA,NA,4,"sample does not have an associated bay program method code"
"763",999,"GCWD","GCWD.BALRUN1.44","09/29/2013","12:00:00","TDS.1","M1",5408,"CMC","NTWQM",2013-09-29 12:00:00,0.1,"ISM",1,"Water",NA,60,"MG/L",NA,NA,NA,2018-03-01 14:51:54,NA,2,NA,1,1,"S","PARTNTID",NA,NA,4,"sample does not have an associated bay program method code"
"764",999,"GCWD","GCWD.GERBRA4.32","06/08/2013","12:00:00","TDS.1","M1",5004,"CMC","NTWQM",2013-06-08 12:00:00,0.1,"ISM",1,"Water",NA,90,"MG/L",NA,NA,NA,2018-03-01 14:35:48,NA,2,NA,1,1,"S","PARTNTID",NA,NA,4,"sample does not have an associated bay program method code"
"765",999,"GCWD","GCWD.BALRUN1.44","10/11/2013","12:00:00","TDS.1","M1",5409,"CMC","NTWQM",2013-10-11 12:00:00,0.1,"ISM",1,"Water",NA,60,"MG/L",NA,NA,NA,2018-03-01 14:51:54,NA,2,NA,1,1,"S","PARTNTID",NA,NA,4,"sample does not have an associated bay program method code"
"766",999,"GCWD","GCWD.NORBRACOWRIV0.04","03/30/2013","12:00:00","TDS.1","M1",5163,"CMC","NTWQM",2013-03-30 12:00:00,0.1,"ISM",1,"Water",NA,70,"MG/L",NA,NA,NA,2018-03-01 14:36:26,NA,2,NA,1,1,"S","PARTNTID",NA,NA,4,"sample does not have an associated bay program method code"
"767",999,"GCWD","GCWD.UNTBALRUN0.95","09/29/2013","12:00:00","TDS.1","M1",5500,"CMC","NTWQM",2013-09-29 12:00:00,0.1,"ISM",1,"Water",NA,130,"MG/L",NA,NA,NA,2018-03-01 14:52:01,NA,2,NA,1,1,"S","PARTNTID",NA,NA,4,"sample does not have an associated bay program method code"
"768",999,"GCWD","GCWD.NORBRACOWRIV0.04","06/04/2013","12:00:00","TDS.1","M1",5164,"CMC","NTWQM",2013-06-04 12:00:00,0.1,"ISM",1,"Water",NA,82,"MG/L",NA,NA,NA,2018-03-01 14:36:26,NA,2,NA,1,1,"S","PARTNTID",NA,NA,4,"sample does not have an associated bay program method code"
"769",999,"GCWD","GCWD.UNTBALRUN0.95","10/11/2013","12:00:00","TDS.1","M1",5501,"CMC","NTWQM",2013-10-11 12:00:00,0.1,"ISM",1,"Water",NA,130,"MG/L",NA,NA,NA,2018-03-01 14:52:01,NA,2,NA,1,1,"S","PARTNTID",NA,NA,4,"sample does not have an associated bay program method code"
"770",999,"GCWD","GCWD.NORBRACOWRIV0.04","07/14/2013","12:00:00","TDS.1","M1",5165,"CMC","NTWQM",2013-07-14 12:00:00,0.1,"ISM",1,"Water",NA,130,"MG/L",NA,NA,NA,2018-03-01 14:36:26,NA,2,NA,1,1,"S","PARTNTID",NA,NA,4,"sample does not have an associated bay program method code"
"771",999,"GCWD","GCWD.UNTBALRUN2.17","09/05/2013","12:00:00","TDS.1","M1",5502,"CMC","NTWQM",2013-09-05 12:00:00,0.1,"ISM",1,"Water",NA,170,"MG/L",NA,NA,NA,2018-03-01 14:52:01,NA,2,NA,1,1,"S","PARTNTID",NA,NA,4,"sample does not have an associated bay program method code"
"772",999,"GCWD","GCWD.NORBRACOWRIV0.04","09/03/2013","12:00:00","TDS.1","M1",5166,"CMC","NTWQM",2013-09-03 12:00:00,0.1,"ISM",1,"Water",NA,150,"MG/L",NA,NA,NA,2018-03-01 14:36:27,NA,2,NA,1,1,"S","PARTNTID",NA,NA,4,"sample does not have an associated bay program method code"
"773",999,"GCWD","GCWD.UNTBALRUN2.17","10/02/2013","12:00:00","TDS.1","M1",5503,"CMC","NTWQM",2013-10-02 12:00:00,0.1,"ISM",1,"Water",NA,160,"MG/L",NA,NA,NA,2018-03-01 14:52:01,NA,2,NA,1,1,"S","PARTNTID",NA,NA,4,"sample does not have an associated bay program method code"
"774",999,"GCWD","GCWD.NORBRACOWRIV0.04","12/12/2013","12:00:00","TDS.1","M1",5167,"CMC","NTWQM",2013-12-12 12:00:00,0.1,"ISM",1,"Water",NA,89,"MG/L",NA,NA,NA,2018-03-01 14:36:27,NA,2,NA,1,1,"S","PARTNTID",NA,NA,4,"sample does not have an associated bay program method code"
"775",999,"GCWD","GCWD.UNTBALRUN2.17","10/11/2013","12:00:00","TDS.1","M1",5504,"CMC","NTWQM",2013-10-11 12:00:00,0.1,"ISM",1,"Water",NA,160,"MG/L",NA,NA,NA,2018-03-01 14:52:01,NA,2,NA,1,1,"S","PARTNTID",NA,NA,4,"sample does not have an associated bay program method code"
"776",999,"GCWD","GCWD.PAIRUN0.53","09/05/2013","12:00:00","TDS.1","M1",5483,"CMC","NTWQM",2013-09-05 12:00:00,0.1,"ISM",1,"Water",NA,60,"MG/L",NA,NA,NA,2018-03-01 14:52:00,NA,2,NA,1,1,"S","PARTNTID",NA,NA,4,"sample does not have an associated bay program method code"
"777",999,"GCWD","GCWD.UNTBALRUN2.18","09/05/2013","12:00:00","TDS.1","M1",5505,"CMC","NTWQM",2013-09-05 12:00:00,0.1,"ISM",1,"Water",NA,140,"MG/L",NA,NA,NA,2018-03-01 14:52:01,NA,2,NA,1,1,"S","PARTNTID",NA,NA,4,"sample does not have an associated bay program method code"
"778",999,"GCWD","GCWD.PAIRUN0.53","10/01/2013","12:00:00","TDS.1","M1",5484,"CMC","NTWQM",2013-10-01 12:00:00,0.1,"ISM",1,"Water",NA,60,"MG/L",NA,NA,NA,2018-03-01 14:52:00,NA,2,NA,1,1,"S","PARTNTID",NA,NA,4,"sample does not have an associated bay program method code"
"779",999,"GCWD","GCWD.UNTBALRUN2.18","10/02/2013","12:00:00","TDS.1","M1",5506,"CMC","NTWQM",2013-10-02 12:00:00,0.1,"ISM",1,"Water",NA,140,"MG/L",NA,NA,NA,2018-03-01 14:52:01,NA,2,NA,1,1,"S","PARTNTID",NA,NA,4,"sample does not have an associated bay program method code"
"780",999,"GCWD","GCWD.PAIRUN0.53","10/11/2013","12:00:00","TDS.1","M1",5485,"CMC","NTWQM",2013-10-11 12:00:00,0.1,"ISM",1,"Water",NA,50,"MG/L",NA,NA,NA,2018-03-01 14:52:00,NA,2,NA,1,1,"S","PARTNTID",NA,NA,4,"sample does not have an associated bay program method code"
"781",999,"GCWD","GCWD.UNTCOWRIV0.33","02/26/2013","12:00:00","TDS.1","M1",5334,"CMC","NTWQM",2013-02-26 12:00:00,0.1,"ISM",1,"Water",NA,60,"MG/L",NA,NA,NA,2018-03-01 14:37:17,NA,2,NA,1,1,"S","PARTNTID",NA,NA,4,"sample does not have an associated bay program method code"
"782",999,"GCWD","GCWD.PHORUN4.36","02/25/2013","12:00:00","TDS.1","M1",5179,"CMC","NTWQM",2013-02-25 12:00:00,0.1,"ISM",1,"Water",NA,60,"MG/L",NA,NA,NA,2018-03-01 14:36:30,NA,2,NA,1,1,"S","PARTNTID",NA,NA,4,"sample does not have an associated bay program method code"
"783",999,"GCWD","GCWD.UNTCOWRIV0.33","04/04/2013","12:00:00","TDS.1","M1",5335,"CMC","NTWQM",2013-04-04 12:00:00,0.1,"ISM",1,"Water",NA,40,"MG/L",NA,NA,NA,2018-03-01 14:37:17,NA,2,NA,1,1,"S","PARTNTID",NA,NA,4,"sample does not have an associated bay program method code"
"784",999,"GCWD","GCWD.PHORUN4.36","04/04/2013","12:00:00","TDS.1","M1",5180,"CMC","NTWQM",2013-04-04 12:00:00,0.1,"ISM",1,"Water",NA,50,"MG/L",NA,NA,NA,2018-03-01 14:36:31,NA,2,NA,1,1,"S","PARTNTID",NA,NA,4,"sample does not have an associated bay program method code"
"785",999,"GCWD","GCWD.UNTCOWRIV0.33","05/07/2013","12:00:00","TDS.1","M1",5336,"CMC","NTWQM",2013-05-07 12:00:00,0.1,"ISM",1,"Water",NA,50,"MG/L",NA,NA,NA,2018-03-01 14:37:18,NA,2,NA,1,1,"S","PARTNTID",NA,NA,4,"sample does not have an associated bay program method code"
"786",999,"GCWD","GCWD.PHORUN4.36","06/15/2013","12:00:00","TDS.1","M1",5181,"CMC","NTWQM",2013-06-15 12:00:00,0.1,"ISM",1,"Water",NA,60,"MG/L",NA,NA,NA,2018-03-01 14:36:31,NA,2,NA,1,1,"S","PARTNTID",NA,NA,4,"sample does not have an associated bay program method code"
"787",999,"GCWD","GCWD.UNTCOWRIV0.33","06/26/2013","12:00:00","TDS.1","M1",5337,"CMC","NTWQM",2013-06-26 12:00:00,0.1,"ISM",1,"Water",NA,70,"MG/L",NA,NA,NA,2018-03-01 14:37:18,NA,2,NA,1,1,"S","PARTNTID",NA,NA,4,"sample does not have an associated bay program method code"
"788",999,"GCWD","GCWD.PHORUN4.36","07/29/2013","12:00:00","TDS.1","M1",5182,"CMC","NTWQM",2013-07-29 12:00:00,0.1,"ISM",1,"Water",NA,70,"MG/L",NA,NA,NA,2018-03-01 14:36:31,NA,2,NA,1,1,"S","PARTNTID",NA,NA,4,"sample does not have an associated bay program method code"
"789",999,"GCWD","GCWD.UNTCOWRIV0.33","07/30/2013","12:00:00","TDS.1","M1",5338,"CMC","NTWQM",2013-07-30 12:00:00,0.1,"ISM",1,"Water",NA,80,"MG/L",NA,NA,NA,2018-03-01 14:37:18,NA,2,NA,1,1,"S","PARTNTID",NA,NA,4,"sample does not have an associated bay program method code"
"790",999,"GCWD","GCWD.PHORUN4.36","09/09/2013","12:00:00","TDS.1","M1",5183,"CMC","NTWQM",2013-09-09 12:00:00,0.1,"ISM",1,"Water",NA,90,"MG/L",NA,NA,NA,2018-03-01 14:36:31,NA,2,NA,1,1,"S","PARTNTID",NA,NA,4,"sample does not have an associated bay program method code"
"791",999,"GCWD","GCWD.UNTCOWRIV0.33","08/20/2013","12:00:00","TDS.1","M1",5339,"CMC","NTWQM",2013-08-20 12:00:00,0.1,"ISM",1,"Water",NA,80,"MG/L",NA,NA,NA,2018-03-01 14:37:19,NA,2,NA,1,1,"S","PARTNTID",NA,NA,4,"sample does not have an associated bay program method code"
"792",999,"GCWD","GCWD.PHORUN4.36","11/04/2013","12:00:00","TDS.1","M1",5184,"CMC","NTWQM",2013-11-04 12:00:00,0.1,"ISM",1,"Water",NA,70,"MG/L",NA,NA,NA,2018-03-01 14:36:32,NA,2,NA,1,1,"S","PARTNTID",NA,NA,4,"sample does not have an associated bay program method code"
"793",999,"GCWD","GCWD.UNTCOWRIV0.33","10/03/2013","12:00:00","TDS.1","M1",5340,"CMC","NTWQM",2013-10-03 12:00:00,0.1,"ISM",1,"Water",NA,80,"MG/L",NA,NA,NA,2018-03-01 14:37:19,NA,2,NA,1,1,"S","PARTNTID",NA,NA,4,"sample does not have an associated bay program method code"
"794",999,"GCWD","GCWD.PHORUN7.54","02/25/2013","12:00:00","TDS.1","M1",5206,"CMC","NTWQM",2013-02-25 12:00:00,0.1,"ISM",1,"Water",NA,60,"MG/L",NA,NA,NA,2018-03-01 14:36:38,NA,2,NA,1,1,"S","PARTNTID",NA,NA,4,"sample does not have an associated bay program method code"
"795",999,"GCWD","GCWD.UNTNORBRO0.71","09/05/2013","12:00:00","TDS.1","M1",5507,"CMC","NTWQM",2013-09-05 12:00:00,0.1,"ISM",1,"Water",NA,200,"MG/L",NA,NA,NA,2018-03-01 14:52:01,NA,2,NA,1,1,"S","PARTNTID",NA,NA,4,"sample does not have an associated bay program method code"
"796",999,"GCWD","GCWD.PHORUN7.54","04/04/2013","12:00:00","TDS.1","M1",5207,"CMC","NTWQM",2013-04-04 12:00:00,0.1,"ISM",1,"Water",NA,40,"MG/L",NA,NA,NA,2018-03-01 14:36:38,NA,2,NA,1,1,"S","PARTNTID",NA,NA,4,"sample does not have an associated bay program method code"
"797",999,"GCWD","GCWD.UNTNORBRO0.71","10/01/2013","12:00:00","TDS.1","M1",5508,"CMC","NTWQM",2013-10-01 12:00:00,0.1,"ISM",1,"Water",NA,210,"MG/L",NA,NA,NA,2018-03-01 14:52:01,NA,2,NA,1,1,"S","PARTNTID",NA,NA,4,"sample does not have an associated bay program method code"
"798",999,"GCWD","GCWD.PHORUN7.54","06/15/2013","12:00:00","TDS.1","M1",5208,"CMC","NTWQM",2013-06-15 12:00:00,0.1,"ISM",1,"Water",NA,60,"MG/L",NA,NA,NA,2018-03-01 14:36:39,NA,2,NA,1,1,"S","PARTNTID",NA,NA,4,"sample does not have an associated bay program method code"
"799",999,"GCWD","GCWD.UNTNORBRO0.71","10/11/2013","12:00:00","TDS.1","M1",5509,"CMC","NTWQM",2013-10-11 12:00:00,0.1,"ISM",1,"Water",NA,200,"MG/L",NA,NA,NA,2018-03-01 14:52:01,NA,2,NA,1,1,"S","PARTNTID",NA,NA,4,"sample does not have an associated bay program method code"
"800",999,"GCWD","GCWD.PHORUN7.54","07/29/2013","12:00:00","TDS.1","M1",5209,"CMC","NTWQM",2013-07-29 12:00:00,0.1,"ISM",1,"Water",NA,80,"MG/L",NA,NA,NA,2018-03-01 14:36:39,NA,2,NA,1,1,"S","PARTNTID",NA,NA,4,"sample does not have an associated bay program method code"
"801",999,"LRA","ALLARM.LT1","02/15/2013","12:00:00","NO3N.3","M1",3207,"CMC","NTWQM",2013-02-15 12:00:00,0.3,"ISM",2,"Water",NA,4.2,"MG/L",NA,NA,NA,2017-10-30 10:37:09,NA,2,NA,1,1,"S","PARTNTID",NA,NA,4,"sample does not have an associated bay program method code"
"802",999,"GCWD","GCWD.PHORUN7.54","09/09/2013","12:00:00","TDS.1","M1",5210,"CMC","NTWQM",2013-09-09 12:00:00,0.1,"ISM",1,"Water",NA,90,"MG/L",NA,NA,NA,2018-03-01 14:36:39,NA,2,NA,1,1,"S","PARTNTID",NA,NA,4,"sample does not have an associated bay program method code"
"803",999,"LRA","ALLARM.LT2","12/06/2013","12:00:00","NO3N.3","M1",3258,"CMC","NTWQM",2013-12-06 12:00:00,0.3,"ISM",2,"Water",NA,3.8,"MG/L",NA,NA,NA,2017-10-30 10:39:33,NA,2,NA,1,1,"S","PARTNTID",NA,NA,4,"sample does not have an associated bay program method code"
"804",999,"GCWD","GCWD.PHORUN7.54","11/04/2013","12:00:00","TDS.1","M1",5211,"CMC","NTWQM",2013-11-04 12:00:00,0.1,"ISM",1,"Water",NA,70,"MG/L",NA,NA,NA,2018-03-01 14:36:40,NA,2,NA,1,1,"S","PARTNTID",NA,NA,4,"sample does not have an associated bay program method code"
"805",999,"LRA","ALLARM.LT5","08/13/2013","12:00:00","TDS.1","M1",3241,"CMC","NTWQM",2013-08-13 12:00:00,0.3,"ISM",1,"Water",NA,390,"MG/L",NA,NA,NA,2017-10-30 10:38:41,NA,2,NA,1,1,"S","PARTNTID",NA,NA,4,"sample does not have an associated bay program method code"
"806",999,"GCWD","GCWD.PINCRE64.20","09/05/2013","12:00:00","TDS.1","M1",5486,"CMC","NTWQM",2013-09-05 12:00:00,0.1,"ISM",1,"Water",NA,50,"MG/L",NA,NA,NA,2018-03-01 14:52:00,NA,2,NA,1,1,"S","PARTNTID",NA,NA,4,"sample does not have an associated bay program method code"
"807",999,"LRA","ALLARM.LT7","04/13/2013","12:00:00","TDS.1","M1",3223,"CMC","NTWQM",2013-04-13 12:00:00,0.3,"ISM",1,"Water",NA,390,"MG/L",NA,NA,NA,2017-10-30 10:37:50,NA,2,NA,1,1,"S","PARTNTID",NA,NA,4,"sample does not have an associated bay program method code"
"808",999,"GCWD","GCWD.PINCRE64.20","10/01/2013","12:00:00","TDS.1","M1",5487,"CMC","NTWQM",2013-10-01 12:00:00,0.1,"ISM",1,"Water",NA,50,"MG/L",NA,NA,NA,2018-03-01 14:52:00,NA,2,NA,1,1,"S","PARTNTID",NA,NA,4,"sample does not have an associated bay program method code"
"809",999,"LRA","ALLARM.LT5","10/25/2013","12:00:00","NO3N.3","M1",3251,"CMC","NTWQM",2013-10-25 12:00:00,0.3,"ISM",2,"Water",NA,3.4,"MG/L",NA,NA,NA,2017-10-30 10:39:11,NA,2,NA,1,1,"S","PARTNTID",NA,NA,4,"sample does not have an associated bay program method code"
"810",999,"GCWD","GCWD.PINCRE64.21","09/05/2013","12:00:00","TDS.1","M1",5488,"CMC","NTWQM",2013-09-05 12:00:00,0.1,"ISM",1,"Water",NA,60,"MG/L",NA,NA,NA,2018-03-01 14:52:00,NA,2,NA,1,1,"S","PARTNTID",NA,NA,4,"sample does not have an associated bay program method code"
"811",999,"LRA","ALLARM.LT1","04/13/2013","12:00:00","TDS.1","M1",3217,"CMC","NTWQM",2013-04-13 12:00:00,0.3,"ISM",1,"Water",NA,370,"MG/L",NA,NA,NA,2017-10-30 10:37:35,NA,2,NA,1,1,"S","PARTNTID",NA,NA,4,"sample does not have an associated bay program method code"
"812",999,"GCWD","GCWD.PINCRE64.21","10/01/2013","12:00:00","TDS.1","M1",5489,"CMC","NTWQM",2013-10-01 12:00:00,0.1,"ISM",1,"Water",NA,50,"MG/L",NA,NA,NA,2018-03-01 14:52:00,NA,2,NA,1,1,"S","PARTNTID",NA,NA,4,"sample does not have an associated bay program method code"
"813",999,"LRA","ALLARM.LT3","02/15/2013","12:00:00","TDS.1","M1",3209,"CMC","NTWQM",2013-02-15 12:00:00,0.3,"ISM",1,"Water",NA,410,"MG/L",NA,NA,NA,2017-10-30 10:37:14,NA,2,NA,1,1,"S","PARTNTID",NA,NA,4,"sample does not have an associated bay program method code"
"814",999,"GCWD","GCWD.PINCRE64.21","10/11/2013","12:00:00","TDS.1","M1",5490,"CMC","NTWQM",2013-10-11 12:00:00,0.1,"ISM",1,"Water",NA,50,"MG/L",NA,NA,NA,2018-03-01 14:52:00,NA,2,NA,1,1,"S","PARTNTID",NA,NA,4,"sample does not have an associated bay program method code"
"815",999,"LRA","ALLARM.LT1","06/06/2013","12:00:00","NO3N.3","M1",3227,"CMC","NTWQM",2013-06-06 12:00:00,0.3,"ISM",2,"Water",NA,4,"MG/L",NA,NA,NA,2017-10-30 10:38:01,NA,2,NA,1,1,"S","PARTNTID",NA,NA,4,"sample does not have an associated bay program method code"
"816",999,"GCWD","GCWD.SOUBRAPINCRE0.17","01/27/2013","12:00:00","TDS.1","M1",5265,"CMC","NTWQM",2013-01-27 12:00:00,0.1,"ISM",1,"Water",NA,60,"MG/L",NA,NA,NA,2018-03-01 14:36:55,NA,2,NA,1,1,"S","PARTNTID",NA,NA,4,"sample does not have an associated bay program method code"
"817",999,"LRA","ALLARM.LT3","04/13/2013","12:00:00","NO3N.3","M1",3219,"CMC","NTWQM",2013-04-13 12:00:00,0.3,"ISM",2,"Water",NA,4.5,"MG/L",NA,NA,NA,2017-10-30 10:37:40,NA,2,NA,1,1,"S","PARTNTID",NA,NA,4,"sample does not have an associated bay program method code"
"818",999,"GCWD","GCWD.SOUBRAPINCRE0.17","03/10/2013","12:00:00","TDS.1","M1",5266,"CMC","NTWQM",2013-03-10 12:00:00,0.1,"ISM",1,"Water",NA,90,"MG/L",NA,NA,NA,2018-03-01 14:36:56,NA,2,NA,1,1,"S","PARTNTID",NA,NA,4,"sample does not have an associated bay program method code"
"819",999,"LRA","ALLARM.LT8","06/06/2013","12:00:00","NO3N.3","M1",3234,"CMC","NTWQM",2013-06-06 12:00:00,0.3,"ISM",2,"Water",NA,3.2,"MG/L",NA,NA,NA,2017-10-30 10:38:21,NA,2,NA,1,1,"S","PARTNTID",NA,NA,4,"sample does not have an associated bay program method code"
"820",999,"GCWD","GCWD.SOUBRAPINCRE0.17","04/21/2013","12:00:00","TDS.1","M1",5267,"CMC","NTWQM",2013-04-21 12:00:00,0.1,"ISM",1,"Water",NA,50,"MG/L",NA,NA,NA,2018-03-01 14:36:56,NA,2,NA,1,1,"S","PARTNTID",NA,NA,4,"sample does not have an associated bay program method code"
"821",999,"GCWD","GCWD.MARCRE10.99","10/11/2013","12:00:00","TDS.1","M1",5434,"CMC","NTWQM",2013-10-11 12:00:00,0.1,"ISM",1,"Water",NA,210,"MG/L",NA,NA,NA,2018-03-01 14:51:56,NA,2,NA,1,1,"S","PARTNTID",NA,NA,4,"sample does not have an associated bay program method code"
"822",999,"GCWD","GCWD.SOUBRAPINCRE0.17","05/16/2013","12:00:00","TDS.1","M1",5268,"CMC","NTWQM",2013-05-16 12:00:00,0.1,"ISM",1,"Water",NA,60,"MG/L",NA,NA,NA,2018-03-01 14:36:56,NA,2,NA,1,1,"S","PARTNTID",NA,NA,4,"sample does not have an associated bay program method code"
"823",999,"LRA","ALLARM.LT5","12/06/2013","12:00:00","TDS.1","M1",3261,"CMC","NTWQM",2013-12-06 12:00:00,0.3,"ISM",1,"Water",NA,390,"MG/L",NA,NA,NA,2017-10-30 10:39:41,NA,2,NA,1,2,"VP","PARTNTID",NA,NA,4,"sample does not have an associated bay program method code"
"824",999,"GCWD","GCWD.SOUBRAPINCRE0.17","06/12/2013","12:00:00","TDS.1","M1",5269,"CMC","NTWQM",2013-06-12 12:00:00,0.1,"ISM",1,"Water",NA,80,"MG/L",NA,NA,NA,2018-03-01 14:36:57,NA,2,NA,1,1,"S","PARTNTID",NA,NA,4,"sample does not have an associated bay program method code"
"825",999,"LRA","ALLARM.LT1","08/13/2013","12:00:00","TDS.1","M1",3237,"CMC","NTWQM",2013-08-13 12:00:00,0.3,"ISM",1,"Water",NA,400,"MG/L",NA,NA,NA,2017-10-30 10:38:30,NA,2,NA,1,1,"S","PARTNTID",NA,NA,4,"sample does not have an associated bay program method code"
"826",999,"GCWD","GCWD.SOUBRAPINCRE0.17","07/16/2013","12:00:00","TDS.1","M1",5270,"CMC","NTWQM",2013-07-16 12:00:00,0.1,"ISM",1,"Water",NA,80,"MG/L",NA,NA,NA,2018-03-01 14:36:57,NA,2,NA,1,1,"S","PARTNTID",NA,NA,4,"sample does not have an associated bay program method code"
"827",999,"LRA","ALLARM.LT3","06/06/2013","12:00:00","TDS.1","M1",3229,"CMC","NTWQM",2013-06-06 12:00:00,0.3,"ISM",1,"Water",NA,400,"MG/L",NA,NA,NA,2017-10-30 10:38:06,NA,2,NA,1,1,"S","PARTNTID",NA,NA,4,"sample does not have an associated bay program method code"
"828",999,"GCWD","GCWD.SOUBRAPINCRE0.17","08/13/2013","12:00:00","TDS.1","M1",5271,"CMC","NTWQM",2013-08-13 12:00:00,0.1,"ISM",1,"Water",NA,100,"MG/L",NA,NA,NA,2018-03-01 14:36:57,NA,2,NA,1,1,"S","PARTNTID",NA,NA,4,"sample does not have an associated bay program method code"
"829",999,"LRA","ALLARM.LT1","10/25/2013","12:00:00","NO3N.3","M1",3247,"CMC","NTWQM",2013-10-25 12:00:00,0.3,"ISM",2,"Water",NA,3.6,"MG/L",NA,NA,NA,2017-10-30 10:38:59,NA,2,NA,1,1,"S","PARTNTID",NA,NA,4,"sample does not have an associated bay program method code"
"830",999,"GCWD","GCWD.SOUBRAPINCRE0.17","09/17/2013","12:00:00","TDS.1","M1",5272,"CMC","NTWQM",2013-09-17 12:00:00,0.1,"ISM",1,"Water",NA,100,"MG/L",NA,NA,NA,2018-03-01 14:36:57,NA,2,NA,1,1,"S","PARTNTID",NA,NA,4,"sample does not have an associated bay program method code"
"831",999,"GCWD","GCWD.MILRUN0.01","10/01/2013","12:00:00","TDS.1","M1",5481,"CMC","NTWQM",2013-10-01 12:00:00,0.1,"ISM",1,"Water",NA,40,"MG/L",NA,NA,NA,2018-03-01 14:52:00,NA,2,NA,1,1,"S","PARTNTID",NA,NA,4,"sample does not have an associated bay program method code"
"832",999,"GCWD","GCWD.LITPHORUN0.02","02/25/2013","12:00:00","TDS.1","M1",5097,"CMC","NTWQM",2013-02-25 12:00:00,0.1,"ISM",1,"Water",NA,80,"MG/L",NA,NA,NA,2018-03-01 14:36:09,NA,2,NA,1,1,"S","PARTNTID",NA,NA,4,"sample does not have an associated bay program method code"
"833",999,"LRA","ALLARM.LT3","08/13/2013","12:00:00","TDS.1","M1",3239,"CMC","NTWQM",2013-08-13 12:00:00,0.3,"ISM",1,"Water",NA,390,"MG/L",NA,NA,NA,2017-10-30 10:38:36,NA,2,NA,1,1,"S","PARTNTID",NA,NA,4,"sample does not have an associated bay program method code"
"834",999,"GCWD","GCWD.SUNBRA0.76","01/30/2013","12:00:00","TDS.1","M1",5291,"CMC","NTWQM",2013-01-30 12:00:00,0.1,"ISM",1,"Water",NA,10,"MG/L",NA,NA,NA,2018-03-01 14:37:03,NA,2,NA,1,1,"S","PARTNTID",NA,NA,4,"sample does not have an associated bay program method code"
"835",999,"GCWD","GCWD.MOOHOLRUN0.06","02/26/2013","12:00:00","TDS.1","M1",5137,"CMC","NTWQM",2013-02-26 12:00:00,0.1,"ISM",1,"Water",NA,60,"MG/L",NA,NA,NA,2018-03-01 14:36:19,NA,2,NA,1,1,"S","PARTNTID",NA,NA,4,"sample does not have an associated bay program method code"
"836",999,"GCWD","GCWD.SUNBRA0.76","02/28/2013","12:00:00","TDS.1","M1",5292,"CMC","NTWQM",2013-02-28 12:00:00,0.1,"ISM",1,"Water",NA,20,"MG/L",NA,NA,NA,2018-03-01 14:37:04,NA,2,NA,1,1,"S","PARTNTID",NA,NA,4,"sample does not have an associated bay program method code"
"837",999,"LRA","ALLARM.LT3","10/25/2013","12:00:00","NO3N.3","M1",3249,"CMC","NTWQM",2013-10-25 12:00:00,0.3,"ISM",2,"Water",NA,3.7,"MG/L",NA,NA,NA,2017-10-30 10:39:05,NA,2,NA,1,1,"S","PARTNTID",NA,NA,4,"sample does not have an associated bay program method code"
"838",999,"GCWD","GCWD.SUNBRA0.76","03/13/2013","12:00:00","TDS.1","M1",5293,"CMC","NTWQM",2013-03-13 12:00:00,0.1,"ISM",1,"Water",NA,20,"MG/L",NA,NA,NA,2018-03-01 14:37:04,NA,2,NA,1,1,"S","PARTNTID",NA,NA,4,"sample does not have an associated bay program method code"
"839",999,"LRA","ALLARM.LT1","12/06/2013","12:00:00","TDS.1","M1",3257,"CMC","NTWQM",2013-12-06 12:00:00,0.3,"ISM",1,"Water",NA,390,"MG/L",NA,NA,NA,2017-10-30 10:39:30,NA,2,NA,1,1,"S","PARTNTID",NA,NA,4,"sample does not have an associated bay program method code"
"840",999,"GCWD","GCWD.SUNBRA0.76","04/02/2013","12:00:00","TDS.1","M1",5294,"CMC","NTWQM",2013-04-02 12:00:00,0.1,"ISM",1,"Water",NA,20,"MG/L",NA,NA,NA,2018-03-01 14:37:04,NA,2,NA,1,1,"S","PARTNTID",NA,NA,4,"sample does not have an associated bay program method code"
"841",999,"GCWD","GCWD.MOOHOLRUN0.06","06/26/2013","12:00:00","TDS.1","M1",5140,"CMC","NTWQM",2013-06-26 12:00:00,0.1,"ISM",1,"Water",NA,80,"MG/L",NA,NA,NA,2018-03-01 14:36:20,NA,2,NA,1,1,"S","PARTNTID",NA,NA,4,"sample does not have an associated bay program method code"
"842",999,"GCWD","GCWD.SUNBRA0.76","05/25/2013","12:00:00","TDS.1","M1",5295,"CMC","NTWQM",2013-05-25 12:00:00,0.1,"ISM",1,"Water",NA,20,"MG/L",NA,NA,NA,2018-03-01 14:37:05,NA,2,NA,1,1,"S","PARTNTID",NA,NA,4,"sample does not have an associated bay program method code"
"843",999,"LRA","ALLARM.LT10","02/15/2013","12:00:00","NO3N.3","M1",3216,"CMC","NTWQM",2013-02-15 12:00:00,0.3,"ISM",2,"Water",NA,3.2,"MG/L",NA,NA,NA,2017-10-30 10:37:32,NA,2,NA,1,1,"S","PARTNTID",NA,NA,4,"sample does not have an associated bay program method code"
"844",999,"GCWD","GCWD.SUNBRA0.76","07/20/2013","12:00:00","TDS.1","M1",5296,"CMC","NTWQM",2013-07-20 12:00:00,0.1,"ISM",1,"Water",NA,30,"MG/L",NA,NA,NA,2018-03-01 14:37:05,NA,2,NA,1,1,"S","PARTNTID",NA,NA,4,"sample does not have an associated bay program method code"
"845",999,"LRA","ALLARM.LT3","12/06/2013","12:00:00","NO3N.3","M1",3259,"CMC","NTWQM",2013-12-06 12:00:00,0.3,"ISM",2,"Water",NA,3.2,"MG/L",NA,NA,NA,2017-10-30 10:39:36,NA,2,NA,1,2,"VP","PARTNTID",NA,NA,4,"sample does not have an associated bay program method code"
"846",999,"GCWD","GCWD.SUNBRA0.76","08/22/2013","12:00:00","TDS.1","M1",5297,"CMC","NTWQM",2013-08-22 12:00:00,0.1,"ISM",1,"Water",NA,30,"MG/L",NA,NA,NA,2018-03-01 14:37:05,NA,2,NA,1,1,"S","PARTNTID",NA,NA,4,"sample does not have an associated bay program method code"
"847",999,"LRA","ALLARM.LT2","12/06/2013","12:00:00","TDS.1","M1",3258,"CMC","NTWQM",2013-12-06 12:00:00,0.3,"ISM",1,"Water",NA,370,"MG/L",NA,NA,NA,2017-10-30 10:39:33,NA,2,NA,1,1,"S","PARTNTID",NA,NA,4,"sample does not have an associated bay program method code"
"848",999,"GCWD","GCWD.SUNBRA0.76","10/14/2013","12:00:00","TDS.1","M1",5298,"CMC","NTWQM",2013-10-14 12:00:00,0.1,"ISM",1,"Water",NA,20,"MG/L",NA,NA,NA,2018-03-01 14:37:05,NA,2,NA,1,1,"S","PARTNTID",NA,NA,4,"sample does not have an associated bay program method code"
"849",999,"LRA","ALLARM.LT3","12/06/2013","12:00:00","TDS.1","M1",3259,"CMC","NTWQM",2013-12-06 12:00:00,0.3,"ISM",1,"Water",NA,410,"MG/L",NA,NA,NA,2017-10-30 10:39:36,NA,2,NA,1,1,"S","PARTNTID",NA,NA,4,"sample does not have an associated bay program method code"
"850",999,"GCWD","GCWD.SUNBRA0.76","11/14/2013","12:00:00","TDS.1","M1",5299,"CMC","NTWQM",2013-11-14 12:00:00,0.1,"ISM",1,"Water",NA,20,"MG/L",NA,NA,NA,2018-03-01 14:37:06,NA,2,NA,1,1,"S","PARTNTID",NA,NA,4,"sample does not have an associated bay program method code"
"851",999,"LRA","ALLARM.LT9","02/15/2013","12:00:00","NO3N.3","M1",3215,"CMC","NTWQM",2013-02-15 12:00:00,0.3,"ISM",2,"Water",NA,3.25,"MG/L",NA,NA,NA,2017-10-30 10:37:29,NA,2,NA,1,1,"S","PARTNTID",NA,NA,4,"sample does not have an associated bay program method code"
"852",999,"GCWD","GCWD.UKW006","01/27/2013","12:00:00","TDS.1","M1",5312,"CMC","NTWQM",2013-01-27 12:00:00,0.1,"ISM",1,"Water",NA,20,"MG/L",NA,NA,NA,2018-03-01 14:37:10,NA,2,NA,1,1,"S","PARTNTID",NA,NA,4,"sample does not have an associated bay program method code"
"853",999,"LRA","ALLARM.LT10","04/13/2013","12:00:00","TDS.1","M1",3226,"CMC","NTWQM",2013-04-13 12:00:00,0.3,"ISM",1,"Water",NA,450,"MG/L",NA,NA,NA,2017-10-30 10:37:58,NA,2,NA,1,1,"S","PARTNTID",NA,NA,4,"sample does not have an associated bay program method code"
"854",999,"GCWD","GCWD.UKW006","03/10/2013","12:00:00","TDS.1","M1",5313,"CMC","NTWQM",2013-03-10 12:00:00,0.1,"ISM",1,"Water",NA,20,"MG/L",NA,NA,NA,2018-03-01 14:37:10,NA,2,NA,1,1,"S","PARTNTID",NA,NA,4,"sample does not have an associated bay program method code"
"855",999,"LRA","ALLARM.LT4","12/06/2013","12:00:00","TDS.1","M1",3260,"CMC","NTWQM",2013-12-06 12:00:00,0.3,"ISM",1,"Water",NA,400,"MG/L",NA,NA,NA,2017-10-30 10:39:38,NA,2,NA,1,2,"VP","PARTNTID",NA,NA,4,"sample does not have an associated bay program method code"
"856",999,"LRA","ALLARM.LT4","12/06/2013","12:00:00","TDS.1","M1",3260,"CMC","NTWQM",2013-12-06 12:00:00,0.3,"ISM",1,"Water",NA,400,"MG/L",NA,NA,NA,2017-10-30 10:39:38,NA,2,NA,1,2,"VP","PARTNTID",NA,NA,4,"sample does not have an associated bay program method code"
"857",999,"GCWD","GCWD.MARCRE10.99","09/05/2013","12:00:00","TDS.1","M1",5432,"CMC","NTWQM",2013-09-05 12:00:00,0.1,"ISM",1,"Water",NA,360,"MG/L",NA,NA,NA,2018-03-01 14:51:56,NA,2,NA,1,1,"S","PARTNTID",NA,NA,4,"sample does not have an associated bay program method code"
"858",999,"LRA","ALLARM.LT9","04/13/2013","12:00:00","NO3N.3","M1",3225,"CMC","NTWQM",2013-04-13 12:00:00,0.3,"ISM",2,"Water",NA,3.2,"MG/L",NA,NA,NA,2017-10-30 10:37:55,NA,2,NA,1,1,"S","PARTNTID",NA,NA,4,"sample does not have an associated bay program method code"
"859",999,"GCWD","GCWD.MARCRE10.99","09/29/2013","12:00:00","TDS.1","M1",5433,"CMC","NTWQM",2013-09-29 12:00:00,0.1,"ISM",1,"Water",NA,430,"MG/L",NA,NA,NA,2018-03-01 14:51:56,NA,2,NA,1,1,"S","PARTNTID",NA,NA,4,"sample does not have an associated bay program method code"
"860",999,"LRA","ALLARM.LT6","10/25/2013","12:00:00","TDS.1","M1",3252,"CMC","NTWQM",2013-10-25 12:00:00,0.3,"ISM",1,"Water",NA,420,"MG/L",NA,NA,NA,2017-10-30 10:39:14,NA,2,NA,1,1,"S","PARTNTID",NA,NA,4,"sample does not have an associated bay program method code"
"861",999,"LRA","ALLARM.LT7","08/13/2013","12:00:00","TDS.1","M1",3243,"CMC","NTWQM",2013-08-13 12:00:00,0.3,"ISM",1,"Water",NA,430,"MG/L",NA,NA,NA,2017-10-30 10:38:48,NA,2,NA,1,1,"S","PARTNTID",NA,NA,4,"sample does not have an associated bay program method code"
"862",999,"LRA","ALLARM.LT5","02/15/2013","12:00:00","NO3N.3","M1",3211,"CMC","NTWQM",2013-02-15 12:00:00,0.3,"ISM",2,"Water",NA,4.4,"MG/L",NA,NA,NA,2017-10-30 10:37:19,NA,2,NA,1,1,"S","PARTNTID",NA,NA,4,"sample does not have an associated bay program method code"
"863",999,"GCWD","GCWD.MARCRE6.38","09/05/2013","12:00:00","TDS.1","M1",5435,"CMC","NTWQM",2013-09-05 12:00:00,0.1,"ISM",1,"Water",NA,220,"MG/L",NA,NA,NA,2018-03-01 14:51:56,NA,2,NA,1,1,"S","PARTNTID",NA,NA,4,"sample does not have an associated bay program method code"
"864",999,"LRA","ALLARM.LT4","04/13/2013","12:00:00","TDS.1","M1",3220,"CMC","NTWQM",2013-04-13 12:00:00,0.3,"ISM",1,"Water",NA,440,"MG/L",NA,NA,NA,2017-10-30 10:37:42,NA,2,NA,1,1,"S","PARTNTID",NA,NA,4,"sample does not have an associated bay program method code"
"865",999,"GCWD","GCWD.MARCRE6.38","10/01/2013","12:00:00","TDS.1","M1",5436,"CMC","NTWQM",2013-10-01 12:00:00,0.1,"ISM",1,"Water",NA,290,"MG/L",NA,NA,NA,2018-03-01 14:51:56,NA,2,NA,1,1,"S","PARTNTID",NA,NA,4,"sample does not have an associated bay program method code"
"866",999,"LRA","ALLARM.LT10","08/13/2013","12:00:00","TDS.1","M1",3246,"CMC","NTWQM",2013-08-13 12:00:00,0.3,"ISM",1,"Water",NA,450,"MG/L",NA,NA,NA,2017-10-30 10:38:56,NA,2,NA,1,1,"S","PARTNTID",NA,NA,4,"sample does not have an associated bay program method code"
"867",999,"GCWD","GCWD.MARCRE6.38","10/11/2013","12:00:00","TDS.1","M1",5437,"CMC","NTWQM",2013-10-11 12:00:00,0.1,"ISM",1,"Water",NA,190,"MG/L",NA,NA,NA,2018-03-01 14:51:57,NA,2,NA,1,1,"S","PARTNTID",NA,NA,4,"sample does not have an associated bay program method code"
"868",999,"LRA","ALLARM.LT4","06/06/2013","12:00:00","NO3N.3","M1",3230,"CMC","NTWQM",2013-06-06 12:00:00,0.3,"ISM",2,"Water",NA,4,"MG/L",NA,NA,NA,2017-10-30 10:38:09,NA,2,NA,1,1,"S","PARTNTID",NA,NA,4,"sample does not have an associated bay program method code"
"869",999,"GCWD","GCWD.MILRUN0.01","09/05/2013","12:00:00","TDS.1","M1",5480,"CMC","NTWQM",2013-09-05 12:00:00,0.1,"ISM",1,"Water",NA,30,"MG/L",NA,NA,NA,2018-03-01 14:52:00,NA,2,NA,1,1,"S","PARTNTID",NA,NA,4,"sample does not have an associated bay program method code"
"870",999,"LRA","ALLARM.LT10","10/25/2013","12:00:00","NO3N.3","M1",3256,"CMC","NTWQM",2013-10-25 12:00:00,0.3,"ISM",2,"Water",NA,2.4,"MG/L",NA,NA,NA,2017-10-30 10:39:27,NA,2,NA,1,1,"S","PARTNTID",NA,NA,4,"sample does not have an associated bay program method code"
"871",999,"LRA","ALLARM.LT2","08/13/2013","12:00:00","NO3N.3","M1",3238,"CMC","NTWQM",2013-08-13 12:00:00,0.3,"ISM",2,"Water",NA,4.2,"MG/L",NA,NA,NA,2017-10-30 10:38:33,NA,2,NA,1,1,"S","PARTNTID",NA,NA,4,"sample does not have an associated bay program method code"
"872",999,"LRA","ALLARM.LT10","10/25/2013","12:00:00","TDS.1","M1",3256,"CMC","NTWQM",2013-10-25 12:00:00,0.3,"ISM",1,"Water",NA,470,"MG/L",NA,NA,NA,2017-10-30 10:39:27,NA,2,NA,1,1,"S","PARTNTID",NA,NA,4,"sample does not have an associated bay program method code"
"873",999,"GCWD","GCWD.MILRUN0.01","10/11/2013","12:00:00","TDS.1","M1",5482,"CMC","NTWQM",2013-10-11 12:00:00,0.1,"ISM",1,"Water",NA,40,"MG/L",NA,NA,NA,2018-03-01 14:52:00,NA,2,NA,1,1,"S","PARTNTID",NA,NA,4,"sample does not have an associated bay program method code"
"874",999,"LRA","ALLARM.LT7","12/06/2013","12:00:00","NO3N.3","M1",3263,"CMC","NTWQM",2013-12-06 12:00:00,0.3,"ISM",2,"Water",NA,2.9,"MG/L",NA,NA,NA,2017-10-30 10:39:47,NA,2,NA,1,2,"VP","PARTNTID",NA,NA,4,"sample does not have an associated bay program method code"
"875",999,"LRA","ALLARM.LT8","10/25/2013","12:00:00","TDS.1","M1",3254,"CMC","NTWQM",2013-10-25 12:00:00,0.3,"ISM",1,"Water",NA,450,"MG/L",NA,NA,NA,2017-10-30 10:39:21,NA,2,NA,1,1,"S","PARTNTID",NA,NA,4,"sample does not have an associated bay program method code"
"876",999,"LRA","ALLARM.LT5","06/06/2013","12:00:00","NO3N.3","M1",3231,"CMC","NTWQM",2013-06-06 12:00:00,0.3,"ISM",2,"Water",NA,3.5,"MG/L",NA,NA,NA,2017-10-30 10:38:12,NA,2,NA,1,1,"S","PARTNTID",NA,NA,4,"sample does not have an associated bay program method code"
"877",999,"GCWD","GCWD.MOOHOLRUN0.06","04/04/2013","12:00:00","TDS.1","M1",5138,"CMC","NTWQM",2013-04-04 12:00:00,0.1,"ISM",1,"Water",NA,50,"MG/L",NA,NA,NA,2018-03-01 14:36:20,NA,2,NA,1,1,"S","PARTNTID",NA,NA,4,"sample does not have an associated bay program method code"
"878",999,"LRA","ALLARM.LT10","12/06/2013","12:00:00","NO3N.3","M1",3266,"CMC","NTWQM",2013-12-06 12:00:00,0.3,"ISM",2,"Water",NA,2.1,"MG/L",NA,NA,NA,2017-10-30 10:39:57,NA,2,NA,1,2,"VP","PARTNTID",NA,NA,4,"sample does not have an associated bay program method code"
"879",999,"GCWD","GCWD.MOOHOLRUN0.06","05/07/2013","12:00:00","TDS.1","M1",5139,"CMC","NTWQM",2013-05-07 12:00:00,0.1,"ISM",1,"Water",NA,60,"MG/L",NA,NA,NA,2018-03-01 14:36:20,NA,2,NA,1,1,"S","PARTNTID",NA,NA,4,"sample does not have an associated bay program method code"
"880",999,"LRA","ALLARM.LT7","02/15/2013","12:00:00","TDS.1","M1",3213,"CMC","NTWQM",2013-02-15 12:00:00,0.3,"ISM",1,"Water",NA,440,"MG/L",NA,NA,NA,2017-10-30 10:37:24,NA,2,NA,1,1,"S","PARTNTID",NA,NA,4,"sample does not have an associated bay program method code"
"881",999,"LRA","ALLARM.LT3","10/25/2013","12:00:00","TDS.1","M1",3249,"CMC","NTWQM",2013-10-25 12:00:00,0.3,"ISM",1,"Water",NA,420,"MG/L",NA,NA,NA,2017-10-30 10:39:05,NA,2,NA,1,1,"S","PARTNTID",NA,NA,4,"sample does not have an associated bay program method code"
"882",999,"GCWD","GCWD.UNTBALRUN0.23","09/29/2013","12:00:00","TDS.1","M1",5497,"CMC","NTWQM",2013-09-29 12:00:00,0.1,"ISM",1,"Water",NA,160,"MG/L",NA,NA,NA,2018-03-01 14:52:01,NA,2,NA,1,1,"S","PARTNTID",NA,NA,4,"sample does not have an associated bay program method code"
"883",999,"GCWD","GCWD.MOOHOLRUN0.06","07/30/2013","12:00:00","TDS.1","M1",5141,"CMC","NTWQM",2013-07-30 12:00:00,0.1,"ISM",1,"Water",NA,90,"MG/L",NA,NA,NA,2018-03-01 14:36:20,NA,2,NA,1,1,"S","PARTNTID",NA,NA,4,"sample does not have an associated bay program method code"
"884",999,"GCWD","GCWD.UNTBALRUN0.23","10/11/2013","12:00:00","TDS.1","M1",5498,"CMC","NTWQM",2013-10-11 12:00:00,0.1,"ISM",1,"Water",NA,160,"MG/L",NA,NA,NA,2018-03-01 14:52:01,NA,2,NA,1,1,"S","PARTNTID",NA,NA,4,"sample does not have an associated bay program method code"
"885",999,"GCWD","GCWD.MOOHOLRUN0.06","08/20/2013","12:00:00","TDS.1","M1",5142,"CMC","NTWQM",2013-08-20 12:00:00,0.1,"ISM",1,"Water",NA,100,"MG/L",NA,NA,NA,2018-03-01 14:36:21,NA,2,NA,1,1,"S","PARTNTID",NA,NA,4,"sample does not have an associated bay program method code"
"886",999,"GCWD","GCWD.UNTBALRUN0.95","09/05/2013","12:00:00","TDS.1","M1",5499,"CMC","NTWQM",2013-09-05 12:00:00,0.1,"ISM",1,"Water",NA,130,"MG/L",NA,NA,NA,2018-03-01 14:52:01,NA,2,NA,1,1,"S","PARTNTID",NA,NA,4,"sample does not have an associated bay program method code"
"887",999,"LRA","ALLARM.LT10","02/15/2013","12:00:00","TDS.1","M1",3216,"CMC","NTWQM",2013-02-15 12:00:00,0.3,"ISM",1,"Water",NA,520,"MG/L",NA,NA,NA,2017-10-30 10:37:32,NA,2,NA,1,1,"S","PARTNTID",NA,NA,4,"sample does not have an associated bay program method code"
"888",999,"LRA","ALLARM.LT9","12/06/2013","12:00:00","NO3N.3","M1",3265,"CMC","NTWQM",2013-12-06 12:00:00,0.3,"ISM",2,"Water",NA,2.3,"MG/L",NA,NA,NA,2017-10-30 10:39:53,NA,2,NA,1,2,"VP","PARTNTID",NA,NA,4,"sample does not have an associated bay program method code"
"889",999,"LRA","ALLARM.LT4","12/06/2013","12:00:00","NO3N.3","M1",3260,"CMC","NTWQM",2013-12-06 12:00:00,0.3,"ISM",2,"Water",NA,3.3,"MG/L",NA,NA,NA,2017-10-30 10:39:38,NA,2,NA,1,2,"VP","PARTNTID",NA,NA,4,"sample does not have an associated bay program method code"
"890",999,"LRA","ALLARM.LT2","02/15/2013","12:00:00","NO3N.3","M1",3208,"CMC","NTWQM",2013-02-15 12:00:00,0.3,"ISM",2,"Water",NA,4.6,"MG/L",NA,NA,NA,2017-10-30 10:37:11,NA,2,NA,1,1,"S","PARTNTID",NA,NA,4,"sample does not have an associated bay program method code"
"891",999,"LRA","ALLARM.LT7","06/06/2013","12:00:00","NO3N.3","M1",3233,"CMC","NTWQM",2013-06-06 12:00:00,0.3,"ISM",2,"Water",NA,3.3,"MG/L",NA,NA,NA,2017-10-30 10:38:18,NA,2,NA,1,1,"S","PARTNTID",NA,NA,4,"sample does not have an associated bay program method code"
"892",999,"LRA","ALLARM.LT6","08/13/2013","12:00:00","NO3N.3","M1",3242,"CMC","NTWQM",2013-08-13 12:00:00,0.3,"ISM",2,"Water",NA,3,"MG/L",NA,NA,NA,2017-10-30 10:38:44,NA,2,NA,1,1,"S","PARTNTID",NA,NA,4,"sample does not have an associated bay program method code"
"893",999,"LRA","ALLARM.LT2","02/15/2013","12:00:00","TDS.1","M1",3208,"CMC","NTWQM",2013-02-15 12:00:00,0.3,"ISM",1,"Water",NA,400,"MG/L",NA,NA,NA,2017-10-30 10:37:11,NA,2,NA,1,1,"S","PARTNTID",NA,NA,4,"sample does not have an associated bay program method code"
"894",999,"LRA","ALLARM.LT7","06/06/2013","12:00:00","TDS.1","M1",3233,"CMC","NTWQM",2013-06-06 12:00:00,0.3,"ISM",1,"Water",NA,430,"MG/L",NA,NA,NA,2017-10-30 10:38:18,NA,2,NA,1,1,"S","PARTNTID",NA,NA,4,"sample does not have an associated bay program method code"
"895",999,"LRA","ALLARM.LT4","02/15/2013","12:00:00","NO3N.3","M1",3210,"CMC","NTWQM",2013-02-15 12:00:00,0.3,"ISM",2,"Water",NA,4,"MG/L",NA,NA,NA,2017-10-30 10:37:16,NA,2,NA,1,1,"S","PARTNTID",NA,NA,4,"sample does not have an associated bay program method code"
"896",999,"LRA","ALLARM.LT8","04/13/2013","12:00:00","TDS.1","M1",3224,"CMC","NTWQM",2013-04-13 12:00:00,0.3,"ISM",1,"Water",NA,410,"MG/L",NA,NA,NA,2017-10-30 10:37:53,NA,2,NA,1,1,"S","PARTNTID",NA,NA,4,"sample does not have an associated bay program method code"
"897",999,"LRA","ALLARM.LT2","04/13/2013","12:00:00","NO3N.3","M1",3218,"CMC","NTWQM",2013-04-13 12:00:00,0.3,"ISM",2,"Water",NA,4.6,"MG/L",NA,NA,NA,2017-10-30 10:37:37,NA,2,NA,1,1,"S","PARTNTID",NA,NA,4,"sample does not have an associated bay program method code"
"898",999,"LRA","ALLARM.LT7","08/13/2013","12:00:00","NO3N.3","M1",3243,"CMC","NTWQM",2013-08-13 12:00:00,0.3,"ISM",2,"Water",NA,2.8,"MG/L",NA,NA,NA,2017-10-30 10:38:48,NA,2,NA,1,1,"S","PARTNTID",NA,NA,4,"sample does not have an associated bay program method code"
"899",999,"LRA","ALLARM.LT1","06/06/2013","12:00:00","TDS.1","M1",3227,"CMC","NTWQM",2013-06-06 12:00:00,0.3,"ISM",1,"Water",NA,410,"MG/L",NA,NA,NA,2017-10-30 10:38:01,NA,2,NA,1,1,"S","PARTNTID",NA,NA,4,"sample does not have an associated bay program method code"
"900",999,"LRA","ALLARM.LT2","04/13/2013","12:00:00","TDS.1","M1",3218,"CMC","NTWQM",2013-04-13 12:00:00,0.3,"ISM",1,"Water",NA,350,"MG/L",NA,NA,NA,2017-10-30 10:37:37,NA,2,NA,1,1,"S","PARTNTID",NA,NA,4,"sample does not have an associated bay program method code"
"901",999,"LRA","ALLARM.LT3","04/13/2013","12:00:00","TDS.1","M1",3219,"CMC","NTWQM",2013-04-13 12:00:00,0.3,"ISM",1,"Water",NA,370,"MG/L",NA,NA,NA,2017-10-30 10:37:40,NA,2,NA,1,1,"S","PARTNTID",NA,NA,4,"sample does not have an associated bay program method code"
"902",999,"LRA","ALLARM.LT4","04/13/2013","12:00:00","NO3N.3","M1",3220,"CMC","NTWQM",2013-04-13 12:00:00,0.3,"ISM",2,"Water",NA,3.3,"MG/L",NA,NA,NA,2017-10-30 10:37:42,NA,2,NA,1,1,"S","PARTNTID",NA,NA,4,"sample does not have an associated bay program method code"
"903",999,"LRA","ALLARM.LT1","08/13/2013","12:00:00","NO3N.3","M1",3237,"CMC","NTWQM",2013-08-13 12:00:00,0.3,"ISM",2,"Water",NA,3.1,"MG/L",NA,NA,NA,2017-10-30 10:38:30,NA,2,NA,1,1,"S","PARTNTID",NA,NA,4,"sample does not have an associated bay program method code"
"904",999,"LRA","ALLARM.LT2","06/06/2013","12:00:00","NO3N.3","M1",3228,"CMC","NTWQM",2013-06-06 12:00:00,0.3,"ISM",2,"Water",NA,3.1,"MG/L",NA,NA,NA,2017-10-30 10:38:03,NA,2,NA,1,1,"S","PARTNTID",NA,NA,4,"sample does not have an associated bay program method code"
"905",999,"LRA","ALLARM.LT5","02/15/2013","12:00:00","TDS.1","M1",3211,"CMC","NTWQM",2013-02-15 12:00:00,0.3,"ISM",1,"Water",NA,400,"MG/L",NA,NA,NA,2017-10-30 10:37:19,NA,2,NA,1,1,"S","PARTNTID",NA,NA,4,"sample does not have an associated bay program method code"
"906",999,"LRA","ALLARM.LT6","12/06/2013","12:00:00","NO3N.3","M1",3262,"CMC","NTWQM",2013-12-06 12:00:00,0.3,"ISM",2,"Water",NA,2.9,"MG/L",NA,NA,NA,2017-10-30 10:39:44,NA,2,NA,1,2,"VP","PARTNTID",NA,NA,4,"sample does not have an associated bay program method code"
"907",999,"LRA","ALLARM.LT2","06/06/2013","12:00:00","TDS.1","M1",3228,"CMC","NTWQM",2013-06-06 12:00:00,0.3,"ISM",1,"Water",NA,380,"MG/L",NA,NA,NA,2017-10-30 10:38:03,NA,2,NA,1,1,"S","PARTNTID",NA,NA,4,"sample does not have an associated bay program method code"
"908",999,"LRA","ALLARM.LT7","10/25/2013","12:00:00","TDS.1","M1",3253,"CMC","NTWQM",2013-10-25 12:00:00,0.3,"ISM",1,"Water",NA,450,"MG/L",NA,NA,NA,2017-10-30 10:39:17,NA,2,NA,1,1,"S","PARTNTID",NA,NA,4,"sample does not have an associated bay program method code"
"909",999,"LRA","ALLARM.LT5","04/13/2013","12:00:00","NO3N.3","M1",3221,"CMC","NTWQM",2013-04-13 12:00:00,0.3,"ISM",2,"Water",NA,3.8,"MG/L",NA,NA,NA,2017-10-30 10:37:45,NA,2,NA,1,1,"S","PARTNTID",NA,NA,4,"sample does not have an associated bay program method code"
"910",999,"LRA","ALLARM.LT6","02/15/2013","12:00:00","NO3N.3","M1",3212,"CMC","NTWQM",2013-02-15 12:00:00,0.3,"ISM",2,"Water",NA,3.8,"MG/L",NA,NA,NA,2017-10-30 10:37:22,NA,2,NA,1,1,"S","PARTNTID",NA,NA,4,"sample does not have an associated bay program method code"
"911",999,"LRA","ALLARM.LT6","12/06/2013","12:00:00","TDS.1","M1",3262,"CMC","NTWQM",2013-12-06 12:00:00,0.3,"ISM",1,"Water",NA,340,"MG/L",NA,NA,NA,2017-10-30 10:39:44,NA,2,NA,1,2,"VP","PARTNTID",NA,NA,4,"sample does not have an associated bay program method code"
"912",999,"LRA","ALLARM.LT5","04/13/2013","12:00:00","TDS.1","M1",3221,"CMC","NTWQM",2013-04-13 12:00:00,0.3,"ISM",1,"Water",NA,370,"MG/L",NA,NA,NA,2017-10-30 10:37:45,NA,2,NA,1,1,"S","PARTNTID",NA,NA,4,"sample does not have an associated bay program method code"
"913",999,"LRA","ALLARM.LT2","08/13/2013","12:00:00","TDS.1","M1",3238,"CMC","NTWQM",2013-08-13 12:00:00,0.3,"ISM",1,"Water",NA,370,"MG/L",NA,NA,NA,2017-10-30 10:38:33,NA,2,NA,1,1,"S","PARTNTID",NA,NA,4,"sample does not have an associated bay program method code"
"914",999,"LRA","ALLARM.LT7","12/06/2013","12:00:00","NO3N.3","M1",3263,"CMC","NTWQM",2013-12-06 12:00:00,0.3,"ISM",2,"Water",NA,2.9,"MG/L",NA,NA,NA,2017-10-30 10:39:47,NA,2,NA,1,2,"VP","PARTNTID",NA,NA,4,"sample does not have an associated bay program method code"
"915",999,"LRA","ALLARM.LT6","02/15/2013","12:00:00","TDS.1","M1",3212,"CMC","NTWQM",2013-02-15 12:00:00,0.3,"ISM",1,"Water",NA,410,"MG/L",NA,NA,NA,2017-10-30 10:37:22,NA,2,NA,1,1,"S","PARTNTID",NA,NA,4,"sample does not have an associated bay program method code"
"916",999,"LRA","ALLARM.LT4","08/13/2013","12:00:00","NO3N.3","M1",3240,"CMC","NTWQM",2013-08-13 12:00:00,0.3,"ISM",2,"Water",NA,3.3,"MG/L",NA,NA,NA,2017-10-30 10:38:39,NA,2,NA,1,1,"S","PARTNTID",NA,NA,4,"sample does not have an associated bay program method code"
"917",999,"LRA","ALLARM.LT2","10/25/2013","12:00:00","NO3N.3","M1",3248,"CMC","NTWQM",2013-10-25 12:00:00,0.3,"ISM",2,"Water",NA,3.2,"MG/L",NA,NA,NA,2017-10-30 10:39:03,NA,2,NA,1,1,"S","PARTNTID",NA,NA,4,"sample does not have an associated bay program method code"
"918",999,"LRA","ALLARM.LT10","12/06/2013","12:00:00","NO3N.3","M1",3266,"CMC","NTWQM",2013-12-06 12:00:00,0.3,"ISM",2,"Water",NA,2.1,"MG/L",NA,NA,NA,2017-10-30 10:39:57,NA,2,NA,1,2,"VP","PARTNTID",NA,NA,4,"sample does not have an associated bay program method code"
"919",999,"LRA","ALLARM.LT5","06/06/2013","12:00:00","TDS.1","M1",3231,"CMC","NTWQM",2013-06-06 12:00:00,0.3,"ISM",1,"Water",NA,410,"MG/L",NA,NA,NA,2017-10-30 10:38:12,NA,2,NA,1,1,"S","PARTNTID",NA,NA,4,"sample does not have an associated bay program method code"
"920",999,"LRA","ALLARM.LT2","10/25/2013","12:00:00","TDS.1","M1",3248,"CMC","NTWQM",2013-10-25 12:00:00,0.3,"ISM",1,"Water",NA,390,"MG/L",NA,NA,NA,2017-10-30 10:39:03,NA,2,NA,1,1,"S","PARTNTID",NA,NA,4,"sample does not have an associated bay program method code"
"921",999,"LRA","ALLARM.LT7","12/06/2013","12:00:00","TDS.1","M1",3263,"CMC","NTWQM",2013-12-06 12:00:00,0.3,"ISM",1,"Water",NA,410,"MG/L",NA,NA,NA,2017-10-30 10:39:47,NA,2,NA,1,2,"VP","PARTNTID",NA,NA,4,"sample does not have an associated bay program method code"
"922",999,"LRA","ALLARM.LT4","10/25/2013","12:00:00","NO3N.3","M1",3250,"CMC","NTWQM",2013-10-25 12:00:00,0.3,"ISM",2,"Water",NA,2.6,"MG/L",NA,NA,NA,2017-10-30 10:39:08,NA,2,NA,1,1,"S","PARTNTID",NA,NA,4,"sample does not have an associated bay program method code"
"923",999,"LRA","ALLARM.LT5","08/13/2013","12:00:00","NO3N.3","M1",3241,"CMC","NTWQM",2013-08-13 12:00:00,0.3,"ISM",2,"Water",NA,3.2,"MG/L",NA,NA,NA,2017-10-30 10:38:41,NA,2,NA,1,1,"S","PARTNTID",NA,NA,4,"sample does not have an associated bay program method code"
"924",999,"LRA","ALLARM.LT6","06/06/2013","12:00:00","NO3N.3","M1",3232,"CMC","NTWQM",2013-06-06 12:00:00,0.3,"ISM",2,"Water",NA,3.3,"MG/L",NA,NA,NA,2017-10-30 10:38:15,NA,2,NA,1,1,"S","PARTNTID",NA,NA,4,"sample does not have an associated bay program method code"
"925",999,"LRA","ALLARM.LT1","02/15/2013","12:00:00","TDS.1","M1",3207,"CMC","NTWQM",2013-02-15 12:00:00,0.3,"ISM",1,"Water",NA,400,"MG/L",NA,NA,NA,2017-10-30 10:37:09,NA,2,NA,1,1,"S","PARTNTID",NA,NA,4,"sample does not have an associated bay program method code"
"926",999,"LRA","ALLARM.LT8","02/15/2013","12:00:00","NO3N.3","M1",3214,"CMC","NTWQM",2013-02-15 12:00:00,0.3,"ISM",2,"Water",NA,3.25,"MG/L",NA,NA,NA,2017-10-30 10:37:27,NA,2,NA,1,1,"S","PARTNTID",NA,NA,4,"sample does not have an associated bay program method code"
"927",999,"LRA","ALLARM.LT7","04/13/2013","12:00:00","NO3N.3","M1",3223,"CMC","NTWQM",2013-04-13 12:00:00,0.3,"ISM",2,"Water",NA,2.7,"MG/L",NA,NA,NA,2017-10-30 10:37:50,NA,2,NA,1,1,"S","PARTNTID",NA,NA,4,"sample does not have an associated bay program method code"
"928",999,"LRA","ALLARM.LT9","12/06/2013","12:00:00","NO3N.3","M1",3265,"CMC","NTWQM",2013-12-06 12:00:00,0.3,"ISM",2,"Water",NA,2.3,"MG/L",NA,NA,NA,2017-10-30 10:39:53,NA,2,NA,1,2,"VP","PARTNTID",NA,NA,4,"sample does not have an associated bay program method code"
"929",999,"LRA","ALLARM.LT1","04/13/2013","12:00:00","NO3N.3","M1",3217,"CMC","NTWQM",2013-04-13 12:00:00,0.3,"ISM",2,"Water",NA,4.3,"MG/L",NA,NA,NA,2017-10-30 10:37:35,NA,2,NA,1,1,"S","PARTNTID",NA,NA,4,"sample does not have an associated bay program method code"
"930",999,"LRA","ALLARM.LT8","02/15/2013","12:00:00","TDS.1","M1",3214,"CMC","NTWQM",2013-02-15 12:00:00,0.3,"ISM",1,"Water",NA,430,"MG/L",NA,NA,NA,2017-10-30 10:37:27,NA,2,NA,1,1,"S","PARTNTID",NA,NA,4,"sample does not have an associated bay program method code"
"931",999,"LRA","ALLARM.LT3","02/15/2013","12:00:00","NO3N.3","M1",3209,"CMC","NTWQM",2013-02-15 12:00:00,0.3,"ISM",2,"Water",NA,4.4,"MG/L",NA,NA,NA,2017-10-30 10:37:14,NA,2,NA,1,1,"S","PARTNTID",NA,NA,4,"sample does not have an associated bay program method code"
"932",999,"LRA","ALLARM.LT3","06/06/2013","12:00:00","NO3N.3","M1",3229,"CMC","NTWQM",2013-06-06 12:00:00,0.3,"ISM",2,"Water",NA,3.8,"MG/L",NA,NA,NA,2017-10-30 10:38:06,NA,2,NA,1,1,"S","PARTNTID",NA,NA,4,"sample does not have an associated bay program method code"
"933",999,"LRA","ALLARM.LT5","10/25/2013","12:00:00","TDS.1","M1",3251,"CMC","NTWQM",2013-10-25 12:00:00,0.3,"ISM",1,"Water",NA,410,"MG/L",NA,NA,NA,2017-10-30 10:39:11,NA,2,NA,1,1,"S","PARTNTID",NA,NA,4,"sample does not have an associated bay program method code"
"934",999,"LRA","ALLARM.LT6","08/13/2013","12:00:00","TDS.1","M1",3242,"CMC","NTWQM",2013-08-13 12:00:00,0.3,"ISM",1,"Water",NA,400,"MG/L",NA,NA,NA,2017-10-30 10:38:44,NA,2,NA,1,1,"S","PARTNTID",NA,NA,4,"sample does not have an associated bay program method code"
"935",999,"LRA","ALLARM.LT9","12/06/2013","12:00:00","TDS.1","M1",3265,"CMC","NTWQM",2013-12-06 12:00:00,0.3,"ISM",1,"Water",NA,450,"MG/L",NA,NA,NA,2017-10-30 10:39:53,NA,2,NA,1,2,"VP","PARTNTID",NA,NA,4,"sample does not have an associated bay program method code"
"936",999,"LRA","ALLARM.LT9","02/15/2013","12:00:00","TDS.1","M1",3215,"CMC","NTWQM",2013-02-15 12:00:00,0.3,"ISM",1,"Water",NA,460,"MG/L",NA,NA,NA,2017-10-30 10:37:29,NA,2,NA,1,1,"S","PARTNTID",NA,NA,4,"sample does not have an associated bay program method code"
"937",999,"LRA","ALLARM.LT9","10/25/2013","12:00:00","TDS.1","M1",3255,"CMC","NTWQM",2013-10-25 12:00:00,0.3,"ISM",1,"Water",NA,460,"MG/L",NA,NA,NA,2017-10-30 10:39:23,NA,2,NA,1,1,"S","PARTNTID",NA,NA,4,"sample does not have an associated bay program method code"
"938",999,"LRA","ALLARM.LT5","12/06/2013","12:00:00","NO3N.3","M1",3261,"CMC","NTWQM",2013-12-06 12:00:00,0.3,"ISM",2,"Water",NA,3,"MG/L",NA,NA,NA,2017-10-30 10:39:41,NA,2,NA,1,2,"VP","PARTNTID",NA,NA,4,"sample does not have an associated bay program method code"
"939",999,"LRA","ALLARM.LT4","02/15/2013","12:00:00","TDS.1","M1",3210,"CMC","NTWQM",2013-02-15 12:00:00,0.3,"ISM",1,"Water",NA,460,"MG/L",NA,NA,NA,2017-10-30 10:37:16,NA,2,NA,1,1,"S","PARTNTID",NA,NA,4,"sample does not have an associated bay program method code"
"940",999,"LRA","ALLARM.LT10","06/06/2013","12:00:00","TDS.1","M1",3236,"CMC","NTWQM",2013-06-06 12:00:00,0.3,"ISM",1,"Water",NA,450,"MG/L",NA,NA,NA,2017-10-30 10:38:27,NA,2,NA,1,1,"S","PARTNTID",NA,NA,4,"sample does not have an associated bay program method code"
"941",999,"LRA","ALLARM.LT1","10/25/2013","12:00:00","TDS.1","M1",3247,"CMC","NTWQM",2013-10-25 12:00:00,0.3,"ISM",1,"Water",NA,420,"MG/L",NA,NA,NA,2017-10-30 10:38:59,NA,2,NA,1,1,"S","PARTNTID",NA,NA,4,"sample does not have an associated bay program method code"
"942",999,"LRA","ALLARM.LT6","06/06/2013","12:00:00","TDS.1","M1",3232,"CMC","NTWQM",2013-06-06 12:00:00,0.3,"ISM",1,"Water",NA,400,"MG/L",NA,NA,NA,2017-10-30 10:38:15,NA,2,NA,1,1,"S","PARTNTID",NA,NA,4,"sample does not have an associated bay program method code"
"943",999,"LRA","ALLARM.LT9","04/13/2013","12:00:00","TDS.1","M1",3225,"CMC","NTWQM",2013-04-13 12:00:00,0.3,"ISM",1,"Water",NA,480,"MG/L",NA,NA,NA,2017-10-30 10:37:55,NA,2,NA,1,1,"S","PARTNTID",NA,NA,4,"sample does not have an associated bay program method code"
"944",999,"LRA","ALLARM.LT10","08/13/2013","12:00:00","NO3N.3","M1",3246,"CMC","NTWQM",2013-08-13 12:00:00,0.3,"ISM",2,"Water",NA,2.5,"MG/L",NA,NA,NA,2017-10-30 10:38:56,NA,2,NA,1,1,"S","PARTNTID",NA,NA,4,"sample does not have an associated bay program method code"
"945",999,"LRA","ALLARM.LT6","04/13/2013","12:00:00","NO3N.3","M1",3222,"CMC","NTWQM",2013-04-13 12:00:00,0.3,"ISM",2,"Water",NA,3.7,"MG/L",NA,NA,NA,2017-10-30 10:37:48,NA,2,NA,1,1,"S","PARTNTID",NA,NA,4,"sample does not have an associated bay program method code"
"946",999,"LRA","ALLARM.LT7","10/25/2013","12:00:00","NO3N.3","M1",3253,"CMC","NTWQM",2013-10-25 12:00:00,0.3,"ISM",2,"Water",NA,2.8,"MG/L",NA,NA,NA,2017-10-30 10:39:17,NA,2,NA,1,1,"S","PARTNTID",NA,NA,4,"sample does not have an associated bay program method code"
"947",999,"LRA","ALLARM.LT8","08/13/2013","12:00:00","NO3N.3","M1",3244,"CMC","NTWQM",2013-08-13 12:00:00,0.3,"ISM",2,"Water",NA,2.6,"MG/L",NA,NA,NA,2017-10-30 10:38:50,NA,2,NA,1,1,"S","PARTNTID",NA,NA,4,"sample does not have an associated bay program method code"
"948",999,"LRA","ALLARM.LT8","12/06/2013","12:00:00","NO3N.3","M1",3264,"CMC","NTWQM",2013-12-06 12:00:00,0.3,"ISM",2,"Water",NA,3,"MG/L",NA,NA,NA,2017-10-30 10:39:50,NA,2,NA,1,2,"VP","PARTNTID",NA,NA,4,"sample does not have an associated bay program method code"
"949",999,"LRA","ALLARM.LT8","08/13/2013","12:00:00","TDS.1","M1",3244,"CMC","NTWQM",2013-08-13 12:00:00,0.3,"ISM",1,"Water",NA,430,"MG/L",NA,NA,NA,2017-10-30 10:38:50,NA,2,NA,1,1,"S","PARTNTID",NA,NA,4,"sample does not have an associated bay program method code"
"950",999,"LRA","ALLARM.LT9","06/06/2013","12:00:00","TDS.1","M1",3235,"CMC","NTWQM",2013-06-06 12:00:00,0.3,"ISM",1,"Water",NA,440,"MG/L",NA,NA,NA,2017-10-30 10:38:24,NA,2,NA,1,1,"S","PARTNTID",NA,NA,4,"sample does not have an associated bay program method code"
"951",999,"LRA","ALLARM.LT10","12/06/2013","12:00:00","TDS.1","M1",3266,"CMC","NTWQM",2013-12-06 12:00:00,0.3,"ISM",1,"Water",NA,470,"MG/L",NA,NA,NA,2017-10-30 10:39:57,NA,2,NA,1,2,"VP","PARTNTID",NA,NA,4,"sample does not have an associated bay program method code"
"952",999,"LRA","ALLARM.LT4","06/06/2013","12:00:00","TDS.1","M1",3230,"CMC","NTWQM",2013-06-06 12:00:00,0.3,"ISM",1,"Water",NA,400,"MG/L",NA,NA,NA,2017-10-30 10:38:09,NA,2,NA,1,1,"S","PARTNTID",NA,NA,4,"sample does not have an associated bay program method code"
"953",999,"GCWD","GCWD.SOUBRAPINCRE0.17","11/13/2013","12:00:00","TDS.1","M1",5273,"CMC","NTWQM",2013-11-13 12:00:00,0.1,"ISM",1,"Water",NA,80,"MG/L",NA,NA,NA,2018-03-01 14:36:58,NA,2,NA,1,1,"S","PARTNTID",NA,NA,4,"sample does not have an associated bay program method code"
"954",999,"LRA","ALLARM.LT5","12/06/2013","12:00:00","NO3N.3","M1",3261,"CMC","NTWQM",2013-12-06 12:00:00,0.3,"ISM",2,"Water",NA,3,"MG/L",NA,NA,NA,2017-10-30 10:39:41,NA,2,NA,1,2,"VP","PARTNTID",NA,NA,4,"sample does not have an associated bay program method code"
"955",999,"LRA","ALLARM.LT6","10/25/2013","12:00:00","NO3N.3","M1",3252,"CMC","NTWQM",2013-10-25 12:00:00,0.3,"ISM",2,"Water",NA,2.9,"MG/L",NA,NA,NA,2017-10-30 10:39:14,NA,2,NA,1,1,"S","PARTNTID",NA,NA,4,"sample does not have an associated bay program method code"
"956",999,"LRA","ALLARM.LT8","10/25/2013","12:00:00","NO3N.3","M1",3254,"CMC","NTWQM",2013-10-25 12:00:00,0.3,"ISM",2,"Water",NA,2.4,"MG/L",NA,NA,NA,2017-10-30 10:39:21,NA,2,NA,1,1,"S","PARTNTID",NA,NA,4,"sample does not have an associated bay program method code"
"957",999,"LRA","ALLARM.LT1","12/06/2013","12:00:00","NO3N.3","M1",3257,"CMC","NTWQM",2013-12-06 12:00:00,0.3,"ISM",2,"Water",NA,2.8,"MG/L",NA,NA,NA,2017-10-30 10:39:30,NA,2,NA,1,1,"S","PARTNTID",NA,NA,4,"sample does not have an associated bay program method code"
"958",999,"LRA","ALLARM.LT10","04/13/2013","12:00:00","NO3N.3","M1",3226,"CMC","NTWQM",2013-04-13 12:00:00,0.3,"ISM",2,"Water",NA,3.3,"MG/L",NA,NA,NA,2017-10-30 10:37:58,NA,2,NA,1,1,"S","PARTNTID",NA,NA,4,"sample does not have an associated bay program method code"
"959",999,"LRA","ALLARM.LT4","08/13/2013","12:00:00","TDS.1","M1",3240,"CMC","NTWQM",2013-08-13 12:00:00,0.3,"ISM",1,"Water",NA,390,"MG/L",NA,NA,NA,2017-10-30 10:38:39,NA,2,NA,1,1,"S","PARTNTID",NA,NA,4,"sample does not have an associated bay program method code"
"960",999,"LRA","ALLARM.LT6","04/13/2013","12:00:00","TDS.1","M1",3222,"CMC","NTWQM",2013-04-13 12:00:00,0.3,"ISM",1,"Water",NA,390,"MG/L",NA,NA,NA,2017-10-30 10:37:48,NA,2,NA,1,1,"S","PARTNTID",NA,NA,4,"sample does not have an associated bay program method code"
"961",999,"LRA","ALLARM.LT9","12/06/2013","12:00:00","TDS.1","M1",3265,"CMC","NTWQM",2013-12-06 12:00:00,0.3,"ISM",1,"Water",NA,450,"MG/L",NA,NA,NA,2017-10-30 10:39:53,NA,2,NA,1,2,"VP","PARTNTID",NA,NA,4,"sample does not have an associated bay program method code"
"962",999,"LRA","ALLARM.LT8","12/06/2013","12:00:00","NO3N.3","M1",3264,"CMC","NTWQM",2013-12-06 12:00:00,0.3,"ISM",2,"Water",NA,3,"MG/L",NA,NA,NA,2017-10-30 10:39:50,NA,2,NA,1,2,"VP","PARTNTID",NA,NA,4,"sample does not have an associated bay program method code"
"963",999,"LRA","ALLARM.LT7","02/15/2013","12:00:00","NO3N.3","M1",3213,"CMC","NTWQM",2013-02-15 12:00:00,0.3,"ISM",2,"Water",NA,3.5,"MG/L",NA,NA,NA,2017-10-30 10:37:24,NA,2,NA,1,1,"S","PARTNTID",NA,NA,4,"sample does not have an associated bay program method code"
"964",999,"LRA","ALLARM.LT6","12/06/2013","12:00:00","TDS.1","M1",3262,"CMC","NTWQM",2013-12-06 12:00:00,0.3,"ISM",1,"Water",NA,340,"MG/L",NA,NA,NA,2017-10-30 10:39:44,NA,2,NA,1,2,"VP","PARTNTID",NA,NA,4,"sample does not have an associated bay program method code"
"965",999,"LRA","ALLARM.LT3","12/06/2013","12:00:00","NO3N.3","M1",3259,"CMC","NTWQM",2013-12-06 12:00:00,0.3,"ISM",2,"Water",NA,3.2,"MG/L",NA,NA,NA,2017-10-30 10:39:36,NA,2,NA,1,2,"VP","PARTNTID",NA,NA,4,"sample does not have an associated bay program method code"
"966",999,"LRA","ALLARM.LT8","12/06/2013","12:00:00","TDS.1","M1",3264,"CMC","NTWQM",2013-12-06 12:00:00,0.3,"ISM",1,"Water",NA,420,"MG/L",NA,NA,NA,2017-10-30 10:39:50,NA,2,NA,1,2,"VP","PARTNTID",NA,NA,4,"sample does not have an associated bay program method code"
"967",999,"LRA","ALLARM.LT9","08/13/2013","12:00:00","NO3N.3","M1",3245,"CMC","NTWQM",2013-08-13 12:00:00,0.3,"ISM",2,"Water",NA,2.7,"MG/L",NA,NA,NA,2017-10-30 10:38:53,NA,2,NA,1,1,"S","PARTNTID",NA,NA,4,"sample does not have an associated bay program method code"
"968",999,"LRA","ALLARM.LT8","06/06/2013","12:00:00","TDS.1","M1",3234,"CMC","NTWQM",2013-06-06 12:00:00,0.3,"ISM",1,"Water",NA,430,"MG/L",NA,NA,NA,2017-10-30 10:38:21,NA,2,NA,1,1,"S","PARTNTID",NA,NA,4,"sample does not have an associated bay program method code"
"969",999,"LRA","ALLARM.LT4","10/25/2013","12:00:00","TDS.1","M1",3250,"CMC","NTWQM",2013-10-25 12:00:00,0.3,"ISM",1,"Water",NA,420,"MG/L",NA,NA,NA,2017-10-30 10:39:08,NA,2,NA,1,1,"S","PARTNTID",NA,NA,4,"sample does not have an associated bay program method code"
"970",999,"LRA","ALLARM.LT6","12/06/2013","12:00:00","NO3N.3","M1",3262,"CMC","NTWQM",2013-12-06 12:00:00,0.3,"ISM",2,"Water",NA,2.9,"MG/L",NA,NA,NA,2017-10-30 10:39:44,NA,2,NA,1,2,"VP","PARTNTID",NA,NA,4,"sample does not have an associated bay program method code"
"971",999,"LRA","ALLARM.LT5","12/06/2013","12:00:00","TDS.1","M1",3261,"CMC","NTWQM",2013-12-06 12:00:00,0.3,"ISM",1,"Water",NA,390,"MG/L",NA,NA,NA,2017-10-30 10:39:41,NA,2,NA,1,2,"VP","PARTNTID",NA,NA,4,"sample does not have an associated bay program method code"
"972",999,"LRA","ALLARM.LT8","12/06/2013","12:00:00","TDS.1","M1",3264,"CMC","NTWQM",2013-12-06 12:00:00,0.3,"ISM",1,"Water",NA,420,"MG/L",NA,NA,NA,2017-10-30 10:39:50,NA,2,NA,1,2,"VP","PARTNTID",NA,NA,4,"sample does not have an associated bay program method code"
"973",999,"LRA","ALLARM.LT4","12/06/2013","12:00:00","NO3N.3","M1",3260,"CMC","NTWQM",2013-12-06 12:00:00,0.3,"ISM",2,"Water",NA,3.3,"MG/L",NA,NA,NA,2017-10-30 10:39:38,NA,2,NA,1,2,"VP","PARTNTID",NA,NA,4,"sample does not have an associated bay program method code"
"974",999,"LRA","ALLARM.LT10","06/06/2013","12:00:00","NO3N.3","M1",3236,"CMC","NTWQM",2013-06-06 12:00:00,0.3,"ISM",2,"Water",NA,3.4,"MG/L",NA,NA,NA,2017-10-30 10:38:27,NA,2,NA,1,1,"S","PARTNTID",NA,NA,4,"sample does not have an associated bay program method code"
"975",999,"LRA","ALLARM.LT8","04/13/2013","12:00:00","NO3N.3","M1",3224,"CMC","NTWQM",2013-04-13 12:00:00,0.3,"ISM",2,"Water",NA,3.3,"MG/L",NA,NA,NA,2017-10-30 10:37:53,NA,2,NA,1,1,"S","PARTNTID",NA,NA,4,"sample does not have an associated bay program method code"
"976",999,"LRA","ALLARM.LT9","08/13/2013","12:00:00","TDS.1","M1",3245,"CMC","NTWQM",2013-08-13 12:00:00,0.3,"ISM",1,"Water",NA,460,"MG/L",NA,NA,NA,2017-10-30 10:38:53,NA,2,NA,1,1,"S","PARTNTID",NA,NA,4,"sample does not have an associated bay program method code"
"977",999,"LRA","ALLARM.LT7","12/06/2013","12:00:00","TDS.1","M1",3263,"CMC","NTWQM",2013-12-06 12:00:00,0.3,"ISM",1,"Water",NA,410,"MG/L",NA,NA,NA,2017-10-30 10:39:47,NA,2,NA,1,2,"VP","PARTNTID",NA,NA,4,"sample does not have an associated bay program method code"
"978",999,"LRA","ALLARM.LT10","12/06/2013","12:00:00","TDS.1","M1",3266,"CMC","NTWQM",2013-12-06 12:00:00,0.3,"ISM",1,"Water",NA,470,"MG/L",NA,NA,NA,2017-10-30 10:39:57,NA,2,NA,1,2,"VP","PARTNTID",NA,NA,4,"sample does not have an associated bay program method code"
"979",999,"LRA","ALLARM.LT9","06/06/2013","12:00:00","NO3N.3","M1",3235,"CMC","NTWQM",2013-06-06 12:00:00,0.3,"ISM",2,"Water",NA,3.2,"MG/L",NA,NA,NA,2017-10-30 10:38:24,NA,2,NA,1,1,"S","PARTNTID",NA,NA,4,"sample does not have an associated bay program method code"
"980",999,"LRA","ALLARM.LT9","10/25/2013","12:00:00","NO3N.3","M1",3255,"CMC","NTWQM",2013-10-25 12:00:00,0.3,"ISM",2,"Water",NA,2.6,"MG/L",NA,NA,NA,2017-10-30 10:39:23,NA,2,NA,1,1,"S","PARTNTID",NA,NA,4,"sample does not have an associated bay program method code"
