"","paramMethod","SOURCE","STATION","SAMPLE_DATE","SAMPLE_TIME","paramCode","SAMPLE_ID","EventId","AGENCY","PROGRAM","DateTime","DEPTH","SAMPLE_TYPE","TIER","Matrix","QUALIFIER","VALUE","UNITS","PROBLEM","LAB","labName","detLimit","qaFlag","COMMENTS","count.x","count.y","LAYER","PROJECT","SampleAnalyticalMethodIdentifier","SubstanceIdentificationName"
"1003",999,"GCWD","GCWD.EASFORSINCRE10.25","12/15/2010","12:00:00","TDS.1","M1",4830,"CMC","NTWQM",2010-12-15 12:00:00,0.1,"ISM","1","Water",NA,20,"MG/L",NA,NA,NA,NA,2,NA,1,1,"S","PARTNTID",NA,NA
"1004",999,"GCWD","GCWD.PRORUN2.55","12/24/2010","12:00:00","TDS.1","M1",5242,"CMC","NTWQM",2010-12-24 12:00:00,0.1,"ISM","1","Water",NA,30,"MG/L",NA,NA,NA,NA,2,NA,1,1,"S","PARTNTID",NA,NA
"1005",999,"ALLARM","ALLARM.MG1","10/10/2010","12:00:00","TDS.1","M1",2964,"CMC","NTWQM",2010-10-10 12:00:00,0.1,"ISM","1","Water",NA,420,"MG/L",NA,NA,NA,NA,2,NA,1,1,"S","PARTNTID",NA,NA
"1006",999,"ALLARM","ALLARM.LT1","01/27/2010","12:00:00","TDS.1","M1",2837,"CMC","NTWQM",2010-01-27 12:00:00,0.1,"ISM","1","Water",NA,310,"MG/L",NA,NA,NA,NA,2,NA,1,1,"S","PARTNTID",NA,NA
"1007",999,"ALLARM","ALLARM.LT5","05/11/2010","12:00:00","TDS.1","M1",2893,"CMC","NTWQM",2010-05-11 12:00:00,0.1,"ISM","1","Water",NA,260,"MG/L",NA,NA,NA,NA,2,NA,1,1,"S","PARTNTID",NA,NA
"1008",999,"ALLARM","ALLARM.LT7","03/12/2010","12:00:00","TDS.1","M1",2869,"CMC","NTWQM",2010-03-12 12:00:00,0.1,"ISM","1","Water",NA,390,"MG/L",NA,NA,NA,NA,2,NA,1,1,"S","PARTNTID",NA,NA
"1009",999,"GCWD","GCWD.EASFORSINCRE11.03","07/21/2010","12:00:00","TDS.1","M1",4849,"CMC","NTWQM",2010-07-21 12:00:00,0.1,"ISM","1","Water",NA,50,"MG/L",NA,NA,NA,NA,2,NA,1,1,"S","PARTNTID",NA,NA
"1010",999,"GCWD","GCWD.UNTFIRFORSINCRE0.24","11/04/2010","12:00:00","TDS.1","M1",5344,"CMC","NTWQM",2010-11-04 12:00:00,0.1,"ISM","1","Water",NA,30,"MG/L",NA,NA,NA,NA,2,NA,1,1,"S","PARTNTID",NA,NA
"1011",999,"ALLARM","ALLARM.LT5","06/10/2010","12:00:00","TDS.1","M1",2906,"CMC","NTWQM",2010-06-10 12:00:00,0.1,"ISM","1","Water",NA,310,"MG/L",NA,NA,NA,NA,2,NA,1,1,"S","PARTNTID",NA,NA
"1012",999,"ALLARM","ALLARM.LT1","02/19/2010","12:00:00","TDS.1","M1",2850,"CMC","NTWQM",2010-02-19 12:00:00,0.1,"ISM","1","Water",NA,280,"MG/L",NA,NA,NA,NA,2,NA,1,1,"S","PARTNTID",NA,NA
"1013",999,"GCWD","GCWD.EASFORSINCRE11.03","08/11/2010","12:00:00","TDS.1","M1",4851,"CMC","NTWQM",2010-08-11 12:00:00,0.1,"ISM","1","Water",NA,50,"MG/L",NA,NA,NA,NA,2,NA,1,1,"S","PARTNTID",NA,NA
"1014",999,"ALLARM","ALLARM.LT7","04/11/2010","12:00:00","TDS.1","M1",2882,"CMC","NTWQM",2010-04-11 12:00:00,0.1,"ISM","1","Water",NA,310,"MG/L",NA,NA,NA,NA,2,NA,1,1,"S","PARTNTID",NA,NA
"1015",999,"GCWD","GCWD.EASFORSINCRE11.03","08/18/2010","12:00:00","TDS.1","M1",4852,"CMC","NTWQM",2010-08-18 12:00:00,0.1,"ISM","1","Water",NA,50,"MG/L",NA,NA,NA,NA,2,NA,1,1,"S","PARTNTID",NA,NA
"1016",999,"ALLARM","ALLARM.LT5","07/10/2010","12:00:00","TDS.1","M1",2919,"CMC","NTWQM",2010-07-10 12:00:00,0.1,"ISM","1","Water",NA,260,"MG/L",NA,NA,NA,NA,2,NA,1,1,"S","PARTNTID",NA,NA
"1017",999,"ALLARM","ALLARM.MG1","12/07/2010","12:00:00","TDS.1","M1",2990,"CMC","NTWQM",2010-12-07 12:00:00,0.1,"ISM","1","Water",NA,250,"MG/L",NA,NA,NA,NA,2,NA,1,1,"S","PARTNTID",NA,NA
"1018",999,"ALLARM","ALLARM.LT1","03/12/2010","12:00:00","TDS.1","M1",2863,"CMC","NTWQM",2010-03-12 12:00:00,0.1,"ISM","1","Water",NA,280,"MG/L",NA,NA,NA,NA,2,NA,1,1,"S","PARTNTID",NA,NA
"1019",999,"GCWD","GCWD.EASFORSINCRE11.03","09/03/2010","12:00:00","TDS.1","M1",4854,"CMC","NTWQM",2010-09-03 12:00:00,0.1,"ISM","1","Water",NA,50,"MG/L",NA,NA,NA,NA,2,NA,1,1,"S","PARTNTID",NA,NA
"1020",999,"GCWD","GCWD.UNTFIRFORSINCRE0.24","12/24/2010","12:00:00","TDS.1","M1",5349,"CMC","NTWQM",2010-12-24 12:00:00,0.1,"ISM","1","Water",NA,30,"MG/L",NA,NA,NA,NA,2,NA,1,1,"S","PARTNTID",NA,NA
"1021",999,"GCWD","GCWD.EASFORSINCRE11.03","09/10/2010","12:00:00","TDS.1","M1",4855,"CMC","NTWQM",2010-09-10 12:00:00,0.1,"ISM","1","Water",NA,50,"MG/L",NA,NA,NA,NA,2,NA,1,1,"S","PARTNTID",NA,NA
"1022",999,"ALLARM","ALLARM.LT5","08/24/2010","12:00:00","TDS.1","M1",2932,"CMC","NTWQM",2010-08-24 12:00:00,0.1,"ISM","1","Water",NA,290,"MG/L",NA,NA,NA,NA,2,NA,1,1,"S","PARTNTID",NA,NA
"1023",999,"ALLARM","ALLARM.MG2","01/27/2010","12:00:00","TDS.1","M1",2848,"CMC","NTWQM",2010-01-27 12:00:00,0.1,"ISM","1","Water",NA,480,"MG/L",NA,NA,NA,NA,2,NA,1,1,"S","PARTNTID",NA,NA
"1024",999,"ALLARM","ALLARM.LT1","04/11/2010","12:00:00","TDS.1","M1",2876,"CMC","NTWQM",2010-04-11 12:00:00,0.1,"ISM","1","Water",NA,280,"MG/L",NA,NA,NA,NA,2,NA,1,1,"S","PARTNTID",NA,NA
"1025",999,"GCWD","GCWD.EASFORSINCRE11.03","09/24/2010","12:00:00","TDS.1","M1",4857,"CMC","NTWQM",2010-09-24 12:00:00,0.1,"ISM","1","Water",NA,40,"MG/L",NA,NA,NA,NA,2,NA,1,1,"S","PARTNTID",NA,NA
"1026",999,"GCWD","GCWD.WILBOYRUN0.49","09/30/2010","12:00:00","TDS.1","M1",5377,"CMC","NTWQM",2010-09-30 12:00:00,0.1,"ISM","1","Water",NA,30,"MG/L",NA,NA,NA,NA,2,NA,1,1,"S","PARTNTID",NA,NA
"1027",999,"GCWD","GCWD.EASFORSINCRE11.03","09/30/2010","12:00:00","TDS.1","M1",4858,"CMC","NTWQM",2010-09-30 12:00:00,0.1,"ISM","1","Water",NA,40,"MG/L",NA,NA,NA,NA,2,NA,1,1,"S","PARTNTID",NA,NA
"1028",999,"ALLARM","ALLARM.LT5","09/28/2010","12:00:00","TDS.1","M1",2945,"CMC","NTWQM",2010-09-28 12:00:00,0.1,"ISM","1","Water",NA,260,"MG/L",NA,NA,NA,NA,2,NA,1,1,"S","PARTNTID",NA,NA
"1029",999,"ALLARM","ALLARM.LT1","05/11/2010","12:00:00","TDS.1","M1",2889,"CMC","NTWQM",2010-05-11 12:00:00,0.1,"ISM","1","Water",NA,240,"MG/L",NA,NA,NA,NA,2,NA,1,1,"S","PARTNTID",NA,NA
"1030",999,"GCWD","GCWD.WILBOYRUN0.49","10/13/2010","12:00:00","TDS.1","M1",5379,"CMC","NTWQM",2010-10-13 12:00:00,0.1,"ISM","1","Water",NA,20,"MG/L",NA,NA,NA,NA,2,NA,1,1,"S","PARTNTID",NA,NA
"1031",999,"GCWD","GCWD.EASFORSINCRE11.03","10/13/2010","12:00:00","TDS.1","M1",4860,"CMC","NTWQM",2010-10-13 12:00:00,0.1,"ISM","1","Water",NA,20,"MG/L",NA,NA,NA,NA,2,NA,1,1,"S","PARTNTID",NA,NA
"1032",999,"GCWD","GCWD.WILBOYRUN0.49","10/24/2010","12:00:00","TDS.1","M1",5380,"CMC","NTWQM",2010-10-24 12:00:00,0.1,"ISM","1","Water",NA,20,"MG/L",NA,NA,NA,NA,2,NA,1,1,"S","PARTNTID",NA,NA
"1033",999,"GCWD","GCWD.EASFORSINCRE11.03","10/24/2010","12:00:00","TDS.1","M1",4861,"CMC","NTWQM",2010-10-24 12:00:00,0.1,"ISM","1","Water",NA,30,"MG/L",NA,NA,NA,NA,2,NA,1,1,"S","PARTNTID",NA,NA
"1034",999,"ALLARM","ALLARM.LT1","06/10/2010","12:00:00","TDS.1","M1",2902,"CMC","NTWQM",2010-06-10 12:00:00,0.1,"ISM","1","Water",NA,320,"MG/L",NA,NA,NA,NA,2,NA,1,1,"S","PARTNTID",NA,NA
"1035",999,"GCWD","GCWD.EASFORSINCRE11.03","11/01/2010","12:00:00","TDS.1","M1",4862,"CMC","NTWQM",2010-11-01 12:00:00,0.1,"ISM","1","Water",NA,20,"MG/L",NA,NA,NA,NA,2,NA,1,1,"S","PARTNTID",NA,NA
"1036",999,"GCWD","GCWD.WILBOYRUN0.49","11/09/2010","12:00:00","TDS.1","M1",5382,"CMC","NTWQM",2010-11-09 12:00:00,0.1,"ISM","1","Water",NA,20,"MG/L",NA,NA,NA,NA,2,NA,1,1,"S","PARTNTID",NA,NA
"1037",999,"GCWD","GCWD.EASFORSINCRE11.03","11/09/2010","12:00:00","TDS.1","M1",4863,"CMC","NTWQM",2010-11-09 12:00:00,0.1,"ISM","1","Water",NA,30,"MG/L",NA,NA,NA,NA,2,NA,1,1,"S","PARTNTID",NA,NA
"1038",999,"GCWD","GCWD.WILBOYRUN0.49","11/18/2010","12:00:00","TDS.1","M1",5383,"CMC","NTWQM",2010-11-18 12:00:00,0.1,"ISM","1","Water",NA,20,"MG/L",NA,NA,NA,NA,2,NA,1,1,"S","PARTNTID",NA,NA
"1039",999,"GCWD","GCWD.EASFORSINCRE11.03","11/18/2010","12:00:00","TDS.1","M1",4864,"CMC","NTWQM",2010-11-18 12:00:00,0.1,"ISM","1","Water",NA,20,"MG/L",NA,NA,NA,NA,2,NA,1,1,"S","PARTNTID",NA,NA
"1040",999,"ALLARM","ALLARM.LT1","07/10/2010","12:00:00","TDS.1","M1",2915,"CMC","NTWQM",2010-07-10 12:00:00,0.1,"ISM","1","Water",NA,280,"MG/L",NA,NA,NA,NA,2,NA,1,1,"S","PARTNTID",NA,NA
"1041",999,"GCWD","GCWD.EASFORSINCRE11.03","11/25/2010","12:00:00","TDS.1","M1",4865,"CMC","NTWQM",2010-11-25 12:00:00,0.1,"ISM","1","Water",NA,20,"MG/L",NA,NA,NA,NA,2,NA,1,1,"S","PARTNTID",NA,NA
"1042",999,"GCWD","GCWD.WILBOYRUN0.49","12/15/2010","12:00:00","TDS.1","M1",5385,"CMC","NTWQM",2010-12-15 12:00:00,0.1,"ISM","1","Water",NA,20,"MG/L",NA,NA,NA,NA,2,NA,1,1,"S","PARTNTID",NA,NA
"1043",999,"GCWD","GCWD.EASFORSINCRE11.03","12/15/2010","12:00:00","TDS.1","M1",4866,"CMC","NTWQM",2010-12-15 12:00:00,0.1,"ISM","1","Water",NA,20,"MG/L",NA,NA,NA,NA,2,NA,1,1,"S","PARTNTID",NA,NA
"1044",999,"GCWD","GCWD.WILBOYRUN0.49","12/31/2010","12:00:00","TDS.1","M1",5386,"CMC","NTWQM",2010-12-31 12:00:00,0.1,"ISM","1","Water",NA,20,"MG/L",NA,NA,NA,NA,2,NA,1,1,"S","PARTNTID",NA,NA
"1045",999,"ALLARM","ALLARM.MG2","05/11/2010","12:00:00","TDS.1","M1",2900,"CMC","NTWQM",2010-05-11 12:00:00,0.1,"ISM","1","Water",NA,410,"MG/L",NA,NA,NA,NA,2,NA,1,1,"S","PARTNTID",NA,NA
"1046",999,"ALLARM","ALLARM.LT1","08/24/2010","12:00:00","TDS.1","M1",2928,"CMC","NTWQM",2010-08-24 12:00:00,0.1,"ISM","1","Water",NA,290,"MG/L",NA,NA,NA,NA,2,NA,1,1,"S","PARTNTID",NA,NA
"1047",999,"GCWD","GCWD.EASFORSINCRE12.53","07/18/2010","12:00:00","TDS.1","M1",4882,"CMC","NTWQM",2010-07-18 12:00:00,0.1,"ISM","1","Water",NA,50,"MG/L",NA,NA,NA,NA,2,NA,1,1,"S","PARTNTID",NA,NA
"1048",999,"GCWD","GCWD.BIGMOORUN3.70","11/04/2010","12:00:00","TDS.1","M1",4682,"CMC","NTWQM",2010-11-04 12:00:00,0.1,"ISM","1","Water",NA,40,"MG/L",NA,NA,NA,NA,2,NA,1,1,"S","PARTNTID",NA,NA
"1049",999,"ALLARM","ALLARM.MG2","06/10/2010","12:00:00","TDS.1","M1",2913,"CMC","NTWQM",2010-06-10 12:00:00,0.1,"ISM","1","Water",NA,490,"MG/L",NA,NA,NA,NA,2,NA,1,1,"S","PARTNTID",NA,NA
"1050",999,"GCWD","GCWD.BIGMOORUN3.70","11/11/2010","12:00:00","TDS.1","M1",4683,"CMC","NTWQM",2010-11-11 12:00:00,0.1,"ISM","1","Water",NA,40,"MG/L",NA,NA,NA,NA,2,NA,1,1,"S","PARTNTID",NA,NA
"1051",999,"GCWD","GCWD.EASFORSINCRE12.53","07/29/2010","12:00:00","TDS.1","M1",4884,"CMC","NTWQM",2010-07-29 12:00:00,0.1,"ISM","1","Water",NA,40,"MG/L",NA,NA,NA,NA,2,NA,1,1,"S","PARTNTID",NA,NA
"1052",999,"ALLARM","ALLARM.LT1","09/28/2010","12:00:00","TDS.1","M1",2941,"CMC","NTWQM",2010-09-28 12:00:00,0.1,"ISM","1","Water",NA,270,"MG/L",NA,NA,NA,NA,2,NA,1,1,"S","PARTNTID",NA,NA
"1053",999,"GCWD","GCWD.EASFORSINCRE12.53","08/11/2010","12:00:00","TDS.1","M1",4885,"CMC","NTWQM",2010-08-11 12:00:00,0.1,"ISM","1","Water",NA,40,"MG/L",NA,NA,NA,NA,2,NA,1,1,"S","PARTNTID",NA,NA
"1054",999,"ALLARM","ALLARM.LT2","07/10/2010","12:00:00","TDS.1","M1",2916,"CMC","NTWQM",2010-07-10 12:00:00,0.1,"ISM","1","Water",NA,250,"MG/L",NA,NA,NA,NA,2,NA,1,1,"S","PARTNTID",NA,NA
"1055",999,"ALLARM","ALLARM.MG2","07/10/2010","12:00:00","TDS.1","M1",2926,"CMC","NTWQM",2010-07-10 12:00:00,0.1,"ISM","1","Water",NA,330,"MG/L",NA,NA,NA,NA,2,NA,1,1,"S","PARTNTID",NA,NA
"1056",999,"GCWD","GCWD.BIGMOORUN3.70","12/15/2010","12:00:00","TDS.1","M1",4686,"CMC","NTWQM",2010-12-15 12:00:00,0.1,"ISM","1","Water",NA,30,"MG/L",NA,NA,NA,NA,2,NA,1,1,"S","PARTNTID",NA,NA
"1057",999,"ALLARM","ALLARM.LT6","02/19/2010","12:00:00","TDS.1","M1",2855,"CMC","NTWQM",2010-02-19 12:00:00,0.1,"ISM","1","Water",NA,290,"MG/L",NA,NA,NA,NA,2,NA,1,1,"S","PARTNTID",NA,NA
"1058",999,"ALLARM","ALLARM.LT1","10/10/2010","12:00:00","TDS.1","M1",2954,"CMC","NTWQM",2010-10-10 12:00:00,0.1,"ISM","1","Water",NA,290,"MG/L",NA,NA,NA,NA,2,NA,1,1,"S","PARTNTID",NA,NA
"1059",999,"GCWD","GCWD.EASFORSINCRE12.53","08/30/2010","12:00:00","TDS.1","M1",4888,"CMC","NTWQM",2010-08-30 12:00:00,0.1,"ISM","1","Water",NA,50,"MG/L",NA,NA,NA,NA,2,NA,1,1,"S","PARTNTID",NA,NA
"1060",999,"ALLARM","ALLARM.LT2","08/24/2010","12:00:00","TDS.1","M1",2929,"CMC","NTWQM",2010-08-24 12:00:00,0.1,"ISM","1","Water",NA,270,"MG/L",NA,NA,NA,NA,2,NA,1,1,"S","PARTNTID",NA,NA
"1061",999,"ALLARM","ALLARM.MG2","08/24/2010","12:00:00","TDS.1","M1",2939,"CMC","NTWQM",2010-08-24 12:00:00,0.1,"ISM","1","Water",NA,440,"MG/L",NA,NA,NA,NA,2,NA,1,1,"S","PARTNTID",NA,NA
"1062",999,"ALLARM","ALLARM.LT6","03/12/2010","12:00:00","TDS.1","M1",2868,"CMC","NTWQM",2010-03-12 12:00:00,0.1,"ISM","1","Water",NA,300,"MG/L",NA,NA,NA,NA,2,NA,1,1,"S","PARTNTID",NA,NA
"1063",999,"GCWD","GCWD.EASFORSINCRE12.53","09/24/2010","12:00:00","TDS.1","M1",4890,"CMC","NTWQM",2010-09-24 12:00:00,0.1,"ISM","1","Water",NA,40,"MG/L",NA,NA,NA,NA,2,NA,1,1,"S","PARTNTID",NA,NA
"1064",999,"ALLARM","ALLARM.LT1","11/16/2010","12:00:00","TDS.1","M1",2967,"CMC","NTWQM",2010-11-16 12:00:00,0.1,"ISM","1","Water",NA,190,"MG/L",NA,NA,NA,NA,2,NA,1,1,"S","PARTNTID",NA,NA
"1065",999,"GCWD","GCWD.EASFORSINCRE12.53","09/30/2010","12:00:00","TDS.1","M1",4891,"CMC","NTWQM",2010-09-30 12:00:00,0.1,"ISM","1","Water",NA,40,"MG/L",NA,NA,NA,NA,2,NA,1,1,"S","PARTNTID",NA,NA
"1066",999,"ALLARM","ALLARM.LT2","09/28/2010","12:00:00","TDS.1","M1",2942,"CMC","NTWQM",2010-09-28 12:00:00,0.1,"ISM","1","Water",NA,250,"MG/L",NA,NA,NA,NA,2,NA,1,1,"S","PARTNTID",NA,NA
"1067",999,"ALLARM","ALLARM.MG2","09/28/2010","12:00:00","TDS.1","M1",2952,"CMC","NTWQM",2010-09-28 12:00:00,0.1,"ISM","1","Water",NA,130,"MG/L",NA,NA,NA,NA,2,NA,1,1,"S","PARTNTID",NA,NA
"1068",999,"ALLARM","ALLARM.LT6","04/11/2010","12:00:00","TDS.1","M1",2881,"CMC","NTWQM",2010-04-11 12:00:00,0.1,"ISM","1","Water",NA,290,"MG/L",NA,NA,NA,NA,2,NA,1,1,"S","PARTNTID",NA,NA
"1069",999,"GCWD","GCWD.EASFORSINCRE12.53","10/13/2010","12:00:00","TDS.1","M1",4893,"CMC","NTWQM",2010-10-13 12:00:00,0.1,"ISM","1","Water",NA,20,"MG/L",NA,NA,NA,NA,2,NA,1,1,"S","PARTNTID",NA,NA
"1070",999,"ALLARM","ALLARM.LT1","12/07/2010","12:00:00","TDS.1","M1",2980,"CMC","NTWQM",2010-12-07 12:00:00,0.1,"ISM","1","Water",NA,290,"MG/L",NA,NA,NA,NA,2,NA,1,1,"S","PARTNTID",NA,NA
"1071",999,"GCWD","GCWD.EASFORSINCRE12.53","10/24/2010","12:00:00","TDS.1","M1",4894,"CMC","NTWQM",2010-10-24 12:00:00,0.1,"ISM","1","Water",NA,20,"MG/L",NA,NA,NA,NA,2,NA,1,1,"S","PARTNTID",NA,NA
"1072",999,"ALLARM","ALLARM.LT2","10/10/2010","12:00:00","TDS.1","M1",2955,"CMC","NTWQM",2010-10-10 12:00:00,0.1,"ISM","1","Water",NA,270,"MG/L",NA,NA,NA,NA,2,NA,1,1,"S","PARTNTID",NA,NA
"1073",999,"ALLARM","ALLARM.LT6","05/11/2010","12:00:00","TDS.1","M1",2894,"CMC","NTWQM",2010-05-11 12:00:00,0.1,"ISM","1","Water",NA,250,"MG/L",NA,NA,NA,NA,2,NA,1,1,"S","PARTNTID",NA,NA
"1074",999,"ALLARM","ALLARM.LT8","03/12/2010","12:00:00","TDS.1","M1",2870,"CMC","NTWQM",2010-03-12 12:00:00,0.1,"ISM","1","Water",NA,310,"MG/L",NA,NA,NA,NA,2,NA,1,1,"S","PARTNTID",NA,NA
"1075",999,"ALLARM","ALLARM.LT10","01/27/2010","12:00:00","TDS.1","M1",2846,"CMC","NTWQM",2010-01-27 12:00:00,0.1,"ISM","1","Water",NA,390,"MG/L",NA,NA,NA,NA,2,NA,1,1,"S","PARTNTID",NA,NA
"1076",999,"GCWD","GCWD.EASFORSINCRE12.53","11/09/2010","12:00:00","TDS.1","M1",4896,"CMC","NTWQM",2010-11-09 12:00:00,0.1,"ISM","1","Water",NA,30,"MG/L",NA,NA,NA,NA,2,NA,1,1,"S","PARTNTID",NA,NA
"1077",999,"ALLARM","ALLARM.LT6","06/10/2010","12:00:00","TDS.1","M1",2907,"CMC","NTWQM",2010-06-10 12:00:00,0.1,"ISM","1","Water",NA,310,"MG/L",NA,NA,NA,NA,2,NA,1,1,"S","PARTNTID",NA,NA
"1078",999,"ALLARM","ALLARM.LT2","11/16/2010","12:00:00","TDS.1","M1",2968,"CMC","NTWQM",2010-11-16 12:00:00,0.1,"ISM","1","Water",NA,210,"MG/L",NA,NA,NA,NA,2,NA,1,1,"S","PARTNTID",NA,NA
"1079",999,"ALLARM","ALLARM.MG2","11/16/2010","12:00:00","TDS.1","M1",2978,"CMC","NTWQM",2010-11-16 12:00:00,0.1,"ISM","1","Water",NA,70,"MG/L",NA,NA,NA,NA,2,NA,1,1,"S","PARTNTID",NA,NA
"1080",999,"ALLARM","ALLARM.LT8","04/11/2010","12:00:00","TDS.1","M1",2883,"CMC","NTWQM",2010-04-11 12:00:00,0.1,"ISM","1","Water",NA,310,"MG/L",NA,NA,NA,NA,2,NA,1,1,"S","PARTNTID",NA,NA
"1081",999,"ALLARM","ALLARM.LT10","02/19/2010","12:00:00","TDS.1","M1",2859,"CMC","NTWQM",2010-02-19 12:00:00,0.1,"ISM","1","Water",NA,400,"MG/L",NA,NA,NA,NA,2,NA,1,1,"S","PARTNTID",NA,NA
"1082",999,"GCWD","GCWD.EASFORSINCRE12.53","11/25/2010","12:00:00","TDS.1","M1",4899,"CMC","NTWQM",2010-11-25 12:00:00,0.1,"ISM","1","Water",NA,20,"MG/L",NA,NA,NA,NA,2,NA,1,1,"S","PARTNTID",NA,NA
"1083",999,"ALLARM","ALLARM.LT6","07/10/2010","12:00:00","TDS.1","M1",2920,"CMC","NTWQM",2010-07-10 12:00:00,0.1,"ISM","1","Water",NA,260,"MG/L",NA,NA,NA,NA,2,NA,1,1,"S","PARTNTID",NA,NA
"1084",999,"ALLARM","ALLARM.LT2","12/07/2010","12:00:00","TDS.1","M1",2981,"CMC","NTWQM",2010-12-07 12:00:00,0.1,"ISM","1","Water",NA,270,"MG/L",NA,NA,NA,NA,2,NA,1,1,"S","PARTNTID",NA,NA
"1085",999,"ALLARM","ALLARM.MG2","12/07/2010","12:00:00","TDS.1","M1",2991,"CMC","NTWQM",2010-12-07 12:00:00,0.1,"ISM","1","Water",NA,230,"MG/L",NA,NA,NA,NA,2,NA,1,1,"S","PARTNTID",NA,NA
"1086",999,"GCWD","GCWD.EASFORSINCRE12.53","12/31/2010","12:00:00","TDS.1","M1",4901,"CMC","NTWQM",2010-12-31 12:00:00,0.1,"ISM","1","Water",NA,20,"MG/L",NA,NA,NA,NA,2,NA,1,1,"S","PARTNTID",NA,NA
"1087",999,"ALLARM","ALLARM.LT10","03/12/2010","12:00:00","TDS.1","M1",2872,"CMC","NTWQM",2010-03-12 12:00:00,0.1,"ISM","1","Water",NA,380,"MG/L",NA,NA,NA,NA,2,NA,1,1,"S","PARTNTID",NA,NA
"1088",999,"GCWD","GCWD.PRORUN2.55","07/18/2010","12:00:00","TDS.1","M1",5223,"CMC","NTWQM",2010-07-18 12:00:00,0.1,"ISM","1","Water",NA,60,"MG/L",NA,NA,NA,NA,2,NA,1,1,"S","PARTNTID",NA,NA
"1089",999,"ALLARM","ALLARM.LT6","08/24/2010","12:00:00","TDS.1","M1",2933,"CMC","NTWQM",2010-08-24 12:00:00,0.1,"ISM","1","Water",NA,290,"MG/L",NA,NA,NA,NA,2,NA,1,1,"S","PARTNTID",NA,NA
"1090",999,"ALLARM","ALLARM.LT4","10/10/2010","12:00:00","TDS.1","M1",2957,"CMC","NTWQM",2010-10-10 12:00:00,0.1,"ISM","1","Water",NA,290,"MG/L",NA,NA,NA,NA,2,NA,1,1,"S","PARTNTID",NA,NA
"1091",999,"ALLARM","ALLARM.WL","01/27/2010","12:00:00","TDS.1","M1",2849,"CMC","NTWQM",2010-01-27 12:00:00,0.1,"ISM","1","Water",NA,480,"MG/L",NA,NA,NA,NA,2,NA,1,1,"S","PARTNTID",NA,NA
"1092",999,"GCWD","GCWD.PRORUN2.55","07/29/2010","12:00:00","TDS.1","M1",5225,"CMC","NTWQM",2010-07-29 12:00:00,0.1,"ISM","1","Water",NA,50,"MG/L",NA,NA,NA,NA,2,NA,1,1,"S","PARTNTID",NA,NA
"1093",999,"ALLARM","ALLARM.LT10","04/11/2010","12:00:00","TDS.1","M1",2885,"CMC","NTWQM",2010-04-11 12:00:00,0.1,"ISM","1","Water",NA,360,"MG/L",NA,NA,NA,NA,2,NA,1,1,"S","PARTNTID",NA,NA
"1094",999,"ALLARM","ALLARM.LT8","07/10/2010","12:00:00","TDS.1","M1",2922,"CMC","NTWQM",2010-07-10 12:00:00,0.1,"ISM","1","Water",NA,280,"MG/L",NA,NA,NA,NA,2,NA,1,1,"S","PARTNTID",NA,NA
"1095",999,"ALLARM","ALLARM.LT6","09/28/2010","12:00:00","TDS.1","M1",2946,"CMC","NTWQM",2010-09-28 12:00:00,0.1,"ISM","1","Water",NA,270,"MG/L",NA,NA,NA,NA,2,NA,1,1,"S","PARTNTID",NA,NA
"1096",999,"ALLARM","ALLARM.LT4","11/16/2010","12:00:00","TDS.1","M1",2970,"CMC","NTWQM",2010-11-16 12:00:00,0.1,"ISM","1","Water",NA,210,"MG/L",NA,NA,NA,NA,2,NA,1,1,"S","PARTNTID",NA,NA
"1097",999,"ALLARM","ALLARM.WL","02/19/2010","12:00:00","TDS.1","M1",2862,"CMC","NTWQM",2010-02-19 12:00:00,0.1,"ISM","1","Water",NA,460,"MG/L",NA,NA,NA,NA,2,NA,1,1,"S","PARTNTID",NA,NA
"1098",999,"ALLARM","ALLARM.LT10","05/11/2010","12:00:00","TDS.1","M1",2898,"CMC","NTWQM",2010-05-11 12:00:00,0.1,"ISM","1","Water",NA,360,"MG/L",NA,NA,NA,NA,2,NA,1,1,"S","PARTNTID",NA,NA
"1099",999,"GCWD","GCWD.PRORUN2.55","08/30/2010","12:00:00","TDS.1","M1",5229,"CMC","NTWQM",2010-08-30 12:00:00,0.1,"ISM","1","Water",NA,60,"MG/L",NA,NA,NA,NA,2,NA,1,1,"S","PARTNTID",NA,NA
"1100",999,"ALLARM","ALLARM.LT8","08/24/2010","12:00:00","TDS.1","M1",2935,"CMC","NTWQM",2010-08-24 12:00:00,0.1,"ISM","1","Water",NA,310,"MG/L",NA,NA,NA,NA,2,NA,1,1,"S","PARTNTID",NA,NA
"1101",999,"ALLARM","ALLARM.LT6","10/10/2010","12:00:00","TDS.1","M1",2959,"CMC","NTWQM",2010-10-10 12:00:00,0.1,"ISM","1","Water",NA,270,"MG/L",NA,NA,NA,NA,2,NA,1,1,"S","PARTNTID",NA,NA
"1102",999,"ALLARM","ALLARM.LT10","06/10/2010","12:00:00","TDS.1","M1",2911,"CMC","NTWQM",2010-06-10 12:00:00,0.1,"ISM","1","Water",NA,370,"MG/L",NA,NA,NA,NA,2,NA,1,1,"S","PARTNTID",NA,NA
"1103",999,"GCWD","GCWD.PRORUN2.55","09/15/2010","12:00:00","TDS.1","M1",5231,"CMC","NTWQM",2010-09-15 12:00:00,0.1,"ISM","1","Water",NA,50,"MG/L",NA,NA,NA,NA,2,NA,1,1,"S","PARTNTID",NA,NA
"1104",999,"GCWD","GCWD.EASFORSINCRE10.25","09/10/2010","12:00:00","TDS.1","M1",4819,"CMC","NTWQM",2010-09-10 12:00:00,0.1,"ISM","1","Water",NA,50,"MG/L",NA,NA,NA,NA,2,NA,1,1,"S","PARTNTID",NA,NA
"1105",999,"GCWD","GCWD.PRORUN2.55","09/24/2010","12:00:00","TDS.1","M1",5232,"CMC","NTWQM",2010-09-24 12:00:00,0.1,"ISM","1","Water",NA,50,"MG/L",NA,NA,NA,NA,2,NA,1,1,"S","PARTNTID",NA,NA
"1106",999,"ALLARM","ALLARM.LT8","09/28/2010","12:00:00","TDS.1","M1",2948,"CMC","NTWQM",2010-09-28 12:00:00,0.1,"ISM","1","Water",NA,260,"MG/L",NA,NA,NA,NA,2,NA,1,1,"S","PARTNTID",NA,NA
"1107",999,"ALLARM","ALLARM.LT6","11/16/2010","12:00:00","TDS.1","M1",2972,"CMC","NTWQM",2010-11-16 12:00:00,0.1,"ISM","1","Water",NA,130,"MG/L",NA,NA,NA,NA,2,NA,1,1,"S","PARTNTID",NA,NA
"1108",999,"ALLARM","ALLARM.LT10","07/10/2010","12:00:00","TDS.1","M1",2924,"CMC","NTWQM",2010-07-10 12:00:00,0.1,"ISM","1","Water",NA,320,"MG/L",NA,NA,NA,NA,2,NA,1,1,"S","PARTNTID",NA,NA
"1109",999,"GCWD","GCWD.PRORUN2.55","10/06/2010","12:00:00","TDS.1","M1",5234,"CMC","NTWQM",2010-10-06 12:00:00,0.1,"ISM","1","Water",NA,30,"MG/L",NA,NA,NA,NA,2,NA,1,1,"S","PARTNTID",NA,NA
"1110",999,"GCWD","GCWD.EASFORSINCRE10.25","09/30/2010","12:00:00","TDS.1","M1",4822,"CMC","NTWQM",2010-09-30 12:00:00,0.1,"ISM","1","Water",NA,40,"MG/L",NA,NA,NA,NA,2,NA,1,1,"S","PARTNTID",NA,NA
"1111",999,"GCWD","GCWD.PRORUN2.55","10/13/2010","12:00:00","TDS.1","M1",5235,"CMC","NTWQM",2010-10-13 12:00:00,0.1,"ISM","1","Water",NA,30,"MG/L",NA,NA,NA,NA,2,NA,1,1,"S","PARTNTID",NA,NA
"1112",999,"ALLARM","ALLARM.LT8","10/10/2010","12:00:00","TDS.1","M1",2961,"CMC","NTWQM",2010-10-10 12:00:00,0.1,"ISM","1","Water",NA,310,"MG/L",NA,NA,NA,NA,2,NA,1,1,"S","PARTNTID",NA,NA
"1113",999,"ALLARM","ALLARM.LT6","12/07/2010","12:00:00","TDS.1","M1",2985,"CMC","NTWQM",2010-12-07 12:00:00,0.1,"ISM","1","Water",NA,290,"MG/L",NA,NA,NA,NA,2,NA,1,1,"S","PARTNTID",NA,NA
"1114",999,"ALLARM","ALLARM.LT10","08/24/2010","12:00:00","TDS.1","M1",2937,"CMC","NTWQM",2010-08-24 12:00:00,0.1,"ISM","1","Water",NA,340,"MG/L",NA,NA,NA,NA,2,NA,1,1,"S","PARTNTID",NA,NA
"1115",999,"GCWD","GCWD.PRORUN2.55","11/01/2010","12:00:00","TDS.1","M1",5237,"CMC","NTWQM",2010-11-01 12:00:00,0.1,"ISM","1","Water",NA,30,"MG/L",NA,NA,NA,NA,2,NA,1,1,"S","PARTNTID",NA,NA
"1116",999,"GCWD","GCWD.EASFORSINCRE10.25","10/24/2010","12:00:00","TDS.1","M1",4825,"CMC","NTWQM",2010-10-24 12:00:00,0.1,"ISM","1","Water",NA,30,"MG/L",NA,NA,NA,NA,2,NA,1,1,"S","PARTNTID",NA,NA
"1117",999,"GCWD","GCWD.PRORUN2.55","11/13/2010","12:00:00","TDS.1","M1",5238,"CMC","NTWQM",2010-11-13 12:00:00,0.1,"ISM","1","Water",NA,30,"MG/L",NA,NA,NA,NA,2,NA,1,1,"S","PARTNTID",NA,NA
"1118",999,"ALLARM","ALLARM.LT7","01/27/2010","12:00:00","TDS.1","M1",2843,"CMC","NTWQM",2010-01-27 12:00:00,0.1,"ISM","1","Water",NA,350,"MG/L",NA,NA,NA,NA,2,NA,1,1,"S","PARTNTID",NA,NA
"1119",999,"GCWD","GCWD.PRORUN2.55","11/18/2010","12:00:00","TDS.1","M1",5239,"CMC","NTWQM",2010-11-18 12:00:00,0.1,"ISM","1","Water",NA,30,"MG/L",NA,NA,NA,NA,2,NA,1,1,"S","PARTNTID",NA,NA
"1120",999,"ALLARM","ALLARM.LT10","09/28/2010","12:00:00","TDS.1","M1",2950,"CMC","NTWQM",2010-09-28 12:00:00,0.1,"ISM","1","Water",NA,260,"MG/L",NA,NA,NA,NA,2,NA,1,1,"S","PARTNTID",NA,NA
"1121",999,"GCWD","GCWD.PRORUN2.55","11/25/2010","12:00:00","TDS.1","M1",5240,"CMC","NTWQM",2010-11-25 12:00:00,0.1,"ISM","1","Water",NA,30,"MG/L",NA,NA,NA,NA,2,NA,1,1,"S","PARTNTID",NA,NA
"1122",999,"GCWD","GCWD.EASFORSINCRE10.25","11/18/2010","12:00:00","TDS.1","M1",4828,"CMC","NTWQM",2010-11-18 12:00:00,0.1,"ISM","1","Water",NA,20,"MG/L",NA,NA,NA,NA,2,NA,1,1,"S","PARTNTID",NA,NA
"1123",999,"ALLARM","ALLARM.LT7","02/19/2010","12:00:00","TDS.1","M1",2856,"CMC","NTWQM",2010-02-19 12:00:00,0.1,"ISM","1","Water",NA,330,"MG/L",NA,NA,NA,NA,2,NA,1,1,"S","PARTNTID",NA,NA
"1124",999,"ALLARM","ALLARM.WL","07/10/2010","12:00:00","TDS.1","M1",2927,"CMC","NTWQM",2010-07-10 12:00:00,0.1,"ISM","1","Water",NA,430,"MG/L",NA,NA,NA,NA,2,NA,1,1,"S","PARTNTID",NA,NA
"1125",999,"BCVM","BCVM.SATCRE3.02","07/28/2010","12:00:00","TDS.1","M1",4551,"CMC","NTWQM",2010-07-28 12:00:00,0.1,"ISM","1","Water",NA,120,"MG/L",NA,NA,NA,NA,2,NA,1,1,"S","PARTNTID",NA,NA
"1126",999,"ALLARM","ALLARM.LT10","10/10/2010","12:00:00","TDS.1","M1",2963,"CMC","NTWQM",2010-10-10 12:00:00,0.1,"ISM","1","Water",NA,370,"MG/L",NA,NA,NA,NA,2,NA,1,1,"S","PARTNTID",NA,NA
"1127",999,"GCWD","GCWD.UNTFIRFORSINCRE0.24","10/13/2010","12:00:00","TDS.1","M1",5342,"CMC","NTWQM",2010-10-13 12:00:00,0.1,"ISM","1","Water",NA,30,"MG/L",NA,NA,NA,NA,2,NA,1,1,"S","PARTNTID",NA,NA
"1128",999,"ALLARM","ALLARM.LT7","10/10/2010","12:00:00","TDS.1","M1",2960,"CMC","NTWQM",2010-10-10 12:00:00,0.1,"ISM","1","Water",NA,300,"MG/L",NA,NA,NA,NA,2,NA,1,1,"S","PARTNTID",NA,NA
"1129",999,"ALLARM","ALLARM.LT9","01/27/2010","12:00:00","TDS.1","M1",2845,"CMC","NTWQM",2010-01-27 12:00:00,0.1,"ISM","1","Water",NA,370,"MG/L",NA,NA,NA,NA,2,NA,1,1,"S","PARTNTID",NA,NA
"1130",999,"ALLARM","ALLARM.WL","08/24/2010","12:00:00","TDS.1","M1",2940,"CMC","NTWQM",2010-08-24 12:00:00,0.1,"ISM","1","Water",NA,430,"MG/L",NA,NA,NA,NA,2,NA,1,1,"S","PARTNTID",NA,NA
"1131",999,"BCVM","BCVM.SATCRE3.02","08/25/2010","12:00:00","TDS.1","M1",4554,"CMC","NTWQM",2010-08-25 12:00:00,0.1,"ISM","1","Water",NA,120,"MG/L",NA,NA,NA,NA,2,NA,1,1,"S","PARTNTID",NA,NA
"1132",999,"ALLARM","ALLARM.LT10","11/16/2010","12:00:00","TDS.1","M1",2976,"CMC","NTWQM",2010-11-16 12:00:00,0.1,"ISM","1","Water",NA,240,"MG/L",NA,NA,NA,NA,2,NA,1,1,"S","PARTNTID",NA,NA
"1133",999,"GCWD","GCWD.UNTFIRFORSINCRE0.24","11/09/2010","12:00:00","TDS.1","M1",5345,"CMC","NTWQM",2010-11-09 12:00:00,0.1,"ISM","1","Water",NA,30,"MG/L",NA,NA,NA,NA,2,NA,1,1,"S","PARTNTID",NA,NA
"1134",999,"GCWD","GCWD.EASFORSINCRE11.03","07/29/2010","12:00:00","TDS.1","M1",4850,"CMC","NTWQM",2010-07-29 12:00:00,0.1,"ISM","1","Water",NA,40,"MG/L",NA,NA,NA,NA,2,NA,1,1,"S","PARTNTID",NA,NA
"1135",999,"ALLARM","ALLARM.LT9","02/19/2010","12:00:00","TDS.1","M1",2858,"CMC","NTWQM",2010-02-19 12:00:00,0.1,"ISM","1","Water",NA,340,"MG/L",NA,NA,NA,NA,2,NA,1,1,"S","PARTNTID",NA,NA
"1136",999,"ALLARM","ALLARM.WL","09/28/2010","12:00:00","TDS.1","M1",2953,"CMC","NTWQM",2010-09-28 12:00:00,0.1,"ISM","1","Water",NA,130,"MG/L",NA,NA,NA,NA,2,NA,1,1,"S","PARTNTID",NA,NA
"1137",999,"GCWD","GCWD.UNTFIRFORSINCRE0.24","11/25/2010","12:00:00","TDS.1","M1",5347,"CMC","NTWQM",2010-11-25 12:00:00,0.1,"ISM","1","Water",NA,30,"MG/L",NA,NA,NA,NA,2,NA,1,1,"S","PARTNTID",NA,NA
"1138",999,"ALLARM","ALLARM.LT10","12/07/2010","12:00:00","TDS.1","M1",2989,"CMC","NTWQM",2010-12-07 12:00:00,0.1,"ISM","1","Water",NA,240,"MG/L",NA,NA,NA,NA,2,NA,1,1,"S","PARTNTID",NA,NA
"1139",999,"GCWD","GCWD.UNTFIRFORSINCRE0.24","12/15/2010","12:00:00","TDS.1","M1",5348,"CMC","NTWQM",2010-12-15 12:00:00,0.1,"ISM","1","Water",NA,30,"MG/L",NA,NA,NA,NA,2,NA,1,1,"S","PARTNTID",NA,NA
"1140",999,"ALLARM","ALLARM.LT7","05/11/2010","12:00:00","TDS.1","M1",2895,"CMC","NTWQM",2010-05-11 12:00:00,0.1,"ISM","1","Water",NA,270,"MG/L",NA,NA,NA,NA,2,NA,1,1,"S","PARTNTID",NA,NA
"1141",999,"BCVM","BCVM.SATCRE3.02","09/29/2010","12:00:00","TDS.1","M1",4559,"CMC","NTWQM",2010-09-29 12:00:00,0.1,"ISM","1","Water",NA,130,"MG/L",NA,NA,NA,NA,2,NA,1,1,"S","PARTNTID",NA,NA
"1142",999,"ALLARM","ALLARM.WL","10/10/2010","12:00:00","TDS.1","M1",2966,"CMC","NTWQM",2010-10-10 12:00:00,0.1,"ISM","1","Water",NA,390,"MG/L",NA,NA,NA,NA,2,NA,1,1,"S","PARTNTID",NA,NA
"1143",999,"ALLARM","ALLARM.LT2","01/27/2010","12:00:00","TDS.1","M1",2838,"CMC","NTWQM",2010-01-27 12:00:00,0.1,"ISM","1","Water",NA,300,"MG/L",NA,NA,NA,NA,2,NA,1,1,"S","PARTNTID",NA,NA
"1144",999,"ALLARM","ALLARM.LT7","06/10/2010","12:00:00","TDS.1","M1",2908,"CMC","NTWQM",2010-06-10 12:00:00,0.1,"ISM","1","Water",NA,340,"MG/L",NA,NA,NA,NA,2,NA,1,1,"S","PARTNTID",NA,NA
"1145",999,"GCWD","GCWD.WILBOYRUN0.49","09/24/2010","12:00:00","TDS.1","M1",5376,"CMC","NTWQM",2010-09-24 12:00:00,0.1,"ISM","1","Water",NA,30,"MG/L",NA,NA,NA,NA,2,NA,1,1,"S","PARTNTID",NA,NA
"1146",999,"ALLARM","ALLARM.LT9","04/11/2010","12:00:00","TDS.1","M1",2884,"CMC","NTWQM",2010-04-11 12:00:00,0.1,"ISM","1","Water",NA,320,"MG/L",NA,NA,NA,NA,2,NA,1,1,"S","PARTNTID",NA,NA
"1147",999,"BCVM","BCVM.SATCRE3.02","11/03/2010","12:00:00","TDS.1","M1",4562,"CMC","NTWQM",2010-11-03 12:00:00,0.1,"ISM","1","Water",NA,120,"MG/L",NA,NA,NA,NA,2,NA,1,1,"S","PARTNTID",NA,NA
"1148",999,"ALLARM","ALLARM.LT2","02/19/2010","12:00:00","TDS.1","M1",2851,"CMC","NTWQM",2010-02-19 12:00:00,0.1,"ISM","1","Water",NA,250,"MG/L",NA,NA,NA,NA,2,NA,1,1,"S","PARTNTID",NA,NA
"1149",999,"GCWD","GCWD.WILBOYRUN0.49","10/06/2010","12:00:00","TDS.1","M1",5378,"CMC","NTWQM",2010-10-06 12:00:00,0.1,"ISM","1","Water",NA,20,"MG/L",NA,NA,NA,NA,2,NA,1,1,"S","PARTNTID",NA,NA
"1150",999,"ALLARM","ALLARM.LT7","07/10/2010","12:00:00","TDS.1","M1",2921,"CMC","NTWQM",2010-07-10 12:00:00,0.1,"ISM","1","Water",NA,310,"MG/L",NA,NA,NA,NA,2,NA,1,1,"S","PARTNTID",NA,NA
"1151",999,"ALLARM","ALLARM.LT9","05/11/2010","12:00:00","TDS.1","M1",2897,"CMC","NTWQM",2010-05-11 12:00:00,0.1,"ISM","1","Water",NA,310,"MG/L",NA,NA,NA,NA,2,NA,1,1,"S","PARTNTID",NA,NA
"1152",999,"BCVM","BCVM.SATCRE3.02","11/24/2010","12:00:00","TDS.1","M1",4564,"CMC","NTWQM",2010-11-24 12:00:00,0.1,"ISM","1","Water",NA,110,"MG/L",NA,NA,NA,NA,2,NA,1,1,"S","PARTNTID",NA,NA
"1153",999,"BCVM","BCVM.SATCRE3.02","12/08/2010","12:00:00","TDS.1","M1",4565,"CMC","NTWQM",2010-12-08 12:00:00,0.1,"ISM","1","Water",NA,100,"MG/L",NA,NA,NA,NA,2,NA,1,1,"S","PARTNTID",NA,NA
"1154",999,"ALLARM","ALLARM.LT2","03/12/2010","12:00:00","TDS.1","M1",2864,"CMC","NTWQM",2010-03-12 12:00:00,0.1,"ISM","1","Water",NA,270,"MG/L",NA,NA,NA,NA,2,NA,1,1,"S","PARTNTID",NA,NA
"1155",999,"GCWD","GCWD.WILBOYRUN0.49","11/01/2010","12:00:00","TDS.1","M1",5381,"CMC","NTWQM",2010-11-01 12:00:00,0.1,"ISM","1","Water",NA,20,"MG/L",NA,NA,NA,NA,2,NA,1,1,"S","PARTNTID",NA,NA
"1156",999,"ALLARM","ALLARM.LT7","08/24/2010","12:00:00","TDS.1","M1",2934,"CMC","NTWQM",2010-08-24 12:00:00,0.1,"ISM","1","Water",NA,300,"MG/L",NA,NA,NA,NA,2,NA,1,1,"S","PARTNTID",NA,NA
"1157",999,"BCVM","BCVM.SATCRE3.02","12/22/2010","12:00:00","TDS.1","M1",4567,"CMC","NTWQM",2010-12-22 12:00:00,0.1,"ISM","1","Water",NA,100,"MG/L",NA,NA,NA,NA,2,NA,1,1,"S","PARTNTID",NA,NA
"1158",999,"GCWD","GCWD.BORBRA0.39","10/06/2010","12:00:00","TDS.1","M1",4721,"CMC","NTWQM",2010-10-06 12:00:00,0.1,"ISM","1","Water",NA,40,"MG/L",NA,NA,NA,NA,2,NA,1,1,"S","PARTNTID",NA,NA
"1159",999,"ALLARM","ALLARM.LT4","01/27/2010","12:00:00","TDS.1","M1",2840,"CMC","NTWQM",2010-01-27 12:00:00,0.1,"ISM","1","Water",NA,330,"MG/L",NA,NA,NA,NA,2,NA,1,1,"S","PARTNTID",NA,NA
"1160",999,"ALLARM","ALLARM.LT2","04/11/2010","12:00:00","TDS.1","M1",2877,"CMC","NTWQM",2010-04-11 12:00:00,0.1,"ISM","1","Water",NA,270,"MG/L",NA,NA,NA,NA,2,NA,1,1,"S","PARTNTID",NA,NA
"1161",999,"GCWD","GCWD.WILBOYRUN0.49","11/25/2010","12:00:00","TDS.1","M1",5384,"CMC","NTWQM",2010-11-25 12:00:00,0.1,"ISM","1","Water",NA,20,"MG/L",NA,NA,NA,NA,2,NA,1,1,"S","PARTNTID",NA,NA
"1162",999,"ALLARM","ALLARM.LT7","09/28/2010","12:00:00","TDS.1","M1",2947,"CMC","NTWQM",2010-09-28 12:00:00,0.1,"ISM","1","Water",NA,280,"MG/L",NA,NA,NA,NA,2,NA,1,1,"S","PARTNTID",NA,NA
"1163",999,"BCVM","BCVM.WOLCRE1.92","08/25/2010","12:00:00","TDS.1","M1",4636,"CMC","NTWQM",2010-08-25 12:00:00,0.1,"ISM","1","Water",NA,130,"MG/L",NA,NA,NA,NA,2,NA,1,1,"S","PARTNTID",NA,NA
"1164",999,"GCWD","GCWD.BORBRA0.39","11/04/2010","12:00:00","TDS.1","M1",4724,"CMC","NTWQM",2010-11-04 12:00:00,0.1,"ISM","1","Water",NA,40,"MG/L",NA,NA,NA,NA,2,NA,1,1,"S","PARTNTID",NA,NA
"1165",999,"ALLARM","ALLARM.LT4","02/19/2010","12:00:00","TDS.1","M1",2853,"CMC","NTWQM",2010-02-19 12:00:00,0.1,"ISM","1","Water",NA,340,"MG/L",NA,NA,NA,NA,2,NA,1,1,"S","PARTNTID",NA,NA
"1166",999,"ALLARM","ALLARM.LT2","05/11/2010","12:00:00","TDS.1","M1",2890,"CMC","NTWQM",2010-05-11 12:00:00,0.1,"ISM","1","Water",NA,240,"MG/L",NA,NA,NA,NA,2,NA,1,1,"S","PARTNTID",NA,NA
"1167",999,"ALLARM","ALLARM.LT9","08/24/2010","12:00:00","TDS.1","M1",2936,"CMC","NTWQM",2010-08-24 12:00:00,0.1,"ISM","1","Water",NA,310,"MG/L",NA,NA,NA,NA,2,NA,1,1,"S","PARTNTID",NA,NA
"1168",999,"ALLARM","ALLARM.MG1","03/12/2010","12:00:00","TDS.1","M1",2873,"CMC","NTWQM",2010-03-12 12:00:00,0.1,"ISM","1","Water",NA,450,"MG/L",NA,NA,NA,NA,2,NA,1,1,"S","PARTNTID",NA,NA
"1169",999,"GCWD","GCWD.BORBRA0.39","11/18/2010","12:00:00","TDS.1","M1",4726,"CMC","NTWQM",2010-11-18 12:00:00,0.1,"ISM","1","Water",NA,40,"MG/L",NA,NA,NA,NA,2,NA,1,1,"S","PARTNTID",NA,NA
"1170",999,"ALLARM","ALLARM.LT2","06/10/2010","12:00:00","TDS.1","M1",2903,"CMC","NTWQM",2010-06-10 12:00:00,0.1,"ISM","1","Water",NA,300,"MG/L",NA,NA,NA,NA,2,NA,1,1,"S","PARTNTID",NA,NA
"1171",999,"GCWD","GCWD.EASFORSINCRE12.53","07/21/2010","12:00:00","TDS.1","M1",4883,"CMC","NTWQM",2010-07-21 12:00:00,0.1,"ISM","1","Water",NA,60,"MG/L",NA,NA,NA,NA,2,NA,1,1,"S","PARTNTID",NA,NA
"1172",999,"GCWD","GCWD.BORBRA0.39","12/24/2010","12:00:00","TDS.1","M1",4728,"CMC","NTWQM",2010-12-24 12:00:00,0.1,"ISM","1","Water",NA,40,"MG/L",NA,NA,NA,NA,2,NA,1,1,"S","PARTNTID",NA,NA
"1173",999,"ALLARM","ALLARM.LT9","09/28/2010","12:00:00","TDS.1","M1",2949,"CMC","NTWQM",2010-09-28 12:00:00,0.1,"ISM","1","Water",NA,250,"MG/L",NA,NA,NA,NA,2,NA,1,1,"S","PARTNTID",NA,NA
"1174",999,"ALLARM","ALLARM.LT7","11/16/2010","12:00:00","TDS.1","M1",2973,"CMC","NTWQM",2010-11-16 12:00:00,0.1,"ISM","1","Water",NA,160,"MG/L",NA,NA,NA,NA,2,NA,1,1,"S","PARTNTID",NA,NA
"1175",999,"GCWD","GCWD.BIGMOORUN3.70","11/25/2010","12:00:00","TDS.1","M1",4685,"CMC","NTWQM",2010-11-25 12:00:00,0.1,"ISM","1","Water",NA,40,"MG/L",NA,NA,NA,NA,2,NA,1,1,"S","PARTNTID",NA,NA
"1176",999,"ALLARM","ALLARM.LT4","04/11/2010","12:00:00","TDS.1","M1",2879,"CMC","NTWQM",2010-04-11 12:00:00,0.1,"ISM","1","Water",NA,290,"MG/L",NA,NA,NA,NA,2,NA,1,1,"S","PARTNTID",NA,NA
"1177",999,"GCWD","GCWD.EASFORSINCRE12.53","08/18/2010","12:00:00","TDS.1","M1",4886,"CMC","NTWQM",2010-08-18 12:00:00,0.1,"ISM","1","Water",NA,50,"MG/L",NA,NA,NA,NA,2,NA,1,1,"S","PARTNTID",NA,NA
"1178",999,"GCWD","GCWD.EASFORSINCRE10.25","08/18/2010","12:00:00","TDS.1","M1",4816,"CMC","NTWQM",2010-08-18 12:00:00,0.1,"ISM","1","Water",NA,50,"MG/L",NA,NA,NA,NA,2,NA,1,1,"S","PARTNTID",NA,NA
"1179",999,"ALLARM","ALLARM.LT9","10/10/2010","12:00:00","TDS.1","M1",2962,"CMC","NTWQM",2010-10-10 12:00:00,0.1,"ISM","1","Water",NA,300,"MG/L",NA,NA,NA,NA,2,NA,1,1,"S","PARTNTID",NA,NA
"1180",999,"ALLARM","ALLARM.LT7","12/07/2010","12:00:00","TDS.1","M1",2986,"CMC","NTWQM",2010-12-07 12:00:00,0.1,"ISM","1","Water",NA,170,"MG/L",NA,NA,NA,NA,2,NA,1,1,"S","PARTNTID",NA,NA
"1181",999,"GCWD","GCWD.BORBRA0.39","07/21/2010","12:00:00","TDS.1","M1",4711,"CMC","NTWQM",2010-07-21 12:00:00,0.1,"ISM","1","Water",NA,80,"MG/L",NA,NA,NA,NA,2,NA,1,1,"S","PARTNTID",NA,NA
"1182",999,"ALLARM","ALLARM.LT4","05/11/2010","12:00:00","TDS.1","M1",2892,"CMC","NTWQM",2010-05-11 12:00:00,0.1,"ISM","1","Water",NA,270,"MG/L",NA,NA,NA,NA,2,NA,1,1,"S","PARTNTID",NA,NA
"1183",999,"GCWD","GCWD.BORBRA0.39","08/11/2010","12:00:00","TDS.1","M1",4713,"CMC","NTWQM",2010-08-11 12:00:00,0.1,"ISM","1","Water",NA,80,"MG/L",NA,NA,NA,NA,2,NA,1,1,"S","PARTNTID",NA,NA
"1184",999,"ALLARM","ALLARM.MG1","06/10/2010","12:00:00","TDS.1","M1",2912,"CMC","NTWQM",2010-06-10 12:00:00,0.1,"ISM","1","Water",NA,420,"MG/L",NA,NA,NA,NA,2,NA,1,1,"S","PARTNTID",NA,NA
"1185",999,"ALLARM","ALLARM.LT8","01/27/2010","12:00:00","TDS.1","M1",2844,"CMC","NTWQM",2010-01-27 12:00:00,0.1,"ISM","1","Water",NA,350,"MG/L",NA,NA,NA,NA,2,NA,1,1,"S","PARTNTID",NA,NA
"1186",999,"GCWD","GCWD.BORBRA0.39","08/18/2010","12:00:00","TDS.1","M1",4714,"CMC","NTWQM",2010-08-18 12:00:00,0.1,"ISM","1","Water",NA,80,"MG/L",NA,NA,NA,NA,2,NA,1,1,"S","PARTNTID",NA,NA
"1187",999,"ALLARM","ALLARM.LT4","06/10/2010","12:00:00","TDS.1","M1",2905,"CMC","NTWQM",2010-06-10 12:00:00,0.1,"ISM","1","Water",NA,320,"MG/L",NA,NA,NA,NA,2,NA,1,1,"S","PARTNTID",NA,NA
"1188",999,"GCWD","GCWD.BORBRA0.39","08/25/2010","12:00:00","TDS.1","M1",4715,"CMC","NTWQM",2010-08-25 12:00:00,0.1,"ISM","1","Water",NA,80,"MG/L",NA,NA,NA,NA,2,NA,1,1,"S","PARTNTID",NA,NA
"1189",999,"GCWD","GCWD.BORBRA0.39","08/30/2010","12:00:00","TDS.1","M1",4716,"CMC","NTWQM",2010-08-30 12:00:00,0.1,"ISM","1","Water",NA,80,"MG/L",NA,NA,NA,NA,2,NA,1,1,"S","PARTNTID",NA,NA
"1190",999,"ALLARM","ALLARM.LT8","02/19/2010","12:00:00","TDS.1","M1",2857,"CMC","NTWQM",2010-02-19 12:00:00,0.1,"ISM","1","Water",NA,320,"MG/L",NA,NA,NA,NA,2,NA,1,1,"S","PARTNTID",NA,NA
"1191",999,"ALLARM","ALLARM.LT9","12/07/2010","12:00:00","TDS.1","M1",2988,"CMC","NTWQM",2010-12-07 12:00:00,0.1,"ISM","1","Water",NA,170,"MG/L",NA,NA,NA,NA,2,NA,1,1,"S","PARTNTID",NA,NA
"1192",999,"GCWD","GCWD.BORBRA0.39","09/15/2010","12:00:00","TDS.1","M1",4718,"CMC","NTWQM",2010-09-15 12:00:00,0.1,"ISM","1","Water",NA,70,"MG/L",NA,NA,NA,NA,2,NA,1,1,"S","PARTNTID",NA,NA
"1193",999,"ALLARM","ALLARM.LT4","07/10/2010","12:00:00","TDS.1","M1",2918,"CMC","NTWQM",2010-07-10 12:00:00,0.1,"ISM","1","Water",NA,290,"MG/L",NA,NA,NA,NA,2,NA,1,1,"S","PARTNTID",NA,NA
"1194",999,"GCWD","GCWD.BORBRA0.39","09/24/2010","12:00:00","TDS.1","M1",4719,"CMC","NTWQM",2010-09-24 12:00:00,0.1,"ISM","1","Water",NA,70,"MG/L",NA,NA,NA,NA,2,NA,1,1,"S","PARTNTID",NA,NA
"1195",999,"ALLARM","ALLARM.MG2","10/10/2010","12:00:00","TDS.1","M1",2965,"CMC","NTWQM",2010-10-10 12:00:00,0.1,"ISM","1","Water",NA,420,"MG/L",NA,NA,NA,NA,2,NA,1,1,"S","PARTNTID",NA,NA
"1196",999,"ALLARM","ALLARM.MG1","01/27/2010","12:00:00","TDS.1","M1",2847,"CMC","NTWQM",2010-01-27 12:00:00,0.1,"ISM","1","Water",NA,480,"MG/L",NA,NA,NA,NA,2,NA,1,1,"S","PARTNTID",NA,NA
"1197",999,"GCWD","GCWD.BORBRA0.39","09/30/2010","12:00:00","TDS.1","M1",4720,"CMC","NTWQM",2010-09-30 12:00:00,0.1,"ISM","1","Water",NA,70,"MG/L",NA,NA,NA,NA,2,NA,1,1,"S","PARTNTID",NA,NA
"1198",999,"GCWD","GCWD.EASFORSINCRE10.25","11/01/2010","12:00:00","TDS.1","M1",4826,"CMC","NTWQM",2010-11-01 12:00:00,0.1,"ISM","1","Water",NA,20,"MG/L",NA,NA,NA,NA,2,NA,1,1,"S","PARTNTID",NA,NA
"1199",999,"ALLARM","ALLARM.LT4","08/24/2010","12:00:00","TDS.1","M1",2931,"CMC","NTWQM",2010-08-24 12:00:00,0.1,"ISM","1","Water",NA,300,"MG/L",NA,NA,NA,NA,2,NA,1,1,"S","PARTNTID",NA,NA
"1200",999,"GCWD","GCWD.BORBRA0.39","10/13/2010","12:00:00","TDS.1","M1",4722,"CMC","NTWQM",2010-10-13 12:00:00,0.1,"ISM","1","Water",NA,40,"MG/L",NA,NA,NA,NA,2,NA,1,1,"S","PARTNTID",NA,NA
"1201",999,"GCWD","GCWD.EASFORSINCRE12.53","11/18/2010","12:00:00","TDS.1","M1",4898,"CMC","NTWQM",2010-11-18 12:00:00,0.1,"ISM","1","Water",NA,20,"MG/L",NA,NA,NA,NA,2,NA,1,1,"S","PARTNTID",NA,NA
"1202",999,"ALLARM","ALLARM.MG1","02/19/2010","12:00:00","TDS.1","M1",2860,"CMC","NTWQM",2010-02-19 12:00:00,0.1,"ISM","1","Water",NA,520,"MG/L",NA,NA,NA,NA,2,NA,1,1,"S","PARTNTID",NA,NA
"1203",999,"GCWD","GCWD.BORBRA0.39","10/24/2010","12:00:00","TDS.1","M1",4723,"CMC","NTWQM",2010-10-24 12:00:00,0.1,"ISM","1","Water",NA,50,"MG/L",NA,NA,NA,NA,2,NA,1,1,"S","PARTNTID",NA,NA
"1204",999,"BCVM","BCVM.BENCRE7.92","07/18/2010","12:00:00","TDS.1","M1",4634,"CMC","NTWQM",2010-07-18 12:00:00,0.1,"ISM","1","Water",NA,140,"MG/L",NA,NA,NA,NA,2,NA,1,1,"S","PARTNTID",NA,NA
"1205",999,"ALLARM","ALLARM.LT4","09/28/2010","12:00:00","TDS.1","M1",2944,"CMC","NTWQM",2010-09-28 12:00:00,0.1,"ISM","1","Water",NA,270,"MG/L",NA,NA,NA,NA,2,NA,1,1,"S","PARTNTID",NA,NA
"1206",999,"ALLARM","ALLARM.LT8","05/11/2010","12:00:00","TDS.1","M1",2896,"CMC","NTWQM",2010-05-11 12:00:00,0.1,"ISM","1","Water",NA,300,"MG/L",NA,NA,NA,NA,2,NA,1,1,"S","PARTNTID",NA,NA
"1207",999,"GCWD","GCWD.BIGMOORUN3.70","10/13/2010","12:00:00","TDS.1","M1",4680,"CMC","NTWQM",2010-10-13 12:00:00,0.1,"ISM","1","Water",NA,40,"MG/L",NA,NA,NA,NA,2,NA,1,1,"S","PARTNTID",NA,NA
"1208",999,"BCVM","BCVM.SATCRE3.02","08/04/2010","12:00:00","TDS.1","M1",4552,"CMC","NTWQM",2010-08-04 12:00:00,0.1,"ISM","1","Water",NA,130,"MG/L",NA,NA,NA,NA,2,NA,1,1,"S","PARTNTID",NA,NA
"1209",999,"ALLARM","ALLARM.LT5","12/07/2010","12:00:00","TDS.1","M1",2984,"CMC","NTWQM",2010-12-07 12:00:00,0.1,"ISM","1","Water",NA,290,"MG/L",NA,NA,NA,NA,2,NA,1,1,"S","PARTNTID",NA,NA
"1210",999,"ALLARM","ALLARM.LT3","01/27/2010","12:00:00","TDS.1","M1",2839,"CMC","NTWQM",2010-01-27 12:00:00,0.1,"ISM","1","Water",NA,310,"MG/L",NA,NA,NA,NA,2,NA,1,1,"S","PARTNTID",NA,NA
"1211",999,"GCWD","GCWD.PRORUN2.55","07/21/2010","12:00:00","TDS.1","M1",5224,"CMC","NTWQM",2010-07-21 12:00:00,0.1,"ISM","1","Water",NA,60,"MG/L",NA,NA,NA,NA,2,NA,1,1,"S","PARTNTID",NA,NA
"1212",999,"ALLARM","ALLARM.LT8","06/10/2010","12:00:00","TDS.1","M1",2909,"CMC","NTWQM",2010-06-10 12:00:00,0.1,"ISM","1","Water",NA,330,"MG/L",NA,NA,NA,NA,2,NA,1,1,"S","PARTNTID",NA,NA
"1213",999,"BCVM","BCVM.SATCRE3.02","08/13/2010","12:00:00","TDS.1","M1",4553,"CMC","NTWQM",2010-08-13 12:00:00,0.1,"ISM","1","Water",NA,100,"MG/L",NA,NA,NA,NA,2,NA,1,1,"S","PARTNTID",NA,NA
"1214",999,"ALLARM","ALLARM.MG1","04/11/2010","12:00:00","TDS.1","M1",2886,"CMC","NTWQM",2010-04-11 12:00:00,0.1,"ISM","1","Water",NA,450,"MG/L",NA,NA,NA,NA,2,NA,1,1,"S","PARTNTID",NA,NA
"1215",999,"GCWD","GCWD.PRORUN2.55","08/11/2010","12:00:00","TDS.1","M1",5226,"CMC","NTWQM",2010-08-11 12:00:00,0.1,"ISM","1","Water",NA,60,"MG/L",NA,NA,NA,NA,2,NA,1,1,"S","PARTNTID",NA,NA
"1216",999,"ALLARM","ALLARM.LT3","02/19/2010","12:00:00","TDS.1","M1",2852,"CMC","NTWQM",2010-02-19 12:00:00,0.1,"ISM","1","Water",NA,290,"MG/L",NA,NA,NA,NA,2,NA,1,1,"S","PARTNTID",NA,NA
"1217",999,"GCWD","GCWD.PRORUN2.55","08/18/2010","12:00:00","TDS.1","M1",5227,"CMC","NTWQM",2010-08-18 12:00:00,0.1,"ISM","1","Water",NA,60,"MG/L",NA,NA,NA,NA,2,NA,1,1,"S","PARTNTID",NA,NA
"1218",999,"BCVM","BCVM.SATCRE3.02","09/15/2010","12:00:00","TDS.1","M1",4557,"CMC","NTWQM",2010-09-15 12:00:00,0.1,"ISM","1","Water",NA,120,"MG/L",NA,NA,NA,NA,2,NA,1,1,"S","PARTNTID",NA,NA
"1219",999,"ALLARM","ALLARM.MG1","05/11/2010","12:00:00","TDS.1","M1",2899,"CMC","NTWQM",2010-05-11 12:00:00,0.1,"ISM","1","Water",NA,410,"MG/L",NA,NA,NA,NA,2,NA,1,1,"S","PARTNTID",NA,NA
"1220",999,"GCWD","GCWD.EASFORSINCRE10.25","08/25/2010","12:00:00","TDS.1","M1",4817,"CMC","NTWQM",2010-08-25 12:00:00,0.1,"ISM","1","Water",NA,40,"MG/L",NA,NA,NA,NA,2,NA,1,1,"S","PARTNTID",NA,NA
"1221",999,"ALLARM","ALLARM.LT9","03/12/2010","12:00:00","TDS.1","M1",2871,"CMC","NTWQM",2010-03-12 12:00:00,0.1,"ISM","1","Water",NA,330,"MG/L",NA,NA,NA,NA,2,NA,1,1,"S","PARTNTID",NA,NA
"1222",999,"ALLARM","ALLARM.LT3","03/12/2010","12:00:00","TDS.1","M1",2865,"CMC","NTWQM",2010-03-12 12:00:00,0.1,"ISM","1","Water",NA,270,"MG/L",NA,NA,NA,NA,2,NA,1,1,"S","PARTNTID",NA,NA
"1223",999,"ALLARM","ALLARM.LT4","12/07/2010","12:00:00","TDS.1","M1",2983,"CMC","NTWQM",2010-12-07 12:00:00,0.1,"ISM","1","Water",NA,290,"MG/L",NA,NA,NA,NA,2,NA,1,1,"S","PARTNTID",NA,NA
"1224",999,"BCVM","BCVM.SATCRE3.02","10/12/2010","12:00:00","TDS.1","M1",4560,"CMC","NTWQM",2010-10-12 12:00:00,0.1,"ISM","1","Water",NA,150,"MG/L",NA,NA,NA,NA,2,NA,1,1,"S","PARTNTID",NA,NA
"1225",999,"GCWD","GCWD.WILBOYRUN0.49","09/15/2010","12:00:00","TDS.1","M1",5375,"CMC","NTWQM",2010-09-15 12:00:00,0.1,"ISM","1","Water",NA,30,"MG/L",NA,NA,NA,NA,2,NA,1,1,"S","PARTNTID",NA,NA
"1226",999,"GCWD","GCWD.EASFORSINCRE10.25","09/15/2010","12:00:00","TDS.1","M1",4820,"CMC","NTWQM",2010-09-15 12:00:00,0.1,"ISM","1","Water",NA,30,"MG/L",NA,NA,NA,NA,2,NA,1,1,"S","PARTNTID",NA,NA
"1227",999,"GCWD","GCWD.EASFORSINCRE11.03","09/15/2010","12:00:00","TDS.1","M1",4856,"CMC","NTWQM",2010-09-15 12:00:00,0.1,"ISM","1","Water",NA,40,"MG/L",NA,NA,NA,NA,2,NA,1,1,"S","PARTNTID",NA,NA
"1228",999,"ALLARM","ALLARM.LT3","04/11/2010","12:00:00","TDS.1","M1",2878,"CMC","NTWQM",2010-04-11 12:00:00,0.1,"ISM","1","Water",NA,280,"MG/L",NA,NA,NA,NA,2,NA,1,1,"S","PARTNTID",NA,NA
"1229",999,"GCWD","GCWD.PRORUN2.55","09/30/2010","12:00:00","TDS.1","M1",5233,"CMC","NTWQM",2010-09-30 12:00:00,0.1,"ISM","1","Water",NA,50,"MG/L",NA,NA,NA,NA,2,NA,1,1,"S","PARTNTID",NA,NA
"1230",999,"ALLARM","ALLARM.MG1","07/10/2010","12:00:00","TDS.1","M1",2925,"CMC","NTWQM",2010-07-10 12:00:00,0.1,"ISM","1","Water",NA,430,"MG/L",NA,NA,NA,NA,2,NA,1,1,"S","PARTNTID",NA,NA
"1231",999,"ALLARM","ALLARM.WL","04/11/2010","12:00:00","TDS.1","M1",2888,"CMC","NTWQM",2010-04-11 12:00:00,0.1,"ISM","1","Water",NA,410,"MG/L",NA,NA,NA,NA,2,NA,1,1,"S","PARTNTID",NA,NA
"1232",999,"GCWD","GCWD.EASFORSINCRE10.25","10/06/2010","12:00:00","TDS.1","M1",4823,"CMC","NTWQM",2010-10-06 12:00:00,0.1,"ISM","1","Water",NA,20,"MG/L",NA,NA,NA,NA,2,NA,1,1,"S","PARTNTID",NA,NA
"1233",999,"ALLARM","ALLARM.LT5","02/19/2010","12:00:00","TDS.1","M1",2854,"CMC","NTWQM",2010-02-19 12:00:00,0.1,"ISM","1","Water",NA,270,"MG/L",NA,NA,NA,NA,2,NA,1,1,"S","PARTNTID",NA,NA
"1234",999,"ALLARM","ALLARM.LT3","05/11/2010","12:00:00","TDS.1","M1",2891,"CMC","NTWQM",2010-05-11 12:00:00,0.1,"ISM","1","Water",NA,260,"MG/L",NA,NA,NA,NA,2,NA,1,1,"S","PARTNTID",NA,NA
"1235",999,"ALLARM","ALLARM.WL","05/11/2010","12:00:00","TDS.1","M1",2901,"CMC","NTWQM",2010-05-11 12:00:00,0.1,"ISM","1","Water",NA,360,"MG/L",NA,NA,NA,NA,2,NA,1,1,"S","PARTNTID",NA,NA
"1236",999,"ALLARM","ALLARM.MG1","08/24/2010","12:00:00","TDS.1","M1",2938,"CMC","NTWQM",2010-08-24 12:00:00,0.1,"ISM","1","Water",NA,450,"MG/L",NA,NA,NA,NA,2,NA,1,1,"S","PARTNTID",NA,NA
"1237",999,"ALLARM","ALLARM.LT5","10/10/2010","12:00:00","TDS.1","M1",2958,"CMC","NTWQM",2010-10-10 12:00:00,0.1,"ISM","1","Water",NA,280,"MG/L",NA,NA,NA,NA,2,NA,1,1,"S","PARTNTID",NA,NA
"1238",999,"ALLARM","ALLARM.MG2","03/12/2010","12:00:00","TDS.1","M1",2874,"CMC","NTWQM",2010-03-12 12:00:00,0.1,"ISM","1","Water",NA,450,"MG/L",NA,NA,NA,NA,2,NA,1,1,"S","PARTNTID",NA,NA
"1239",999,"ALLARM","ALLARM.LT3","06/10/2010","12:00:00","TDS.1","M1",2904,"CMC","NTWQM",2010-06-10 12:00:00,0.1,"ISM","1","Water",NA,310,"MG/L",NA,NA,NA,NA,2,NA,1,1,"S","PARTNTID",NA,NA
"1240",999,"GCWD","GCWD.EASFORSINCRE10.25","11/09/2010","12:00:00","TDS.1","M1",4827,"CMC","NTWQM",2010-11-09 12:00:00,0.1,"ISM","1","Water",NA,20,"MG/L",NA,NA,NA,NA,2,NA,1,1,"S","PARTNTID",NA,NA
"1241",999,"BCVM","BCVM.SATCRE3.02","12/29/2010","12:00:00","TDS.1","M1",4568,"CMC","NTWQM",2010-12-29 12:00:00,0.1,"ISM","1","Water",NA,90,"MG/L",NA,NA,NA,NA,2,NA,1,1,"S","PARTNTID",NA,NA
"1242",999,"ALLARM","ALLARM.MG1","09/28/2010","12:00:00","TDS.1","M1",2951,"CMC","NTWQM",2010-09-28 12:00:00,0.1,"ISM","1","Water",NA,300,"MG/L",NA,NA,NA,NA,2,NA,1,1,"S","PARTNTID",NA,NA
"1243",999,"ALLARM","ALLARM.LT5","11/16/2010","12:00:00","TDS.1","M1",2971,"CMC","NTWQM",2010-11-16 12:00:00,0.1,"ISM","1","Water",NA,210,"MG/L",NA,NA,NA,NA,2,NA,1,1,"S","PARTNTID",NA,NA
"1244",999,"ALLARM","ALLARM.MG2","04/11/2010","12:00:00","TDS.1","M1",2887,"CMC","NTWQM",2010-04-11 12:00:00,0.1,"ISM","1","Water",NA,450,"MG/L",NA,NA,NA,NA,2,NA,1,1,"S","PARTNTID",NA,NA
"1245",999,"ALLARM","ALLARM.LT3","07/10/2010","12:00:00","TDS.1","M1",2917,"CMC","NTWQM",2010-07-10 12:00:00,0.1,"ISM","1","Water",NA,260,"MG/L",NA,NA,NA,NA,2,NA,1,1,"S","PARTNTID",NA,NA
"1246",999,"ALLARM","ALLARM.LT8","12/07/2010","12:00:00","TDS.1","M1",2987,"CMC","NTWQM",2010-12-07 12:00:00,0.1,"ISM","1","Water",NA,170,"MG/L",NA,NA,NA,NA,2,NA,1,1,"S","PARTNTID",NA,NA
"1247",999,"GCWD","GCWD.BORBRA0.39","11/09/2010","12:00:00","TDS.1","M1",4725,"CMC","NTWQM",2010-11-09 12:00:00,0.1,"ISM","1","Water",NA,40,"MG/L",NA,NA,NA,NA,2,NA,1,1,"S","PARTNTID",NA,NA
"1248",999,"GCWD","GCWD.EASFORSINCRE11.03","12/31/2010","12:00:00","TDS.1","M1",4867,"CMC","NTWQM",2010-12-31 12:00:00,0.1,"ISM","1","Water",NA,30,"MG/L",NA,NA,NA,NA,2,NA,1,1,"S","PARTNTID",NA,NA
"1249",999,"GCWD","GCWD.EASFORSINCRE10.25","12/31/2010","12:00:00","TDS.1","M1",4831,"CMC","NTWQM",2010-12-31 12:00:00,0.1,"ISM","1","Water",NA,30,"MG/L",NA,NA,NA,NA,2,NA,1,1,"S","PARTNTID",NA,NA
"1250",999,"GCWD","GCWD.EASFORSINCRE11.03","07/18/2010","12:00:00","TDS.1","M1",4848,"CMC","NTWQM",2010-07-18 12:00:00,0.1,"ISM","1","Water",NA,50,"MG/L",NA,NA,NA,NA,2,NA,1,1,"S","PARTNTID",NA,NA
"1251",999,"ALLARM","ALLARM.LT3","08/24/2010","12:00:00","TDS.1","M1",2930,"CMC","NTWQM",2010-08-24 12:00:00,0.1,"ISM","1","Water",NA,300,"MG/L",NA,NA,NA,NA,2,NA,1,1,"S","PARTNTID",NA,NA
"1252",999,"GCWD","GCWD.UNTFIRFORSINCRE0.24","10/24/2010","12:00:00","TDS.1","M1",5343,"CMC","NTWQM",2010-10-24 12:00:00,0.1,"ISM","1","Water",NA,30,"MG/L",NA,NA,NA,NA,2,NA,1,1,"S","PARTNTID",NA,NA
"1253",999,"BCVM","BCVM.SATCRE3.02","10/27/2010","12:00:00","TDS.1","M1",4561,"CMC","NTWQM",2010-10-27 12:00:00,0.1,"ISM","1","Water",NA,120,"MG/L",NA,NA,NA,NA,2,NA,1,1,"S","PARTNTID",NA,NA
"1254",999,"BCVM","BCVM.SATCRE3.02","09/01/2010","12:00:00","TDS.1","M1",4555,"CMC","NTWQM",2010-09-01 12:00:00,0.1,"ISM","1","Water",NA,140,"MG/L",NA,NA,NA,NA,2,NA,1,1,"S","PARTNTID",NA,NA
"1255",999,"ALLARM","ALLARM.LT6","01/27/2010","12:00:00","TDS.1","M1",2842,"CMC","NTWQM",2010-01-27 12:00:00,0.1,"ISM","1","Water",NA,330,"MG/L",NA,NA,NA,NA,2,NA,1,1,"S","PARTNTID",NA,NA
"1256",999,"GCWD","GCWD.EASFORSINCRE10.25","07/29/2010","12:00:00","TDS.1","M1",4814,"CMC","NTWQM",2010-07-29 12:00:00,0.1,"ISM","1","Water",NA,40,"MG/L",NA,NA,NA,NA,2,NA,1,1,"S","PARTNTID",NA,NA
"1257",999,"ALLARM","ALLARM.LT3","09/28/2010","12:00:00","TDS.1","M1",2943,"CMC","NTWQM",2010-09-28 12:00:00,0.1,"ISM","1","Water",NA,270,"MG/L",NA,NA,NA,NA,2,NA,1,1,"S","PARTNTID",NA,NA
"1258",999,"GCWD","GCWD.UNTFIRFORSINCRE0.24","11/17/2010","12:00:00","TDS.1","M1",5346,"CMC","NTWQM",2010-11-17 12:00:00,0.1,"ISM","1","Water",NA,40,"MG/L",NA,NA,NA,NA,2,NA,1,1,"S","PARTNTID",NA,NA
"1259",999,"BCVM","BCVM.SATCRE3.02","09/08/2010","12:00:00","TDS.1","M1",4556,"CMC","NTWQM",2010-09-08 12:00:00,0.1,"ISM","1","Water",NA,120,"MG/L",NA,NA,NA,NA,2,NA,1,1,"S","PARTNTID",NA,NA
"1260",999,"BCVM","BCVM.SATCRE3.02","09/22/2010","12:00:00","TDS.1","M1",4558,"CMC","NTWQM",2010-09-22 12:00:00,0.1,"ISM","1","Water",NA,130,"MG/L",NA,NA,NA,NA,2,NA,1,1,"S","PARTNTID",NA,NA
"1261",999,"GCWD","GCWD.BIGMOORUN3.70","12/24/2010","12:00:00","TDS.1","M1",4687,"CMC","NTWQM",2010-12-24 12:00:00,0.1,"ISM","1","Water",NA,40,"MG/L",NA,NA,NA,NA,2,NA,1,1,"S","PARTNTID",NA,NA
"1262",999,"ALLARM","ALLARM.LT3","12/07/2010","12:00:00","TDS.1","M1",2982,"CMC","NTWQM",2010-12-07 12:00:00,0.1,"ISM","1","Water",NA,300,"MG/L",NA,NA,NA,NA,2,NA,1,1,"S","PARTNTID",NA,NA
"1263",999,"ALLARM","ALLARM.LT3","10/10/2010","12:00:00","TDS.1","M1",2956,"CMC","NTWQM",2010-10-10 12:00:00,0.1,"ISM","1","Water",NA,270,"MG/L",NA,NA,NA,NA,2,NA,1,1,"S","PARTNTID",NA,NA
"1264",999,"GCWD","GCWD.EASFORSINCRE12.53","09/15/2010","12:00:00","TDS.1","M1",4889,"CMC","NTWQM",2010-09-15 12:00:00,0.1,"ISM","1","Water",NA,40,"MG/L",NA,NA,NA,NA,2,NA,1,1,"S","PARTNTID",NA,NA
"1265",999,"ALLARM","ALLARM.WL","03/12/2010","12:00:00","TDS.1","M1",2875,"CMC","NTWQM",2010-03-12 12:00:00,0.1,"ISM","1","Water",NA,450,"MG/L",NA,NA,NA,NA,2,NA,1,1,"S","PARTNTID",NA,NA
"1266",999,"GCWD","GCWD.BORBRA0.39","12/17/2010","12:00:00","TDS.1","M1",4727,"CMC","NTWQM",2010-12-17 12:00:00,0.1,"ISM","1","Water",NA,40,"MG/L",NA,NA,NA,NA,2,NA,1,1,"S","PARTNTID",NA,NA
"1267",999,"GCWD","GCWD.EASFORSINCRE12.53","11/10/2010","12:00:00","TDS.1","M1",4897,"CMC","NTWQM",2010-11-10 12:00:00,0.1,"ISM","1","Water",NA,50,"MG/L",NA,NA,NA,NA,2,NA,1,1,"S","PARTNTID",NA,NA
"1268",999,"ALLARM","ALLARM.WL","06/10/2010","12:00:00","TDS.1","M1",2914,"CMC","NTWQM",2010-06-10 12:00:00,0.1,"ISM","1","Water",NA,410,"MG/L",NA,NA,NA,NA,2,NA,1,1,"S","PARTNTID",NA,NA
"1269",999,"ALLARM","ALLARM.LT3","11/16/2010","12:00:00","TDS.1","M1",2969,"CMC","NTWQM",2010-11-16 12:00:00,0.1,"ISM","1","Water",NA,210,"MG/L",NA,NA,NA,NA,2,NA,1,1,"S","PARTNTID",NA,NA
"1270",999,"BCVM","BCVM.SATCRE3.02","11/10/2010","12:00:00","TDS.1","M1",4563,"CMC","NTWQM",2010-11-10 12:00:00,0.1,"ISM","1","Water",NA,130,"MG/L",NA,NA,NA,NA,2,NA,1,1,"S","PARTNTID",NA,NA
"1271",999,"ALLARM","ALLARM.WL","11/16/2010","12:00:00","TDS.1","M1",2979,"CMC","NTWQM",2010-11-16 12:00:00,0.1,"ISM","1","Water",NA,170,"MG/L",NA,NA,NA,NA,2,NA,1,1,"S","PARTNTID",NA,NA
"1272",999,"ALLARM","ALLARM.MG2","02/19/2010","12:00:00","TDS.1","M1",2861,"CMC","NTWQM",2010-02-19 12:00:00,0.1,"ISM","1","Water",NA,490,"MG/L",NA,NA,NA,NA,2,NA,1,1,"S","PARTNTID",NA,NA
"1273",999,"GCWD","GCWD.EASFORSINCRE11.03","10/06/2010","12:00:00","TDS.1","M1",4859,"CMC","NTWQM",2010-10-06 12:00:00,0.1,"ISM","1","Water",NA,30,"MG/L",NA,NA,NA,NA,2,NA,1,1,"S","PARTNTID",NA,NA
"1274",999,"GCWD","GCWD.PRORUN2.55","12/17/2010","12:00:00","TDS.1","M1",5241,"CMC","NTWQM",2010-12-17 12:00:00,0.1,"ISM","1","Water",NA,30,"MG/L",NA,NA,NA,NA,2,NA,1,1,"S","PARTNTID",NA,NA
"1275",999,"GCWD","GCWD.EASFORSINCRE11.03","08/25/2010","12:00:00","TDS.1","M1",4853,"CMC","NTWQM",2010-08-25 12:00:00,0.1,"ISM","1","Water",NA,50,"MG/L",NA,NA,NA,NA,2,NA,1,1,"S","PARTNTID",NA,NA
"1276",999,"ALLARM","ALLARM.LT9","06/10/2010","12:00:00","TDS.1","M1",2910,"CMC","NTWQM",2010-06-10 12:00:00,0.1,"ISM","1","Water",NA,340,"MG/L",NA,NA,NA,NA,2,NA,1,1,"S","PARTNTID",NA,NA
"1277",999,"GCWD","GCWD.EASFORSINCRE12.53","11/01/2010","12:00:00","TDS.1","M1",4895,"CMC","NTWQM",2010-11-01 12:00:00,0.1,"ISM","1","Water",NA,20,"MG/L",NA,NA,NA,NA,2,NA,1,1,"S","PARTNTID",NA,NA
"1278",999,"BCVM","BCVM.SATCRE3.02","12/15/2010","12:00:00","TDS.1","M1",4566,"CMC","NTWQM",2010-12-15 12:00:00,0.1,"ISM","1","Water",NA,100,"MG/L",NA,NA,NA,NA,2,NA,1,1,"S","PARTNTID",NA,NA
"1279",999,"ALLARM","ALLARM.WL","12/07/2010","12:00:00","TDS.1","M1",2992,"CMC","NTWQM",2010-12-07 12:00:00,0.1,"ISM","1","Water",NA,430,"MG/L",NA,NA,NA,NA,2,NA,1,1,"S","PARTNTID",NA,NA
"1280",999,"ALLARM","ALLARM.LT9","11/16/2010","12:00:00","TDS.1","M1",2975,"CMC","NTWQM",2010-11-16 12:00:00,0.1,"ISM","1","Water",NA,220,"MG/L",NA,NA,NA,NA,2,NA,1,1,"S","PARTNTID",NA,NA
"1281",999,"ALLARM","ALLARM.LT5","03/12/2010","12:00:00","TDS.1","M1",2867,"CMC","NTWQM",2010-03-12 12:00:00,0.1,"ISM","1","Water",NA,290,"MG/L",NA,NA,NA,NA,2,NA,1,1,"S","PARTNTID",NA,NA
"1282",999,"ALLARM","ALLARM.LT9","07/10/2010","12:00:00","TDS.1","M1",2923,"CMC","NTWQM",2010-07-10 12:00:00,0.1,"ISM","1","Water",NA,290,"MG/L",NA,NA,NA,NA,2,NA,1,1,"S","PARTNTID",NA,NA
"1283",999,"GCWD","GCWD.BIGMOORUN3.70","11/18/2010","12:00:00","TDS.1","M1",4684,"CMC","NTWQM",2010-11-18 12:00:00,0.1,"ISM","1","Water",NA,40,"MG/L",NA,NA,NA,NA,2,NA,1,1,"S","PARTNTID",NA,NA
"1284",999,"BCVM","BCVM.TUTCRE2.03","08/23/2010","12:00:00","TDS.1","M1",4653,"CMC","NTWQM",2010-08-23 12:00:00,0.1,"ISM","1","Water",NA,210,"MG/L",NA,NA,NA,NA,2,NA,1,1,"S","PARTNTID",NA,NA
"1285",999,"GCWD","GCWD.EASFORSINCRE10.25","11/25/2010","12:00:00","TDS.1","M1",4829,"CMC","NTWQM",2010-11-25 12:00:00,0.1,"ISM","1","Water",NA,20,"MG/L",NA,NA,NA,NA,2,NA,1,1,"S","PARTNTID",NA,NA
"1286",999,"GCWD","GCWD.EASFORSINCRE12.53","12/15/2010","12:00:00","TDS.1","M1",4900,"CMC","NTWQM",2010-12-15 12:00:00,0.1,"ISM","1","Water",NA,20,"MG/L",NA,NA,NA,NA,2,NA,1,1,"S","PARTNTID",NA,NA
"1287",999,"GCWD","GCWD.EASFORSINCRE12.53","08/25/2010","12:00:00","TDS.1","M1",4887,"CMC","NTWQM",2010-08-25 12:00:00,0.1,"ISM","1","Water",NA,50,"MG/L",NA,NA,NA,NA,2,NA,1,1,"S","PARTNTID",NA,NA
"1288",999,"GCWD","GCWD.PRORUN2.55","08/25/2010","12:00:00","TDS.1","M1",5228,"CMC","NTWQM",2010-08-25 12:00:00,0.1,"ISM","1","Water",NA,50,"MG/L",NA,NA,NA,NA,2,NA,1,1,"S","PARTNTID",NA,NA
"1289",999,"GCWD","GCWD.EASFORSINCRE10.25","10/13/2010","12:00:00","TDS.1","M1",4824,"CMC","NTWQM",2010-10-13 12:00:00,0.1,"ISM","1","Water",NA,20,"MG/L",NA,NA,NA,NA,2,NA,1,1,"S","PARTNTID",NA,NA
"1290",999,"GCWD","GCWD.BIGMOORUN3.70","10/24/2010","12:00:00","TDS.1","M1",4681,"CMC","NTWQM",2010-10-24 12:00:00,0.1,"ISM","1","Water",NA,40,"MG/L",NA,NA,NA,NA,2,NA,1,1,"S","PARTNTID",NA,NA
"1291",999,"ALLARM","ALLARM.LT4","03/12/2010","12:00:00","TDS.1","M1",2866,"CMC","NTWQM",2010-03-12 12:00:00,0.1,"ISM","1","Water",NA,330,"MG/L",NA,NA,NA,NA,2,NA,1,1,"S","PARTNTID",NA,NA
"1292",999,"ALLARM","ALLARM.LT5","01/27/2010","12:00:00","TDS.1","M1",2841,"CMC","NTWQM",2010-01-27 12:00:00,0.1,"ISM","1","Water",NA,300,"MG/L",NA,NA,NA,NA,2,NA,1,1,"S","PARTNTID",NA,NA
"1293",999,"GCWD","GCWD.EASFORSINCRE10.25","08/11/2010","12:00:00","TDS.1","M1",4815,"CMC","NTWQM",2010-08-11 12:00:00,0.1,"ISM","1","Water",NA,50,"MG/L",NA,NA,NA,NA,2,NA,1,1,"S","PARTNTID",NA,NA
"1294",999,"GCWD","GCWD.EASFORSINCRE10.25","09/24/2010","12:00:00","TDS.1","M1",4821,"CMC","NTWQM",2010-09-24 12:00:00,0.1,"ISM","1","Water",NA,40,"MG/L",NA,NA,NA,NA,2,NA,1,1,"S","PARTNTID",NA,NA
"1295",999,"ALLARM","ALLARM.MG1","11/16/2010","12:00:00","TDS.1","M1",2977,"CMC","NTWQM",2010-11-16 12:00:00,0.1,"ISM","1","Water",NA,50,"MG/L",NA,NA,NA,NA,2,NA,1,1,"S","PARTNTID",NA,NA
"1296",999,"ALLARM","ALLARM.LT5","04/11/2010","12:00:00","TDS.1","M1",2880,"CMC","NTWQM",2010-04-11 12:00:00,0.1,"ISM","1","Water",NA,280,"MG/L",NA,NA,NA,NA,2,NA,1,1,"S","PARTNTID",NA,NA
"1297",999,"ALLARM","ALLARM.LT8","11/16/2010","12:00:00","TDS.1","M1",2974,"CMC","NTWQM",2010-11-16 12:00:00,0.1,"ISM","1","Water",NA,190,"MG/L",NA,NA,NA,NA,2,NA,1,1,"S","PARTNTID",NA,NA
"1298",999,"GCWD","GCWD.EASFORSINCRE12.53","10/06/2010","12:00:00","TDS.1","M1",4892,"CMC","NTWQM",2010-10-06 12:00:00,0.1,"ISM","1","Water",NA,30,"MG/L",NA,NA,NA,NA,2,NA,1,1,"S","PARTNTID",NA,NA
"1299",999,"GCWD","GCWD.EASFORSINCRE10.25","09/03/2010","12:00:00","TDS.1","M1",4818,"CMC","NTWQM",2010-09-03 12:00:00,0.1,"ISM","1","Water",NA,40,"MG/L",NA,NA,NA,NA,2,NA,1,1,"S","PARTNTID",NA,NA
"1300",999,"GCWD","GCWD.PRORUN2.55","09/10/2010","12:00:00","TDS.1","M1",5230,"CMC","NTWQM",2010-09-10 12:00:00,0.1,"ISM","1","Water",NA,60,"MG/L",NA,NA,NA,NA,2,NA,1,1,"S","PARTNTID",NA,NA
"1301",999,"GCWD","GCWD.PRORUN2.55","10/24/2010","12:00:00","TDS.1","M1",5236,"CMC","NTWQM",2010-10-24 12:00:00,0.1,"ISM","1","Water",NA,30,"MG/L",NA,NA,NA,NA,2,NA,1,1,"S","PARTNTID",NA,NA
