"","paramMethod","SOURCE","STATION","SAMPLE_DATE","SAMPLE_TIME","paramCode","SAMPLE_ID","EventId","AGENCY","PROGRAM","DateTime","DEPTH","SAMPLE_TYPE","TIER","Matrix","QUALIFIER","VALUE","UNITS","PROBLEM","LAB","labName","detLimit","qaFlag","COMMENTS","count.x","count.y","LAYER","PROJECT","SampleAnalyticalMethodIdentifier","SubstanceIdentificationName"
"222",144,"ALLARM","ALLARM.MG1","09/28/2010","12:00:00","NO3N.4","S1",2951,"CMC","NTWQM",2010-09-28 12:00:00,0.1,"D","2","Water",NA,0.09,"MG/L",NA,"ACARL","ALLARM Community Aquatic Research Laboratory",0.1,2,NA,1,1,"S","PARTNTID","L02 ","NO23W"
"464",189,"ALLARM","ALLARM.LT4","07/10/2010","12:00:00","OP.5","S1",2918,"CMC","NTWQM",2010-07-10 12:00:00,0.1,"D","2","Water",NA,0.01,"MG/L",NA,"ACARL","ALLARM Community Aquatic Research Laboratory",0.02,2,NA,1,1,"S","PARTNTID","L02 ","PO4F"
"473",189,"ALLARM","ALLARM.LT4","09/28/2010","12:00:00","OP.5","S1",2944,"CMC","NTWQM",2010-09-28 12:00:00,0.1,"D","2","Water",NA,0.01,"MG/L",NA,"ACARL","ALLARM Community Aquatic Research Laboratory",0.02,2,NA,1,1,"S","PARTNTID","L02 ","PO4F"
"482",189,"ALLARM","ALLARM.LT8","04/11/2010","12:00:00","OP.5","S1",2883,"CMC","NTWQM",2010-04-11 12:00:00,0.1,"D","2","Water",NA,0.01,"MG/L",NA,"ACARL","ALLARM Community Aquatic Research Laboratory",0.02,2,NA,1,1,"S","PARTNTID","L02 ","PO4F"
"490",189,"ALLARM","ALLARM.MG1","03/12/2010","12:00:00","OP.5","S1",2873,"CMC","NTWQM",2010-03-12 12:00:00,0.1,"D","2","Water",NA,0.01,"MG/L",NA,"ACARL","ALLARM Community Aquatic Research Laboratory",0.02,2,NA,1,1,"S","PARTNTID","L02 ","PO4F"
"495",189,"ALLARM","ALLARM.LT6","01/27/2010","12:00:00","OP.5","S1",2842,"CMC","NTWQM",2010-01-27 12:00:00,0.1,"D","2","Water",NA,0.01,"MG/L",NA,"ACARL","ALLARM Community Aquatic Research Laboratory",0.02,2,NA,1,1,"S","PARTNTID","L02 ","PO4F"
"496",189,"ALLARM","ALLARM.LT1","02/19/2010","12:00:00","OP.5","S1",2850,"CMC","NTWQM",2010-02-19 12:00:00,0.1,"D","2","Water",NA,0.01,"MG/L",NA,"ACARL","ALLARM Community Aquatic Research Laboratory",0.02,2,NA,1,1,"S","PARTNTID","L02 ","PO4F"
"513",189,"ALLARM","ALLARM.LT5","04/11/2010","12:00:00","OP.5","S1",2880,"CMC","NTWQM",2010-04-11 12:00:00,0.1,"D","2","Water",NA,0.01,"MG/L",NA,"ACARL","ALLARM Community Aquatic Research Laboratory",0.02,2,NA,1,1,"S","PARTNTID","L02 ","PO4F"
"514",189,"ALLARM","ALLARM.LT6","07/10/2010","12:00:00","OP.5","S1",2920,"CMC","NTWQM",2010-07-10 12:00:00,0.1,"D","2","Water",NA,0.01,"MG/L",NA,"ACARL","ALLARM Community Aquatic Research Laboratory",0.02,2,NA,1,1,"S","PARTNTID","L02 ","PO4F"
"520",189,"ALLARM","ALLARM.LT7","03/12/2010","12:00:00","OP.5","S1",2869,"CMC","NTWQM",2010-03-12 12:00:00,0.1,"D","2","Water",NA,0.01,"MG/L",NA,"ACARL","ALLARM Community Aquatic Research Laboratory",0.02,2,NA,1,1,"S","PARTNTID","L02 ","PO4F"
"527",189,"ALLARM","ALLARM.MG2","07/10/2010","12:00:00","OP.5","S1",2926,"CMC","NTWQM",2010-07-10 12:00:00,0.1,"D","2","Water",NA,0.01,"MG/L",NA,"ACARL","ALLARM Community Aquatic Research Laboratory",0.02,2,NA,1,1,"S","PARTNTID","L02 ","PO4F"
"537",189,"ALLARM","ALLARM.LT10","07/10/2010","12:00:00","OP.5","S1",2924,"CMC","NTWQM",2010-07-10 12:00:00,0.1,"D","2","Water",NA,0.01,"MG/L",NA,"ACARL","ALLARM Community Aquatic Research Laboratory",0.02,2,NA,1,1,"S","PARTNTID","L02 ","PO4F"
"552",189,"ALLARM","ALLARM.LT9","07/10/2010","12:00:00","OP.5","S1",2923,"CMC","NTWQM",2010-07-10 12:00:00,0.1,"D","2","Water",NA,0.01,"MG/L",NA,"ACARL","ALLARM Community Aquatic Research Laboratory",0.02,2,NA,1,1,"S","PARTNTID","L02 ","PO4F"
"553",189,"ALLARM","ALLARM.LT9","02/19/2010","12:00:00","OP.5","S1",2858,"CMC","NTWQM",2010-02-19 12:00:00,0.1,"D","2","Water",NA,0.01,"MG/L",NA,"ACARL","ALLARM Community Aquatic Research Laboratory",0.02,2,NA,1,1,"S","PARTNTID","L02 ","PO4F"
"563",189,"ALLARM","ALLARM.MG2","01/27/2010","12:00:00","OP.5","S1",2848,"CMC","NTWQM",2010-01-27 12:00:00,0.1,"D","2","Water",NA,0.01,"MG/L",NA,"ACARL","ALLARM Community Aquatic Research Laboratory",0.02,2,NA,1,1,"S","PARTNTID","L02 ","PO4F"
"567",189,"ALLARM","ALLARM.MG2","02/19/2010","12:00:00","OP.5","S1",2861,"CMC","NTWQM",2010-02-19 12:00:00,0.1,"D","2","Water",NA,0.01,"MG/L",NA,"ACARL","ALLARM Community Aquatic Research Laboratory",0.02,2,NA,1,1,"S","PARTNTID","L02 ","PO4F"
