"","Code","Latitude","Longitude","NameLong","Description","Datum"
"1","ALLARM.LT1",40.17663,-77.18537,"LeTort Spring Run 6.51","LeTort Site 1","NAD83"
"2","ALLARM.LT10",40.23487,-77.14193,"LeTort Spring Run 0.04","LeTort Site 10","NAD83"
"3","ALLARM.LT2",40.17667,-77.18507,"UNT to LeTort Spring Run 0.01","LeTort Site 2","NAD83"
"4","ALLARM.LT3",40.17999,-77.18692,"LeTort Spring Run 6.24","LeTort Site 3","NAD83"
"5","ALLARM.LT4",40.18844,-77.18606,"LeTort Spring Run 5.56","LeTort Site 4","NAD83"
"6","ALLARM.LT5",40.19528,-77.18423,"LeTort Spring Run 5.05","LeTort Site 5","NAD83"
"7","ALLARM.LT6",40.20792,-77.18104,"LeTort Spring Run 4.05","LeTort Site 6","NAD83"
"8","ALLARM.LT7",40.21418,-77.16883,"LeTort Spring Run 3.05","LeTort Site 7","NAD83"
"9","ALLARM.LT8",40.21847,-77.16003,"LeTort Spring Run 2.34","LeTort Site 8","NAD83"
"10","ALLARM.LT9",40.22429,-77.14928,"LeTort Spring Run 1.53","LeTort Site 9","NAD83"
"11","ALLARM.MG1",40.19568,-77.18767,"Molly Grub 0.02","Molly Grub 1","NAD83"
"12","ALLARM.MG2",40.19608,-77.18518,"Molly Grub 0.18","Molly Grub 2","NAD83"
"13","ALLARM.WL",40.19588,-77.18745,"Mully Grub Wetland 0.15","Wetland","NAD83"
"14","AWA.ATAS",39.788233,-77.487814,NA,"AT Antietam Shelter","NAD83"
"15","AWA.B",39.765053,-77.516044,NA,"Brookdale","NAD83"
"16","AWA.GP",39.731672,-77.540817,"George Property","George Property","NAD83"
"17","AWA.MASP",39.839708,-77.537533,"Mont Alto State Park","Mont Alto State Park","NAD83"
"18","AWA.MR",39.741172,-77.491586,"Mackey Run","Mackey Run","NAD83"
"19","AWA.OCP",39.751283,-77.601036,"Owls Club Picnic","Owls Club Picnic","NAD83"
"20","AWA.R",39.745025,-77.559425,"Renfrew","Renfrew","NAD83"
"21","AWA.RR1",39.739406,-77.481092,NA,"Red Run #1","NAD83"
"22","AWA.RR2",39.741603,-77.491469,NA,"Red Run #2","NAD83"
"23","AWA.RRP",39.740386,-77.519908,NA,"Red Run Park","NAD83"
"24","AWA.TRS",39.764094,-77.607036,NA,"Tick Ridge Springs","NAD83"
"25","BCVM.BENCRE7.92",41.928043,-76.69907,"Bentley Creek","Bentley Creek","NAD83"
"26","BCVM.SATCRE3.02",41.9518,-76.46995,"Satterlee Creek 3.02","Satterlee Creek 3.02","NAD83"
"27","BCVM.TUTCRE2.03",41.980927,-76.57009,"Tutelow Creek 2.03","Tutelow Creek 2.03","NAD83"
"28","BCVM.WOLCRE1.92",41.920029,-76.55004,"Wolcott Creek","Wolcott Creek","NAD83"
"29","GCWD.BIGMOORUN3.70",41.67988,-77.987692,"Big Moores Run 3.70","Big Moores Run 3.70","NAD83"
"30","GCWD.BORBRA0.39",41.6572,-77.959458,"Borie Branch 0.39","Borie Branch 0.39","NAD83"
"31","GCWD.EASFORSINCRE10.25",41.609215,-77.88983333,"East Fork Sinnemahong Creek 10.25","East Fork Sinnemahong Creek 10.25","NAD83"
"32","GCWD.EASFORSINCRE11.03",41.61528833,-77.87932361,"East Fork Sinnemahong Creek 11.03","East Fork Sinnemahong Creek 11.03","NAD83"
"33","GCWD.EASFORSINCRE12.53",41.62841306,-77.860145,NA,"East Fork Sinnemahong Creek 12.53","NAD83"
"34","GCWD.PRORUN2.55",41.65761333,-77.91459,"Prouty Run 2.55","Prouty Run 2.55","NAD83"
"35","GCWD.UNTFIRFORSINCRE0.24",41.63119833,-78.0052,"UNT First Fork Sinnemahong Creek 0.24","UNT First Fork Sinnemahong Creek 0.24","NAD83"
"36","GCWD.WILBOYRUN0.49",41.61465,-77.8958,"Wild Boy Run 0.49","Wild Boy Run 0.49","NAD83"
"37","MSWA.S1",40.04716,-77.52071,"RR Fayette St","RR Fayette St","NAD83"
"38","MSWA.S4",40.06169,-77.53258,"Bard Road/Old Mill Road Bridge","Bard Road/Old Mill Road Bridge","NAD83"
